period_days,time_minus_start_0.00000000,time_minus_start_15.14050490,time_minus_start_30.28100979,time_minus_start_45.42151469,time_minus_start_60.56201958,time_minus_start_75.70252448,time_minus_start_90.84302937,time_minus_start_105.98353427,time_minus_start_121.12403916,time_minus_start_136.26454406,time_minus_start_151.40504895,time_minus_start_166.54555385,time_minus_start_181.68605874,time_minus_start_196.82656364,time_minus_start_211.96706853,time_minus_start_227.10757343,time_minus_start_242.24807832,time_minus_start_257.38858322,time_minus_start_272.52908811,time_minus_start_287.66959301,time_minus_start_302.81009790,time_minus_start_317.95060280,time_minus_start_333.09110769,time_minus_start_348.23161259,time_minus_start_363.37211748,time_minus_start_378.51262238,time_minus_start_393.65312727,time_minus_start_408.79363217,time_minus_start_423.93413706,time_minus_start_439.07464196,time_minus_start_454.21514685,time_minus_start_469.35565175,time_minus_start_484.49615665,time_minus_start_499.63666154,time_minus_start_514.77716644,time_minus_start_529.91767133,time_minus_start_545.05817623,time_minus_start_560.19868112,time_minus_start_575.33918602,time_minus_start_590.47969091,time_minus_start_605.62019581,time_minus_start_620.76070070,time_minus_start_635.90120560,time_minus_start_651.04171049,time_minus_start_666.18221539,time_minus_start_681.32272028,time_minus_start_696.46322518,time_minus_start_711.60373007,time_minus_start_726.74423497,time_minus_start_741.88473986,time_minus_start_757.02524476,time_minus_start_772.16574965,time_minus_start_787.30625455,time_minus_start_802.44675944,time_minus_start_817.58726434,time_minus_start_832.72776923,time_minus_start_847.86827413,time_minus_start_863.00877902,time_minus_start_878.14928392,time_minus_start_893.28978881,time_minus_start_908.43029371,time_minus_start_923.57079860,time_minus_start_938.71130350,time_minus_start_953.85180839,time_minus_start_968.99231329,time_minus_start_984.13281818,time_minus_start_999.27332308,time_minus_start_1014.41382797,time_minus_start_1029.55433287,time_minus_start_1044.69483777,time_minus_start_1059.83534266,time_minus_start_1074.97584756,time_minus_start_1090.11635245,time_minus_start_1105.25685735,time_minus_start_1120.39736224,time_minus_start_1135.53786714,time_minus_start_1150.67837203,time_minus_start_1165.81887693,time_minus_start_1180.95938182,time_minus_start_1196.09988672,time_minus_start_1211.24039161,time_minus_start_1226.38089651,time_minus_start_1241.52140140,time_minus_start_1256.66190630,time_minus_start_1271.80241119,time_minus_start_1286.94291609,time_minus_start_1302.08342098,time_minus_start_1317.22392588,time_minus_start_1332.36443077,time_minus_start_1347.50493567,time_minus_start_1362.64544056,time_minus_start_1377.78594546,time_minus_start_1392.92645035,time_minus_start_1408.06695525,time_minus_start_1423.20746014,time_minus_start_1438.34796504,time_minus_start_1453.48846993,time_minus_start_1468.62897483,time_minus_start_1483.76947972,time_minus_start_1498.90998462
0.748811463825,,,,,,,,,,0.8631546856744253,0.6431656547099894,0.23020159365909584,0.1645113144036282,0.17294236860202408,0.19855814640088892,0.23303014842017386,0.2781312800292764,0.33882297749930407,0.4204355328621138,0.5255830226463365,0.6511515558092759,0.7871893960511561,0.9190292253463913,1.0317734087924004,1.1143086651667093,1.1606046854941898,1.168871100861933,1.1407347247643513,1.0811115588814655,0.9977225987069166,0.8996481183131417,0.7954878853817313,0.6918329319379652,0.5919507609012797,0.4942878370097779,0.4076121762936881,0.487768708544704,0.2712883454912763,,,,,,,,,,,,,,,,,,,,,,,,,,,,,,,,,,,,,,,,,,,,,,,,,0.47238669205893186,0.5615208309689714,0.4199842585955973,0.35030570789005633,0.29550540569916894,0.23965109787789352,0.18150256276818233,0.12385672486668174,0.07159210618035755,0.031029978851565103,0.008615093855731476,0.008616387399294543,0.03086749550191096,0.07025186861794966
0.750900198731067,,,,,,,,,,0.615579309259498,0.4927569792042476,0.1843415455505083,0.11307882303510533,0.09175976829042681,0.07684784978749745,0.06055632459895793,0.04520448647344368,0.037940588990574974,0.04807600265427476,0.08327392325963442,0.14478593089703629,0.2241242863143333,0.3042088652059217,0.36613942029539887,0.3984828088798231,0.4024244113636346,0.38846959058202196,0.36824313657334956,0.34878968602089905,0.3321211081849487,0.31747635950569164,0.3034702178043474,0.2893859291028932,0.2765983097360409,0.27402791823138645,0.3259528177602386,0.5917684822856614,0.32585267269989027,,,,,,,,,,,,,,,,,,,,,,,,,,,,,,,,,,,,,,,,,,,,,,,,,1.0590159923069133,1.1491266619400642,0.9005434685169036,0.8206439836414057,0.7889136166202291,0.7699159705276277,0.7578824270770157,0.7534615186391149,0.7580359191983661,0.7717741858932022,0.7924695170247431,0.8151860206886582,0.8332805808468311,0.840582295727919
0.7529889336371338,,,,,,,,,,0.35703956741443404,0.31289176452001344,0.15240415491499032,0.1239678524517877,0.11482269702995698,0.1064190272546458,0.09718362447872282,0.089528948437897,0.08878561880564499,0.10185449119997925,0.13447236997941459,0.18735398709054288,0.25290383994652194,0.3152045209973975,0.3552677766677593,0.36008195432052154,0.3294705573087017,0.2749124859936258,0.21175528291478693,0.15205862393239347,0.10230627100074613,0.06457740342931367,0.03843426477930017,0.02231748045101265,0.014659358149263703,0.0170837739705346,0.05847431634612621,0.32262124387852814,0.26428868017539536,,,,,,,,,,,,,,,,,,,,,,,,,,,,,,,,,,,,,,,,,,,,,,,,,3.3234868184885493,3.4353307170539007,3.203963949012625,3.2318787684542927,3.3189769144479917,3.4233438657670376,3.5305001591115603,3.625974292888323,3.689149946914717,3.693792386363686,3.61404790302074,3.4347531657619923,3.1607613985073595,2.8179376594534586
0.7550776685432008,,,,,,,,,0.00036416981715378725,0.15468167688557202,0.14628347739955547,0.13029277504537498,0.18728256664697146,0.23405246139981728,0.2776012131592498,0.3300590662884563,0.3963513402034649,0.4782787333252968,0.574924447784029,0.681885585770782,0.7908601956088361,0.8902402125898339,0.9668601582555857,1.0086486353433928,1.007603186962834,0.9622071245471143,0.8782346694113443,0.7672358351893032,0.6431494647340702,0.5187014422716536,0.40316257812350564,0.3017768382552869,0.21598363117327102,0.14282881179534335,0.0720423327409755,0.003196509171354164,0.1670160902164413,0.2869340922794034,,,,,,,,,,,,,,,,,,,,,,,,,,,,,,,,,,,,,,,,,,,,,,,,,2.9185922879566397,3.464790045205007,4.307653811280564,4.717851186128066,4.669928746458642,4.499852732147013,4.301874897799982,4.085949378068931,3.8431510340622337,3.5621270623306946,3.236830915061791,2.872286397356835,2.4861193821290004,2.103629507957957
0.7571664034492678,,,,,,,,,0.0006756900434477027,0.04618085003295569,0.02865609781482703,0.09568381684946514,0.2180068387233692,0.30350157733140926,0.3706372879872757,0.44275694057065834,0.5274684817106827,0.6261001762793194,0.7368967832968634,0.8555156928395182,0.975036971616953,1.0860355973070317,1.1769153491383728,1.234982999907817,1.2490435884793794,1.2134255965692184,1.1311548873088022,1.0133943983640972,0.8752698151867635,0.7311835940200556,0.5920810665353273,0.464742404723693,0.3517325330620916,0.24987579278558142,0.14520245736461135,0.03787552663474058,0.23481867115498894,0.37835468828058244,,,,,,,,,,,,,,,,,,,,,,,,,,,,,,,,,,,,,,,,,,,,,,,,,2.2172130592553363,2.980605153031654,4.817563994284975,6.1241253945207035,6.255545307790255,6.026499916326612,5.731698742579841,5.415852500118596,5.069823425934964,4.67555329473835,4.2206897556993255,3.708118614757243,3.1597625921115955,2.611080622281581
0.7592551383553346,,,,,,,,,0.0009687273557430944,0.025810533284854248,0.002472927532110568,0.09056151286257166,0.2279654962100213,0.3167039821352411,0.37648837579523825,0.4323929671691212,0.49120903260936233,0.5527705357060955,0.6143837404107393,0.6722334759302736,0.7223901668989964,0.7618642303558537,0.7891812108400997,0.8037516710528969,0.8042202247164378,0.7875349170046017,0.7504832698006666,0.6927054143048524,0.6181373107837913,0.5336616111082031,0.44654887081613787,0.36252212381560533,0.28477147191784624,0.21275212562560875,0.13944813345592819,0.07289354227144151,0.26319613313537316,0.30598677319235,,,,,,,,,,,,,,,,,,,,,,,,,,,,,,,,,,,,,,,,,,,,,,,,,0.9576505266476883,1.8747928940196783,4.647492794667691,8.551733059670237,10.313670576430914,10.571029659892167,10.331785392133884,9.858982813174501,9.188336490051814,8.320665297066645,7.2758657695867095,6.111550681561913,4.918952292884763,3.7978989691700367
0.7613438732614016,,,,,,,,,0.0016725050474396023,0.04263842596915229,0.026756969925493944,0.0937761278740021,0.19989553942591232,0.25660163009726583,0.27972871733608773,0.28836504695388104,0.2864350197432233,0.2733813324209727,0.2485445749777607,0.21275761548569952,0.16930134861109838,0.12451191540656435,0.08738484385181657,0.06713925398022434,0.06879537362826972,0.08951669424973485,0.11954664698779392,0.14766610084250612,0.16639774381496156,0.1733499815737746,0.16957035654075986,0.15742153588976573,0.13914404940965946,0.1155890233659357,0.08437030596420461,0.05822772991079474,0.25266668557199984,0.29243664893452637,,,,,,,,,,,,,,,,,,,,,,,,,,,,,,,,,,,,,,,,,,,,,,,,,0.39228269116544123,1.0144505175146759,2.3129831372371155,3.5173048876762554,3.8845764750209675,3.864621491050929,3.721452601087358,3.515255230209746,3.2537434058457984,2.9364619949425177,2.5680385899205693,2.1639031250996372,1.7502058900361515,1.3574108299886969
0.7634326081674686,,,,,,,,,0.002470365477749733,0.058911082158382026,0.04975988725808407,0.08376994890031729,0.14703582836861606,0.17247185216244484,0.17162297125816106,0.15846346223827554,0.1377653535692637,0.11251767436205512,0.08612954402276746,0.062104385657766235,0.04300596863812964,0.029722011962318433,0.021700166790670106,0.0181694561085176,0.019405111775034737,0.026658397585290997,0.04048381509534577,0.05912101186491103,0.07867573116158248,0.09481005421441836,0.10438009090084734,0.10604821673452858,0.0997831631444945,0.08511684681035038,0.05799314914321604,0.02759345682028981,0.20501504207536,0.29083060354760304,,,,,,,,,,,,,,,,,,,,,,,,,,,,,,,,,,,,,,,,,,,,,,,,,0.3158258010750772,0.7355554515133915,1.4248994498938659,1.8914397429452166,1.961398065898819,1.8791992245862374,1.7453793188538504,1.5820414293128953,1.3940907907030493,1.1856838096656097,0.9650225111514759,0.7452460801351054,0.5420199674013355,0.3688869948900582
0.7655213430735355,,,,,,,,,0.0028903341514058415,0.06066223306762592,0.05612160664858311,0.07159806267020252,0.11767344958947412,0.1410745579690478,0.14594167633215413,0.14098214746803844,0.1286879138708335,0.11010813348566258,0.0867597693319581,0.061023364257161906,0.03611369990638488,0.016017537929229057,0.005396151687343362,0.00892973025837618,0.029390783807890022,0.06492668478130358,0.10803367602329322,0.1482079501306257,0.1765853605439352,0.18897021671275088,0.1858341979670454,0.17044023546870207,0.14649431285199985,0.11534891434731523,0.07187123921459294,0.019248703468666976,0.15036451852000893,0.23335820050777598,,,,,,,,,,,,,,,,,,,,,,,,,,,,,,,,,,,,,,,,,,,,,,,,,0.4829108707690166,0.6003308926341248,1.1757353743861543,1.8103243500756026,2.0634625238714532,2.1083072852852633,2.075150758167649,1.996628175438454,1.8768459139560125,1.7159593814581897,1.5183328344093123,1.2957074117251697,1.0662950905926654,0.8499679241045835
0.7676100779796025,,,,,,,,,0.002526795724507978,0.0464685167759467,0.04953688643741445,0.05814285964178516,0.09864325077369761,0.13416502075713252,0.16281736035835107,0.18927670080593265,0.214093259117179,0.2357295755392959,0.2520655406799984,0.26148156777824,0.2640217051108283,0.26239419100870537,0.26194934209297605,0.26859517458948284,0.2847480520687506,0.3060214053345863,0.3224807453705956,0.3244843510006085,0.30810643181695563,0.2759994580088227,0.2345072496851116,0.190158461061448,0.14728359189552273,0.10620504757536241,0.06055934973940002,0.012964606317380653,0.15529997492579753,0.24438930918843385,,,,,,,,,,,,,,,,,,,,,,,,,,,,,,,,,,,,,,,,,,,,,,,,,1.1470297722201848,0.6081586390901941,0.7898747741797055,1.4902387829318062,2.0883785403722097,2.4430798051542975,2.6940351083141474,2.9015019726551783,3.064956078125655,3.162284918685757,3.1687347702145927,3.070185963151796,2.872238966054208,2.6006071527537156
0.7696988128856694,,,,,,,,,0.001286830127362767,0.022608144868626955,0.038369311896346826,0.04334970916928677,0.06871243311947717,0.10043820710041203,0.13694230684982853,0.18192883964639195,0.23795752076440255,0.3060739527851374,0.38535735669122295,0.4721357680226278,0.5593409054751135,0.6364195383224052,0.6902486893894189,0.7077193151014204,0.6803891224021066,0.60962540320258,0.5081368337296663,0.3952475757242262,0.2889439398051928,0.20038847629383336,0.13320000662718567,0.08573241808901669,0.05372726575799368,0.03173090667934386,0.013344862904656142,0.011986524942627485,0.25814787940341377,0.3855696686468819,,,,,,,,,,,,,,,,,,,,,,,,,,,,,,,,,,,,,,,,,,,,,,,,,3.0894408115635392,1.4601448036124058,0.8895967407597161,0.8295248427914983,0.8201841010976412,0.7841745353302023,0.7315740364912817,0.6698710942240853,0.6032224035360134,0.5362622260801586,0.47514532489761907,0.42682087890632353,0.39713023316206497,0.3888280079578013
0.7717875477917364,,,,,,,,,0.00016465879713961629,0.010329902532228792,0.04977212790291478,0.06453591786383336,0.08777912558023866,0.1135909084914859,0.1433316675022252,0.18123143767879993,0.23063253126138486,0.29426494514260254,0.3736316343054605,0.46746128222972827,0.5695889388330093,0.6670369543682191,0.7399641552383783,0.7659489273258984,0.7296477645207606,0.63332177484386,0.4988035946865745,0.3569504817211988,0.23305302648374732,0.13928845148610863,0.07619057069678874,0.038051434873101225,0.017694598365342235,0.009372421304515247,0.012362182566696689,0.06853328587278973,0.5242542574631015,0.634300904986898,,,,,,,,,,,,,,,,,,,,,,,,,,,,,,,,,,,,,,,,,,,,,,,,,6.433195956944412,3.4865275711312087,2.282703201627845,2.0651425421430303,1.9899011708174854,1.9064225694902326,1.7906047990970553,1.6365144562779455,1.4436992990994082,1.2173701904321523,0.9699847235996341,0.7208211836288738,0.49197270005805577,0.301976377715468
0.7738762826978033,,,,,,,,,0.000489301376362205,0.026492461904563315,0.09631617735322043,0.11628002757486565,0.13332124406956425,0.13846301387909757,0.13750044386502733,0.13558893711487371,0.13574933227820438,0.14176204960497615,0.15895183177211303,0.19376675821673608,0.2521731536515408,0.33659994109198105,0.4417654443866337,0.551458475092684,0.6403281885126064,0.6833064048998956,0.6681732536550331,0.6012957962198425,0.5022191632938587,0.39312852971856577,0.29113946082561787,0.2059946282820719,0.1415993826887949,0.09961990256357754,0.08722385559694053,0.17127431285395006,0.7851626490950522,0.7467794801631849,,,,,,,,,,,,,,,,,,,,,,,,,,,,,,,,,,,,,,,,,,,,,,,,,3.3099106417038344,2.2790730720730585,2.001395905989034,2.188795947521312,2.254771293472776,2.2327590926718197,2.1651468957606537,2.05952939563249,1.91399740263685,1.7269421919033077,1.5021169350728012,1.2515039780315935,0.994494230766655,0.7528862023875666
0.7759650176038703,,,,,,,,,0.002885224131412475,0.07254277231998668,0.17188906568886933,0.1797210719712233,0.17740015060565928,0.15030918703831372,0.11243753215527308,0.07317486898683705,0.03830140481911066,0.014684537315116045,0.011012722019496947,0.03701891645064301,0.10140819535088362,0.20811645240238294,0.3511636835206469,0.5104034985225213,0.6530244436973379,0.7445236205267154,0.7646809792146949,0.7164732105751984,0.6211801829289073,0.5057256729522348,0.39230426999854295,0.2944706025418321,0.21810460173364965,0.16420261794683383,0.13244763852897534,0.1634894157563657,0.6625165807085776,0.7410102595603809,,,,,,,,,,,,,,,,,,,,,,,,,,,,,,,,,,,,,,,,,,,,,,,,,0.7616912366949395,0.7118163547096232,0.8610705793727316,1.136063550661341,1.3046580962926129,1.4195261421072447,1.5176381383339366,1.6022388728155161,1.6634017923028814,1.6863850572874306,1.6573558821262757,1.5696042302002005,1.4282019903324088,1.2497691489307656
0.7780537525099372,,,,,,,,,0.008366975217376596,0.1512208396662946,0.2957719222617131,0.33431095598496713,0.37993693437442916,0.37612199083736214,0.3510867010112263,0.3284254651345769,0.3195764214317318,0.3338551531666821,0.379868622184729,0.46342346364392356,0.5839494321710504,0.730668133994924,0.8806949463631597,1.0022900345922103,1.065171456256607,1.0541584201951775,0.9764960359219932,0.8564354110124176,0.7220866323444002,0.5949018571091736,0.48643131914027166,0.4001029623751831,0.3340305161983243,0.28134627541838697,0.22409995996249607,0.15981904447564382,0.45992770391397536,0.6372032412417687,,,,,,,,,,,,,,,,,,,,,,,,,,,,,,,,,,,,,,,,,,,,,,,,,0.28919835194539156,0.21108299259803673,0.3071366605248093,0.4694088021547782,0.6005880305758157,0.7251975677835162,0.8633257937600582,1.0187678339015187,1.1851266126783244,1.3476881131912468,1.4854396488258352,1.5761896561260142,1.6042068501988365,1.5664197429899709
0.7801424874160041,,,,,,,,,0.017082063025342983,0.25050289591238073,0.4544198449231869,0.6007524534543888,0.8098669978139648,0.9136965199818132,0.9587162810338089,0.9979753594358027,1.0481112467778764,1.1128555382999994,1.19003604502452,1.2718291699081057,1.3444815415916616,1.3900751291359608,1.3914678554482918,1.3393946649420463,1.2379187647620715,1.1037366029101063,0.9588496079607216,0.8217963033609466,0.7031440003786738,0.6060515059147509,0.5290462659534007,0.46840870831533576,0.4187996360376679,0.36980668115435383,0.29280800492465653,0.16070422286306077,0.3165562882538055,0.5002494627641912,,,,,,,,,,,,,,,,,,,,,,,,,,,,,,,,,,,,,,,,,,,,,,,,,0.18902957599630518,0.02718787726629927,0.07731079915695037,0.18576267712117797,0.2864151948822884,0.39424648659529027,0.524598443344568,0.6834396304780249,0.8691192444379392,1.0717563747244219,1.2728669154585455,1.4481549675953729,1.5742050371299907,1.6362893187781584
0.7822312223220711,,,,,,,,,0.028631200139586678,0.3569799632947416,0.5886814467473506,0.8138791444746075,1.142182775741432,1.283142125151401,1.3049105251278916,1.2914061561847585,1.265782836878117,1.232183734505714,1.1898236140591767,1.1354757695040778,1.064321020763355,0.9721358852717623,0.8590628080548711,0.7327502211645784,0.6073914897283191,0.4977159239831032,0.41215955536492727,0.35079781052187287,0.3085186709728543,0.2792778878256075,0.2583012558512711,0.2421740828389763,0.2275895768253884,0.20767103046666147,0.1620975230267958,0.07506191624227966,0.23520366910562523,0.4066376070486164,,,,,,,,,,,,,,,,,,,,,,,,,,,,,,,,,,,,,,,,,,,,,,,,,0.21887939478712204,0.040400607156591474,0.08297516434256186,0.19891313711976613,0.3085933461093362,0.42387133371664026,0.5592689058221076,0.7197693116387543,0.9026705347536114,1.0976131978715915,1.2869063153302702,1.4486505620557133,1.5629392465690517,1.6183848812307429
0.7843199572281381,,,,,,,,,0.04420467361907897,0.47005293543622767,0.6243006846805736,0.7666391170034408,1.0031085520559844,1.0308109665912837,0.9391366430880481,0.8135999201030477,0.6808785017116626,0.5537711439106093,0.44308688872139246,0.3574450889187111,0.30061346152617596,0.26959085898214297,0.2553199640768907,0.24649571131684836,0.23463001322316185,0.2170454096861752,0.1959241639727679,0.17498584317766985,0.15684609746632358,0.1423405498205342,0.13104655569290666,0.12186011049719717,0.11278497950319137,0.09846737916303429,0.06316377319501217,0.002570134493735026,0.20810323522591376,0.4431196093286518,,,,,,,,,,,,,,,,,,,,,,,,,,,,,,,,,,,,,,,,,,,,,,,,,0.21816955857397974,0.10945611498157923,0.1727163637318748,0.31488470743286257,0.43478821582160326,0.5434317130673505,0.6561287624413855,0.7747335255656767,0.8924421986202221,0.9968201310620299,1.072970811357028,1.108407225374125,1.0982808747163657,1.0478323687645903
0.786408692134205,,,,,,,,,0.06300682123255048,0.5809379395111502,0.6001703812537427,0.7216047530353707,1.052649525772806,1.1224409986486361,1.0205380566995925,0.8660879648251757,0.6957566225569697,0.5241259224934798,0.3635921863812085,0.227172834556073,0.12698404652309317,0.07135104815870207,0.06175463599789334,0.09096716200142609,0.14394830375812412,0.20224233882612364,0.25020927313461044,0.27939788563661105,0.2887251578602507,0.28165480289190536,0.26308178604127247,0.23732504386203984,0.2067350042379116,0.1687999745598432,0.10942039056600042,0.03188681914752997,0.2644945673318827,0.5209604126702407,,,,,,,,,,,,,,,,,,,,,,,,,,,,,,,,,,,,,,,,,,,,,,,,,0.23211114640632613,0.13574857257220427,0.2931258596995048,0.5303588052003833,0.687647546298392,0.7908816113163112,0.8686545019472086,0.9240723220712103,0.9499965563546443,0.9378518152767371,0.8831123490646776,0.7891618715076709,0.6681563232459232,0.5378176472598792
0.7884974270402719,,,,,,,,,0.08719862805317564,0.7262460312153458,0.6356723969005824,0.8637460479922621,1.638554243305909,2.063620191722547,2.1513588399608086,2.13177729747748,2.0812067797856773,2.0154607852833597,1.9360043966548515,1.841450478145715,1.7311749722433254,1.60744418093061,1.4762350384733427,1.3456223591653145,1.221814448905414,1.1055451603186957,0.9923684657792565,0.8769650713752887,0.7574760427780234,0.6365200037707338,0.5192912911456087,0.41094482746834826,0.3145050355166512,0.22872673361745055,0.14581246544530863,0.08594608496975273,0.36549758403816845,0.552747621524431,,,,,,,,,,,,,,,,,,,,,,,,,,,,,,,,,,,,,,,,,,,,,,,,0.0006151299452914123,0.2606984784921786,0.18638623218704825,0.46892768271627644,0.7700582253132596,0.9211535191063658,0.9872310237174119,1.0104944536017864,0.9985130854454382,0.9491139306285177,0.8610242877381279,0.7384756382471308,0.5927817866984021,0.4406479262958916,0.2996403023003102
0.7905861619463389,,,,,,,,,0.1299615207992367,0.9944064144841238,0.7665943755782709,0.7719812181337489,1.295299164237724,1.5835126641737114,1.667890951912387,1.7085662471951557,1.7605684616447677,1.839355848761642,1.9479144554447114,2.080957981594229,2.2244261785181108,2.3555170219863477,2.445192328397032,2.464186043880066,2.392056519277411,2.2258137473769413,1.9824517200985499,1.6926745699171415,1.3898661977416136,1.1011604375042638,0.8438891635116703,0.6262810928381078,0.4500018404334522,0.31316045388828195,0.21571545755676674,0.19415227569556848,0.49015654869666847,0.5062313963094517,,,,,,,,,,,,,,,,,,,,,,,,,,,,,,,,,,,,,,,,,,,,,,,,0.008327499979145713,0.2907215332492686,0.25821103817159535,0.5630478656218145,0.7955583766209199,0.8941302048507898,0.9328195687299577,0.9415095904946349,0.9239522270462542,0.8773169429215179,0.7995790881773907,0.6930985436888053,0.5662255312069613,0.43232401063958437,0.3062348749112886
0.7926748968524058,,,,,,,,,0.21048728848459117,1.4675047681816298,0.9882754062128406,0.5816009437646206,0.6942748270523779,0.7332643022251456,0.7015489531887757,0.6669953733045245,0.6591505258377991,0.6969486365356621,0.795692144545679,0.964416236909581,1.2012831621661764,1.4896117509683688,1.7962212644634656,2.0740425651436873,2.2711635219510904,2.3460351312003804,2.282581504714107,2.0956408947369436,1.8231251780901314,1.5109366180726287,1.1995715551543267,0.9171848984434463,0.6790832435050601,0.491837680656173,0.3628151632084645,0.33394370167791176,0.5838416193225291,0.4968606106941742,,,,,,,,,,,,,,,,,,,,,,,,,,,,,,,,,,,,,,,,,,,,,,,,0.01386973691219397,0.21646751991241003,0.2952455475307029,0.5671244298240256,0.7152079583656539,0.7670895584803752,0.785291832067907,0.7892845091171939,0.7813055885983773,0.7589544231381895,0.7193683053726506,0.6614478443911723,0.587413169397302,0.5031839706869882,0.4170943977636177
0.7947636317584728,,,,,,,,,0.33903169942799066,2.131429705118789,1.2607152109467625,0.4588380791794585,0.3936088570926058,0.35596912194501323,0.2755036183261245,0.1833365390533159,0.09979168683436353,0.0455095626083955,0.04582778821910836,0.1290096855539956,0.32064597003307105,0.6337494387552927,1.0548948951491313,1.531517911096168,1.9727573569296488,2.2760085310697824,2.372070833354477,2.257372154465901,1.9876762745193535,1.6428092207135891,1.2922831088737616,0.9797732462356855,0.7247401024670767,0.5324390003265702,0.40892131642029705,0.3978610046575639,0.6693473758743349,0.5578397902671152,,,,,,,,,,,,,,,,,,,,,,,,,,,,,,,,,,,,,,,,,,,,,,,,0.006113459795997317,0.10810732833333075,0.40707952472809705,0.6466394392349439,0.7239677064582674,0.7314703669452816,0.7181309841652369,0.6972743614375384,0.6718214975531371,0.6420976516813384,0.6078736698434256,0.5691475533529926,0.5266384746070553,0.4819997716467073,0.43760536760337565
0.7968523666645397,,,,,,,,,0.48344817072610036,2.9296352243382873,1.6393435737874227,0.41248884748318165,0.31195162559140843,0.3434301828271989,0.33735219921772075,0.3169833953314201,0.3032775316882057,0.313523538296809,0.367571053771637,0.4880805290775577,0.6964088235160475,1.003804641170904,1.398421480260792,1.833384778951429,2.2277057483997096,2.4906385898586425,2.5619188769699734,2.439533097725941,2.1736005331854766,1.8356348301210867,1.4888182566449741,1.1743388321829542,0.9127208652977996,0.7140014083607139,0.5974367344866853,0.6464995585231951,1.1064607538868154,0.834178426177937,,,,,,,,,,,,,,,,,,,,,,,,,,,,,,,,,,,,,,,,,,,,,,,,0.007341796032645763,0.34668936865433886,0.6968293503817466,0.7276204545670852,0.6903214014194382,0.6440581852830142,0.5933959310181207,0.5387371106695418,0.48116082839857083,0.4225569100874181,0.36555882217741653,0.3132930121514485,0.2687910971485786,0.23419351715711287,0.21014293922170454
0.7989411015706067,,,,,,,,,0.5084699654603034,3.1723859787133115,1.8269440654622815,0.4049117024102961,0.3044852256858314,0.40647082763801506,0.48480671528384356,0.5587097096547956,0.6483675283882941,0.7647464154796693,0.9158496913786506,1.1076238516030155,1.3418491880774095,1.6122094539505472,1.8998177312614535,2.17123256236396,2.3834124863649535,2.497234679252141,2.493266168612596,2.378702384322491,2.1810735787638755,1.9352747828919719,1.6729497556839206,1.417983492048451,1.1875610361377082,0.9991910179185558,0.8925315671354019,1.0052259824576868,1.681494440986973,1.1860054455209734,,,,,,,,,,,,,,,,,,,,,,,,,,,,,,,,,,,,,,,,,,,,,,,,0.03359996776308993,0.9006761283880544,1.041581553513727,0.8257909805074035,0.6989703826841092,0.6093023376742553,0.524719423245339,0.43737154636511755,0.3474440890707262,0.258284767937135,0.17514917821826476,0.10432522497956058,0.051710579529094546,0.021050673679134404,0.01270489726493175
0.8010298364766736,,,,,,,,,0.4198079125264603,2.582636727909631,1.5049789880009659,0.31667043613574336,0.19746150433470383,0.25420554399528167,0.31526568343838113,0.39174214818945424,0.4977937804272541,0.6409530964264161,0.8227249002722625,1.0366452494975047,1.2668712439272813,1.4894831140896692,1.677271548720111,1.8069770534351066,1.8661260599582898,1.8559258148386266,1.7885088299153846,1.6806002415777204,1.5478455510085227,1.402329115649157,1.252796734963131,1.1060618202085284,0.9692723212465115,0.8556915354590924,0.805089470907876,0.9631929172039495,1.7354981921188752,1.425483312961933,,,,,,,,,,,,,,,,,,,,,,,,,,,,,,,,,,,,,,,,,,,,,,,,0.08334201437714021,1.6980627355271505,1.7536065785601114,1.3544971412555515,1.1641596849531355,1.0487208487238628,0.9448655925911411,0.8358047114285296,0.7191646205199084,0.5978045700648331,0.47771863104590034,0.3671270593932888,0.27491123850499705,0.2082725001573505,0.17060018668338495
0.8031185713827406,,,,,,,,,0.35228134685445084,2.018124802959245,1.1244952646224977,0.1797206608299571,0.03514374977281411,0.03151930496435558,0.0487065812804371,0.08967068311450577,0.16322129912152983,0.2745920451350049,0.42173745515840677,0.5913657330785825,0.7581662189143509,0.8901648566212682,0.9601533409867745,0.9582090644085481,0.8970182871916017,0.8048344127842274,0.7103525709419374,0.6306453813409033,0.5692156435909501,0.521516130406393,0.4813218532056192,0.44441654753932974,0.4101677552555826,0.38413959143713006,0.38977589566071386,0.5229776885338636,1.1051751205111686,1.0726395652460565,,,,,,,,,,,,,,,,,,,,,,,,,,,,,,,,,,,,,,,,,,,,,,,,0.13635458044861049,3.0512273265751837,3.6229812882530075,3.1462630312021775,2.987009992806664,2.966665324322353,2.972575930261746,2.96714855222148,2.9362738013195986,2.8726028610073615,2.7724394351173816,2.636780354537026,2.4726936278024048,2.2928978788214476,2.1128857710715963
0.8052073062888075,,,,,,,,,0.35906681283927566,1.9115744542511826,1.072875787796243,0.2163684657678885,0.08744838735473379,0.09419444218888615,0.12177332048059138,0.16845439681512273,0.23875782144805252,0.33355861001883297,0.4471043947190973,0.5643041907172278,0.6608894702017861,0.7088703819093827,0.6873423886475836,0.5942833647080634,0.4512930992960262,0.29544504567766083,0.1620712291337803,0.07065402021349457,0.02246346391757099,0.007490769024249022,0.01284759530859015,0.02784411693360793,0.0455652081916439,0.06276532853349406,0.08123401216986215,0.13188886633232266,0.4152344900629472,0.5273369011261038,,,,,,,,,,,,,,,,,,,,,,,,,,,,,,,,,,,,,,,,,,,,,,,,0.2051394589189561,5.5736069959036465,6.835210865920111,6.242824366670674,6.4334827446083525,6.999033588013285,7.704213723178965,8.461555316227898,9.219174060980245,9.921753534707616,10.502360766644589,10.890204013559208,11.028665913772222,10.8950713387182,10.510451533239108
0.8072960411948744,,,,,,,,,0.47997721997401077,2.5331544451309274,1.6826144502518587,0.6155569808356035,0.4208679744098899,0.4087700164671011,0.4197758628113478,0.43705193584648117,0.45995693302535184,0.48989945693007836,0.5288594526487612,0.5783949329722157,0.6380967063490283,0.7034708860629157,0.7643043736105708,0.8057207109457039,0.8135410509096898,0.7818560994020278,0.716934077040167,0.6337012159744374,0.5479762296622169,0.4706468492872963,0.4063319109504604,0.3547931674852535,0.3121854009014696,0.2691553786560258,0.20201145150709093,0.07725048560188649,0.037683867685308715,0.17387565747842393,,,,,,,,,,,,,,,,,,,,,,,,,,,,,,,,,,,,,,,,,,,,,,,,0.4692217940644587,7.950184968547559,6.930681879604997,5.583424581605032,5.657702987012698,6.257092563229772,7.066702611481839,7.986985993025946,8.967319873414814,9.953667747983419,10.873852200813307,11.640932307737696,12.170109193240638,12.402505912422685,12.323542859100678
0.8093847761009414,,,,,,,,,0.6829141928290374,3.5124500625067627,2.563243421359653,1.1014467558379524,0.6986767997305109,0.5356019898156511,0.41117028335948863,0.2962726333214736,0.1940962832969783,0.11643477422078317,0.07676802897775219,0.08655043891634603,0.15305263003213623,0.2785804431077045,0.4602355227748224,0.6886532657307742,0.9455265553348849,1.2030092381724449,1.428834154068794,1.5960236044703449,1.6908052152588735,1.713917351514598,1.6762605446423091,1.592576896951083,1.4747772938076227,1.3212072446045307,1.0907717030485036,0.6881186678184379,0.20963454315777974,0.06820309973684607,,,,,,,,,,,,,,,,,,,,,,,,,,,,,,,,,,,,,,,,,,,,,,,,0.7547235564089744,5.787389754433932,3.944442815552707,3.007200044448406,2.9797942322228494,3.2305708568773692,3.5774156998535775,3.9647191248426976,4.365893582693698,4.756406002379842,5.107345983459524,5.3874129601182625,5.569742486144411,5.640063886022879,5.601513552811771
0.8114735110070084,,,,,,,,,0.5451516188981894,3.0287995266183763,2.5076416964015666,1.2529013372061844,0.8292237266162339,0.6097784210832004,0.4380429970216075,0.29093049082736133,0.17779696592610036,0.12171579120581513,0.1528140503595623,0.3037551795544441,0.6043504251863863,1.0739377392946106,1.711219744629131,2.4836197434475134,3.3225674033811288,4.133297969353816,4.820443701170315,5.316568678498051,5.596421781404393,5.67199386105938,5.577241847466087,5.353133635345582,5.036945967439446,4.651539055630467,4.182624797279195,3.583239204313236,2.976643906222306,1.342569323777808,,,,,,,,,,,,,,,,,,,,,,,,,,,,,,,,,,,,,,,,,,,,,,,,0.29829577043303535,2.0180252604406146,1.536694672409652,1.3071779267419497,1.3428716489970183,1.4636309669216667,1.6186092880155873,1.7922938624947196,1.9764456268139274,2.1622945957287385,2.33865245434513,2.4926977337050484,2.612578572685025,2.690743672373487,2.726253727292811
0.8135622459130752,,,,,,,,,0.2996159084792557,1.9932719230857145,2.164439082644366,1.5527533339528408,1.4208121603494295,1.3619296652776247,1.3102928650953134,1.2862878729340732,1.3110368366287872,1.4081585394088372,1.6039157072050563,1.924481264594902,2.391835422813847,3.0181721358462315,3.798345736869795,4.7012718090296675,5.664986568630649,6.6029682611092415,7.424425446298067,8.059190690421545,8.47235046820917,8.66278225626564,8.652071087014425,8.473747796033232,8.17054260325327,7.811373243664778,7.569726728474798,7.9972231691814,9.815679988742419,4.780503560425578,,,,,,,,,,,,,,,,,,,,,,,,,,,,,,,,,,,,,,,,,,,,,,,,0.03191342934479928,0.22727248797166333,0.3145623091512736,0.34516391150606046,0.3647268680123234,0.3833576005696957,0.4060314600318788,0.4360159542175237,0.4754526521312685,0.5255298286775092,0.5862655012529241,0.656198467349719,0.7323619634819544,0.8107989542908124,0.8875359955292706
0.8156509808191422,,,,,,,,,0.1988480288828847,1.226102042725319,1.5829006112651989,1.6794461967373076,2.125582892932487,2.377190806161551,2.439697954255644,2.4451617860510764,2.442166989100252,2.444193226329678,2.456321895679737,2.4830040955848767,2.53151256052889,2.6140339852231116,2.7468834319821407,2.944685375012928,3.210316100173705,3.5265900208835768,3.857354683397179,4.159081544509231,4.395030930053978,4.5433001056651845,4.597159490824107,4.5622372805003915,4.457840483379769,4.337278984783138,4.378183840876794,5.224253932280531,8.324627812755509,5.938352569959717,,,,,,,,,,,,,,,,,,,,,,,,,,,,,,,,,,,,,,,,,,,,,,,,0.06558758257554434,0.5132168037347892,0.3813523523460049,0.2403811076245473,0.17774680041415264,0.13568249229481172,0.09951982711487567,0.06844013830017817,0.04555234430297634,0.03541915164671057,0.04290726618007952,0.07192945794788297,0.12406646152992093,0.19765993975174506,0.2879935873415459
0.8177397157252092,,,,,,,,,0.2487479351440968,1.1392854436324078,1.0659347905463108,1.207729844772689,1.816294385523095,2.087302279018922,2.0310294597473972,1.85549207971782,1.6355039782280365,1.3918779874484943,1.1355795256455345,0.8799678043969494,0.6451403224364638,0.4596602550194481,0.35842369560736115,0.3742125531356155,0.5235828929466867,0.7942314184919183,1.1441921054326427,1.515895852611975,1.855866863719459,2.127879442997105,2.3156390668451943,2.4195688914339524,2.4557961348577253,2.471075065078956,2.6166024773492698,3.443119831230588,6.423781614698548,5.9234573513279045,,,,,,,,,,,,,,,,,,,,,,,,,,,,,,,,,,,,,,,,,,,,,,,,0.17808165330552447,1.480530975681633,1.3341874848662945,1.0342200559778536,0.94627927561987,0.9340667368911437,0.9463839007357767,0.9694619401733061,1.0001845925704314,1.0379518602141047,1.0821131622350877,1.1310902575306299,1.1822818417229155,1.232554412877008,1.279065285609814
0.8198284506312761,,,,,,,,,0.35275581275008805,1.3873692948166045,0.8152918410186497,0.7169169902958502,1.2966445999697531,1.566865477856273,1.4883184245600218,1.2897050612606007,1.0611788909594349,0.8314413986952699,0.6152886621717061,0.4248452526230444,0.27146932470467244,0.16597043891530652,0.11830085965327214,0.13594266787605025,0.2203023739097231,0.3625804185683966,0.542851783196937,0.7346982528616399,0.9129876707389251,1.0599408132908983,1.1670895271600337,1.234622429058845,1.2723496025189427,1.311723792879241,1.4612761955322184,2.1371767516003737,4.559696741140316,4.711096445177985,,,,,,,,,,,,,,,,,,,,,,,,,,,,,,,,,,,,,,,,,,,,,,,,0.21233485187906043,2.2083090783812014,2.7961750760457758,2.7594112170614196,2.7814824625926655,2.8234115997066773,2.8719443329639627,2.9200351749542914,2.9617290363885598,2.9909825423007135,3.0011346509936594,2.985735525698025,2.9404101117414774,2.8647527041782364,2.763036912196192
0.821917185537343,,,,,,,,,0.3352428169150323,1.235827709169045,0.4734170230369109,0.3662012918755802,1.0578252243670498,1.4652826895590385,1.4638201713234613,1.311556307132745,1.12274520902392,0.9326281170903782,0.7551239824189903,0.5977440873913558,0.46461991695575966,0.3579440487046831,0.2798632604705417,0.23381555164642331,0.22344487122695153,0.24897154768356927,0.30397679007669215,0.3760023501840955,0.4508104224798047,0.5169333354809793,0.5678547822242462,0.6019029965813952,0.6218326745987018,0.6380759402017815,0.6910616529812408,0.9805231717915859,2.254701945780148,2.5753848725726205,,,,,,,,,,,,,,,,,,,,,,,,,,,,,,,,,,,,,,,,,,,,,,,,0.21620131311852864,3.477984414126517,5.397298191642017,5.240432965327434,4.935159223500534,4.720803811950745,4.550516415516824,4.388086686165164,4.21599501485936,4.02411112833629,3.805921514869785,3.5591180803352103,3.2871821890428476,2.9997217683929445,2.7105359071227464
0.82400592044341,,,,,,,,,0.27751662976669406,0.8930645564785065,0.15489669656530405,0.2008472064348816,1.0547710794934324,1.6260674913352051,1.7149027752608852,1.6046731499428224,1.4316875170902224,1.2352183092982478,1.0277378149566307,0.8165973302470996,0.6106718955954471,0.42356097165666656,0.27455413781112836,0.18548622174064047,0.1725867696746606,0.2368155590509098,0.3599132199151185,0.5104592993650603,0.6559703237497073,0.7728446295935923,0.8496159537442123,0.8844229249697102,0.8790724213759791,0.8293100780492108,0.7086871834911721,0.48323493782476934,0.3311030587498011,0.3081849470358494,,,,,,,,,,,,,,,,,,,,,,,,,,,,,,,,,,,,,,,,,,,,,,,,0.3821020706974193,3.950790034748793,4.100307217039986,3.4377862680879554,3.0676411176373652,2.8205739422252845,2.616051712551017,2.4254584867502107,2.2380574110603404,2.0494007945733563,1.8584200069022918,1.6671095464457153,1.480338310216494,1.3048247527413908,1.1473046799125977
0.826094655349477,,,,,,,,,0.3450085235673882,1.0918796895895895,0.29252385101873474,0.29177476722114404,1.2384518158968219,1.9802396561446296,2.2150964780348064,2.2267173077183875,2.172544247600194,2.1026652131909973,2.0349818189330864,1.979782604318432,1.9458720647724936,1.941767747293471,1.9748473110274123,2.048405141449635,2.157112820047742,2.2838505307239503,2.4020198657455114,2.4838844782360905,2.50995588274278,2.473636632980591,2.3796941720398914,2.238781916474463,2.0594786625577703,1.8342170912881648,1.5102855968749593,0.993468610866943,0.4370168914056267,0.2069690369761696,,,,,,,,,,,,,,,,,,,,,,,,,,,,,,,,,,,,,,,,,,,,,,,,0.1834378944746748,0.9888692115925749,1.2822039335199746,1.5169233343261197,1.560148548649125,1.4691495175280955,1.3356900419307063,1.190482134571661,1.0416112662059207,0.8928059825717553,0.7482447433436636,0.6134062097068104,0.4944160006582795,0.39661496912753563,0.3230815735473319
0.8281833902555439,,,,,,,,,0.5250549892029674,1.7972456072230827,0.8334929337885831,0.4971614149698326,1.2219308462056808,1.8169412760097212,1.9880229322604497,1.9670074532416804,1.888240161643077,1.8008880351903243,1.7300456012608765,1.6961484898489148,1.7180282095681287,1.8106821673183158,1.9808333562994214,2.221832233345934,2.5103433462013958,2.8082304156829476,3.071341566935483,3.2619792332330277,3.358379363546711,3.3568811930403113,3.267776283492308,3.1083707788396753,2.895138632562225,2.632445045190766,2.294139846246288,1.8664095274152692,1.6727819664623087,1.2012698495097325,,,,,,,,,,,,,,,,,,,,,,,,,,,,,,,,,,,,,,,,,,,,,,,,0.022283575684955093,0.1449687100888299,0.5357781915494849,0.9194355038034925,1.0787392055031297,1.0720208636111102,0.9974126780707807,0.8943172370367254,0.7750382263219078,0.6454389593853663,0.5115006973497621,0.3808095047793844,0.261941194634773,0.16272663256195638,0.08833461625925931
0.8302721251616109,,,,,,,,,0.5597544566946223,2.0830609964273257,1.3258998475704806,0.7805642024673778,1.0608430534610471,1.244365481984443,1.1871819468431875,1.019442572195416,0.8092140475546605,0.5877278451622865,0.38060945920560924,0.21643934253848954,0.126683977651472,0.1414926456333343,0.2820931070475884,0.5510158007532354,0.9242665759583061,1.351959091835048,1.770913223311629,2.1239617184180335,2.374938460608716,2.5125914069992787,2.5454138929706303,2.493571159580401,2.3830719911889875,2.246398702244663,2.1402714653482997,2.228578484420592,2.886424327184548,2.1185666956013978,,,,,,,,,,,,,,,,,,,,,,,,,,,,,,,,,,,,,,,,,,,,,,,,0.007303388030263319,0.21197952918446433,0.48528786605166047,0.6280801886593567,0.6863418746556844,0.698600873639625,0.6876394758197908,0.6612578008775284,0.6209063920457784,0.566581056585696,0.4991268278883497,0.42140546260861117,0.33856669758092495,0.2573075717933675,0.18433283038548404
0.8323608600676777,,,,,,,,,0.47621262493649674,1.9843961140705324,1.744429908762102,1.1543205025738201,1.0881723541338133,1.0611968571025014,0.9779834675933732,0.8601090670312467,0.7229427259301981,0.5793629623028308,0.44651757943682036,0.3471301921455795,0.30758583509502946,0.3528183408545927,0.4978948932981179,0.7382119841134621,1.043586187997985,1.36283398469667,1.640107736677931,1.834461943034668,1.9306280019626016,1.936706812073878,1.8742661327285561,1.768896193578295,1.6465274860629173,1.540153596072554,1.5211495740186316,1.8028425167572193,2.7882140467244865,2.1141660206744146,,,,,,,,,,,,,,,,,,,,,,,,,,,,,,,,,,,,,,,,,,,,,,,,0.022898025748751622,0.38491344416020395,0.4350229152754844,0.3614270997605253,0.33708454945095706,0.331851955275038,0.33121672810208164,0.3308756788576512,0.3292041435139341,0.3250064327523748,0.31709252822605366,0.304484466526439,0.28683609061078735,0.26476814143075494,0.2398694107865975
0.8344495949737447,,,,,,,,,0.8059477884963919,3.207839602213107,2.6310592070238537,1.4194819272094246,1.0503724569988768,0.946970547093124,0.9141087186161071,0.9010455657688748,0.8945568558796558,0.893265019727345,0.9005161878378979,0.9218908949993894,0.9632757421359379,1.0281279792587072,1.1141314814741496,1.2109019823071245,1.3011028507997546,1.3658911573714083,1.392168472213203,1.3769834046056082,1.3266251126214141,1.252201098603592,1.1652328041424431,1.075483137527158,0.9917426486148987,0.9271348595876706,0.9164770849960298,1.0726018003095945,1.617765269614465,1.2760035415365845,,,,,,,,,,,,,,,,,,,,,,,,,,,,,,,,,,,,,,,,,,,,,,,,0.01709283214494009,0.31956827393191956,0.310145390863375,0.21217620434395812,0.17611539433699674,0.16388503566095136,0.15930228372935143,0.1579966770221793,0.15909278887821052,0.16251995685854773,0.1681266686900202,0.17538154637153466,0.18336211787182896,0.19095144527441163,0.19714002091140143
0.8365383298798117,,,,,,,,,1.112802533459522,4.047017680233453,2.834361657870035,1.1907976646524066,0.7294943879997728,0.6163553057001672,0.5984657112957552,0.6151514077644734,0.6494795982718746,0.6951547532397144,0.7473720601376748,0.80008168080825,0.8457407778740209,0.8764619089684166,0.886086945104278,0.8724491847298903,0.8385242652436243,0.791319163164217,0.7388621230615433,0.6872952246260267,0.6398070609068982,0.5973126347237383,0.5596399371491452,0.5262941265609192,0.4965066629606682,0.46817069993345806,0.4358853840102394,0.4141011275097859,0.5970361973365339,0.6776569850858672,,,,,,,,,,,,,,,,,,,,,,,,,,,,,,,,,,,,,,,,,,,,,,,,0.00627771833522721,0.16730192706045013,0.1689273748454782,0.11439695835968998,0.09062729027944438,0.07890882605981002,0.07121486091561768,0.06576737729114863,0.0627960356438247,0.06310073412510592,0.06745628647088132,0.07623974306132562,0.08918376808860007,0.10532433104906688,0.12318990233038855
0.8386270647858787,,,,,,,,,0.8008607156101688,2.682581601795316,1.613683744400471,0.49235764185733893,0.23358641098195984,0.1754685589628344,0.1531990460541091,0.14719037583712843,0.15495210211500193,0.1744276658069859,0.20134711443388256,0.22853163575003416,0.24701090184036817,0.24896086556408362,0.23144935656620064,0.1988230465631352,0.16149961889052125,0.13104387234287584,0.11461317829593347,0.11269111679471738,0.12101561810868813,0.1341757379259148,0.1480652372926796,0.16028250657897625,0.16873335126001074,0.167768439887513,0.13981589605487268,0.06638970979404778,0.11761577631145208,0.3539677001590873,,,,,,,,,,,,,,,,,,,,,,,,,,,,,,,,,,,,,,,,,,,,,,,,0.01326228236160919,0.0064204938178217185,0.023937805906964017,0.039000126691384245,0.03853708679320369,0.03159610173946206,0.022622628840877217,0.013711366600751524,0.006377974065323869,0.00208871003623689,0.002246751313959418,0.00793181752675632,0.019568419798509328,0.036705267368338686,0.05805370313573721
0.8407157996919455,,,,,,,,,0.5530403507920493,1.774799440104138,0.8884508645617178,0.12368628896180303,0.006533145027820888,0.0038927219731274406,0.001460757600480577,0.0024470214099397807,0.0121816080624686,0.030687434433043764,0.05458636331826033,0.0780752395571353,0.09442332380289811,0.09836771618573756,0.08856746114104794,0.0686356606343855,0.04570149767245507,0.027068183722710273,0.01712606431440451,0.016463536918660353,0.023132397914516507,0.03449565084545156,0.0483641857141333,0.0632093622555767,0.07777634003604855,0.09024986927898229,0.09775902954093897,0.11175570555728441,0.25538103176408966,0.35708558887439507,,,,,,,,,,,,,,,,,,,,,,,,,,,,,,,,,,,,,,,,,,,,,,,,0.08893882323728962,0.1432356402615124,0.04667504410610678,0.05256112288833718,0.061039310105877216,0.06188717644323633,0.05906766805076371,0.05490971869058221,0.05077121328309781,0.047862785130928336,0.047466180463568826,0.05081769284219144,0.058825565330795616,0.07177688823179593,0.08919541560420512
0.8428045345980125,,,,,,,,,0.7847113851147002,2.5773441829337824,1.470615880080153,0.3480960754793556,0.10043412838565798,0.06393574556719614,0.05954430816240043,0.06338508347226922,0.07208611217520665,0.08406168127796383,0.09801365481022603,0.11286541732023295,0.12788218546504365,0.14276094723165358,0.1575609307464144,0.17246133520937285,0.18745259964685174,0.20213226131292172,0.21573822499575934,0.22740425569181236,0.236470303646397,0.24268014314418695,0.24626730408360695,0.2481807716805941,0.25117754119728797,0.264183145638507,0.3199001495464864,0.5535091018225055,1.3859999458760197,1.581769295777118,,,,,,,,,,,,,,,,,,,,,,,,,,,,,,,,,,,,,,,,,,,,,,,,0.17828651702816928,0.49383741575298185,0.20784636670196255,0.12154856179796394,0.11574613535684844,0.1268132640843677,0.143259289444858,0.16277057278004864,0.18472227597606936,0.20875040212559232,0.23439384596265075,0.2610042238904261,0.287771587295222,0.313822222525419,0.33834259510998427
0.8448932695040795,,,,,,,,,0.7558476030918506,2.469217273478837,1.6392195525095699,0.5845507980432627,0.26837607288124166,0.17986218271868024,0.14841207675733117,0.13075593390928522,0.11586179935428229,0.10152741985604335,0.08833228990481808,0.07782074444687243,0.07194320636706172,0.07302645033834389,0.0838998930465441,0.10758846646876596,0.14600040636414788,0.19792952613704184,0.2579300065800611,0.31749344057922557,0.3680486690320912,0.40377991952512615,0.4228274614638982,0.4271311643113865,0.4225566472134626,0.4226408064516849,0.4656909328546064,0.6818331245244504,1.4080293118387455,1.5199987176458698,,,,,,,,,,,,,,,,,,,,,,,,,,,,,,,,,,,,,,,,,,,,,,,,0.1989864184289875,0.6018539218962351,0.2396695295897004,0.10423081778506198,0.08770929226490963,0.10202497875813712,0.12979099730646493,0.16801839797437101,0.21661428896416754,0.27564070125069323,0.3442379886152215,0.4201033953643972,0.4994705153538873,0.5776537023403538,0.6500019488332954
0.8469820044101464,,,,,,,,,0.4519058684647914,1.5097083697640545,1.1119336610915354,0.4963167500186581,0.2958366972868384,0.22363621734936473,0.18040597561078076,0.14244963894914303,0.10526202099350161,0.06987260378359447,0.039075098037857324,0.01602614190966597,0.003704150862015791,0.004903202785247158,0.022420830301895678,0.058707668393537034,0.1143175351829826,0.18569513614147146,0.26429836295470205,0.3386175137629329,0.39813787441388443,0.436600300181916,0.4528954555096326,0.44997951644984574,0.4332669485562434,0.41011684274538107,0.3939572829625707,0.4328989735918112,0.6932550226149405,0.7366623079484084,,,,,,,,,,,,,,,,,,,,,,,,,,,,,,,,,,,,,,,,,,,,,,,,0.2651726146301196,0.5143611708880582,0.13645235750269488,0.042852847465638395,0.04288875726414715,0.06356337372514283,0.09699868080202197,0.1443705577510159,0.2078900357569076,0.28917418860681643,0.3881981150444134,0.5024640248285468,0.6267398755175754,0.7537027914859395,0.8754089619769546
0.8490707393162134,,,,,,,,,0.5640294367200694,1.6531449851757087,0.9044056715594079,0.285371383200366,0.24665580620445224,0.2848947833339805,0.28745787004638274,0.27058895337143674,0.24959160505746447,0.231922090697333,0.22220583497984006,0.22384752574419853,0.2390312462098545,0.2683324376050348,0.3103988111983032,0.36184306595225557,0.4173858108254316,0.47037898255321153,0.5139176814836652,0.5424241605110852,0.5530205319276873,0.5459386034565886,0.5238166847032414,0.4902804817281766,0.44809005256407236,0.3965150830409712,0.3297845957135067,0.2712304025557349,0.4556852290320977,0.6451157827650196,,,,,,,,,,,,,,,,,,,,,,,,,,,,,,,,,,,,,,,,,,,,,,,,0.1302570857192472,0.11899910552458375,0.04294497573072793,0.10328034512541039,0.1603706413187237,0.22028123061476615,0.2958714696331359,0.3939476734490802,0.5183345288760299,0.6702544807491426,0.847365891574341,1.042851945541823,1.2455477993631927,1.441613005702914,1.6173923440274847
0.8511594742222803,,,,,,,,,0.5574441731661105,1.4351005139014303,0.5455224233746535,0.054537129185592094,0.19120562766262345,0.3494480147328921,0.4094002217685425,0.42581322911755637,0.43407051639640876,0.4477573053051576,0.472601514248118,0.5113265077305799,0.564326340345695,0.6289832857210624,0.6989427234358955,0.7644601244278779,0.814597297332973,0.8408011274652056,0.8399012249435537,0.814566610755324,0.7711865503267141,0.7169253350696916,0.6575600899826158,0.5962792098530987,0.532192106004979,0.4558926732305433,0.3398855946421046,0.15345767529186605,0.04518175907371545,0.1797841930246157,,,,,,,,,,,,,,,,,,,,,,,,,,,,,,,,,,,,,,,,,,,,,,,,0.006541536501134764,0.074044003994956,0.3945142726903911,0.6398079422776786,0.8022577522069692,0.9532859584909126,1.1227040715514927,1.3168768764359646,1.5331984457561074,1.7632660219854968,1.993225408132008,2.204894813358552,2.378778892324678,2.4985026058600552,2.5549325336930915
0.8532482091283472,,,,,,,,,0.43093437141060903,1.0813582798491033,0.37947018837239144,0.0436742918920126,0.20333146813071237,0.342913999163768,0.3761181008120575,0.36351844014361495,0.34101623033683576,0.3235147155219304,0.3195239297227721,0.33593232181472577,0.37835894469295,0.4496622321838587,0.547647614242565,0.6632071609595024,0.7806563106840111,0.8814768750592945,0.9503733129853239,0.9802234338764574,0.972989258833838,0.9367544183533716,0.881368261610148,0.8146940577722142,0.7391186255189539,0.6449028492241474,0.49660815908002387,0.2536047998708588,0.11611742416531173,0.2972848702257595,,,,,,,,,,,,,,,,,,,,,,,,,,,,,,,,,,,,,,,,,,,,,,,,0.04700050369967679,0.1640941100271613,0.5928090402958516,0.9589798944265921,1.181009180888914,1.343220595768498,1.4958871727107534,1.6520709686691974,1.8095831130696958,1.959698805863128,2.090215545645868,2.1878652522781317,2.241333355651059,2.24432581340336,2.197394145735133
0.8553369440344142,,,,,,,,,0.5203262759318847,1.4927137902477734,0.9264545138307171,0.4076851653753967,0.35885920776219893,0.3548345537909536,0.31012339739455996,0.2444474281605632,0.17316099793077505,0.10583006098259737,0.05159386616392347,0.020576926494044075,0.02352895151497189,0.07043531135855736,0.16797963302923563,0.31592492769787456,0.5036901814927726,0.7098104742637451,0.9064372011541725,1.0676156470073692,1.1767828300854217,1.2295697018061338,1.2316995608294201,1.1945433214289152,1.130941890285361,1.0524607628817793,0.9692039698707718,0.9093369699338918,0.9911886029983088,0.8095725983229949,,,,,,,,,,,,,,,,,,,,,,,,,,,,,,,,,,,,,,,,,,,,,,,,0.033912145871422016,0.12132907816251509,0.3168884190366075,0.7843258771105138,1.2878603581776884,1.6125939889988306,1.808422814233942,1.950820099823708,2.066018647437875,2.1544552519887747,2.2077390783344635,2.2165875190095754,2.1754682921935524,2.0853614455396885,1.9542302711752138
0.8574256789404812,,,,,,,,,0.5647217192164272,1.7589549174512968,1.4365389548507528,0.8113457897498118,0.5916584036496522,0.49507807592075853,0.42701357887832364,0.36625293695111394,0.3093821113872418,0.25967184787630565,0.22363169390433535,0.20940906539404308,0.2257673182757858,0.2809736545202698,0.38098683836793296,0.5265797071583472,0.7100840663694641,0.9139741902429107,1.1136277695346077,1.283977324664092,1.406552875875374,1.4732556311939966,1.4861128897782456,1.4551553630450225,1.3981048804077463,1.3482546904856678,1.38815251929218,1.7641027320710758,2.9733182031679024,2.784758142037036,,,,,,,,,,,,,,,,,,,,,,,,,,,,,,,,,,,,,,,,,,,,,,,,0.011290767166326371,0.00597432134783625,0.21323700235011306,0.7695593419026217,1.3606139700380302,1.686574433930655,1.810033001647831,1.8445343529010823,1.834734337778764,1.791066860586452,1.714663528608975,1.6068719868286954,1.4725647583852215,1.3205307752991169,1.161971491601763
0.859514413846548,,,,,,,,,0.5130372758666288,1.5843295213286377,1.2963236501782862,0.7880832285226622,0.6839914261362913,0.6741265939105949,0.663951495722471,0.6480238017138612,0.6297325772107338,0.6122466260141957,0.5990819955699952,0.5942698916307606,0.602066032266508,0.6263717566016834,0.6697870952254062,0.7322250092734653,0.8094409379077863,0.8925038280050468,0.9692908203011334,1.0278443881791448,1.0598609849651153,1.0624858361352487,1.038072879383714,0.9931267078425549,0.9386336906587255,0.89593890649838,0.9200497591264495,1.1777363217792738,2.007395565636037,1.8979747356239198,,,,,,,,,,,,,,,,,,,,,,,,,,,,,,,,,,,,,,,,,,,,,,,,0.33376740413701494,1.049155238554868,1.2554052988119047,1.3837687892493313,1.431948699402916,1.4070064105514426,1.3453050943840699,1.262276862083345,1.1619800967170906,1.0459263623050807,0.9167073073589956,0.7792729931609904,0.6408567373518517,0.5098204923009838,0.3938749330320336
0.861603148752615,,,,,,,,,0.5655516467792125,1.5003214918330416,0.8277677393893859,0.3420967177139638,0.43288862846201603,0.555441111835808,0.5849546492186303,0.5654503927657079,0.5272860730673279,0.48199804184029715,0.4350761570144254,0.39090460035346813,0.3539694952565415,0.32873434126352885,0.3188295007881983,0.3257908895666437,0.34784002074685627,0.3795639673558049,0.41314149643958026,0.440748463807463,0.4568359887407272,0.459141776453637,0.44830588339519367,0.4267057642301008,0.3970658758159373,0.3607840635127427,0.31618219410131987,0.2708198429836742,0.3254868045222254,0.3647403010448732,,,,,,,,,,,,,,,,,,,,,,,,,,,,,,,,,,,,,,,,,,,,,,,,0.8966152606691896,3.4593128122715058,2.7086019037345905,1.9364909799065422,1.630963837479855,1.4780405954288856,1.3582907539602098,1.235692622389066,1.1003251718421605,0.951362442359956,0.7925572275604293,0.6308618951272306,0.4752330962324167,0.33488041466118507,0.21726756543628734
0.863691883658682,,,,,,,,,0.5585445827809563,1.3052061680212856,0.456464055008797,0.014381728719688586,0.1742469608759399,0.32605316698515074,0.3462262179201346,0.3048384486116383,0.24630097978391655,0.18741472378542953,0.13509786043099772,0.09267588375669153,0.061471591382381015,0.0414354361148106,0.03179953318932477,0.03162888408462255,0.03987678430670125,0.05492212502301806,0.07414782238379573,0.09417475415413237,0.11171947905350878,0.1244482792891556,0.13127112874246424,0.1319353601734548,0.12587396033765078,0.10977743188406977,0.07382848741771493,0.014009510575150212,0.049056685030805604,0.24274585643967428,,,,,,,,,,,,,,,,,,,,,,,,,,,,,,,,,,,,,,,,,,,,,,,,0.6105089063422181,2.109899482233052,1.949482000066955,1.7892461521522622,1.7721375619626847,1.7670090836549774,1.7465849236284425,1.7024375772572808,1.629585735173072,1.5258724354097284,1.3927007818048234,1.2356156554666162,1.0640484980441438,0.8898593531685726,0.7249613988868475
0.865780618564749,,,,,,,,,0.4724745202770041,1.1263386894651828,0.5036481530070506,0.13953370861462064,0.2161588714934818,0.2802403403642384,0.2579041627596442,0.20080808512939535,0.13953930165145442,0.08634204041247948,0.0462975755681465,0.020561563271283077,0.007135819291805478,0.0019260809622310712,0.0006522421228697124,0.0008833567005607762,0.0028895599490928875,0.008593482244841211,0.019416751560846372,0.03477471077885219,0.05223559329025861,0.06882215069691738,0.08230715181200687,0.09194634508992862,0.09909177187757336,0.1094957644364321,0.14429053288800645,0.29420906235997873,0.8643587198975635,1.234776033962816,,,,,,,,,,,,,,,,,,,,,,,,,,,,,,,,,,,,,,,,,,,,,,,,0.7289477009223798,1.632708143229707,1.1390496565759134,1.1346116127804053,1.3565108927613196,1.5206672578329963,1.6172597474545856,1.6758675246897523,1.706090940717455,1.7065496429918734,1.6733913317390452,1.604606341341272,1.5022546311354328,1.3730508931959708,1.2272895770896506
0.8678693534708158,,,,,,,,,0.4736850657804288,1.355007709866973,1.0753366067867125,0.6193569350042013,0.4800228328847067,0.4088802104705144,0.3406166262146017,0.2736497893074353,0.21109723224618954,0.15592429740336092,0.11059659265649481,0.0763379914339282,0.05283149656764826,0.03877533175026123,0.03310733063961024,0.03607141754156591,0.049079579464720476,0.07310660497649211,0.10677019427296712,0.14577852553092527,0.18425052207505035,0.21684123698792301,0.24034698125683301,0.2544898085439015,0.26296109050475475,0.27801195276489044,0.34054168513811495,0.6088234879755934,1.5406631154009356,1.9546687162341598,,,,,,,,,,,,,,,,,,,,,,,,,,,,,,,,,,,,,,,,,,,,,,,,0.23567141788828297,0.37740422064285245,0.43059423139427505,0.7516666430467023,1.0378537452956658,1.2007337453782805,1.2940913246979207,1.357376078150096,1.4029614778812642,1.4311869289315438,1.4385614175220682,1.4215553274114574,1.378708467134874,1.3117090865224494,1.2253707631294208
0.8699580883768828,,,,,,,,,0.5768843639640904,1.6668577955982138,1.4162585377987817,0.8538033376095292,0.647575779229357,0.5635874742777903,0.5122737694835008,0.4713578943416395,0.43508062552415977,0.4027090973356232,0.3751963877732632,0.3540172849089479,0.3408997100378776,0.3379057506448343,0.34739880439952975,0.37141920198427986,0.4103026372947073,0.4611562165171223,0.5174350310123147,0.5703787514980457,0.6116393512644619,0.6355433639158115,0.6399281914534397,0.6255620568141245,0.5947070451338928,0.5494753880948465,0.4940102164224588,0.47439066882451975,0.7183107145119827,0.8418921852182499,,,,,,,,,,,,,,,,,,,,,,,,,,,,,,,,,,,,,,,,,,,,,,,,0.0069829893905115365,0.21433117250476363,0.7099048967138061,0.993396106966631,1.0921541851279102,1.1242867257585971,1.137055794221982,1.140872944495939,1.1366410518090158,1.1231410552404901,1.099026055337867,1.0636991647219163,1.0178337673616695,0.9635165010640069,0.9039333909047241
0.8720468232829497,,,,,,,,,0.3708394123145128,0.939256561269544,0.6608604814388817,0.43177886214458727,0.48838564315819566,0.5536026345482707,0.5717551764463928,0.5701424996251124,0.5667456108343054,0.5691004512296038,0.5809665370066743,0.6047532970392527,0.6419981772220138,0.693158679484588,0.7570850058936105,0.8303732781325736,0.9069690501769775,0.9785549612969905,1.036019877302125,1.0715973795978686,1.080666232642705,1.0623547970043097,1.018755517215253,0.9528910363798034,0.8649610674838313,0.7447652697822537,0.5593938147438704,0.2702592901985494,0.011788634064008721,0.07137410367340019,,,,,,,,,,,,,,,,,,,,,,,,,,,,,,,,,,,,,,,,,,,,,,,,0.07342203085032188,0.4169907627794603,0.8473410168815323,1.0101875518754306,1.0483332560997194,1.0515793253837415,1.0417596950114059,1.021024065489905,0.9881608292435379,0.9423098688316726,0.8839307317077297,0.8152017529870754,0.7400191099649793,0.6634743698886751,0.5908860883261465
0.8741355581890167,,,,,,,,,0.2740669358194115,0.5470011451787424,0.14711142419122963,0.045646700757391065,0.23197050772872047,0.3613725230052594,0.3839535997463505,0.3600683186216764,0.32588677838383484,0.2969660482136777,0.2821084757244897,0.28826584553747386,0.3212982671657347,0.38511956565240846,0.48004078999256394,0.6009385938735682,0.7363419194403551,0.8697173689902441,0.9832679461420967,1.0627363326676427,1.1007613236920333,1.0973773510720084,1.0581315762834598,0.9912442330624531,0.9049490250492828,0.8057860929842464,0.7020646678323005,0.6424156177126098,0.837264297154759,0.9594873853818944,,,,,,,,,,,,,,,,,,,,,,,,,,,,,,,,,,,,,,,,,,,,,,,,0.006209288212872767,0.26974529721622487,0.6316090204293612,0.7959181046620147,0.860080168141498,0.8607458523871288,0.8274455661137243,0.7738160744993088,0.7046956222975436,0.6230301085073761,0.5325861421511814,0.4386475836236432,0.3476614971042145,0.26620245465670916,0.19968034038916246
0.8762242930950837,,,,,,,,,0.2842020648122612,0.6037389518237218,0.25882544967487425,0.11627372312966065,0.21331396590381183,0.26611096231004994,0.24004183853108058,0.18041637539017752,0.11427049205423927,0.05546825499950235,0.014494311926811916,0.0012535878333307239,0.024715684416300173,0.09113185299822472,0.2014252379278667,0.34858432916585486,0.5166530434856752,0.6830398061377911,0.8242754677549972,0.922735052834483,0.970807163101296,0.970869403114924,0.9322763396015943,0.8679345625398527,0.792932868805593,0.7282198075143539,0.717460276604676,0.8851949955133869,1.5070680521452227,1.6741596153658107,,,,,,,,,,,,,,,,,,,,,,,,,,,,,,,,,,,,,,,,,,,,,,,,0.09711404583676873,0.12535485655771306,0.33198384206041276,0.6393458404593056,0.8242866245141212,0.8730620045397082,0.8467011679946116,0.7829417110171102,0.6975936280910244,0.598825550234312,0.49364403794230866,0.3896704577843686,0.2948265045071843,0.21612513382336784,0.15837161653211512
0.8783130280011506,,,,,,,,,0.30965768794605975,0.8106788792424312,0.679539677164652,0.4721226582770242,0.43707928548917185,0.421431594910309,0.3920626562459023,0.35728334581040844,0.3247630581807882,0.30102617727788417,0.29289412770301976,0.30695963405082277,0.3480846682159931,0.41740982568552726,0.5103885744847324,0.615836207114569,0.7172725853772187,0.7970820265268064,0.8420683433563845,0.8474336533119107,0.8170190550205142,0.7603005792276356,0.6885139857573348,0.6120980010017775,0.540586413388769,0.48606984876544596,0.4750266888592939,0.5894960124959046,1.0172122429158368,1.0740631591594811,,,,,,,,,,,,,,,,,,,,,,,,,,,,,,,,,,,,,,,,,,,,,,,,1.3301208978303916,3.0794098403597885,2.2222282647609677,1.7810776653544411,1.7551130783020716,1.8395907350521203,1.954521885684133,2.0769972657207822,2.1940844271891122,2.294759435369444,2.368772275975568,2.407611182076953,2.406275532887503,2.3647548176019946,2.288286941205942
0.8804017629072175,,,,,,,,,0.31506137901977,0.8998339107759604,0.8549706247122523,0.6253289094424894,0.5825486906206889,0.5996837983209558,0.6241546065200769,0.6492932177472758,0.6758228756626351,0.7050068232812824,0.7376377005832304,0.7731515096115926,0.8086715818988369,0.8384246410737246,0.8541665102111862,0.8471680802535597,0.8115563998787835,0.747498010257205,0.6620404579483581,0.5666700433273476,0.47305537592677394,0.3895745793798957,0.3200881935976519,0.2645576230835519,0.22012654209683905,0.18126477706814975,0.1391701898238975,0.09490015580326933,0.13281245411584083,0.20681455456868605,,,,,,,,,,,,,,,,,,,,,,,,,,,,,,,,,,,,,,,,,,,,,,,,0.8890768664496241,3.2081137732793916,3.1874303586642916,2.842041371984338,2.856399562145714,3.065740928180575,3.3734727049962583,3.7388698008759733,4.139538467219991,4.555056518688767,4.961288347201963,5.330362623770936,5.634279505157594,5.850346379865462,5.9660764770159735
0.8824904978132845,,,,,,,,,0.33695139553102904,0.8198963586715893,0.595885473634431,0.40693933363852336,0.4953178773695624,0.6314669977406069,0.7397411779945889,0.8287019461380875,0.9085484174850778,0.9806660532916875,1.041183326672721,1.0830776059887834,1.0973469760096612,1.0746802198515106,1.0083397125448401,0.89789207138356,0.7520242302908838,0.5880226175020322,0.42700166432524306,0.28710736013095467,0.17861422036056251,0.10314407594730397,0.05613685508546374,0.030208823158228607,0.017624942673460084,0.011591389809323976,0.00969862279919599,0.044023031289432614,0.3022797919407577,0.6434296904414766,,,,,,,,,,,,,,,,,,,,,,,,,,,,,,,,,,,,,,,,,,,,,,,,1.7689787619678554,6.577833588996245,6.414781780364173,5.792777118923887,5.949556450294802,6.464441628487356,7.144485526672864,7.92161294626088,8.761106665494912,9.629438937177,10.484615653681848,11.27660371794036,11.95393010975784,12.473478920975232,12.809493832653402
0.8845792327193515,,,,,,,,,0.18659772619817624,0.3644022604801115,0.13936992889474015,0.10296247097159231,0.3001874289987443,0.5140829787819522,0.6747374572655938,0.8036340389049081,0.9194318474998876,1.0255880727057163,1.116785687416547,1.183186951123123,1.213096477972368,1.195882118048503,1.1257217153149064,1.0053034327223078,0.8474311926754221,0.6726544695699593,0.5032413247478674,0.3565605352465846,0.24140365863522276,0.15838199913961173,0.10286517276221846,0.06826861860410596,0.048612011892464974,0.041251422335282575,0.05640388706890008,0.16933670923938557,0.6755102015339728,1.1838644967177563,0.007840195561441247,,,,,,,,,,,,,,,,,,,,,,,,,,,,,,,,,,,,,,,,,,,,,,,0.3097715964733087,0.9188762386998287,1.8649472942855685,3.7988530406472876,6.625612088500732,9.287995738344398,11.365489367087553,13.111751466671224,14.748371358177195,16.33879662436323,17.851003502607963,19.209057648463904,20.327061558831385,21.135311418396917,21.598790124457086
0.8866679676254183,,,,,,,,,0.24018711332239898,0.4519394452658659,0.12983087927140022,0.0068102917876517,0.14571265728827243,0.3181410598791468,0.4485954201511824,0.5518220872856173,0.644752552895684,0.7329701744936139,0.8155458411110642,0.8882432511760805,0.9448724454531114,0.9783126240652325,0.9820810303375105,0.9525440623036424,0.8909949432334728,0.8042855710888306,0.703203012996617,0.5992456388453292,0.5015633832605703,0.41545744958348707,0.34250921398361406,0.281431460917138,0.22856934634524465,0.17740175234831454,0.11972503519827626,0.07556273793399713,0.22756050339402506,0.5321862641495217,0.01350228309337729,,,,,,,,,,,,,,,,,,,,,,,,,,,,,,,,,,,,,,,,,,,,,,,0.01843626414506929,0.18289400075607093,0.743325852340845,1.9967930597554073,3.9122275219970812,5.668853861940347,6.882025999836944,7.770941541947858,8.529338061363747,9.218774927039084,9.831169960535236,10.332139155328877,10.684174568167242,10.861017687941626,10.855927125829707
0.8887567025314853,,,,,,,,,0.11313115216565861,0.22300643425768663,0.0896076742025576,0.026501671882298808,0.07581829602407897,0.14051190736919722,0.18888054806629304,0.2251342012889399,0.25548596853387845,0.28338927728435886,0.31122681128504825,0.3410929202921957,0.37451987667169573,0.411737818377723,0.4510135161793744,0.488562961309718,0.5193425987320611,0.5385692916254093,0.5432826413809996,0.5331272924405586,0.5100343249372145,0.4771723741431667,0.43777540075485205,0.3941245964708231,0.346389335477082,0.29060424136618657,0.21717841749479178,0.1319061749563148,0.15906180718481655,0.27119192103095624,0.006498939704063539,,,,,,,,,,,,,,,,,,,,,,,,,,,,,,,,,,,,,,,,,,,,,,,0.09454585504687973,0.5709988029084038,1.73932137143692,3.193256983941022,4.349516949188426,5.013401525252685,5.4349274834922205,5.776871906988027,6.084985321613385,6.358180974522575,6.580344926756894,6.732638185536038,6.800129867191974,6.7762021585283225,6.664510432305514
0.8908454374375523,,,,,,,,,0.044880861399688575,0.12339381275371053,0.10875958869133745,0.06352921260754235,0.05229023790736011,0.05734052686006895,0.06612488294298247,0.07335173758017377,0.07684409289649481,0.0761934425554523,0.0726362551559274,0.06907721017353269,0.06981448649912982,0.07974792305351247,0.1030256546793616,0.14138381324034152,0.1928389291758886,0.2515875559870369,0.3095147496821266,0.3587003656552347,0.393618944566438,0.4120747310107189,0.41490628037892374,0.4052389351887554,0.3883352718977116,0.37363172600300726,0.38356907496699805,0.4862183597634387,0.8353835758621612,0.934314060816451,0.03612082776575947,,,,,,,,,,,,,,,,,,,,,,,,,,,,,,,,,,,,,,,,,,,,,,,0.08453534245729946,0.7531662664038582,1.8721473293079092,2.6161573709824286,2.8723453016797427,2.8977076397220265,2.865794359817782,2.824422894644811,2.781445779729521,2.736641102873589,2.6890071015570745,2.638229674882581,2.584963335993424,2.5307569462558432,2.4777357582948527
0.8929341723436193,,,,,,,,,0.11941955117458403,0.2757732648501095,0.19049011479630884,0.08459309171651205,0.05141209346243699,0.046748450462736076,0.0515507522316019,0.05815591169264804,0.06224264561388713,0.06108029085771246,0.05347704837214493,0.04027445255958894,0.02479590785043997,0.012728305622888117,0.011028831695607099,0.025807875271391063,0.059805064576469814,0.1107183475174919,0.17155152553021513,0.23299294782009816,0.2864922694594888,0.3264563783053015,0.3509645199902957,0.36160885133257414,0.3639235516427926,0.3712787314465018,0.42121173168839254,0.6388328081651207,1.3426528011195225,1.744125681081773,0.09872697260835542,,,,,,,,,,,,,,,,,,,,,,,,,,,,,,,,,,,,,,,,,,,,,,,0.026602358708064936,0.004948690672587668,0.19319071092746493,0.5104395071656219,0.7029046530077508,0.7347924779933906,0.6940312718395555,0.6356360452762655,0.5803850816428198,0.5366210617756266,0.5089679089314787,0.5004349534335618,0.5124709494021611,0.5446620119414276,0.5947166813430205
0.8950229072496861,,,,,,,,,0.22134492654946422,0.5414198038702922,0.4255139538656489,0.21745786873192985,0.13674358269542536,0.11619004375153935,0.11892175219127873,0.13087604863364874,0.1464469462215626,0.1627226314465793,0.1778107556973401,0.19077547686657834,0.2019822385944001,0.213159062396525,0.2267838090363349,0.24484190983195955,0.26753774925322843,0.2927953660688989,0.3169637102572963,0.33627306150572245,0.34809359999125883,0.35137391194725376,0.34629941238404355,0.3335038953236584,0.31293748438310215,0.28208684679194884,0.2344017137378451,0.17243105995838742,0.1837804152134712,0.2859116678919432,0.0261848355539026,,,,,,,,,,,,,,,,,,,,,,,,,,,,,,,,,,,,,,,,,,,,,,,0.07934278718244238,0.15299443257385528,0.07350216819988825,0.08004231701541488,0.10462596514647608,0.09694383329493396,0.07129695290582719,0.04481796326051063,0.02661848165163976,0.021992354429948624,0.03456275696454061,0.06650925992492646,0.11819777241701913,0.18793511660480855,0.2721834512386121
0.8971116421557531,,,,,,,,,0.1878861017360665,0.47657972732887616,0.4397771146091216,0.324572641098173,0.310214627253727,0.3308078765872586,0.3560747569440733,0.3826443507757769,0.41139573588008393,0.4420586389873713,0.4727970646961173,0.500470034057053,0.5211101524921402,0.5306686520258111,0.5260011111517595,0.5059027856150726,0.4718126967972082,0.4277310002548046,0.3791607365133064,0.33146899577870287,0.2884745405291127,0.25185147446091155,0.22128149815551645,0.1947308111229468,0.1679444902259759,0.13239672813094375,0.07670850686678975,0.0399534140496359,0.31646537915465356,0.7860665188450915,0.0721445939931418,,,,,,,,,,,,,,,,,,,,,,,,,,,,,,,,,,,,,,,,,,,,,,,0.13545147077220565,0.30367736259292427,0.19593554034148972,0.10572765589892802,0.06465604485543656,0.04287743387127913,0.031024174333512372,0.028329711755568837,0.036688575380106066,0.05858213966237838,0.09606881720936748,0.15005987168091656,0.21982455979579138,0.3028763634436196,0.39533521080184975
0.89920037706182,,,,,,,,,0.017527789879650413,0.06117651035843266,0.15267417234194508,0.3191024769454955,0.5466208216404147,0.7317823637777274,0.8464337936865677,0.9202281273067143,0.9728790574654863,1.0090366845983072,1.0260151499697097,1.0184265669520054,0.9808879152950497,0.9103324750079301,0.8081569034712102,0.6815077497699308,0.5426980030683285,0.40637868819704687,0.28548870982966185,0.18801177212174697,0.11605464110697941,0.06714328506770428,0.03646092082190961,0.01881760983064937,0.009967394234767621,0.00804176372329262,0.01939745458212981,0.09044658046125151,0.3876802216927802,0.6372249586852349,0.052963603834480316,,,,,,,,,,,,,,,,,,,,,,,,,,,,,,,,,,,,,,,,,,,,,,,0.07046668735324746,0.010031254518450853,0.02248853753063598,0.06843656863490306,0.0908784278121569,0.1019156669335079,0.11164695892664851,0.12495300659054961,0.14448569454254873,0.17191900525097237,0.2082052145811014,0.25348998603450074,0.3070132931698895,0.3671677740869419,0.4317644165452157
0.901289111967887,,,,,,,,,0.011004575194379543,0.1146099999089715,0.2873905457679497,0.5287965171462027,0.8823120305663374,1.189944804189383,1.3912831605513245,1.5243611549378795,1.6172284687531218,1.676379192369765,1.6988965950133559,1.6801007846802165,1.6173569374694385,1.5121300818217802,1.370929998601795,1.2050378071932786,1.0288012931535893,0.8567438311800404,0.7004724626202495,0.5666986617271158,0.4570874158906147,0.3695495270633039,0.29991631188890755,0.24299028978174037,0.1922642382240221,0.1379506361486215,0.06722821774278187,0.0010567012121627225,0.13759115497619373,0.4025599211606441,0.03368723970444041,,,,,,,,,,,,,,,,,,,,,,,,,,,,,,,,,,,,,,,,,,,,,,,0.49915189834691487,0.6417972825373717,0.2206617686126514,0.11742239781354111,0.13733919219749335,0.16797946538616065,0.19490158513484404,0.2213571832745965,0.2498013668307126,0.2809379629487691,0.3144339550840281,0.3493343976456745,0.38433437112283075,0.41805425430206333,0.4493191440047197
0.903377846873954,,,,,,,,,0.18946590260234805,0.4900684101757497,0.5854441590022561,0.7543666464830142,1.1316865370494162,1.4971778197002859,1.7603129953230794,1.95547160565364,2.1127384800788724,2.239800862236837,2.333704080686976,2.388545811876699,2.3990458421335012,2.3623592865244873,2.2791619895890696,2.1542128151087456,1.9961960219711787,1.816587929309548,1.6276466843838924,1.440189902766353,1.2620595977915883,1.0977827285177484,0.9492987733216116,0.8173573515407996,0.7035785682079498,0.6144745415225975,0.5728900283617805,0.6576934001547008,1.0667045299337905,1.3217366587105912,0.17255293319725545,,,,,,,,,,,,,,,,,,,,,,,,,,,,,,,,,,,,,,,,,,,,,,,0.4447927555605353,0.7217905149952422,0.35536853205126245,0.20741162145560377,0.18587675041043153,0.1998780330238654,0.226758257557648,0.2606092492319534,0.2990917998323344,0.3404293053976001,0.3826142275236971,0.4232973829613926,0.4600204859928549,0.4906260829461689,0.513666126092202
0.9054665817800209,,,,,,,,,0.16506885295988183,0.4870041379195424,0.6250816289191533,0.7806738455752468,1.1259155229795916,1.450601149563752,1.6660808033683034,1.805381831500487,1.898342684691381,1.9551243177141264,1.9778749969073042,1.9680025902674625,1.9290459354132201,1.8672752261048955,1.790883010586741,1.708167010981795,1.6253240164364426,1.5448528539046484,1.4654784552994116,1.3836840456209212,1.2959453322161671,1.2005146730646254,1.0982818826223448,0.9932431462877535,0.8941185890748267,0.820529872888559,0.8232701116534963,1.047446130407478,1.7928057592370377,2.158970393789956,0.2878912475460592,,,,,,,,,,,,,,,,,,,,,,,,,,,,,,,,,,,,,,,,,,,,,,,0.4007082731132089,0.6130975095495216,0.31167708844874914,0.1726457342523333,0.14083317240402246,0.1451726824599587,0.16418970272407482,0.19082222063266996,0.22197482736873234,0.25551210811976527,0.28929651485880903,0.320998842711853,0.3483001420944792,0.36927642243160175,0.3827688658421892
0.9075553166860878,,,,,,,,,0.09258428663529128,0.20398508228118628,0.281755347021168,0.5272020577089697,0.9173246797834922,1.2226818807668702,1.3691250308716125,1.4106194936610137,1.3900732587767208,1.3258497892372472,1.2274039567658728,1.1040071339524058,0.9678951003186868,0.8345724935702773,0.7210374593919964,0.6421549040274077,0.6061407489074636,0.611261512864599,0.6459668300380246,0.6928920673560777,0.7346744876457416,0.7586058635133748,0.758423855714408,0.7334425720114711,0.6861543945731539,0.6195539473060061,0.5385431522095724,0.48291866097644054,0.6360749013146394,0.8302850168605581,0.13092750052287655,,,,,,,,,,,,,,,,,,,,,,,,,,,,,,,,,,,,,,,,,,,,,,,0.07742533737324503,0.08032983066809676,0.031102616142997235,0.03497880816494758,0.049679687972225745,0.06463977081975106,0.08061878754529676,0.09841533303712138,0.11790990815597867,0.13828818321618203,0.1582446744401654,0.17620206628756696,0.19060624475355334,0.20026035600687092,0.20459355978319232
0.9096440515921548,,,,,,,,,0.07018728459464747,0.23475265977247095,0.32894129367332314,0.5184175598366708,0.8520735023024933,1.086657638789874,1.1534278665946944,1.1152842169373152,1.0189329148284754,0.8853327451594446,0.7264977553057671,0.5539009083281019,0.38130871864474575,0.2250223840781109,0.10217867843862359,0.027202472308700612,0.007314566237273299,0.03924465763303561,0.1094560779825742,0.19834582848436907,0.28628598054137033,0.3584098163062598,0.4063501103016896,0.42701941611918354,0.41925541222411306,0.3786904733828221,0.29268854820418866,0.15526408847808326,0.05976916181260664,0.11562688382799091,0.017960395315035786,,,,,,,,,,,,,,,,,,,,,,,,,,,,,,,,,,,,,,,,,,,,,,,0.14779896013096966,0.12494751763414781,0.01414014565905673,0.0010397840742715245,0.011694458331022877,0.023833649952979603,0.03623278614881205,0.04953660357947342,0.06372048772938547,0.07805677729431847,0.09132327140355996,0.10207501218677693,0.10898444946872334,0.11119090678259297,0.10854563242876086
0.9117327864982216,,,,,,,,,0.013615322480366525,0.058469103912908174,0.2443107835526709,0.5642339866337784,0.9131639980639038,1.114242097108336,1.1564234625263863,1.1150050946900842,1.0352753675461952,0.9362959322305481,0.8276817536202865,0.7164013113321629,0.6087052944246408,0.510508732295042,0.42720307202953617,0.36304284956050104,0.32020771510964396,0.29794728874607074,0.29243013150431624,0.29764098050944654,0.30700899742772036,0.315018417927927,0.3182557342494328,0.31597527490847943,0.3110272023341243,0.3135381452756578,0.3565108337649314,0.560115918941893,1.222403344067924,1.5890941322463275,0.2166243388853482,,,,,,,,,,,,,,,,,,,,,,,,,,,,,,,,,,,,,,,,,,,,,,,0.04759722331337052,0.02198853677202346,0.00042684996067405575,0.005807302735871815,0.01677118277435939,0.027790588635753236,0.03906869731169823,0.05088849161565091,0.06278984895825034,0.07369149494396002,0.08215515800812664,0.0867315485860848,0.08636231672192253,0.08073398360852804,0.07044514211233015
0.9138215214042886,,,,,,,,,0.009997443177838206,0.007199305905269555,0.11383074330200976,0.4365281433241651,0.8236056872610126,1.0583309038669357,1.1248097080113773,1.1079979761773864,1.0594344478797584,0.9999318854914406,0.9382802387419554,0.8789091073795554,0.8240606341541353,0.7743502200219761,0.7290684952535881,0.6866090039339067,0.6450604265257145,0.6028320494591755,0.5591001713573535,0.5139178902332093,0.4680115487637885,0.4224626479958167,0.37853299457857315,0.3378973783160578,0.30374910557934903,0.2842234507859736,0.30372476544591953,0.44354521611574016,0.8989282745385887,1.1841860995042233,0.19640578453422253,,,,,,,,,,,,,,,,,,,,,,,,,,,,,,,,,,,,,,,,,,,,,,,0.09474558347833095,0.19091169587179332,0.1498095545686855,0.10721857911691281,0.09434570752301999,0.09528177434445602,0.10147632665415217,0.10896372045173489,0.11541562187559361,0.11911214566461423,0.11874123775694166,0.1135393948288041,0.10351248479599716,0.08954456600211158,0.07327866701692004
0.9159102563103556,,,,,,,,,0.06384992487101519,0.042911897659743056,0.04038020263476699,0.29456845897144546,0.6439904582145938,0.8619170500999868,0.92149694039221,0.8987793116632808,0.8417020900612381,0.7691076396680352,0.6882812086848052,0.602979882136339,0.5163251697647638,0.4319629228311215,0.354451430116753,0.2888694728689149,0.2395902389350598,0.20866440123818353,0.19475251907293203,0.19338801483265056,0.19848040823925148,0.20415383889831182,0.20594691691197078,0.20088498082427875,0.18629386203219997,0.15721290519632494,0.10389219990327374,0.026792415783234595,0.028697791801616322,0.2127312840619444,0.06777810296969729,,,,,,,,,,,,,,,,,,,,,,,,,,,,,,,,,,,,,,,,,,,,,,,0.042694977433369086,0.24073183578230578,0.30551958044144384,0.2628460740377587,0.23863518161154829,0.23291778035421737,0.23394206746563181,0.2351188692768992,0.23316464679471907,0.226485940642084,0.21457783746841216,0.19787129272231388,0.1776492512468647,0.15584042308109766,0.1346550325856575
0.9179989912164226,,,,,,,,1.7121440838307997e-05,0.006289482207731013,0.03545940678075103,0.13577772314845385,0.3496250238297667,0.5995844980094472,0.745176165203283,0.775662955724703,0.7450882131680172,0.6857833910052302,0.6098850821048801,0.5219971184453908,0.42521803575036704,0.3236889110901644,0.22377162199986547,0.13412561361836745,0.06434126414845799,0.022193455815793597,0.010603032739666911,0.026078848356019722,0.05977824739086315,0.10063572951479045,0.13878930973853368,0.16779960477626632,0.1853818929217782,0.19353556227378563,0.2000715551835037,0.22735184860502095,0.35100560564795386,0.7682436536509969,1.0697155350365586,0.1925043196188521,,,,,,,,,,,,,,,,,,,,,,,,,,,,,,,,,,,,,,,,,,,,,,,0.0004526856301885211,0.04689673212533542,0.18008911043276363,0.30514970646014783,0.3821633648777595,0.4206615090759989,0.43698360459545443,0.44040590477925357,0.4347723795280368,0.4216545090461089,0.402116589672556,0.3774844614007912,0.34956428629758696,0.3205281988175909,0.29260689478001917
0.9200877261224896,,,,,,,,0.0007072541155718353,0.06346556803463244,0.1735481790886361,0.25183152525534996,0.39121182375602115,0.5781983062041014,0.6919339893668499,0.7234282286877511,0.7141572539848119,0.6879062606446293,0.6529414663521269,0.6116374864012912,0.5649030986604349,0.5141265693560039,0.46221557485200127,0.4138280087469241,0.3744647906046529,0.34850548767218203,0.33710265780376686,0.33728969394285563,0.3430212992887162,0.3475457715796364,0.3457310152609431,0.3353731393481134,0.31757362604439127,0.29726397778811037,0.28621455539480345,0.31541583801790257,0.4815993111315819,1.0084675325371413,1.3272283876133637,0.23780641698183055,,,,,,,,,,,,,,,,,,,,,,,,,,,,,,,,,,,,,,,,,,,,,,,0.7581876537475924,1.2042725595319943,0.9223135753718943,0.7497154949914315,0.7000038838951547,0.6897026567799157,0.6881580110581621,0.6857664419703737,0.6794631094520857,0.6682551762705524,0.6519893695247847,0.6310737964062069,0.6064203339760772,0.5793595026546974,0.5514613040406962
0.9221764610285564,,,,,,,,0.012184607915671681,0.46788130924675103,0.6929709517683459,0.26948854699930413,0.15518350833254224,0.3321751196337675,0.48754116167423245,0.5520313079179378,0.5704168123962302,0.5762485677805778,0.5826046650630151,0.5930096753229636,0.606881055288827,0.6216330310966051,0.633827017172611,0.6400990435938084,0.6378672082805958,0.6256861368928198,0.6032563213486689,0.5712485319097729,0.5310929084579775,0.48475119795181953,0.4344068225753648,0.38201897743937135,0.32866879983758035,0.27345868004325363,0.21162948333293413,0.13387964842332625,0.04535832532295175,0.04744321554452804,0.17293370924993326,0.033869873334248624,,,,,,,,,,,,,,,,,,,,,,,,,,,,,,,,,,,,,,,,,,,,,,,1.1731510389369855,2.492176196472088,1.7717689636406277,1.168429618909283,0.9408207552685955,0.8627867545554699,0.836505573131448,0.8275340032407601,0.8236334097133445,0.8201907646540845,0.8152605346577562,0.807936387475174,0.7978711696916121,0.7851540387779674,0.7702439917632334
0.9242651959346234,,,,,,,,0.0020210350607500413,0.07600713253539487,0.1754548724024689,0.06305866336536911,0.027510186476800938,0.14875106583928105,0.25177576209211033,0.29229207303341914,0.3047333661630661,0.3149343124337384,0.3332562518575142,0.3621356698241765,0.39976577649887,0.4415209512293078,0.4809803742587297,0.5112118096659289,0.5263247281992969,0.5229278907096137,0.5009545415906919,0.4634639512837473,0.41549836773986365,0.36255887885741983,0.3093677812018221,0.25927711509315826,0.21431207353152198,0.17576963738654938,0.14591921297903448,0.13456251618579146,0.18826506318481728,0.4582729886972287,0.7673776538193608,0.21414199712470375,,,,,,,,,,,,,,,,,,,,,,,,,,,,,,,,,,,,,,,,,,,,,,,0.320502186303938,0.7344677909771249,0.7744402886984906,0.7806841498290009,0.7925097728242994,0.7951221822136827,0.7923921056139354,0.7883378639755032,0.7846044001010435,0.7815481842426174,0.778968358241344,0.7764594810707312,0.7736081858014012,0.7701190763600152,0.7658804130564358
0.9263539308406903,,,,,,,,0.0011930096738249157,0.018782800582278776,0.03477288707629275,0.055735711710918824,0.08427518002299193,0.10153224024143041,0.09905871846805578,0.09030672994147673,0.08802366145910022,0.09793902808011948,0.12148369434225637,0.15701001298417,0.20004782718976868,0.24382879760000312,0.2805003517759259,0.30292965778479664,0.3066099631566143,0.29094519348233455,0.25929337050714313,0.21768804082506038,0.17285489262441633,0.13046203483181673,0.09424168915215844,0.06604081311180739,0.04652486382984791,0.036450570638643626,0.039739625751555485,0.07682784940995185,0.2506811597886921,0.8952686478581396,1.6047143949551965,0.4481047821554943,,,,,,,,,,,,,,,,,,,,,,,,,,,,,,,,,,,,,,,,,,,,,,,0.04645872372249073,0.06716780639099192,0.2379166746078621,0.45203380288571227,0.5745636345964527,0.6144353689214324,0.6150944932239462,0.6022342692153497,0.5864271781680552,0.5716676101949852,0.5595049527428022,0.5505604025471073,0.5450303032074051,0.5428478092506596,0.5437483895221563
0.9284426657467573,,,,,,,,0.028758748101598976,0.5659460949744382,1.0235375623357394,0.5358235414185651,0.1254111644689189,0.03400568345886026,0.018249647759946787,0.006721741613438609,0.000494680275283739,0.0056784088186023545,0.024579584566626688,0.05634322986799322,0.0972465077349435,0.14104427856056073,0.17997687295186368,0.20650661274566903,0.21538264545626593,0.2052763473867732,0.17919541417237697,0.14336886543932606,0.10510511080960452,0.07065901364583425,0.043968878329471724,0.026466886285662385,0.017594949419312462,0.015456742381374991,0.017221182111726973,0.02081454757092656,0.042469241061890484,0.18432760163197764,0.40294769589060137,0.12089395316928822,,,,,,,,,,,,,,,,,,,,,,,,,,,,,,,,,,,,,,,,,,,,,,,0.5945569759197967,1.4525854053821092,1.1179187242299562,0.7174702869539035,0.5326064853876108,0.44327285172815195,0.3888834290017387,0.34857151465972364,0.3160922943746804,0.29025523326860303,0.27150537336564984,0.26060418810032754,0.25803767437341063,0.2637361127289691,0.2770020799294203
0.9305314006528242,,,,,,,,0.04719190747765594,0.7683379001222724,1.3365261038358642,0.6297801755602266,0.07703824415505761,0.0056460415309026275,0.04435034033342395,0.06394903306711841,0.06716049141754589,0.06969952707112499,0.07962012855740377,0.09985597578344323,0.13016868737344597,0.16773819749460628,0.207602451173022,0.2435500064362049,0.26957410840283563,0.2815731503599615,0.2786403725741578,0.2632710060945158,0.24030465374943824,0.21514496878689915,0.19217463053408188,0.17405115323020354,0.16207831304678286,0.1576724054372598,0.16557297016402833,0.20189757315062967,0.3162726171954438,0.599282879247311,0.7183632771710395,0.1521495823931268,,,,,,,,,,,,,,,,,,,,,,,,,,,,,,,,,,,,,,,,,,,,,,,1.5784253828143158,1.8175124841761543,0.8930659759944284,0.45341798546624307,0.2921366603734832,0.21490984720028833,0.16433245461391618,0.1251664752738507,0.094364750425135,0.07254433781305082,0.06124632211298994,0.061830113635889784,0.07489885957373092,0.10001721457642462,0.1357056236453352
0.9326201355588912,,,,,,,,0.00015460641581035956,0.01270293944378463,0.054872966114266064,0.05522901599540718,0.07655922532488571,0.14190429933898707,0.19739736692663026,0.22830469292645666,0.24623300982131224,0.2611572844547536,0.2783546767752607,0.3006520091768066,0.32941229231140773,0.36454243497778865,0.4042524939814119,0.44503601786863606,0.4821612604865968,0.510736235706126,0.5270651995736655,0.5297117251221471,0.5197246405985401,0.49993982607995924,0.4737828253539418,0.44413064936132857,0.4125171768270521,0.37866482785780237,0.3407936279808857,0.3015732244333146,0.30315601730649483,0.4940927445519885,0.6356701952889222,0.11796670924841623,,,,,,,,,,,,,,,,,,,,,,,,,,,,,,,,,,,,,,,,,,,,,,,0.02839748423225197,0.05372079948806154,0.09391276133772967,0.10725720880394392,0.09528352237521096,0.0707021100926906,0.043674245438979686,0.02039624116041343,0.004918780720001369,0.0003067942550187563,0.008902283042936172,0.03212961825966318,0.07019895096794776,0.12195464481646681,0.18500421477847281
0.9347088704649581,,,,,,,,0.0210014687707194,0.29105823334536823,0.572611311983931,0.35404466757102043,0.15498933963228123,0.1622125091767223,0.22456322895388814,0.2808971796907886,0.32977170970571223,0.3773551767830741,0.42682598095725377,0.47928738313148694,0.5348259909420714,0.5927821522805196,0.6516261778834346,0.7087859060196628,0.7607147095350771,0.8033959858045613,0.8332470595694046,0.8480798686783136,0.8476380977695944,0.8334225599132283,0.8078677834339524,0.7730623237747473,0.7288565653011392,0.6693411693221941,0.5760301107372668,0.4127905490637976,0.17196698065787747,0.06448767381496147,0.3085652898576643,0.14251454959775042,,,,,,,,,,,,,,,,,,,,,,,,,,,,,,,,,,,,,,,,,,,,,,,0.05970762998757044,0.27507595443212784,0.26822069124233844,0.17353725768545422,0.11664383250359556,0.08630671242600209,0.07073553429378249,0.06656203455015407,0.07408182121385316,0.09466531416048098,0.1295114704616098,0.17894946271591297,0.24206383310309593,0.3166430973739519,0.3994593235465136
0.9367976053710251,,,,,,,,0.1567336560613068,1.6382967450915498,2.5498925897125275,1.2584198243504197,0.29060789962951583,0.08286665945645884,0.11321019316667791,0.17960481915055918,0.2488273496339238,0.32281553581811645,0.40395637745573504,0.49182423573661266,0.5840684840888338,0.6772347466996925,0.7673589320207156,0.8504477153373854,0.9229000548561563,0.9818883476805979,1.0256714064734442,1.0537562878116782,1.066828010863886,1.0664587329143829,1.054720278600747,1.0338566263934872,1.006114260208388,0.9737626747327459,0.9395824427200471,0.9109863700199572,0.9274723537731456,1.1206098836297251,1.218432232112047,0.36783795557514226,,,,,,,,,,,,,,,,,,,,,,,,,,,,,,,,,,,,,,,,,,,,,,,0.20878825346976992,0.3450207014905689,0.27580458276475345,0.2273581051153182,0.22060320688502122,0.2293667227556236,0.24602054973937262,0.2704823384413354,0.30404644199756115,0.3475485313647859,0.4008336412375949,0.4626120274357198,0.5305484383379119,0.60158214177869,0.6724254262655219
0.938886340277092,,,,,,,,0.014715442962767474,0.18597430115209662,0.39656110836154945,0.2515544873973143,0.07036368888800294,0.04223538800830385,0.08938075683531668,0.15945115311512387,0.23982134079445228,0.33012868386979166,0.4297813586821048,0.535635310832066,0.6423691756056863,0.7435120939185206,0.8327046369563388,0.904949892332788,0.9575571920226916,0.9904973754067924,1.006045956887985,1.0078570559246511,0.9998526791153798,0.9853670670883377,0.9668259712986085,0.9460366437274468,0.9251701760393515,0.9089918491169617,0.9103204825887781,0.9643234845824169,1.1616132668828967,1.6226662659250455,1.7047788395807923,0.47916590723760427,,,,,,,,,,,,,,,,,,,,,,,,,,,,,,,,,,,,,,,,,,,,,,,0.6194867296064456,0.9467002815462152,0.7431514272685028,0.596356905190758,0.5529690589775733,0.5550547645141272,0.5769911798853157,0.6091004875612873,0.6470713833668138,0.6881017547718038,0.729612800819364,0.7689789465023253,0.8037118975243266,0.8318224746302131,0.8521566420992547
0.9409750751831589,,,,,,,,0.026791374409743395,0.2493578880967973,0.38862843420174015,0.17105887867428887,0.039829386367603255,0.07553643318744241,0.16756000794408643,0.2638692365479498,0.3586987707596336,0.4551801001325245,0.552683476406434,0.6463652110480389,0.7289423458212416,0.7927313582644813,0.831686761660187,0.8431084410254139,0.82852266052465,0.7933465299161045,0.7453700316160019,0.6926394335435149,0.6416096218080166,0.5961862516921717,0.5576739003309118,0.5251043667088138,0.49510312780215604,0.4601086050734305,0.4035112609636606,0.2954267498973015,0.12911002437011185,0.08104109244546728,0.30177835439808604,0.120255233669091,,,,,,,,,,,,,,,,,,,,,,,,,,,,,,,,,,,,,,,,,,,,,,,0.6210214917567699,1.3174058195440623,1.2505720546788537,1.0356809734162995,0.9394827818348498,0.9147355989557875,0.9187005201975552,0.9314031766585792,0.9437368107211136,0.9510368113316068,0.9506239769734783,0.9410742404683448,0.9221099089449148,0.8945919631163227,0.8603769845899034
0.9430638100892259,,,,,,,,0.1775780286715988,1.4356946905616825,2.24223213179844,1.2993158188946927,0.5433382595007363,0.3631177011736523,0.3791028779472072,0.4386373728919314,0.506801360271945,0.5752557032426384,0.6382529802011524,0.6894266454408914,0.7223894114253698,0.7320200128389137,0.7157915704726259,0.6747142839345917,0.6134881499127722,0.5396393492982092,0.4618001768449834,0.38773231474958103,0.3228590094746432,0.26976323185234286,0.22853542060773493,0.19743797883085332,0.17326887289360293,0.15093231399735962,0.12252662228671628,0.08259289030382347,0.07476763144136658,0.3042321600104924,0.632243329509915,0.1800611309369003,,,,,,,,,,,,,,,,,,,,,,,,,,,,,,,,,,,,,,,,,,,,,,,0.03414553749504927,0.34691955530576896,0.6922863883549317,0.882001008240812,0.9770004558902277,1.0162616033840624,1.02555321097494,1.0174665484722074,0.9966653184840337,0.9647386989922188,0.9226514187810941,0.871798110650438,0.8143593374831873,0.7532366012103533,0.6917093030114541
0.9451525449952929,,,,,,,,0.04112946293527842,0.4147996213714638,0.9439628588759068,0.8747968574259554,0.6106796521412078,0.5106542626019411,0.4971382577543006,0.5126834620228545,0.535465688712715,0.5563927171021458,0.5706875092426171,0.5754748462918328,0.5691082446341077,0.5509809288573572,0.5214354237816939,0.48168501069953834,0.43374807559987216,0.380356684601131,0.32473781145614344,0.27020399201881634,0.21964128716674602,0.17509968926279493,0.13764326113916892,0.1074605295928314,0.08413927743972187,0.06710213242388945,0.05669619899533113,0.058457267021431045,0.09977436606670523,0.2517836625076078,0.36635845670341,0.09110791201348871,,,,,,,,,,,,,,,,,,,,,,,,,,,,,,,,,,,,,,,,,,,,,,,1.465662772323185,2.030556326287358,1.453756610205872,1.131350348747889,1.0241345962012482,0.9744870108823485,0.9329344906390657,0.8863879553739764,0.8313888844606,0.7676404990774417,0.6964730433394264,0.6203919064748976,0.5427532474926496,0.4673211017339767,0.3977171638981468
0.9472412799013598,,,,,,,,0.05066690303272088,0.37661671185862616,0.5288727174520992,0.17973068714670162,0.05435336675668382,0.18478765113158063,0.32511628100928985,0.3911154650399365,0.405128877838684,0.39505962956645646,0.37518051900540034,0.3522881462640778,0.33019230022453744,0.3111728895292938,0.2961185789699855,0.28441013871317294,0.2740841856650003,0.2624575928004376,0.2470645163587658,0.22652071262214415,0.20093556397009557,0.1717542972557685,0.14122798558543181,0.11185449534032203,0.08609095098836309,0.06659297333217729,0.057607824223351076,0.07076932446574878,0.15085487061016922,0.43049164976040766,0.7366258330335069,0.27039797717770353,,,,,,,,,,,,,,,,,,,,,,,,,,,,,,,,,,,,,,,,,,,,,,,1.7440637069874592,3.2674041070558446,2.3672509004061055,1.6005321665346919,1.2778502312287896,1.133713100229043,1.0456711081839976,0.9691627479249094,0.8886555944538959,0.7996201524617993,0.7022570824409273,0.5992402269454086,0.4946783176523754,0.3933235970514793,0.2997896485785061
0.9493300148074267,,,,,,,,0.21389729592507087,1.4399406326888995,2.1181225811836177,1.038354006943105,0.30338532150155045,0.2195249357691257,0.2812481760029645,0.2987712409997254,0.2720752426804402,0.22723348762708448,0.18012573953974664,0.13967125359669094,0.11155458644597126,0.09918870363009007,0.10344647412691912,0.12223803773166886,0.1505754049273843,0.18146645452357826,0.20757404438711086,0.22310045897561537,0.2251265617213201,0.21389922493536231,0.19215042968875456,0.16399111930126936,0.13400295392485678,0.10704960406310202,0.08983199691473467,0.09997170445810391,0.21255088557449972,0.672924415318482,1.277409970885617,0.5568924385806023,,,,,,,,,,,,,,,,,,,,,,,,,,,,,,,,,,,,,,,,,,,,,,,0.5378616585143616,0.8518025490729134,0.9348084810508906,1.122484544745497,1.2850966681619516,1.345310772157678,1.3288852080265234,1.2692048350207281,1.1837100766225197,1.0804227974070546,0.9641746129797905,0.8394355254471612,0.711182772189998,0.5847914017830492,0.46546894925107224
0.9514187497134937,,,,,,,,0.11257872063586408,0.9302927100460932,1.9325200033223389,1.5969382492987227,0.934788632497196,0.6153437340694203,0.45708333869870355,0.350303379622334,0.2610143483763163,0.18067691181392564,0.10986985656652098,0.052883523911515205,0.01505375331752702,0.0009107106868131825,0.012594845673910015,0.048552548455609766,0.10290553584778006,0.16601705333641195,0.2264570986674457,0.27383697867101925,0.30134566797824675,0.30689273772948383,0.2925584248949907,0.26289525395621915,0.22290219467368905,0.17623974724193478,0.12418862540169076,0.06821725872019956,0.03118557073285219,0.12015730021806278,0.3387570992869891,0.16505609102789723,,,,,,,,,,,,,,,,,,,,,,,,,,,,,,,,,,,,,,,,,,,,,,,0.2748953357439637,0.9335807711011297,1.3154092574507081,1.4831947692826692,1.5460242815460556,1.5326531137682837,1.4774422741408593,1.398996120374242,1.3044646479669684,1.1970134439207403,1.0792873690769693,0.9545938782487985,0.8270792222311686,0.7013951735399375,0.5821110682261866
0.9535074846195606,,,,,,,,0.06740177141105287,0.4065843312088419,0.5477369354091952,0.2316831982370033,0.1469255804644703,0.28016284837088645,0.3864082959010368,0.4036634834239847,0.36962373132029286,0.31797632013682003,0.26582066445548513,0.22243977229268505,0.19414324020962534,0.18547457529408112,0.19881169340355115,0.23341439018510424,0.28463979826316627,0.34403267996440007,0.40077093172714284,0.44426770544810823,0.46692820354866804,0.46582168129067875,0.44263856574934474,0.4022353733634044,0.3505790933836802,0.29277910086498377,0.23168862545704244,0.16945240026213337,0.1261595130323625,0.19602906933703498,0.34654991865890805,0.12643909255146513,,,,,,,,,,,,,,,,,,,,,,,,,,,,,,,,,,,,,,,,,,,,,,,1.7380907464950968,3.1420749175517484,2.572816427703417,1.8910209467388504,1.5591330768740086,1.3968543233566633,1.2950150483540488,1.2101374478258908,1.1262590525378102,1.038141659365555,0.9449873619812049,0.8481208630132298,0.750010635390612,0.6536616624726197,0.5620887954027024
0.9555962195256276,,,,,,,,0.25577961259055615,1.480324465232879,2.101462082646714,0.9800766830094435,0.27491828306770505,0.27539937928519526,0.429077933995647,0.5148249454823176,0.5395613676463096,0.5414238897924349,0.5414262376905976,0.5489158578082995,0.5679143592145712,0.5993564684146333,0.6413693206356033,0.6891119745310089,0.7350653342316152,0.7702657917099617,0.7864328163133807,0.7782787792174811,0.7449639842116288,0.6900543986015917,0.6202155068851964,0.5435598177773998,0.46870371558982393,0.40551157084439754,0.36910914329202776,0.39212861977603425,0.5581396552472838,0.9896493140018789,1.107907433784763,0.2528598372518441,,,,,,,,,,,,,,,,,,,,,,,,,,,,,,,,,,,,,,,,,,,,,,,0.33746950593001135,0.6076621449683923,0.7818438782325701,0.9179063316679276,0.990553581447718,1.0007339720643889,0.973832305621154,0.9283603027871293,0.8732924200908236,0.8126998623433986,0.748798299427457,0.6832941074105433,0.6178495044007781,0.5541358799541635,0.49370794055188155
0.9576849544316945,,,,,,,,0.12803313446948522,0.8939715889595413,1.7606718027573736,1.4424955911005746,0.8926746793217872,0.6734211487149194,0.6079025709656729,0.5911588391012065,0.5946985238322873,0.6124134049392761,0.6432927235076398,0.6873606004540186,0.7441325268138188,0.8114830561060885,0.8847011196535755,0.9560277521600922,1.0151907585454263,1.0512790842494402,1.0556248681267892,1.024528649215328,0.960429682190479,0.8709017879258115,0.7660810259231148,0.6557815888672852,0.5472349912662972,0.4435799712778278,0.34293853297348825,0.24109930214835945,0.15828553510947588,0.22287427692763223,0.44551235983125625,0.20741277835478392,,,,,,,,,,,,,,,,,,,,,,,,,,,,,,,,,,,,,,,,,,,,,,,0.07904873645880459,0.5262006955415626,0.8736137902858667,0.9601085605839809,0.9582557431700445,0.9286438539425561,0.8886440667294734,0.8434904420427035,0.7947659407839033,0.7431725511936015,0.689403369742957,0.6343864507715203,0.5792960322456709,0.5254477112731301,0.4741331005001185
0.9597736893377615,,,,,,,,0.2069976336386868,1.1359747168541194,1.7028104407451874,0.9725460651438128,0.42009443298502575,0.3205343628661639,0.3370762845440339,0.3520716113238519,0.3663598714104772,0.3932487113800253,0.4396472009520621,0.5082286115277797,0.598775861737268,0.7078406883573614,0.8279349909624553,0.9472403311692342,1.050681427729276,1.1227763048932626,1.1516788028846772,1.1327403481396536,1.069748156166754,0.9731934351256895,0.8565910321261213,0.7326251950518388,0.6103249350028529,0.4933166555568776,0.3786013221765118,0.2579240439236361,0.14028045627830354,0.13876972515276806,0.34194101119560766,0.20552846115137413,,,,,,,,,,,,,,,,,,,,,,,,,,,,,,,,,,,,,,,,,,,,,,,0.34956498249091394,0.8670099898962083,1.0888177254900764,1.055767643993841,0.9858533264598063,0.9253312654807644,0.8719389234323921,0.8199400797022668,0.7662386796407842,0.7098220077745772,0.6509487009053717,0.5906822475579517,0.5305895253578962,0.4724634755487837,0.41803701561669554
0.9618624242438284,,,,,,,,0.23664291284404676,1.1880058923840018,1.6331874989676047,0.7623482150390207,0.1746182752367181,0.06742385729128679,0.07616633691000793,0.07684791590706856,0.07218096007206506,0.0801090523153969,0.11127632091715017,0.17056129815774965,0.25868862928186825,0.37228076366925733,0.5035001098222515,0.6402162272608086,0.7673475202043797,0.8695586913908913,0.9347212333362449,0.9568373567964856,0.937134168066476,0.8829475397562195,0.8051877158198173,0.7157575190749809,0.6261149278223553,0.5478317781039885,0.4964330929262284,0.5027294816748452,0.6435687231561077,1.052777302031443,1.3283080993326692,0.5153480190111369,,,,,,,,,,,,,,,,,,,,,,,,,,,,,,,,,,,,,,,,,,,,,,,0.34739437145314217,0.47806628008240776,0.5315244780716017,0.6414014038288482,0.7178227680571162,0.7310192727184582,0.7022423097978198,0.6521851051932401,0.591769565733347,0.5263878932546743,0.45932760851833054,0.39326318643159935,0.3306789912033606,0.2738106520377507,0.22442096038963644
0.9639511591498954,,,,,,,,0.11481176000547622,0.7247728951870585,1.443075788994331,1.226773608640173,0.7270806272107311,0.4323099853198855,0.265304052866584,0.1626020908799158,0.09787882397344695,0.06262341309271076,0.055829673713210674,0.0783691712483226,0.13007931077834153,0.208283767886557,0.30715186694164326,0.4177702041129004,0.5289812754089119,0.6289753087704514,0.7073515160342422,0.7570529091684248,0.7754956073525848,0.764519351063572,0.7293141532967095,0.6768677354593088,0.6145390260288477,0.5492569091601195,0.48819776770885376,0.4450095180229633,0.4689239822383997,0.6966619238860995,0.9473571474997113,0.4073543252011886,,,,,,,,,,,,,,,,,,,,,,,,,,,,,,,,,,,,,,,,,,,,,,0.0009782861482545637,0.7403515994861267,1.3926818560874787,1.2433528062555075,0.951597538230279,0.7750823722367188,0.6653225429672798,0.5807907582728253,0.5041065995259207,0.42950657630900685,0.3560988161457074,0.2850735391147158,0.21849742017685597,0.15864811455508518,0.10753358952156415,0.06653338468454757
0.9660398940559622,,,,,,,,0.4144643745572182,1.9420332352721428,2.5321583150933535,0.9592933238705765,0.06575415678136187,0.17608484658104342,0.5084952849426362,0.6867554670951835,0.7259182233059773,0.7106825335807807,0.6877214642763225,0.6754269955505603,0.6792502285049173,0.6985128780053524,0.7290270702102913,0.7644875544288515,0.7977466799146172,0.8221639255051467,0.8328046660746428,0.827159224427737,0.805195294042425,0.7688066476652123,0.7208797153022584,0.6641427284886166,0.5996950155470087,0.524726722739415,0.4289705888333325,0.29357134836670534,0.11789492826160151,0.021177495707099512,0.13447242364398732,0.07283953493516153,,,,,,,,,,,,,,,,,,,,,,,,,,,,,,,,,,,,,,,,,,,,,,0.00096670061436082,0.008883639101146671,0.1569308872864992,0.4731628781262518,0.6689530536617906,0.7282209245733255,0.7114564225298374,0.6611710660758706,0.5967799979468349,0.5262648971929665,0.45353385741041496,0.38135755794974274,0.31228837592517666,0.24877464892371748,0.19296460285880573,0.14643801392355338
0.9681286289620292,,,,,,,,0.3127456038164917,1.4620245126639269,2.1613024376606766,1.4232872452739613,1.0038230107137982,1.18684772590321,1.417080025740128,1.4815846287621772,1.4362880516775183,1.3505582169828787,1.2559025473848615,1.163205728058756,1.0752925284364476,0.9918983810097144,0.911653661006611,0.8332197697394447,0.7561223156261769,0.6811911777331087,0.6104129436431942,0.5462320317393583,0.49065892282556,0.44466126414839086,0.40813092067770057,0.38045584711965835,0.3617073528225189,0.35494259731907873,0.37160849184650485,0.44621459098674643,0.6730719906805063,1.1898204193032629,1.403617020856763,0.43356544586869605,,,,,,,,,,,,,,,,,,,,,,,,,,,,,,,,,,,,,,,,,,,,,,0.042575132029801725,1.3897125949493763,1.6609160059972554,1.1943585005138213,1.0551850177392845,1.074288368472747,1.0725074398227212,1.0312090120896005,0.9676998404114865,0.8933093982583239,0.8133544794515752,0.730899900260884,0.6485264883910571,0.568819220521426,0.4942942359856548,0.427125732742819
0.9702173638680962,,,,,,,,0.1261913216500407,0.7019683210301512,1.4903173981623001,1.7205152687718492,1.7441552044609994,1.8754747423623916,1.9281970157038053,1.8585058250038784,1.7273031959654221,1.5763019038502264,1.4211914009989937,1.266710786687828,1.1140468721802075,0.9634553776551594,0.815363151502513,0.671070601511019,0.5331948207747554,0.4056667093128294,0.2931272325232624,0.19984362418015353,0.12857695219366647,0.0799024801635604,0.052225944661238144,0.04235628948757,0.04625227356771603,0.05952386515711175,0.07745628329031584,0.09597551444079573,0.12482406157313577,0.23239277014783127,0.3856109114296986,0.17949742092389717,,,,,,,,,,,,,,,,,,,,,,,,,,,,,,,,,,,,,,,,,,,,,,0.07056034877042656,2.637596432898774,4.611330084896828,3.663796832118065,2.6614901806206244,2.1805084685085867,1.9467368453730365,1.8040817397696656,1.6906699319949126,1.5834370095123556,1.4743594734315335,1.3615336019832547,1.2458617821002955,1.1296918604362614,1.016057086180813,0.9080792512764063
0.9723060987741632,,,,,,,,0.4549907974345953,1.929262839317612,2.3871407813399586,0.8107749362805314,0.11840778778237883,0.6044669694051614,1.3160058081168975,1.666808345050884,1.6994519395068959,1.5931478524386435,1.4440551428708062,1.2881643828379732,1.1369034564352916,0.9928466855816027,0.8555186427429329,0.7238274877406783,0.5974443668847147,0.4776100079827972,0.3672411514245554,0.27025341496572325,0.19037928261171916,0.13004604232784092,0.08980974509466685,0.06849378402612093,0.06386762006595374,0.07366760155968223,0.09724254901938095,0.14050165479394036,0.23648477887195568,0.484358862498952,0.755114500417978,0.38543753561845173,,,,,,,,,,,,,,,,,,,,,,,,,,,,,,,,,,,,,,,,,,,,,,0.004959144584658324,0.05856635350887822,0.07682755675006026,0.44199058758192555,1.178198904368121,2.013161042728781,2.573206951162571,2.781901930680847,2.780879813096318,2.6848164655469042,2.546399643775451,2.3865204555394963,2.2143805560106813,2.0357767187714644,1.85583939553716,1.6795505166229252
0.97439483368023,,,,,,,,0.45711105253630474,2.0009543094693747,3.035918246511999,2.132331383157423,1.451050559165554,1.4833199221279578,1.5998039369940438,1.551826166563544,1.4005502434640962,1.2249004563336383,1.0620368747202578,0.9258059067194756,0.819964915269615,0.7429985456532445,0.689868447882568,0.6533016845736863,0.625402276007209,0.5994510345093993,0.5713169084946373,0.5399265975485672,0.5066791026295527,0.47421977437012425,0.4452117004910773,0.4215850551235595,0.40450908467516083,0.39550505334565333,0.40065709157615653,0.44621934933193436,0.6326382435912463,1.2078270979081165,1.8483810486959396,0.9774067155716655,,,,,,,,,,,,,,,,,,,,,,,,,,,,,,,,,,,,,,,,,,,,,,0.04650894379959624,1.3768098080767552,2.732968501382614,2.540944922405224,2.450103879727518,2.858020183758528,3.359958417672954,3.6408876464995767,3.707579936932601,3.6581861208389777,3.551122096435934,3.4099307272955137,3.2437943139893255,3.0579386103853716,2.857428747873696,2.648056230367217
0.976483568586297,,,,,,,,0.25459640751280915,1.1437447786715356,1.956009330984365,1.8055657163102534,1.598900522371523,1.5980130159312582,1.4990018275535122,1.2710525191828688,1.0048076260180734,0.7547918484728368,0.5438567466737738,0.3836332796056675,0.28144725540912946,0.24075143990179648,0.25980176904916696,0.3305417082626693,0.438768607969387,0.5661284768868474,0.6936648101896424,0.805720071248122,0.892623663756393,0.9511959026910655,0.9832055113154534,0.9926073612949043,0.9820979767001696,0.9483342090948488,0.8738074013435924,0.7168340712525184,0.4315167280129991,0.10475114415552843,0.027047331590536013,0.049160601438466886,,,,,,,,,,,,,,,,,,,,,,,,,,,,,,,,,,,,,,,,,,,,,,0.29055100989244204,4.306758633650526,7.212708429940979,6.816677075138048,6.012850669391671,5.675237928873573,5.605967648592886,5.6369359817716616,5.6856540242555615,5.71254132458878,5.696865505577814,5.627029004755668,5.497438206207241,5.307821314161164,5.062993265623122,4.772173076845466
0.9785723034923639,,,,,,,,0.42034653589120347,1.6080291431748932,1.8503794899886594,0.5092359597154933,0.014768756457954,0.4691286134662859,0.9790138692507881,1.0944413389703165,0.9335411038573022,0.6816169989557992,0.4327774906808749,0.22934081486143115,0.09517270008735906,0.04692211529250328,0.09512927767553479,0.2416848978772208,0.4768293951275384,0.7780464524998012,1.112553882354763,1.4435084399881641,1.737932952678068,1.97325745656998,2.140267063000243,2.242523132483087,2.2944427668249214,2.3214852395873504,2.3669519660342018,2.5104709944207984,2.8820518291025814,3.4173639813191623,2.698488542458169,0.6168394026468349,,,,,,,,,,,,,,,,,,,,,,,,,,,,,,,,,,,,,,,,,,,,,,0.00010261261623705645,0.04252664700394499,0.29724239815468617,0.7828420168671589,1.7170631936195981,3.2295470024449955,4.9212383537145135,6.25337124993346,7.122317346066496,7.668413310014546,8.007488198311659,8.189470685851392,8.228140829909671,8.126552220212016,7.8904485216727,7.533543725340346
0.9806610383984309,,,,,,,,0.3062268002748129,1.3786610116826412,2.3790009752703423,2.1884647728876003,2.012945064882,2.217321486983888,2.3217276527374415,2.199155186802477,1.9736571828109017,1.7427647757240052,1.5534467398666407,1.4332951348208514,1.4048121458668745,1.4876641250128488,1.6959000305664298,2.033161442014967,2.487935014719831,3.0311906820783396,3.6185417864437266,4.197411294290321,4.717089880959014,5.1377963697987274,5.435223711796322,5.598905752649296,5.623999319974543,5.495377163442183,5.163259420041932,4.531229364609719,3.555116726787129,2.445759607579906,1.3373593313706762,0.32140516790721557,,,,,,,,,,,,,,,,,,,,,,,,,,,,,,,,,,,,,,,,,,,,,,0.05917263170927595,0.5607050068370649,1.1200999614701614,1.7535307921548042,2.4181686374633546,2.9707115047416495,3.346095901754084,3.6064135611337633,3.8114377023922197,3.9852986222086577,4.131208978575479,4.243888779996402,4.315686344341674,4.339698480399182,4.311603738231044,4.230659597690467
0.9827497733044979,,,,,,,,0.9924720303116825,3.95873143964998,6.193665023034537,4.961129447283989,3.7691456294717525,3.787674534141037,4.133283842219806,4.338289294035811,4.414213591065339,4.462106034420466,4.54965340880976,4.719598093777234,5.003919807970853,5.4276047280656305,6.006117376126214,6.740131400052672,7.610417691601513,8.575931606356116,9.577510499092792,10.547297416197459,11.420903858852924,12.147566474786043,12.694329326131015,13.042065216310307,13.17040733012646,13.022213098247487,12.432837820251153,11.078161048311115,8.79059228839394,6.188693112763851,3.6374538026645222,1.1762241192123508,,,,,,,,,,,,,,,,,,,,,,,,,,,,,,,,,,,,,,,,,,,,,,0.03059828766816107,0.276224756562932,0.647093905236316,1.0045184808151515,1.2422328005428154,1.388572287794547,1.4774680587735554,1.5387880794066624,1.5889701828051075,1.634201854125944,1.6755662479619955,1.7119239429897368,1.7412627615233582,1.761405150921145,1.7704666762392411,1.7671686677923912
0.9848385082105648,,,,,,,,0.3076147786149471,1.0133018443116693,0.9536577692334569,0.13469878359430565,0.45985503156351826,2.2795551331184445,5.00440468879718,7.464733322925079,9.179424179586938,10.4172706537339,11.500016032068013,12.608886299239984,13.829935597269117,15.199467403667615,16.721784290365978,18.37260583633448,20.099613679101793,21.827136902790084,23.467747675904004,24.938717989162836,26.1776094768166,27.15141990361318,27.858056176709624,28.324999907151973,28.61614596591569,28.86666600254552,29.384754903189418,30.88417917703096,34.73912572204448,40.77782585517539,34.28054580842297,9.500638351499356,,,,,,,,,,,,,,,,,,,,,,,,,,,,,,,,,,,,,,,,,,,,,,0.007530174506984826,0.1411861023277565,0.3726281755954247,0.48768545335866575,0.5959230961802292,0.6932673592011481,0.7517040759778445,0.781239402198992,0.7970483401249147,0.8079168423333424,0.8177672488459696,0.8280323295453506,0.83892851010348,0.85004175257659,0.860624950156724,0.8697906819636378
0.9869272431166318,,,,,,,,0.26475332659320494,1.2621983936119678,2.7536978379537262,3.6539615129114105,4.755964789531574,7.057380669268883,10.093103821632766,12.978670857097548,15.48428161190114,17.806644256117163,20.129932746416564,22.53496841643899,25.02787352067137,27.56798135250639,30.08269173608816,32.476683105738346,34.641742103435924,36.47012893771325,37.87057963846045,38.78230248625746,39.18044000887679,39.06713213405789,38.442273509877026,37.240612395178765,35.204695210483145,31.6825954476059,25.65738012794544,17.103254616725394,8.79612168136433,3.4582933787774914,0.9767077947263232,0.2097597344296403,,,,,,,,,,,,,,,,,,,,,,,,,,,,,,,,,,,,,,,,,,,,,,0.018113890532295177,0.022436984256880316,0.03611208359169362,0.24356369427317126,0.4219805264951591,0.49491778552672205,0.509212626406896,0.5042098511265916,0.49555410827808016,0.48816599530826793,0.48359220035330125,0.48239569725788944,0.4847435451729052,0.4904934824014357,0.4991935401791747,0.510112522715026
0.9890159780226987,,,,,,,,3.6874974351688476,17.34144753328625,28.846074352170362,21.65649967798632,12.985309534305546,9.513859272855651,8.523911480069135,8.399927538418362,8.568345126066307,8.842281288382075,9.169377065603253,9.550315478267073,10.009256008023046,10.579745044431924,11.294361898695982,12.174279241240114,13.218711044106447,14.39668218942352,15.64458205129437,16.871772837090532,17.97332889618332,18.845553657478682,19.397962754425254,19.554519196055427,19.23527057958186,18.31117346864865,16.566842658079132,13.88872846485717,10.91939470008003,8.729744042723114,5.673164601190538,1.3613465641921325,,,,,,,,,,,,,,,,,,,,,,,,,,,,,,,,,,,,,,,,,,,,,,0.07801961215135007,0.3293784833267928,0.17995790454651553,0.021256959120333683,0.049923048066351366,0.16559728371011728,0.2700869246112455,0.3232354765964657,0.3387843228177929,0.33811098376592075,0.33332086799384886,0.32969478360462606,0.32932729215296797,0.33289019472930104,0.34030745210467417,0.3510240569415733
0.9911047129287657,,,,,,,,0.2977285414118292,0.9667771576000903,1.0513209472535847,0.45324396198839423,0.5628945521506389,1.3357879535028312,2.083057379439313,2.42639529772852,2.472210674769081,2.40622109510345,2.3374689298655538,2.3253398988278895,2.411067578582963,2.6297888538473932,3.011521627442191,3.5767945652727566,4.330064488114575,5.253749482727005,6.305784965029402,7.422580847097736,8.526998303733265,9.538911416851656,10.385710507194124,11.011785038946014,11.387982503221101,11.522423339856017,11.470379313876116,11.321758362725504,11.060307843465976,9.973952231000684,6.3726357581816995,2.0592732082433294,,,,,,,,,,,,,,,,,,,,,,,,,,,,,,,,,,,,,,,,,,,,,,0.05330968585169649,0.29822228347236995,0.32305644451436255,0.23067010315236627,0.23562701903138425,0.26824427523945377,0.2849374424553661,0.2866006404584416,0.28123461137409056,0.27413621353720646,0.2681534647677084,0.2648070261148761,0.2648772308909736,0.26862743489211244,0.27588768922269635,0.2861195586065816
0.9931934478348325,,,,,,,,7.460591910410722,25.75050793571796,34.36698362159244,20.56005841679092,8.628968010146359,3.7862684194769374,2.0128088085717555,1.3101707688882547,0.9742516128859549,0.7815684229668302,0.6734502158113238,0.6474786657647482,0.7208159271096576,0.9164718009675068,1.255954733354311,1.7530106806019121,2.4075760812122504,3.201217840659535,4.09604179617014,5.038084551571569,5.9638124929486125,6.805641541448422,7.489961617510247,7.917667393158446,7.914022708659832,7.167905172396706,5.382374854058065,2.982665608021201,1.2834712912700883,1.1453583040385389,1.985147610039925,1.3423760837697047,,,,,,,,,,,,,,,,,,,,,,,,,,,,,,,,,,,,,,,,,,,,,,0.2989675990587989,1.5422979690185752,1.416574633786541,0.6140037294816533,0.2344281449926531,0.13841294183352354,0.15768954288826056,0.20436969157733478,0.2352807521839911,0.24880280901130997,0.2549101986022218,0.25965823290237494,0.2653016423018597,0.2723556949469642,0.2806212785053214,0.28958024696124207
0.9952821827408995,,,,,,,,5.206595905823129,22.84136814436517,35.96481274422464,23.918960541382337,10.681184965031342,4.690431757228413,2.27463528227741,1.2344147615545653,0.7247392453914213,0.4517698257891278,0.30759589638448387,0.25560712857665085,0.29343572937918844,0.43301785752077043,0.6888295448189516,1.0701205740920519,1.5750582442683632,2.186905256052131,2.8732228290386272,3.587980027244156,4.273119492948077,4.850336225894645,5.186813127518609,5.0395849886291,4.168562840572496,2.9151881626807055,2.138416849569769,2.161696595820313,3.054043523613101,5.151230310528489,6.943898458369121,4.115588838549655,,,,,,,,,,,,,,,,,,,,,,,,,,,,,,,,,,,,,,,,,,,,,,0.18956704648227699,0.9598900972050549,1.0559676188879326,0.6317704309106168,0.36615256292460235,0.26889251616089893,0.2485547167769333,0.261678734156197,0.28974929587242343,0.32370192578238854,0.3574538195123322,0.3860819552751489,0.40704204515655196,0.4200605482967466,0.4252804190907753,0.4227677451202027
0.9973709176469665,,,,,,,,1.5169095805092587,7.486132541816925,15.711220600014146,13.333339376744402,6.5543756360268866,2.711781446352197,1.0995869157398892,0.49745110587882685,0.278511102544567,0.19502069853497858,0.16437545475420048,0.16068102539121493,0.1759147220922721,0.2072347476647203,0.25265777816521967,0.3096226602527532,0.3747389400259561,0.44410165017742326,0.5138007657361309,0.58025101133309,0.6399493313942903,0.6882472893765058,0.7166140757966585,0.7084051709548966,0.6392644705384745,0.5074641386178854,0.40291116655146175,0.504407939674461,1.022012396255182,2.118994670638547,2.6233020428820093,0.9515224747979644,,,,,,,,,,,,,,,,,,,,,,,,,,,,,,,,,,,,,,,,,,,,,,0.04169946941284064,0.42845430473210155,0.9846164146219499,1.04062489824979,0.9352663608949603,0.9355478619823672,1.0804108603035911,1.4454023613559384,2.200586949573928,3.4900912586504256,5.126354297411917,6.642416480669936,7.78576110942806,8.593538449105047,9.168858117755226,9.580658546151744
0.9994596525530335,,,,,,,,7.283792194514652,26.013599509476627,36.71525660964747,23.268836326080674,10.07678320439682,4.187683339518781,1.7912884477944913,0.7641211408391159,0.3276796476381226,0.19164015993317396,0.22712829725226888,0.3903509990901412,0.6774410459520672,1.094269054062486,1.6407705157317547,2.302275868751093,3.0450416583477486,3.816609325714502,4.551927888911008,5.184008093806676,5.654793960154475,5.920164824455,5.94430261995454,5.686710132330096,5.115865183076789,4.336440405416099,3.7503297540617835,3.820197855192941,4.879312869504576,7.269119347812171,8.787669536388877,4.665603593096556,,,,,,,,,,,,,,,,,,,,,,,,,,,,,,,,,,,,,,,,,,,,,,0.30842154194055726,1.4743427841456367,1.5049396381164015,0.7440831356339134,0.3085762189485377,0.13565879416983137,0.07025457451942455,0.05427491898197695,0.06640404732622204,0.08595636499292031,0.08945156851551674,0.07258001162012626,0.047448655576207185,0.02497443844792307,0.01055230648940719,0.0061609859109678046
1.0015483874591005,,,,,,,,9.222264716399147,31.670960370906048,43.421591464626076,26.923391727796197,11.493800421176115,4.773820918340465,2.163778140641467,1.146734132295352,0.7305883104877111,0.5567957440081669,0.5162077986639487,0.5900064097526132,0.7895972342003166,1.1334101160860248,1.6353033534275558,2.2961101189655686,3.096824778505297,3.9949817598976507,4.926504883518704,5.813781004371307,6.577580927542623,7.147387119615493,7.463111583600745,7.461452336445806,7.0461878176217345,6.0784564769568386,4.5295362014953895,2.869132133757289,2.0300116584112944,2.6851028341269187,3.9596708127707427,2.582923462613239,,,,,,,,,,,,,,,,,,,,,,,,,,,,,,,,,,,,,,,,,,,,,,0.34990726222757434,1.4034553115750168,1.1938230968253931,0.4448181441661064,0.09527838082906709,0.003756889835102971,0.027504078349785237,0.09316526819788414,0.13840391113559186,0.14170357722380536,0.1190537572320898,0.08889831834311337,0.06135510430862562,0.04105022652596299,0.029997640246547407,0.028842831098005117
1.0036371223651672,,,,,,,,0.23904771847656456,0.6054412037780931,0.4503633124066175,0.020233935972073992,0.27796707157494366,1.0141815086707966,1.6496030287495445,1.9145762270393614,1.9298359815975041,1.8636271062796699,1.8144033764966987,1.837549685069833,1.972461645232075,2.2522068816443626,2.7031381085129746,3.3395073236644204,4.156177945094718,5.122556792879595,6.181079103569505,7.252507549695843,8.247738144963371,9.083036729664341,9.694318272823265,10.046671045332674,10.136827767723945,9.987146067243215,9.627873496955436,9.057196574559025,8.154281317428406,6.493235660264779,3.533060065021956,0.9426166735275407,,,,,,,,,,,,,,,,,,,,,,,,,,,,,,,,,,,,,,,,,,,,,,0.0046045730240818405,0.08336871327992022,0.35815147033873945,0.4937761418001815,0.46033569257783935,0.39775042836291163,0.3410383140150788,0.29100478998709456,0.24546696895052184,0.2037771402465071,0.16654962906866244,0.1350227460252218,0.11057825832788651,0.09439380010168952,0.08719755720857679,0.08912987031259008
1.0057258572712342,,,,,,,,4.583817163647471,18.00415827288205,27.16471977573267,19.459302354182903,11.390191769780914,8.124014035150076,7.063156650625245,6.739829499157527,6.661026885450009,6.681645194268553,6.767604911950022,6.925310229068067,7.17857095370767,7.558247151655464,8.094428364106493,8.80789965129175,9.70075281954395,10.748209767632433,11.895013012702135,13.059252877080146,14.143982332803928,15.053580845558361,15.709435357441492,16.059070901625084,16.07386659597001,15.732585023420283,14.997473064490798,13.834860109985016,12.3751187295319,10.61642399518112,6.561584832252169,1.5296583892072648,,,,,,,,,,,,,,,,,,,,,,,,,,,,,,,,,,,,,,,,,,,,,,0.149961529651088,0.4505043686231592,0.2716307042617738,0.03968538927029179,0.040638169332467985,0.15168618469499648,0.24877030453417204,0.2874372122065449,0.2838668749496899,0.2618368880347808,0.23529489449064986,0.2109683903244864,0.19215358282270195,0.18055208486670932,0.1769385593030342,0.18138123132413328
1.0078145921773012,,,,,,,,1.0762915228642014,3.89632051298061,7.057171623782527,7.718149688314677,7.9920321676867125,9.625915431380108,11.99547250542274,14.237146407827577,16.130891211196854,17.806149105240927,19.394058180196993,20.959665167706692,22.523622491311208,24.083044425354874,25.620717341689357,27.10724953374238,28.50103435445781,29.749711272068307,30.795118381981034,31.581073482663466,32.060216268200044,32.19344858967653,31.932400146018914,31.168437024575418,29.62184383589717,26.680226517364215,21.496691559911667,14.200409268131008,7.171743945933845,2.625900984435646,0.5981147485809102,0.11608616453935948,,,,,,,,,,,,,,,,,,,,,,,,,,,,,,,,,,,,,,,,,,,,,,0.04872426755791899,0.07227401993237574,0.009792963575532054,0.1543977222505996,0.34876359574233173,0.4480783682816318,0.4687964475744668,0.45464468501251354,0.4295855442497565,0.40329867847776124,0.37969340290587644,0.3606896540398746,0.34745317191794445,0.34069332218403253,0.3406816640698964,0.3472340524635044
1.0099033270833682,,,,,,,,0.41801215598654934,1.0549864937089044,0.8789389397919917,0.1279177611368385,0.608213861355341,2.8173437176979537,6.481671898525763,10.332057015450088,13.343951603207135,15.563228805010546,17.38482199443744,19.07692399685199,20.75472126749371,22.440702497535753,24.104070705511774,25.681110954489263,27.089661506758798,28.244747590281523,29.075896988671705,29.542104639800407,29.639414738051006,29.39908646529511,28.87926301661022,28.157041962881706,27.330134949504895,26.54050521985968,26.039803860202678,26.317033628838146,28.154206928206673,31.07356470378354,26.216030116325665,9.231067456174218,,,,,,,,,,,,,,,,,,,,,,,,,,,,,,,,,,,,,,,,,,,,,,0.021098430345077517,0.19233333426440927,0.47794997097032915,0.6035528737189456,0.6630713075207257,0.7040097346721255,0.7197572834329905,0.7178762181473515,0.7081041184120276,0.696415594156336,0.6859285581417278,0.6782709055881336,0.6742912648014902,0.6743447689490587,0.6784013187672392,0.6861065940666309
1.0119920619894351,,,,,,,,2.178806511408879,6.74187965536747,9.969771036030817,8.20413173641296,6.180371650013953,5.709150765781984,5.8610829062819665,6.052895993532319,6.194333846298912,6.33220508980386,6.509949423623079,6.755415184694847,7.086405379365137,7.511944055968744,8.0300887978412,8.624973137736406,9.265468844493071,9.907406433825729,10.500042884302758,10.995376611897639,11.357052795519369,11.565311769730508,11.61578544856343,11.511215402524604,11.243886718582024,10.761760190003695,9.913000991674274,8.432676745581084,6.234105811490897,3.8853521264063753,2.0171200657750794,0.7173834464497569,,,,,,,,,,,,,,,,,,,,,,,,,,,,,,,,,,,,,,,,,,,,,,0.0522537575199838,0.15705990532851505,0.37401338301973014,0.7353833236581041,1.045698191024344,1.2393899489818385,1.3370607296588106,1.3827997435840895,1.406782556492176,1.4230121466478711,1.4367298805993398,1.449374637712589,1.4608627727226542,1.4705508153651177,1.4776616065571226,1.4814945925697711
1.0140807968955021,,,,,,,,0.5412381289924034,1.6425430926531928,2.252014607697346,1.728760260606689,1.5807838175090527,2.0428357981302763,2.4934298292382473,2.6362908498456883,2.577830428158263,2.465837668794718,2.379559041337904,2.356363559146639,2.4160786038201483,2.569094327750134,2.81664933076138,3.1488142779544974,3.5432293182548324,3.9665450488225047,4.379311776219772,4.743322114053262,5.028875093528244,5.219205647848829,5.310633778294376,5.308759627567204,5.221866595586105,5.0521400506966625,4.785031616051126,4.384861705146497,3.831319670753358,3.1619911771800266,2.143539246713184,0.7404134861736082,,,,,,,,,,,,,,,,,,,,,,,,,,,,,,,,,,,,,,,,,,,,,,0.07158914077432564,0.23048477501418846,0.6006857046821242,1.307396895925444,2.080815510388797,2.688979657160804,3.057748595720878,3.2669266319752737,3.400897529800181,3.501079974001319,3.5813914535379343,3.643900752545705,3.686468192142784,3.7060611024592833,3.7002645612135496,3.6679842870000576
1.016169531801569,,,,,,,,0.7107561252914607,1.8500502224916242,1.9489651706262157,0.7633307513979761,0.311538861872685,0.6516906050828802,1.0614810616354373,1.1767494695995382,1.0661688604630837,0.8746144664488056,0.6856061856626664,0.5386096171999507,0.4538037132285961,0.4421334553473529,0.5073716534861485,0.6454419877684361,0.8437419804937912,1.0820014119976162,1.3352643896945304,1.5784564741101799,1.7910601008627083,1.9603032320723444,2.082106332576654,2.1602552406464093,2.20515430210534,2.2338559268069917,2.273124427663016,2.366497663711318,2.5734744084208603,2.836126674941226,2.4129292742622894,0.958331879781787,,,,,,,,,,,,,,,,,,,,,,,,,,,,,,,,,,,,,,,,,,,,,,0.02230410450388753,0.09803064088574785,0.34657579464695326,0.9531497581976559,2.095683562534167,3.857294309549531,5.8418801677527155,7.445267282505679,8.483295686662617,9.100787056339222,9.458255914849314,9.642957040125157,9.69015903759426,9.612183643960881,9.415614999759832,9.1093429486687
1.0182582667076359,,,,,,,,0.43399187579364834,1.4941329179810385,2.6632240563602796,2.708351666834428,2.2477243614734292,1.8600610974684437,1.5036241988797037,1.1631680377093412,0.8553401050602248,0.5883121338297546,0.36634187753902614,0.19443307769312665,0.07800573257204542,0.020968623297888477,0.023704626321590767,0.08155620763182103,0.18430592226272408,0.3170672559459653,0.46259884754796854,0.6044124574996477,0.7295683597477313,0.8301306449066248,0.9028446869137928,0.9472048800902656,0.9622038368036142,0.9416829041686211,0.8685499253856115,0.7145257357855992,0.4757312660255051,0.2755288611294184,0.28052997243935907,0.20117512478396302,0.0012842409373780741,,,,,,,,,,,,,,,,,,,,,,,,,,,,,,,,,,,,,,,,,,,,,0.8814147502147616,3.7614563337789155,6.327134024081401,7.627766693263559,8.814011681383539,9.899228791914457,10.595200245920958,10.976508078310266,11.17482149056873,11.249979459438867,11.215260324254043,11.068297856040356,10.80613464230583,10.431295871754337,9.953674541849388,9.390107630964
1.0203470016137028,,,,,,,,0.7394327862050775,1.9126205636189557,1.9892797115199483,0.6476159155077154,0.05937645242646766,0.363720906009031,0.8266735166472258,1.0223406095082295,0.9806109022620644,0.841183973113687,0.6874454964440669,0.5547916541331435,0.456307544419392,0.39507122443459014,0.3685765197905876,0.37047993690746034,0.3919504332579389,0.42330669465168763,0.455810033658158,0.48311693213922735,0.5019456230891858,0.5118743409742829,0.5146015577400828,0.5132259490788295,0.5121540526120135,0.5183827330376495,0.5455678352978528,0.6238337310970238,0.8158357194622977,1.1707403751323062,1.2842274435016217,0.5891100964587961,0.008217976187713149,,,,,,,,,,,,,,,,,,,,,,,,,,,,,,,,,,,,,,,,,,,,,0.030553127235057743,0.2636784677627118,0.7025397699087045,1.151956097677408,1.9129646426355846,3.1356245685824184,4.451158479541735,5.3602529104961105,5.782438439102278,5.892909040629965,5.840608091686948,5.700457565724585,5.504693137872912,5.268088093329357,4.999870796976152,4.708257454312649
1.0224357365197698,,,,,,,,0.5553540487389829,1.5534696979190417,2.1196994355403325,1.6894298559262955,1.4395112945298283,1.567334605692419,1.6786535740569257,1.6313886290570128,1.48970845867948,1.3229056762351386,1.1630904418844283,1.0214399552784168,0.9005484891420771,0.7992839508329896,0.7145317640741969,0.6421344283017418,0.5777857999985258,0.5179381174937574,0.46049464090363956,0.4050396522795643,0.35253230939489943,0.3046237505077568,0.262872501683194,0.22804386198584414,0.19942751268704162,0.1738153419670282,0.1438729682408139,0.09859521908350248,0.04326430389257038,0.07182440962019801,0.2897714398972803,0.3001065664724781,0.013428676109854662,,,,,,,,,,,,,,,,,,,,,,,,,,,,,,,,,,,,,,,,,,,,,0.9175379557693689,4.111546560471147,6.113500194611072,5.573329823618672,4.79189518381041,4.36347361866369,4.128325916732092,3.967193295937431,3.8278522406389497,3.6886555562147714,3.5406796081806173,3.380682929835158,3.208425199398891,3.025596982326675,2.8352461918162697,2.641280349066548
1.0245244714258368,,,,,,,,0.8735068351833742,2.3357298793200103,2.995994427588513,2.0646314159084707,1.44577741381404,1.512206417659865,1.7213936978300584,1.787147825250299,1.7210086592025482,1.5940378443524985,1.447863287733579,1.2996045396478448,1.1552449889483303,1.0164299878768952,0.8832578918640769,0.755506586112001,0.633304391916991,0.5175105311331683,0.4097902246265105,0.3123477540988958,0.227396253165788,0.15656704908466776,0.10048675675923158,0.058674401291986665,0.029864169646350327,0.013138311872286802,0.011746044866555155,0.04731002803291428,0.2071991950957794,0.7110432473239722,1.4449662411587654,1.1570973859185045,0.06614661146815876,,,,,,,,,,,,,,,,,,,,,,,,,,,,,,,,,,,,,,,,,,,,,0.33161149784522803,1.7424517843508665,2.563499565277612,2.3259352199649856,2.2803161953067232,2.4937365051175453,2.673442643989409,2.717735772073754,2.663331335841218,2.5572944305109764,2.425400422971159,2.279483076244519,2.1255945644726717,1.967938698073469,1.8102767409918552,1.6562027112959419
1.0266132063319038,,,,,,,,0.9857584887947335,2.4010995165819087,2.5394671416326027,1.0412182565824253,0.2994225000128768,0.5394031719983857,1.0443111340537194,1.3568497295178459,1.4411519388268355,1.401295200980191,1.3107099540008305,1.2023041190157362,1.088376466707105,0.9729623986164294,0.8573281316757885,0.7422969332351851,0.6292277768141934,0.520299647096346,0.418321696463606,0.32622509097379343,0.24644902878873107,0.18044899238281667,0.12846421397880453,0.0895209157803691,0.06150124096148982,0.04107158521422818,0.023730373147426338,0.007274626723856339,0.013375754685363464,0.1397361257297363,0.4040589002790829,0.32977750742861267,0.0196320750564433,,,,,,,,,,,,,,,,,,,,,,,,,,,,,,,,,,,,,,,,,,,,,0.012077318659905767,0.09478146624865696,0.3652519323884258,0.8192945032191897,1.3004785382903907,1.6589445439149568,1.8261403961897662,1.847453334731663,1.7900278197153736,1.695201805266441,1.5827495991224214,1.4619959408154,1.3381405776393822,1.214925591301639,1.0955331152693115,0.9827365825258434
1.0287019412379705,,,,,,,,0.6951659914587341,2.0116794937566356,3.031741230539373,2.6391913231632325,1.988095842608772,1.642630322717338,1.4507516607649251,1.3129895541583565,1.2028884667590625,1.1120879933647643,1.0356609395619474,0.9699522316130103,0.9117994603837033,0.8580993622222326,0.8058090512291741,0.7522956888683486,0.6958228063730048,0.6359233827022548,0.5734601481349242,0.510318185778214,0.44885779356726396,0.39137319319809366,0.3397945758631139,0.2957868667665516,0.2613706131390715,0.24038816626009046,0.241900518058269,0.28884853524513115,0.4375873210605564,0.7632061921169304,0.981837049287734,0.49624780841133875,0.023278221463423295,,,,,,,,,,,,,,,,,,,,,,,,,,,,,,,,,,,,,,,,,,,,,0.8806871115688842,3.177838014811268,3.981555907149371,2.975707636576154,2.122668730221224,1.6849473532153612,1.4523789519813841,1.3027971035646873,1.1846382391540697,1.0776176669355733,0.9744832617884276,0.8734983850158466,0.7753212198972245,0.6816110737733982,0.5943049816144248,0.5151747909615007
1.0307906761440377,,,,,,,,0.9434000733072051,2.3573366288286906,2.5593480546595564,1.0223099491383896,0.10144419779274794,0.07849600322956658,0.33228023262223,0.5080291553985398,0.5688011029724266,0.5731067737645248,0.5634312893203405,0.5585078586768432,0.5640122522330473,0.5793198375524005,0.6006411349164683,0.6226824069209084,0.6398846550429071,0.6475154753193285,0.6425159189659638,0.6239093799766068,0.5926777672471131,0.5511894427840692,0.5023866138854244,0.44892689275299497,0.39235250965267016,0.33226718756127716,0.2658377537577896,0.19019609903230517,0.11762062709929066,0.10890718583103197,0.18212319229428287,0.11125737678837826,0.004665050208393211,,,,,,,,,,,,,,,,,,,,,,,,,,,,,,,,,,,,,,,,,,,,,0.10860116624040198,0.19855298502994953,0.18469689882093934,0.33623485497917066,0.5786129771138152,0.751815728084739,0.8131275535819338,0.7955390939408576,0.7377958884403549,0.6625938784725919,0.5810620801288404,0.49891837296328667,0.4196815842608781,0.34593127047618005,0.2796707573320831,0.22234899030906174
1.0328794110501045,,,,,,,,0.2991063406820438,0.8786632777723746,1.326036488007722,1.0632853841914587,0.6415905520231927,0.3795093386084153,0.2320535252936441,0.14728976885072517,0.10029768553261727,0.08130361994571678,0.08702493707942545,0.11588452761724592,0.16561162336686902,0.23217896242451863,0.3095633215804027,0.3901325756277762,0.46555144981333874,0.5280302560594101,0.5716102192590101,0.5931068201907039,0.5924189814588539,0.5721517516959074,0.5367669048993943,0.49162635900117385,0.44230133526752285,0.39454219241501987,0.35581368180521666,0.3416639888877022,0.39516374168340346,0.5959535952207377,0.7895406137274813,0.46013860638799153,0.035565887002184285,,,,,,,,,,,,,,,,,,,,,,,,,,,,,,,,,,,,,,,,,,,,,0.1928778994396365,0.8004439396809202,1.3698553804940403,1.3309904455138197,1.086197179070875,0.896751809542925,0.765728561075795,0.6645802077208228,0.5763783001043468,0.4938426297471984,0.41475290226060907,0.33929593139753533,0.26871801570420106,0.20460103890657055,0.1484238619500791,0.10128130524844288
1.0349681459561715,,,,,,,,0.5630474453298588,1.316994426164935,1.4069760542178165,0.6178540268220436,0.11412562075968519,0.002786807733786922,0.011174073035736703,0.025124445951253335,0.03702684394520722,0.05990933823507464,0.10169674367481638,0.16441472047921013,0.24605293072149556,0.3415068375975598,0.44314968878358624,0.5416415699235919,0.6272082900006342,0.6912745313722101,0.728049522528751,0.7355486094906629,0.7156939829544247,0.6735153334617349,0.6158411372480317,0.5500241544139066,0.4831716743437368,0.42227353776423404,0.3760611948489372,0.36184064438377705,0.42622120418813886,0.6582078786791592,0.9040858044503364,0.5624638643301048,0.049824768935873905,,,,,,,,,,,,,,,,,,,,,,,,,,,,,,,,,,,,,,,,,,,,,0.19749727537571846,0.48404474616395643,0.5498599014357468,0.5610886116511323,0.6181916904570299,0.6591156754456159,0.6568017972693755,0.6212648440259262,0.5672006360076407,0.5042040490606702,0.4377451529866448,0.3712300692336319,0.3071617446557221,0.24758465586238199,0.19416427667526145,0.14812667466780827
1.0370568808622385,,,,,,,,0.49019244286988317,1.337825830240906,1.8565495635963856,1.3785141163347772,0.8156036769490116,0.5304571494778417,0.4047444193588454,0.35646774417126736,0.35394427714645205,0.3840953315559716,0.4402625521068197,0.5177296787620599,0.6113856282540899,0.7144152446256881,0.8178629595929657,0.9111108664326483,0.9832616616505846,1.025152036168811,1.0313693598855678,1.001475211041396,0.9398803353226904,0.8543951678668646,0.7540200216061258,0.6466775435479508,0.5373023067392497,0.4263578091798036,0.3094252707393883,0.18318023197281727,0.07868086408425748,0.141083222065736,0.476049217785638,0.5046773820086041,0.07910217148059052,,,,,,,,,,,,,,,,,,,,,,,,,,,,,,,,,,,,,,,,,,,,,0.0029500908029962726,0.08770645360126897,0.44884027179833375,0.7556211231244689,0.8361571609617979,0.8140990542305938,0.7643569378211903,0.7092153649559263,0.6530734147733926,0.5962896241206653,0.5389561044905958,0.48162618770045246,0.42528747112223786,0.371176974295933,0.32057666059675644,0.2746279496491053
1.0391456157683054,,,,,,,,0.8483753614638104,1.9596477904640324,2.1542814774392083,1.0802249190123248,0.37163508601402745,0.26124541268750096,0.3732979152325197,0.496337615784211,0.5869912281005264,0.6590250212725509,0.7281206841653006,0.8021607629081772,0.8827971552296974,0.96731792164756,1.0497188547952618,1.1216302453145537,1.1736571055353506,1.1972714528709456,1.1869009934097967,1.1415074962498124,1.0650012692627755,0.9653388193321303,0.852796169762724,0.73829511578773,0.6326588501820354,0.5475797514143749,0.49957962722247673,0.5207171080211164,0.6838850839212035,1.1029746098370878,1.5217993863526753,1.0409700407386357,0.1388925804668428,,,,,,,,,,,,,,,,,,,,,,,,,,,,,,,,,,,,,,,,,,,,,0.12247114281289435,0.3647749800516614,0.5692909160532479,0.6465572234992714,0.6791503419545243,0.6949972940807371,0.6904897541065301,0.6694130004773403,0.6378211478025819,0.6000470929052475,0.5587097944252521,0.5154868388834931,0.4716494630455408,0.4283110554522662,0.38649500107812057,0.347110577091357
1.0412343506743724,,,,,,,,0.5052163203116922,1.20621945897376,1.4510964959205872,0.9473477390836281,0.6019443344733283,0.5791327315952953,0.6602187291526781,0.7310276751558588,0.7790468581013515,0.8177128952006588,0.8569389331732921,0.9007794696547965,0.949471641366622,1.0006536888793678,1.0498837442176414,1.0911066956803843,1.117479981620241,1.1226531220052285,1.102252487628446,1.0550657080095731,0.9834239794827788,0.8925897853880551,0.7893800105433831,0.6805020243751785,0.5710247198345095,0.46321426683657146,0.3562313601996133,0.2497697785827033,0.1636207718089859,0.1833499264208516,0.35910697849694706,0.33735875440752766,0.06220188512979416,,,,,,,,,,,,,,,,,,,,,,,,,,,,,,,,,,,,,,,,,,,,,0.23104840836458726,0.6930179758717787,1.0093482919466534,0.9718370351384162,0.8365714593508249,0.7360992180488221,0.6696763348774445,0.6208889996727743,0.5796963984255248,0.5414110888077172,0.5041745266378073,0.4674779297563996,0.43143887080499427,0.3964522941076127,0.3630076674026331,0.33158010115114017
1.0433230855804392,,,,,,,,0.9695010545075485,2.409429339765736,3.075778335499748,2.111497004949494,1.211276773882713,0.8639520587253855,0.7671756291400437,0.7360439663696453,0.7193250932021525,0.7100653608862235,0.7086024034622955,0.7151849727790329,0.7291834801444055,0.7489436719573253,0.7716403417154071,0.7933005621170768,0.8091625172778062,0.8144065114477339,0.8051164293280105,0.7791718011298088,0.7367424044759923,0.6802120957687421,0.6136180892375654,0.5419028496979804,0.4703521063153474,0.40461327345452974,0.35195318442065,0.3255223914640549,0.3539145261089459,0.4681584853092585,0.5115900483263794,0.22818360919463,0.01521598217560118,,,,,,,,,,,,,,,,,,,,,,,,,,,,,,,,,,,,,,,,,,,,,0.014941440187280273,0.04634736035359121,0.21348793447666217,0.4135376450402976,0.5342449762220018,0.5869178978751824,0.5953502659653902,0.578794093390815,0.5495329481689359,0.5141427322994694,0.4759927669929662,0.43695455102079883,0.39825529801532344,0.36083522871989915,0.3254645547663157,0.2927577084112146
1.0454118204865062,,,,,,,,0.44832085142796235,0.9427316536245768,0.8653868884435107,0.254332021451115,0.014627867339865576,0.13197210157115805,0.3075335542225779,0.40292260746225533,0.4231243638103663,0.4058454356196672,0.3766865585879469,0.3486208016736186,0.32788346792941164,0.3173418241919264,0.3177652808401695,0.3281585326867028,0.3458737018261728,0.3668953018225012,0.386464616285353,0.3999862984233105,0.4039706844634376,0.3967087804099455,0.378496481294581,0.35144595507189286,0.3191215351768853,0.28638172240877513,0.26011723475819615,0.2527791024762301,0.2923490544274273,0.4177193286280014,0.4998352468067122,0.24860965094221393,0.01891238567538147,,,,,,,,,,,,,,,,,,,,,,,,,,,,,,,,,,,,,,,,,,,,,0.7527830096580579,1.9802411810741318,2.211956357742923,1.605228034212197,1.1398569056177035,0.906133088516029,0.7840104166026037,0.7063817362236187,0.6450762960084342,0.5890168643854148,0.5342388991243902,0.47979697128993126,0.4260659794725982,0.3739852975309428,0.3246716832513691,0.27918506844233343
1.0475005553925731,,,,,,,,0.6695600206355129,1.797718595150298,2.5479976202046477,1.9731579268732025,1.206200276797719,0.7726884881307249,0.5417813516210831,0.400324252305783,0.2992591570443282,0.21939723982767387,0.15417055156880363,0.1025212926655906,0.06557138587754296,0.04480737170129258,0.04094148970468837,0.053154009818413485,0.07870170585181295,0.11299858644864257,0.1502330759869388,0.18440536872867846,0.21046270834115569,0.22513425997812686,0.2271926304409848,0.21711619436199994,0.19635173069647632,0.16655727954940885,0.12967909229608554,0.09169844447517812,0.0782059148947027,0.16115216590448733,0.347248170377351,0.3195090566256466,0.07124495823507947,,,,,,,,,,,,,,,,,,,,,,,,,,,,,,,,,,,,,,,,,,,,,0.025001524402095764,0.15161179867829344,0.4402823718381997,0.6768986057374375,0.7970307014534749,0.8385104182539039,0.8290834354784368,0.7907563328943578,0.7370152336688403,0.6746751080646207,0.6073047738986949,0.5372886959799722,0.46669992456454906,0.3975553388140372,0.3317919139867145,0.27113549769077216
1.0495892902986401,,,,,,,,0.6809731583689841,1.449490502855518,1.4345945330527758,0.5550644023078259,0.06805457836031537,0.0500493020099193,0.15231602221073393,0.2038195604610595,0.1942882422388811,0.15474711568954985,0.10810069473352432,0.06640025258981368,0.03570308657951427,0.018932494380398974,0.016892585040213882,0.028498517012771278,0.05088653912274334,0.07975215442651815,0.11003447109404169,0.136850945995281,0.15642674284235147,0.16674185821521043,0.16776038980523358,0.161331259716906,0.15105785048596793,0.14265298326926923,0.14594429127785324,0.18233511056885848,0.3080264598545193,0.6354149947786302,1.0458197561723195,0.8175997849096993,0.16304996862334803,,,,,,,,,,,,,,,,,,,,,,,,,,,,,,,,,,,,,,,,,,,,,0.7645396350938857,1.8989364849201704,2.0389096044582233,1.5127234642670977,1.1630831218697548,1.000768081908034,0.908859941837898,0.8358721425480775,0.7649275875936326,0.6912479547407788,0.614252593312287,0.5350347709046694,0.4554651039781153,0.377761570363348,0.3041864323791384,0.23678914470832393
1.051678025204707,,,,,,,0.0018494230150186031,0.21795765199150383,0.6354785144686785,1.041499734894419,0.9818139449386954,0.7458036724171976,0.5782393692891145,0.4691603110017167,0.3899219118373364,0.32673738933234664,0.2737117513006673,0.22887083925226073,0.19219089944040466,0.16432307105084504,0.1457502722226377,0.1362633924271687,0.1346983925196682,0.13892563534760405,0.1460943081018262,0.1530933768158254,0.15711485989659857,0.15614605768919435,0.14922621056052993,0.1363862413713978,0.11830006441797351,0.09576393818598102,0.06923848118786172,0.03920910803449585,0.010392964490843872,0.00933110915688987,0.11834821856240367,0.36078892201786084,0.3651477700246864,0.08557058118109048,,,,,,,,,,,,,,,,,,,,,,,,,,,,,,,,,,,,,,,,,,,,,0.35579565272287794,1.5158952494228843,2.159302102110859,1.7223203217985825,1.2596793167134677,1.00657817936094,0.866811378811183,0.7730133475091605,0.6952730121116707,0.6215503399255528,0.5476915747674098,0.4731370274767989,0.39902428357906145,0.3272564156461163,0.2599594752970712,0.19911473961028892
1.053766760110774,,,,,,,0.019999661146872814,0.8541734393506129,1.8250830522967028,1.9304241855157562,0.9571708142144287,0.3283756862168406,0.2296685651224807,0.3174631277680168,0.395599346382735,0.42534869765413597,0.422023674866283,0.402534365941129,0.3767284883754329,0.34960678744557955,0.32356588440318523,0.29952672058989116,0.2774560125426118,0.25669437272029716,0.23627460932773636,0.2152570013806641,0.19302395419001026,0.1694583321630434,0.1449660489399532,0.12036257050935484,0.09668788765773965,0.07504077917658379,0.05664228245474246,0.04413008303675771,0.048890226150415966,0.12034671995745509,0.3951316292112888,0.8522473585445639,0.7721196841332854,0.1789197581105887,,,,,,,,,,,,,,,,,,,,,,,,,,,,,,,,,,,,,,,,,,,,,0.23512894203824675,0.7841299880736392,0.9820994083036766,0.8344285027362557,0.7479788961427037,0.7259186315414763,0.7080464785859291,0.6775520044930228,0.6357608673472152,0.586343946137553,0.5321806290882872,0.47556346829059504,0.41860440617114986,0.3633751078877144,0.31185192846237136,0.2657739242461118
1.055855495016841,,,,,,,0.0040310603117279685,0.1223856852143088,0.30044268187908946,0.4168238589767477,0.37907097622103086,0.37205308193570563,0.44423185419547334,0.5292567098444022,0.5857757182606692,0.6119153787571655,0.6169871492933197,0.6078687376916377,0.5881275497857782,0.5596411924355227,0.5237222690671987,0.4816385804094403,0.4348075611096893,0.3848433237183134,0.33352758710632957,0.28272138053956747,0.23422715022759225,0.18963175227356624,0.1501819632911801,0.1167450949720903,0.08989271036495917,0.07014614788277536,0.05849466726337558,0.057577329911751296,0.07478001942832864,0.12963656859246922,0.2534637287002385,0.3766784181958876,0.2628551690366818,0.05138870303798475,,,,,,,,,,,,,,,,,,,,,,,,,,,,,,,,,,,,,,,,,,,,,0.8979392011885083,2.5096124641953823,2.8169988577915275,1.9701954002163966,1.3451899131077005,1.0506007391447896,0.9143245021872121,0.842091750281143,0.7939525041067981,0.7535948126118347,0.7146640021857033,0.6751434713537713,0.6349897511309793,0.5950727567284836,0.5566411461481794,0.5210052383420161
1.0579442299229078,,,,,,,0.04944586306703878,1.011693584307985,2.15713056407294,2.4683350704445806,1.5759890914461485,0.8653920587752111,0.6287773146535278,0.6086218433706978,0.6459547396049624,0.6867098959001221,0.7176277136463676,0.7352483218109789,0.7378357991224901,0.7243460709406749,0.6947295138949436,0.650255314031336,0.5935954679427529,0.5286116852016295,0.4598654927791721,0.3919518144703308,0.3288240167847694,0.27328629206673655,0.22675419237738176,0.18925733682728357,0.15954668629591887,0.13514187050890236,0.11235718309311184,0.08743523182503317,0.06416391241009428,0.08231814402851888,0.2523137689646138,0.525317530647607,0.3853531037064578,0.059952812555227296,,,,,,,,,,,,,,,,,,,,,,,,,0.0017216538507350164,,,,,,,,,,,,,,,,,,,,0.006044740173163388,0.010911099540143092,0.16572653404486962,0.4438181099849182,0.6895201455367503,0.8520767677155954,0.938940137805912,0.9760652420365034,0.985204899706346,0.9787536097691438,0.9627995848643282,0.9403546456766021,0.9131939812750434,0.8827083834642281,0.8502314412212271,0.8171080263236329
1.0600329648289748,,,,,,,0.009219152616951517,0.16196810457177493,0.3456978501888236,0.3311317159500885,0.10222105128129033,0.020300965178447743,0.12607657459309088,0.30246742250568726,0.46397196762166276,0.5878526278992018,0.6801178686812779,0.7487693602214643,0.7974685637803418,0.826797844628654,0.8364221304994905,0.8266404349544906,0.799212140984529,0.7575361466191677,0.7062874496161974,0.6506834072001201,0.5956321410049171,0.5450313210624275,0.501396759377555,0.46584201142217874,0.4382816539931263,0.4176449375247339,0.4018665789679117,0.3875463773479738,0.370033504885363,0.34741786102241784,0.32640313976955665,0.272551299644558,0.11526290998993725,0.008861923061611562,,,,,,,,,,,,,,,,,,,,,,,,,0.004360147735305297,,,,,,,,,,,,,,,,,,,,1.1219497650632142,2.760796354726756,3.0753225947174196,2.2362867374326454,1.5844264715729945,1.272067791859371,1.1366738462222297,1.0789636798295315,1.0534172110587072,1.0397375304687415,1.0287899000684713,1.0164788869033718,1.0011057301020214,0.9822163802906198,0.9600757792352795,0.9353910937512963
1.0621216997350418,,,,,,,0.07406014488886936,1.028858754108065,2.191987009470264,2.5626174603872025,1.7028482855723157,0.9345843390093697,0.5970631179701017,0.493980043980032,0.49623408301716576,0.5462294821512335,0.6175533066764255,0.6964108638578662,0.7742743875238718,0.8450605403527172,0.9042280138705264,0.9486847438750391,0.976945987466954,0.9892270435521309,0.9873021005070779,0.9740902985429419,0.9530499294201626,0.9275396059955183,0.900306248526987,0.8731837381033104,0.8469724560018286,0.8213687382668801,0.7947946857705452,0.7643821311077533,0.7287159398052251,0.7025130143383896,0.7366344272817948,0.775242919551605,0.5073593086512553,0.1164989477905207,,,,,,,,,,,,,,,,,,,,,,,,,0.004548300073676764,,,,,,,,,,,,,,,,,,,,0.07378486715172113,0.12519791310822118,0.20751813599536587,0.36586970576856037,0.5260747085869149,0.6458939226099417,0.7227639813570558,0.7693026906276769,0.798136462227443,0.8172064302388284,0.8305352955857017,0.8398605136555856,0.8457982146432308,0.8485174742499138,0.8481047242176735,0.8447453293977846
1.0642104346411088,,,,,,,0.011474000677824794,0.14366414789075496,0.3112702369357788,0.3516841116810353,0.20558456969631786,0.1077911590378596,0.11904795044844,0.19176676461976558,0.2849188705284724,0.38149704042840177,0.47794665772266093,0.573817005699057,0.6680064977815787,0.75831377878929,0.8419153260770974,0.9159755008973489,0.9781742758322026,1.0270764978023226,1.0622969785983813,1.0844406156550084,1.0948349967101683,1.095108647736725,1.0866683766993555,1.0700616504807936,1.0440562893886496,1.0040433552262187,0.9392606295747306,0.8294837106814559,0.6486274150029399,0.4013813607411689,0.2125805339462539,0.26366592552287477,0.29495334607882107,0.09569541453864722,,,,,,,,,,,,,,,,,,,,,,,,,0.02923779226025866,,,,,,,,,,,,,,,,,,,,0.21416299231954955,0.5559530045176371,0.7812787849183992,0.7315024196536697,0.6201271238012402,0.5515238685900034,0.5212955592089499,0.513430082590433,0.5179619165582025,0.5296873843210246,0.5458504003918999,0.5647970882028008,0.5853338500242825,0.6064654686392411,0.6273226693337658,0.6471745961103946
1.0662991695471757,,,,,,,0.06698791278823246,0.7393821133211459,1.5828388441516867,1.7511900470357067,0.938949667395805,0.3147668984126157,0.13114809787066434,0.15893060833633693,0.24522216795645663,0.33729865945954735,0.42612168110919,0.5125540350823956,0.5972973250117993,0.6795104899869275,0.7572900561656272,0.8283002321425385,0.8902773352471333,0.9413989277390203,0.9805260929802736,1.0073170788452064,1.0222160885003608,1.0263475357675411,1.0213855447214473,1.009511383667848,0.9936255648437383,0.9780906307738054,0.9705457083272221,0.9859436442622708,1.0550001973465317,1.2366888424279114,1.5843446023744627,1.8152919303148238,1.2627501427778602,0.34012735620006906,,,,,,,,,,,,,,,,,,,,,,,,,1.4481398003589867,,,,,,,,,,,,,,,,,,,,0.08846314659911222,0.15405487029393414,0.17976204147139627,0.19194419508765068,0.20535685843329926,0.21836161906390908,0.22952518577695608,0.2403142827362189,0.25282548627626744,0.26864179340134575,0.28864206254748337,0.31309112391571314,0.34175989180287475,0.3740352151080992,0.4090305586447121,0.4457055536943324
1.0683879044532425,,,,,,,0.01685227980018958,0.17387308196395881,0.4025234470214469,0.5314000916996244,0.428692384456304,0.32285776131848604,0.2974503568388531,0.31791241185378893,0.35780467715577,0.4067435001153564,0.4607916766343828,0.5177196061570795,0.5756187132890817,0.632564755764234,0.6865634454724817,0.7355991391719676,0.7777462380420912,0.8113259916666714,0.8350816127214962,0.848323676907245,0.8509824806100652,0.8435063164783456,0.8265568018019533,0.8004413017917771,0.7641451039088656,0.7136764160585581,0.6394293889594975,0.5236288706388171,0.34607750154557804,0.12520478936635623,0.013504063148383967,0.21493488160403207,0.3724697822946725,0.15387407530814057,,,,,,,,,,,,,,,,,,,,,,,,,0.010943440843987217,,,,,,,,,,,,,,,,,,,,0.0024679666503943797,0.03722943939850814,0.14891050740881445,0.18403461175353183,0.1538854352682344,0.12235085927261487,0.10311041186967165,0.09465315541684248,0.09489348711346948,0.10287293889909882,0.11827772725225763,0.1409421586632342,0.17055208953917184,0.20650447181660295,0.24787874786566036,0.293489478577218
1.0704766393593097,,,,,,,0.047635121407328826,0.4446674408136167,0.9654591545310155,1.037374230797382,0.45205506043725224,0.056958444151470104,0.02551141194593799,0.1442172932062998,0.26629459155751073,0.35352623589109194,0.41344742157365316,0.4584195929800979,0.49599472561887026,0.5295780793285809,0.5601537596039283,0.587394896986964,0.6102911764575075,0.6275664374036549,0.6380300025141612,0.6408852778001938,0.6359511147740452,0.6237460947445946,0.605435480862269,0.582715137149416,0.5577762755218834,0.5335655497113306,0.5146987829835242,0.5097807455295087,0.5367588327578156,0.6321027797373936,0.8340994635748239,0.9830368615886939,0.6856477498047365,0.1970204481754829,,,,,,,,,,,,,,,,,,,,,,,,,0.36743640293484486,,,,,,,,,,,,,,,,,,,,0.13144106990801943,0.20349400847502802,0.1556644824801491,0.08819719622002205,0.05292699951594057,0.03463183642828591,0.022841621327076036,0.01547607818490168,0.013210416750282285,0.01720702949451683,0.028449290071653716,0.047548370790406615,0.07467173502440745,0.10951751174074065,0.1513335651750727,0.19898794129780717
1.0725653742653765,,,,,,,0.03449412410557482,0.2965949951290125,0.6455919532173564,0.7258809379366206,0.39849619469868963,0.16980028241926123,0.14129540842220586,0.18935700047492032,0.23830619561675956,0.2720143834823135,0.2953132293883688,0.3142047825012859,0.33205868484303297,0.350109387494277,0.3682219859753091,0.3853884561954235,0.4000929479360455,0.4106732744089262,0.41570285744206215,0.414332105863929,0.40648961696586944,0.3928659755707203,0.3746702712164893,0.3532117891459765,0.3293636723567592,0.3029009826726506,0.27166699305474806,0.23094140975935032,0.1757607432970159,0.11538709543120039,0.10219366618832594,0.16207651617799035,0.11986945881253239,0.018779863031534796,,,,,,,,,,,,,,,,,,,,,,,,,0.19491087662372641,,,,,,,,,,,,,,,,,,,,0.04783424666427957,0.10029085841216176,0.16381278295258692,0.15729821629831317,0.10854287110654873,0.06525972690356424,0.03549079847196998,0.01644272178293409,0.005866018170239373,0.0030199315371100734,0.007960673605693261,0.020946210776556087,0.042082513789519924,0.07113925136217919,0.10748422034286996,0.1501080264591334
1.0746541091714434,,,,,,,0.023696349005353484,0.20253861692657385,0.4816970191540115,0.5879660139640464,0.32946960758392596,0.11906657189387461,0.0743717217548885,0.09440571440649845,0.11713206266472274,0.13213877358356446,0.14432558338698842,0.1578918984324891,0.17428639190237555,0.19306455545448298,0.2126481346014202,0.23082632118407234,0.2451937638787527,0.2536109490768587,0.2546508240678353,0.2479238216589978,0.23416876489001853,0.21506231345838123,0.19280297866766538,0.16960965710540907,0.1472998111796873,0.12710253104605526,0.10993723388091448,0.09786835008280617,0.09904090908929125,0.1402823066837189,0.2690075002780451,0.40269839340643904,0.25307822828677895,0.040684462121631244,,,,,,,,,,,,,,,,,,,,,,,,,0.012323416946465172,,,,,,,,,,,,,,,,,,,,0.18277812462411022,0.3038413821588303,0.2611435633974686,0.1769490269604193,0.13297232108695622,0.10934726825242258,0.0906571466131087,0.0742889326235352,0.061377141791379854,0.05339084350402738,0.05144941923577779,0.05626729692495096,0.06816507083032379,0.08707061706555355,0.11253072270336649,0.14375476385226033
1.0767428440775104,,,,,,,0.05626303194032426,0.407530233342621,0.8439549414704359,0.908829358996155,0.4618054145621623,0.12404806772999936,0.013887864379979251,0.0018604123260916362,0.013780562451869939,0.03004100784304082,0.04923565793645372,0.07216963728116653,0.09844654542274549,0.1263770713457381,0.1534002885080117,0.17657741909801053,0.1931292742719139,0.20097123377902132,0.19914303864533459,0.18801586292018,0.16920639591175243,0.14522284295508886,0.11896284120510535,0.09322448722969813,0.07035971310452553,0.05212565104007445,0.03975876426909358,0.034548273256580116,0.040565164575276244,0.07516607386206806,0.18633240053708475,0.36807644149308893,0.36407966310004974,0.14221515227139106,,,,,,,,,,,,,,,,,,,,,,,,,0.010165810696863557,,,,,,,,,,,,,,,,,,,,0.15787667485817514,0.4710909727356575,0.691086962573727,0.5845441272101118,0.41479304360685265,0.3058632028582967,0.24443748788952455,0.2081281898873555,0.18512216251666572,0.17038453562197317,0.16202254679418657,0.15942472066184188,0.1623951534033038,0.17075906508530814,0.18419554711274355,0.20218979652150837
1.0788315789835774,,,,,,,0.008040564737771438,0.06525808957790981,0.16997773501682806,0.22467829525724609,0.13402564059614003,0.04543636723468204,0.012836115729562626,0.007774833719617384,0.013996336987689022,0.028753232361915144,0.05171544401054624,0.08160636081527405,0.11609634978425683,0.1521263820800671,0.18625683773441817,0.21508806990733265,0.23574065823820176,0.24630453632679672,0.24613533074042562,0.23590069389185947,0.21735326303238334,0.19289994199187696,0.16510224519114433,0.13624753623304672,0.10808932874200315,0.08183281237741143,0.05859295312425086,0.04134983102908167,0.04235272200549724,0.1063348575066662,0.33941208971389153,0.7133515292272125,0.67432083334961,0.22150966657036175,,,,,,,,,,,,,,,,,,,,,,,,,2.3575463605638256,,,,,,,,,,,,,,,,,,,,0.17825967827928874,0.3115349027819816,0.2558945178076434,0.19702897948732656,0.2330642216723166,0.2901689155295028,0.3262179066119649,0.3398755314629881,0.34081955983970064,0.33682481255128305,0.3322606936787786,0.32929018631717144,0.32890156288592814,0.33146774885327407,0.33701415845200916,0.3453497890323328
1.0809203138896444,,,,,,,0.07875001010449906,0.5017733103197821,1.0263855496186367,1.1551294846179416,0.7108874242889658,0.3355564501015642,0.17526420343296886,0.1196003104585505,0.10617830625858499,0.11502263421748476,0.13896818024539084,0.17354976691854407,0.21485130462097415,0.2590142187367885,0.302152015524419,0.3405143357717359,0.37081894732790827,0.3906355668220078,0.39869201920944425,0.39499551305543845,0.3807217620209236,0.357905703571687,0.32903394724719837,0.29665856737391777,0.2631224495975797,0.23044677541189118,0.20048140891236046,0.17588053746317664,0.16441903666997007,0.19395626501673227,0.3332156218053998,0.5648515081944782,0.5160851456402454,0.17329114293127815,,,,,,,,,,,,,,,,,,,,,,,,,0.04544003419845577,,,,,,,,,,,,,,,,,,,,0.5280184235262663,1.6670248497496478,2.087732346884238,1.5217702114652105,1.0134308381590167,0.7562323999570576,0.6388957566577936,0.5852187591218263,0.5601624415552804,0.5484568736032288,0.5434114331927147,0.5420370640249859,0.542945789307931,0.5454386848905344,0.5491106626981808,0.5536829906367092
1.0830090487957111,,,,,,,0.0017649853084172249,0.01139641203508877,0.02648837787276117,0.02058765035097684,0.00014803500263843328,0.02337212441507729,0.08300764296593574,0.14525446683733065,0.19567066673319403,0.23798726959142752,0.27920204817555994,0.323267691695257,0.3709476732670661,0.42084785369345873,0.4702493353936063,0.5157351805114708,0.5537518968670541,0.5811560642944413,0.595706259057317,0.5964105670649288,0.58364527155858,0.5590216805336481,0.5250693890253038,0.48488391517754803,0.4419359592056502,0.40030657900483774,0.36588118608121706,0.35007656517836977,0.38104802091101325,0.5327828612645796,0.9426266340719102,1.4859163870831373,1.297673129958121,0.4425136777043299,,,,,,,,,,,,,,,,,,,,,,,,,0.08140600987814452,,,,,,,,,,,,,,,,,,,,0.1555738962049416,0.27205474366183374,0.1615856468449675,0.11164060782971447,0.23327867872933386,0.40548218621428905,0.5439166457237872,0.6307992315036375,0.6801459464315637,0.7084613428776247,0.7262107300015164,0.7387447660786569,0.748500732658658,0.7564820337189779,0.7630496531802713,0.7683130865935107
1.0850977837017781,,,,,,,0.08759455025928986,0.49237193763814174,0.9584629477025091,1.032168692510629,0.6440168239012601,0.38807169387499885,0.3478090257967114,0.3827230850923618,0.4210408972284807,0.4525257677137572,0.48274368845719573,0.5155123897660925,0.5513243696110073,0.5886631767152225,0.6249948337180158,0.6573617677756207,0.6828250093289009,0.6988615540806747,0.7037094772763818,0.6966009067086258,0.6778221674287064,0.6485792325432446,0.6107010833451489,0.5662507106257376,0.5171116441747368,0.46459035135540494,0.4091091177442381,0.3504800728697764,0.2910285094241067,0.2477450950605655,0.26878517474991415,0.345823347706107,0.26215656882282284,0.07053127613593216,,,,,,,,,,,,,,,,,,,,,,,,,0.6004045047043329,,,,,,,,,,,,,,,,,,,,0.9491181934468599,2.5556305818556218,2.9102174439862027,2.0569967691983133,1.3803539900259507,1.054299131874804,0.9157009496215346,0.8622408057864395,0.8466828307896882,0.8477401183222641,0.8555862595094229,0.8655236812542016,0.8752125200966813,0.8834467801078684,0.889613349230459,0.8934499195939176
1.087186518607845,,,,,,,0.0019165632188666488,0.009288975065522724,0.02220348265430772,0.04845787458732309,0.11436635611113093,0.23212906632512142,0.371221400072559,0.48654575725142474,0.5598902208095196,0.6011456539795359,0.6249746643902782,0.6404358399484893,0.6513985157664054,0.6588663687068185,0.6626060905060245,0.662053524252466,0.6567779737049241,0.6466720270284118,0.6319560347086512,0.6130726286750595,0.5905552170751123,0.5649490385468243,0.5368353402691132,0.5069799482697762,0.4766344725947364,0.44810588208866586,0.4259673803531022,0.4199910304540922,0.4526395548681482,0.5744041462475733,0.8516326013338089,1.1116068588171815,0.8190841346837447,0.2608816892419535,,,,,,,,,,,,,,,,,,,,,,,,,0.3189201484998711,,,,,,,,,,,,,,,,,,,,0.0995118251703543,0.13847204855488648,0.03842553608838403,0.03953358329066436,0.19697630791435392,0.39561290955722733,0.5582584627042776,0.6661567101607088,0.7315560116733965,0.7708184370104271,0.795025484709635,0.8101823011602787,0.8192524452616983,0.8236824401714535,0.8242595173000593,0.8215379997764815
1.089275253513912,,,,,,,0.05626803046349992,0.26877481812402315,0.46336673298359465,0.43018615808191313,0.2650589206079672,0.2711192132774456,0.4098590195484392,0.5478171721257162,0.6259288099853507,0.6513714103494763,0.6459230932495689,0.6240938971675086,0.5929956145616944,0.5560430173269949,0.5154251524837964,0.473261451175147,0.4319442046811136,0.3939886907723868,0.3616053631437373,0.33620386920070644,0.3180394166096299,0.3061471883265834,0.29857970003833617,0.2928291730248028,0.2862577653792331,0.27641466558870537,0.2613359475019204,0.24053018409540525,0.2190218571752792,0.2189798725970755,0.2862873371120956,0.3812300314434027,0.2788369570850638,0.08273617662052854,,,,,,,,,,,,,,,,,,,,,,,,,0.044955496561182286,,,,,,,,,,,,,,,,,,,,0.6951426541521819,1.662509687728285,1.915804519118138,1.4109658622598484,0.9773398330028865,0.7599755274990748,0.6655763614495387,0.6280320438816471,0.6151403171590832,0.611887252212993,0.6112346207194261,0.6099015885303397,0.6064527183453171,0.6004154012606118,0.5918552659900029,0.5811513399888899
1.091363988419979,,,,,,,0.004623408464587879,0.025818866304874132,0.07353348541436029,0.16366473386900487,0.28292363254224623,0.4193657180163675,0.5498791931458384,0.6328686671490757,0.6560387213711241,0.6358325550119676,0.5907113844437407,0.5317955238328298,0.4649159850865641,0.39371794863554144,0.3214339441249192,0.25158221020491434,0.18799415868405325,0.13441298159188575,0.09386096938618935,0.06800816721885955,0.056787276357890035,0.05842195538063883,0.06988004519270438,0.08761372203749344,0.10839750366808396,0.1301654819412396,0.15300353539781913,0.18103254475176964,0.22728594380854628,0.32407719777737637,0.5124267658417727,0.6599768334220922,0.4208582662673312,0.09013253204088605,,,,,,,,,,,,,,,,,,,,,,,,,0.010666402698958927,,,,,,,,,,,,,,,,,,,,0.04823967774894807,0.038253243802967414,0.0041754572154939235,0.045693860112188275,0.14536898353600558,0.24127107161383132,0.3089249540812333,0.34960038322305687,0.37155210421850365,0.38165640369000514,0.3841133426080382,0.3812743792125372,0.374528558057444,0.3648515833279382,0.35307811624537316,0.3400045380800562
1.093452723326046,,,,,,,0.024399723751355094,0.09495293250527215,0.12977945703784743,0.08475729371095327,0.09035299738807394,0.23903599314445323,0.4384219833627416,0.5825696002475231,0.6377111485644419,0.626756485839237,0.5795889346208689,0.5147020751422992,0.4415277626138018,0.365224917936957,0.2894864949920107,0.2177252489046199,0.1533499400040459,0.09954394213296627,0.05879798332235063,0.03241769061030124,0.020214294283916696,0.02051890545778879,0.030534331040435753,0.04691470931828159,0.06641931735703567,0.08657631077127355,0.10659776028637973,0.129670501485771,0.1703629627370052,0.27559639063029107,0.5457290605349706,0.9488535422877256,0.9500750491810743,0.4396772399293185,,,,,,,,,,,,,,,,,,,,,,,,,2.218416564221851,,,,,,,,,,,,,,,,,,,,0.33194042311363925,0.6730175996808145,0.7452216291766197,0.56159929104489,0.4002709600197892,0.3161549057452054,0.27781967984714717,0.2608132982810225,0.2525869960159615,0.24706057937218526,0.2413338851958209,0.2341235707043756,0.22502924495325796,0.214170281962291,0.20198253696004012,0.18908102105537816
1.095541458232113,,,,,,,0.008558958484640928,0.047768962539076566,0.13476413322081957,0.27918489029816085,0.429833440672116,0.5731546568610665,0.700371300210097,0.7741704403989054,0.7863782707468637,0.7573977934594102,0.7078182450182616,0.6495033113781326,0.5882389054347669,0.5270085220109333,0.4677535701195484,0.4120989797673275,0.3615568745701682,0.31746957047773755,0.2808272816006511,0.2520636083737898,0.23092364153775166,0.21647154304442104,0.20724994930335927,0.2015484141828902,0.1977204323363086,0.19454704457836408,0.19187811527060764,0.19262173410376374,0.21007987582970533,0.29099822579329143,0.5445975262590449,0.9541906013793436,0.9501146854828285,0.4095499364296717,,,,,,,,,,,,,,,,,,,,,,,,,0.6663280837007299,,,,,,,,,,,,,,,,,,,,0.03865789260235248,0.035085677496598085,0.03366007960950221,0.05398535911692728,0.08499749338800655,0.11335976849769379,0.13421141808634182,0.1478239765694918,0.15571090147965128,0.15909267845622668,0.1587090704737312,0.15501726390429887,0.14840200681449078,0.1393100222393796,0.1283064437363658,0.11606975585763961
1.0976301931381798,,,,,,,0.010615839683425287,0.030684925585931166,0.02186828666518774,0.0013588779885853866,0.09877072020431775,0.3349955301668239,0.6014302611899436,0.7928680598211235,0.878509075095784,0.8887640219169729,0.8605147556941846,0.8162252773124004,0.7667192077406252,0.7167864179524276,0.6684905312926724,0.6226913892248268,0.5796976474158317,0.539552070121441,0.5021676706452143,0.4674005393303305,0.43509311676743584,0.40510516365161275,0.37734825633678404,0.35184682004449713,0.3288692083296465,0.30923061803408614,0.2950528670726946,0.29188120985119104,0.3149720617892479,0.40561030473676185,0.6412368788370378,0.9581964309107887,0.8707035848166504,0.3645498575116582,,,,,,,,,,,,,,,,,,,,,,,,,0.022341902918111806,,,,,,,,,,,,,,,,,,,,0.05609456561406037,0.08877517715670227,0.1311080555556102,0.141340908447752,0.12900051702051119,0.11884963239087433,0.11540953762178738,0.11641876350639249,0.11928560725154279,0.12210139178656365,0.12356097117371737,0.12281949406354091,0.11941257367977502,0.11321747045849435,0.10442225793490505,0.0934809586662588
1.0997189280442468,,,,,,,0.011205890694139665,0.06453176509092831,0.19017133429901764,0.3911423511896128,0.5783180347003319,0.7418625851420109,0.885492556839282,0.967602468489876,0.9781993833094851,0.941361449465988,0.8815297540633485,0.8127443965547514,0.7417609708703865,0.6718996292436492,0.6050765858479304,0.5426400923101544,0.48565638443452286,0.4349638992767442,0.3911317607312932,0.3543904522580411,0.32458194331637424,0.3011632025807385,0.2832760781607541,0.26987296948758116,0.25988075403115773,0.2524375710277971,0.24749937803270033,0.2481873440498906,0.26999447458389897,0.3694416820924274,0.67862970408256,1.1850226310030307,1.2296646322620814,0.6086064383778096,,,,,,,,,,,,,,,,,,,,,,,,,13.243611266748193,,,,,,,,,,,,,,,,,,,,0.06417041860002996,0.05568155578328707,0.0276821158735576,0.023177998543862953,0.03437094908002343,0.04964559888742446,0.06479604520398763,0.07860058675832045,0.09071064944668832,0.10089257206388512,0.10882906161577711,0.11414342077931529,0.11649297618383278,0.11566670838192164,0.1116579733266837,0.10469813521174356
1.1018076629503137,,,,,,,0.009291688954708586,0.031834961607833986,0.05148180651508282,0.08172072035405543,0.19850406420002953,0.41725563448814595,0.6518577766990995,0.805115936950316,0.8486418821107908,0.8133043652820243,0.736036108841372,0.6399348303166057,0.5373399414122662,0.4354217677794184,0.33932415079692907,0.25339035772641305,0.18137787084732782,0.12619584595416006,0.08948314470233105,0.0712668953031784,0.0698850049769114,0.08225809379944857,0.10446954832791377,0.1325202489727553,0.16312704171675024,0.19455057536434114,0.22766866819394393,0.2678972505216,0.32900104144067494,0.43720966818544615,0.6048742998014517,0.6724877885561192,0.3852772733229758,0.07706299775612523,,,,,,,,,,,,,,,,,,,,,,,,,0.547766818754005,,,,,,,,,,,,,,,,,,,,0.05766149811171484,0.06979231462857705,0.07809302194403595,0.0813716358217491,0.07914985687008975,0.07928340823030831,0.08367047414190774,0.09133202901540244,0.10091181590280641,0.11120360692354976,0.12117631327171963,0.1299506480061067,0.13680242997734726,0.14118881679587086,0.1427804995451278,0.1414830699088329
1.1038963978563807,,,,,,,0.005102099577765067,0.03897926737492111,0.1475234504301774,0.3422820043204527,0.5259603183373167,0.6870989434466034,0.8326921035340128,0.914422430966191,0.9136762607657481,0.852081801354531,0.7560804875290419,0.6430200046567736,0.5233676146417644,0.4046271602928842,0.29340178434268127,0.19595257661192333,0.11790393935399017,0.06353492218580947,0.0350009762989966,0.03180331748163074,0.050744666961620874,0.08643303866974582,0.13217153924362002,0.1809089616884967,0.22589971421544233,0.2608403566664219,0.27955390093341054,0.27617409153337724,0.24945282783912423,0.2191765216513743,0.2458984243660282,0.3317896185008461,0.25787164776873023,0.07685807093961794,,,,,,,,,,,,,,,,,,,,,,,,,0.0119170016433204,,,,,,,,,,,,,,,,,,,,0.0882600699498693,0.06195529630091502,0.009437806661511557,0.013212605567992837,0.043585607718822444,0.07301694832744961,0.09716013155477254,0.117421992394139,0.13533192263662944,0.15168425953906214,0.16666806596951192,0.18010690831030818,0.191651245971878,0.2009178902589683,0.20758930211420376,0.21147936599806752
1.1059851327624477,,,,,,,0.013041461179299767,0.05563106328664018,0.12777570232435456,0.21873932728113984,0.3410571392561264,0.5458358085920558,0.7951196524071935,0.9905604422951834,1.0822611993612048,1.0864234986610248,1.0364602147721114,0.9567698556815359,0.861939099465504,0.7613792539150459,0.6624426723045068,0.57166497119383,0.49484558678540846,0.4365358947606255,0.39935589197359517,0.38349254559662077,0.3866440161666407,0.40451036791672323,0.4317348590243184,0.46307208859951116,0.4945823718436779,0.5248397754112252,0.5564717787689047,0.5988273180849807,0.6729615425970065,0.81654466396091,1.0509266541066562,1.1815553671647492,0.8346379311177321,0.3131723223981921,,,,,,,,,,,,,,,,,,,,,,,,,0.027679572267901575,,,,,,,,,,,,,,,,,,,,0.3150178021732284,0.5344783093279262,0.5196356809885758,0.37743811366655394,0.2803108421532316,0.2390297840019858,0.22870266894302588,0.23391701912246773,0.24694042278925063,0.26370637752771686,0.2818318225199895,0.2997465395424068,0.3163167871570389,0.33069298684866594,0.3422595649759169,0.3506252665517878
1.1080738676685145,,,,,,,0.0007085492108169218,0.01909352183069772,0.10702467441665615,0.29693797665654315,0.5161119650670375,0.7560522642842696,1.0235903225854595,1.2500991379072666,1.386910843635271,1.442423723667566,1.4442724444378787,1.4138847788350979,1.364003697654385,1.3023670712978526,1.2345700208229426,1.1653866564298645,1.099081552862281,1.0391894142653726,0.9880978306295335,0.9466868595102123,0.9142026989947746,0.8884257612437336,0.8660481838106393,0.8430522754235332,0.8148193612730216,0.7757065948336294,0.7179685156567001,0.6306063161289404,0.5015214257211336,0.3331676814268506,0.18027124572801093,0.13585158008577833,0.13231898516246215,0.0627145569681707,,,,,,,,,,,,,,,,,,,,,,,,,0.17413118191760654,,,,,,,,,,,,,,,,,,,0.002174678071491116,0.18632939628448003,0.23576299165242656,0.17324561268871994,0.14821114489978035,0.1940640742051499,0.26040429914497254,0.3214105197428954,0.3730358869672711,0.4176931169109748,0.4578298914484258,0.4946339096759205,0.5282783829298393,0.5583654767113929,0.5842716986680082,0.6053820926146349,0.6212395759540834
1.1101626025745817,,,,,,,0.016224466539085162,0.07310271799372742,0.1879393579357074,0.35216555916485104,0.5327277840815177,0.7843267272453841,1.1090790904757217,1.4159108572111871,1.6353569332107858,1.7656558018198716,1.8332776901993966,1.8609508416944196,1.8619576425950866,1.8433333588723348,1.809114807686943,1.762175748652061,1.705032641859758,1.6400834290839916,1.5695774493504009,1.4954986899446743,1.4194770379601451,1.3427940719621863,1.2665135071009745,1.1917547623375788,1.120164868387271,1.0547645853574936,1.0016341191414555,0.9735955215101632,0.9984566998832108,1.133232173934401,1.4447849297859008,1.74361426478632,1.3929618416240734,0.5595224585582436,,,,,,,,,,,,,,,,,,,,,,,,,0.5257628582629258,,,,,,,,,,,,,,,,,,,0.017561407067708507,0.7435670213781999,1.3265244619219858,1.34961533130775,1.0266995512945982,0.7951604520982397,0.6978117768551518,0.6776135845635632,0.6968457578485897,0.7360626671595436,0.7849322822061786,0.8374107459875363,0.8895344604950829,0.9384343605695048,0.9819262224793995,1.0183728902853557,1.0466602733028856
1.1122513374806484,,,,,,,0.0033021731033315823,0.026310488989828018,0.11359492565634889,0.30342552921286103,0.5507492842890637,0.8523756461541372,1.2106561642333418,1.5492851938095158,1.8037018506613822,1.9709531816725148,2.075233569294878,2.1371729756032836,2.1679605182057675,2.1724383410041983,2.1524903305990057,2.109160734069291,2.0437939946551733,1.9585718324875718,1.8566510936310623,1.742000209313398,1.6190094119738119,1.4919666739424915,1.3644972031537506,1.239024222391737,1.1162185090069907,0.9942995433529751,0.8680619139038356,0.728126179419639,0.5637695981615157,0.38009447616818964,0.23925688556951588,0.23830980896199383,0.255919460244978,0.12850602787481286,,,,,,,,,,,,,,,,,,,,,,,,,0.3666900002144901,,,,,,,,,,,,,,,,,,,0.011500708429080672,0.3352461600304092,0.6176137756328811,0.5980196667282898,0.47989772112494505,0.50084383451251,0.6143152203367918,0.7449999517414754,0.8619974684329276,0.9621954884387031,1.0499666806054129,1.1288101895864264,1.2000285509815,1.263394387539058,1.317961598141783,1.3626528933180144,1.3966297293219985
1.1143400723867154,,,,,,,0.015683709679645073,0.07004183359310369,0.1900597310566575,0.38361477769809965,0.5990994930947598,0.8559544404410283,1.165115629014646,1.4599134824345652,1.68257420160383,1.8279479388639586,1.9149867070872535,1.960529202624561,1.9738272908863204,1.958969341623716,1.9178003875825087,1.8518420627708687,1.7633499271576372,1.6557676001859518,1.533726915736593,1.4026946780063292,1.2683925986496114,1.1361652969825096,1.010487166012201,0.8947628324141165,0.7915206853674767,0.7031042998658266,0.6331759545679383,0.5901005262209035,0.595249945460846,0.7003049754405583,0.9830310643810813,1.3166202911818872,1.1256345742709346,0.48368116904116765,,,,,,,,,,,,,,,,,,,,,,,,,2.015831180050027,,,,,,,,,,,,,,,,,,,0.030359531537914472,0.7583051859840625,1.5656528281691975,1.7523119050735612,1.4292324530408962,1.1593192682223434,1.0388719284843568,1.0094485806286952,1.0260883798663816,1.0648831063459825,1.113296433063967,1.1643245915998683,1.2136939314143316,1.2585738736449867,1.2970137691669394,1.3277176240120403,1.349960105933103
1.1164288072927824,,,,,,,0.009487733580455852,0.04412167804241388,0.1306892659176651,0.28689822720341784,0.4773318644109282,0.7050769093317976,0.9665276064069335,1.2016920849810886,1.3656063376638001,1.4589649097578539,1.5002895382023564,1.5045106596427433,1.479724695325188,1.429938253914648,1.3577445009304305,1.265920904978363,1.1581695783035606,1.03926033493673,0.9147426695631294,0.7903708651910303,0.6714152009998673,0.5620489585909171,0.46496008405996386,0.38123822756280185,0.3104759333790455,0.2509593838158195,0.1999000315150913,0.15413380565311585,0.11331957858226142,0.09052742605393534,0.12509241194898163,0.2161867156353364,0.20084449927269285,0.08394101390277404,0.0011873288209592306,,,,,,,,,,,,,,,,,,,,,,,,7.220596106703004,,,,,,,,,,,,,,,,,,,0.0258387873517443,0.551598850014032,1.085464132584678,1.0351536423339993,0.7028537694480631,0.562590905476012,0.5932967478468352,0.6816944811941011,0.7660667919538826,0.8309196375117922,0.8795460546940399,0.9176646267158193,0.948949426655098,0.9751222338486377,0.9967988190415678,1.0141242923706748,1.0271354452429975
1.1185175421988494,,,,,,,0.01462413539581229,0.06214663516460002,0.16626074227794346,0.3265545348386968,0.4794006120421738,0.6313461834992437,0.8016793362363744,0.958182078808294,1.0710206529274091,1.1379919542222863,1.1689614698543338,1.1723643360102063,1.15267132943788,1.1119102323599774,1.051419377199082,0.9730263044062477,0.8796649023609181,0.775515742827536,0.6657341333111002,0.5558621073022496,0.45108685431037465,0.3555499810305503,0.27188353982459623,0.20105277651014888,0.14247693020953295,0.09436597998733247,0.05440050334855599,0.021685599527729152,0.003185287156752919,0.030206797512774716,0.16685989610826898,0.3734769856532242,0.35119724428291516,0.14848250416916153,0.004526305378252818,,,,,,,,,,,,,,,,,,,,,,,,0.058688299560410793,,,,,,,,,,,,,,,,,,,0.00746154477997557,0.1845489859786231,0.5709069519551175,0.8436655540979392,0.8055899897045337,0.6998090499569047,0.6342562123723008,0.6042310485599186,0.5939424726944861,0.5938499959694233,0.5991225559369319,0.607378691363777,0.6174162956036153,0.6285859775782908,0.6404948595676834,0.652872945609953,0.6655178630628862
1.1206062771049163,,,,,,,0.014550871138754353,0.055934750135416385,0.13616835769914312,0.24950008205624716,0.35339364312060867,0.45736616193361435,0.5725726233981575,0.6772052996335556,0.7553702458906225,0.8088033372413408,0.84466646123489,0.8676919245384928,0.8794243718755603,0.8795308100506898,0.8670427280443065,0.8412327272709748,0.8021957527001587,0.7511678719614256,0.690565870772479,0.623745880313492,0.5545459219196497,0.4867508816271877,0.4236517362403158,0.36784607533094876,0.3213717974492566,0.28624131397780245,0.2655254577264975,0.26540765436936536,0.2989178745305652,0.3890369109522601,0.5412717699096774,0.603566859667027,0.3562087177315972,0.09205995405306149,0.002917731877937523,,,,,,,,,,,,,,,,,,,,,,,,3.712519576671547,,,,,,,,,,,,,,,,,,,0.05793857488067976,0.6622264172832678,1.125945962114797,0.9831821237752016,0.5690964220056745,0.3418104384786351,0.2803118240557594,0.28300923223157115,0.2966501168648433,0.3062018053072214,0.31213690434730806,0.3177642835772649,0.3255199684387492,0.33669962654332275,0.35183435852465655,0.3709917191388654,0.3939483689529527
1.122695012010983,,,,,,,0.019540832155046366,0.07372350446578714,0.1675862820807634,0.2591887404682552,0.2863527023101732,0.2960536305012583,0.326740507573502,0.37090180909829595,0.41533055930777574,0.4553332405928993,0.49138748476546656,0.5247120737748175,0.555699267642423,0.5838203151154107,0.6079165380084738,0.6265430953508487,0.6383039498380951,0.6421568264220144,0.6376483547215992,0.6250252015263903,0.6051779836259974,0.5794085366539589,0.5490448146229309,0.514930424585443,0.4767716899766817,0.4322692422482445,0.3760902723631991,0.29980477091699764,0.19797021266622544,0.09328853920028098,0.0772518206916312,0.21641839198314936,0.25650586069427767,0.10256248845922789,0.004323422179383881,,,,,,,,,,,,,,,,,,,,,,,,0.09330775372528971,,,,,,,,,,,,,,,,,,,0.009904866128134716,0.06569528698474952,0.12140910782296165,0.18459449437029307,0.20243367327324385,0.18808900100825643,0.16810524497105575,0.15093168947493393,0.1382563380178786,0.13061110551755467,0.12849654491691045,0.13243705909937442,0.14286833946191857,0.16003214267039337,0.18390763522714113,0.21418369676793916,0.2502713776303245
1.1247837469170503,,,,,,,0.021634865928662633,0.07499609611521846,0.1569935396324274,0.2265422408911785,0.23254185155605764,0.21566258205367708,0.20879804666925353,0.2124109673351587,0.22263651897615366,0.23764402648713276,0.2566357223587913,0.2791289776252223,0.30477306250278924,0.33325480806793223,0.3641867982595212,0.3969906926635279,0.43080736287257343,0.4644691841024057,0.49656352435649864,0.5255945581113266,0.5502193426672699,0.5695136523902699,0.5832364276079898,0.5921224714299617,0.5983476541297185,0.6065070088151284,0.6258332028840717,0.6752499055908991,0.794485028105258,1.0625318035025326,1.5744140839365977,2.1153896608629728,1.8678166068491255,0.907118556626486,0.07397947741791222,,,,,,,,,,,,,,,,,,,,,,,,0.4347011858831414,,,,,,,,,,,,,,,,,,,0.056145167423762674,0.4378124154286863,0.6360305958804323,0.46506088004935847,0.20100592964974998,0.07817369570293649,0.04618199526079252,0.03884943933460799,0.032931380914945324,0.026804055720229637,0.02373969748025758,0.026468258485916045,0.036523051745660846,0.05456126137726714,0.0806431971507702,0.11438392704481887,0.15504632332269122
1.126872481823117,,,,,,,0.03126998205650999,0.10248049818740439,0.19023047261517997,0.21363684262354082,0.14595652734227893,0.0861799021870078,0.06701640573531124,0.07121941974099061,0.08230525955408366,0.0932648419888483,0.1028645483377626,0.11195845528843981,0.12195496375946256,0.1344025413838016,0.15085748399094767,0.17272645232253056,0.20102793234698776,0.23611774225154072,0.2774660137467779,0.3235735476991881,0.3720701890355885,0.4199552734014847,0.463846770933323,0.5000272569693307,0.5240150778650153,0.5293588702990663,0.5055763154124513,0.4368042031052281,0.309395464765156,0.1508439029548232,0.10637385661912431,0.3530234973174747,0.575889406939426,0.37716259167185534,0.03970590715129148,,,,,,,,,,,,,,,,,,,,,,,,6.096259566633817,,,,,,,,,,,,,,,,,,,0.013746916498158278,0.06963216596190197,0.10957667685887765,0.15932854359421766,0.1725946335339487,0.14720453359252492,0.11060765943275375,0.07645158226310465,0.048638026641211564,0.028173970457782707,0.015567832424974525,0.011315199757836505,0.01585855088198574,0.02945662936864294,0.05207832105652664,0.08334807095705653,0.12254610276960155
1.128961216729184,,,,,,,0.03623950848823637,0.1155340897216134,0.21406775600402717,0.2549132105764571,0.198835080740598,0.13020847397723975,0.08716500990078839,0.06318605604503813,0.04884004406792633,0.03863262828685544,0.030018848285892626,0.022334644965182303,0.01618734622217351,0.013083650330639705,0.015116966402024633,0.024611879214688707,0.04369136488617616,0.07380070599375123,0.11528353714251764,0.16713740469418845,0.22705659706087128,0.29180099380948415,0.35785053719051013,0.4222788264300413,0.48386652945640996,0.5447315540596822,0.6132948542749325,0.7105571444446482,0.8838497264197612,1.2307676253893096,1.8787435936932575,2.605656849129775,2.410489304369881,1.2384965064160893,0.1354058015580763,,,,,,,,,,,,,,,,,,,,,,,,3.1128953213023265,,,,,,,,,,,,,,,,,,,0.023680247346276335,0.10136337986545146,0.07130168553869719,0.005892842532654712,0.032504967080603527,0.12612379451659878,0.20952529137281556,0.25148758865491927,0.2587243765080642,0.24823672802319138,0.23310284485254615,0.22082752164735903,0.21526011459762756,0.2182352474378412,0.23045791843933705,0.25191921357925595,0.2821002982430564
1.131049951635251,,,,,,,0.052271886114407445,0.1548192034592587,0.25616996828718536,0.24811476680336608,0.13714696362017983,0.05780004649303663,0.03149111169892621,0.028207361315480912,0.02866143338006474,0.02720527822675777,0.024077054635073872,0.021018741413108468,0.020083405029522702,0.023481706804455337,0.033511103903917094,0.05234242130318126,0.08166815568294508,0.12229203400325109,0.173777499264016,0.23427732413814567,0.3006184846145384,0.36861654607572797,0.4334731062205749,0.49000903916558075,0.5324255225419614,0.5532777473894372,0.5415641622540114,0.4811667114736935,0.35601444626984613,0.17948640088079182,0.05816102120422076,0.15690730478167653,0.31703986408764473,0.23485757144683192,0.037323678550330135,,,,,,,,,,,,,,,,,,,,,,,,0.21769753903120911,,,,,,,,,,,,,,,,,,,0.011957920397520154,0.04529456437114201,0.13658354484192398,0.43410988262342476,0.7944744791891373,1.0341219192901785,1.1387120745441655,1.1555534746625749,1.1304629838255291,1.0908493054904753,1.0497352623830714,1.012801021064714,0.9825615106910766,0.96019118873638,0.9462065842912311,0.9406964893975657,0.9434027900518778
1.133138686541318,,,,,,,0.06397227719126033,0.19622580694230912,0.3527571671662532,0.4072663272883906,0.3105011052364414,0.20093095097630292,0.13566530923500733,0.10353890408927958,0.08992783794741854,0.08658383556362388,0.0898191796409133,0.09854298610023512,0.11303496590573688,0.13419620411888097,0.16303511148255484,0.20025893467520342,0.24593287053737675,0.2992326069064799,0.35834952332394376,0.4206036718669867,0.4827788315885762,0.5416374815991439,0.5945403330861152,0.6401231871934625,0.6790939106719192,0.7154146634792182,0.7584623934791638,0.8272602654771917,0.9579799605744092,1.2090003171130486,1.6038841004552336,1.8340240531179763,1.3053985970364708,0.4790943203602434,0.04457985562479058,,,,,,,,,,,,,,,,,,,,,,,,0.06897836362076984,,,,,,,,,,,,,,,,,,,0.02259424306684575,0.1500847204140171,0.43972670076044634,0.9717345494838654,1.5720650180691855,2.14019686536399,2.611738317433198,2.914739591379418,3.0536389104864674,3.0840226462937093,3.0571036514402508,3.003591546496003,2.9389318137418443,2.8704233669249857,2.801570290726868,2.734212782752577,2.66946262610853
1.135227421447385,,,,,,,0.07152972893345698,0.18782300300528182,0.2673191266519381,0.20451283428432365,0.07509251555994015,0.031019109183398657,0.06290886241467948,0.11738622737871096,0.16566095636388503,0.20313481198037298,0.23442676030984377,0.26457179765085587,0.29691485207091,0.3332794801114744,0.37435675389311446,0.419914495470543,0.46888994173736387,0.5194805550571467,0.5693089393705976,0.6156806474121957,0.6558934048501657,0.6875071150691591,0.7084593644487752,0.7169104675548315,0.7107092476001724,0.6863847979022837,0.6377040643028646,0.5545839905255022,0.4257987689442951,0.25417438867725234,0.08878796048175656,0.01621919599746409,0.013944694235229193,0.002654209683418013,0.0006008949695092709,,,,,,,,,,,,,,,,,,,,,,,,0.011641205295683176,,,,,,,,,,,,,,,,,,,0.011459066667099012,0.01436286711871739,0.0664028325321892,0.4784181631345868,1.3191909007861966,2.4535831882334644,3.7211572829180724,4.830513738933353,5.572373820819607,5.964725294700173,6.12626869926766,6.156831292379305,6.114118351640391,6.027105045640905,5.910038599201062,5.7706155496085305,5.613942549999811
1.1373161563534517,,,,,,,0.10604658850521549,0.32720922546650694,0.6166912954119604,0.7817450567704457,0.7024092392523728,0.5760591704890085,0.5085816413319875,0.49117991330982974,0.5028703142599176,0.5309846415459528,0.5688568708031281,0.6127592023371964,0.660227911809339,0.7091978422055124,0.7575606030914225,0.802995484480093,0.8430104428349374,0.8751478277733666,0.8972945964830542,0.9080143140822566,0.906812798052592,0.8942788337088912,0.8721063217055819,0.8430871841427948,0.811246922270699,0.7823792569112172,0.7653504058610328,0.7746573687097073,0.8340820499052204,0.9740969877890121,1.1759638401386088,1.1782420532768272,0.6790440486539203,0.1692982366277239,0.007220770282245862,,,,,,,,,,,,,,,,,,,,,,,,0.018782061363523922,,,,,,,,,,,,,,,,,,,0.16059894613492906,1.106585477587364,2.6384954938675964,4.274188693607794,5.398315547282173,6.308595374036133,7.165352731563979,7.858390127475286,8.332243126524244,8.624884638168755,8.792683375107764,8.874293403277726,8.889911038589759,8.848981514267331,8.756368274120977,8.61586170658934,8.431830509174288
1.1394048912595187,,,,,,,0.08389396461724495,0.202878946822551,0.25225480473680756,0.13449146572787762,0.008490358314013796,0.0598670978516403,0.24724129914631818,0.4697453149627938,0.6613391167396416,0.8066195606786561,0.9154168837295975,0.9998068019418657,1.0669289638069963,1.11935551375145,1.1569146673278188,1.1782368589065837,1.1818661430240665,1.1670341512301834,1.1341349694331468,1.0848805083490678,1.0221220884615836,0.9493800201784072,0.8701819577792499,0.7873262116019903,0.7021462890267064,0.6138122647039354,0.5188508163053156,0.4119418743520271,0.29190325017736907,0.18176079261419553,0.1609003741923258,0.30097680327529525,0.39707932091671383,0.2547057226534748,0.049707377456097254,,,,,,,,,,,,,,,,,,,,,,,,0.10107155928466459,,,,,,,,,,,,,,,,,,,0.011275558680521946,0.007207030240293587,0.03465421163502129,0.36358147179455763,1.11674985623246,2.305234596167476,3.9689267515077766,5.912276486251952,7.702849825960116,9.036797055065573,9.900809758119793,10.419848634240306,10.713027412734302,10.85560403942312,10.888503478918233,10.833698427793493,10.704645335268623
1.1414936261655857,,,,,,,0.1388482443855395,0.4287219820451054,0.8345864953150243,1.1219072283758675,1.1061158962750006,1.0176473408544178,0.9988604674360726,1.0364737250084572,1.0972969374774781,1.1625830831231432,1.2232801080194193,1.2737008124008236,1.3091511347405846,1.3255716712411711,1.3198299266506004,1.2901808577851293,1.2366925511987865,1.161482474883528,1.068639699571788,0.963785449906334,0.8533430230834147,0.7437017222827074,0.6405125988599255,0.548324178607659,0.4706878008642941,0.41081464892895314,0.3729635286125454,0.36516274647541863,0.404766685874445,0.527104819455788,0.7700119748695241,1.006706857226388,0.831127526991288,0.3474601051613658,0.04165415288812165,,,,,,,,,,,,,,,,,,,,,,,,0.3962203812643535,,,,,,,,,,,,,,,,,,,0.2959790943376096,1.9853689479102905,4.894933934410772,7.8887364104149995,9.551736154353662,10.534480326027523,11.406772164561575,12.20165234418549,12.885571003148804,13.465955615064711,13.95949548663862,14.373961995731722,14.708453304778343,14.958056072648523,15.11772566641225,15.184696561408202,15.159708387559009
1.1435823610716527,,,,,,,0.08528338044215,0.20144169526496816,0.2440687155195229,0.1187527657383209,0.007163620744802786,0.10870000032351819,0.3741234949385057,0.6784683338865809,0.9315024875880838,1.108642228291719,1.2218112766014952,1.287494508347861,1.315998972145833,1.3120091342621072,1.2774852214462626,1.2140674268393672,1.1245772416204396,1.0136926236651955,0.8878995874794491,0.7548515997585019,0.6223544100117662,0.4972710432968668,0.3846365823779555,0.28716849770914565,0.20521533985716248,0.13712875556207238,0.08029766094271537,0.034221219579052324,0.01033113694964902,0.058294692642838486,0.29630233937480116,0.7586556912580389,0.9650645249732129,0.6037107754498727,0.1275811876315702,,,,,,,,,,,,,,,,,,,,,,,,0.3477330115734535,,,,,,,,,,,,,,,,,,,0.01009874185251701,0.029472481079103167,0.10155534246196819,0.3509633438626974,0.8908241257381623,1.8919401911086369,3.6501773892476614,6.426253480872921,10.096507442906235,14.009732901192073,17.433943266955886,20.05273455442054,21.93442603918462,23.268448088862737,24.21444007007431,24.87362087629688,25.30433483136833
1.1456710959777197,,,,,,,0.14712632508221493,0.4393170990576077,0.8428168583432721,1.1264567726964971,1.1179925721518518,1.0453152507392054,1.0429696927113217,1.0907308931556117,1.1515567178575268,1.2072539490151706,1.2510903612350714,1.2793659542562776,1.2886329171399256,1.275611828452936,1.237825921681283,1.174318092613201,1.0862298444868128,0.9770792587337659,0.8526029263174246,0.7201211758851022,0.5875362348455713,0.4622106082243941,0.3500200144203616,0.2548007020802796,0.17825763562031235,0.12026526553580835,0.07951667390895445,0.05496405829122159,0.05025588770231471,0.08687475870267271,0.2222586903816563,0.47245933139947244,0.5744697291404509,0.3557471758827411,0.07482834654695916,,,,,,,,,,,,,,,,,,,,,,,,7.713367856099375,,,,,,,,,,,,,,,,,,,0.264507344883676,1.988406670398136,5.6023147236337,9.63715799853149,11.853485912156259,12.980786004072153,13.933988317922994,14.896189234016429,15.858441382203312,16.80736639200479,17.732804902056984,18.62082473424218,19.453691817313402,20.212320662381494,20.878730584374427,21.437994421306186,21.879616349977873
1.1477598308837866,,,,,,,0.08411629617841337,0.19524521700747527,0.2400453785475297,0.13250341370952437,0.037817604805780176,0.13549070667763938,0.3776194036675567,0.64886378214605,0.8703604490960204,1.0244280527137786,1.1250395391962134,1.1887449042975144,1.2254967297367596,1.2393688691929328,1.2311658769905929,1.2005881593375325,1.1477215732265447,1.0739651686114267,0.9824491605370358,0.877951435784057,0.7663701424302861,0.6539134570519383,0.5462517739368083,0.44788944858824803,0.3619649243654039,0.29067470512389865,0.23674419709786798,0.20728767278423937,0.22379358112755823,0.3438190385352548,0.6699331227766347,1.1544075299667316,1.2399574358946202,0.7302293828321914,0.16990745098784252,,,,,,,,,,,,,,,,,,,,,,,,0.2537105647736484,,,,,,,,,,,,,,,,,,,0.016745313036925693,0.11021442746453927,0.2216590067678921,0.35662374351791387,0.7110751824637278,1.441182896587624,2.6298098940077046,4.231556204916164,5.9873298707313305,7.5810315133664075,8.859135372734395,9.838410965545375,10.596361289514896,11.200899252631402,11.694156326250832,12.098051071106301,12.422877609365838
1.1498485657898536,,,,,,,0.16127809583592878,0.4577297392854831,0.8419582589867131,1.0734268035200263,1.010352310648628,0.8969328475056677,0.8632039856879604,0.8880639919059693,0.9350788630312867,0.9864565923819005,1.036544328105901,1.0833784599667728,1.1252091948815681,1.1597224158468038,1.1841381823707948,1.1955751485030726,1.1915238408420832,1.17034765088353,1.1317059629786186,1.0767775501663581,1.0081942198637877,0.929673847415779,0.8454323702079392,0.7595052485472773,0.67508801696095,0.593924138654478,0.515700899151291,0.43757494713688944,0.35489189989084774,0.2664208149427905,0.1861210955937544,0.13735329050551467,0.10262752999133308,0.060987090775533354,0.020373340060784107,,,,,,,,,,,,,,,,,,,,,,,,0.7903115712233362,,,,,,,,,,,,,,,,,,,0.19657690722015617,1.4108969491983439,3.5194380871543935,5.20212925884443,5.609034889867858,5.555603364482959,5.570316248124413,5.720379272598204,5.9670758662136985,6.271175689615566,6.604783316863539,6.948143846947589,7.28633963238063,7.607407513225605,7.901517128721603,8.160760301061549,8.379214814073434
1.1519373006959204,,,,,,,0.09697425846515102,0.22406577096617797,0.287746508870506,0.18657827953887654,0.06367447550295499,0.09703892989206044,0.24918201471234125,0.4253807892282218,0.5696573262653403,0.6744119007682126,0.752988316329828,0.8187994887991977,0.8797336440121863,0.9389010420672635,0.9962617196448434,1.0498391318988427,1.0965700030954073,1.133001377024299,1.1559370021565165,1.1630147808627096,1.1531273277310186,1.1265966557723175,1.0850748788994011,1.0312357765663265,0.9684163312764867,0.900474053298577,0.8323562150313428,0.7724980327684806,0.7392317762278898,0.7706950468529511,0.9043558051502791,1.00984150592779,0.7536229689768066,0.31997072904185114,0.06263650768686765,,,,,,,,,,,,,,,,,,,,,,,,1.2960489869123986,,,,,,,,,,,,,,,,,,,0.047216691158237845,0.12679677932190117,0.1102546111309047,0.131441608388767,0.4056910651924747,0.948985157179611,1.6944826227515173,2.5247159769620673,3.2967027240495774,3.9296331737276535,4.422135674296253,4.807342164649431,5.117349048571617,5.372687222294182,5.583792079643174,5.754928912741957,5.887410621855197
1.1540260356019874,,,,,,,0.1980763846207594,0.5328539265898938,0.9259195374995809,1.0856537511097302,0.8956603510261034,0.6562645509743806,0.5102567820066096,0.44264642287104533,0.42131107190903316,0.426627007261607,0.4494096223966859,0.48598321679592166,0.5349281758420487,0.5953218518251385,0.6658094412479001,0.7441245929960708,0.8269165086053969,0.9098506025073693,0.9879688544879424,1.0562572838972992,1.11030777742629,1.1469224957126878,1.164524635590178,1.1633136221531557,1.145210154690573,1.1137488010646361,1.0742057376133585,1.0344662405116625,1.0072260735870258,1.0107536851070045,1.0422022676316802,0.9706943514718827,0.6253533476794996,0.25256649895144756,0.05666050745912147,,,,,,,,,,,,,,,,,,,,,,,,0.04278011051517696,,,,,,,,,,,,,,,,,,,0.17161454950562594,0.8453082440935407,1.9168476521147375,2.832463226010183,3.0458931204772717,2.9360672347077115,2.8339233217199187,2.805514337151509,2.8350257835399177,2.8984725379631957,2.97770999213785,3.060470393063405,3.1385094967255465,3.2061813986046945,3.259615975982404,3.2963029388093488,3.3148877102455394
1.1561147705080543,,,,,,,0.13002025808999335,0.30379357755595265,0.41471774830376495,0.31030341911925274,0.10606021479565274,0.014263094777433835,0.02325002464546318,0.06056112155691875,0.09029823899528128,0.11014174243549614,0.12892942885131814,0.1548209626807345,0.19303276375249837,0.24638912316011882,0.3158990637751018,0.4009521780745787,0.49932003215091647,0.6071866144019473,0.7193628467829679,0.8297471180324588,0.9319867064640645,1.0201972597066704,1.0895437522148435,1.1364952071912937,1.1586254802309244,1.1539326568020898,1.1198890936348347,1.0532569565001373,0.9539535961020799,0.8378283197669222,0.7427714717104609,0.6457489092016119,0.4057057077377241,0.13231575750241586,0.015854501842519013,,,,,,,,,,,,,,,,,,,,,,,,0.9728474796892379,,,,,,,,,,,,,,,,,,,0.03747668097287646,0.07305348015280512,0.03226161167360225,0.01894966151235241,0.14356481015407016,0.38168872901005685,0.6595055512282056,0.9041796102459255,1.0738845473789844,1.168811397956574,1.2096203142090416,1.2169823905379593,1.2051053556906044,1.1824988780590506,1.1540881676121806,1.122805925416084,1.0905160801747633
1.1582035054141213,,,,,,,0.23578134072870635,0.5985109929279193,0.9716725875946313,1.0274474902666613,0.7175754169686402,0.39836451371800363,0.19901359053321285,0.089631210853034,0.03256915428503774,0.006087655766841002,0.00030591749828972936,0.011920674221585761,0.040699540703566454,0.08746440980179104,0.1529215138567057,0.236919312423614,0.33795968963628514,0.45294082732470536,0.5771772798483783,0.7047372348219623,0.8290773924864673,0.9438800790725096,1.0439572202014535,1.12612604311106,1.190102931757483,1.2397214134734162,1.285238245211105,1.348383341759588,1.4731421242144802,1.7414658865529045,2.24114640064209,2.75592343701015,2.490317664730474,1.4227082691740092,0.40084719306101624,,,,,,,,,,,,,,,,,,,,,,,,0.11672979352651269,,,,,,,,,,,,,,,,,,,0.10839649393828671,0.45525210372034286,0.9289528498809089,1.2320609236257385,1.1824844344969954,1.0213755387184185,0.8876714132614938,0.7880071928322768,0.7062480589253652,0.6321552608579655,0.5613738077320427,0.49267479771362555,0.42633318543520415,0.3633170964389656,0.3048514992235488,0.25215279157777265,0.2062558947007501
1.1602922403201883,,,,,,,0.16596921121707578,0.3895991095985166,0.5622531651157316,0.4948249060240721,0.27402171974338924,0.14073303961891784,0.10902214496754568,0.11467295661948747,0.12351120867496759,0.1310177047638593,0.14264609778141288,0.16393343044333486,0.19860927336143439,0.2489147284133849,0.3159127964047251,0.39948967411455655,0.49819704481862537,0.6091151933090844,0.7278742781509341,0.848906320597519,0.9659108110087514,1.0724148105079365,1.1622222658016046,1.2294977142685468,1.2682161713793194,1.270755365554197,1.2257465025340215,1.1169233931379394,0.9299584404365241,0.682775490165177,0.47928948789583414,0.46325097985786884,0.5029152621927021,0.33907727472095534,0.09854576793746853,,,,,,,,,,,,,,,,,,,,,,,,0.19739457725967519,,,,,,,,,,,,,,,,,,,0.04046840882010913,0.08641375918979324,0.09760925425667095,0.16956417584964206,0.32322960913678944,0.4847435925599732,0.599539774176742,0.6511990984965222,0.6505185677522114,0.6164869746346925,0.5641323654900302,0.5027118511772605,0.4376294423324202,0.37226001291901467,0.3089785457623703,0.24961785869507302,0.1956273410601156
1.162380975226255,,,,,,,0.2622897052518064,0.6385322488244748,0.9954431429178244,1.0094741077801976,0.7028280668377609,0.4530061870200011,0.3553576105335169,0.34527819739074606,0.3669875933197691,0.3975494788499487,0.4326305993827029,0.47389087566057025,0.5237451329991986,0.5839217839174944,0.6551568763896677,0.7370982996807839,0.8282388316593986,0.9259128871411572,1.0264306887091827,1.1254003017416705,1.2182383958149918,1.3008235336562712,1.3702366369418937,1.4255943946531675,1.4691363697503856,1.5080095905482718,1.5577030438025417,1.6490160586962275,1.8414430055780966,2.239059781837306,2.9359176779941456,3.6031445248945184,3.1784828831231593,1.702844203894014,0.429629867619957,,,,,,,,,,,,,,,,,,,,,,,,0.017864176504483138,,,,,,,,,,,,,,,,,,,0.043847994168062794,0.14351403207881283,0.2837104809842354,0.43391601404600816,0.5509484590362453,0.6564989198662134,0.7474881684100203,0.8051486397492003,0.8243364580116128,0.8121240440714164,0.7783172336452785,0.7308437635221199,0.6752035024510444,0.615172683366263,0.553502332294067,0.49234598055579004,0.4334631049934292
1.1644697101323223,,,,,,,0.20549690239684523,0.4837113827460719,0.7276000154158943,0.7125525678217633,0.5041502003619935,0.3844850190746628,0.39375478933465125,0.4583004496882182,0.5257849633811406,0.5815597101463756,0.6289871701901796,0.6743873247440638,0.7222764372432768,0.775065659147738,0.8336085158137597,0.8976141671626566,0.9658634810435778,1.036339258894195,1.1063656954987207,1.1727995476939084,1.232255496897506,1.281288530717919,1.3164028470974798,1.3337089902170929,1.328003055486462,1.2910309869841359,1.2089905851946559,1.0609044723051755,0.8246340819315938,0.5060052273215353,0.19738128641286046,0.07503857940124696,0.1293851967544879,0.12012012098161905,0.043377709864522614,,,,,,,,,,,,,,,,,,,,,,,,0.024053923668450626,,,,,,,,,,,,,,,,,,,0.06893332467193401,0.16184690083684777,0.19006793237041256,0.2667096406796383,0.46534238235474124,0.7046231113058476,0.8967122466783194,1.0093291166225207,1.0531666894847267,1.0519138053539965,1.0243259358411327,0.9815311911110813,0.9295899755180459,0.8719755604163667,0.8110113999244228,0.7485448145701773,0.6862038828188487
1.166558445038389,,,,,,0.0032898027541327555,0.2980522749301108,0.7002556255130261,1.0508975765876976,1.013521019833172,0.6774838102952722,0.4562409347554066,0.41641350036825264,0.4592811668339374,0.5125741426593481,0.5534013847994456,0.5830492034508649,0.6075971167190113,0.6316274155176339,0.6576984787224088,0.6869863184994563,0.7198022414223835,0.7558612070618186,0.7944051148284964,0.8342835104849726,0.8740606384119071,0.9121886615521891,0.9472682622840998,0.9784185614033094,1.0058136527656276,1.0315344378517928,1.061066273904191,1.1061066749676725,1.1898697405797223,1.3560277055223042,1.6743756427109435,2.1794933350858203,2.552155176549059,2.0517367990844706,0.9657448659565948,0.21932921523283977,,,,,,,,,,,,,,,,,,,,,,,,0.0031683015388198916,,,,,,,,,,,,,,,,,,,0.07668771420629227,0.2002105640224902,0.2592298401051289,0.2753815690351728,0.36090295034770953,0.5482624109164447,0.7747292356345244,0.9696375649028418,1.0972292742342489,1.1590162465973584,1.1724493070148259,1.1545504254514503,1.117156061992046,1.067644629844008,1.0106333529237341,0.9492381743663763,0.8857855694720959
1.168647179944456,,,,,,0.006921788736047044,0.269447841286052,0.6376840567996348,0.9922280286903727,1.0267322501532696,0.7505260579779407,0.5120088350390568,0.4072864441074477,0.3795884457217175,0.37716233535982696,0.3779456412175732,0.37698860661850686,0.37499784392359176,0.3736434925539059,0.374376507202175,0.3782972108097309,0.386195919796191,0.398556971941186,0.41551048823851655,0.43676203647485984,0.4615365446411427,0.48856094317381443,0.5160822263932537,0.5418776118067601,0.563169203211843,0.576318192615404,0.5761737920412876,0.5551193967019059,0.5026467621036117,0.40873277207458447,0.27829781582391877,0.1569863006587913,0.11027598385654902,0.09266713611842567,0.03735672880159873,0.005265852539554085,,,,,,,,,,,,,,,,,,,,,,,,0.011295543302315886,,,,,,,,,,,,,,,,,,,0.08633600342356351,0.19254719685180371,0.20480123968868957,0.24985625986475324,0.454478824916674,0.744533252461928,1.0016144192640004,1.1680709375786815,1.248493420554593,1.2714521305892164,1.26133663171878,1.2325743292532865,1.192634759106516,1.1453825540889528,1.0930765939839413,1.0373374421958572,0.9795509231569464
1.170735914850523,,,,,,0.014107831864486114,0.34753521991801134,0.7790489832227196,1.1009356103060615,0.9503698830716774,0.502215787402061,0.22136913332001468,0.1478273260864092,0.15943089513568162,0.1780620722230296,0.1821801460266306,0.1747096318190868,0.1622803638052748,0.14947648099409125,0.138842709770894,0.13177387024289744,0.12910860820176892,0.1313864473830245,0.13890074076305067,0.15165769236748164,0.1693213772426354,0.19120495699765636,0.2163498725290094,0.24371619295219038,0.2724992718866285,0.30260853774226903,0.3354142960488015,0.37500838283300814,0.43040606322976166,0.5188060389879802,0.6653427049072255,0.8689631512462004,0.9707323584268167,0.7072142556277301,0.29931762980194804,0.07279497121145292,,,,,,,,,,,,,,,,,,,,,,,,0.0724439870911683,,,,,,,,,,,,,,,,,,,0.19553353081108002,0.6943665731950418,1.2192295782674885,1.3342483661321494,1.089267062599454,0.899493525979575,0.868806306653988,0.9299311500295782,1.006951682942192,1.0613713065592336,1.0869215897388669,1.089931144046898,1.0776356230990236,1.0550915512879462,1.0254248086342606,0.9906141730957675,0.9520609555748913
1.17282464975659,,,,,,0.01911291004226467,0.3600534035867466,0.8466564425140344,1.3296879884640047,1.3921696818798384,0.9982778366874409,0.5960685166875188,0.34686358593363326,0.2111090409047908,0.13718387687165776,0.0941568983641169,0.06666452784088829,0.047698620777614095,0.03417029042228603,0.02472340391143023,0.01876464869792203,0.016057107203338115,0.016546262398512153,0.02026107347283755,0.027223209436552112,0.037349827384419845,0.05036568353373814,0.06575174889610663,0.08275288731246142,0.10045789680361839,0.11797529139526923,0.1348059224656898,0.1517795452591123,0.17368835570540916,0.21648529247969128,0.3225403994320269,0.5642426295102722,0.9078323450010122,0.9737438281091516,0.6046063251164143,0.188314470677431,,,,,,,,,,,,,,,,,,,,,,,,0.083058905405602,,,,,,,,,,,,,,,,,,,0.04882174313928374,0.06516154475447157,0.02012899217765383,0.08096982848187236,0.3120817662565329,0.5868616524688919,0.8098636411111556,0.9557418566894643,1.03686346840351,1.074993994067847,1.0871635375744955,1.083572264874232,1.0696736934108657,1.0483262263316178,1.0211519854612983,0.9892577447432966,0.9535758975688855
1.174913384662657,,,,,,0.027670463908159734,0.40264682479493735,0.8732644762848111,1.195214025069434,0.9766202164254374,0.4442105547053284,0.10986246351693499,0.008023043984041951,0.00523893137029209,0.0183195692373051,0.022954207017875684,0.019881343239586086,0.013956350017767337,0.008288067716257383,0.004111314829051161,0.0016255157322849813,0.0006306138859985123,0.0008840438352826122,0.002264627100188653,0.004807174937699896,0.008650014492321082,0.01393472799613512,0.02069833592061916,0.02878965774223805,0.03782069033926405,0.0471386100536339,0.05579359869792902,0.06252888730847979,0.06606917955501686,0.06673434130121357,0.07142783509497004,0.09887278866447467,0.15067501513283146,0.14898665342704942,0.07323134748767315,0.01776957216234324,,,,,,,,,,,,,,,,,,,,,,,,1.3227646321243123,,,,,,,,,,,,,,,,,,,0.22211625849774924,0.8035839676290979,1.5045304972646787,1.7912229452992576,1.5929283621795631,1.3569114051900417,1.235569606151782,1.1902593046976195,1.1736981484661648,1.1626375848241068,1.1486769424505117,1.1293150205530782,1.1040378767012922,1.07303902411727,1.0368555183271306,0.9962555378170753,0.952175302346567
1.1770021195687237,,,,,,0.03343219058616938,0.4242055956840045,0.977002387868201,1.5094250561501206,1.5473649012848767,1.0772257803090306,0.6141411875196712,0.3336304409678298,0.18540168581902822,0.10818083009555397,0.06599758149458534,0.04126470407673194,0.02589788386086926,0.01608489543142806,0.009829755329210392,0.00592931559943063,0.0035931651243255197,0.0023259586873201512,0.0018922043063347728,0.0022799795578189027,0.003635284769646255,0.006176498032514532,0.010123572480282768,0.01569099146251059,0.023207461867954398,0.03346926678036366,0.048584811919431155,0.07403448141541573,0.12400277091379314,0.23505307643751744,0.4939336249435575,1.0413345155349705,1.8076774928141186,2.027579442328921,1.3215411281729297,0.4554289782393044,,,,,,,,,,,,,,,,,,,,,,,,0.03285931742784858,,,,,,,,,,,,,,,,,,,0.1271352204022484,0.23947050169902667,0.15169772599323933,0.02501189364982509,0.10187019992774785,0.34282117985704474,0.6170917458100272,0.8392678270401623,0.9803777328876625,1.0508933346625788,1.0730191352261347,1.0651140319506651,1.0388829794270709,1.0011802550977247,0.9560908569113742,0.9062860597495739,0.8537436791991909
1.1790908544747907,,,,,,0.04132392844580023,0.4407381533585379,0.955159177298012,1.3370746290775462,1.1583774650925354,0.6162953050367218,0.248535447579558,0.11565759605292941,0.08991152022389626,0.08677302170570088,0.07943000194031133,0.06664692876138911,0.05218480023820098,0.03872623488855283,0.02746688516223304,0.018746350595885912,0.0125440153196001,0.008742737108436835,0.007237806385003116,0.007953833910489096,0.010809058391990338,0.015656373784333034,0.022223478103508148,0.030061868684354533,0.03849410039309621,0.046527702413616846,0.052708211372870184,0.055011954219394796,0.05149379669730548,0.04451161859012905,0.055630647276059327,0.15120388459268255,0.39045141050390464,0.5763227625460445,0.4547559584244969,0.18335894060324381,,,,,,,,,,,,,,,,,,,,,,,0.15137757407777858,8.694571623588253,,,,,,,,,,,,,,,,,,,0.27991237752378034,0.9510141023674672,1.7212229961439502,2.0289585484651025,1.8092696378389372,1.5115736805259095,1.3065801329684976,1.1796263150480306,1.0954311086888797,1.0311828876587763,0.9747369049483937,0.9201719526179384,0.8649680763717378,0.8084549450076418,0.7509632627103119,0.6933401597110325,0.6366532842151059
1.1811795893808577,,,,,,0.044119972402980275,0.4221626904399538,0.928370714311135,1.351196744469632,1.2672301668146504,0.7846019404644626,0.40856188821822725,0.24519933703529165,0.19840816067643988,0.18795046503336116,0.1799770491455455,0.16725881929744435,0.15125836227981657,0.1346237375138878,0.11935180005779124,0.10670694175759088,0.09743830648881277,0.0919445239780977,0.09035265355275013,0.09254315500494983,0.0981580613144623,0.1066231708897463,0.11720628696587185,0.12912787049869243,0.14175052750557612,0.15492846432686,0.1697744912554562,0.19062936924669402,0.23051660750402897,0.32578996787876324,0.5672567851257019,1.1131078228063995,1.9402953641546548,2.307868914611777,1.6927272469755827,0.7080762594779747,,,,,,,,,,,,,,,,,,,,,,,0.006312852328116932,0.13230132303516692,,,,,,,,,,,,,,,,,,,0.2785246163932577,0.6489900259941955,0.6787355554872964,0.3704994526978149,0.1495219667869075,0.17392853071459438,0.33044985282898626,0.49753527168274597,0.6093075196894239,0.6558374479864119,0.6542429509245138,0.6239194486485723,0.5784459921672166,0.5260070674335252,0.47142292967492067,0.4176560458618516,0.36664355787208613
1.1832683242869246,,,,,,0.05282763748416,0.45717488594635275,1.0095033679131096,1.4984686737766808,1.4740864603320096,1.0226701632574389,0.6620786071038774,0.5052936588766007,0.45448623276365174,0.4329114356938191,0.4127035713782607,0.39001644542720615,0.36697808707402807,0.3457606355638959,0.32774189436689705,0.31374704774407514,0.3042676024654036,0.2995330954828572,0.29950014917696755,0.30382578872164784,0.31186944948237355,0.32274643414744175,0.33543541664099086,0.3489257742191973,0.36238125631715395,0.37529737971012905,0.38764240316660015,0.400011851647815,0.41397648071073967,0.43326632653162167,0.4667800108571262,0.5274342246524298,0.5885578807229764,0.5265522823669377,0.324074297635742,0.1256424408732132,,,,,,,,,,,,,,,,,,,,,,,0.14883758754560258,2.4089803940550842,,,,,,,,,,,,,,,,,,,0.2344268381902708,0.8958057476787534,1.6266517065721684,1.8091623617771826,1.49245363513483,1.145072472922803,0.9091716099848816,0.7579288456440312,0.6532369725271038,0.5719113116679658,0.502048883101305,0.43810308074491566,0.3778749617728386,0.32087381520535935,0.267431692426986,0.21821306155887718,0.17393445263551627
1.1853570591929916,,,,,,0.05688633397516054,0.4357253228899128,0.9025442627054641,1.2018070916584016,0.9604361598110293,0.4458842526250248,0.17970048665769342,0.1922033524409001,0.32135239252611375,0.4474049456349352,0.5295899456174858,0.5722328417930013,0.590430332631279,0.5964080871908547,0.5977247024227378,0.5985907264952656,0.601192679415557,0.6065020248137981,0.6146973386128802,0.6253800082472509,0.6377032427917383,0.6504730689505966,0.6622330980439958,0.671312144190272,0.6757980823524472,0.6734150844375625,0.6613699515661575,0.6365471270548342,0.5973712216716469,0.5508005834854351,0.5294311957458676,0.6062890551408047,0.8089854429251714,0.8996104547352267,0.6716240275360226,0.30520405181327626,,,,,,,,,,,,,,,,,,,,,,,0.0643551309430617,0.9405641951630498,,,,,,,,,,,,,,,,,,,0.19880642485113942,0.6906716312296508,1.023876280758277,0.8448170106416492,0.5151933495684375,0.37025867640947047,0.37228538873043343,0.4146112043730806,0.4384033067758229,0.4317308458335892,0.4025160278761075,0.36070843577043865,0.3132941125184493,0.26455460920611606,0.21713273895909893,0.17276360243065314,0.13264443338013424
1.1874457940990586,,,,,,0.06589157330736466,0.4855806254548903,1.0874145781711948,1.7015703569181537,1.8583022390405093,1.5111099953154774,1.1464240872166527,0.9451183651008472,0.8578631013198964,0.8234742496750419,0.8110752660250483,0.8091865424854285,0.8140507996641827,0.8243948014575758,0.8396686063667881,0.8594711279000962,0.8833149425082166,0.91050149714997,0.9400622691087861,0.9707667334036375,1.001203916655561,1.02993830872272,1.0557340593454099,1.0778431500679428,1.0963711843429003,1.1127693819270648,1.1305368469956314,1.1561781724708997,1.2000271875206376,1.2743707266085018,1.3776072683484533,1.43263311980236,1.204757938943019,0.6186425613570578,0.15473422576056478,0.012171457799400187,,,,,,,,,,,,,,,,,,,,,,,0.030754915024294855,0.3859610047212041,,,,,,,,,,,,,,,,,,,0.22683388090402204,0.6404395217333052,0.9722123053577283,1.0148303623027495,0.8808326516365926,0.7639485965143689,0.6925380160031847,0.6430495963475784,0.5996628498837238,0.5562712053377902,0.5112699026396209,0.46474920557437377,0.4174250774046956,0.37025548782285456,0.3242790015907343,0.28051928254902225,0.23991137895706996
1.1895345290051256,,,,,,0.08200177074631831,0.5332491847460582,1.0727315912759985,1.3786836137132106,1.023411918970685,0.3719260675199097,0.045809607114807915,0.06870687050001616,0.24346590177335334,0.4232514324632202,0.5553349792592214,0.6432087848040291,0.7049418077950861,0.7555531645755404,0.8042472123803945,0.8558342987159759,0.9123040474216157,0.9738178094723933,1.039258099209238,1.1065559145574322,1.1729348569430993,1.2351155306249275,1.2894386798929292,1.3317919690654383,1.357162288056874,1.3585939288317026,1.3253994533665492,1.2410085374462196,1.0828798731771097,0.8318198633707571,0.5020493788445946,0.18380137981735417,0.016958644558955526,0.0029967165634268186,0.005679670166614711,0.00407927190262246,1.6200966905025834e-05,,,,,,,,,,,,,,,,,,,,,,0.26591038530029243,3.1007914943363324,,,,,,,,,,,,,,,,,,,0.28235059642933696,0.7809658648157362,1.1296906025073123,1.0580915160518785,0.8304116807241794,0.728340356569061,0.7292687212320393,0.7520266849539398,0.7591345438910473,0.7464676304362806,0.7198609458820487,0.6848244418630606,0.6448607391890945,0.6021170199747197,0.5580825845761063,0.5139647066419903,0.47083188216469074
1.1916232639111923,,,,,,0.08890711463952077,0.5651457900143586,1.2361820455231567,1.9016925226155794,2.0327325072587743,1.5780853375102208,1.078883847198397,0.7531384299870948,0.569720477454051,0.47264656485322076,0.42568208852444134,0.4092463094956015,0.4137183014467667,0.4348027542913404,0.47078284306078344,0.5209474787272842,0.584671803924397,0.6608658308818459,0.7476683284290438,0.8423526026878707,0.9414444880282561,1.0410475221796762,1.137347913380476,1.227260609839451,1.3092040267822092,1.384069119498472,1.4565716401189108,1.537284444465373,1.6454262166470082,1.8103072836057221,2.0577330387692783,2.3268104235545133,2.2722665805787576,1.53147939139042,0.6485940231779881,0.177333048795914,0.0033169051574999243,,,,,,,,,,,,,,,,,,,,,,0.009352855198847886,0.06686399588823297,,,,,,,,,,,,,,,,,,,0.07156640853338424,0.13429164459689247,0.1389875295923101,0.14048173444688844,0.23701815741389848,0.41824510513662494,0.6161104271375349,0.7785030705418203,0.8861045084627551,0.9441532436563945,0.966188155055947,0.964284328796425,0.9467080888611213,0.9186559170803581,0.8834444776597359,0.8433747498768348,0.800225128376948
1.1937119988172593,,,,,,0.12415157317813236,0.7137398931173339,1.436559838223431,1.9128609285758797,1.5796634545844679,0.77495783070864,0.23492960843823554,0.04159738834235606,0.018588017572593478,0.038918770926164366,0.05590661740077831,0.06506806758494085,0.07344447781107899,0.0879943032162228,0.11346861011905109,0.15272434885876926,0.20715335592753334,0.27685090276635366,0.3606255239605203,0.4559998731003687,0.559304949101036,0.6658971726376574,0.7704428141111451,0.8671293079630834,0.9495917688858994,1.0103013690640066,1.0392164743468004,1.021954159735457,0.9395936809033923,0.7772821366312334,0.5549515505315165,0.3754134070463185,0.38203583438197525,0.4795624958862311,0.40099178016488274,0.19751799299439649,0.010612181236562136,,,,,,,,,,,,,,,,,,,,,,6.5353740303711865,59.973775570793336,,,,,,,,,,,,,,,,,,,0.3796637739525656,0.8639437663755736,1.1119698364087973,1.07113999172567,0.9940945025657766,1.0183916647434037,1.0926280789045013,1.1621350574029754,1.2105140839528035,1.2398977011336134,1.2552423541724065,1.2597442006573945,1.2549202312495955,1.2414794030949972,1.2199450426919012,1.1909657271614968,1.1554227471722454
1.1958007337233263,,,,,,0.11058042056798197,0.6105633963837293,1.2637439172153908,1.8020452663203543,1.71405012443941,1.1163909610869456,0.5950421324614863,0.30190037991901536,0.15614989235021628,0.08155013566995699,0.03970120464349352,0.015762121812015358,0.005322231514355365,0.00789966616571399,0.024281077788994458,0.055401314828710614,0.10176503210229253,0.16307975460647325,0.23802700849629604,0.3241873371031723,0.41815190572309396,0.515830470910237,0.6129244945342286,0.7055010497388597,0.790603097050256,0.8668805170611422,0.9353340916608323,1.000464082017509,1.072498785012806,1.1718432918788118,1.3342615214650337,1.5893327770650292,1.8125215083111024,1.6096563681183196,0.9597148820028275,0.3457069196235272,0.01718112657116004,,,,,,,,,,,,,,,,,,,,,,0.0015344202681630832,0.017449698294796916,,,,,,,,,,,,,,,,,,,0.050194391355448426,0.07033543937833923,0.03479479757623154,0.0002486824508625502,0.06749545994317287,0.25065852564623364,0.4989966617090581,0.7518701493719987,0.9650874225129641,1.123923628230197,1.2344476704580918,1.3087060024655608,1.3568476444765623,1.3855267490073275,1.3987078775266835,1.398787251023639,1.3874201530384869
1.1978894686293933,,,,,,0.15437107897793226,0.8161928950456797,1.6848539022990026,2.3965091274189603,2.278413583958698,1.506055654653169,0.8525088130618069,0.5027779718329487,0.33869606855967666,0.257849889261686,0.21343674481430788,0.18929750782820848,0.18059578789137382,0.18593341879874803,0.20485086542227926,0.2369862790407614,0.28165674439441807,0.3375828651480369,0.40273482037106667,0.4743251113129507,0.5489602776915768,0.6229286038478108,0.6925607864918195,0.7545729879978869,0.8063000960080751,0.8457584812462614,0.8715626485861017,0.8829664895814261,0.8810705689588383,0.8741705044688233,0.8914909627694074,0.9899390669548185,1.1516859611126171,1.090036647365611,0.6686072230836111,0.23292100986348357,0.01394330370214857,,,,,,,,,,,,,,,,,,,,,,4.111250410358455,32.321048732962154,,,,,,,,,,,,,,,,,,,0.18250006936080163,0.4199889572919275,0.6175372281479514,0.743272960796456,0.825867661338573,0.9048039080500992,0.9837979194859324,1.058235214676139,1.127127314099009,1.191126243739049,1.2504149434603018,1.3043631817730688,1.3518473311413988,1.3916097643506675,1.4225172844912335,1.4437257293302515,1.4547738102047933
1.1999782035354603,,,,,,0.10898810717972887,0.5356701712848303,1.0537292093795207,1.3846259843238014,1.1360925461022597,0.572045347559633,0.22151383975126782,0.14013233939200467,0.19130668244917773,0.2704321029854545,0.33618606163296405,0.3845108579729155,0.4227134429653941,0.4580716447509572,0.4952456397317599,0.53648498648527,0.5822447563047134,0.631674067788178,0.6829816611297578,0.7337619049305169,0.7813265709867611,0.8230340012070853,0.8565668544240289,0.8800921780938138,0.8922428603159078,0.8918836673685154,0.8776881306507419,0.8477833934662308,0.8005574796620464,0.7400291214699696,0.6917590108767186,0.7195983800584607,0.8484368218873217,0.8543646916052741,0.5580404836276832,0.20921429914990514,0.017136994149519216,,,,,,,,,,,,,,,,,,,,,,0.008665507683980047,0.09570085527353012,,,,,,,,,,,,,,,,,,,0.08051762290879125,0.10148853548956938,0.03795054497702573,0.011047780861047482,0.11703072753624306,0.30966051956573004,0.5222580335122107,0.7162339896591063,0.8769261053984546,1.0055551882754465,1.109330783342576,1.1950589666303286,1.2671656284794752,1.3279163446431483,1.3781804909689688,1.4181146240577849,1.4476383764292713
1.202066938441527,,,,,,0.16846669861784067,0.8347314747654319,1.7719285179525062,2.676679165834905,2.8226567591462577,2.1889381244607238,1.5203620596270897,1.101396162135598,0.8786230548687785,0.7691831733027186,0.7218536574698977,0.7095022181645786,0.7179081295259091,0.7392485726781626,0.7687932632756437,0.8032319623601064,0.8398305344945008,0.8760495162357431,0.9094484051951022,0.93777161983175,0.959135367961094,0.9722431411573892,0.976571900118572,0.9725009573984893,0.9614001777726409,0.9457472151784826,0.9294057436447692,0.9182919423007271,0.9218295950060217,0.9556449025903945,1.0432711926674885,1.1952704209365497,1.3019747745457402,1.088390567944176,0.5985935956826433,0.19848981607141014,0.016438592643057248,,,,,,,,,,,,,,,,,,,,,,0.009677698402347579,0.06333920626210508,,,,,,,,,,,,,,,,,,,0.055326275429894815,0.06942170720744223,0.06952146877887848,0.14757138065997757,0.30334544689639037,0.47302231617832274,0.6267742173837348,0.759456707647257,0.8737652365015308,0.9743310202827584,1.0650298350209688,1.1481124614803566,1.2243681129420656,1.2936033073473177,1.3551017799682856,1.407977781176831,1.4514228105219467
1.2041556733475942,,,,,,0.12637759671183674,0.5558589938411963,1.0374454116821807,1.265804538149518,0.8996857166290726,0.31049413987593394,0.030130856972083637,0.06787514118513363,0.24789401064588223,0.43706732118412533,0.5833158653931759,0.6855824975186521,0.7579800261350782,0.8130619524767275,0.8583942546197209,0.8975030646482065,0.9313627886932209,0.9595284108620666,0.9809018928636851,0.9942515358926892,0.9985552222922826,0.9931829022828941,0.9779045556246647,0.9527026675858518,0.9173678261973093,0.8708528360060092,0.8103814116899313,0.730493668710536,0.623002760512335,0.48112399937381445,0.3146199470291725,0.17703838449333667,0.15220565548421064,0.2025803029596282,0.1789006925692137,0.09420603734711351,0.015530735662123702,,,,,,,,,,,,,,,,,,,,,,0.04588744388483949,0.14997789771708692,,,,,,,,,,,,,,,,,,,0.07629759814119437,0.0810710703368925,0.018719917032025336,0.031454795293477104,0.174374296582659,0.36033914018462704,0.530016485201255,0.6718723597644981,0.791652057537045,0.8974170842474712,0.9948678598996453,1.086879600831433,1.1742614510473426,1.2565769162490839,1.332754557431663,1.4015021167096966,1.4615812617885264
1.206244408253661,,,,,,0.2392272059099833,1.0850670283262587,2.2523714318986423,3.3486498617258382,3.4853512473193637,2.668157493696075,1.8147067358850715,1.2716623485897809,0.976101687020156,0.8269936135726665,0.7589728463932344,0.735395465802262,0.7361993548278759,0.7501916861334786,0.7708073155292424,0.7938702461178937,0.8164524383013174,0.8363367329146697,0.8518131794909041,0.8616500826041915,0.8651398309709234,0.8621578383990107,0.8532072788177927,0.8394579753247164,0.8228230225604533,0.8061472330206421,0.7936001588619411,0.7913398116065689,0.8082638438390355,0.8553641096806691,0.936668479298485,1.009730627008946,0.9162849997328579,0.5425269835050283,0.17307698179074613,0.026313291328954626,0.0021746798892461044,,,,,,,,,,,,,,,,,,,,,,0.30322952217662574,1.7117816248340616,,,,,,,,,,,,,,,,,,,0.05090452770867565,0.05597240182755598,0.018838392776267372,0.0016863043431223496,0.05358506673236757,0.1648804849329891,0.3074367317822002,0.4573268190947631,0.5999301865183766,0.7304520813833792,0.849918011434347,0.9609022369230565,1.0653522772474042,1.1640599011420436,1.2568429185576613,1.3429055388487436,1.421177127212052
1.208333143159728,,,,,,0.15846280241645366,0.6524730051273433,1.219859440101463,1.5238627458246032,1.1598724132747837,0.4892529563662344,0.09754208442119142,0.025249684052936466,0.10812959642439607,0.220531766932231,0.310658273158964,0.3721988683439677,0.4135483268628658,0.4434529104807963,0.46763877599195985,0.4891681242097143,0.5093790749176739,0.5286111145750326,0.5466581732038428,0.5630305693336033,0.5770949808337379,0.5881287485528934,0.5952966518934815,0.5975343774023346,0.5933003409880273,0.5801426561227704,0.5540621620481044,0.5088877322383234,0.43674078512423836,0.33283053482300523,0.2100609316316905,0.11848844018348459,0.1123380607345982,0.12469550737493326,0.07026678784395485,0.02065703339703136,0.004222455336027728,,,,,,,,,,,,,,,,,,,,,,0.011337758139975061,0.02653587245446635,,,,,,,,,,,,,,,,,,,0.1318252262931718,0.2319904848042213,0.24721611934150087,0.22745068900098278,0.25440010485995845,0.3262033787107443,0.4118028355202804,0.4978724599622348,0.5832504332442953,0.6697952045950143,0.7588344470074613,0.8505505348552485,0.9442103854466961,1.0384892202154712,1.1317309492651086,1.222147188953539,1.3079752804615066
1.210421878065795,,,,,,0.2553944750371675,1.0794425412778472,2.1809056780757894,3.1051401787529533,3.007819543897082,2.0626752485577247,1.2023488265978597,0.6986477888195785,0.4415180961743173,0.31273828631132256,0.24663844850537778,0.21234004750399457,0.19566161933977538,0.18982592221932734,0.19145018308329825,0.19880533988454732,0.2109813788912215,0.22743531058265223,0.24772141699495723,0.27132657825663414,0.2975856459106815,0.3256735597383276,0.354675460633096,0.3837319736235494,0.41225366391346885,0.44020622636620393,0.4684957099249436,0.49954181692110283,0.5382018162800581,0.5929483092886684,0.6741208004942898,0.7711756080507381,0.7805508088669423,0.5544771350844031,0.2447109033030916,0.0748090015424237,0.01323233803269115,,,,,,,,,,,,,,,,,,,,,,0.6736752900024047,4.1457075215029935,,,,,,,,,,,,,,,,,,,0.04141144642351505,0.045658500052870823,0.019827037816397712,3.8533394590396414e-05,0.024505564098267124,0.09634260699634266,0.19617399708957312,0.3054566116704234,0.4135432130010915,0.5169483358390711,0.6160392191326678,0.7122261356979043,0.8065702925449258,0.899391308311694,0.990326033637442,1.0785293601636199,1.162890073407173
1.212510612971862,,,,,,0.14481559496759028,0.5763400563278472,1.118633237919287,1.5145281608953656,1.357176434730732,0.8139750620293608,0.377206517926686,0.1565799699649575,0.07031878043283796,0.04242449823976449,0.03408815738290689,0.031076364856586842,0.029837204073985765,0.03028663712875006,0.03316201059527494,0.039266059481037584,0.04929372979138839,0.06378076145824468,0.08304571992596894,0.10711061693466166,0.13562341733086805,0.16781424650730165,0.20250771704890533,0.23819338806661755,0.2731365771237158,0.30551186551458526,0.3335997350893898,0.35630272495513365,0.3748644036373004,0.39803703176638205,0.4533392866217201,0.5915345777913297,0.8061867161304613,0.8721424284846326,0.6399327661025362,0.320980575222696,0.07227743133831842,,,,,,,,,,,,,,,,,,,,,,0.01896264301239539,0.034620521452888714,,,,,,,,,,,,,,,,,,,0.42045263951730333,0.8103504569308523,0.9186767617660935,0.7311685740239667,0.5203056192163212,0.42477079842430626,0.41082156960450533,0.4361213039615098,0.48074299274498367,0.5366816555988371,0.6003168392279234,0.6694629534834989,0.7423773087319884,0.817441092083964,0.8930703831245328,0.9677162089649846,1.0399036099543792
1.214599347877929,,,,,,0.2599497277331264,1.0020930009149795,1.922196147270529,2.5630792716679887,2.2440908984173724,1.2976705185442183,0.5642504476506953,0.20679972773200114,0.07220821250124615,0.02906042695537103,0.01457191026104776,0.007540692791853895,0.0029790677017379487,0.00041687927726493713,0.00025873198625704896,0.003001358437634306,0.009153042378613063,0.01922918246452136,0.033694946380794365,0.05285543998807912,0.07672491869669358,0.1049105856495821,0.13653406185000885,0.1701850299545694,0.20386138253976907,0.23481099697501434,0.2591873881673937,0.2715932944192303,0.2653449722669819,0.23667016538660082,0.20022513389913088,0.2164799827824239,0.36156338306976415,0.5259168774345357,0.4775058026337509,0.27072715536145475,0.06582891779626154,,,,,,,,,,,,,,,,,,,,,,1.6084148983619817,6.929492435407995,,,,,,,,,,,,,,,,,,,0.06968469406221892,0.10308708673560513,0.09009316107220462,0.07101478857202415,0.09718942017351184,0.1637492907524275,0.24535689941421,0.3274227264016323,0.4051495774211887,0.47839142170666105,0.5484085888983402,0.6163665073910233,0.6828651137132875,0.7479266356720888,0.811134152761642,0.8717953396253565,0.929090006470088
1.2166880827839957,,,,,,0.24342158257792568,0.9154245848852852,1.772444902274905,2.44350111975451,2.2959992134442175,1.5103039310654516,0.811089305628145,0.4037856151564635,0.20111445340112033,0.10600491889479557,0.06140978504417923,0.03976800855206331,0.028950682641873848,0.02384556071496904,0.02239594992122554,0.02390767318093942,0.02833011875033155,0.035921969091408316,0.04705689039766965,0.06207733750887953,0.08117659413047588,0.10432554670526979,0.1312776626434483,0.1616931904424566,0.19543692683912656,0.23315005324085705,0.27732601084012415,0.3344387021573377,0.4193786454617834,0.5645347793648069,0.8336932165569187,1.3101752278924483,1.916324776298976,2.1174340581215936,1.5744724878538725,0.7636747089842738,0.15844105217423796,,,,,,,,,,,,,,,,,,,,,,0.04416029614503372,0.15872669104620268,,,,,,,,,,,,,,,,,,,0.3531643677434173,0.7726357341215709,1.0322139141196893,0.9453264898675927,0.7081898755893882,0.5481686393112377,0.4827262828431399,0.4719048506455232,0.4883982301875615,0.5188136637648887,0.5566944857552321,0.5985573249316831,0.6421988848186297,0.6860130747901683,0.7287153238439488,0.7692352944045153,0.8066825037867351
1.2187768176900626,,,,,,0.3811463169420988,1.3834030022884913,2.598353578692107,3.392178299032731,2.891072352823123,1.5966669531895001,0.6215421899692809,0.1670500766128618,0.02173621210614439,0.0009181447969030508,0.012874656023212491,0.026539988161240015,0.035987283759601835,0.042258586558488846,0.047264482291740344,0.05245648473202235,0.058797609681321084,0.0669254868911575,0.07725647092349233,0.09000990917367363,0.10517631050795702,0.12245078225828024,0.141136076877913,0.1599917984307027,0.1769697795984906,0.18874779270657574,0.19003372401356863,0.173047781506618,0.12921922494253482,0.05925689742708379,0.0018113261994498044,0.0696608580343539,0.3702598443058237,0.6804546111188365,0.6239853820798891,0.3307552175169911,0.07837974943215377,,,,,,,,,,,,,,,,,,,,,,0.5095245411748529,2.362162408563456,,,,,,,,,,,,,,,,,,,0.3142187864135208,0.6375550249006641,0.7993816941405231,0.7164790315640807,0.5558049811314456,0.45864272007497864,0.42543865708884565,0.42693381282166804,0.4446121449988708,0.46951660755093755,0.4974065966514322,0.5261009266424301,0.5543146858081649,0.5811793562610149,0.6060498498911066,0.6284312195656526,0.6479545206290726
1.2208655525961296,,,,,,0.3501189760183556,1.2606323774910655,2.41124866634708,3.2647461410892986,2.9874441187568643,1.8980245128366877,0.9769262519417286,0.4679307668839533,0.2317418612222343,0.1297842884784687,0.08600386041875004,0.06667436539919545,0.058188081199628115,0.05509208954835886,0.055097973030676754,0.05719353983896806,0.0609198683462595,0.06607002263912003,0.07254867738011868,0.08030186920338352,0.08928627342381948,0.09947215325260389,0.11088860912435408,0.12373492230867274,0.13860830627344067,0.15695619489459023,0.18199660319670277,0.22067396829201977,0.28794575052410565,0.4157872105515325,0.6668455579624394,1.1211050359407118,1.6967244483648765,1.879836686014671,1.3888124196081317,0.7038250620421844,0.18736432257687835,,,,,,,,,,,,,,,,,,,,,,0.3021374097752304,0.6307140725805468,,,,,,,,,,,,,,,,,,,0.19846027356633086,0.5496617617367809,0.8293115746554209,0.7863320451390086,0.5852130273430722,0.44739504653664613,0.3910237105186368,0.3775503854292587,0.3816110775707807,0.39209161337612036,0.4046491449533111,0.4175255528226853,0.4298930257608801,0.4412842871525149,0.4514054777289064,0.46007276289856025,0.4671870201848132
1.2229542875021966,,,,,,0.2663524282905143,0.9862304709827975,1.9311282202092315,2.612361054607175,2.3134569028964402,1.3514989155267156,0.5797145417852917,0.19070780840558857,0.04500027127289902,0.007696500941214945,0.0065415308958660535,0.013149535431839082,0.01926027864552103,0.023499969825055186,0.026238068934083668,0.028049110136274095,0.02937995847283882,0.030535911279770064,0.03172177021676896,0.03307549460278537,0.0346868954203314,0.03660502027086738,0.038837780990220366,0.04134559623742189,0.044031685930416835,0.046742738561680965,0.0493378256889596,0.05202469534245323,0.05653489036258019,0.0693363026605341,0.10726261591224101,0.19411224489135723,0.3044125222019851,0.3024889078927779,0.16781302392515546,0.05848955241691873,0.014783060677034335,,,,,,,,,,,,,,,,,,,,,,0.40470270059129076,1.5336078893500587,,,,,,,,,,,,,,,,,,,0.40213601349412786,1.0802780672772592,1.568731929157795,1.4290555537431855,0.9822610092308572,0.6415958403589468,0.4558946504373043,0.3641353591186937,0.3202246044076095,0.2999739389544111,0.2914702323976259,0.28879723803443746,0.2889584779481759,0.2904207119377988,0.29240500260489366,0.29452784395035736,0.29661320671487124
1.2250430224082636,,,,,,0.31490929823285424,1.0639756733965944,1.9825466730174781,2.6196060122087155,2.324180265551069,1.4083769260811236,0.667729613208771,0.2787769498740865,0.11350876329938084,0.05174802651069172,0.030036786501609552,0.022235473571965196,0.018968550697219266,0.017000607566687535,0.015185794870400289,0.013151386480016488,0.010881455856099221,0.00855613488257302,0.006454836460683963,0.0048760343885494726,0.004068753886612384,0.004181389452128923,0.005231902003219038,0.007096676742974731,0.009508245482244895,0.012050900021821366,0.014159178554241987,0.015183933137359324,0.014751476343472297,0.013942349121084831,0.01775745367611623,0.035831280911463086,0.06752756961030745,0.08012782794892942,0.06186028968708967,0.04126783860652146,0.019325649450476157,,,,,,,,,,,,,,,,,,,,,,0.1814134235831228,0.6587011230766768,0.012495394357193535,,,,,,,,,,,,,,,,,,0.1590982595279429,0.3189779732929289,0.3544501711735718,0.24746908394699102,0.14683018931566283,0.11534784660783813,0.12078454308515293,0.13392414033391453,0.14418960431860292,0.15018761080105916,0.15313243924346387,0.15440332701507936,0.1549902717091412,0.15551411808043902,0.1563435785120519,0.15768808534345952,0.15965468353051337
1.2271317573143306,,,,,,0.18493474679397787,0.606666509508385,1.1173069094371884,1.460044721209326,1.2728548881312851,0.7422233456069499,0.32018904983952035,0.10639580662431948,0.025810333402012955,0.005686003024530865,0.006301823835222679,0.01131471526351784,0.0154265829319757,0.017404075552720628,0.01728991612286396,0.015529032023907869,0.012744735864915124,0.009669575808080836,0.007075817123348105,0.005678305262542205,0.006029199478644913,0.00843837409994007,0.012950626290055433,0.01940004406694085,0.027555236799836753,0.03738642337862433,0.04956280187674348,0.06650164551956252,0.09475595247621565,0.15001943472498222,0.263282957695871,0.4651753993646636,0.6781326932269399,0.6384609133109338,0.341624394230778,0.10619047398131845,0.01768894681651449,,,,,,,,,,,,,,,,,,,,,,0.18110317704781115,0.401459116153888,0.0088792417763621,,,,,,,,,,,,,,,,,,0.4446448649657881,1.034926565874024,1.406540294148529,1.209985153478643,0.7611147432261274,0.43095709304783336,0.25227903457223166,0.16229490854214687,0.11617625024513856,0.09133853469420637,0.07723507309133926,0.06895766158502037,0.06419113107495013,0.06183014652120471,0.06133780145985067,0.06243684943284204,0.06495703794020682
1.2292204922203975,,,,,,0.5391182737881568,1.7172063497859291,3.1261128882266833,4.085413257015576,3.6465256876198757,2.280079338582491,1.1505126755175545,0.5280694207326153,0.2413760121267717,0.12250631402455689,0.07706642538765437,0.06147851796831916,0.05744132509048145,0.05750054935740614,0.05868132088044178,0.05995599921231635,0.061233744250332324,0.06290301069323312,0.06556333808565575,0.06982417838391179,0.07614578432150253,0.08473504680289312,0.0955166292669676,0.10819065143431263,0.12237579679569681,0.13783724579306122,0.15483502242360284,0.1747439593648651,0.2013743858475059,0.24383354081478054,0.3207374645557986,0.4539454043637731,0.6072396762530191,0.6174017288971668,0.43365144576779485,0.22530214805153034,0.07535175130479585,,,,,,,,,,,,,,,,,,,,,,0.03594120273709703,0.08888825918734751,0.003872485965405728,,,,,,,,,,,,,,,,,,0.06206500622398543,0.09562538614535152,0.09170780681459721,0.05513349868834052,0.026171503462228383,0.01822231568422394,0.019336661449480652,0.020740089314774925,0.020080491747488726,0.01776330803535958,0.014767273506790283,0.011929684864182746,0.009831145691441941,0.008839175945606941,0.009165725649426578,0.010908106465991595,0.014075036236560258
1.2313092271264643,,,,,,0.2668282448796325,0.8239526927765062,1.4520217499787085,1.7919966976129573,1.4431527364708585,0.7513955850936563,0.2801807205158703,0.09645825199836185,0.06883055980125703,0.09352640442923234,0.1239267269752196,0.147709071884102,0.16501873089846436,0.1783526653055074,0.18972522959913254,0.20040455775917376,0.21117335025627998,0.22254007872340714,0.2348193422271219,0.248118249287432,0.26227863297480575,0.2768116465023038,0.2908389003735144,0.3030277356565371,0.3114859003095921,0.3135843452432663,0.30576818025900726,0.2837771511692896,0.24476566815741532,0.1950500124011754,0.1680110111145906,0.23786140799883337,0.43966043996984516,0.566459152633531,0.41639498471580866,0.1830548330032813,0.04375191640893106,,,,,,,,,,,,,,,,,,,,,,0.06781478302480289,0.15348254838377784,0.008715552388688014,,,,,,,,,,,,,,,,,,0.48625989092456223,0.8781337808254407,0.9663698004590493,0.6905646092080452,0.3583098073154452,0.1625053855453778,0.0749668592055545,0.03876957433331598,0.022875361704091532,0.014527219589463913,0.009192837859984829,0.0054796113988189645,0.003069937293081939,0.001964492711236981,0.0022211737143497594,0.0038700555523363757,0.006889617350182632
1.2333979620325313,,,,,,0.4306768054130113,1.3902721706922845,2.6161268521341756,3.555460805437097,3.361955938683383,2.314880415698465,1.3777999425198084,0.8357141654329946,0.5799623689902481,0.47821396344502226,0.4487436645308885,0.45059330611621284,0.46532878540275263,0.4850561272061937,0.5064428720720802,0.5280777751793267,0.5493493479818753,0.5699622317858207,0.5897179693159118,0.6084145924238231,0.6258171360968273,0.6416924908618526,0.6559195720118476,0.6686976185363439,0.6808966097665076,0.6946413088652447,0.7143177305879536,0.7483711741288909,0.8125262488877179,0.9349178723678154,1.1593369994386862,1.5169562697566839,1.8776903968935479,1.8184838390850664,1.2120264815865447,0.5331415916766824,0.12484498959692705,,,,,,,,,,,,,,,,,,,,,,0.028864025951740875,0.043899736784230876,0.0020396854523811246,,,,,,,,,,,,,,,,,,0.14438724152543256,0.29585679447852764,0.4129960161305946,0.39580532852110456,0.28412267402054814,0.18242140639716994,0.11827870039849042,0.08125746099670178,0.05959423703416235,0.046326035141431514,0.037866987198994805,0.03243656334895264,0.02915807067586951,0.027596029114980054,0.02752123084969132,0.028790556470543575,0.031286264266380745
1.2354866969385983,,,,,,0.299980671122183,0.9001190185266476,1.6103121747463693,2.086673454298145,1.8877029547131503,1.2869616946184512,0.8544197639087004,0.6961049137466889,0.6960180288319052,0.7514642329500976,0.8144546207551888,0.8718152648831027,0.923144933952703,0.9702847260498512,1.0143460766878645,1.0554615050428298,1.093121624523583,1.1264992162164749,1.1546683810781138,1.1767360602064552,1.1919046687909074,1.199466017260142,1.1987061573919593,1.1886771247559256,1.1677602726377978,1.1329108113404651,1.078479179901424,0.994741213538464,0.8673142940531652,0.6816308265333194,0.4413901467113386,0.2052132747640247,0.09250968534375889,0.1291259103321089,0.1461102909814568,0.08409002986250946,0.022661201348517474,,,,,,,,,,,,,,,,,,,,,,0.018505178915726807,0.05224615877525761,0.006239636608130574,,,,,,,,,,,,,,,,,,0.17317728058635753,0.2528813187276004,0.20709860880330502,0.09262925265567522,0.0239599782902922,0.01452774461148333,0.027990911070477218,0.04275770450645912,0.05268835066741619,0.05792613618288238,0.060111917420673726,0.06075455267179365,0.06089916015469753,0.06118518562544377,0.061968373016729784,0.06342003104228493,0.06559393972118009
1.2375754318446652,,,,,,0.3202752058705732,0.9570356896521254,1.7149369797344771,2.207484715820081,1.9502280170203123,1.264465170546243,0.7950981588275764,0.6644866679102132,0.7349098859202348,0.8729579081799538,1.0100727802315046,1.1270837150296262,1.2258799471067818,1.3126084667839752,1.3918792210842543,1.4658861709152022,1.534912801649504,1.5980021411174414,1.6535224339832553,1.699621645590146,1.7345977065284914,1.7571956780340232,1.7668343099184238,1.7637781848718275,1.7493116707353198,1.7260450855126745,1.6986236138400364,1.6754031677498853,1.6722445145620795,1.7201264517001595,1.874142310485119,2.1887229991124,2.5381406534803514,2.4112391375333,1.6020079782089929,0.697975377965762,0.16425809964866583,,,,,,,,,,,,,,,,,,,,,,0.03922953524382194,0.05112495237545802,0.002145203647539661,,,,,,,,,,,,,,,,,0.0023216626900587015,0.3062375632648409,0.5366243385114352,0.6210688587481262,0.513568849917563,0.34432038580326096,0.2250945003993252,0.1605724272489978,0.12799746982751622,0.1113652719823129,0.10247003226043291,0.09745064318145852,0.0945367786088572,0.09292206237855363,0.092234632479242,0.09229172913489782,0.09298699941720508,0.09424029550097013
1.2396641667507322,,,,,,0.6112602298187683,1.783251883644881,3.2116779596256118,4.2965003077042985,4.1478562267915295,3.0830628707885803,2.1244043844505436,1.572934571833921,1.3146453340651079,1.2152097045195465,1.1958145200923043,1.2183478404260948,1.2653803575516862,1.3286293403846117,1.4035879500773278,1.4871276232386612,1.5763980704095353,1.6683379028805496,1.7595322836631524,1.8463052624754925,1.9249753148100255,1.992203213231431,2.0453554947527044,2.0828118249272176,2.104164600731038,2.1102871608840696,2.1032751325524117,2.086307944779436,2.063577952869416,2.040347111548253,2.0201777312412124,1.9802697934799742,1.795169473543361,1.288552754739619,0.6416464276909651,0.21246135200707625,0.04057280601008043,,,,,,,,,,,,,,,,,,,,,,0.0002399515210565418,0.01079441312553854,0.003371247216954721,,,,,,,,,,,,,,,,,0.0014745670180807294,0.029920732751661332,0.013653045450404215,0.0008720404324541253,0.02971007423452566,0.07527217802649766,0.10604910015057388,0.12015572561596086,0.12458333706090341,0.1245054779817963,0.1226503166082489,0.12030780526973661,0.1180511291722421,0.11611491130120875,0.11457725692850311,0.11344506707251718,0.11269393320116418,0.11228710023834716
1.241752901656799,,,,,,0.334543091190764,0.9477620654143958,1.6102788964712755,1.895521622234224,1.4123412358153509,0.6395581639224561,0.21002428764663464,0.1660125293214148,0.31769009806783216,0.5079027998745549,0.6671705388897343,0.7877189546991727,0.8842560162561995,0.9725909308957198,1.0636433158907583,1.1634657887763955,1.274419006939936,1.3961281667097782,1.5261203204880707,1.660308259226116,1.7934509737704352,1.9196211385472903,2.0326141221585785,2.1261623387688044,2.193783551382148,2.228110026359747,2.219699314002697,2.155911625530852,2.022173970726009,1.8114775215669476,1.5492812233851028,1.320011666433534,1.212226660072654,1.1300365136193076,0.8850134656656061,0.5380667996252639,0.22247117110835135,,,,,,,,,,,,,,,,,,,,,,0.06130920567951706,0.0727123260811064,0.0034734355202676397,,,,,,,,,,,,,,,,,0.006579955901535042,0.13117145742526434,0.1916308748803477,0.19395425081690928,0.16214605178857314,0.1364937872029181,0.1287895678854051,0.1308236137077535,0.13501504778387188,0.13801541470620257,0.13904322925660742,0.13835061226589612,0.13644091307805392,0.1337725905663116,0.1306878371227246,0.12742250909839,0.12413567199787841,0.12093699484713702
1.2438416365628662,,,,,,0.42309989025850053,1.2368645412085912,2.286300078482185,3.163783761087848,3.174503474966076,2.4329502305889172,1.6642201319285308,1.1448739235119347,0.8376866907564009,0.6661660513736576,0.5780483629613781,0.5439938740288595,0.5490812074751317,0.5864152217316914,0.6530988870652019,0.747770256245406,0.8690795770931269,1.01475887960699,1.1811313098106102,1.3630098855777881,1.5539652162122932,1.746924816243302,1.935034537921302,2.1126992156037243,2.276749478628087,2.427754547283364,2.5715666197328546,2.721057489991697,2.8970320328067976,3.123087133990586,3.3945403879741667,3.571876634964422,3.2317126811955394,2.084311376498905,0.8525889618237035,0.21948605143464198,0.03198797798979003,,,,,,,,,,,,,,,,,,,,,,0.058372492951336265,0.12449638329712027,0.015909510476916168,,,,,,,,,,,,,,,,,0.0025589044329595704,0.020813883795238616,0.022278362159660964,0.062013580957939275,0.14112088584108307,0.1990100782417008,0.21799324204017279,0.21599861142637594,0.20692897607008381,0.19638886931710142,0.1860225780404552,0.17611224639586306,0.16658248482801216,0.1573251733596831,0.14828425322321787,0.13946447233371606,0.1309193360663843,0.12273537498333285
1.245930371468933,,,,,,0.34506123989042337,0.9416645056688494,1.5991515475593714,1.9313120843573095,1.5425754342915345,0.8097785132279803,0.3067078737115943,0.10295941442589962,0.061070875968469274,0.07114972970655756,0.08731822658844934,0.10331854983624299,0.12677083603589406,0.16680578492337303,0.23050902330047615,0.3224550821672773,0.44481254160147043,0.5973927683708338,0.7776500005308115,0.980765405605544,1.1999114643663102,1.4267060134399034,1.6517650016680856,1.8651727474054056,2.056624914356823,2.214973544246554,2.3269510612975197,2.3751356734042917,2.3362281902935824,2.183123402447062,1.8966656921361915,1.4872457208286747,1.0121502467423307,0.5796608975551722,0.2916953966619035,0.14123759683542778,0.05988107971869063,,,,,,,,,,,,,,,,,,,,,,0.05779024622609721,0.08236863097493434,0.005847612096198587,,,,,,,,,,,,,,,,,0.024497739983811537,0.32236290045749794,0.5631176838896526,0.6912211993554033,0.6493466561046545,0.5212537406969209,0.4091172393579233,0.3348978751750132,0.2877524989506853,0.25591896579215373,0.23205604870029933,0.21217317825868676,0.1942398271478355,0.17729974054576347,0.16097618723906837,0.14520324160918635,0.13007788794267441,0.11577530610231608
1.248019106375,,,,,,0.45883759001520613,1.2502329479686516,2.15242813472236,2.6762819847972352,2.2702627860364926,1.3482960161630535,0.6472962151989642,0.2953079571222392,0.14713895989088946,0.07987333570405115,0.03906701623247915,0.012148240270055649,0.0018887621288767946,0.014063732627269053,0.05375257091485028,0.12457739645576565,0.22851889756398533,0.36573671716850625,0.5343962791508405,0.7306205299479019,0.948664587518486,1.1813486456985751,1.420711049948813,1.6587806576972906,1.888329795384022,2.1034502724800195,2.2997529352843604,2.473825223213721,2.6210549662125855,2.72935401008282,2.7617472290254246,2.614843223932555,2.096772902975149,1.202502987474819,0.4291722883797719,0.08454584692929573,0.005042606293781047,2.1687304022612096e-05,,,,,,,,,,,,,,,,,,,,,1.0131398816391741,3.4728821870483446,0.8052556316000092,,,,,,,,,,,,,,,,,0.009265031444852993,0.08080604394808141,0.11666572302783923,0.14554618120778343,0.1836065820444708,0.22223652729392832,0.2503069663310257,0.265171927081832,0.2679798898701149,0.26120065709404033,0.247555585865142,0.22938793779785518,0.20848687611481975,0.18616639233959653,0.1634044701245515,0.1409572701894033,0.11943133184113063,0.09932147063084468
