period_days,time_minus_start_0.00000000,time_minus_start_14.27388081,time_minus_start_28.54776162,time_minus_start_42.82164242,time_minus_start_57.09552323,time_minus_start_71.36940404,time_minus_start_85.64328485,time_minus_start_99.91716566,time_minus_start_114.19104646,time_minus_start_128.46492727,time_minus_start_142.73880808,time_minus_start_157.01268889,time_minus_start_171.28656970,time_minus_start_185.56045050,time_minus_start_199.83433131,time_minus_start_214.10821212,time_minus_start_228.38209293,time_minus_start_242.65597374,time_minus_start_256.92985455,time_minus_start_271.20373535,time_minus_start_285.47761616,time_minus_start_299.75149697,time_minus_start_314.02537778,time_minus_start_328.29925859,time_minus_start_342.57313939,time_minus_start_356.84702020,time_minus_start_371.12090101,time_minus_start_385.39478182,time_minus_start_399.66866263,time_minus_start_413.94254343,time_minus_start_428.21642424,time_minus_start_442.49030505,time_minus_start_456.76418586,time_minus_start_471.03806667,time_minus_start_485.31194747,time_minus_start_499.58582828,time_minus_start_513.85970909,time_minus_start_528.13358990,time_minus_start_542.40747071,time_minus_start_556.68135151,time_minus_start_570.95523232,time_minus_start_585.22911313,time_minus_start_599.50299394,time_minus_start_613.77687475,time_minus_start_628.05075556,time_minus_start_642.32463636,time_minus_start_656.59851717,time_minus_start_670.87239798,time_minus_start_685.14627879,time_minus_start_699.42015960,time_minus_start_713.69404040,time_minus_start_727.96792121,time_minus_start_742.24180202,time_minus_start_756.51568283,time_minus_start_770.78956364,time_minus_start_785.06344444,time_minus_start_799.33732525,time_minus_start_813.61120606,time_minus_start_827.88508687,time_minus_start_842.15896768,time_minus_start_856.43284848,time_minus_start_870.70672929,time_minus_start_884.98061010,time_minus_start_899.25449091,time_minus_start_913.52837172,time_minus_start_927.80225252,time_minus_start_942.07613333,time_minus_start_956.35001414,time_minus_start_970.62389495,time_minus_start_984.89777576,time_minus_start_999.17165657,time_minus_start_1013.44553737,time_minus_start_1027.71941818,time_minus_start_1041.99329899,time_minus_start_1056.26717980,time_minus_start_1070.54106061,time_minus_start_1084.81494141,time_minus_start_1099.08882222,time_minus_start_1113.36270303,time_minus_start_1127.63658384,time_minus_start_1141.91046465,time_minus_start_1156.18434545,time_minus_start_1170.45822626,time_minus_start_1184.73210707,time_minus_start_1199.00598788,time_minus_start_1213.27986869,time_minus_start_1227.55374949,time_minus_start_1241.82763030,time_minus_start_1256.10151111,time_minus_start_1270.37539192,time_minus_start_1284.64927273,time_minus_start_1298.92315353,time_minus_start_1313.19703434,time_minus_start_1327.47091515,time_minus_start_1341.74479596,time_minus_start_1356.01867677,time_minus_start_1370.29255758,time_minus_start_1384.56643838,time_minus_start_1398.84031919,time_minus_start_1413.11420000
0.74587403895,,,,,,,,,,,0.2488059483916163,2.2903096059547785,1.559872930953556,0.500936655143385,0.25595114607944053,0.5112219195720095,1.1453477395993765,2.0627612444494723,3.203741822615393,4.5106467799487175,5.886802474345436,7.182172974151963,8.215396860539323,8.833222572203283,8.976619534816328,8.702351014705364,8.142788961519638,7.441099045263647,6.706802983191392,6.004119823914201,5.360512171361911,4.780595457407328,4.258016186572794,3.7864298566631303,3.3927010632462125,3.280132752125687,4.09437090484977,6.151710433789937,5.619999951870719,3.2337342070729704,2.2023572796941413,1.9075448691099774,1.8696406203786236,1.9378278401189515,2.0636969275841923,2.229783170206741,2.428625622394576,2.6552167206147357,2.904052107284852,3.168205763415287,3.4394746645693375,3.709110147254374,3.968756853097217,4.211231926733569,4.430740305366545,4.6217664608772555,4.774185091735943,4.855938057527605,4.758558196980424,4.1935088289219165,2.8734478927992795,1.3634110614230819,0.35106511146777086,0.09305130675518483,0.5509064696391378,0.9044847398977317,1.0452850581464184,1.0636060621061891,1.0310105799455918,0.9774785470470315,0.9135453987577931,0.8432935394869564,0.7690307543626789,0.6927574960465823,0.6165823807156957,0.542791379088912,0.4737836496020645,0.41193974803300937,0.35945348016441153,0.31816529048191433,0.2894702364810267,0.27446195802245,0.27470066446037467,0.2945794356707521,0.3478116326819052,0.47501005188168915,0.7769027848315542,1.2085351764882097,0.96162066884112,0.38678287195375455,0.0905114192705664,,,,,,,,,
0.7479545802023013,,,,,,,,,,,0.30702457857266413,2.3533145080400493,1.4544641709835704,0.4240387014025321,0.18819876267697577,0.3162231219934201,0.6717108075736086,1.2356119849556155,2.0131482349126903,3.0004252596963443,4.158188666405039,5.392419968457086,6.5571494812047755,7.493390668598418,8.091407797353751,8.333255164288655,8.284023683872974,8.046620671819857,7.7178836114367995,7.366784724733206,7.032261851613492,6.730463999734577,6.464178372371787,6.233093506780454,6.0680063471744665,6.223005298540284,7.503743718719835,9.596392854133219,7.414706363439626,4.0479018690011666,2.977190061501241,2.846209852203357,2.9160242200068978,3.0194133935913,3.1330986150624502,3.2507514178584214,3.365914976508442,3.471405597294906,3.559861857007375,3.624431257238854,3.659561447792822,3.661706421935984,3.629731468978461,3.564902876125533,3.4704969558797365,3.3511810930693455,3.2123708210400843,3.0597815987122545,2.899493340103388,2.739436112917,2.5962293690607203,2.517191725317958,2.471298020662796,1.6996521680261911,0.9418325665592402,0.7281318387981788,0.6503819671450658,0.5944120040799864,0.5397032752933184,0.4826196625007474,0.4230354417108647,0.36182503459178694,0.3002941088599009,0.24002211872537096,0.18278936970968368,0.13050335260268905,0.0850995556902858,0.048412642916657034,0.022027152632969695,0.007132402546809973,0.004432240729353772,0.01421756380277852,0.03685677012827965,0.07434619593500279,0.13458222875224823,0.24292861127962836,0.46375316742672906,0.7561575535525712,0.5671759134419001,0.19161746367873334,0.04257969485360877,,,,,,,,,
0.7500351214546026,,,,,,,,,,,0.46125202964936185,2.3718763692244456,0.8462844656481926,0.13193493792201574,0.03718389528696753,0.04581084411043326,0.07889811679283308,0.12203921027083663,0.16933109887670267,0.21727144372984,0.26335493917431135,0.3060320385211122,0.3453058000136376,0.3831809249614782,0.4232587225718802,0.4694986084717567,0.5249838621284855,0.5914272115338804,0.6693686385822203,0.7585913321639216,0.8584621983574605,0.9682733900215197,1.0879605204856,1.2199524949074834,1.377075247914067,1.6355728548677928,2.29355004791086,3.366570043436881,2.733664653588107,1.500162249566064,1.2544863566849898,1.4055058659919701,1.5652796114298797,1.666117925315006,1.7325690773840379,1.7833752339926934,1.8242811926197364,1.8546186845949908,1.8714694030037133,1.8717357390677765,1.8532364058721595,1.8152644138922185,1.7587293475039436,1.6859590292231035,1.6002866881639526,1.5056082304239522,1.406163062131521,1.3070096554508153,1.216474016138836,1.154598213477854,1.180492050387502,1.4713884734171727,2.302962951917793,2.323734708571576,1.2153534620629567,0.743015195214316,0.5887064693902467,0.5244502774382718,0.48468276325446885,0.4513434426818212,0.4197710931780469,0.3892239834876514,0.3601590722729631,0.333427848149526,0.3100170651812405,0.29093624107636484,0.2771365247965775,0.2694307936801802,0.2684141017758585,0.2743985743031034,0.2873915702076757,0.30716959878193106,0.333549699064967,0.36712041852568955,0.41166231526216435,0.4844076496510092,0.637829153038233,0.8257109828987645,0.6135049506521711,0.2464072826226395,0.05000818423714217,,,,,,,,,
0.7521156627069038,,,,,,,,,,,0.3632518928223647,1.9638199752563956,0.9298385936862503,0.23378000286815614,0.09997946360815868,0.14123898109646987,0.2555664574730015,0.4127127220895021,0.598105896801836,0.7985421837077666,0.9966534334026558,1.1702308470590992,1.2967121196460265,1.3616252901026313,1.3656846860725917,1.3244587086084003,1.2605818874898365,1.1947270969607118,1.1406864447062908,1.1050100172898232,1.0889340989310632,1.0906289900388821,1.1067717022143926,1.13247273284143,1.1612839259143524,1.2212218666930226,1.490434218326815,1.9371776124699889,1.3642552197992377,0.5760931006470886,0.35685649793828006,0.3304126925552719,0.3225193272769756,0.3090552827551464,0.2957361514130966,0.2871842834276413,0.2849978440735839,0.2889763260920497,0.29786349519744576,0.30976824787922286,0.32251053262322554,0.33396000339896137,0.34233756601758025,0.3464240736725732,0.3456405872637728,0.3400034832807012,0.32999007593903057,0.31636715198891857,0.30010246057937934,0.28334303273458983,0.27943817777913565,0.3635502777778858,0.7520720600927037,1.1280547287309282,0.8601436250608075,0.6719645117519542,0.6051006039584258,0.5822175325734725,0.5733739513946186,0.5691531052131003,0.5668305309213071,0.565775542376968,0.5659953293917731,0.5676694127277676,0.5709907111698773,0.576100520272372,0.5830526730699233,0.591788910627222,0.6021223381969013,0.6137291181958007,0.6261428640792006,0.6387225379857069,0.6505127340133666,0.6600177258985495,0.6670010474498038,0.6887626248547004,0.7977170586004628,0.9808569629076872,0.8166717654131913,0.49024632272026303,0.21816793238633292,,,,,,,,,
0.7541962039592051,,,,,,,,,,,0.1463360862651359,0.8111641578883548,0.567784975329547,0.30030913223833283,0.25222645502945656,0.4929518411154616,1.0144466480569012,1.724916586789859,2.5513621503999504,3.4259868720238646,4.259855713414233,4.941536393042293,5.3619288201883375,5.455925682972327,5.234211387200498,4.777819050230292,4.1983740777853,3.59504251993813,3.0327323871836156,2.542136006467874,2.1298132934692022,1.7885646800826258,1.5043260937188927,1.2608130717715267,1.0514190458913413,0.9185445626119161,0.9805594633130555,1.1735005870024156,0.8421801743096495,0.4329390249229011,0.3166645050078348,0.27646210445861163,0.2350958536270602,0.19131708568422826,0.1502216247692652,0.11390257976047687,0.0830337640307103,0.05777937872162894,0.03800875352392264,0.02333243242343085,0.013139752266163903,0.006674463769758232,0.003136860277597452,0.0017855297421660828,0.002012670884157415,0.0033759665919934727,0.005574394483542614,0.008328211677926852,0.010998384635206986,0.01150278389155175,0.005387296201763621,0.005440266236368486,0.15554470041623655,0.48480049384383817,0.4870103184499012,0.4519912960656395,0.44378267818678935,0.4411485018906669,0.43906158720890703,0.43710502711822397,0.43549030562106134,0.43443220792168413,0.4340850987050419,0.4345453102732292,0.43585181482246604,0.43798131339954094,0.4408410809534607,0.4442622361296199,0.44799417691593474,0.45169703943280837,0.4549202773350161,0.4570397898562383,0.4571391300730129,0.4542365549548735,0.45136277675904485,0.47826736317837026,0.6398625899465866,0.9719939876742075,0.9375795063038802,0.6081782967346687,0.2852888456936008,,,,,,,,,
0.7562767452115063,,,,,,,,,,,0.03001700091821285,0.2603406250277002,0.33343445236655317,0.22820483195456326,0.18700043329328195,0.31335143255470604,0.5578479212598187,0.8406820131496724,1.1138873154293067,1.3443269386136392,1.5024051912044827,1.5641298198061628,1.5198040162858373,1.381800514916271,1.1832698643031108,0.9659029864040881,0.7647966891253333,0.6001503721341042,0.4778577581678351,0.39462283944993437,0.34310424721074095,0.3153516798825604,0.3049132786293816,0.3090950484518248,0.33428455602305157,0.41032233601752144,0.6073021041707075,0.8540388308582465,0.600164174407816,0.3576898518319249,0.4692202549031525,0.635921823469995,0.7105916529878263,0.7131065296175815,0.6840286943944747,0.6427080716293213,0.595861205787178,0.5456556531297704,0.4930265841696409,0.4388067501424582,0.3840431436276706,0.3299984724742964,0.2780227494488262,0.22938733510229714,0.18514031092670905,0.14601649603263106,0.11241085956412124,0.08440856417498321,0.06186942339182975,0.04459484212712149,0.032601973282494645,0.02674619930618353,0.042553230057807104,0.1742409501554588,0.3562380414440066,0.45276121753100657,0.48212742705224904,0.47919674820186403,0.4634203700116299,0.4424121577332081,0.4188654048085819,0.3938185094181883,0.3678109584180481,0.34125556760340664,0.31455046203183107,0.28810471643647995,0.2623312082087075,0.23762059688854908,0.2142947115886638,0.1925240249743215,0.17216934757264674,0.15246570646966676,0.13147085489531168,0.10584062771407984,0.07578930300323239,0.07349403789660243,0.22844380461571173,0.6728385675650379,0.8523955456254211,0.6073143112744389,0.29885116173483195,,,,,,,,,
0.7583572864638076,,,,,,,,,,,0.22905276849648665,1.021036279514313,0.509002122383444,0.1426953944122182,0.06450211835439118,0.07896529155129277,0.12527977800882156,0.18473545771603855,0.24903924024040486,0.31200250482794434,0.3670257776799301,0.4071435532047233,0.4269066735278278,0.4249710064733311,0.40535296020388834,0.3759429136171495,0.34521552338412825,0.31947195124494526,0.30191022065701034,0.29314494765710075,0.2922639498949445,0.2979494352446167,0.30988929103584895,0.33161590393473434,0.3778626914356381,0.4936037805324815,0.7764545981610257,1.1118077042276255,0.6466471627515746,0.19953803945386145,0.44862556313466345,1.0499289297204328,1.5676950722745207,1.826733373534466,1.9092149403665593,1.9071033208759691,1.8634233093545218,1.7937483692930092,1.7035836888422708,1.5958670904296426,1.4736598013488744,1.3408452355445106,1.2019843475313514,1.0618330157255282,0.9247966918848195,0.794474160510038,0.6733301724450943,0.5624256086487444,0.4610538044573324,0.3662663515092109,0.2733338666127579,0.1811109272647758,0.12871748193186486,0.26591327159646655,0.5195541614319501,0.7527074755904719,0.872928030614519,0.8970770162446604,0.8761563777825607,0.8368336155243469,0.7890126646836276,0.7362728692249045,0.680217203459954,0.6219193941401624,0.5623646637248516,0.5025643773270073,0.4435601718524723,0.386380898885128,0.33196504759506734,0.2810349712807094,0.23387258511265666,0.18987707884841562,0.14674027548474827,0.09976625835857773,0.04716532047891389,0.023928795298036234,0.18005152819843062,0.6783279048773236,0.8991365054591743,0.6279178349516943,0.29381485394982126,,,,,,,,,
0.7604378277161088,,,,,,,,,,,0.308270467942032,1.3942014664411804,0.7780342712101369,0.2673581872445706,0.1683373927966395,0.2669748549770905,0.5014371982238617,0.8351541253265068,1.241746319037221,1.6927385079009314,2.1465416766570726,2.547019560400666,2.8343395481731566,2.9656191842600803,2.933357961168754,2.7671907097188946,2.5175004641787826,2.2342015859228574,1.9536477137538248,1.696086319736236,1.4690914429086195,1.2722311380284794,1.1008267434323489,0.9497532712916997,0.824533981060765,0.7780178486090892,0.9671844233311775,1.419647579359694,1.0051987259868196,0.18566748971394523,0.11020422727361383,0.6280382310938972,1.367439751506161,1.9105256149031369,2.1732546647561946,2.266384803536478,2.276502900270621,2.2420144032031613,2.177472644660562,2.0890144355610296,1.9807024322207976,1.8566338633430197,1.721331554077374,1.57949070442002,1.4355635576021248,1.2934175279458482,1.1561939638651724,1.026527817177479,0.9077193337424055,0.8083415474779502,0.7585338901322894,0.84679229429914,1.1819450788597146,1.3227915868283229,1.2586533804087165,1.3906777321085804,1.4851241114816358,1.498812505440472,1.4684584706541983,1.417073102251576,1.3536416130440239,1.2815106903885332,1.2022538622878391,1.117034808548775,1.027054139497672,0.9336845899701811,0.8384923884851468,0.7432054259392733,0.6496480262014058,0.5596547291516762,0.47498155768089545,0.3972544125837447,0.32810620626954917,0.2704378671919629,0.23631610327227429,0.28186257648326385,0.5757515756394536,1.16321062784086,1.1474285510276445,0.6343109103941943,0.24585601738855173,,,,,,,,,
0.7625183689684101,,,,,,,,,,,0.12095515712333772,1.0784322664845762,1.1277579421013848,0.5339917540547935,0.3597160336994302,0.5744600421912176,1.0603660186466506,1.6782404422656936,2.342052256711456,2.9998796588245438,3.590982905399403,4.04022654555228,4.277350032548167,4.266661299947665,4.026910098660033,3.6242084865157116,3.142542708749359,2.6538182075035865,2.2033971852148624,1.8106509926549723,1.4759384534716569,1.1871217734275616,0.924136557332114,0.668837515152311,0.4371457660720321,0.3222460010005137,0.5438033567152792,1.433610184045152,1.7159718944507996,0.7458656148363128,0.17470498018499478,0.02111029356863657,0.008075975062083664,0.02572669110429378,0.054997318847742206,0.09626831950579057,0.15052046907348607,0.21712926880530445,0.2939018544623479,0.3772833440221343,0.46270739814182604,0.5451269444112316,0.6196493764735972,0.6821416362530774,0.7296866734609491,0.7608568202668061,0.7759225191610959,0.7774212835801172,0.772339398880158,0.779846287310175,0.8584420123451441,1.20338614420307,2.30878381191974,3.2974029304479466,2.6757638862100537,2.2255278014054816,2.0572744985048566,1.983850723726197,1.9333151825373707,1.883170033120341,1.826567379289809,1.7614356752397795,1.6872283090001838,1.6039961341654492,1.5121543981069705,1.4124521746822412,1.3059929833286348,1.1942574341874956,1.0791152383035316,0.9628428344402105,0.8482158288444566,0.738867120821372,0.6404065605203269,0.5636904288640641,0.5346978853763451,0.6231073522854107,0.9727590076269818,1.4459368294893669,1.096248200294797,0.4860035511517956,0.1810090403400834,,,,,,,,,
0.7645989102207114,,,,,,,,,,,0.48870237299898434,2.3642014207294704,1.305122327990943,0.37547915038309854,0.200752024152068,0.2863187451625336,0.5131977447510531,0.8368390492657329,1.224178812739372,1.6380917466267164,2.02701874952857,2.32707227031134,2.4785191165312153,2.4501172131585456,2.2551452953913027,1.9452660144443181,1.58637230894216,1.2344706057702362,0.9244376276925271,0.6711525648500245,0.47619067843256424,0.3348541437842123,0.24202959788497588,0.1985332462051512,0.22612327773704302,0.43062128767086727,1.2463007742225032,3.476027573666357,4.595053166853677,2.89506272314322,1.6722694052324905,1.2242853487555279,1.1298037877450762,1.1773086367446042,1.2835614881014268,1.4145968687194648,1.5538292504731943,1.690354539513745,1.8150204605411604,1.919579605151479,1.9970549036201344,2.042444893293458,2.0532912706951763,2.0298664771271286,1.9749427048299066,1.8932824434092417,1.7911510182329915,1.676403866383314,1.5604160983505504,1.4653026417277069,1.4456426552041437,1.6397514126590873,2.2274264161882202,2.416862067640374,1.9369121355012904,1.7440160925014778,1.6779445114768277,1.6261803902067213,1.5687600710218068,1.5040028094813833,1.4325387568788497,1.35511942548624,1.2724798279789808,1.1854153476804923,1.0948412690608398,1.0018224177271422,0.9075807314974969,0.8134873311941269,0.7210498458541212,0.6319235462492406,0.5480200825290801,0.47189433980017836,0.40784330106348715,0.36479215449941294,0.36388821229010954,0.4577967512674781,0.7440076642939765,1.0739663154127848,0.7453066646455382,0.2767961278894248,0.07917036075740594,,,,,,,,,
0.7666794514730126,,,,,,,,,,,3.9177640248811927,14.243144334606095,6.786697474935197,1.8667047253960674,0.8768294838613473,1.0157814101427276,1.5532917454673953,2.285075789909321,3.1130348709056648,3.953474977015642,4.709433168802761,5.27167405224827,5.5438327735215465,5.480137450819363,5.109588135348844,4.524512206221731,3.8403412257962137,3.155699662098001,2.533601039583571,2.003123206899177,1.5706094016408012,1.2319555541872478,0.9839417015266059,0.8390664675973029,0.8623348875576372,1.3120820478904354,3.193973361119732,8.41468744885799,11.148380060519564,7.424535700639565,4.796380572706947,3.8513000217892492,3.635462410138183,3.6847182339778013,3.815667124379123,3.9531696290752056,4.062515608462361,4.125102268501728,4.1303935520835715,4.073713613863494,3.955754172886638,3.7821322933849513,3.562428419096995,3.3087055273797534,3.033785454860106,2.7495881421409694,2.465669042949849,2.18779163937798,1.9161045659198066,1.6430593552629875,1.3556314346273128,1.0507684044463281,0.7368573380891544,0.6110847017496426,0.8831387868239996,1.1277926427024851,1.210137770575096,1.1888998220444786,1.1235552505599844,1.0408320640679378,0.9505816500962211,0.8567072025533595,0.7613057984321565,0.6660070341375786,0.5723686287917064,0.48196596079692516,0.3963758333972737,0.3171179285121381,0.24558001759630124,0.1829491932183886,0.13018243793084505,0.08807709200813735,0.05758645097409422,0.040957231113180156,0.04665276658377272,0.10886504190336184,0.31794762770597407,0.6324478599365645,0.5243186056272923,0.22650532962599618,0.07253697968423077,,,,,,,,,
0.7687599927253138,,,,,,,,,,,0.8884723067838044,3.354277982986981,1.647487760227736,0.4287084821619649,0.18404675924628303,0.1968894078156858,0.2880093108667873,0.4150170229528948,0.5600314699906814,0.7086632535219282,0.8444024736967201,0.9484836081343457,1.0041185677373181,1.0030493144849266,0.9498644924985306,0.8601907684008785,0.7538321476126264,0.6478261948591061,0.5530722511204916,0.47454745990055863,0.4133547760003824,0.3694295160279547,0.34553082595440493,0.3568071388698727,0.46183356916889473,0.8844108799405783,2.499854548878205,7.042682005951448,9.650632140623877,6.522074650556794,4.200332352793536,3.3041169317039016,3.004985609357735,2.9076560558070272,2.865561769589843,2.8247041417079943,2.764616989545396,2.6778079042930387,2.5627340919793618,2.4213799513187033,2.2582154081551074,2.0794033683322812,1.891948987982664,1.702820171385463,1.5181701999280894,1.3427563024034164,1.179528433898424,1.0291860643686166,0.8892476756484468,0.7518283029997376,0.5988742064161406,0.39140890801656464,0.08894227303313464,0.12304357145246589,0.6788757490616611,1.069068370191683,1.2133197769965067,1.2176198314394284,1.1645568098043855,1.0900253338185626,1.0069453218340334,0.9201058255750414,0.8317607076063606,0.7434526640850673,0.6565675711415674,0.572478034828813,0.49254630256521637,0.41806647852387896,0.3501633186952223,0.2896332677892215,0.23666935436849298,0.19032312445412777,0.14746078689957376,0.10151693278508218,0.04601603846196855,0.001182087832230703,0.06562553089466885,0.3225666569278781,0.41933796824272007,0.29296837248006796,0.16813957153662143,,,,,,,,,
0.7708405339776151,,,,,,,,,,,0.6699263112354616,2.5759657629152493,1.1822696649413542,0.2866341700620457,0.1282664861770858,0.1664940645221212,0.3072319115472423,0.5042132645169607,0.7044636511125076,0.8851856785599607,1.0332957294345602,1.1337342102740877,1.1741417171567214,1.1522131960562618,1.0787905259501154,0.9740843559308426,0.8597943382150682,0.752571799334119,0.6617623118956859,0.5906298259094929,0.5390548995351369,0.5067892038055666,0.4984753272400946,0.5357073888244784,0.6949410162398424,1.250848383721614,3.1524561582102497,7.486818001584907,8.210685997826456,4.505667187488052,2.47850186910355,1.7541034196419452,1.4901609660375392,1.3713156877688712,1.2935730201181892,1.222183999455322,1.1457325828945732,1.0612802067882414,0.9693698469822383,0.872215926831489,0.7728795658933395,0.6747170203412793,0.5809200811501871,0.49415149384093904,0.41631865870323886,0.34850887109012657,0.2910772017135161,0.24386350508052704,0.2065346562504424,0.17913253085573488,0.16331548912492996,0.16876103792765254,0.26979578779188784,0.672463139424155,1.0585992376802764,1.2385033289180232,1.2855170499092128,1.2632880955214727,1.2120641946521877,1.1494636153061355,1.0822321338921839,1.0131153104365858,0.9435302786500118,0.8744788001514012,0.8068386402332496,0.7414423130587668,0.6790765267254234,0.6204380460085275,0.5660392632618347,0.5160157135988909,0.4697075348192736,0.42472010545983857,0.3749577480236752,0.3077777669714586,0.20651354385281925,0.07976559697784688,0.015598924769850241,0.14932202141545167,0.31965819999187095,0.30319973568938074,0.2016344951562206,,,,,,,,,
0.7729210752299164,,,,,,,,,,,0.7300085225982297,4.359029662307978,2.9337511014628395,1.0607468478715132,0.6534083985971889,0.8900377923952553,1.48299296650411,2.312813424282861,3.323119545471791,4.462596995534429,5.64549223685818,6.742029541775539,7.600031512425699,8.093796729592214,8.174593587267971,7.886836020831523,7.339114226585571,6.655263874265706,5.93739877680206,5.252795915705438,4.638666269687933,4.115672915835203,3.707149223607897,3.470855754024572,3.5654683278522663,4.385607114348334,6.5667090490779545,8.986975153953983,6.4177882957500225,2.643466372279903,1.1564743367254022,0.6822552194786532,0.5147311378107849,0.4390851574445834,0.3907751377722787,0.3494453998730793,0.3088049820484998,0.2674431371256184,0.22578314971826643,0.18496608906806805,0.14635484674754026,0.1112454024381619,0.08067294612735025,0.05529622930652833,0.03536150939747594,0.020738795036740056,0.01101332237355136,0.005619088907386074,0.00404199221168877,0.006347037256735246,0.01595073976557903,0.06023500706471474,0.3163385310463515,0.9950842554592795,1.337979444236437,1.3996523600504915,1.3958883696129234,1.3694764604740204,1.3341406282715804,1.295324935833119,1.2552615794038002,1.2150146999870635,1.1752202724805398,1.1363322469142947,1.0986970038153525,1.062567600111674,1.0280906083118517,0.9952633072923348,0.9638253997763621,0.9329823648508798,0.9006988967196318,0.8619562633410346,0.8049001867364761,0.7049843426701081,0.5286516800686255,0.2815999798066445,0.07576721049897175,0.08107445932195549,0.2417182409233605,0.28062611149770916,0.20202543107231988,0.008033875794409865,,,,,,,,
0.7750016164822177,,,,,,,,,,,3.803206127650475,15.996166331393734,9.25468237327452,3.0757555240796486,1.6720116018317985,1.928447591640831,2.8303980269945734,4.039782223965433,5.393478949846816,6.762840411609552,8.004060913694866,8.956514993182694,9.478005760022166,9.498198427425674,9.05349696548902,8.272872020724709,7.3229605826077275,6.351289414245327,5.457057222204907,4.690665813957331,4.068162295129639,3.589180480931395,3.2560185637390586,3.1012353822464553,3.241750307446819,3.969489426060537,5.672294183041771,7.237665729331222,4.832779845177141,1.8468146135404935,0.7272678025051611,0.3840373388542471,0.2712506662601124,0.22862323113923907,0.20858112127959577,0.19583347676983973,0.185247189598724,0.17516356287512774,0.16517602031884257,0.15534027298223127,0.14587164707216765,0.13701321704598063,0.1289694051970888,0.1218724145461521,0.11577227334213883,0.11064904625179736,0.1064565485965183,0.10324690587552864,0.10158060277956077,0.10410878858899776,0.12295982919240626,0.22131674721620453,0.6935492973384193,1.599275887588092,1.7465906136303753,1.6325429060849896,1.5723868540638581,1.550650191176153,1.5439957336610823,1.5427578429888527,1.5435811260113843,1.545374495419584,1.5477681057187815,1.5505660062441047,1.553552347131237,1.5564171074770021,1.5587125114815816,1.5597850158490647,1.5585943367846822,1.5532026467230173,1.5393825611965684,1.5070520926640607,1.4323130659773173,1.2661724242303136,0.9475547300117586,0.5041838360816185,0.133885894304414,0.05957400341833956,0.2151878457526684,0.2576744995189739,0.17887733844181286,0.015092668635219814,,,,,,,,
0.7770821577345188,,,,,,,,,,,1.2070153288281515,3.3148694205926437,1.385523913422263,0.3299373657033544,0.13299428298056062,0.12391294816750482,0.15461754220736812,0.18950410097625528,0.215063177971072,0.22460441460028843,0.2153243810497296,0.1887330088404878,0.1514420195645732,0.11428679213632635,0.08915489829574726,0.0850902065120397,0.10613029818766648,0.15178226853700189,0.21902465474348082,0.3043329379200024,0.40517819181955456,0.521659819815032,0.6604917509519108,0.8474471719989334,1.1664416099862374,1.874262349288079,3.5771008948386167,6.036008129012898,4.97201927253912,2.2118199516412034,1.009155327025068,0.6229650875452295,0.5059144093208385,0.4779323793330598,0.4803578410905269,0.4921148681612954,0.5047934186601315,0.5146145187974616,0.5196674560888664,0.5189687486972964,0.5121615451100514,0.49940975221249323,0.4813173560011659,0.45882298577195657,0.43307903748777243,0.4053603387675442,0.3770911292781241,0.35019793172729413,0.32837880705735023,0.3211702125622083,0.35756898348028004,0.5340021812662065,1.0820545676528672,1.5645715728168383,1.2894728657513856,1.0735932659549972,0.9924831901325367,0.9636358400105203,0.9523011281620497,0.9466743311838024,0.9429088566126816,0.9398012300124895,0.9370036967907182,0.9344264267665325,0.9320351687122242,0.9297778531485428,0.9275466531021441,0.9251299556788594,0.9220986885087397,0.9174993714901355,0.9090274026393854,0.890894165921422,0.8489170428510916,0.7527443214310645,0.560304734262054,0.28064833731684774,0.05599731174807754,0.07131804684298235,0.20800644833503076,0.2140079880477466,0.15473816466296994,0.023089984541809938,,,,,,,,
0.7791626989868201,,,,,,,,,,,1.4411173271766804,4.140492902331402,1.9096159114386664,0.5403339221158433,0.2867566169621614,0.37230413286840947,0.6307069712867018,1.0034649509645732,1.45681022328956,1.966452624422621,2.497962326414362,3.0010869939468625,3.4184248471925107,3.7040431761488293,3.8415001091642185,3.848747700386037,3.7670187980211662,3.6430577814399863,3.515848220699378,3.4118870959204757,3.346968149401413,3.3314866927729936,3.3783969133750222,3.5153839109262734,3.807200644648006,4.428844518847488,5.784920382292788,7.243898370740012,5.1271905474305814,2.1561210924338217,0.9641845655058893,0.5920383565009908,0.4816530586979252,0.4570993272092682,0.4617760971613183,0.47522877539185265,0.4891612834991497,0.4997807971783968,0.5051601208788804,0.5043336912425624,0.49700316586574766,0.48342440425037925,0.4643127526908933,0.44072034210426475,0.4138960068616021,0.3851682008948945,0.35591933797804987,0.32779351037350396,0.30351694850348654,0.28944724889397716,0.3031621104028142,0.3933680321272772,0.6291864146927314,0.7128264619297486,0.5110634971027963,0.4061969347913524,0.3653142147768888,0.3426868478721647,0.324690369757748,0.3075062271132607,0.29006704871072153,0.2721537733035328,0.25383825850001257,0.23531153926872,0.21682952847374712,0.19869314190010812,0.18123510232310353,0.16480234606221278,0.14972586549939135,0.13626322133544014,0.12447520671554799,0.11393553244235097,0.10305188143213936,0.08781237909263546,0.06163999884161972,0.025749366505622446,0.019518349057844775,0.1086237838514201,0.18658643530518706,0.16596934366873956,0.12288715701738932,0.025155942142216916,,,,,,,,
0.7812432402391214,,,,,,,,,,,1.1408512423397406,3.822766526739087,2.277162088211567,0.8310156457221326,0.48719801931610807,0.5789559660794938,0.8807176091140119,1.3274859976220827,1.8956099681472462,2.56610415886266,3.305865585584713,4.059159572565999,4.752053629681617,5.311316087794295,5.689496263982857,5.879998111572568,5.912489342528737,5.834649999785274,5.693675038427966,5.5257353821318755,5.353569744075849,5.188594101177966,5.033529978512632,4.883372809946075,4.7459222809630965,4.787146782164372,5.462366977591768,6.1604561537551605,4.010558011439029,1.5481956868734936,0.6210845783981704,0.3409627290564302,0.2528892140090991,0.22306424822290707,0.21182188524828438,0.20590113690234754,0.2004561598133001,0.19371422303361396,0.18515762346627263,0.17484761813524477,0.16314414363512078,0.15055932628768795,0.13765551474197923,0.12496482737470517,0.11293013194422909,0.10187210391471521,0.09198898919296587,0.08341488435948594,0.07645452802091515,0.07251588547083429,0.07822433516182713,0.12453548499343223,0.3101406824182061,0.5071078694817249,0.41329225646635515,0.32612328597552676,0.2851616634369809,0.2612087603894168,0.24197116491023593,0.22351094480562983,0.20469610592480098,0.1853124890393963,0.16546236791101582,0.1453743613812231,0.1253420108360872,0.1057006861142772,0.08681377623629356,0.06905908118952095,0.05281359679824844,0.03843853847088846,0.0262687425028334,0.016609853633035725,0.009738378180413553,0.005908675919652399,0.005727399711162223,0.013486423449699948,0.04919303623892904,0.13651779216402932,0.172550409923476,0.11753130169061483,0.06398254710032814,0.013309051355194765,,,,,,,,
0.7833237814914227,,,,,,,,,,,0.853679658621051,2.862356282087772,1.69143922021087,0.5753367940097546,0.30292361704268644,0.3186509702929049,0.4273378105705743,0.5646148497232568,0.7011851418912773,0.8190924891136543,0.9052212352719895,0.9513621519536866,0.9565030475534352,0.9281325723868583,0.8802949259256875,0.8287107910713483,0.7858202089027859,0.7583796871068857,0.7478715221952721,0.7523276695363177,0.7683218017533787,0.7929359446961738,0.826760320727686,0.8811158310514491,0.9989630031284081,1.3171633745384899,2.174725719667657,3.4928474564296437,2.8582145546320703,1.1774703828050126,0.43637334072071066,0.2116291964752701,0.14464348530836488,0.12214949195574955,0.11336890394079117,0.10883712895884602,0.10496290127464575,0.10021200457971091,0.09396282068517131,0.08609252817035459,0.07679847088843113,0.06649059073749923,0.05569873049048668,0.04498375206616315,0.034858809874703724,0.025728804132916474,0.017849541341107434,0.011301054988521346,0.005981411761327848,0.0017768208728977592,0.0002409274518474284,0.017820194314688533,0.1518754445703978,0.4462062562711137,0.506366765149898,0.46563991267100535,0.4331870841094152,0.40847765547894593,0.3858626953803264,0.36314190215908293,0.3397305421079473,0.31562753863289494,0.29104415964116703,0.26627866138678213,0.2416708836714944,0.21758046325122618,0.19437012099050505,0.17238791152175773,0.15194609303898834,0.13329391365818025,0.11657619658468983,0.10175456203464363,0.08844590221902124,0.07570837415967249,0.06265990620890975,0.05412552670507732,0.07594299423223523,0.1579635205104201,0.1932238316269587,0.1343025216443332,0.07338504923982989,0.017023031759584185,,,,,,,,
0.7854043227437238,,,,,,,,,,,0.4841722576585084,1.7498698978991805,1.2718325316959673,0.5410432729746362,0.3116589673330929,0.31596573266218625,0.39501023142136266,0.48615146717254587,0.5612321284709529,0.6042373327947523,0.6053261449398488,0.5612847219253186,0.477634921584211,0.36879297955131124,0.2542841843656913,0.15237839588825344,0.07492943372367618,0.025971827210042188,0.0035018029314845493,0.0023049331682879408,0.016291363081823856,0.040032954068487336,0.07008357207263818,0.10749494241294685,0.1654487948259177,0.2955493430455719,0.6536016212087566,1.3102153423053733,1.209268030938422,0.48645698147051436,0.1585276749203741,0.08457504172179929,0.07263807870682724,0.06656236674337518,0.06019547999970567,0.05496547864246214,0.05173300312876951,0.050546719098968525,0.051032550819888806,0.05260543195991933,0.05459131862199267,0.05632960794474895,0.057266769458480894,0.05702861965717026,0.05545907736572707,0.05262551602033361,0.048808704337385815,0.04452139693281931,0.040659309467449285,0.039100994965976646,0.04512606121133079,0.07920830662484159,0.22460402286307246,0.5192365407731245,0.6454110574515685,0.662979576821128,0.656378685353688,0.6398263888443794,0.6181567511082039,0.5935343185395802,0.566905290673434,0.5387357577662258,0.5093274218666285,0.47893891923491433,0.4478303694468494,0.41627809103309643,0.3845755744851787,0.3530239121193099,0.32190748858830337,0.2914416550663384,0.2616615063494203,0.23218880368632558,0.20179505939249798,0.16793970787030849,0.12820850911513215,0.09014689100681972,0.09202865689115321,0.18476762749925496,0.26328523569974366,0.24546249466751177,0.19238057402054196,0.06359772201998844,,,,,,,,
0.7874848639960251,,,,,,,,,,,0.37561802692389024,1.3175430582418484,0.9013828943467013,0.3563021052183048,0.19984404038594877,0.20520486429875254,0.2685480128588779,0.3545797777481327,0.4470709497975769,0.5342806254048527,0.6047871884879609,0.6475826893181788,0.6547092775311949,0.6245744819881476,0.5633383350099375,0.4828273505744918,0.3961675573258626,0.31391053954282644,0.24237863087953096,0.1840212226906628,0.1386917823918456,0.1049876451323191,0.08134456892177414,0.0670348532610311,0.06401379782867103,0.08441142525117051,0.1768443376877093,0.37965059896814607,0.34495588362360535,0.12006888681730908,0.046098405983346816,0.047705641930518336,0.05328707939651224,0.052002333994192955,0.04826891637164609,0.045451139942571654,0.044876109253025494,0.046826366664535005,0.051093106871908656,0.0571973458455526,0.06449459972780922,0.0722569825141538,0.0797571176390877,0.08635004395225598,0.09154280436358884,0.09504798931135505,0.09683554420019067,0.09723548924105635,0.09724348077599619,0.09951940711128819,0.11209343672108947,0.1644685603317971,0.35841254468791767,0.6884715555396833,0.7834943573039601,0.7714899536005558,0.7451960772025944,0.7125787085959926,0.6759290662849022,0.636794649037472,0.5960842945302884,0.5543704309735602,0.5120885354680383,0.4696299669454463,0.42737879850783034,0.3857224264288557,0.34504806428451285,0.3057275607774942,0.2680865228984964,0.2323458770004054,0.1985105585434906,0.1661616572913117,0.13412804443833592,0.10034812873328498,0.0639318882408426,0.03535037650884701,0.05809221885418067,0.1969092242696943,0.33053673510135206,0.3154721684069511,0.2332743874175129,0.08047085149359243,,,,,,,,
0.7895654052483264,,,,,,,,,,,0.2645458839885523,1.1056198304288534,1.010444770632737,0.5299462833369173,0.36025790480851677,0.40735538257865345,0.5509537397966876,0.725931067005149,0.8956848689328699,1.0339564897138702,1.1184706883349371,1.1328697934074066,1.0722237555659273,0.9469470090500122,0.7807192507820041,0.6023118907281853,0.4362084363325531,0.29726481269133825,0.19062609876948997,0.11466459486464163,0.06431498609155534,0.03347360810609224,0.01628469966112458,0.007675152326207336,0.004037903240157335,0.00743023445375026,0.039692130115443376,0.11751519435361289,0.09985545383162028,0.020362179135315964,0.002315951244622371,0.004999366708176835,0.0039045775153112566,0.0007995745683811616,0.0003603240006570705,0.004786038960487813,0.014576078234090876,0.029362098822250195,0.04826421927413137,0.07005528225314488,0.09329718838605022,0.11649503591107234,0.138258997559614,0.15744438868335628,0.17324104088015932,0.18519197816136296,0.19312411303413238,0.19694968815996286,0.19621979655286778,0.1892351564158877,0.17249983181336437,0.15221619531600378,0.2389375089350971,0.6602339887416194,0.9814830178390902,1.0856334823991334,1.100795688846408,1.0760154742493415,1.033773153880585,0.9838166010908563,0.9300679051800719,0.8741962865327774,0.817072068193244,0.7592990797439862,0.7013995944441326,0.6438723218608897,0.58719922442608,0.5318201601671444,0.4780655272201391,0.4260071534188199,0.37513598427393857,0.32369269921291116,0.26747502777364596,0.1988320378301934,0.11122602921076581,0.022941540231458828,0.014178011696687497,0.18947863124784178,0.3800201598972457,0.3683169364557449,0.2556839217431204,0.08254072959378457,,,,,,,,
0.7916459465006277,,,,,,,,,,,0.19812828928487144,0.8325307248033518,0.7243099445919204,0.3346552972606122,0.19831945873058784,0.20129132486436135,0.2547558626935408,0.3246282868793347,0.39656570407036457,0.4626675275680018,0.5171817035804999,0.5557312159024983,0.5759929505705176,0.578551214882322,0.5668767786332328,0.5460981515386645,0.5212406567493071,0.4959420784396166,0.4720927216951332,0.4501765496537981,0.4298986267420253,0.41088099170112774,0.393533334683306,0.3806511674473381,0.38117367436498456,0.4185859474989028,0.534045540508481,0.6747995681379376,0.5452655909309444,0.33670134601545937,0.262075122143773,0.23801355095217017,0.219359867781445,0.2027002236398911,0.19125073333164186,0.18670399547024374,0.189473196315539,0.19928656282012974,0.21538477180591103,0.23658711615835717,0.26137837693811444,0.28805166861987985,0.31488697170335517,0.3403229113368367,0.3630750589633375,0.38215257939468433,0.396698039140162,0.4054630742939823,0.4054098214506485,0.38821213933010834,0.3327839441674717,0.19871555040665842,0.01923216886063663,0.3497382776463521,1.117888430364442,1.656907021595104,1.9200370673943403,2.004578209416035,2.0048706531147205,1.9694795449564484,1.9176039703250685,1.8561747064980099,1.7877030851747169,1.7132264235425116,1.6333487305568775,1.5486002073751493,1.4595448258886823,1.3667600602929686,1.2706784312373836,1.1711725141242044,1.066603135214307,0.951817713494499,0.8147020141214767,0.6339681336154883,0.3937931258135873,0.13953661091603478,0.021020104544435543,0.18957764405358996,0.42335891608845516,0.42843056125376333,0.3178644626695861,0.12293613079940195,,,,,,,,
0.7937264877529289,,,,,,,,,,,0.1768870842837372,0.8416834950067522,0.8648373286579928,0.5060348498579192,0.40552224793609837,0.5382407090391016,0.8311884862238571,1.2380051106663348,1.7334836848401873,2.2944173715231506,2.883701970944803,3.44561127972265,3.9136390100045144,4.2292309796369185,4.3621144543846215,4.319151635015595,4.136492461013415,3.8622451887872296,3.5409271979505097,3.2054926234301577,2.876170088850021,2.5628577107846526,2.2688480110066274,1.9970267094207395,1.7666525082063813,1.65003553069762,1.7736925300647566,2.0265308343650386,1.7018244440555401,1.1609426847132671,0.9317962427680829,0.8576887677121102,0.8235138115637921,0.8018156885230674,0.7882032536989363,0.7813649399495212,0.7803411264993279,0.7842686671390716,0.7922449418574349,0.8032300223452843,0.8160280606518852,0.82934067700988,0.8418621966619461,0.8523791563056307,0.8598330530414041,0.8632932328358036,0.8617376126648911,0.853385831211036,0.8339373561213272,0.7923455077801145,0.7028335758759695,0.519071937311616,0.24736875669033467,0.422858031924432,1.1953201251095849,1.8595159686893774,2.219442314987162,2.3399130625846203,2.340485363668708,2.2899126546090907,2.216082955957286,2.1291883580321205,2.0330895927027655,1.9295901995291096,1.8199172100314598,1.7052115047460035,1.586662808500741,1.4654848404417118,1.3427534407577522,1.2190253023923905,1.0935269666235838,0.9625357364581331,0.816682833359186,0.6391970860623797,0.4166638894954046,0.18213947458524749,0.05952032725295079,0.2039796622121124,0.4380255172321212,0.4541525574022712,0.348790934192171,0.14966996194665047,,,,,,,,
0.7958070290052301,,,,,,,,,,,0.16117565082455448,0.7496890297297755,0.743614032467116,0.3935780240469409,0.2628542490643246,0.2885266175311406,0.3911996426233379,0.5376121553401089,0.7132750196602038,0.9086754088924638,1.1131317975072794,1.3127521999565135,1.4917751762724287,1.6366204417331924,1.740413945385405,1.804962635696204,1.8389320003390273,1.853803247518376,1.8601675936478275,1.8657627170739468,1.875237914499352,1.8911570505388606,1.916152994386035,1.95750425597919,2.0411342899749156,2.2595426040658557,2.832570431000372,3.6739244742687274,3.410692528138215,2.4502532863595494,1.9772734377615802,1.8280742620974149,1.7905499444058302,1.7931998054910085,1.8136385835783284,1.841926466871718,1.8721108956963661,1.8999492105580198,1.9220682323606972,1.935700001952187,1.9386948352652038,1.9296276927505684,1.9078786525735314,1.8736222541729708,1.8277027095196134,1.771391471365312,1.706003814453782,1.6322760019476859,1.549324466210955,1.4535437839254925,1.3423619345833104,1.2425082442541708,1.2799565304371443,1.5839602940831008,1.9025569089083785,2.1301137179161636,2.234761964419388,2.2416111882314853,2.196907727274999,2.127134188947849,2.0434385019845283,1.950297892389088,1.8497863231032536,1.7432246352453726,1.631768877191549,1.516604571235074,1.3989876984391756,1.2802047083035932,1.1614514941138268,1.043579981746213,0.9265931951978245,0.8086812491132911,0.6846529105012544,0.5448327859891287,0.3806858361138446,0.20925228228872353,0.10347571271206207,0.1707144938487452,0.33190561784037537,0.3670620147256003,0.3004143248909232,0.14079733945621872,,,,,,,,
0.7978875702575314,,,,,,,,,,,0.1532619381228032,0.6294925984106405,0.5190373258655087,0.20893296865448518,0.1021114027559058,0.08429443324370024,0.08918880214264442,0.09601442133992523,0.09684786811812535,0.08838517643094256,0.07045764459646944,0.046094808308479604,0.021373612694328713,0.004129997263048563,0.0016383587455367843,0.018449552605363136,0.055625478642212366,0.11151170617821576,0.1832077392728277,0.26790358719096197,0.3639255098299109,0.47216015462694827,0.5997557209221749,0.7710369280037005,1.0586457207815791,1.661614229555145,2.9976064909554236,5.0516022913290755,5.371279241769502,4.037547211608609,3.243760195285334,2.962327157322054,2.88367721587891,2.878953973069655,2.899985815385487,2.924998911679789,2.942290015572567,2.9448083352024317,2.9281272948823323,2.8897505048282914,2.8289210924984616,2.746522098878521,2.644880580265044,2.5274351246141813,2.398324059577005,2.262014340881556,2.123153624728869,1.986982310384084,1.861125876402816,1.761054932678625,1.725676618791451,1.856704942909873,2.3159514071531264,2.6514568901401243,2.434466737153621,2.3002839061801894,2.2520888405171817,2.2141342537642617,2.168392080628825,2.11304801015709,2.0486012418356854,1.975566503133547,1.8943472219757393,1.8053613537545432,1.7091408694470964,1.6063874524806392,1.4979892261793046,1.384989345720775,1.2684741950063707,1.1493101991105041,1.0275888642071478,0.90154572354395,0.7657999779229453,0.6101304337095993,0.4255951169669647,0.2298797783351287,0.09308126788209017,0.10484091705939405,0.1973645508584983,0.20452662691449505,0.15748809358761215,0.07509998656166741,,,,,,,,
0.7999681115098327,,,,,,,,,,,0.17008838891918804,0.7508346947051302,0.7778631970416583,0.4387079367058769,0.2936984219192314,0.30374375179252044,0.38289129952309714,0.4907209826434392,0.6084611203341103,0.7247090516280871,0.8301616153410415,0.9167487972769545,0.9790439111685169,1.0162319145012295,1.0328281422508732,1.0372228448195357,1.0388367951137505,1.0455940436685056,1.0628102803349253,1.0935223720988827,1.139949025375245,1.2064668715328937,1.3063717268004957,1.4791052686484634,1.8351294087724392,2.6604443653623346,4.516671554167392,7.249668279594369,7.2853455105444285,4.992566120927814,3.572842760562239,2.9647769409820137,2.7051770767762986,2.5791696674178746,2.4998088731682158,2.4313065939728395,2.358713672068089,2.2760183166711,2.1814108600626945,2.0753727003389466,1.9598199134950371,1.8375859677894981,1.7119901914687081,1.5864469917742672,1.464161802356373,1.3480046416058262,1.2407196668202922,1.1458369386259926,1.070274157013454,1.0313819269498945,1.076030525448683,1.328167783563538,1.9901565125671294,2.5051464213112764,2.246599491095233,2.0248374458595135,1.922794604649754,1.8583090391755126,1.7996470912137894,1.7375966850741242,1.669656181517132,1.5952906467909513,1.5146115323512832,1.4280221327187044,1.3361323387217412,1.2397415370765854,1.1398254518449202,1.037496800061216,0.9339095373043297,0.8300563887304253,0.7263663387278466,0.621952467568786,0.5134410128493283,0.3943469233762913,0.2602099405661378,0.12949727902795125,0.06737363161767265,0.13545376612450424,0.19071977833441392,0.12404779476456596,0.05031259257852125,0.010838648406698034,,,,,,,,
0.8020486527621339,,,,,,,,,,,0.19344853644153953,0.8969588682505841,1.1313045955563696,0.8699205643452859,0.7673129889030501,0.9350533525176532,1.294718731937924,1.7728103003840059,2.3241689895451745,2.9106543728104977,3.4860359234994416,3.9933720496019243,4.374147635432717,4.585197296488641,4.613790189010193,4.480637445718972,4.229080113864751,3.9084989228496423,3.561479049614519,3.218705815260713,2.9004041993605085,2.6220477198099217,2.404274546556822,2.2917736416603263,2.3965615000701264,3.00548646438799,4.748497820151529,7.667523712352749,7.70043682136075,4.871216405956647,3.057527857504984,2.263553310273066,1.9140699394447813,1.73432216584332,1.6153987673121761,1.5151905023366383,1.4178390275832844,1.3180304802003653,1.2148957549230808,1.1095750907288533,1.0041470014030582,0.9010489571140442,0.8026865787359764,0.7111517908380646,0.6280494023812694,0.5544563493003771,0.4910682623317883,0.43870284261706505,0.39972070981894103,0.3822526192264678,0.4142026022681093,0.5938142607745075,1.1903467255214661,1.9734975311935739,2.022803397044154,1.8940315193540052,1.8063391798452102,1.7365652809259826,1.66811492560108,1.5955298382957641,1.5173339501445382,1.4334093770515326,1.3441752438286048,1.2503361204465482,1.1528057110341607,1.0526783613244435,0.9512039377523486,0.8497475233924078,0.7497231003054287,0.6524924887460387,0.5592241382707986,0.47072883224039846,0.3874082556553611,0.3099587131071351,0.2430051315706214,0.20510382932337623,0.23554360490125012,0.31873409818871035,0.2561311100727249,0.12556633050937,0.080593393222995,0.05016574405017905,,,,,,,0.012056185204167074,
0.8041291940144352,,,,,,,,,,,0.19080830331077972,0.7811124297896025,0.8415199833562591,0.5440306391754414,0.42733234630079725,0.4868483141905951,0.6392808077746176,0.8316209147348445,1.0338640045571346,1.2238885105480268,1.3807481654715144,1.4850264721613224,1.5232594166068711,1.4929775871027495,1.4044265221252772,1.2770356640487541,1.1326318284481474,0.9894320025662998,0.8593244938454216,0.7482655727844547,0.6583847298730261,0.5908464533386246,0.5498709415000789,0.5508277862035348,0.6428269128514018,0.983214468854877,2.033833178665827,4.192487080266619,4.75034185818649,2.9237459231596072,1.6295844625174232,1.0655757522216658,0.8262431949035905,0.7101036248093722,0.6392451069449042,0.5843075640599256,0.5343439670460378,0.48556376637944126,0.4370605536660587,0.3891388093399762,0.34261196122993914,0.2984610108920336,0.2576326296333884,0.2209049615079709,0.1888013195964004,0.16154515282479207,0.13905641551293343,0.12103162390370974,0.10736777256086659,0.10026725800268592,0.11507852090817186,0.23706935854384928,0.8188006810494287,1.9276012332965669,2.3135349902351674,2.3210857594724,2.2977239114314028,2.270121418253669,2.2365322441343727,2.196136395970264,2.14864283945443,2.093923024633617,2.0319582778407663,1.962848086591688,1.8868298471517595,1.8042975121317544,1.7158084511892102,1.6220620555182375,1.5238204256569219,1.4217141486039713,1.3158240023031174,1.2048572277055964,1.0847936457680125,0.9478948965821309,0.7871332948944194,0.6140993020986655,0.4661056354491566,0.34399279520283443,0.22399104740476034,0.17144123635605638,0.15555317724415987,0.09833437572489406,,,,,,,0.03920757815570932,
0.8062097352667364,,,,,,,,,,,0.145581836775184,0.42409729699061705,0.26811499639212716,0.08454061294415278,0.032067810916462984,0.020934096471385392,0.018893570415901225,0.018571301786581094,0.017793776567009506,0.01575423804923413,0.012326662975573367,0.00796143131185814,0.0036316244817923317,0.0006313512404685084,0.00021087491559171432,0.003212004829954539,0.009898508736083443,0.020028923375415442,0.03306627591835432,0.048405860404120496,0.0656066273493525,0.08477681560232074,0.10757447570015703,0.14018806025566416,0.20283883713107034,0.3605558022069758,0.78911948714075,1.5455213889248256,1.5234509902838484,0.7621002579903029,0.3379845555668691,0.18962994114314874,0.13381604586309,0.10291193441773515,0.07944767651372169,0.05951391735562599,0.042396636450494074,0.028117765898967445,0.016817357491577856,0.008567483654218404,0.0033095696538519904,0.0008430271667396293,0.0008444782317337541,0.0029068335664704076,0.006589074019056863,0.011471473893981106,0.017225568313007873,0.023756478184556465,0.03165868439019006,0.04407367329341798,0.07560833470322503,0.1980764757108718,0.690334887375889,1.5876074641323519,1.9610484237888737,2.0567503231409012,2.0969345607991556,2.1048435321201726,2.0937797371585796,2.0720665246613947,2.0433343346883692,2.0088811495418843,1.9690576150085084,1.9238653730201436,1.8732001513775156,1.816952830469169,1.7550451322175342,1.6874072198131005,1.6138516048022031,1.5337206490152828,1.445041243230733,1.3426981626475938,1.21516576044115,1.0416572278597955,0.8015018592638586,0.5146276498890099,0.27150874553409876,0.17683893687933816,0.2233300904362318,0.25413305015060567,0.21736268161839828,0.11750865317765179,,,,,,,0.03750928560463182,
0.8082902765190377,,,,,,,,,,,0.09753764002673189,0.27361541143341056,0.26871761113510734,0.22108467884579544,0.2282846741236774,0.30754688807536346,0.45044737882064667,0.6416276945025462,0.8700837013227156,1.1247528388203474,1.3888238861791777,1.6380164329030806,1.8439778830917772,1.982005120689566,2.039279487195793,2.0185367861113055,1.9351110497296533,1.8099581024766274,1.6629378490965214,1.5087307509259318,1.355159721574897,1.2024560457691293,1.0426867680579641,0.8629658752391378,0.6648243446968357,0.49445212980014475,0.419633480471774,0.42668670416664906,0.3246975199695566,0.19354650846255358,0.18218395147039293,0.21572327966893598,0.23569527136730417,0.23590506707964823,0.22477062660490732,0.20870264096215418,0.1909639141913991,0.17312445050391667,0.1560062209765234,0.1400985309688841,0.12571316004477726,0.11303534898264309,0.102141632705132,0.09301423652367434,0.08556347503395809,0.07966374381523265,0.0752144137708369,0.07226556081160151,0.07135150572908189,0.07460544890738019,0.09041203705347835,0.15567538765553063,0.4081954869928933,0.8856956974256988,1.139538088975684,1.2288364596326307,1.2545926531481226,1.2445093886642524,1.2172719667788816,1.1826499055739361,1.144765587891491,1.1052665024848543,1.0648397167422445,1.023804890630397,0.9823315475691486,0.9405153034445821,0.898397430528237,0.8559475957428795,0.8129918260953104,0.7690223279382984,0.7227434765474167,0.6710735146358903,0.6072878946559985,0.5191483917885781,0.39365003095255013,0.24279881643391077,0.13690377392727315,0.1760028693010851,0.30385955793686076,0.34207403961634003,0.29485705682099417,0.17382598770168656,,,,,,,0.09380138231161542,
0.8103708177713389,,,,,,,,,,,0.07546486226397717,0.21623068575816345,0.3008787548332759,0.38363516227745426,0.5376066334635939,0.8399812865306857,1.268930336137989,1.7638256684756153,2.291228381774519,2.826820835907381,3.3366997544613386,3.7751810585897223,4.093650258233473,4.255439698101017,4.248973185688167,4.0910864114095515,3.8188170949765134,3.475600889997185,3.0993167559930224,2.7153996655846155,2.333785031004531,1.9475129126788724,1.536038555099283,1.0899694239817381,0.6613168076671723,0.3430145143599903,0.15441638257475643,0.04877317956891856,0.03369835409793188,0.11630502567946926,0.22643540865443113,0.3088177024078803,0.3461545987200446,0.3514205037006055,0.3403615002748688,0.3219487968495167,0.3003109069389203,0.2773340492383401,0.25400877338928374,0.23098145084090574,0.2087493451824311,0.18771393478453813,0.16818484602014785,0.15037315563607473,0.1343892276529882,0.12024881048340579,0.10788569511887897,0.09717050236035553,0.0879600382103447,0.08036001225320027,0.07638320048532168,0.0905089269629019,0.20086093037166694,0.5078808065346293,0.7415635965336572,0.8296806323662641,0.8466772676770422,0.8308964363330468,0.8017916395753454,0.7677201594879656,0.7319152634535244,0.6956562482179743,0.6595301185196372,0.6238794300561148,0.5889526906951439,0.5549503985361183,0.5220318035613346,0.4902991736820716,0.45975256499177636,0.4301831506037831,0.40092838834326316,0.3703347772468797,0.33473035892823266,0.28724837320116503,0.21996326298781324,0.13880933638296877,0.09132620726246761,0.1634330084370306,0.30908204205474826,0.35701203582209784,0.3158088641073756,0.19769216242557328,,,,,,,0.13795951897402733,
0.8124513590236402,,,,,,,,,,,0.07788549994335976,0.13853953688971707,0.10287432086258687,0.11203876385008775,0.1384983626259992,0.1820046555836614,0.23688395468622708,0.29025041735015555,0.3339566002810451,0.3630209343341154,0.37408629220080497,0.36583198310851506,0.3398956771656396,0.30106998926391093,0.2561765737613972,0.21203009332028752,0.1736186867201322,0.1433579916405507,0.12141006079493,0.10649421556871229,0.09663778554769144,0.08959512012527557,0.08289863455906277,0.07372870909523119,0.05935549645999132,0.03960086447574082,0.021416688281547323,0.030514377081147532,0.11124059809577026,0.23342147770384947,0.3485206570309185,0.4273689750552207,0.46110794123731075,0.46375448717680035,0.4502065670103103,0.4286835644476368,0.40291505635917485,0.3746415670409921,0.3448743168209983,0.314397221266312,0.28392860018143606,0.25414361302208877,0.22564559185311395,0.198925910577921,0.17432894030623372,0.15202289279995157,0.13196072998482888,0.11379078101334165,0.09663512577380885,0.07860455897507229,0.0561219736833504,0.026896585362909113,0.03526080659891326,0.2477834059556911,0.5020067111207084,0.620486608273461,0.6516362924686636,0.641624262563725,0.6149933654754395,0.5821176544082797,0.5469612138923895,0.5111002740847284,0.47529399418238144,0.4400340464091428,0.40572504911712715,0.372735760299921,0.34140193413430864,0.3120038845631447,0.2847162193857063,0.2595039420829738,0.23589848549591466,0.2125151578930408,0.1861288798325958,0.15063017545134685,0.0992639676454065,0.04029356954891808,0.029076194954082358,0.15787776988626834,0.33075829305260473,0.36265979402833687,0.3115368091487058,0.19774284683734147,,,,,,,0.14910135148366577,
0.8145319002759415,,,,,,,,,,,0.13113965656709115,0.167667621181268,0.03350495619805839,0.049794274320337444,0.12120075533594526,0.2129184621256951,0.31001587109463447,0.39225520689746857,0.45120816722194335,0.4835843762930746,0.48723414925105785,0.4621222453383432,0.4120506429298576,0.3449772412912111,0.27129233147059617,0.20088615177157285,0.14069206263860687,0.0938430961380208,0.060317903244027735,0.03822429303718982,0.024982339031470756,0.01812005584706082,0.01574849443564046,0.0170055686074202,0.023169690907051423,0.04170266658734261,0.0986206468507625,0.23566027370439196,0.3647236001088125,0.39584518003773456,0.42344061911814096,0.4536394529027791,0.467134988757401,0.4646061833965713,0.45243753328252795,0.4347865298882228,0.4136253290333735,0.38989668227417557,0.3641935538047324,0.33704892085137667,0.30902977272778714,0.280740567645174,0.25278656019714135,0.22572298999111406,0.2000029573491108,0.17592408604991275,0.15355505162942293,0.1325888315940588,0.11200600007531773,0.08934924734079822,0.05969152592243308,0.019291293046374666,0.014887077365805709,0.19692122465930187,0.3863349071605014,0.4517932054088293,0.45591521604810814,0.4350529815126941,0.4044517997780607,0.3701644629613234,0.33459166245525596,0.29882673878345983,0.2635276571278564,0.22921645157864048,0.1963728891046347,0.16545501114510458,0.13689208018277818,0.11106465779988116,0.08827456287225699,0.06869888836104715,0.05230835295441066,0.0387082738859538,0.02688078541662447,0.015252089105463615,0.004989032216127525,0.015960774904487548,0.12030392949324212,0.39242752706435213,0.5770382269671719,0.5011883743773579,0.37062376035069505,0.22291036879145118,0.0016280952501351437,,,,,,0.17863511896737228,
0.8166124415282427,,,,,,,,,,,0.07484323926565133,0.0894180785753957,0.005018255584094261,0.013962485894960037,0.04370000892289776,0.07512998027994332,0.1118020255400259,0.1514317746282902,0.19120711099830473,0.22824858934101444,0.25904037007298514,0.2798206098640875,0.28768768260469463,0.28177844940990304,0.2637614457697058,0.2372619609841751,0.20657792591082447,0.1754622313194911,0.14650007233917223,0.12110187068984482,0.09985354561032768,0.0829967500341489,0.07100017249190377,0.06548647044462924,0.07156793831005756,0.10517560511403827,0.2099247982197582,0.41696822812199014,0.503487576065686,0.4009285268008815,0.3264171683060259,0.29719984712284375,0.28317212933850366,0.27234690796183625,0.26209677162043177,0.2520193746344145,0.24202855362374034,0.23202295813984844,0.22186841773123137,0.21142938660158575,0.20060140603232943,0.18933407688765672,0.17764071569369458,0.16559295870429375,0.15329875162816883,0.14085798207523867,0.12827605093755085,0.11528248209073819,0.10094344256922318,0.08296215938867856,0.05742615953280853,0.026325506388468485,0.045277832427831934,0.21068466092528992,0.33156790425702537,0.3584028655772067,0.35292254833629877,0.3357190394706676,0.31357345160203864,0.2891764752836814,0.2636980098671208,0.2377404278392427,0.21170773792819694,0.18594393546857932,0.16078170797079508,0.13655631690317843,0.11360571061228851,0.09226590839577056,0.07286793527318025,0.0557448558574705,0.041264771349359325,0.029924262647293438,0.022603868440080638,0.021414380975201,0.033108479599157616,0.08196904828041597,0.23903855061136398,0.5629164241292144,0.7259995027435456,0.5420416487306655,0.3170381774865882,0.15251320976506277,0.009613268725261656,,,,,,0.12599415726201696,
0.818692982780544,,,,,,,,,,,0.07999103401523756,0.15105857606206888,0.07403121769088601,0.04009771765555404,0.04083045524648649,0.052890975944498576,0.07210146870925192,0.09540620096561711,0.12019182555744932,0.1437419426367464,0.16292868682683853,0.17459691623757886,0.17644807136825763,0.16794836997420584,0.1506584859585768,0.12769340665348788,0.10262937355325813,0.07849776642395298,0.057285264838457195,0.039938402427030756,0.026644716487947907,0.01718866814859314,0.011334015888563075,0.00946337871244291,0.014582338651417462,0.03970677149109477,0.1250810138750784,0.3000947304035961,0.3712058923755547,0.2709325053811291,0.18054639375297576,0.12881737455744646,0.09861033376672561,0.07923141942574215,0.06598455508961791,0.056965871421733386,0.05138554022236176,0.04880555370950185,0.048818286025266895,0.05093291613432593,0.054563217178817625,0.05906579329156641,0.06379946526673971,0.06818469922275838,0.0717459318409691,0.0741207244742019,0.07501275094344495,0.07403926226184769,0.07037044997854286,0.062087804085815164,0.046282492125510104,0.028063685905951142,0.06246511349019092,0.19902430642961996,0.26125811328068016,0.2608835423026413,0.2514564363303449,0.2404315896311121,0.22819204258644252,0.21487699257790635,0.2006815839354909,0.18580153840643152,0.17042914066184223,0.15476476045258095,0.13902566290441676,0.12344964531946187,0.10829505161325508,0.09383990734277715,0.08038506965373288,0.06827147889459903,0.05793276551580601,0.05002812670676039,0.045757121859485175,0.04764037877181608,0.06178219620556939,0.10493896554357218,0.21733110300567776,0.4048441953949145,0.4253996209847965,0.23493553086815874,0.08373514507221656,0.021739537658454582,0.0015582446296328425,,,,,,0.009281509878368023,
0.8207735240328452,,,,,,,,,,,0.5590140793513578,1.3540163019833522,0.9474413327012675,0.4752379301020533,0.3228902122152717,0.320883143145287,0.37761266448779796,0.4538777801217032,0.5304321098833263,0.5952607093006526,0.6392104041285549,0.6555654248287219,0.6413460539809233,0.5985712375341672,0.5340501472997493,0.4573588438847066,0.3780275811814232,0.30338897700703016,0.23778896212833261,0.1829020995700838,0.13850342194537502,0.103186140765112,0.07480919278497662,0.050771865052322174,0.028886206755344028,0.011378526082561236,0.014235502482934143,0.0568997117416894,0.08726243983504689,0.07043930794248275,0.04966073538936909,0.03397364872532903,0.02147241248758665,0.011985494762148385,0.005863475195512484,0.003287471996613158,0.004201778328715276,0.008320901607180875,0.015141926205634421,0.023977731545373183,0.03401714652360048,0.04440530150013453,0.05432979602369046,0.06309560116964419,0.07017287879896723,0.07520383371405749,0.07795039163103586,0.07814239498887332,0.07513655245959486,0.06729960945276946,0.05193136197297777,0.033722733388432145,0.07132671093607075,0.23037883998107467,0.3281917373016694,0.3633803939320225,0.37962361263985356,0.38380769226965766,0.381276894823179,0.3755502643834307,0.36824607175511037,0.36004027224090907,0.3512363183276844,0.3420037496958555,0.33246815707530997,0.3227442092489623,0.31294919117359465,0.3032133403737467,0.29369800317234795,0.28463607835581295,0.27642085541777395,0.26979403524671935,0.266240504162008,0.2688781046980011,0.2848150346260901,0.3314138042976147,0.44076941218879334,0.5788920862512467,0.5022376872098905,0.26865113725092377,0.12000672423486825,0.05615927375163989,0.009863701762256597,,,,,,0.05294264312681073,
0.8228540652851465,,,,,,,,,,,0.8142448802077369,1.8649669496776082,1.1852374035463589,0.5131462546594695,0.3061215241209612,0.28309770424295955,0.3238517229511204,0.3871649400635877,0.45516196374904405,0.5172503353647907,0.5653949018359681,0.5933298269342181,0.5974463017318156,0.5779212463727755,0.5388674256797726,0.48704309660443335,0.4297502701765233,0.37303340912192595,0.3208436685507102,0.27510089681079974,0.23621485412667673,0.20366893363295072,0.17645749161845922,0.15329906310299546,0.13254332001421235,0.11151733709061497,0.08495709317647533,0.04832682072404207,0.031221436500813576,0.061529308551237887,0.10611943305149149,0.1404151522536102,0.1602235649367629,0.17102606753138475,0.17823171988990458,0.18457923363193435,0.19090053467418844,0.19704639242697106,0.2024317245078052,0.20633682341465637,0.20809054504472727,0.20718856848126976,0.20336101519835031,0.19659151300174052,0.18708976020711535,0.17522066206508402,0.16138570731222873,0.14582568923526887,0.12825719821977039,0.1072204671703394,0.07978852164476385,0.05145266005339949,0.1212978679854638,0.5327123919702996,0.9818075499932346,1.2262393380668746,1.3217852420268557,1.3366943564795186,1.3169493973229884,1.2828751178911264,1.2417356879240677,1.1959531795791445,1.1463733791929624,1.0933827630689434,1.0372771954039905,0.9783884845637072,0.9171357781989372,0.8540577057973381,0.7898512273551629,0.7254464075180164,0.6621751720375536,0.6021619051476791,0.5492211083423096,0.5109094504582732,0.5031761612049301,0.5596050146068261,0.7320810296372269,0.9526552100069218,0.8237295865043696,0.4503188303473422,0.21322441321062727,0.1053916686649021,0.02318750596697419,,,,,,0.10093972848758687,
0.8249346065374478,,,,,,,,,,,1.2345184187755047,2.8726261078080775,1.8632519587865768,0.7936376597170651,0.45757561766095,0.41559763134015126,0.4765555288542242,0.5773201672561571,0.6904163743417995,0.7987287311537321,0.8884593593226584,0.9480786791170493,0.969979115731775,0.952665934058857,0.9014322932637606,0.8265653030207384,0.7399540649743831,0.6519364645827881,0.5696282248346789,0.4967748831175819,0.4344762407962512,0.3821445329502964,0.3384048093550572,0.30209906736662306,0.2742522781283963,0.2624349506374399,0.28365935198447506,0.3358400836011829,0.3556774261436021,0.37284718944547607,0.4330935298937754,0.4974597352448672,0.5377288862431326,0.5550867854231019,0.558022969484364,0.5519642605479279,0.5392326990542807,0.5206605192070607,0.49662756620255555,0.4675566420840244,0.43410789125106897,0.39721115461082607,0.3580067674622466,0.3177379877648922,0.27762715812070776,0.23875776832883047,0.20196961875834024,0.16775260708520504,0.13610733767173927,0.10647581558690074,0.07957271265734274,0.07831406628124389,0.2753797000243006,0.9169828564627315,1.3656279031537943,1.4719108286050238,1.455989142961933,1.402000633296193,1.3362302288070647,1.2664637703222696,1.194935060236343,1.1223960458718791,1.049257373107384,0.9758819287279152,0.9026557413794623,0.8300045116869992,0.7583972639716159,0.6883465286406897,0.6204084376048448,0.5551882872296131,0.4933649518368994,0.4357665840060254,0.3835833091171108,0.3389698185318139,0.3067513113236887,0.2983832760966756,0.33462681622907775,0.4121139510876207,0.43263852363636274,0.3790056319328374,0.3048366008051789,0.197344656506013,0.04792033129794813,,,,,,0.013799989891480124,
0.8270151477897489,,,,,,,,,,,1.0042979827358265,1.7249076656310982,0.8375890067285114,0.25937616916091316,0.1103451888080859,0.08119296681975828,0.08103430135175559,0.08794626007677175,0.09528070107453931,0.10075607084161983,0.1039489831794152,0.10556191711853447,0.10704145438745007,0.11012841428865017,0.116316804392739,0.12642176121800802,0.14044659448969157,0.15774960437988217,0.17735804690065288,0.19828823311677748,0.21985714481973018,0.2421310235322676,0.2668662108035363,0.29967097928483843,0.35469257209252064,0.4625476727161469,0.6674230920796856,0.9131016490784266,0.8988947073820627,0.7451207746414685,0.7027466288858342,0.7167412189878839,0.7240633875182129,0.7129415446240915,0.6882607300108566,0.6545825082195345,0.6143452764762065,0.5689739032164336,0.5196604277194278,0.4676749176057558,0.4144193674478506,0.36136128828751213,0.30992105938641185,0.2613587183876795,0.2166916322786108,0.1766659802002115,0.1418057161885852,0.11259004181475449,0.08992980866665085,0.0766750573249786,0.08415350021616114,0.16719824467810196,0.5541675009316915,1.3317941497287256,1.675047350085224,1.6808488824840064,1.6236200033542614,1.557923814116826,1.4915253318418322,1.425174613095657,1.3587693412376791,1.292295057018275,1.225875459368968,1.1597147886233194,1.0940577426866194,1.0291708355477014,0.9653348072661431,0.9028406808163539,0.8419857168919014,0.783068616681101,0.7263891026293079,0.6722792211791627,0.6212954695037701,0.5751385846103826,0.5402844662737583,0.5378749373898931,0.6115706140649363,0.7568519039946714,0.772480830118628,0.6343810079970206,0.48877779687672285,0.33178940664781487,0.1077496245173982,,,,,,0.3589283016827366,
0.8290956890420502,,,,,,,,,,,0.9784428550612393,1.6939787340951051,0.8371521669018753,0.25367028973037287,0.09581216111491864,0.058725573197264166,0.050590186320019444,0.05029278008483424,0.05189658496708638,0.05357092275691945,0.05527921223330402,0.058060491558495166,0.06354843855668865,0.07342725699946077,0.08888456302968709,0.11027751806112113,0.13714585829368348,0.1684964543005472,0.20317513390891928,0.24021911124727152,0.2792737685923605,0.3214208387997664,0.37124164322332526,0.4420272845437457,0.5682138164768005,0.8283927943078725,1.3358699662845113,1.923517225668656,1.7995276141403065,1.2596934513353781,0.9566110543445447,0.8298376496908124,0.7652903603413067,0.7193817044244992,0.6784176254963044,0.637653231178359,0.5953626552444375,0.5511609730502269,0.5053753857653804,0.45873250436824564,0.4121645207154602,0.3666666519221125,0.32318558445907775,0.28254061784771384,0.245390016399583,0.21226515818415617,0.18372007540418975,0.16071793548753624,0.1456090481579725,0.1449569507929666,0.17988189001013294,0.33140606140767326,0.867391889104022,1.7584892409604582,2.071454583353308,2.0631676476403653,2.025015509024326,1.989008085072653,1.9539854649257204,1.9186296609258044,1.8824588484387719,1.8452945070050104,1.8070251441409027,1.7675304106470315,1.7266634441755317,1.6842509023006358,1.6400931347605896,1.5939497141447627,1.5454848827814207,1.4941199302660924,1.4386866679547958,1.3767151021880455,1.3033398672896248,1.2112939398949754,1.099000531645533,0.9982579578713087,0.9940143661609774,1.0992575893038492,1.040990601217367,0.7994926288303539,0.5833973581278202,0.38740478829634095,0.13798731289843813,,,,,0.006272931498862471,0.4134848238073067,
0.8311762302943515,,,,,,,,,,,0.46864462362456166,1.0218590287628793,0.6742535985798391,0.28680427678337217,0.16177286809838068,0.14810865772270435,0.17872214664321265,0.23429279953907134,0.3078762768284305,0.39529128996970053,0.49206778147306757,0.5923683600421256,0.6892472361051616,0.7759944023454054,0.8478531301364614,0.9031108000228213,0.9429898390828287,0.9706013807247421,0.989715935657816,1.0040086524885674,1.0171465830160589,1.0340652986911276,1.0643000708275747,1.129615948884389,1.2811094352954424,1.6328755152310457,2.3629815894658512,3.2371648478765804,2.9514812155599746,1.9376247897751946,1.3225937522838604,1.045796449340516,0.9182439874984591,0.8508087811780488,0.8065828872595471,0.7700670692642378,0.7347227051233004,0.6979311511960544,0.6588729387675144,0.6176080822705716,0.5746542691061761,0.530767392178235,0.4868056782165015,0.4436384399165881,0.40209824894776275,0.36299900417916153,0.3272744351226559,0.2963684501989132,0.27324140729586993,0.26525945977114435,0.29465082479517946,0.443396047396484,0.9684069989964633,1.7920202479229592,2.025075197813903,1.9793376160536071,1.9306673334065685,1.8947675350697177,1.8632060498494556,1.8323545766709146,1.8011944921551448,1.7695096762926434,1.7372652011625596,1.704432785712314,1.6709480081151555,1.6366946080540854,1.6014750952056718,1.5649301639586986,1.5263341923795024,1.4841057040428487,1.4346958624601287,1.370287235124445,1.2750603504147335,1.1236967379021383,0.8990505206368048,0.649217520176892,0.5258569362955442,0.6576815306217237,0.8001345318811688,0.7099922604844464,0.5501051712210155,0.3765294802585361,0.14725799029586564,,,,,0.03926444658896767,0.3896329611720599,
0.8332567715466528,,,,,,,,,,,0.16259852565952213,0.35524416057931907,0.2746706659483648,0.16569516229577413,0.13620439540462956,0.15612833204290175,0.20589307590805891,0.2764803229832328,0.3634741274048958,0.46370234556348255,0.5731961709635378,0.6863710124258614,0.7963874508577878,0.8964970125076306,0.9817214023698684,1.0499426550733804,1.1018610143275545,1.1400413210934963,1.167725519441553,1.1879849827333677,1.2034322749764357,1.216445631480738,1.2297911064427915,1.2481639838820888,1.2859672247846385,1.399709146831163,1.7310979924359635,2.2649828548993862,2.2062909678216767,1.5606013984075442,1.0975753939358814,0.8717208521705555,0.7669498532584941,0.7149694282126677,0.6845249387889247,0.6618310924422505,0.6408207411822272,0.6188362271415885,0.5947746623924803,0.5682989464293088,0.5394981404422144,0.5087276117581201,0.4765157030022235,0.4434955514301205,0.41035478830519767,0.37781392495075933,0.34665965258304576,0.3178901404676492,0.29314306950945784,0.27617024693918496,0.2796901534840937,0.36152253302307724,0.7413555974974154,1.4459631743145442,1.7119752469817953,1.6955317425614527,1.6430615614286286,1.5880168291027783,1.5312727633535492,1.4725437379641406,1.4120227274189001,1.3500686551353245,1.2870787735850522,1.2234704485336658,1.1596858504027932,1.0961889422418791,1.033440484990298,0.9718311651559506,0.9115290008145744,0.8521429263629795,0.791999122771963,0.7266963769908683,0.6468575235992906,0.5376445299721295,0.3920587461493384,0.2571440610120899,0.28723810199143474,0.6438601436741987,0.9751691047967499,0.8936820411985182,0.6769199951053259,0.4556372162999615,0.1892901522447696,,,,,0.08128528317642324,0.4635324223347502,
0.8353373127989541,,,,,,,,,,,0.07345149468071924,0.13608820554218012,0.08578520291741888,0.051538401092385916,0.057747832839671866,0.08047615618731602,0.10596404287072221,0.12725644396714247,0.14297107943842724,0.15396182249271936,0.1617979708489691,0.16858055541711253,0.1768253314936755,0.1890301369095375,0.20707060433533603,0.231763156589105,0.262818636811828,0.29912645391347154,0.33912040304374275,0.38097562633070464,0.4224256991094305,0.45987136847413207,0.48621461949097783,0.487945593306056,0.44976044194598597,0.38280167507339596,0.3478636152682524,0.39672983294790404,0.42693517186592606,0.36755829872457163,0.3103407652268228,0.2788340790328744,0.26310773205910676,0.2553287268351789,0.2516202501131609,0.2501292302741971,0.24990810897831747,0.25039677261691967,0.2511936539427849,0.2519639582969663,0.2524124220741369,0.2522844026063216,0.2513759407864448,0.24954105086831962,0.24668666713729182,0.24274137646971097,0.23756661686837077,0.2307358057984019,0.22104978239072684,0.2059126416903514,0.18388113456600347,0.18536178179203755,0.42478655887908057,1.1561501218114985,1.6648854867311167,1.8124193056561553,1.8261005798244496,1.785606548084181,1.7202014688554053,1.6421841436841906,1.5567005646650796,1.466050370269542,1.3715049127043837,1.2740279094858562,1.1745505136517926,1.0740650756208334,0.9736341318178378,0.8743407638006176,0.7771700325744673,0.6827783605081915,0.5910649482531256,0.5004347041961604,0.4068733840931836,0.3044556222013865,0.1937526755626871,0.10886009451064085,0.1518720771947657,0.41990206875969266,0.6245756835077759,0.5024974547926758,0.30910281189832495,0.16926114052171773,0.06475899235351398,,,,,0.03397510203686313,0.14335172865911006,
0.8374178540512552,,,,,,,,,,,0.034302177481118,0.0414978261066544,0.012308887420935397,0.011654998706489679,0.01926454129155492,0.024694926378278807,0.027579479824557315,0.02732823943726614,0.02402277633328311,0.01851330964247574,0.012256278679203656,0.007167488861336202,0.005307304713405983,0.008385995905924032,0.017296855445896313,0.03193423973370826,0.05137665815892626,0.07427696166727951,0.09921144352105266,0.12480514147468419,0.1495108445448072,0.17082902355447763,0.18359091104213388,0.1778736249522588,0.14281546455027555,0.08522369117599178,0.03848840331471244,0.03633413420676969,0.06876657001488039,0.09174810104402198,0.10446466072005094,0.1126318333055497,0.11730340531141682,0.12018193072664599,0.12291908229949579,0.12654391905869738,0.1316070618766545,0.1383727254837352,0.14691503114359947,0.15715518798612813,0.16887946173181,0.18175817739600642,0.19537093653867393,0.20923170904396354,0.22279447237382763,0.23539607829693704,0.24603651380175598,0.25276651038402864,0.2512341612585516,0.23213183458199338,0.1815740101506755,0.11391895561167283,0.2535510890844043,1.0174501496773614,1.7311318246192549,2.0441997889566106,2.1410358645702727,2.126866176677951,2.0583910304051294,1.963359151025631,1.8537864742113153,1.734879836858193,1.6092766005149972,1.478769135457414,1.3449564296181162,1.2094640959419505,1.0739800125070698,0.9401882418415917,0.8096132760239196,0.6833490452699217,0.5616291061542805,0.44325854462716896,0.32539657782752535,0.2061113326846256,0.09695777179807426,0.054675160753857845,0.21165948031898366,0.6250955066929759,0.7729569325126613,0.4472268126629244,0.1595777526762447,0.04008037687668423,0.006430669100907953,,,,,0.0009583847946257256,0.0032625742259479447,
0.8394983953035565,,,,,,,,,,,0.03563755245982154,0.0733667264690046,0.08818709865137779,0.09031021600199718,0.09209373074751931,0.1039652430759786,0.12417123410480518,0.14782991351868516,0.17179698896400467,0.1942055952428758,0.21365755224274874,0.22895481150747787,0.23916602893235964,0.24379793405620334,0.2428952719900407,0.23697926186960203,0.22685732016618348,0.2134154859367366,0.19748669443980563,0.17981523722555412,0.16108094224595765,0.14193137618122093,0.12298510069868022,0.10482652937977578,0.08831298229928176,0.0766670456991456,0.08067742810505293,0.10770631210386429,0.11402329050737706,0.09101694193134852,0.07610779081240829,0.06852137217617313,0.061859985503718386,0.054870403024172384,0.04830902179960108,0.043206664340162404,0.040517810094607955,0.04107982472698313,0.04558207617844816,0.054516247998750905,0.06812598709034219,0.08637373961229237,0.10893321289014966,0.1352016370475728,0.16430349462838534,0.19501362758439628,0.2254273652584385,0.2519801212119391,0.26707697547031267,0.25519414419146474,0.1949616488869115,0.1050549547084488,0.23873784727799283,1.0227214183994566,1.7434233131606987,2.056874495856891,2.154588458431086,2.138576588271383,2.0648125123264474,1.9622357982151386,1.8440686568846247,1.7163552885750863,1.582307055964113,1.4441445508516,1.3038086549504189,1.1632012302139776,1.024225863562753,0.8887292505261281,0.7583748043622929,0.6344560757686168,0.5176722535643198,0.408007888050549,0.30535799123725227,0.21321647085666517,0.15160497433386852,0.18699182236874262,0.45573245673195034,0.9527697217850948,0.9971917474150707,0.510232300477236,0.17500253114571365,0.061352498428068065,0.024166130444587843,,,,,0.020398201308377856,0.05886055030337829,
0.8415789365558578,,,,,,,,,,,0.1770716514660251,0.5566757211232704,0.690723082902844,0.5634253306236204,0.4774639439074813,0.49007609576842487,0.5607582627507258,0.6516507169498382,0.738620845556099,0.8052120615660565,0.839315789471938,0.8333526821735514,0.785960668913299,0.703023566841143,0.5965084531724046,0.48115422552602066,0.3705926807916618,0.2746812519428692,0.198735490092516,0.14417064455040343,0.10959662944269737,0.09149277465147336,0.08377370174825684,0.07645558760652221,0.05914310808957953,0.04443245409163725,0.10150944046022883,0.28433859566951275,0.3769827595033253,0.291604183283174,0.20977263396560433,0.1634962265149902,0.13421235713280055,0.11084370487797834,0.08933627299349566,0.06876273377071143,0.04950284329935946,0.03248582396379864,0.018839028748824257,0.009684818160616894,0.00599645136929252,0.008490422913191804,0.01755519480649572,0.033216883763928874,0.05512871436969534,0.08253930005808295,0.11412204661183992,0.14737713437688701,0.17700555527936634,0.19181092940526476,0.1750393588093665,0.141041743180989,0.3093497821405683,1.047646737285237,1.7356568420580982,2.0750137974477885,2.216665758977596,2.243321671857409,2.2078693346309244,2.140514865877404,2.055693663135597,1.959969973447889,1.8565857735372746,1.7475217798436873,1.6343385246620983,1.5184851793039005,1.4013729486955389,1.284321544457063,1.1683972557179074,1.0541066031748856,0.9408683490727686,0.8262025208662905,0.7049098123905074,0.5700059564339732,0.4205763254803698,0.28024287502495715,0.20616187844822587,0.2406475949127572,0.29170022913750004,0.2639758816965583,0.2006217620134959,0.12780801879865064,0.05597258441381174,,,,,0.031182055710982405,0.07796148902638694,
0.8436594778081591,,,,,,,,,,,0.11740169184559639,0.29208884043944927,0.2504212266781348,0.1345035902942565,0.08648933377026827,0.08011877066205192,0.09109002974630569,0.11009654723339025,0.13315048762941356,0.15772629085530232,0.18160401366821952,0.20275706658797987,0.21973312327247616,0.23214893984569046,0.2409079166901593,0.247920621523924,0.25544603885364464,0.2653889351983638,0.2788092827432068,0.2956333096594494,0.3142758021145035,0.3306209503057,0.3357526193377737,0.3138386234595032,0.2500597530174456,0.1599643462203865,0.11089314047706797,0.184480436660535,0.2960283589835379,0.3064310210563571,0.28584112773232107,0.27168371439431127,0.26051625635490344,0.24818677819466783,0.23382018743406607,0.21789095761081792,0.20129323653740733,0.1850750802447035,0.17035143596308694,0.1582368487580186,0.14976712613672782,0.14581729138592092,0.14703171139810703,0.15377923314567582,0.16613607323608964,0.18388066575644718,0.20644616121736223,0.23268383721069372,0.2600878361593434,0.28296767289259056,0.2911880715617175,0.28957655455811965,0.4275899677035179,1.0232771574013717,1.6818583974864065,2.112610533992952,2.3647078791293215,2.486220947685281,2.5300150248519664,2.5325358500738733,2.5121594966197467,2.4769347555380126,2.4302002427292377,2.3733687509175216,2.307143527369148,2.232008833077529,2.1483787904807667,2.0565314110531716,1.9563010574949984,1.8463621762024334,1.7227646011158553,1.5762862037072611,1.388957929286508,1.1345627308540773,0.7979280425279285,0.419145956309446,0.10901891614299833,0.013264847244762115,0.15715620435036237,0.28796264655209436,0.3116978719767494,0.2597043624981483,0.14590036823877744,,,,,0.10202702882186233,0.2384664703266056,
0.8457400190604603,,,,,,,,,,,0.08707678584660918,0.18923465258939887,0.1360643578073215,0.0584665462058,0.03340131081876398,0.030893256913416992,0.03404185501534589,0.03890108418414537,0.0458764574593589,0.05649856082417636,0.07241191975610711,0.09488547352752844,0.12437860695255215,0.160263269716199,0.20089293616967957,0.24402775193671278,0.287395194767049,0.3291104593591076,0.3678223368121517,0.40262127993358227,0.4328071214849544,0.45755740930084204,0.4754634210692336,0.48421779497609585,0.48291952212043765,0.4837449965349368,0.5277201347521178,0.6284717969226185,0.6222874966686601,0.4986840472042637,0.4172477813061743,0.3879339012619599,0.382486793105567,0.38578236252167786,0.39216376680850445,0.39974431635718666,0.4080058255378798,0.4169539132819552,0.42681171717277655,0.43789069151019844,0.45051997803984717,0.46499710149737683,0.4815505142807197,0.5003125349575568,0.5212989958753819,0.5443784779848581,0.5691760717988704,0.5947560896752836,0.6186982679349772,0.6349353876887596,0.6313388493689323,0.600946725376719,0.6242809590351583,0.93695989988782,1.3921458828588895,1.7593539670847411,2.008708105567574,2.1548739174160447,2.235900137510751,2.281987990020822,2.3091419743254034,2.324352612687558,2.330197776494215,2.3272998628709933,2.315463623813097,2.2941752939011506,2.262798164925033,2.220583574069712,2.1664802609540863,2.0985985051953224,2.013028853965325,1.9016265973476698,1.7491008049004397,1.534005958066561,1.2486246073380258,0.9467254861154852,0.7582722247861394,0.7717102102076947,0.8089157735150784,0.7041392366689974,0.5613749930581449,0.416222733130055,0.23782884193771017,,,,,0.21946242955867162,0.46085587124148186,
0.8478205603127615,,,,,,,,,,,0.070633494993811,0.11989614656660012,0.07074669887853681,0.025926519851537072,0.010736240060499277,0.006634954422190936,0.005866375953639308,0.006543361642887855,0.008402285668532631,0.011747131887510304,0.017211840520777327,0.02563650056252212,0.037871924165430775,0.05450291969100846,0.07559586355146107,0.10060547356299403,0.12848897179504024,0.15795444813239096,0.18772860638431288,0.2167903835191075,0.24462745025227642,0.271704245606756,0.30054613394865615,0.3383455947884593,0.40316184324723586,0.5364819397720252,0.8028989152130986,1.1209348122603817,1.0476574798090497,0.7107228859936805,0.5035590755624301,0.423187214424241,0.40453893998530976,0.4141560342274178,0.43776460190149213,0.46923377390836807,0.5057698882929458,0.5459386722482299,0.5888329979051774,0.6337241523436101,0.6799290767025288,0.7267771118927709,0.7736199798452477,0.8198524838936018,0.8649170226270738,0.9082522450248116,0.9490955792105897,0.9859130197306785,1.0149677592923734,1.0275931120327528,1.0091513595923434,0.9541721591900807,0.9086193677951743,0.9676566303537586,1.1019330749069933,1.2304456607019705,1.3208845703593823,1.3720569922611143,1.397548398671145,1.408919806948002,1.4125220210814233,1.4112648843883266,1.4063089329856044,1.398001685101448,1.3863263706663231,1.3711098197691063,1.3521227803465055,1.3291364971542023,1.301969166065417,1.2705560017137039,1.2351266632151423,1.1967855059999524,1.1596168762164796,1.138364771045674,1.183161629365642,1.4359444065387057,2.1576769244707426,3.2529025947513635,3.356492107458627,2.359237795734246,1.4886799204486167,0.9378038383082319,0.5042430016582802,0.03565970712732545,,,,0.465593750568321,0.9206017095949639,
0.8499011015650628,,,,,,,,,,,0.09591537111516317,0.12707079853394956,0.040915182964542156,0.00866913848794092,0.010668024284408448,0.014850570686628976,0.01650806362621899,0.015333583676020696,0.011864646012512725,0.007148131458828556,0.002644134309743192,0.0001268574167996424,0.0014128916267355104,0.007928951286753529,0.020305325892182046,0.03821340172990581,0.060521769707425434,0.0856574705938363,0.11199269010685352,0.13815621075813364,0.1633023028527872,0.18749469227023582,0.21250974677602294,0.24363500207819733,0.2935440136374012,0.38934651827545214,0.571892761152312,0.791166612246182,0.7441497406778184,0.49139909589617764,0.3209238178143384,0.24674543396425355,0.22381479270339974,0.2262087350233386,0.2421986195285804,0.266638116432101,0.29723023750938726,0.33286345733226175,0.3728649693136731,0.4166670660782864,0.4636700093866647,0.5132038415943803,0.5645407707556453,0.6169295514614304,0.6696300612961205,0.7219243480844734,0.773064665804438,0.8220764703164225,0.8672841270261706,0.9057394682836272,0.9354324965749141,0.9704554573326226,1.052563729922753,1.1091137089270637,1.0524509813134368,1.0055493045186603,0.9832882066583931,0.9671531260742043,0.9500077083367392,0.930453304273509,0.9085250949863017,0.884470173848379,0.8585098607699742,0.8308267147440828,0.8015860441857771,0.7709538094442641,0.7391072263713232,0.7062412664279597,0.6725778706887379,0.638396334302099,0.6041470382723839,0.5708791177626682,0.5418688086633763,0.5286670498403904,0.5707648711683047,0.7810887514096082,1.3695483625563831,2.2614457701182133,2.3724333993151308,1.642513881295864,1.0374413767096027,0.6708789516554755,0.3780417155237666,0.054097472591427026,,,,0.3584573902977943,0.6645684512774823,
0.8519816428173641,,,,,,,,,,,0.05552054862671739,0.053830483683087536,0.0027720828882855804,0.019102086571572186,0.07224493408634386,0.13434482712475207,0.19034356942094932,0.228831364518292,0.247191220220457,0.2468222518414557,0.2301786316823337,0.20086999187524265,0.16408572387609568,0.12616583733793965,0.09335162521266564,0.0703870593092889,0.059699469168734996,0.06143345430914652,0.07409731867704702,0.09540563844613906,0.1230655189564217,0.15554720140694864,0.19317986445185223,0.2402139707873153,0.30843436013311415,0.4196654956739471,0.5856787951328027,0.6979944120527113,0.5325420648475806,0.28330303273519597,0.1521375183360638,0.09833078339862701,0.07569515424935566,0.06584575001644395,0.06262713311616132,0.06405185355182143,0.06957836750068698,0.07919263750461754,0.0930404759843608,0.11125093597782731,0.13384470389800188,0.1606922292038445,0.19150734035317002,0.2258682439964419,0.2632607247638289,0.3031455379709277,0.3450749621250493,0.38895350280653646,0.43575911054655775,0.4897840640379376,0.5658705034816193,0.7092352587987487,0.9884312830423497,1.1857975216655152,1.065578452255684,0.9294318817327589,0.8540585919277635,0.8099518602497158,0.777271621892554,0.7477437879455648,0.7182828536931485,0.6878396790139115,0.6561489532326034,0.6232564481729843,0.5893435351548238,0.5546626029283876,0.5195139687546868,0.4842403214026143,0.4492345565558319,0.4149708010580879,0.38208969537643545,0.3516202800195964,0.32556694276297815,0.30851010061891665,0.3118088492560218,0.36221318290399307,0.5050204616174131,0.7262445401504434,0.7993260432745409,0.6766367095881949,0.5372429605782345,0.4098315471386167,0.25805596377239415,0.05540088598175355,,,,0.2675004310873767,0.4706573872751258,
0.8540621840696653,,,,,,,,,,,0.05500568101264095,0.06982709329594894,0.06140215800539305,0.0896165060487306,0.1254109171802858,0.16490995056817948,0.20797657926520127,0.24939194885688362,0.2844506880436666,0.30955939132025473,0.3218757316637462,0.3197603895168085,0.30359219074421584,0.2762117959913568,0.24251878548540665,0.20829766909708866,0.1788435095957911,0.15800172186704872,0.147866165848846,0.14898210548233867,0.16073715142883047,0.18163975031490953,0.20915964945065982,0.23853999244665122,0.26002126882050264,0.2576117244373335,0.21755928705725597,0.14192015398853142,0.0741484761304664,0.05710219790563532,0.06406909524636256,0.0690876653886567,0.06554433639408813,0.055610091883685354,0.04278074067101242,0.02958505267523345,0.017669874312273785,0.008200010904926449,0.0020814592722860083,3.301080325198251e-05,0.002585265122537503,0.010059393201260284,0.022554359880042084,0.03995746809734485,0.06198789737013819,0.08829080450370709,0.11863764652673299,0.1534089054103246,0.19490545016731703,0.25121140253281665,0.34789312850831844,0.5571210588919118,0.9718011202295989,1.2329866919713162,1.0235837928916038,0.8114828872996528,0.6991841198172423,0.6384842112860735,0.5982076171523214,0.5650425538195973,0.5338101440019667,0.5026243032464428,0.47090345505538805,0.43858996081152707,0.40584813808424697,0.3729486026507879,0.34022620055398495,0.30807117082852437,0.27694473479643317,0.24742911425877326,0.22034203929770213,0.19697980444928234,0.17962786620815124,0.17268322578485937,0.1853534352166602,0.2381880046324189,0.370954982997625,0.5889514483333778,0.6948791471790647,0.5999386105868298,0.4713069876864012,0.3580092601454102,0.23065448327663282,0.0631714945845771,,,,0.24706609293855036,0.41594333008405215,
0.8561427253219666,,,,,,,,,,,0.33529116653441027,0.5479941259229738,0.2920284990844735,0.10313448535866847,0.06423113983116129,0.07385700781715293,0.09408788182393182,0.11395347154114704,0.13083864936874826,0.14442135620828536,0.15490278546019753,0.16293981244373945,0.16988422720291532,0.17779745551676315,0.18912487932812916,0.20616973834027755,0.23061954551427608,0.2632835278574012,0.30396992025106706,0.3511729400756228,0.400899068893487,0.44344333134230385,0.4574435733998955,0.409068158760928,0.2829379855771544,0.1293425379969456,0.039100913084070876,0.08675825773095065,0.20155921157086673,0.24649232945731425,0.2540437561236426,0.2538916302338437,0.24776088602237958,0.23642488906760598,0.22186717666018646,0.20584437453051568,0.18968652392342722,0.1744750079044188,0.1611631798261172,0.1506050236173408,0.14353187521205113,0.14051284152714555,0.1419238646623952,0.14794407654262526,0.15859922256818393,0.17388962853870377,0.19409957305620587,0.2205533560916127,0.2575502087963382,0.3175103709352352,0.43450104716750815,0.6894388199062529,1.134425469731489,1.2815245801955546,0.9404308259082583,0.6826295937709329,0.5603831085718777,0.5000835368507157,0.4638243771009451,0.4363942641736272,0.4119268863159395,0.388214750048177,0.3644822166331815,0.34052128397335846,0.31635723642412317,0.29212119143691356,0.2680055183415216,0.2442572460374957,0.22119919123389845,0.19929001166659727,0.1792607434427217,0.1624221790278821,0.1514034021403435,0.15214027505619632,0.17966893412249657,0.2731997185320746,0.5122469942675825,0.8906904346665528,0.9683686900114179,0.6162302996090593,0.28263320115266893,0.10867598307262667,0.03682263413191426,0.007296946672624733,,,,0.014072878001100316,0.02244177081924465,
0.8582232665742678,,,,,,,,,,,0.395843707273807,0.5180770149396638,0.21127372011506734,0.06076027928555559,0.05513764480873297,0.0846719329638565,0.11468806001401853,0.1353865807568156,0.1462642034564495,0.14934058852734083,0.1469226513655898,0.14153712971530655,0.13603801908218244,0.13333824700308233,0.13587743569367375,0.14514542395341132,0.16150657074512445,0.18433343035436017,0.21225251978149517,0.24322005725744505,0.2740911918754031,0.2992170009387645,0.30784939177805815,0.283436025711627,0.21734213653506887,0.14325439672128082,0.15766413829611703,0.3627783221666139,0.5923483700786474,0.6411509708879662,0.6376177678141709,0.6444386626734702,0.6550377838083228,0.6627554187195847,0.6666295902794153,0.6672653433885634,0.6653171285904145,0.6613136121784385,0.6557325606822869,0.6490593213495245,0.6418021717145664,0.6344792384401953,0.627595404180823,0.6216291677727078,0.6170573919980813,0.6144703598471203,0.6148948505207457,0.6206069090672145,0.6371092992140499,0.67780318937403,0.7738284144161249,0.981387186346069,1.2670616137992008,1.1668886244214374,0.760970886923977,0.5329520689950883,0.4377729338786937,0.3936184412680644,0.368132572148743,0.34975215401753734,0.33419987920485644,0.319848414885088,0.30607484306246585,0.2926430822355271,0.27946539415406596,0.26651065711048677,0.2537720026857706,0.24126140588616096,0.2290223464832765,0.21716682489759512,0.20596703646986422,0.196104852497676,0.1894520145534993,0.19173889533963484,0.22133463988948823,0.33179844976996764,0.6322901540623453,1.1085210567529424,1.1681763029126648,0.6746162130094102,0.25676920959333627,0.07646977156508969,0.02120950288345083,0.0046843419340364695,,,,0.011170755480230972,0.017543523076852807,
0.8603038078265691,,,,,,,,,,,0.1915587518662377,0.27665684498125837,0.14688573065693283,0.06375509446097323,0.044785747123175235,0.04583554062891266,0.05290639661768891,0.06173412961722293,0.07059902408738634,0.07866175136537457,0.08545518689164196,0.09079526051394517,0.09482316722526397,0.09800312759019934,0.10099717152824882,0.10444843295508166,0.10877740602563826,0.11408322350868726,0.12017098396350563,0.12666679606640915,0.13317355087061306,0.13946034202011792,0.14578709177558696,0.15383384626358781,0.17012762860230135,0.2182846495684198,0.36770885669545805,0.6943861818895262,0.9651668310421665,0.9712917791811613,0.9272534939147721,0.9194014200979962,0.9323872777478304,0.9508075777156757,0.9687156171273635,0.9839922553601267,0.9956512049942872,1.0030914470887586,1.005936345532591,1.0040155740113927,0.997370944654897,0.9862530636361788,0.971101982770156,0.9525184403160852,0.9312448711071724,0.908194856654689,0.8846106475184683,0.8625214494225342,0.8458697898616279,0.8429447269806903,0.8700883046861315,0.9455643916752494,0.997206681520292,0.7661332290987171,0.47795092656520877,0.36098720656978756,0.31698407652819727,0.2910034380658142,0.269634861606844,0.2501669700991621,0.2320839201960284,0.21534366128459068,0.20003086270418857,0.18626504456084328,0.17416187215517898,0.16380857761038875,0.1552416217458919,0.14841695938380994,0.14315648433795602,0.13903731461616642,0.13516338678745954,0.12975898125829,0.1197901330130052,0.1022985140282358,0.08368571421774451,0.10741391058854921,0.28635536035456854,0.6863788272671505,0.9016013439703997,0.6628008217275718,0.3536859426433106,0.160871900905807,0.06525056920567313,0.018241558967426495,,,,0.032062380800869004,0.048180554927332836,
0.8623843490788703,,,,,,,,,,,0.3175166406560748,0.4892181380150853,0.2156640997415412,0.03716897771853528,0.0029234146329424715,0.0062191453594455425,0.013466673153858015,0.01790441996216448,0.019223396798331543,0.01826760028430195,0.015842123355031414,0.012672591061639715,0.00947954807989645,0.006934899041737217,0.005534418277705968,0.005487994973845971,0.00670289775013805,0.008864738490965172,0.011568223384662516,0.014447992987860092,0.017295912688490393,0.020207232058590454,0.023911681782950882,0.030839587190981847,0.049011281375727016,0.10556461483366651,0.2761945188520721,0.6264140419160443,0.8734790580750385,0.8286203728919437,0.7464535341014773,0.7128264598618231,0.7089329764350679,0.716822110464879,0.7282253545824555,0.7394500170465725,0.748597292880501,0.7545256142726716,0.7564908488178792,0.754033344361603,0.7469503679738991,0.7352874349628633,0.7193209974067475,0.6995249388640998,0.6765259803206636,0.6510640228367994,0.6239896499586916,0.5963654437538131,0.5698010202984245,0.5471375152109204,0.5325572445597567,0.5235524998137111,0.47405200163659844,0.3441420077953166,0.2931806967786365,0.3107234936819396,0.31878869499717916,0.3060791543298376,0.28107534481339336,0.250838346307611,0.21907963352753065,0.1876298361319988,0.15749938803330918,0.12937034834978028,0.10378902860777063,0.08122766036717838,0.062090023681034695,0.04668833063579399,0.03519306853807787,0.027534386579255186,0.02320075979965244,0.020851938917496315,0.017801004471550478,0.010480257942553101,0.0007841120563799433,0.01780494380551736,0.14648776566759777,0.4508618076871465,0.673787325467806,0.6142915852494484,0.4764073438083355,0.34463918448776765,0.2069744884932558,0.07200488061137657,,,,0.01935995068150415,0.015562354610756307,
0.8644648903311716,,,,,,,,,,,0.3713803393278296,0.4391391156894105,0.14048274059598484,0.011634557881581492,0.024778384994276016,0.07697154223889245,0.12947233598370397,0.16374045127571354,0.1775342997981564,0.17496330625017772,0.16023055717583679,0.13704529980709035,0.10916292745267084,0.08039452492255109,0.054097985595564745,0.03259742458523895,0.016914701529944332,0.00691283610737626,0.0016987675612312784,6.638021888106346e-05,0.0008439757238737695,0.0031295769165352516,0.006497545661136359,0.011399832967785418,0.020422371112607193,0.0423738768728787,0.10118627723931468,0.21957528422435352,0.3098198637517431,0.29664693476253295,0.25829231547021997,0.23190852874580492,0.2166416789107197,0.20789478781797388,0.20285774250413452,0.20005909633635657,0.1987078257644746,0.19831468939996116,0.19851094523856588,0.19897654252578004,0.19942250329648806,0.19959633539494925,0.1992935256144749,0.19836611100082646,0.1967239778386505,0.1943275291422343,0.19117276589792676,0.18727249041222102,0.18263387545952894,0.1771546606189339,0.16986376481464616,0.1560435587838619,0.13454537655433665,0.1765789905529467,0.3081097510683077,0.4115884817526274,0.45210581829727237,0.4474030646409738,0.41900115791718545,0.3800053273941569,0.33686039959206726,0.29263898864710725,0.24896855209891594,0.20690446054089304,0.1672821040604778,0.1308431492166348,0.0982687005833469,0.07017743534983589,0.04711997345481146,0.02960134506265287,0.01819227872335233,0.013876541445676781,0.019021650512482655,0.0400186648514043,0.09424866072466483,0.22639909942067188,0.5287146993577367,1.0373899712087062,1.3537627063998872,1.212378818717487,0.9460247890354858,0.7118246456693532,0.48772859000476626,0.23367220499792377,,,,0.5567599637010243,0.809600954703365,
0.8665454315834729,,,,,,,,,,,0.09335857580751246,0.082780852324753,0.007176221240596992,0.010261733007027566,0.04099168415387862,0.06950600577274864,0.09401198586914968,0.1140278434083844,0.1288166927087391,0.13759664146988942,0.13954454614447545,0.13414850508258913,0.12168774199158258,0.10351150342258207,0.08191089443969428,0.059613071259947845,0.03914546556118076,0.022355047408052754,0.010224510600168263,0.002957342947578855,0.0002343841995898139,0.0015965208671683984,0.007077391495809596,0.01862422785488503,0.043959407015714845,0.10611619140803216,0.24948655705283626,0.4495271604983079,0.46908510240376694,0.3271180468368917,0.22749977974356458,0.17951423583243029,0.15064470708278743,0.12741505211160054,0.10673309604926993,0.08813175931697334,0.07160467933538446,0.05721784476266262,0.0450390283394596,0.0351043986992677,0.027394577260245627,0.021822494666072455,0.018233503249478367,0.016415162099466585,0.016112057270124422,0.017038712171010297,0.0188789301935159,0.02124887231323045,0.02358008011206525,0.024874487728068963,0.0236154027291112,0.021410249423979854,0.052094949678507696,0.20987368002855206,0.41921035389290195,0.5517381593692455,0.6050792583638539,0.6067635577514585,0.5814452926166135,0.5438144924145702,0.5011351395825269,0.4568719393958383,0.41282828979694924,0.37013219327721475,0.32964188137592787,0.2920941942049857,0.2581428538113789,0.2283504950768112,0.20316786026027076,0.18293738744833443,0.1680094197588858,0.15923160649966117,0.1596082100162146,0.1794750752317875,0.2510630680712014,0.4612632399862946,0.9810373746497104,1.8256644792852519,2.1662126576760414,1.6330206715709985,1.0244347695478437,0.6437755527810367,0.40132344940943576,0.19403888051261595,,,,0.4132494152218616,0.5839589713915759,
0.8686259728357741,,,,,,,,,,,0.3571849521705993,0.5177679336256353,0.22565532996035662,0.05693216695041849,0.04992904312224426,0.10081235071502573,0.16603999859383808,0.2209620856709662,0.25671506401280497,0.27299456047463827,0.2710377933649289,0.25246599426426786,0.22016405233175756,0.17873801943923223,0.13397002749982775,0.09160463671963785,0.056153689517153195,0.03025175484942867,0.014661521817543181,0.008688384968004677,0.010683308256889538,0.01840927473610182,0.02919269773136909,0.040021797337015726,0.04857666717848786,0.05862030653055161,0.09408760431571342,0.1922126398501708,0.2984026041798104,0.35720009004844216,0.4320129817528624,0.5149552501951755,0.5640521391474629,0.5701604167872787,0.5464490727957965,0.506606160577951,0.4590656401823092,0.4083921961462542,0.3571580117251707,0.30701600731308654,0.2591766363281523,0.21458241258296018,0.1739546095842699,0.13779980879546633,0.10641835750882556,0.07993503690540285,0.05836381189963562,0.041720040659753266,0.03021699257506194,0.024747560066753996,0.028914157682836634,0.058805089576474616,0.17169923776227397,0.40869276816224837,0.6157997335139906,0.7333743949089251,0.7864692180830511,0.7973022618515638,0.7851660294264889,0.762315099587775,0.7350498639356781,0.7064053057450016,0.6779111196893168,0.6504467503407599,0.6246045049888111,0.6008204844860233,0.5793911148595624,0.5604117446625605,0.5436211949337382,0.5280832617758761,0.51156895558994,0.4894688483584627,0.45338489982047603,0.39135917007003573,0.2963741600044564,0.1902716677209089,0.1457783135407724,0.24532922306394947,0.39900659533113914,0.43710899498645717,0.40463189140718114,0.3487558191287504,0.26571851866614316,0.14852147035515362,0.012003306816069181,,,0.3142895731255878,0.43098609523005726,
0.8707065140880754,,,,,,,,,,,0.3129493146797531,0.43712526504149174,0.2019557845460454,0.07751225648944221,0.08244881060858007,0.12498561564689604,0.1680727010914508,0.19787315910457737,0.21226521813960647,0.2128312649426888,0.20160714316914818,0.18101368535753493,0.1542550456122881,0.1252219715347645,0.09788002335505326,0.07549851633489846,0.0601168535411237,0.0524269628673019,0.051970810082098334,0.05739219555180352,0.06644893892431146,0.075504049690796,0.07845295152824862,0.06665973952613062,0.03566925361408681,0.0029263310009878052,0.023920303846319338,0.16870692869879755,0.37622606139058173,0.5491143510320549,0.7692028848648118,1.042046690770179,1.2714428499438253,1.396301300082599,1.4280199320324238,1.4009606037959836,1.3410464273421787,1.262767891251556,1.1737130576992307,1.0782018912309788,0.979187746561603,0.8790790356902098,0.7800242659409875,0.683964593918839,0.5926149156410633,0.5074708519994324,0.42993333624449365,0.3617104166998206,0.30588427752841035,0.269670691201876,0.27151223322856277,0.35756666687186284,0.6008025652777952,0.8804067445301582,0.9723087736507402,1.0039364638485082,1.0273403928436906,1.0387774166382522,1.0405476906191444,1.0370109309391233,1.0310850214824525,1.0243041839219378,1.0174163301559631,1.0107732102895115,1.004517895927199,0.9986517646039141,0.9930227524106439,0.9872293048171652,0.9803788002382077,0.9705518293445381,0.9536887191370909,0.9215292299727167,0.8588652733214053,0.7440026379780156,0.5649906101385808,0.3611749114866017,0.2532291728062028,0.3796640920002836,0.6162946789526444,0.6699212192367777,0.5951561027170077,0.48959847809058815,0.363527200637194,0.20779618918953358,0.03730221483846175,,0.00917695491459283,0.4039306156681865,0.5396049750887871,
0.8727870553403766,,,,,,,,,,,0.42105415867276763,0.6630739417736378,0.44142278418540104,0.22301512549392352,0.1409938219042958,0.12184164052604923,0.12568764378692768,0.13746470730132856,0.15073620290524514,0.16222110416539745,0.17006099665242147,0.17333741043199466,0.17200097581578275,0.16682167575213924,0.15917681835104733,0.15068095467299528,0.1427953468390164,0.13656251346295667,0.13251723631656054,0.13072224697710724,0.1308231603047498,0.1320020332466908,0.13271448306140246,0.1302772171679039,0.12157232703759052,0.11024713256074449,0.13044526155540767,0.26521722093322336,0.5158480765465837,0.7591137263063288,0.9884950880351205,1.1885646247112807,1.3176674623425186,1.3734443910993055,1.3790263478525329,1.3552792533409304,1.3142536816727595,1.2619161185525096,1.201231638675286,1.1339544204508014,1.0614784418454568,0.985184832520811,0.90654567198679,0.8271270781994929,0.7485852242790098,0.6727483452680277,0.6019313452995091,0.5397875122706286,0.49342192629473447,0.4786801781554846,0.5339019956086285,0.74958876438233,1.2217616096934467,1.5515144844074855,1.4118559029206341,1.262202342474744,1.2013620091510953,1.1816095984522939,1.1761508355608497,1.1753473587221843,1.1759644818495136,1.1769010930257295,1.1777485639628575,1.1783102468051394,1.1784416807533709,1.1780004793501713,1.1768353537266607,1.1747908014837565,1.1717205586326152,1.1675120991312582,1.1621487425912012,1.1559542571826613,1.1507023971658141,1.154286736190245,1.1967156413172193,1.3672443731767197,1.8362971902954008,2.5928982832252543,2.8448965562984063,2.283618237122547,1.6289091431732647,1.1545781467694909,0.7941393018358113,0.45513933832133113,0.11893086763421894,,0.07452798719067234,0.8869809257991235,1.191862924800354,
0.8748675965926779,,,,,,,,,,,0.8155480865115607,1.0853065712755317,0.5495058896739973,0.17139483991544624,0.052858567994852945,0.021192584904342296,0.012920485493872114,0.01204020393863824,0.014385336563465795,0.018638762644660828,0.024161529501407604,0.03043537516805897,0.03694800835974763,0.04323309269793288,0.04895379040703425,0.05395983593608089,0.0582867758102797,0.06211017137644257,0.06569434744428339,0.06937928106314892,0.07365039842034814,0.07936662209346912,0.08833537470033827,0.10476299540801275,0.1390419812248829,0.21687591250019905,0.3900107373177724,0.6782617838986394,0.8893943759218981,0.9253779664490501,0.938001628036886,0.9660060592402272,0.990278218286859,1.0037267231099416,1.0083894224625023,1.0067506140489246,0.9998340746767371,0.9876773947662671,0.9699404283593411,0.94628691907331,0.9165922729651795,0.8810442431279307,0.8401780787028629,0.7948811944898753,0.7464167371507205,0.6965566613107084,0.6480117069652851,0.6055799124816112,0.5790432332977383,0.5905738153107082,0.6942481222628991,1.0167231618237054,1.6721929325069524,2.0268258025066372,1.6622882786547435,1.3262322713921948,1.165310122391333,1.0944208165716993,1.0604902824146887,1.0408827411249322,1.0265934567365391,1.0141304451591182,1.0021860093249066,0.9903147284995333,0.9784163020063398,0.9665431895735485,0.9548501530567425,0.9436292885622273,0.9334414419802942,0.9254173569718963,0.9219012218686555,0.9278051271679982,0.953454355261898,1.020579593292689,1.174712577809227,1.5062361526504053,2.138415644667104,2.9009517172391828,2.851451498597344,1.936989117467413,1.0989478282626821,0.5983098704802482,0.3267018728872865,0.16367743113867989,0.04908867161567856,,0.03582563954427013,0.2515107708593337,0.32887269121944557,
0.8769481378449792,,,,,,,,,,,0.21584331237701943,0.33757966931038347,0.15123033562480767,0.020107297205897618,0.003997836959956104,0.024401930691372357,0.04913275072206977,0.06840495403459515,0.08131488749358458,0.0891780670031767,0.09299922963572022,0.09332877356835342,0.09063425414033643,0.08555669061862275,0.07895297549852968,0.07177893883211436,0.06491876431336874,0.05905721827180837,0.0546409790703772,0.051928690278606145,0.05112029953910423,0.05259424511223077,0.05737873042919978,0.06820199914921118,0.09191267145532729,0.1441005579952991,0.2490985667457323,0.39218125462111497,0.45648032802247673,0.4412764672015998,0.43498376147902784,0.44202320304892434,0.4508718243141013,0.46070843989190574,0.4736938584261399,0.4907265610701621,0.5113708355915663,0.5344478211342129,0.5584178594174578,0.5816022589605438,0.6023476259287955,0.6191728793007524,0.6309041141660842,0.6367983210639768,0.6366771838454652,0.6311427694715882,0.6220570915375964,0.6137194178211106,0.6157924360815438,0.6506301613237124,0.7713797719704694,1.093447544975115,1.687241681268937,1.9223271882161055,1.494579206732748,1.1285204733771181,0.9427331838691323,0.8491120057832368,0.7939088257265465,0.7538551829378433,0.7195916132991858,0.6875413082968294,0.6564913665528562,0.6261966161022908,0.5968114632545777,0.5686563262548598,0.5421185507669002,0.5176067061935149,0.49552292800207803,0.4762298199079979,0.4599802397164422,0.44677014149650124,0.4361920395246995,0.428174354457655,0.4283060488557465,0.4643340626604073,0.5999124532840077,0.8312219977576646,0.854711511726582,0.5708543011062693,0.28792010251330336,0.12472358104676715,0.05024933780703164,0.019050671696396227,0.005388106746680207,9.892458097179567e-05,0.003668722558888603,0.018536387508940336,0.023846368457951295,
0.8790286790972803,,,,,,,,,,,0.08390015108261291,0.07970806756609741,0.026868328353296292,0.027132695818129268,0.04821355013960969,0.07126048209529856,0.09639668473295836,0.12415616177165739,0.15432980732072554,0.1862227230565571,0.218502882021075,0.24920948666833062,0.27605998696394085,0.29697353185805697,0.31060045284657484,0.31662039377824347,0.3156949095111169,0.3091468337031157,0.2985435495720871,0.28533520487147734,0.27060458479460897,0.25490120074810285,0.2380889561794999,0.2191300762217929,0.1957380305582578,0.1636580587275928,0.11509549990656388,0.04728153443862621,0.003678535943107278,0.014490149656484928,0.03786395919850423,0.049537126652432865,0.0510756389826465,0.05068163690715956,0.05443645971678438,0.06529675896911587,0.08421935046410288,0.1110308417101984,0.14485098152685466,0.1842984556740206,0.22763382013886554,0.2729034504514743,0.3181000561566713,0.3613374153652057,0.40104140136757443,0.4361892082765896,0.4667026047096444,0.4942690409457231,0.5242402551010202,0.570026888175374,0.6622228340001757,0.85723937333514,1.1571860524856892,1.217433284107435,0.9649695501409087,0.7670299386718294,0.6577353673363584,0.5894191131413584,0.5370572626752708,0.4906645738305447,0.44654466015664357,0.4035217287465864,0.3614494891517799,0.3206137345950796,0.28148258245429303,0.2445907953907856,0.21047115951457673,0.17959237273305032,0.15227468219992876,0.12854598998137937,0.10787807153611303,0.08873606866691962,0.06806623807876803,0.041928112898495365,0.011741069884117385,0.0037362497407711073,0.09399878566895063,0.34489823284032006,0.5266593117636809,0.41298438956932515,0.21806198900085846,0.09259760492991052,0.03584168197990366,0.013656723101628266,0.00448124139445986,0.0008859119638682186,0.0035183706761492944,0.014620601574671653,0.018803623651643984,
0.8811092203495816,,,,,,,,,,,0.23876635423372328,0.25533972621993933,0.11565754919645366,0.09545524860104561,0.15541217332914967,0.2426483730436231,0.34437159483490176,0.45531718377586167,0.5725306703377618,0.692784101703654,0.8108722342731407,0.9196677835704685,1.0114279154965844,1.0796641547473702,1.1207707496016501,1.1347082160532656,1.1245454140021243,1.0952555518109328,1.052408295435359,1.0012348194258585,0.9462235216129024,0.8911795961579922,0.839634240102091,0.7956592133524993,0.7655895617246697,0.7597486134339786,0.7778822464319017,0.7410261629557654,0.5385880189478447,0.3157938226403271,0.18520769004191387,0.11603895813831101,0.07788596268271365,0.05807181522726775,0.05146684313093077,0.05573182127245013,0.0695806947105036,0.09202020289074987,0.12198213061515734,0.15816632926424523,0.1990132679887429,0.24275863401035377,0.2875359260441031,0.3314988727991198,0.37294017491739023,0.41039005198093914,0.44268957588304053,0.469050451240846,0.4891149491814607,0.5028494667873287,0.5089734286865496,0.4977492750017191,0.44608789853765235,0.39429498533442675,0.41870529865290107,0.4533323461303087,0.4596449313406904,0.44199748340613987,0.41085311792168266,0.3732445068918027,0.3329248009202209,0.2918604627671199,0.251209503031137,0.21179518010803142,0.17430582259947985,0.1393673508340574,0.10756035527560841,0.07941687147206286,0.05542170183757525,0.036055778711008554,0.021972033673362465,0.014556397640209835,0.01761749556245568,0.042365096643371285,0.12111584659922907,0.3378794149066293,0.8532471897392823,1.673423124241816,2.0204242208458876,1.5020417973312346,0.8503915593282523,0.41425948634013005,0.17675259179197858,0.06412076813762817,0.017997868030483106,0.004196324016827731,0.008091990116068062,0.023583648832662986,0.026608302210847326,
0.8831897616018829,,,,,,,,,,,0.19836441520373038,0.3526903472823002,0.3754955419272754,0.3968508370562512,0.4717828382857432,0.5933465493001944,0.7472719895451914,0.9194267202507691,1.0991270270577627,1.2766735159859226,1.4413178976966838,1.5815418992867956,1.6869500994828774,1.750656907793042,1.7709511724388034,1.7514054813151556,1.6994728888858741,1.6243906389218177,1.53537201638981,1.4407081334499283,1.3479902477503611,1.265548212639328,1.205442437082528,1.188733794237491,1.2531672665648348,1.455557441422105,1.8157430058332205,2.0544003656078287,1.64949431275606,1.013616916538568,0.644848914014922,0.48678281663514317,0.4256599726205397,0.4057789523873683,0.4048664720722731,0.4142457150119484,0.4302580098861874,0.4509732663230748,0.4749701480365931,0.5009122668561241,0.5274412292307542,0.5531969561548087,0.5768801164886347,0.5973087677658687,0.6134311006310387,0.6242479359493004,0.6285661970309853,0.6244287583854861,0.6079095354975961,0.5706363697613649,0.49467046789364494,0.3446331927199338,0.10632152959924299,0.014123449617669877,0.19841898796304372,0.37893030995043997,0.4723350070356404,0.5035165405685359,0.5015073402321678,0.4839247487256942,0.459612659543633,0.4327459720868455,0.4053430466544382,0.37848392640313494,0.3528430842734832,0.3289028339077586,0.3070210714361494,0.2874265203062547,0.27016783056356686,0.25502500595109345,0.2414043793051161,0.22833582103852543,0.21506890543704277,0.20389931028567948,0.20898866677335626,0.2742208955831576,0.4815540548315212,0.8383199706895267,1.025261261679774,0.8918238716993251,0.7025242645472457,0.5550637141246194,0.42355680297954257,0.28335053233240415,0.14481995390758984,0.06373350597827027,0.12442687854520738,0.35818330327066816,0.422855229261511,
0.8852703028541842,,,,,,,,,,,0.6101594428186551,0.9304528187708649,0.5946850962288348,0.25986355862362653,0.12887153690803183,0.08905427281432696,0.08074567793135565,0.08485479032314203,0.09514011173063236,0.1093360158807212,0.12650784528509953,0.1460741764310487,0.16738854728576408,0.18961269483047605,0.2117807223248209,0.23295914102004245,0.25240421296681553,0.26965649376561884,0.284578684954186,0.2974021398277071,0.308892606393458,0.32080755538305183,0.3369452082954695,0.3653013777406159,0.4218765763602245,0.5341892480041922,0.7244223315268263,0.9037724602847503,0.8574229339774122,0.722276686814531,0.7010711228748573,0.7572549962520019,0.8227152260647888,0.871634546265876,0.9043255919618716,0.9266923571095523,0.9429746785058866,0.9551759257774001,0.96389299595172,0.969029768423754,0.9702306377267457,0.967119057562789,0.9594166092270245,0.9469823096880712,0.9297860895850304,0.9078105853949102,0.8808530465457068,0.848167323784739,0.8078312432294927,0.7555346562478922,0.6814899265061777,0.5621674732070567,0.3739323271338209,0.26904230008541996,0.39944300878817457,0.5694206040970752,0.6796888503333199,0.7339036965612069,0.7545055000811458,0.7582632722364248,0.754256183160551,0.7468240003648777,0.7379547092569247,0.728555732917317,0.7190349705109211,0.7095317887689565,0.699963600253483,0.6899362441754027,0.6784816065005975,0.6634991163009306,0.6406868331851188,0.6017956483255451,0.5329003247649065,0.41679962003843396,0.24962235969693033,0.07557320839482463,0.010891444495179415,0.19058363262905795,0.4890943469625194,0.5880921831289744,0.5310272274324316,0.4372711296993086,0.33731388947852137,0.23213714659798623,0.13058176641827493,0.07116224619973796,0.1302447478606901,0.3578179225634632,0.43297845081779945,
0.8873508441064855,,,,,,,,,,,0.2726806515210163,0.37003192260707446,0.1945748166591336,0.061293082091150475,0.020553744801323118,0.010706390292759986,0.007983274968879043,0.006926130649661381,0.006827082492942916,0.008243677266184257,0.012039650819893978,0.01897531531127667,0.0294411545076663,0.04330105148088714,0.059889153171991366,0.0781625128505511,0.0969374976895976,0.11510725380151994,0.13177058635822766,0.14626090233862518,0.15810195018499934,0.16691839987662996,0.17229081309932973,0.17342620091977126,0.16818244697363613,0.15037495108184323,0.10634435574016692,0.04070911395593821,0.0657343248224014,0.2617083929527567,0.5471298269397677,0.8319155723321958,1.052226259496162,1.193125436363539,1.2748259866741527,1.3211770434485242,1.3475343662266752,1.3616694908852134,1.3669770111042314,1.3647445422385882,1.355395706781757,1.3391106890162594,1.3161190194855727,1.2868291390835802,1.251891301194098,1.2122767064735016,1.1694970685870871,1.1262151698165346,1.087753237925651,1.0652375911825342,1.0796578756267057,1.1535738402640803,1.2273985876645104,1.0947513638836397,0.9187175521929328,0.8837944116447166,0.905615689441353,0.9290739731166548,0.9441175639963104,0.9528298395313965,0.9579021192034929,0.9608886166923571,0.9625092257177483,0.9630361669816606,0.9625155505421162,0.9608699962111209,0.9579318105209795,0.9534250475423046,0.9468852198745941,0.9374762549428344,0.9236496964495208,0.9027051980710822,0.8710442892625951,0.8286333574422015,0.7968259858816624,0.8572737020707494,1.1752283724851826,1.7994162566074092,2.1351232349074314,1.7937898688930818,1.2977754387255502,0.9336003950055008,0.6806674398417035,0.4708793340643736,0.2826471614223894,0.17516580955041458,0.2998829402092946,0.7741348620489797,0.9537179855047455,
0.8894313853587866,,,,,,,,,,,0.021764832765423864,0.008069370407204927,0.005851669345367982,0.03135059691268084,0.05681791453281181,0.07821117249999657,0.09830443294321989,0.1178240574717066,0.13675885125867215,0.15496337227279675,0.17210475670158915,0.18764082603007665,0.20091608946329223,0.21132445912398196,0.21846905713706744,0.22225566311893005,0.22289342769253886,0.2208274965238084,0.21666032134881727,0.21112132156478258,0.2051372516481029,0.20006696667536739,0.1982242475408141,0.20396502172301648,0.22578774430706308,0.27804553354068884,0.364837116996721,0.4105563729162011,0.3403931659316759,0.34384676834504274,0.505783185398728,0.7331858596055,0.9349202146165742,1.077618375931208,1.1704898942450186,1.2321984337316723,1.2760663565675665,1.3090393839625778,1.3340069093444558,1.35176857477275,1.3622152319670495,1.3649774333999871,1.3597802030650532,1.3466554192714697,1.3261241442451939,1.2994885858758995,1.2694977675025354,1.2419622440901141,1.2295795770146465,1.260474852039788,1.3940763187175675,1.7241512017376386,2.1749267467465003,2.048365117388433,1.450936599371052,1.099427521859375,0.961884456345544,0.9111081566637111,0.8919162755756862,0.8841941158344745,0.8804450359074475,0.8777238064182851,0.8748111667073163,0.8711698582994217,0.8665455731293629,0.8608226845987472,0.8539968296397518,0.8462261656681277,0.8379791240042571,0.8303554098251517,0.8257598147886,0.829330145562133,0.8520465990538852,0.9177128014062655,1.0783149148846556,1.439744881132666,2.140900045880109,2.9693356249943648,2.8863059409800855,1.9088717460366607,1.1121097612468227,0.6995283836166085,0.48272212259858016,0.3308598936070189,0.20457690473452156,0.13523794812168774,0.21349233280271696,0.503766298322776,0.6067732920251261,
0.8915119266110879,,,,,,,,,,,0.06844764709704568,0.1612770001567568,0.2487765457737025,0.3034103981256604,0.3501858704648643,0.41309029231673094,0.49317275800033267,0.5808402678926681,0.6660366555371174,0.7400208764041103,0.7951752530876489,0.8255276461575025,0.827856040316292,0.8025744332697899,0.7537241985594235,0.6879271501822123,0.6127526725845288,0.5351986604043961,0.4607819212218101,0.3933453781374978,0.3354256858649264,0.2889905233999214,0.2565040814094487,0.24262224040551753,0.25759127476696336,0.3238206717380869,0.4738041135739607,0.6670863456112157,0.7035067670032484,0.6022697085363814,0.5356111039421607,0.5222392341768705,0.5342928611242338,0.5562503465627218,0.5832162298322812,0.6139661394901088,0.6479280674688939,0.6843439142049422,0.7221333758689151,0.7599507504641299,0.7962998851760045,0.8296721654582044,0.8586970230194565,0.8823095032141451,0.8999695650951293,0.9120372655074371,0.9205668659418469,0.9311496903583476,0.9572891814348617,1.0306883152798592,1.2232602538837745,1.6659322927711195,2.3209665761354765,2.292816224094387,1.5430329093157076,1.033149667738756,0.8027843698165766,0.7016544563830633,0.6533086089041502,0.6261843379996505,0.6073911356370835,0.591617548678867,0.5766799926443557,0.5617043301860648,0.546371651990523,0.5306045391538919,0.5144389644358194,0.4979769417030846,0.4813782512670877,0.4648781358122173,0.4488353611440815,0.4338418195827156,0.4210108570735509,0.4128468876130855,0.41571114470826925,0.44433686379340476,0.5181538784070967,0.6075796085163144,0.5887390685557203,0.4812964726656234,0.40177311683038974,0.35114319837327324,0.29790945239087013,0.2288274970187662,0.15332749794584616,0.10896953063028685,0.1631127917860999,0.35733813867543457,0.4218585241647721,
0.8935924678633892,,,,,,,,,,,0.16984478193410962,0.3695864487455473,0.4003358730334112,0.31224911679426254,0.2551570991324766,0.2472510117827702,0.2696056448346885,0.30695347519153676,0.34935459554282056,0.3897001599560879,0.4223939261060232,0.4431518628516156,0.4493896012469009,0.440649678006681,0.418625708724549,0.38662994386537675,0.3486984898946465,0.3087041529771943,0.2697664360181083,0.2340384911200814,0.20278161631491504,0.17657329681968703,0.15550736097981652,0.13936415171679092,0.1283821781750465,0.12717850537648215,0.15136602759061343,0.20333453294779008,0.2151389374467047,0.1714917076742184,0.13043104778113132,0.1071119319144927,0.09809629547609884,0.10053529177382015,0.11285376676846003,0.13391529396545646,0.16267400324663484,0.19799711207183562,0.23856219655257158,0.28282602032392257,0.32906108002019896,0.375447067079961,0.4202016214041382,0.4617406307707723,0.49887870664173,0.5311294380752014,0.5592761100860654,0.5866380445042639,0.6220503826206457,0.6869024207925617,0.8303433168824825,1.14302326154142,1.6051750595268468,1.6106102510597962,1.1056287107059681,0.7452825420626665,0.572844092428163,0.48954138252012797,0.44287465002680704,0.4108163173009935,0.3843758437779292,0.35991954282443134,0.33603627494502203,0.31224816740407013,0.2884704144787048,0.26477604558467494,0.24127927860433032,0.21805255865416318,0.19502856117859851,0.17184645168170415,0.14760957096077298,0.12060514397418784,0.08846549856348257,0.05074629244614279,0.01914361036225268,0.04205186137881646,0.23377562134060464,0.6943872359794381,1.1255969481024883,1.1411607696833985,0.9501381198797103,0.7600261350142828,0.5980102855896096,0.4447279611678876,0.3022121116557794,0.2241092893089234,0.3229456336264624,0.6720767785166412,0.7931474731360294,
0.8956730091156904,,,,,,,,,,,0.4545722691465666,0.7523136805291706,0.5582455000652397,0.2919631767731079,0.1724447499773923,0.1366891379472668,0.1354161283009145,0.14924733957618033,0.16996578222294123,0.19303066523886805,0.21523021563135167,0.23400727874791305,0.2474167904578273,0.2543034244311495,0.254432056220206,0.24841673724081725,0.23744439497972739,0.22290310479799125,0.20603680884046496,0.18767699079403855,0.16801291152271952,0.1463169398489499,0.1206426465982627,0.08809620912753868,0.047930042324666716,0.011318195536371613,0.013200396670437686,0.07356423983903991,0.10147315325470682,0.06646407462792733,0.037819456602149075,0.02740143728626984,0.02767546471027952,0.03582980050378449,0.051421693340330435,0.07404886073647828,0.10293816831630088,0.13700046500298102,0.17489934860365655,0.21510932304223512,0.25599008536558354,0.2958840360197901,0.3332280247763745,0.36666547682151207,0.395150320401871,0.4180509715574289,0.4352988138133169,0.4477016850615726,0.45769666081773414,0.47105244611517316,0.49989862719286293,0.5632222334179584,0.652426190752192,0.651016630492196,0.5640945005361304,0.5087977917070695,0.48150106726396125,0.4616736202651962,0.44191592991530265,0.420671801323278,0.3979192997845597,0.3739170111788135,0.34893417109307406,0.3232157614960637,0.2969860774622478,0.2704456393221389,0.24374993024410432,0.2169623508200932,0.1899723017827318,0.16237771079859212,0.1333935591198708,0.10212454959197145,0.0695359954381513,0.046262393398712395,0.07523840586369564,0.2774559986451197,0.8868935659896537,1.9785938847385112,2.6258444589208683,2.120101659328751,1.2984990958374683,0.7246869568165661,0.41003370980883125,0.24165733368052245,0.14565261438292268,0.10366258649839874,0.13932253531888567,0.2720203636542488,0.3184374112770904,
0.8977535503679916,,,,,,,,,,,0.03852033883119005,0.04748785483268603,0.04379653694457799,0.04773434337147319,0.05587841678922961,0.06668971953225891,0.0798663247006402,0.0943423605109893,0.1090611216799119,0.12311178582280094,0.13560348291185395,0.145658647581744,0.15253576436120114,0.15579017789511868,0.15537536378491804,0.15162649907008008,0.14513347598541004,0.1365592503852034,0.12646098468411898,0.11513497930014585,0.1024652388627238,0.08774923763140388,0.06958857723471502,0.04644139473676841,0.01998259950170119,0.006320959114688895,0.055296753035894326,0.20862681724026297,0.32169183544785607,0.28847257546135113,0.22710612244248543,0.19216123834430854,0.18092032209536593,0.18483388962896288,0.19815115947657602,0.2173402638297414,0.24008622126338933,0.2646674360213894,0.28963586057633595,0.31368955942166693,0.3356533173191166,0.35450907187055414,0.3694364546793598,0.3798353020357047,0.38530765748045265,0.38557530445116955,0.38029579623873916,0.3687048879151755,0.3489240013255621,0.3165138776879086,0.26138220827379594,0.1663317778240727,0.056055788848314136,0.11963350541762802,0.34529462317480725,0.5163511123195779,0.6070255848851207,0.6466645652509859,0.6583929638945633,0.6556875375591197,0.6454585544601311,0.6310133828249377,0.6138893375890943,0.5947978266120694,0.5740634249548231,0.5518014066678743,0.5279492147577882,0.5021859493179516,0.4737194929692658,0.44088212706113783,0.400487541873057,0.3471551731536275,0.27391364964545334,0.1784148559963169,0.08252398458398302,0.0650090788681576,0.27102937842041785,0.7488235136652318,1.0364863351849958,0.8043833389929506,0.45585084896880257,0.229267761736344,0.11512645560995093,0.06134977206954654,0.03518188200463014,0.024838988327650507,0.031965419293046145,0.05943704779362293,0.06923644413766213,
0.8998340916202929,,,,,,,,,,,0.07642833084245138,0.14146193311381952,0.1494859517197349,0.12761538528435878,0.11881826787759238,0.1270876567709638,0.1454040169049084,0.1677824377780275,0.1904749556454316,0.2110877265402171,0.22789664980563354,0.2396573041131051,0.24569201966532758,0.24600720554172462,0.2412743658472081,0.23263027884794696,0.22136780196281877,0.20863515732095309,0.1952237783265442,0.18144905204159725,0.167068812228821,0.15116703831751568,0.13197794107297223,0.10683887856922285,0.07311841436701931,0.03245688496929899,0.0018220071099408841,0.01989273539076531,0.08868962535309319,0.14814725251002409,0.18669261987727323,0.21538228723959799,0.23761415837032432,0.254892417786646,0.2688111463145821,0.28047969423658803,0.2903563159469688,0.2984338252171217,0.3044617547537765,0.308113750957523,0.30909828955291985,0.30722394582518486,0.3024264241413814,0.29475951594605876,0.2843470322277245,0.271284774556067,0.2554679645069907,0.23630245194291732,0.21226617284484964,0.18048210043574806,0.13781481683766553,0.09347477384879949,0.12832166981977436,0.3730309474022163,0.6432997198085855,0.7953262191189882,0.8723221375945712,0.9104229188623815,0.9280320496749458,0.9348601323087368,0.9357813530162976,0.9330848123298922,0.927776144839195,0.9202495638270082,0.9106075734511229,0.8987981097159792,0.8846502562863028,0.8678321966486139,0.847712984273085,0.823069852512616,0.7915537313003898,0.7489011397932982,0.6884339458123712,0.6033004409108399,0.49708549083966497,0.4048095684800897,0.40057399627408363,0.51753706304431,0.5657593932203858,0.4033863424311964,0.2054280343728423,0.08306665861747,0.028398182504728683,0.00855665631977931,0.0023719865544805396,0.0007239819570767071,0.0003617844541620881,0.00025665538111917783,0.0001283707867486976,
0.9019146328725942,,,,,,,,,,,0.7073369249839558,1.0026868466325969,0.7028368875913542,0.38165233215561384,0.23811226887866727,0.18854822847572714,0.1747489864308672,0.1723083964124137,0.1708349914942299,0.16581865107535435,0.15581225926637,0.14134819933472706,0.12430893297066074,0.1072943160097968,0.09292124710213714,0.08320615948995101,0.07921095123804206,0.0810157918924276,0.08794347393180821,0.09890675961848311,0.11279867032548524,0.12895759450597455,0.14789280432711527,0.1726679741008721,0.2115275226150528,0.28107557985605475,0.39608838186964024,0.4930606381485938,0.4156284338778379,0.26153399352807133,0.18949176700041506,0.181943430992554,0.19247429607339359,0.20105736099447044,0.2042955710182926,0.20339904929000094,0.1997359631245135,0.19410382388549002,0.18690358874010796,0.1783598938514613,0.16865159405562757,0.15797044673220043,0.1465366186947375,0.1345895233623216,0.12236458555773222,0.11006400668459457,0.09783975963071678,0.08586924272295533,0.07489744386544661,0.06888694423918777,0.08623304161943661,0.19793519457864717,0.564603680520932,1.0579120526247086,1.1925621467337943,1.1406783110501815,1.0932185522793683,1.0706234079476793,1.062159479446858,1.0597228682328104,1.05924319603509,1.0588435834907202,1.0576553942664215,1.0552514042557066,1.0514032006088667,1.0459951617103185,1.0390243747394312,1.030673078470144,1.0214848714228244,1.0127345095106595,1.007187969070099,1.010668344404421,1.0353096358688287,1.1063453329781412,1.2756582929209044,1.6413656972080681,2.3173065585822057,3.0730335405255875,2.926136848939585,1.8610051267546277,0.9305264207560626,0.4184968868124018,0.17748813015553036,0.07148982207854701,0.02829551787814144,0.013326945341171398,0.010956163644700829,0.013913052277129188,0.013090336083369663,
0.9039951741248955,,,,,,,,,,,0.18942345328115956,0.399081599303931,0.4544045392168334,0.37690153661940257,0.30756141337499354,0.2762896195180043,0.26594965451700187,0.2597157147419458,0.24805759941031238,0.22691999917347233,0.1959671345788797,0.15757358451715603,0.1159879622189424,0.07631462711135911,0.043363581844312236,0.020683242187151594,0.010076432591017117,0.011672319374605049,0.024401863381817622,0.046668019103585555,0.07713141736870421,0.11580654207967303,0.1661453411589648,0.2397815866643951,0.36739508718888725,0.6167007901865116,1.0680322838048122,1.5273152177877143,1.3699537291701946,0.805143220511352,0.4174623820474632,0.23907006282237747,0.16281826432898133,0.12694398674151597,0.10662234765974093,0.09259987494380048,0.08127480034559922,0.07116346103726298,0.06166826515234828,0.052599902484451934,0.04396353962749775,0.03585022772078133,0.028375273491270125,0.02163893798815532,0.01569792172433734,0.010544117803653478,0.006105594730869563,0.0023669376297945264,8.036168114852295e-05,0.0041220000886688715,0.03733591236378794,0.1859509714255222,0.635020835474259,1.1976537718132017,1.2961682352709916,1.178350864084857,1.0830341869689768,1.0297446612050285,1.0003591930447688,0.9819764497965874,0.9681030419171825,0.9557780128018577,0.9437205422095742,0.9314125067194744,0.9186775439812572,0.9054953596324347,0.8919253357315445,0.8780841495024165,0.8641572761520872,0.8504466700849983,0.8374916424894685,0.8264147314065498,0.8200683390633655,0.8268846688930875,0.8718732006802998,1.0168368055401584,1.3525727870431066,1.796249385714199,1.8289110365124321,1.3809718748762694,0.9588746120917552,0.6989554813231696,0.5282986879949446,0.3879465550596526,0.26666334868299646,0.19123382744679215,0.19157229682276436,0.2423720073105056,0.20706938768818703,
0.9060757153771967,,,,,,,,,,0.0004029899310680572,0.040171651637784134,0.11010192020095264,0.23337339864803336,0.34364044237416347,0.41935941296454216,0.4786995737067499,0.5270894618732467,0.5604789505551253,0.5751504421887054,0.5699237624325131,0.5461145817933802,0.507423366982551,0.4595809416222483,0.40947122357750015,0.3638611874658186,0.32817937101496236,0.30577860236643445,0.29783656059398,0.30372699074707404,0.32153157971381363,0.34835825628261924,0.38016063591257054,0.41079554207174546,0.43074299207054006,0.42913632241694316,0.4061934402884018,0.38778996084191614,0.39635680303935206,0.375537115712049,0.2995959630625489,0.2315788771029599,0.1935941456802316,0.17703426245424894,0.17160250467311866,0.171102231975643,0.17243724889278247,0.17416651829803004,0.175639287542994,0.17657177292860052,0.17685405316102404,0.17646203834165533,0.17541233722091015,0.17372935661486774,0.17140624517449274,0.16834186707152227,0.1642280530531816,0.15835033247016805,0.14928305410024295,0.13466041330056824,0.11218169151144565,0.08659248389487209,0.0976762904469578,0.27504012702471503,0.6437241774118863,0.8578277806944263,0.9008321574982566,0.8929002501610301,0.870439295632125,0.8417869078157351,0.8099293012119227,0.7763557921154963,0.7419245851128201,0.7072170647759989,0.6726973758363075,0.6387698132584338,0.6057781594383966,0.573959923860592,0.5433423432170675,0.5135372195645154,0.48335144274042247,0.45009446695770194,0.4085505452449323,0.35025122242244916,0.2659814231514045,0.1581614786632103,0.06600127526991047,0.0823974480510324,0.2910180244011476,0.5370984196065411,0.5825174505507189,0.5115947106850257,0.4269645016232404,0.34464065044219133,0.26531780620470313,0.19861256062514995,0.16635911397633335,0.20479165950531597,0.3322657318146845,0.37437281109387455,
0.908156256629498,,,,,,,,,,0.0026062101338743637,0.10743578068712936,0.17904034531138532,0.23643896199177605,0.3258496432625565,0.4517609643940935,0.6071448661036456,0.777420856860303,0.9472364972370326,1.106705585769172,1.2490702739067459,1.3685536924274964,1.4606502783357538,1.5233924339709937,1.5582577204155044,1.5700518420305474,1.5657660869820778,1.5529009633755004,1.5378310608584187,1.5244341909046273,1.512617179835272,1.495758822702745,1.4560399596795564,1.3601246895709111,1.1706356887964633,0.891806837470664,0.59651502623387,0.37642775185376914,0.32125881461634104,0.4283306479162272,0.5343391936102776,0.6002652723137419,0.6592703270895864,0.719012392291572,0.7761620742496552,0.8281974734128271,0.8741560276503881,0.9135932394329496,0.9461016660074569,0.9712537125141673,0.988682569397875,0.99816847476897,0.9996809164445207,0.9933537649000916,0.9793675911827553,0.9576881792622285,0.9275566272962397,0.8865450215647245,0.8289617173690942,0.743811642173169,0.6144073306993789,0.4250279057914508,0.18307653471097884,0.0032064008028026805,0.15740788981712342,0.4893999974533605,0.70212046637527,0.7933706816029468,0.8091639068669848,0.7834988241108698,0.7371457327372022,0.6811610368543096,0.6210927953933079,0.5598041468865361,0.4989420557515331,0.4396097370277701,0.38264308570724886,0.3286982687371145,0.27824411503533497,0.23149960595249808,0.18834499700807422,0.1482806270560233,0.11070486655954756,0.07641374280463235,0.05284405586279529,0.06828071661088073,0.20023203528862346,0.599285689799356,1.334882476293126,1.8776984884236039,1.7131924752293315,1.2538275577893019,0.8662014200148009,0.6080645019108027,0.43978278979961605,0.32870439851727873,0.28168429817535395,0.3480710163896711,0.5604387458906664,0.6414224901380084,
0.9102367978817992,,,,,,,,,,0.04127227457997099,1.099748747303442,1.5149294381011957,1.0746443667801004,0.6153135451005901,0.4313132926373223,0.4100175816440593,0.47449150251244127,0.594638615369633,0.7572846472814406,0.9537981989430211,1.175380670473953,1.41138255880875,1.6495305742050612,1.8775406864360753,2.085308650623701,2.2666846369115854,2.420152020163762,2.548389223044919,2.6572478478461488,2.7548522631557577,2.8513916703653126,2.9600432686489775,3.100159109078047,3.308592991967099,3.678653833345978,4.434928991992699,5.84224700751165,7.255698039170517,6.6679243476885395,4.702397095560595,3.272743270348449,2.5787408927484745,2.308285041039103,2.2452469978736893,2.278330694207152,2.3517638323684023,2.4367809229320265,2.517896320795265,2.586408360623261,2.637321221702639,2.6678779107671717,2.6768197061828123,2.663915085715336,2.6294911403799186,2.5737519395086066,2.4956152657948305,2.3906923093010914,2.2481895159755156,2.0482537912187646,1.767204822936143,1.4020490263777017,0.9972735019322136,0.6628430463379833,0.6230716030651179,0.8302888355565572,1.012584440324879,1.099258531062874,1.1071847472907146,1.0668930788758586,1.0013983344349224,0.9237597606006712,0.8406742790919658,0.7556412686085536,0.67070770633514,0.5872777367953289,0.5064450233684934,0.42909669470934014,0.3559016749908733,0.2872299113133097,0.2230314009290637,0.16275201302651426,0.10558559700656697,0.052074213418532043,0.009811413504742324,0.008381460755637766,0.12601094220458017,0.49890535664728014,1.1338575555710488,1.463931698019188,1.1462381028981843,0.7110519101192316,0.445593042905094,0.310730487435077,0.23265440248199143,0.17969756247406188,0.1559668046430709,0.1877337099761005,0.2881231516267517,0.3193492083731666,
0.9123173391341004,,,,,,,,,,0.02052329282395975,0.43741145538311976,0.6242916089380834,0.40928058432019726,0.17806984964127126,0.07854800611380584,0.04610982151752025,0.03982721064189652,0.04698892389206345,0.0647702360823883,0.09309830624764141,0.13241264948806852,0.1828075280713194,0.2436156070964435,0.31332004594845614,0.38979120157309344,0.47074804545229354,0.5542691740614486,0.6392213111612137,0.7256240893411426,0.8151770921020488,0.9124506820195448,1.0277270405110028,1.183445893893619,1.4277826043880648,1.8585800259224006,2.640522183463691,3.8852060478080217,5.050623895474894,4.8553454187434575,3.7723839791104528,3.0074559512048795,2.692748476981013,2.6402289327731734,2.715943391869647,2.8500049192264085,3.0067764935653236,3.166909827933672,3.318859945621771,3.4550755999851974,3.5703349161296485,3.6610551514020218,3.725023677581843,3.7612803270580515,3.770023713649665,3.752497181612971,3.7108738630328197,3.6482481743299267,3.569067983256589,3.48108969415136,3.4021491864244986,3.377623643573954,3.489790660591645,3.6797269254055185,3.4055954057553235,2.7650152625896367,2.3387575553588453,2.1138798482446797,1.9752877384757734,1.8678732213523137,1.7705117239763601,1.6753226557394443,1.5795457243324627,1.482534656891323,1.384576013420847,1.2863896976553777,1.188900092736366,1.093115843044579,1.0000462619741828,0.9106126931393299,0.8255158257178311,0.7450117575714881,0.6685765726669677,0.5946862114354413,0.5219234542227652,0.4547650410472047,0.41729006467403984,0.46281612070783384,0.6183816502614824,0.7360402458311535,0.6843283362967232,0.5759387800832925,0.4874129232758944,0.41508039726618856,0.34575967818834696,0.2827127730838914,0.2525936166829011,0.30239517493333296,0.4530551738532348,0.49781509302029253,
0.9143978803864017,,,,,,,,,,0.004426677888914805,0.047307015319874184,0.03499480251547681,0.022363975420663453,0.042903149332319396,0.06661334004472268,0.08410324315852315,0.097230242887947,0.10684561157856648,0.11314178286746697,0.11657283037361031,0.118116346843515,0.1193272329626894,0.12223271975974515,0.12904263882382455,0.14174692667424355,0.16175209365181265,0.18968806164022234,0.22541106466680244,0.26811118458818894,0.3163524079543379,0.36779968315260614,0.41825688423092117,0.4595984066835765,0.47744207145542056,0.4543941495591894,0.385981364489033,0.2953471253084654,0.24053140462016714,0.3099241918497121,0.517656786684127,0.8169300287183568,1.164196252015148,1.5077743312753955,1.8127514700384666,2.073923494249056,2.3008377024226583,2.503592847337102,2.6882225716764814,2.856999390532849,3.0098494279997667,3.1455955571149046,3.262839381458873,3.3605803190864076,3.4387325825639383,3.4987691463518598,3.5449058809925016,3.5866773073297615,3.644724921131874,3.763629372525758,4.038977752850238,4.664378989847351,5.9278739396474665,7.56911863255165,7.433899611232291,5.538877604174127,4.147741503187057,3.460890893874312,3.1327178083170475,2.9597024645374357,2.850010782262211,2.7639526798708993,2.684616516041159,2.605000555915921,2.522456096330457,2.436296611875975,2.3467874814449874,2.254758379363199,2.1615361521450196,2.069117863682978,1.980647078127039,1.9014090366267522,1.8408008155775715,1.8161725067417909,1.860218627129004,2.0343285834393368,2.44453363196126,3.199528716912732,4.051769182217612,4.034535587806186,3.0644958117032037,2.108065254662449,1.4871615525671067,1.108115708987799,0.8582496915465194,0.6877463172172924,0.6209733927546549,0.7512729964306775,1.1367851888270764,1.290999316986551,
0.916478421638703,,,,,,,,,,0.026750284278271374,0.43283467846263646,0.8188413053981964,0.8929433065948119,0.767959056276483,0.6777734512531345,0.6652294028022966,0.7057056870353177,0.7733208083969789,0.8510507266995135,0.9283556740556411,0.9984373611276576,1.0568927945573034,1.1013142315200624,1.1312122742251949,1.147832236161889,1.1537018048304712,1.1519949938601584,1.145920418030064,1.138312195948455,1.1314901265401576,1.1273555938692241,1.127661929077877,1.1345295252133076,1.151608732711865,1.1854101024759065,1.2393249988539654,1.2730066484613491,1.115203076413969,0.6831793322181449,0.3539772342690859,0.31006210604664447,0.44123021750544106,0.63343010964976,0.8255161569727021,0.998306144488021,1.1529298422717509,1.2952927348247663,1.430020258936366,1.5594395291695553,1.6841043170331815,1.8035121059668162,1.9166865197233978,2.022619772902579,2.120655121992565,2.2109414363561535,2.2952005440602745,2.3782993286036835,2.4716677738549624,2.6007335170160295,2.8204734382141923,3.242817147974246,4.038856064438641,5.093857391072698,5.254150103453195,4.472884252278134,3.9318926240246896,3.7233858068214367,3.657090893760153,3.635669007184999,3.624285752664829,3.6113841675333695,3.593056712324129,3.567887541261032,3.5352768534196115,3.4948594753521194,3.446248040896727,3.3888207759030764,3.3214045208794105,3.2417135712474616,3.1453890709346277,3.024593833174597,2.866839922674478,2.657277855301949,2.3929385904732734,2.117666948916625,1.9569195343141736,2.071424260833548,2.3874005332820785,2.316318242045378,1.71917336212248,1.1506125588972347,0.8029526106710362,0.6042880160688365,0.4776463000365204,0.3913740947596609,0.3588815634079839,0.4313661321214844,0.6393108402813167,0.7206166311403747,
0.9185589628910042,,,,,,,,,,0.4357687642428596,6.034559881573013,9.941542802784932,8.562437324053038,5.78374611219632,4.324760767474753,3.909817431894908,4.022419939134079,4.372161526302365,4.80212308267245,5.21794081470977,5.556484816407055,5.774757715598378,5.84802850080807,5.770544194717664,5.554587460747801,5.22623472919732,4.818683420840847,4.365345872880805,3.894655316899531,3.427493404507199,2.977659588311006,2.557067457208638,2.1900049335924483,1.9363266613221572,1.9002067187044098,2.1909646544799806,2.758780964979891,2.9560043805618443,2.0488756470536407,0.9451788734681943,0.38666358459326206,0.20411002234547038,0.1770925764819583,0.20417843670003635,0.24941728198420388,0.30206074176998127,0.3593637632804813,0.4206750431704299,0.4856748796724454,0.553920347324125,0.6247740576667397,0.6974408577003476,0.7710289913462246,0.844603370802915,0.9172037617772909,0.9877782098559862,1.0549161517410552,1.116118867015228,1.1661416768187431,1.194275009307159,1.183594557817445,1.1231605648045644,1.0672661863057724,1.25349128716779,1.7770268569990326,2.412625867001127,2.978215813241368,3.3810628152944515,3.627835049368087,3.7698545091745754,3.8520890465753586,3.9014882709419116,3.931720979214024,3.94896617669791,3.955469014097039,3.9512275443626597,3.934453497159668,3.901070846313808,3.8431197362646956,3.745651606000248,3.5819409817933345,3.3091480431428755,2.8740518015179073,2.248314646449769,1.4915836487855094,0.7632955015250443,0.2329485828390078,0.016340543528311043,0.08376729308327788,0.1820800823714796,0.1984873231447427,0.17790089608117735,0.15196339591619729,0.12795328171804554,0.10849450529560065,0.10122774205593152,0.12105102987407323,0.17616359047596294,0.1976051971751282,
0.9206395041433055,,,,,,,,,,0.20547748079329367,2.819452322227088,5.459049514421422,5.700842073776603,4.584973666091359,3.8351221106809756,3.6346393803840447,3.7624551639718935,4.033324185064038,4.329255315082217,4.575696723720647,4.724855643744789,4.749162080846793,4.639888213632315,4.406239417790428,4.072123414279388,3.670250131253541,3.235196805334015,2.7976326912344875,2.381080806593287,2.001337133734259,1.6678570360169678,1.386298986597973,1.1617129697221251,1.0020436788876337,0.9204089010937703,0.9270251983596342,0.9768630631323224,0.8667962770549543,0.4754750318744587,0.14630886719938718,0.031861002578808834,0.026587108906569908,0.051154823889627256,0.07842398456335949,0.10401786660990665,0.1294928601814972,0.15675920761464707,0.18701886235776577,0.22084386310231421,0.2583789316286608,0.299480334576593,0.3437923903413322,0.39077804299712005,0.4396963784569966,0.4894779299206779,0.5383692126596805,0.5830602460069715,0.6167545677974102,0.6256005661443025,0.5847658647392401,0.46204929762949865,0.24473929404868908,0.05176262534517828,0.3124840357019717,1.0604427443290887,1.871514853122548,2.5601788273082327,3.051076971573422,3.3553394812580604,3.5321600270318196,3.6356334075849137,3.699319199279684,3.7407670214007136,3.7683022348381336,3.785496358081048,3.793540488945399,3.792355028625846,3.7809782173112785,3.757470362286169,3.7183862170415614,3.657900539231274,3.56738520946135,3.4389726215408616,3.282756820017227,3.168929171717597,3.270031349069064,3.7675230796066823,4.322589802332754,3.7331852906941556,2.1431652650593227,0.9273965610322785,0.35672826314529377,0.13962374537257102,0.061362113109501085,0.03216643764512241,0.021631937189299875,0.02069494380055201,0.02584433475255385,0.02648560044584583,
0.9227200453956068,,,,,,,,,,0.012938775649574633,0.08627631764080396,0.06625335600569458,0.05489619232451035,0.13753489307477593,0.25945509467535166,0.3833512533912498,0.49485797512144813,0.5882197584063932,0.662600447753736,0.717601129407087,0.751762270814271,0.7634059116505698,0.7519712657805113,0.7189148999256836,0.6678415519187242,0.6039099041789286,0.5328376520124993,0.45991558381771025,0.38930819877907075,0.32369341065929796,0.2641456677669712,0.21029715535696314,0.1616704766920162,0.12297971747267177,0.11613794298935491,0.19561096828095462,0.44534491795538167,0.8325169913404882,1.0001609741415747,0.859166088890993,0.6911941505042773,0.5960341671334989,0.5577339675856045,0.5521718348234312,0.5645171565286413,0.5867696404111518,0.6146791011343767,0.6459329523038043,0.6792016899994763,0.7136513643719957,0.7487006840215336,0.783905102636685,0.8189060065282244,0.8534119278750361,0.8871927836828155,0.9200739279566145,0.951925776836229,0.9827247175836216,1.0132704878435215,1.0493908304566593,1.1178823082060163,1.2974291758005487,1.6777623195005842,2.0623091093115393,2.2511773257682046,2.4433872056498465,2.6590059937756143,2.831106467251184,2.9420642187584014,3.006246019434255,3.0409143947571136,3.05752301129078,3.0623097824785974,3.0583647440550354,3.0471480663522783,3.0293872394416974,3.005610729377566,2.976542313433826,2.94353541820338,2.909239828059084,2.878786072011482,2.861982693812967,2.877410024740129,2.95979072705553,3.170936607757746,3.599362716876086,4.2489971950454795,4.580085781120997,3.562945812087398,1.8338017386285066,0.7064241392329191,0.23097185198529754,0.06910157110566548,0.019889788872457348,0.005813533784059272,0.0019128335479467859,0.0008193898120759382,0.00044664341182639204,0.00021372059696397373,
0.924800586647908,,,,,,,,,,0.03669776568434885,0.3907704243798831,0.5655188445238297,0.3446772157089894,0.1217774338220084,0.03115529354744825,0.0047391407838067905,0.0008687893747110463,0.0028433769448517397,0.0040406695471455565,0.0033672492722564714,0.0017980294180796805,0.0004747571995458897,0.00022753472911789087,0.001527860842014837,0.004482955614951533,0.008829017805890677,0.01392247992921043,0.018695367055217467,0.021573699096254617,0.02061074756257638,0.014651651913465723,0.006394986093657024,0.006167031597559659,0.035673220511230466,0.14254045108035576,0.4466057171400532,1.1741189348111003,2.2536580926499292,2.60149637950473,1.993963099466637,1.4148958263679565,1.1606168299827186,1.1111629909980396,1.144890928373178,1.2034422352689989,1.2667491719977,1.329140297532643,1.388898713135684,1.445122087329241,1.4970455086354242,1.5439963399832057,1.5854766329686563,1.6212743738354038,1.651625267540422,1.6775209713032204,1.7013847345404924,1.7286112745271773,1.7711029810853727,1.8554208253513655,2.041422109438463,2.4603489777432843,3.3389774789790727,4.611789322301438,4.875896704222859,3.839682053425048,2.972844025290996,2.5337485584774746,2.328099690143413,2.2250554803937166,2.164002468931806,2.1186134533632828,2.077586583011617,2.036117800700726,1.9922180938738276,1.9451060141999912,1.8944723083054993,1.8400801366536836,1.7814302682685323,1.7173040054677322,1.6449928984576152,1.5590240911532238,1.4494573287184371,1.3011359088341556,1.0987042827114617,0.8447013403322766,0.5843723941198208,0.4013001175308642,0.3503454643117258,0.34682576497191636,0.28254917851378497,0.20880689840501418,0.16323481939517168,0.12936446861993822,0.09364568959981283,0.05996779804870038,0.03694260740432574,0.02585870705669947,0.02105215737821366,0.014352969433790457,
0.9268811279002093,,,,,,,,,,0.10579730699966845,0.9516063212171965,1.3623529630960223,0.984289811960034,0.5503681679284286,0.3542743208694305,0.2989956221949659,0.30787289586701794,0.3476038023340183,0.40256566302620295,0.4634273662846629,0.5229789915611155,0.5749163344483955,0.6139628816217726,0.6364809266178065,0.6409939064218543,0.6282603244999407,0.6008326559605655,0.5622951351552832,0.5164711271915058,0.4668238608331044,0.4161568043489336,0.3666896994977973,0.32078859230459855,0.28324034196045095,0.2671304649897504,0.3070395854171066,0.4725888437834378,0.7782827260696381,0.9596959219988983,0.904483412395197,0.8759385187358953,0.9814272865910988,1.1656374099840583,1.357786874834966,1.5265781029746608,1.6700409460511805,1.7946330891882996,1.905698807618747,2.005857940021732,2.095781629566194,2.1751544512883836,2.2433675933899266,2.2999804250683544,2.3450814671356293,2.3797235109027888,2.406729020221442,2.4324760813539745,2.4710110506046945,2.5534398630492876,2.748253227512123,3.1958729347203505,4.093525745232632,5.187987073951628,4.928174428651248,3.4596173554876777,2.3987161895620006,1.8660308320028351,1.6022495197990192,1.4567404366534693,1.3615738578870182,1.2870741065567863,1.2203487588192894,1.155912611746408,1.091572272023809,1.0265780469587682,0.9607519140124938,0.8940127942644299,0.8260184539117763,0.7557661878407216,0.6810615901464215,0.5979058262840626,0.5003629732168461,0.38298398687322066,0.25078889353991884,0.14296115987135366,0.1669236248434733,0.5113107430852273,1.272936008712592,1.922062821883986,1.86677621090609,1.478553020907225,1.1441498039930023,0.9184024955112088,0.757754668066767,0.6363317871816889,0.5703754096848739,0.6026809322916371,0.728763602128249,0.7107572973815462,
0.9289616691525105,,,,,,,,,,0.051456494233516996,0.6185498427689381,1.2350286261279848,1.297935557059059,1.1413156976698156,1.1391798540787355,1.3009091686378742,1.554594018222371,1.8373169987542675,2.1080477679714615,2.340467563700345,2.5152179229912464,2.618005752427099,2.6412575283873623,2.5859972072783712,2.461919476596756,2.285203202313172,2.074913093365523,1.8493768564543773,1.6236112653654171,1.4081457939648652,1.2089971089378637,1.0283346917327,0.865506474912401,0.7183488921682735,0.5845244420170872,0.4613784823009329,0.34501311176197574,0.25003504237119567,0.2500874415206654,0.3853172958575601,0.6078320990400371,0.8672598074433586,1.1241781755874227,1.3567993222913244,1.5628541735394919,1.7488522824144774,1.9212637019314085,2.0836812373032623,2.237017741343335,2.380432925512677,2.5121744768159484,2.6301742969847415,2.7324069329676917,2.8170183036778167,2.8821851974763093,2.925595953505011,2.9433884239448633,2.928587180138413,2.8704954945182024,2.7605595784210535,2.609283988300601,2.4336162728441817,2.1234357177613847,1.5632727662646493,1.169415694646005,1.0627482493615499,1.0487417683618008,1.0338428590564963,1.0016150492066798,0.9560323742547567,0.9022777832896202,0.8436258818210821,0.7819436825387812,0.718383001833639,0.6537747324895091,0.5888003559416645,0.5240386156026444,0.4599412450664477,0.3967654630702323,0.3344995635055419,0.27290434486786785,0.21209970773419348,0.15499768624462787,0.11473574431906813,0.13204765927978215,0.30248514719621267,0.775959592482256,1.5369761252613912,1.9522176197759609,1.6184041606254196,1.0768272536624377,0.6714654400497788,0.41133420944904725,0.25011621794128125,0.1571088173873655,0.11263598756740933,0.10419672079941865,0.11998900826470393,0.11865427975349999,
0.9310422104048117,,,,,,,,,,0.02202249566970293,0.14008388124105645,0.2435196537999035,0.3725443729695782,0.5580963421918441,0.7988996044359709,1.0802810694969822,1.3589967539784724,1.5948865800782654,1.7719012672772463,1.8874193917130044,1.9418467888991386,1.9368454892231948,1.8769274943247818,1.7706339680365852,1.6301184245975642,1.4693774700538076,1.3020229792201556,1.1395123848984605,0.9903513161197453,0.8603229662095644,0.7535755799707458,0.6745033121194876,0.6307837716566551,0.638757780029051,0.7332021712318775,0.9782165403746135,1.4285410382719155,1.885678066329967,1.8371976902689662,1.4253243237744917,1.125940806434,1.016320699103811,1.0293851062222787,1.1113522551903618,1.2327173987920417,1.3778862270210763,1.537908915363178,1.7067887838478812,1.879767790982198,2.0525892097950704,2.2212312076251712,2.381845418198083,2.5307293559262085,2.6641715368752066,2.777941641324968,2.866028875133572,2.9179557518399513,2.91391788264262,2.8187407689627917,2.582744937319404,2.162230292801017,1.5298901249809653,0.684023674055168,0.04941764528553811,0.10216394055795872,0.4287711039219066,0.7023983098285184,0.8596440356977897,0.9251761185372319,0.9357818982120706,0.9170729047728973,0.8831090737922364,0.8409351979259239,0.7940477281709784,0.7443031697171759,0.6928555330091313,0.6406010756671296,0.5883978364079535,0.5371978647018153,0.4881696581193399,0.4428739012234547,0.40359111051387303,0.37404918239965806,0.36123927928457106,0.3798526845369705,0.46025945029549664,0.6464569990269706,0.912459397943215,1.015734054096673,0.8342070808746173,0.5888892480470371,0.4128120256288786,0.305394370563988,0.2398782838119375,0.20039307258821384,0.1866445725688931,0.21085724273942652,0.2781357862393885,0.30400611001479483,
0.933122751657113,,,,,,,,,,0.45474258860370526,2.5241170974063785,3.1628914999063578,2.2478072447086994,1.296893285243831,0.8359162955430491,0.6578776970475089,0.5963669057716401,0.5757538056151975,0.5625728962097123,0.5417832057028259,0.5075541718145993,0.4594735080420637,0.40061299542355805,0.33608479423519133,0.2716744775871019,0.21262541318426229,0.1628062205898968,0.12439646293834701,0.09803972262724503,0.08329830112270217,0.07926248367144535,0.08530771340519788,0.1022802536766103,0.13503066100547362,0.1984965327512925,0.32866669769236945,0.5729612503618664,0.8525339253080564,0.8723293283569009,0.6677439614118647,0.5052261194961202,0.4428709675454545,0.45200809533692077,0.5074741434829994,0.5948651295159723,0.7058068421686219,0.8348377427873451,0.9778285650747165,1.131181374357678,1.291441186895545,1.4551474751907987,1.6188266125793767,1.779054511384719,1.9325268717264406,2.076066849717568,2.20647003036214,2.3200251658831332,2.4114883259703315,2.472484066278023,2.490464814429349,2.449618762841497,2.314900733033545,1.9591776184188867,1.3725347437029887,1.022374876975857,0.967013410169863,1.000084305203397,1.0321937180746663,1.0471912553006124,1.0484042255999455,1.0407242071539098,1.0272811836521087,1.009730196970771,0.9889041038180264,0.9652502226514564,0.9390727959558973,0.9106708046896648,0.8804402176566526,0.8489981622588042,0.817403745164806,0.7876173004922576,0.7635144997533968,0.7531938937543604,0.7742030884820864,0.8643230308026632,1.0967600012881211,1.5620080114569597,2.1504586526349807,2.253808968837214,1.6775514598840306,1.0406995406606423,0.6457814957219415,0.44317469986797753,0.3384987952074843,0.2815146011857891,0.261875873604042,0.2927409453768242,0.37901041330157165,0.4098431335742366,
0.9352032929094143,,,,,,,,,,0.11645752652784384,0.843893418480371,1.437699951289112,1.2973658457675066,0.8721537593612836,0.611469736275959,0.5016076627850506,0.4635624835911504,0.4515553968039645,0.4431739784120594,0.42805333875911256,0.40244853315718787,0.3666903924492484,0.32370666612544446,0.27781979566181797,0.23361694967226676,0.1950024793785157,0.1646125895277481,0.14366104043233252,0.132129978184058,0.12913655715073202,0.133316919147761,0.14312500960574254,0.15697649524497287,0.17312900308895984,0.1891702130362875,0.20140835719849262,0.20436317787281083,0.1881696570901808,0.1497751158395993,0.11668347823939315,0.11010725291900887,0.13008955710161854,0.17171224287522524,0.23088479593096561,0.30509666697996074,0.39292444714865765,0.49332863260187493,0.605167876905173,0.7269615438454773,0.8568233415616819,0.9925040476961401,1.1315100549691965,1.2712876379997775,1.4094913151765656,1.5444099270896192,1.6757446777037255,1.8061961889885336,1.9448670510590766,2.1144961389391153,2.3655040131583016,2.7940304745842233,3.501492077942182,4.1814528237325455,3.7081496070537026,2.4658608313473844,1.6544424442612415,1.2800703589945754,1.1196425361628246,1.0534268294946807,1.028588848671717,1.0218322603522276,1.022601414721986,1.0259562791716401,1.029457206219047,1.0317455649567429,1.0318475994892573,1.028756023630856,1.0210494473388756,1.0063778577470446,0.9806654193328194,0.936990091651606,0.864644524944452,0.7506292035987919,0.5890582890420012,0.40365460615856563,0.27267540985413175,0.3205040521334324,0.5974866535393744,0.8194481479530284,0.7077981432774215,0.4772887333733738,0.31677097021685063,0.23180950047082044,0.1858103618287902,0.15837555317718754,0.1476258289134436,0.16185397225374487,0.20265667715622362,0.21280082628514244,
0.9372838341617156,,,,,,,,,,0.004448308504103435,0.014882755362163443,0.05515640618894851,0.16536168401451443,0.29032418957558365,0.3956013075826232,0.4922033894751762,0.5882102335324618,0.6820598850914816,0.7690747170134139,0.8443791242590765,0.9036380886774648,0.9436242139068344,0.9628595352445459,0.9620185682614558,0.9438327595261424,0.9124907152684858,0.8727713289872348,0.8292346038414474,0.7857106870970554,0.745171127283477,0.7099465442005375,0.6821992833631556,0.6644802291032184,0.6598395132040124,0.6697397634482383,0.6845683868734718,0.6558480451821076,0.4826814128942249,0.20858306976251823,0.0834898126046454,0.1409683892139585,0.27833452579077333,0.4249231884415157,0.5532726681278818,0.6619770818502367,0.7586640865186237,0.8507195175314467,0.9427612600020338,1.0368730084860276,1.133382034907169,1.2315238511888589,1.3299229040424407,1.4269548734832478,1.521074495160064,1.611216129471938,1.697458526397293,1.7823564955712003,1.8737949009856458,1.991027508778665,2.176155374963428,2.507539128683362,3.0593934391573074,3.550241381510198,3.0619837882211165,1.9920467444704852,1.32086032258603,1.0206385870860188,0.8978310109903062,0.8529275391987828,0.8428893707387808,0.8488634475304744,0.8622800682856214,0.8790868103568287,0.8972475411150691,0.9156051559778333,0.9333318080086062,0.94961912937596,0.9634283954717452,0.9731793500491401,0.9762755967495491,0.9684312810575908,0.9431252570555678,0.8927962749820766,0.8163175058672971,0.7392636994507826,0.7430769941966888,0.9644184806084766,1.4404155097650535,1.771686283621808,1.5985318453542983,1.2176561898340474,0.8995925717755476,0.6839487865421544,0.5430326209445396,0.45596385165804487,0.42385061454911804,0.4674953353553182,0.5923667681439836,0.6390398362581571,
0.9393643754140169,,,,,,,,,,0.10366654677239179,0.6456173857040468,1.1053985634332333,1.075475689838119,0.8101171297450898,0.643957739972826,0.5996135648494467,0.6298438089113041,0.7008705707870838,0.7922240568978325,0.8902107728591251,0.9844496689588986,1.066641579687561,1.1305426296695493,1.172378621920631,1.1911121720134188,1.1882296929011071,1.167039727388283,1.1317178825995102,1.086387544418145,1.03441910457655,0.9779798059264059,0.9177774930927782,0.8529792663725861,0.7814369153409406,0.7000319192069118,0.602198249894196,0.468695051614608,0.28876480006696326,0.17540420305933377,0.2648879853903896,0.5073612364713502,0.8022995501443019,1.0717724559457442,1.2774655817795335,1.42146210603665,1.5228983192761525,1.5994875370142625,1.662430212156004,1.7175135147449427,1.7671820045391542,1.8120655219958721,1.8518898727101423,1.8859661584055831,1.9134108097122335,1.9331647311568152,1.9438069460186473,1.9430946956823176,1.9271215915690263,1.8890379132250759,1.8173522238925575,1.6918036536058778,1.464221866773874,1.04296464395046,0.5505696648108999,0.357667670715858,0.3786467116403391,0.4386236255462979,0.4881827448256099,0.5245053150698855,0.5527846135934297,0.577279082146134,0.6004300013906527,0.6234493686254093,0.6468710214750566,0.6708883026255096,0.6955524007430102,0.7209163841872371,0.7471960567328216,0.7750253534105851,0.8059248341722738,0.8431977368657376,0.8936651018021154,0.9710413768382437,1.1024496802915742,1.3401416463793303,1.7750637834511382,2.500576093747657,3.3183936605253046,3.409513933667525,2.5756698047762967,1.6506969160047433,1.0323211060180866,0.6769006028381198,0.4781771053354872,0.369260436318059,0.3234206415998358,0.33976450704169464,0.4122488579953844,0.43173567032238513,
0.941444916666318,,,,,,,,,,0.27839427606580436,1.2946554019784153,1.6363778190426799,1.1811620694812635,0.6987509811144925,0.48153894205314596,0.43079912537843906,0.45871176893968774,0.5195765660798234,0.5900711036573358,0.6583376192934661,0.7175305539580263,0.7630689269934852,0.7920987012395294,0.803645916659584,0.7986560919482849,0.7796501185653422,0.7500635679284504,0.7134977550968334,0.6731051802517707,0.6312360230068734,0.5894035433755503,0.5486989880206569,0.5111407224293075,0.4832962425399669,0.4850514546324454,0.5675457406155274,0.8290576770872438,1.3145529388865664,1.7493506729843897,1.9079170130587266,1.953316628935853,1.9932687046705808,2.029251588417882,2.0539157495833433,2.0692485479639595,2.0789111999456003,2.0847352705522275,2.086983734650192,2.0852056803629386,2.0787830054364935,2.0671854557847475,2.0500663983469183,2.0272804769952213,1.9988579045916337,1.9649459109459215,1.9257172570174443,1.8812416815784492,1.8313046839014502,1.7750315439713513,1.7092245575251943,1.6191107731077223,1.4385948788107952,0.9953136613177033,0.3532138945275111,0.04300645454970626,0.03805126975999104,0.10354273048041268,0.15979587035983345,0.19804166317329472,0.22442708990719695,0.24497394273865447,0.2634000832083133,0.2816881020173426,0.3008043527682368,0.3211525345148954,0.3428070218974755,0.3656060088061685,0.3891452148308971,0.41266915879279487,0.43481448607302764,0.45312904307789137,0.46335290670905493,0.45890579498315703,0.4325124999537645,0.3841577887992827,0.33687730971578106,0.34413053975245134,0.4404248825840935,0.5223322880432186,0.46866500138522754,0.35114911981294544,0.2501112014957059,0.18028872534949394,0.13499720968954323,0.10773423198198452,0.09622510788701923,0.10216589642197307,0.12471188216269942,0.13245633840229848,
0.9435254579186193,,,,,,,,,,0.021819746576203187,0.09833653134703807,0.16054039676966578,0.19204522249163797,0.19565754936167956,0.19369158917449408,0.1962670892226001,0.20127315104206286,0.20384458102160133,0.20062830227547993,0.19020472520135231,0.1726847368107376,0.14937945206676326,0.12248777973233253,0.094683415580367,0.06862219358623788,0.0464930444620206,0.029739334408431385,0.019002904286138454,0.01425829350130582,0.015068662448467518,0.02092766735140963,0.031755409240031514,0.04883308558990997,0.07692688073560931,0.1291379274788367,0.2353070439165825,0.4409996212281281,0.7405615309875426,0.9955560707881803,1.1699263131013244,1.3644555238459426,1.5791356778321637,1.755013698281512,1.86373152284883,1.9150699578286527,1.9294109552784628,1.9222462575016617,1.9023797410839194,1.8742229616503046,1.8399104641945385,1.8005569478969827,1.7569011787481572,1.7096174975419358,1.6594764137283187,1.6074699579439413,1.555000954943178,1.5042625655251773,1.458986147167573,1.4256687696444825,1.4144156228885107,1.4332379478141468,1.450053350721591,1.2881792866143749,0.7858005404589942,0.33154973574461555,0.12885228905961507,0.05475896184896637,0.02689388353841686,0.015854224008423356,0.011949761713567347,0.011941415160134297,0.014752487119604826,0.020052893331293526,0.02775917215596839,0.03784201474857417,0.050239357214705,0.06479961686702533,0.08122069187502962,0.0989678954053815,0.11718959391870126,0.13479867386571945,0.15143422810684917,0.1715950754229414,0.2172445249146386,0.35513376335924923,0.7306621866433298,1.5335969009663513,2.6137590415917655,2.9269298066245204,2.062746631830826,1.073564134926828,0.4932560147726057,0.22644259927744,0.11134653758998522,0.06102186096456715,0.039267502601336414,0.031669443838061896,0.031181300993491177,0.02856654431264116,
0.9456059991709206,,,,,,,,,,0.0572456719247973,0.35018020702596664,0.776310144096183,1.1234816697857277,1.2719405932414916,1.3547504420811136,1.4634552778953356,1.606636340033581,1.7624499548030474,1.9065134051354988,2.018939405775874,2.085128101229688,2.0962553753000517,2.050046536810395,1.9509881865865097,1.809318391080558,1.6388459203782169,1.454277070667128,1.2689011556214222,1.093201797421622,0.9345135344835238,0.7975269033031213,0.6853557644081179,0.6009035435440424,0.5480561996927915,0.5308399660587974,0.5437423871929352,0.5396589640576653,0.4152253996622818,0.21492517830877234,0.19041131277766726,0.3802647457531653,0.6682749892001241,0.9418335484129805,1.1358000404663913,1.2426502880463943,1.285103885960863,1.2880948932537972,1.268893167830265,1.237544393071552,1.1995114900779604,1.1577602243498522,1.1140012690262513,1.0693598227435475,1.0247383325130686,0.9810580108110017,0.9395252516778034,0.9020910969118846,0.8723655324552835,0.8573791930272116,0.8703259779957793,0.9308914522091284,1.038396710828036,1.0442338561925648,0.6876288932052239,0.276797295207699,0.1077998997151783,0.07873886384936539,0.08722692642974776,0.09652911840529696,0.10018748170908344,0.09989951279843454,0.09806812041763029,0.09633500610575556,0.09565660890550204,0.09657032370841141,0.09938944361118168,0.10433032976592595,0.1116196566439534,0.1216403115358084,0.13520453269221042,0.154126361458172,0.18246955496949155,0.22931945684075186,0.31487455868709546,0.4826024033621006,0.8151531026952717,1.4070631275717074,2.1041006259806454,2.1851784724368906,1.45668302990459,0.6976228513728772,0.2747128611095133,0.09940020738608804,0.03672408129203755,0.015342733190644366,0.007937802292360695,0.005408850943161716,0.0046539606592839065,0.0038515737447894017,
0.9476865404232218,,,,,,,,,,1.2489430518659403,6.385393783675606,10.983174994259777,12.048396839516766,11.144295824203516,10.84038969903778,11.479946453699712,12.606776597581447,13.805333112805442,14.832107524634097,15.554018133929402,15.896329831478395,15.826504145527252,15.353470905189075,14.526223921253406,13.425269129558808,12.147577411644388,10.789721944181174,9.43434101390751,8.14286022055045,6.9546554033697685,5.891337768450666,4.965142287266163,4.191648641935627,3.605926381605238,3.2712762892708653,3.249922635521015,3.4718020719299103,3.4699375215228816,2.7388900393508964,1.8040639593243295,1.2111846512598472,0.9125525057881103,0.7607059759851789,0.6721396596244618,0.6103193360056857,0.5604623098806456,0.5167473957768371,0.4769630294487111,0.44036007620861206,0.4067732720021993,0.37624726171600226,0.34887208662629926,0.324711106662107,0.30377413277446846,0.28601874865289584,0.271380257789888,0.25984781941890545,0.2516224684704609,0.24736404053512087,0.24815698992335108,0.2527548194789977,0.24292314984316105,0.15958035946953478,0.02315246239600351,0.025982589558871755,0.14517645741071475,0.26718481693572654,0.3492623525957581,0.39311743268179644,0.41221477785240507,0.4179378495371913,0.41724305990781174,0.4138566448638918,0.40964607348819965,0.40548814201311756,0.4017171962356476,0.3983098278956202,0.3948960242014036,0.39061710103357844,0.3837967648651562,0.3713730612741724,0.34816090114355913,0.3066003752535923,0.23918703265337682,0.14742265785019126,0.05735102191135253,0.027542429505947038,0.10978891116233429,0.2238530258623423,0.22411997161007022,0.15148240164544788,0.08952602347372188,0.05413597845876795,0.03393025993845153,0.02080214274281942,0.012468137339933827,0.007801298497418433,0.005175228979120386,0.0029986493887443192,
0.949767081675523,,,,,,,,,,0.19423885590080914,0.9738382432498666,1.7578773795251619,2.147220850842345,2.286870254730355,2.5364504572202677,3.015535693176954,3.716925748545166,4.601846054776665,5.626797816336676,6.743824358306689,7.895766164070676,9.015807872505029,10.033050403595318,10.882105693636804,11.512845568474543,11.896306073784,12.024365167568517,11.903101698166923,11.541373042453811,10.937258499842667,10.068739106713409,8.906866186562619,7.481863467833334,5.98208399893313,4.7273465231056,3.940626069316102,3.5384825554325507,3.0407993135771827,2.068301875738014,1.1356023704479865,0.6158092670468284,0.3782912856496067,0.2647792236852024,0.19894928083933713,0.15219614147201757,0.11489462081732078,0.08391561932373891,0.05824197621939649,0.03753403125616571,0.02164325213656002,0.010431337163788227,0.003700185224917964,0.0011714582280978162,0.0024950044374087415,0.007281468903962336,0.015168411239461822,0.025955620006974704,0.03990978743278545,0.0585090417778835,0.08636185415131668,0.13617521285123932,0.2389438273839564,0.4349833225865376,0.6493210838631545,0.7371062130859868,0.7479497825905865,0.7427578129923255,0.7346825523915604,0.7253796756593397,0.7153927356026847,0.7051371737366059,0.6948893824785041,0.6848179526826249,0.6750405681257993,0.6656800955442209,0.6569291124859651,0.6491489792561723,0.6430477975566697,0.6400177629846274,0.642788741583851,0.6567208929895372,0.6924383012310252,0.771386302620046,0.9377046146164781,1.2815252846506169,1.9675330434174205,3.1706331307821585,4.554161918704137,4.71254306188581,3.335520094604888,1.9113597306482355,1.085311399069313,0.6892577878180074,0.49480463635979227,0.38347935723966203,0.3123483700122082,0.2689122336049828,0.23556749147630882,0.16937097521873112,
0.9518476229278243,,,,,,,,,,0.07826349838584283,0.2975399382749837,0.3932071701871863,0.34773419584939264,0.30311860275152125,0.3222731218217917,0.39634898432931265,0.5142696650197681,0.6689145276899765,0.8548561476575103,1.0670330211161976,1.2994079752090462,1.5441556466839286,1.791845733725988,2.032529183750546,2.25721764529584,2.4590732139152998,2.6337191767106156,2.778302492990707,2.8890238610063923,2.9566969251909314,2.9601813592472723,2.8612358834988036,2.6165200807666236,2.228771204620571,1.796609082464287,1.4551499025215553,1.2547537875385193,1.0984001794458107,0.8463698179573449,0.5970740365882641,0.4673668101737187,0.42198153249651793,0.4050058354743844,0.39170935894482617,0.37749882190969924,0.3636503578492228,0.35167544563315206,0.3423304683362433,0.3358155050037997,0.33203677903595974,0.3307590301107141,0.3316825968829915,0.33449017702525435,0.33889315722843,0.3447031216992399,0.3519679384622954,0.36125373361881535,0.37424839073559196,0.3950545732052467,0.4328717977843298,0.506929206723709,0.6503614397136268,0.8734209524375438,1.0339609121222686,1.0229624446977228,0.9614781142628056,0.9126763691439926,0.8778875662348876,0.8510954989118704,0.8284741725420729,0.8080003348011217,0.7886319195247655,0.7698432693611407,0.7513848090923584,0.7331632841706647,0.7151918243753496,0.6975888943289336,0.6806258693636072,0.6648455693185172,0.6513124755409281,0.6421403046936408,0.6416519830483366,0.6590295828249932,0.7142406511896341,0.8491292377960448,1.136376532721257,1.6310286798343399,2.12381027351236,2.021403064071535,1.3595591072353141,0.7828471090465295,0.46086431590458976,0.2874699495548492,0.18141467693964747,0.11332889477851774,0.0732437186948384,0.053151822155156764,0.04413806264416379,0.03467614898761218,0.0009692159216353113
0.9539281641801256,,,,,,,,,,0.11999157563873764,0.5198338190395847,0.7322268122195403,0.5519128717964924,0.2958039534155435,0.15335946446792015,0.08820988131950444,0.05573486229108868,0.035993018723301295,0.021710278896637927,0.010981206682608447,0.004313914531897581,0.0032682978456905973,0.009628866935247928,0.02482928026982801,0.049608759576907864,0.08392898693937782,0.12713741166976825,0.1783168084420391,0.2367740417624876,0.30272035060576435,0.37840300896581514,0.4703538053503809,0.59427949678919,0.785764773916155,1.1206738857309921,1.7323598128047824,2.7110456338177147,3.6235159545689175,3.4934383647317975,2.583824223366081,1.8072069308450596,1.3560230476611188,1.119684651283082,0.9985023200543658,0.9366563367185817,0.9054435092240009,0.8901731635184279,0.8832044499379864,0.8804634027843828,0.8796997024830366,0.8796059221869387,0.8793684881397091,0.8784339570939395,0.876378360593327,0.8728195954293383,0.8673410584679194,0.8594129006404224,0.8483022806594808,0.8328763061196633,0.8106141463021549,0.7728350627856772,0.6900687491186847,0.5155653889428431,0.3480252991757846,0.38091007387294906,0.5180786649405237,0.634263779707719,0.6983634544317754,0.7205078817766923,0.7173729244872927,0.7010005566260179,0.6782450938161575,0.6526314366869024,0.6258867637243947,0.5988173428645881,0.5717336011309787,0.5446120409930606,0.5170936940971774,0.48835253087264613,0.4568356059231417,0.41990983299475443,0.37366893823279396,0.3138529162987119,0.24029539755229948,0.16839846601512032,0.1471381493053439,0.2668056332484743,0.5830580000712793,0.8868223734804255,0.8839669115824744,0.6806077717605343,0.4705468226666442,0.31630939172325934,0.21604801444006666,0.1565907415721201,0.12761363392963704,0.12335415993621857,0.1377692060569886,0.14207579294783648,0.010857895192804449
0.9560087054324269,,,,,,,,,,0.17682003066500707,0.6455877590100927,0.886927827758363,0.8484420928250551,0.773582929402572,0.7808927768553077,0.846936815162343,0.9338453020641931,1.0160846925496645,1.079441939944383,1.1166685762654462,1.1247179887344971,1.1038034567282182,1.0571358157957542,0.9904812790025914,0.9112467464201707,0.827250528138366,0.7455545214498529,0.6717002017365052,0.6095130907540081,0.5614897325964732,0.529788019443051,0.5180741753373589,0.5350031125099345,0.6009149056648826,0.7589372538708126,1.0786144179410508,1.5745677464607193,1.9310736016111625,1.6869613002969128,1.2076148162187361,0.9718951294475666,0.9630252716385286,1.0441873848166099,1.13162150012023,1.197994672385309,1.2432575433927964,1.2739468277634578,1.2955611769188236,1.3113910675065563,1.323100850075844,1.3314115819305306,1.3365571494135364,1.3385368853389572,1.3372299301340402,1.3324132826551038,1.3236980036522012,1.3103719688289097,1.2910854220698167,1.2630889841464015,1.2196763870406377,1.1406623927860076,0.9659988080193902,0.6030874734331201,0.2166959709509501,0.15615343483204056,0.28540447561056814,0.409785092902087,0.4787665568800884,0.5005022565642745,0.4933193793154233,0.4710866133346811,0.4419495332956695,0.41024490683923864,0.3782255254262197,0.34710342206057293,0.3176107241426156,0.29030579961204667,0.26578031923232065,0.24488106757006883,0.22907259252868592,0.2211629749103264,0.22689253022817443,0.2585929992609598,0.34366828524576665,0.5425992104459726,0.9760397123516216,1.805328112255253,2.91015853590176,3.3522310758199345,2.5972875426636866,1.5271863981659601,0.7845014962952434,0.390798860065526,0.20337086624326112,0.11665916480565248,0.07764621503847799,0.06279678372499645,0.06012407789888604,0.05484699240065647,0.005762376181675129
0.9580892466847281,,,,,,,,,,0.17439102827792774,0.7693519191093011,1.3869665466659007,1.6782720085261378,1.699681090046955,1.7415259071838498,1.8982662406287922,2.1416856514130695,2.4205917241648627,2.693331401164663,2.9300946281530704,3.1094691293152428,3.2171837025890766,3.246754222598297,3.2001174966716555,3.086968072287443,2.922585807474244,2.724817096276975,2.5112022470252975,2.2970129652058384,2.094474673619522,1.913047782081989,1.7605563069526182,1.6453710755648328,1.5807911013215288,1.591502218615445,1.7067473248337122,1.8812505860978,1.8280543693744236,1.3208183657719426,0.8177842513003147,0.6612525885988405,0.7598879911764471,0.9568091979428786,1.1522271901184487,1.3084253781345752,1.4249290407772943,1.5128625610400719,1.5824862055811486,1.640357652098072,1.6899607980308284,1.7328702700531637,1.769662503694955,1.800527640230829,1.8257047221975546,1.845888790636144,1.862793688863532,1.8801563775888777,1.9056663766029687,1.9545003642432575,2.054395877707889,2.244947180988702,2.5250161520372885,2.62386985389045,2.0480985749641776,1.2500830737711386,0.7871712940796165,0.5704854773699484,0.4583932708206933,0.3872544156478489,0.3330891175859652,0.2869572143693721,0.24549247913333633,0.2074732558752342,0.1725372627285803,0.14067441245509912,0.11201761117246703,0.08675327375918315,0.06508021365668842,0.04718445627348623,0.03321153878231132,0.023230087169797835,0.017232928181593755,0.015437273263354692,0.019791287758745394,0.038753938605276095,0.09694871871568098,0.23927819380087048,0.47421019919020524,0.6382095324636375,0.5750571279060822,0.4059314638914999,0.2623522738563637,0.17042343618824302,0.11673349549869351,0.08680878633903866,0.07249974921999185,0.07032739533190406,0.07697776207744741,0.07745699143926552,0.011543457144469502
0.9601697879370293,,,,,,,,,,0.195878257608268,0.910984036396794,1.7469986207034531,2.176497255565375,2.186816075068657,2.17322134294834,2.292545446734186,2.5329368094665066,2.8447941248649933,3.1808683378634743,3.501873052515319,3.7755048743607316,3.9764925730690925,4.0881476201928555,4.103985992365663,4.028011863884528,3.8730970983518316,3.657913191388177,3.4035046035542726,3.1306033545579663,2.858386334665079,2.6049728129205096,2.389850552704206,2.2387169918260947,2.191792058784751,2.315649679594467,2.7029234556123147,3.3653673344026225,3.862114241180887,3.4603061855699675,2.538241644617425,1.8395827583476316,1.4668816464586507,1.3016864101131917,1.2506508399243674,1.2620849604076487,1.3087199916200347,1.3758045454253516,1.4548828289976812,1.5406679145352287,1.6294790092221714,1.7184787942519704,1.8053295762458759,1.8880731081170006,1.9651348752237339,2.035409647400554,2.098426458840141,2.154634171530855,2.205909433206488,2.2564724132882463,2.3142417464291682,2.3894322092855504,2.4645907412008983,2.364852683748494,1.82609276765469,1.1952315337313215,0.8211889547006584,0.6310976849185561,0.5246708838518152,0.45450845964925946,0.4010860796045212,0.35640300458260576,0.317181960570996,0.2821315222633846,0.2508088870709155,0.223133081605851,0.1991766698381035,0.17908801548685954,0.16309220335493096,0.15157186348024793,0.14527972435083636,0.1458184611773911,0.15669950063983965,0.185670409965691,0.24968855826830216,0.38441485538770653,0.6559097524430428,1.1404534837766682,1.7426148528928498,1.9583477093971637,1.5648633719734735,1.0268395627635647,0.6335641918526929,0.3908995736248917,0.24747437210435505,0.16559995022193008,0.1230897140570515,0.10702047213487557,0.10715278732337757,0.10165102573444171,0.01802595493333713
0.9622503291893306,,,,,,,,,,0.5821452663283497,2.152790964788745,3.2221187256334574,3.1691570588583575,2.6474730235841784,2.3167661688891266,2.235978969053083,2.303150296974645,2.4330965021248896,2.57253305130818,2.688916373229944,2.7622160328545204,2.781388935609472,2.7431400659384653,2.651057847178281,2.514184215882369,2.3449172014304853,2.1567011462114793,1.962117511713741,1.7718084162754137,1.594372154466375,1.4371813689697759,1.3080689417749993,1.217928962118158,1.1841908380609953,1.2335606891473745,1.3933752441021636,1.6288979757380493,1.6988362451449723,1.3545638976593442,0.9010518812544299,0.6441548617631565,0.5555448437205266,0.5478839347249117,0.5749832949868662,0.6205380630100445,0.6797481424283155,0.7507866355928071,0.8322177914442449,0.9224561128639419,1.019714907217916,1.1220348982236459,1.2273160441012616,1.3333328868577254,1.4376988492405647,1.537703387366686,1.6298712886310867,1.7089685582558853,1.766039621117345,1.785195364446989,1.7399567432637995,1.5904268057680138,1.2754481122380557,0.7475276007438278,0.28193199856932233,0.26342267344244197,0.48031417286057454,0.6895466948115004,0.8228523037378488,0.8870170369702631,0.9066653459364186,0.902392580468634,0.8869284238123945,0.8671709338477112,0.8465865090603509,0.8267490601556027,0.8081213091788767,0.7903324460844507,0.772096186297758,0.7507984315349124,0.7217366969903628,0.6771491285074605,0.6059270577830017,0.49694205313419265,0.35169838873028486,0.20936681842247382,0.1710414502114856,0.387456312314716,0.9034869154505298,1.312903581621907,1.1833101770187144,0.7905043062340779,0.4651398304340998,0.26733812801521595,0.15850303618065217,0.10085679823078683,0.07226483816535217,0.06106182559969775,0.05971953851438874,0.05585643567439968,0.011578195824987933
0.9643308704416318,,,,,,,,,,0.08848087830759996,0.26977966079454113,0.3436055442409541,0.3231323688111565,0.315613878909267,0.36100120155438525,0.4462554806969743,0.5429339314845,0.6230015584859889,0.6732665291521625,0.6930583428582738,0.6862242889033588,0.6575340561347078,0.6121658239111789,0.5557155507569621,0.4938791453593961,0.4318767507745377,0.37391737510662454,0.32293356906978,0.28066958332610525,0.2481135603814546,0.22628995546652486,0.21759620534671917,0.2281956583547491,0.2723592334348442,0.37859428522773964,0.5856732217486409,0.8719328508217082,0.9868250219148058,0.6815262576539032,0.27953887334205824,0.0702502764653006,0.01384610852168652,0.025762733675015085,0.0626509389272615,0.10942898785194699,0.16289917820803848,0.22343904852389126,0.2918579789685436,0.3684820045112767,0.4530036213209443,0.5445471815962418,0.6417744833372525,0.7429734854070953,0.8460946316994724,0.9486814297665721,1.0475965780048115,1.1383724103660777,1.2139526713619282,1.2627592463836637,1.2670064004510662,1.2041831787799893,1.057404892138054,0.8711348311869098,0.8631863160122342,1.120941553686507,1.4343013348460538,1.676467493071232,1.8242530230354899,1.8977262611179324,1.9256503673511245,1.9295766869748354,1.9221346800313883,1.9098981444218186,1.89607086498022,1.8821282692490389,1.8686795193139707,1.8558805808984697,1.8435984534657126,1.8314142639697673,1.8184824487170212,1.8032529747941326,1.7832336845427863,1.75569006878178,1.7219559963524678,1.699390800591792,1.7366657258638412,1.8932679611766985,2.096236787397318,2.0083145403082487,1.526795333453824,0.9938314963692635,0.607302518459577,0.3645697657381793,0.21930434813541358,0.13537322254217646,0.08986534548614936,0.06803486733253929,0.05907977853997011,0.05005665804110082,0.011081171239352953
0.9664114116939331,,,,,,,,,,0.2867293399376672,0.8840810169638617,1.063184242918509,0.7682379022933089,0.4426748913401472,0.27050635401680256,0.1969449843296174,0.16715723579832165,0.155063387636658,0.14921125657314044,0.14453844156456858,0.13904374109207968,0.13236973058525037,0.12506320368252355,0.11808747512413578,0.11246200399017878,0.10901780126034417,0.10828447744540472,0.11051334901947826,0.11582906567710934,0.12451795196140958,0.13752152868284756,0.15732891861045417,0.18968987549997596,0.2468294099907277,0.3518382351040438,0.5343152941788325,0.773806842582377,0.8699201551152901,0.620833941345701,0.27832856349835916,0.08337100031001458,0.013397097524413086,0.0026334562266612785,0.01594531407453245,0.040543842291988604,0.07325037170461925,0.11392431154060094,0.16293599343821114,0.22039008195056048,0.28596493278020435,0.3589452272092709,0.43832034902901196,0.5229271877207023,0.6116642838576452,0.7038575204106466,0.7999650458229379,0.9030518581952749,1.0220252716858733,1.178936050198235,1.4255739460325918,1.87816626838933,2.7500008159440994,4.090196807621817,4.918005108789443,4.573278750446782,3.96563927427767,3.5537481728067624,3.3212747094661377,3.193021411874275,3.119388086556024,3.0735375417822843,3.041688255634838,3.0168681010828156,2.995558284993797,2.975996263448718,2.9573659740014193,2.939474253831132,2.9227362008136804,2.9084352530285877,2.8993482173281713,2.900999294776623,2.924148537312047,2.9898567005546277,3.13974130148324,3.453762755444966,4.061413639653691,5.044296253414104,5.962699739831771,5.569502736551092,3.7734410020276328,2.0211018333360764,0.9620573678173728,0.4437967602898785,0.2100480631534724,0.10561266940602354,0.05817237610074114,0.03625500212004793,0.02530408061812012,0.016967181682425007,0.003337089410728484
0.9684919529462344,,,,,,,,,,0.1539094336822184,0.5049059856236814,0.7131506337748857,0.6873571479704416,0.6278790059667556,0.683917435455014,0.8664115238915739,1.1425317127539463,1.4598357377370554,1.7682228907582629,2.035945317006618,2.247048074943451,2.3936804194255945,2.472436003073908,2.4840741888489126,2.433876117525349,2.331137223294297,2.1876361546608902,2.015637352693096,1.8261441757894754,1.6280254381869448,1.4286537376030501,1.2368661732016664,1.0682463861726723,0.9488099515493686,0.9094932695300926,0.9663445512732911,1.0678381244987831,1.0190437710361806,0.7015859430378125,0.3916325256182359,0.26667059077945215,0.2610276051519867,0.29325191763964403,0.32740806381791915,0.3568849190846268,0.384874464747252,0.41521881169679226,0.4502056502239677,0.4907264497353116,0.536785443667707,0.5878761619843251,0.6432159956046577,0.7019100245369603,0.7631115799560558,0.8262518939170691,0.8914562714539904,0.9603822544772072,1.0379627065925823,1.1359698711477928,1.279728248746794,1.5176659853581436,1.9172567453965776,2.46009026711405,2.8631725136225015,3.067803922461867,3.3264131397348464,3.62877800539278,3.8695728371795135,4.0137572813714675,4.080971749937529,4.100674799710395,4.094059134502541,4.0731103127129025,4.043665951418452,4.00789096054739,3.965532262041738,3.914158950073631,3.848520972984237,3.7589655882090116,3.6288513497290733,3.431618253511173,3.130746187128602,2.690870562136897,2.1090905726493854,1.4522256191792557,0.8500344040667825,0.4358822070148332,0.29257706195363736,0.3524010361078151,0.3919538292490344,0.33595886698430544,0.24642172593112135,0.1658358595022292,0.1054123155947568,0.06487816998484267,0.040312375441949336,0.02659301371957249,0.018745585639563425,0.012327192581189639,0.0025659872850987584
0.9705724941985356,,,,,,,,,,0.5775448605669962,2.0114501661415205,3.224848916738463,3.614094573488156,3.5029178693184893,3.451354817157482,3.5910506807772125,3.862842753965333,4.183482623694906,4.48639637627427,4.724343777377511,4.86580892015861,4.893120497594298,4.802111782001865,4.601427844940411,4.310226970297402,3.9542703176944247,3.5613833035310174,3.1575555694125814,2.764575138708501,2.3994834777186003,2.0757145152618173,1.8057241923887584,1.6051408129502407,1.4985373610328319,1.5253234422082482,1.734628276438104,2.1195671239578466,2.4238424557034812,2.2460589027169413,1.7654151461380525,1.3732113748115335,1.1405668353975358,1.015113326409524,0.9515173050843095,0.9235628172338611,0.9167662403121953,0.9230109809413701,0.9376399402427946,0.9578757644374982,0.9819439559893722,1.0085828124356164,1.036763684452599,1.065511130859161,1.093740823514039,1.1200339832743147,1.1422418557207783,1.1567635798483362,1.1572864694976743,1.1327655384570734,1.0642101223248739,0.9179619090750288,0.6374663919224456,0.23611284546015956,0.1414016745819581,0.7269331641887075,1.722976682292433,2.856379808781859,3.8871429702765448,4.63229556815472,5.0688889199428955,5.278125005968417,5.350135123441298,5.3468148151627375,5.303170346902232,5.237107221291318,5.157026190464514,5.066121070875367,4.964346673905437,4.848904313444671,4.713743778981699,4.54861828159816,4.339240055613135,4.072855884630391,3.7566041192476813,3.4483515199974604,3.2649885749294936,3.286893311805571,3.2871912466891358,2.7017793180773584,1.6372961507484873,0.7975783060324507,0.36585084845563226,0.18075902510561978,0.10002733816454897,0.059334511349344386,0.03660887766983906,0.023754558999420406,0.01603309401330227,0.009751796333750435,0.0019410588728406833
0.9726530354508369,,,,,,,,,,0.9155794963034716,3.0153378234343267,4.375075998819945,4.129648099073888,3.2329202495587572,2.624404594480817,2.383232667693725,2.365687755150125,2.454256183777926,2.5741031430455967,2.678429618650413,2.738308491859847,2.737777832136782,2.6715921618975575,2.5435962871787114,2.3646193082137983,2.1497060860300423,1.9151563430403724,1.6760354231243089,1.444608431738106,1.2297812689086975,1.0373487330752822,0.8707398064813484,0.7319490552522084,0.6222872969598656,0.5421627172562468,0.48742734760600037,0.4373406003917363,0.3533173339226209,0.26895016459908183,0.3033769046500883,0.473123269398221,0.7112773673915309,0.9468805891029949,1.1351126235620932,1.2657657691874111,1.349847915638559,1.40293043030594,1.4373159258286357,1.4608661909296825,1.4780969506669013,1.4914444465766055,1.502178598667432,1.5109802819850306,1.518307636333841,1.524671830179273,1.5309392531575057,1.5388176201101713,1.5518170129611881,1.5773242092656186,1.631301779560115,1.7490082707403904,2.0041139626143867,2.490137171280276,3.132829299695666,3.7866474307425477,4.528456461653015,5.292782183671622,5.888601605367839,6.227733294064676,6.349476748017999,6.331110884974897,6.2336512961972685,6.0938466761275905,5.931528544182558,5.757128216656734,5.576474741033447,5.393536241313017,5.212098131994827,5.037116943201338,4.876318786837346,4.742624824940602,4.658176747384313,4.661009621524533,4.814974169170037,5.217481175183343,5.966707586467024,6.941009685727138,7.243597341346378,5.611788835025607,2.9897650444085384,1.2037920085900253,0.41056297326307606,0.12726380829173525,0.03748970685686833,0.010932617081546765,0.003331587458793292,0.0011433603338033998,0.0004768839074468142,0.00023730456865966445,5.6832017529790676e-05
0.9747335767031381,,,,,,,,,,0.0843293637779169,0.3045511133763209,0.5531899449095714,0.6937721366002627,0.6997957427614522,0.6706441880311731,0.6590791630366598,0.6669798704227567,0.6811974428887936,0.6891641294225072,0.6824241336502106,0.6566742350725132,0.6112697230430263,0.5486525485803817,0.47357573190329366,0.3920797795987834,0.3103779452541801,0.2339059616396939,0.16673686833825535,0.1114189650225649,0.06916863389992645,0.04030748808957456,0.02490657925538648,0.02388424770603001,0.04157506929322106,0.09178300799569189,0.20501023520424116,0.4041494071577812,0.5822106316017904,0.5310807465942252,0.3866314566564592,0.4054458400296357,0.6129386137309062,0.9199296292670056,1.226556133634148,1.4725241835731597,1.6466389187392099,1.7639344467583242,1.8435379713872788,1.8998227995315298,1.941672591966664,1.974112654105967,1.9999676106470115,2.0210882841234987,2.0393043553151298,2.0574352892953796,2.080857094526022,2.120521650177377,2.1993156731410743,2.3660956425493165,2.727560102498916,3.5163236903063937,5.1607924153898175,7.800902314771687,9.595110270878122,9.094657478230003,7.897728104188617,6.959967001447388,6.3193032542720555,5.860397695507871,5.499271514856289,5.1892738899247535,4.906509307641768,4.639189446516227,4.381570529980761,4.130669588505427,3.884404780808965,3.640338983653161,3.3945248400175663,3.1401363437129746,2.865811555160314,2.554293181712264,2.1836606050829652,1.736183696570936,1.2192402456902898,0.6888660360190193,0.24925655487537227,0.025621301569947397,0.10957684905405253,0.3719826058891195,0.4840619482111458,0.4023340245186757,0.27553074196370325,0.1782752208917687,0.1152367222270985,0.07471543459586862,0.048671917862810464,0.032501482217888615,0.022128802478794705,0.013506009018816075,0.003087112667207659
0.9768141179554394,,,,,,,,,,0.24873071138206093,0.7669903723645954,1.1355896506237904,1.15670362229098,1.0090973633531493,0.9248375435229749,0.9527175920228982,1.0661175507435843,1.2253930253381966,1.3975748296569153,1.5620779173040504,1.7074613441246984,1.8269572770350493,1.9163333267389255,1.9734271417874467,1.9980464411940493,1.9914836580030932,1.9554112601733147,1.8902159226383433,1.7930194708784128,1.6561145883406942,1.4679867410138563,1.22120337517105,0.92862086320457,0.6332960852184147,0.3909770842894826,0.24593702853910956,0.23494534845521764,0.36454066437176436,0.5375510056830859,0.6756815943812366,0.8129202658481662,0.9643384074719755,1.111315165054115,1.2404503178467299,1.3522374183052084,1.4528317714929018,1.5476900952804988,1.63992985089851,1.7307343874482484,1.820073774343137,1.9072412301138264,1.991166661958335,2.0705485183287964,2.143809938505784,2.20881552944287,2.262194502592253,2.2980560577736084,2.3061754964476577,2.2714840797399636,2.181214389919719,2.046056467592645,1.914717609115661,1.8501792937386405,1.9348345078644704,2.237389822746245,2.6642011803085532,3.0294512720976168,3.20759401925773,3.199452776028505,3.071209152534858,2.8839597968358035,2.674544153957808,2.461600661880742,2.2539129497928982,2.0555805545214065,1.8686134442819249,1.6941484551653885,1.5330492735755035,1.3863040128078181,1.2554854377976346,1.1435543999037296,1.0564820593893534,1.0066254696201733,1.0195162360565913,1.1457048273304091,1.4721991172181148,2.085427758565018,2.8264240814368233,3.005462720593218,2.309750572323218,1.4003325600866063,0.7515748476365386,0.3862176644796444,0.1990712277766876,0.10574274040935683,0.05924212166595982,0.03576833671177525,0.022901403564312424,0.013556689474878343,0.0032513740871415583
0.9788946592077407,,,,,,,,,,0.7176947858434902,2.0942936592765653,2.848929614123434,2.6355258993484814,2.1855345859070274,2.063221580540768,2.3189840413247937,2.8591814385494287,3.552674903252801,4.278282166875469,4.95832231717404,5.550620434109355,6.029696709749492,6.378404310430693,6.587790237686132,6.658721724381228,6.601811768417917,6.434958844803179,6.179278382130094,5.8545544085869645,5.475065108105734,5.046520977095739,4.566019894643624,4.029932553800303,3.4539077736791617,2.887659619295933,2.37689525755826,1.8717256228763806,1.2364132858737469,0.5739522659584505,0.21189982647114222,0.16123216587152395,0.2637791331081188,0.4149406739469044,0.5691472476743228,0.7137175963632247,0.8499994476787389,0.9826175566748914,1.1152768812058065,1.2499296055632438,1.3870393881710654,1.5259940120241315,1.6653823686530704,1.8030443191581986,1.9357788819858492,2.058458060233772,2.1620782957180182,2.2302059099717764,2.2344154366462154,2.134420981264867,1.896071883464468,1.5213398912690053,1.0312338172824385,0.46598229937440977,0.1428014568338407,0.34716347855343166,0.8136217300448985,1.2616377040577924,1.5468420146883193,1.6431252473687412,1.6028511984357294,1.4888916387936506,1.3438203610901884,1.190605214904477,1.0404480468114516,0.8986156375362494,0.7676130089046637,0.6487331905169733,0.542799587715298,0.45054901329508873,0.37288035367086353,0.3110972417957501,0.2672892040200835,0.2452059415215682,0.25257556414681015,0.30660315179508535,0.4420311771446054,0.7015382230732367,1.0366911152813418,1.1733484265937861,0.9597045611397791,0.6381440733380949,0.39343558344187757,0.23969260618604296,0.14605058821288852,0.08906219196978665,0.05526494930572194,0.03591736276033443,0.02440844958341093,0.015440734088179907,0.004273209120687944
0.9809752004600419,,,,,,,,,,0.07478488590499986,0.2648018708448955,0.5090361716577573,0.7023718397674061,0.7992189077215471,0.8706408189556668,0.9704575196911678,1.1114697502036603,1.2876712202618592,1.4877562472604173,1.6994905936078204,1.9106275093022373,2.1093870982628693,2.285311680913334,2.430328596736728,2.5395588118399157,2.6114808491094754,2.6473062750271907,2.6496547167313174,2.620700245889947,2.559952614073578,2.462146157085919,2.317288163790083,2.11820763961085,1.8796125525314766,1.6513011089231693,1.484956326180363,1.3439365422592584,1.043643623514606,0.5370899726119815,0.1514150146702745,0.03801126755582943,0.10525583103824455,0.25599561358597067,0.4351291369337303,0.6178210571350078,0.7967759465014544,0.972505688455495,1.1475574468222105,1.3240483336331081,1.5030066934561894,1.6844421053861642,1.8676372282941418,2.051486069370896,2.234851621752661,2.416984911101078,2.5981032603881036,2.7803284860235205,2.969502422085234,3.1794739054647474,3.442854646685297,3.827800661139934,4.394380468017828,4.845508120621762,4.365197155058046,3.2906225106772733,2.517953645752685,2.0801158198056604,1.7993870859359165,1.5831404917131429,1.3976733330377997,1.2311614850655892,1.0789603860703758,0.9389900944902211,0.8102433682194493,0.6922089582465253,0.584604346955897,0.4872420938556666,0.3999727345006163,0.3226951445100584,0.2554674551797433,0.19882214810966306,0.15453852057538361,0.1274471283099419,0.1294408903470622,0.18752618974406013,0.35595629824121405,0.7130877586911549,1.2470315131584837,1.6132686191321057,1.4751918514925881,1.0562705296257953,0.6620550546480046,0.38829782209866137,0.22192963802091956,0.12769826651846442,0.076681055231133,0.04986250539807919,0.03523975132049128,0.0242975504102711,0.008045863202001883
0.9830557417123431,,,,,,,,,,0.39414233764286966,1.056891985052058,1.3944030325794037,1.2674986085610684,1.0091271053463748,0.8692802914836861,0.852281434541595,0.9079982638069581,0.9974913706704421,1.0970479569607237,1.1926145865695386,1.275293943721756,1.3393159759897642,1.3814911655246234,1.4011047984829894,1.3996706636685086,1.3803511929462375,1.3471096048502438,1.3037754749517185,1.2531954998025538,1.1965912313636597,1.133306351848353,1.061494935824195,0.9809989299361439,0.8995414722702971,0.839474492655281,0.8352842030715552,0.9068750796759032,0.9960302818456532,0.9855409556265083,0.9119935793528356,0.8895174809570296,0.9430157906415576,1.0520616275337287,1.1962678273345637,1.3637184837263667,1.5483345986579782,1.7466907432193626,1.956244902676985,2.1746038179763842,2.3992966075140805,2.6277770629102606,2.8575497139152435,3.08640712963478,3.3128330123675997,3.536712847254824,3.7606409438090216,3.9923609678096925,4.249236833882711,4.56588894757341,5.004641955077279,5.655664037426484,6.539442055931135,7.14068333498012,6.322789494630255,4.65728182136757,3.4445708571912417,2.7612439592922344,2.3629244251117885,2.0988219763488463,1.8986575599643827,1.731188573447172,1.5825471539279412,1.4465388374874777,1.3203485920069093,1.202598795568905,1.0924216767706372,0.9889452978003137,0.8909035165137609,0.7962164052180988,0.7014781162900557,0.6014642139748636,0.48925235941399303,0.3586080339353498,0.21150916031262415,0.07233363127415869,0.0030725853399956103,0.10190724003297766,0.42362131709819867,0.766268564903721,0.8202165956723584,0.6513271523759069,0.45448617469142166,0.3023536760099314,0.19736886393031278,0.12881404015668446,0.08687889934291307,0.06317439090675502,0.05006298418645598,0.038991061709209386,0.01520724297791559
0.9851362829646444,,,,,,,,,,0.656150974001038,1.6727009197695506,1.977039456771866,1.5022192168199036,0.9491247002550098,0.6395047667600267,0.5068363925429131,0.46344513482057664,0.4612141283974027,0.4747404143793301,0.49026749878555353,0.5008347142862808,0.5035861640289452,0.4981811527047901,0.4858427931943002,0.46868835044774715,0.44917550573798953,0.42965377938382326,0.4120776689660529,0.39795343301481295,0.38862776876533334,0.38617608531111813,0.3955338876707446,0.4292916113327645,0.5177881842925888,0.7275834571214024,1.1788074358869243,1.9701951614775552,2.8154584838926855,3.003976917869234,2.605959911264304,2.234275717367856,2.087594844432127,2.118576789121786,2.258863829472533,2.4637967117067325,2.7078304083312617,2.976213120455509,3.2596692952888837,3.5515470387222114,3.8463557219196507,4.138980943397238,4.4241200981024695,4.695544005935449,4.94466332688031,5.157544699282723,5.3090909966918485,5.353555440276539,5.215832914948966,4.804835163212868,4.080842412839969,3.1240432170076167,2.04238570259645,0.9068788624738839,0.18085422305111534,0.3002813057700789,0.8914296504778911,1.5776558440980117,2.1481243474785066,2.498519613601229,2.6416008521011873,2.64579663659262,2.5739377409806026,2.465870378952854,2.3431999348198183,2.216942135663269,2.0927657901978107,1.9739445052697873,1.8629911910599921,1.7627205607175447,1.677237630954021,1.6132806471428807,1.5825140939791544,1.6058978734915266,1.7220951956385933,2.000690961533592,2.5449193770134366,3.398556853688808,4.180467363515202,3.953340776302575,2.6981367171603114,1.4861913242574083,0.7603291576954861,0.3940084653461204,0.21487562512584452,0.125645141938052,0.080686768336868,0.05859863873152174,0.047967954508286524,0.039426649958754695,0.016970580616959104
0.9872168242169457,,,,,,,,,,0.008484213355431987,0.11061366874288192,0.414717014024156,0.8097335218682313,1.0860947746643164,1.2469338808927857,1.362312507413577,1.4619104886913492,1.5470564953183945,1.611041804808058,1.6475428188609693,1.6529391644544824,1.6268209554809054,1.571916830292516,1.493557567109867,1.398683898078233,1.294564806654525,1.1874913760542023,1.0816618211184175,0.97834692073551,0.8754119516361228,0.7676573228231883,0.6493760229131087,0.5206504736286012,0.3938702564668518,0.28907404550816906,0.21733166845512958,0.1761160445873307,0.17817688768932927,0.2786252203806355,0.5148845584647433,0.8834453526905317,1.373079923581595,1.9486047351846623,2.5521376014551387,3.133953135877838,3.6711895510336636,4.162566564036532,4.615520339320187,5.037636592747045,5.433411486727352,5.803815233647661,6.146622180079744,6.456354386743952,6.722998079603956,6.928463829415174,7.039533686582213,6.9975242283279275,6.713461007597023,6.0987189195160605,5.1611391096064345,4.0772858221388475,3.0602259622057355,2.2004090022946534,1.6718407114237006,1.6765122903093423,2.0801156613814373,2.6933234971206184,3.321089154983791,3.7797721290574824,4.0073916794082844,4.0517316679721915,3.9855317070618033,3.8621057035385746,3.7117821821938723,3.5498363519511766,3.3833035598875836,3.214874245497635,3.0447325047279463,2.8712324106521563,2.6910045596700654,2.499020980534652,2.2894977107905747,2.059308066071271,1.8159415372831138,1.5887882297523714,1.4324413642785911,1.3980947585338055,1.4443976121837379,1.3757653086794526,1.1084450452259538,0.8033290210720421,0.5658613912830383,0.39868364522688265,0.28288650916272184,0.20547298847955708,0.15831681070494452,0.13454934439299027,0.1260335256610263,0.11606761792592231,0.056737816345525806
0.989297365469247,,,,,,,,,,1.764425188249745,5.6620425107046755,8.986942528669994,9.807419076129975,9.585555898739893,10.333339529883181,12.569218471497395,15.922459706667935,19.589250424621223,22.853723624045173,25.37593400179817,27.08326443022288,28.00066220546856,28.180358411756853,27.69332106908745,26.631831392849048,25.10383187202994,23.218438184891838,21.06878073658701,18.72035785910474,16.21592646672813,13.61232225220156,11.053021910805814,8.818885066351882,7.250010087039996,6.5840223424309965,6.903012780625193,8.056849140693163,9.154492555564447,8.779436334858556,7.258263256949412,5.90954025902997,5.1512474014309095,4.868834140963797,4.889269398822962,5.089068157799914,5.391705127233298,5.750468923374195,6.135614807960608,6.526859422429466,6.909320753542125,7.271364997727764,7.603445308909246,7.897371462295874,8.145581474802924,8.339973247371647,8.469800117574518,8.518489869379593,8.46177339640727,8.278347599683784,7.997766890715173,7.782599635725315,7.891252089271513,8.217758936162465,7.946886979348689,7.182684572066838,6.727845301876272,6.578170814021926,6.490591217799197,6.361381927326058,6.186583223725514,5.985195394069671,5.771673425345089,5.553604534612506,5.334461536836656,5.115759376385542,4.898137789348776,4.681769643748909,4.466394071981361,4.251121572585138,4.034148843023817,3.8128094956960124,3.5852663936866183,3.356576504719543,3.1511924616551483,3.0237660918800517,3.038699908274459,3.17709110152973,3.177391413517723,2.6506403284929525,1.7605786886450803,1.0142621124189777,0.55573549057792,0.30516816196651664,0.17330240515138354,0.1044180903017591,0.06874564167176828,0.05096945806913933,0.04244988091859811,0.03564784063826682,0.016863524399363505
0.9913779067215482,,,,,,,,,,1.3058251897849704,4.124911140644564,6.477023059952538,7.169259049576263,7.290958292020024,8.321362017038973,10.860068324421043,14.896578486435402,19.819652859487775,24.72300578990102,28.93462095090047,32.16238739089372,34.33952742853388,35.48969420186229,35.68201487478258,35.02554181078738,33.664376973336616,31.763084678880663,29.48631270938019,26.979769127379114,24.358224167232184,21.705046531796956,19.089769471004608,16.611725421487698,14.459518809379496,12.919916750099377,12.236495923897795,12.255273616910026,11.95802295556902,10.28956320591964,8.12659093391552,6.63674740408412,5.905543392672418,5.6723839361990445,5.730630428182861,5.954525915397979,6.2684722696212924,6.625093770705742,6.993041747306556,7.3502439241916395,7.6800027489413765,7.968459649866952,8.202352766596409,8.365995421951943,8.436175292944194,8.373798170850844,8.114004971603949,7.568645480780962,6.678133410974641,5.529190180630439,4.399767806645994,3.567820313541083,3.103216966657029,2.8667386516068487,2.705712617739907,2.77857546642116,3.2789494845889577,4.206789934244956,5.378783576234679,6.441560311307173,7.124351739805129,7.411981077653582,7.428458763261815,7.293940439225073,7.083670164118841,6.837596285113211,6.576030032220143,6.310178992957719,6.048321202041803,5.800036070617183,5.580533431223894,5.416918827464858,5.358321750147841,5.49164552502079,5.963319477939376,6.999716793068177,8.869717246555295,11.531676243755461,13.547420351056557,12.124999544163646,7.766822117460722,3.945921944914301,1.8239709511961821,0.8484059406708812,0.4238540604718677,0.23654971688022325,0.15118876648868168,0.11219850085153812,0.09462538003919849,0.08044973086920108,0.03940144514585479
0.9934584479738494,,,,,,,,,,1.1358865998223324,4.237062029220051,7.150826393053975,7.662759916743584,6.902920106463735,6.680938351891878,7.529340811671533,9.457081242460012,12.240031300851012,15.44344682692622,18.592846565496476,21.34357451324826,23.502796245963154,24.977429883520674,25.732172873464428,25.768908506170078,25.11201786377356,23.790853344642606,21.824424695121625,19.22768317428477,16.067782175744256,12.56878230014501,9.156967790321822,6.293831047167664,4.20136719711965,2.792105353553875,1.8217091876706453,1.0500480173135984,0.40271812043768884,0.10445122388497999,0.3003145931543646,0.8458475913618628,1.6210592211189678,2.556770002504764,3.5599162146788856,4.517636660803942,5.336392567349431,5.974925561515393,6.441288581868928,6.76113921844124,6.950848640492691,7.005571881195326,6.8959234050032645,6.574685955590723,6.010277582093699,5.252240735609476,4.456645759280378,3.784282313055179,3.2801141941624037,2.8807571117405635,2.486240390586376,2.0011691816023305,1.3410092567790033,0.5368337500286224,0.08246668976767788,0.3443230827889331,0.9242802564129867,1.5083077302998373,2.045142262373813,2.628856952206509,3.416852212336725,4.517824696598561,5.841952596990942,7.070450941071674,7.899236702524437,8.26367730533215,8.273429010027746,8.057600927699058,7.697206297399364,7.222940154312598,6.629295024806502,5.890559379064148,4.9844407479142205,3.928842043653954,2.8124328041090068,1.7741197023054507,0.932260093329043,0.3457228065306481,0.045014198375255714,0.013818247762076465,0.09764344833190633,0.15273491966439362,0.16245752402643096,0.14934519057052892,0.12923568264498086,0.1108631170287563,0.09896563568180235,0.09548136279562164,0.09914686722268352,0.09972682743088845,0.05763627600940267
0.9955389892261507,,,,,,,,,,2.191779989015163,6.290138382269277,9.252699834623176,9.288426167755544,7.963685687076731,7.127004188150222,7.124476617916056,7.7873295485792084,8.919059270466798,10.352596759642013,11.933468691322096,13.514867728932462,14.969868904295252,16.19835280708595,17.12113304146753,17.674154946417893,17.806046864694963,17.48173081217155,16.707323490563457,15.570429207864064,14.22918934772538,12.822882452029619,11.409521281506864,9.999402014981072,8.637271848786057,7.449564816352445,6.56216460063361,5.889928344703023,5.030747214076121,3.813463417745224,2.7699921059249544,2.204797078105121,1.9855380653245374,1.9486948337655738,2.0048581402901715,2.1142179959695655,2.2623561307530173,2.448507368696743,2.6774347699056853,2.945334149484465,3.2164948210724065,3.4120240969765367,3.452795819701175,3.338276484732087,3.1531518405733094,2.9801363403508163,2.8422962009810426,2.720707901042801,2.5848922673911257,2.4040478417692084,2.14904868639799,1.7965140954152337,1.342155950521426,0.9026337967877517,0.8906970333597382,1.4520769356723784,2.208953792937424,2.8904138786297193,3.3909304012189976,3.725079561995185,3.984498829874896,4.289197498188392,4.767494743659742,5.511388667483964,6.403708930517548,6.934717309053514,6.6594923691760854,5.857899626411356,5.050728561292797,4.457026890718096,4.073075565189496,3.8407674311003057,3.715455125083665,3.6797716192993457,3.742940944192391,3.9371018423532167,4.302392134324362,4.813979343289789,5.170282611489904,4.775207385696804,3.6353528037957843,2.4442797897348862,1.5561310011265919,0.9626814982096888,0.5824868174641639,0.34823070659021477,0.21032989508668523,0.1318106132943766,0.08582995103668904,0.05334876351245406,0.019723393525569104
0.9976195304784519,,,,,,,,,,0.21141721176539618,0.4513148078327518,0.46570909764643115,0.2995078755373834,0.15356628851678913,0.08105787422794959,0.048001202315275694,0.03044146214907677,0.019717307458609012,0.014152699050056367,0.015146435199538988,0.025923842091263933,0.050964007541806404,0.09399776469778001,0.1515967738651452,0.20753694954892607,0.24900815427321574,0.28446486941356247,0.3263663425133627,0.37859224425184923,0.44167465519891885,0.5191870567438135,0.6228125762530548,0.7805531144629203,1.0545685138993082,1.5762874196041463,2.577425862213288,4.205535176465059,5.686469779090469,5.377919726611847,3.6754085559097147,2.1534290305255164,1.2333871807658474,0.7359928284430713,0.4712854329153451,0.32901269698341984,0.252631356335909,0.21472849863599414,0.2037061115747058,0.21607688006166045,0.2477768961175522,0.27971355435167927,0.2729062085912751,0.210209516920443,0.12753875233479775,0.06260069995382457,0.02372718800778204,0.005375430551525847,0.002278951665617174,0.014624277542863643,0.05301617892533266,0.15318582764294164,0.4108328591588658,0.9671875658379229,1.6632639921750414,2.047167296513932,2.1428951713781172,2.1386203500670042,2.112382484533125,2.0921687416768244,2.0976382027175426,2.150393712608603,2.2658389813055817,2.420258259016806,2.5186036729799635,2.450503895937345,2.210414224502513,1.8974915880920282,1.6116179195662887,1.3997339936899045,1.2702390045134573,1.2230139711524795,1.2710008385803746,1.4566140222115218,1.873864883632936,2.707054102632366,4.2806574201116305,6.99233109754994,10.613508756965572,13.1016545279959,12.670135320835922,10.608829222890487,8.605213696979733,7.194065881636604,6.345932496913851,5.9401348644106875,5.921969482644607,6.311723860090491,7.055431463906619,7.480519817198971,4.714663902510999
0.9997000717307531,,,,,,,,,,2.1269891065105377,5.716672594865991,8.595202802194752,9.171887845394235,8.237448067633352,7.357724058652284,6.996162632134994,7.047336942611551,7.324275185387988,7.680282961330769,8.012418740381872,8.24641952150782,8.331822368401578,8.244787669528659,7.987325536598696,7.581209013575825,7.060177720741086,6.462801193526902,5.827005445244219,5.186423246832879,4.568025299729569,3.9913731573789217,3.4723393923269548,3.035076381103926,2.7352720623052478,2.6959660825034955,3.1504956898545426,4.402440307249775,6.263430204603681,7.328018736457692,6.842125842192623,5.76217936406869,4.863392811394621,4.300230536669151,4.000947896114092,3.871889514752942,3.842252593799384,3.860930859127431,3.890430715767422,3.9068320000243255,3.8991630617949595,3.864898466351969,3.805077471127527,3.7214513135133114,3.615255898361485,3.486795239431795,3.3361537926331883,3.1673283865159605,2.9983725181543917,2.871077824116747,2.843673158680419,2.963571508856719,3.1864709603239323,3.150044290748179,2.3830453308854764,1.414637286022878,0.8336553322095316,0.5668130119623396,0.4573083173421824,0.4275511441217507,0.4478213533917339,0.5071946210389393,0.5929604558335543,0.6766610060092413,0.7241356909156421,0.7234368893769147,0.6911213500246453,0.6534815140887007,0.6298998615232454,0.6299057425692022,0.6588760379242337,0.7254248652148603,0.8485019815534076,1.0658795224989754,1.4459502368496795,2.099139582952502,3.156915283347247,4.590427703629063,5.6951587559320656,5.158666910126745,3.2276071877837955,1.5292414655394408,0.6161207208713051,0.22816774801524053,0.08181195926477867,0.029595129313209297,0.011193816885166748,0.004539915128615917,0.0019572898528895572,0.0008147372620121264,0.000209116762201773
1.0017806129830544,,,,,,,,,,0.4718169625571794,1.765702102416465,3.7892928869730635,5.550572480201862,6.431139661999832,6.954381079862713,7.5909307231074505,8.465777351758636,9.553465993217168,10.778154509960206,12.011560646808913,13.08668187049656,13.864557945282632,14.275465335115884,14.308420410160165,13.987238433792129,13.353132470230129,12.45378183386587,11.339056762210454,10.066777080794521,8.715216656722294,7.381051997067956,6.145347352809476,5.043612141305555,4.091637023611143,3.336480321724823,2.860855121191137,2.7508628667188155,3.0193556271047357,3.434432796679274,3.72549926859917,3.908410391505694,4.063372748860496,4.214072296639679,4.3635155409917195,4.511562567514324,4.655389020742321,4.7903370072499065,4.911497948829532,5.014387293880011,5.0950193191059885,5.149869683513781,5.175681187889315,5.168982629556362,5.125551455407902,5.040956187103111,4.913987504830564,4.750933516638615,4.561871058045963,4.349386209386336,4.101851133808756,3.78193568363985,3.2759569904873618,2.3834985572723215,1.320415257886432,0.7977599101499481,0.7923621101478275,0.9468157188442325,1.093268284676879,1.2008050615975425,1.2853344942538762,1.3675673541670494,1.4570889778531888,1.5462555921307382,1.61724557928725,1.6596778114508313,1.6774489369200083,1.6814953329344615,1.6830140355178276,1.6919996011412965,1.718649757102766,1.7765960002631511,1.8882223414306931,2.0917742799026833,2.4483491480537336,3.0393552880107864,3.9178304080757025,4.920297321054329,5.336818788967852,4.327453411092344,2.521223270871755,1.172828195460413,0.49487622104725953,0.20742716019764862,0.09215044786655532,0.04527309755623271,0.025043609416451274,0.015589607159663366,0.010658383953126984,0.007291013994590851,0.0032931496150085
1.0038611542353557,,,,,,,,,,0.02145922922862824,0.10470296468753,0.3649531034193509,0.8651071839258992,1.5701357009844519,2.5753737965260117,4.069021988070066,6.107618283453979,8.4840738685299,10.838012267455849,12.875509034770134,14.453494591775023,15.534553908668402,16.13016985137112,16.274666026955227,16.017758933059664,15.420213125374021,14.546630614860478,13.455878209534706,12.192298389278388,10.782367191150826,9.24397555195997,7.615824978679743,5.997345652257224,4.548930544192451,3.408710976477641,2.592786726848772,1.9837551919300664,1.4417714892127595,1.0352485837869358,0.9645770828148778,1.2301555992368376,1.719873834975666,2.3179045009628707,2.916986297464425,3.4449803662363307,3.87805940614547,4.224210611575687,4.5012559990369105,4.72477145257303,4.90461001656454,5.04493337362048,5.144511587362693,5.195779941718402,5.182176332598639,5.07538119634704,4.840153681645931,4.460918872303281,3.9812760603184874,3.4899411527498847,3.0343568928435243,2.5649083788860496,1.9380303020172762,1.0287906307171768,0.21161803620735825,0.05163344065418995,0.32200607286097743,0.6800972927865333,1.0192879301775595,1.3497919295031457,1.6910753929000795,2.014497047654565,2.2632428944579663,2.4107824696560827,2.472699115156807,2.4786347962688593,2.45214428716295,2.406840511500681,2.3486913814483654,2.2784520458715276,2.1929042778046752,2.085291470684004,1.9460916558312789,1.7662589306599277,1.5456506373567371,1.3060004382693298,1.0980385057738318,0.9858134399546303,0.9923260641513743,1.0243668361614222,0.9637609942884166,0.8416902505387052,0.7320377106815439,0.6580478966876744,0.6151056262210296,0.5966490811637989,0.602870069312508,0.6391638877424419,0.7018524840401931,0.7318374023504783,0.4858679535559342
1.005941695487657,,,,,,,,,,1.6559989049336128,3.99786041496034,5.436592201020946,5.361249409290999,4.801458137254016,4.770392307147943,5.51722344414606,6.967160516263818,8.84627184892689,10.774306718888795,12.450955802293684,13.730804724909252,14.574261237493435,14.989453054117838,15.00622449797248,14.668516663237904,14.029733015233239,13.145868962667295,12.067651107150764,10.835996689142863,9.487385613636398,8.076517675877174,6.713333542704865,5.582157713114448,4.9071749113104985,4.910110821969019,5.819130163779717,7.681165428839711,9.475844686565294,9.245557259487716,7.318221307809736,5.5012323856363015,4.3964489171986365,3.8496181896344788,3.6364874597597097,3.6099759011264285,3.6858647440623673,3.816278592336524,3.973117590582811,4.139151133294806,4.303305618386811,4.458133613456702,4.598427903642808,4.720433332916591,4.821343575303637,4.898880129555391,4.950812169843783,4.974410532035117,4.966432702691183,4.926303782615744,4.868794092986454,4.845515136320953,4.914384526600196,4.911510870055089,4.4121721802770475,3.6734623161866473,3.2272289427227907,3.0690863844039744,3.027923066647783,2.9996922165181417,2.9559299188301664,2.8992628407002448,2.8363448435660463,2.771309677593452,2.7062321347521294,2.6423595783155447,2.5809653601093547,2.52398686322374,2.4747487457062394,2.439073291144554,2.4271846440915232,2.457125144230306,2.561068740457164,2.796929120919424,3.2678081066710805,4.145545254493105,5.658393372777369,7.8597641234014795,9.83261708897056,9.441514057211952,6.518665878292082,3.529540714978241,1.7031812853074435,0.8097315595643837,0.40655016214256556,0.22524768814464793,0.14132258383696256,0.10161505307347779,0.08230332001084197,0.0683130902666397,0.039127380104118
1.0080222367399583,,,,,,,,,,2.6306687023573434,6.077057617331808,7.842700459991532,7.162566139541053,5.6633995137105915,4.647435243096056,4.206924131363851,4.121420364737824,4.209336730334706,4.354884522266024,4.487083814271582,4.563716858466651,4.562402427114856,4.475603984334117,4.307077714261413,4.0684067715220325,3.7752536623235664,3.4436307534741246,3.08680804011904,2.713667392527444,2.329751190465952,1.9427400082995991,1.572021918745556,1.2535075328148122,1.025901990088234,0.9068368675879386,0.8868567159505434,0.9346025631310716,0.9832337496530303,0.9728850764898344,0.9731230580662621,1.083061811968612,1.3104774234023269,1.6073240413890943,1.9198102757549433,2.2147934110741443,2.482094032567841,2.7240590700435883,2.9461607042391713,3.152712378445159,3.345958617298327,3.5264672900648812,3.693792855950675,3.8470755736828175,3.9855311656814028,4.108883492567037,4.217841828573013,4.314828928478121,4.405535324521362,4.502994820759593,4.6374926497372035,4.867785993799878,5.2281173487057675,5.44202277260694,4.900526560967202,3.9354379981426204,3.280254199933412,2.9708238009486836,2.8263035034543553,2.735464994669763,2.6577238630790103,2.5829461283591884,2.5094906023972907,2.4371440706050547,2.3655764353708113,2.2940917641283023,2.221479276306431,2.1456982820431647,2.0633149542369904,1.9686380568152329,1.8526127634717668,1.7019681095751005,1.500206332785817,1.233610039782478,0.9049055306361767,0.5493694485001577,0.23818480760510682,0.06384306906348487,0.10266373726644715,0.298278730772189,0.4402159197565902,0.4462853794544368,0.3846926947513949,0.31319944796594634,0.2524445728934725,0.2075531673250053,0.17935975019047867,0.16683751083991982,0.16585089921672352,0.16179419181249974,0.1068609572116313
1.0101027779922593,,,,,,,,,,0.19024950697630608,0.5227553256401789,0.7707140259731052,0.7330784831788277,0.5508857816173809,0.40681651577144556,0.3258261974675543,0.2829346758222343,0.25784332349509703,0.2396411807281282,0.223202518463776,0.20658748032850854,0.1896937810370517,0.17345796935310498,0.15927280505418082,0.14854166582535624,0.1423742519996628,0.14143727625310593,0.14596110045658653,0.15590253108621954,0.17130692808246414,0.19303733190446246,0.22429367635503838,0.2737257200332519,0.36108944119917535,0.524608754381,0.8180481117430398,1.2470588032956496,1.6031117730302982,1.574667456716067,1.3048549728838237,1.118159346738385,1.0900064883827836,1.1720074011900505,1.3124278044630395,1.4797290385172845,1.658291574052366,1.8412079332438738,2.0253661260082394,2.2089198300418795,2.3902088622706215,2.567372580460722,2.738220754156537,2.9001152941795243,3.049670264745633,3.182030155919428,3.2893719446942438,3.358238457280999,3.3659358107398534,3.278834254486732,3.0590271903702386,2.676205903899278,2.094299639553592,1.300360117100849,0.6142396398783224,0.46276350409993294,0.7001525351570211,1.0707620604222896,1.4271323861290817,1.6840926614173937,1.8231343289071913,1.8713647900607981,1.8643539491778685,1.8283057528251412,1.7787491760369414,1.7240591695625171,1.6686643579560942,1.6150867080908475,1.5651524018635212,1.5208057587313373,1.4848604669253611,1.461969561476419,1.4601181845544446,1.4930077534055193,1.5835918264633486,1.767524693594556,2.086775317058774,2.5327676871237506,2.8770762823621068,2.6640399831530437,1.9168010244484375,1.1940964216357022,0.747669000920985,0.5168566926761826,0.4028193360614385,0.34718537001175614,0.3243937042610885,0.32513630969336416,0.3418938412644067,0.34660267912679477,0.2385966797476935
1.0121833192445608,,,,,,,,,,0.6791372293611105,1.3975435995220302,1.5927407940839997,1.274535242273727,0.9122673243185847,0.7347254858554162,0.7114199138892049,0.7785620445821727,0.887376597930939,1.0049713671031868,1.1134219010658235,1.2047971702513705,1.275890267042314,1.3255771229873523,1.3540424036737027,1.362574941444294,1.3532944691939421,1.3286816680440157,1.2910275868385948,1.2420429132506576,1.1830316848039757,1.116343194343975,1.0490236893821554,0.9986231682340011,0.9982686502243472,1.0963485431359707,1.342173808747376,1.7165190457770385,1.9799086604266962,1.8223896861110864,1.4137801484978945,1.0875205702691177,0.9202809446338613,0.8708798149281908,0.8965838174979991,0.9705914288621598,1.0770267910259728,1.2060426309207082,1.351039837451373,1.5071860226853937,1.6706139189748817,1.8379837991033372,2.006247087720744,2.172512807008138,2.3339390059816125,2.4875632120981304,2.62995295752342,2.756523068814195,2.8604678037507636,2.9319148231992873,2.9592786998987015,2.9318441858492057,2.820482144894549,2.523640120134409,2.0290003737235125,1.6525213670330896,1.5141664254629335,1.4860980924370313,1.472455847791223,1.4422925862640517,1.394740423998332,1.336478303699313,1.2736050761631417,1.2101356128409195,1.1483930596634424,1.0896025647549696,1.034293682354485,0.9824888537767692,0.9337118157963936,0.8868354636322465,0.8397951299781983,0.7893106567623451,0.7311678432540463,0.6625308672793004,0.5888394440940116,0.5366744260410017,0.5665376136348602,0.7624840984274177,1.1375039163886222,1.459816882733404,1.4559858195625117,1.225664408202434,0.9798509835894577,0.7983172522492485,0.6812481313900128,0.6129981612883307,0.5831246642537131,0.5871856515300128,0.6154924906733658,0.6201083807818373,0.4301234314801245
1.014263860496862,,,,,,,,,,0.046134991551983195,0.18329915374129419,0.44667867511345855,0.727886214033091,0.9073272641007115,1.0225969360686835,1.1398258533990535,1.2847083208996584,1.4565026750490528,1.6451607937827193,1.8386994853492402,2.0255138149924745,2.195225766476494,2.33935451703999,2.451946044360315,2.5299389356592528,2.573061661342495,2.5832155032962576,2.563442468284523,2.5166311107376425,2.444104680351589,2.3443365990361786,2.2125787830373422,2.0432809268576366,1.8367964072996057,1.6043717146499799,1.3543808406420554,1.0598767082595455,0.6800797564286187,0.30559813351242715,0.10580560542133251,0.08621114622035665,0.16790685169003383,0.29536946177263534,0.44085487251962463,0.5923844154309992,0.746157144182611,0.901880907355883,1.0601485847088918,1.221273827557473,1.3849524599240064,1.5503091904397701,1.7161155421308196,1.8811178807406328,2.0445159058161466,2.2067327501353247,2.3707716077090613,2.544723163650208,2.7464262287099888,3.011702008806981,3.406033527547761,4.024177183930203,4.883569238016515,5.491322261858631,4.8617388971159805,3.456160053421884,2.38600184709117,1.7730870343737384,1.4213383465586438,1.1985592360482449,1.0406621148272486,0.917769597645565,0.8156365160396971,0.7272713576225082,0.6491392833175973,0.5793650083349317,0.516842927198855,0.460773464645549,0.4104041027435751,0.364877668318724,0.32317124508988254,0.28420432990131905,0.24736621166333175,0.21401643240263374,0.19085992608489424,0.1958617818259687,0.26467788684012317,0.44434613019022196,0.730161094146607,0.9524493102587123,0.9314692460618388,0.7556003315262504,0.5800072153810503,0.458195334176954,0.3846658817792733,0.3437572923427311,0.3255241706244182,0.3257363779026999,0.33850891812153683,0.3382900061958502,0.23643893459315457
1.0163444017491632,,,,,,,,,,0.7442567328907199,1.7728640799952997,2.5582143482569535,2.752740469911668,2.6428712535666996,2.643012205655825,2.858104873148215,3.236636483404665,3.7013949036174596,4.189903414443391,4.657709151476373,5.0723683685081955,5.4095129075053086,5.652229234857129,5.791800862051233,5.828059275431387,5.7685139174895275,5.6262663688427565,5.4172149712629745,5.157168665123219,4.859342833720769,4.532602682326395,4.181152817840456,3.8072416206321753,3.4176565821024303,3.0255167355892287,2.622621515673242,2.119524922225251,1.3947452778470466,0.6225044079246388,0.18176778266021587,0.10559191867986432,0.22936148323786212,0.4301178638623535,0.643659243359565,0.8434206887985581,1.024408260443289,1.190572568148042,1.3472877584278211,1.4984375422299947,1.645926468307186,1.7900045023120625,1.9296739252252213,2.062914744249983,2.1866048837470853,2.295992356493629,2.383516668119556,2.4368785108724467,2.437094655084137,2.3597306799058746,2.184316665263069,1.9047126101244796,1.508490294755886,0.9723015893978866,0.48022804260155927,0.34565112308983165,0.49522276210032884,0.7166728974701526,0.8794020976486978,0.9405069567514832,0.9171553358028304,0.8440947278096147,0.748875019290429,0.6477911358460756,0.5492560100466451,0.45732947291738546,0.3739102113098785,0.2998893311147035,0.23572112753065608,0.18170507841643324,0.13813790993878228,0.10543345080970622,0.08433925637386286,0.07658146149665161,0.08677797769367973,0.12708332281495355,0.2246019815532441,0.4197046576855486,0.7092582106430427,0.9344157699364404,0.9196660708152794,0.7457263488324762,0.5654060744425027,0.4357044082105997,0.35471415397933104,0.308715055489452,0.28802837945369636,0.2878115914598984,0.30226710677575885,0.30867085641878317,0.22531410984586753
1.0184249430014645,,,,,,,,,,0.5206628117570522,1.1828821702762888,1.6856964621576784,1.8883798917684071,1.961509162663814,2.115498191552967,2.399291490279335,2.771525280212491,3.1738211675970067,3.5622750833029557,3.9093222425561263,4.1968158774084126,4.411954609875386,4.546655801882233,4.59807636767024,4.568654283500369,4.465058461554784,4.296138614434063,4.070350033035078,3.7933227476533107,3.466546341683707,3.0888768086341143,2.6632547675204346,2.2085550214590897,1.7671436637669755,1.3931797936739738,1.1278744131593197,0.9881506241456922,0.9623345899167377,1.003192994175562,1.0756593755284358,1.1796986743523272,1.306902754923548,1.4382152660020198,1.561427897795357,1.67463196158521,1.7806248437674788,1.8822987937577584,1.9811267686592993,2.0772436931627145,2.169902321165461,2.2578597400848293,2.339612333530512,2.413484829157535,2.477567985023484,2.5294636832681396,2.5657760068049114,2.5813831027762357,2.5690615419402847,2.5216673554836815,2.4414806433683447,2.3577761479451986,2.3314300378023662,2.398657410493857,2.486769538045764,2.5378580327424642,2.568191110656758,2.54585533904754,2.445133961619778,2.2825681658455768,2.088782882905033,1.8866669653395767,1.6886921255083638,1.50066169014003,1.3250487258960664,1.1628726382875272,1.0146071743519305,0.8806202578306352,0.7614439601340593,0.6580503007778294,0.5722821130079928,0.5076580282750187,0.47098287789513715,0.47564720980203995,0.5481935014275063,0.739684882977156,1.1367444733098535,1.8299511948823686,2.708194133779645,3.1790743395811485,2.7898288211878284,1.9706616799079828,1.2482029306946945,0.7695940551017079,0.4895482399551928,0.33445174403612965,0.2514773442823908,0.20980704640610384,0.190464290765905,0.17334373075966866,0.11689324521871099
1.0205054842537657,,,,,,,,,,0.3659185415016084,0.816995856264264,1.0973196491851402,1.0596247527479474,0.868750679407641,0.7146908247027083,0.6322707883435723,0.5973383088668559,0.5849980231576943,0.5795637337525755,0.5727859912858339,0.5611906897735467,0.5442034588054987,0.5229351026816467,0.4993451952891518,0.4756217783531246,0.4537222882080787,0.4350651514903475,0.4203571818887753,0.4095222008886161,0.40169958966111424,0.3953583486318115,0.3888027475203547,0.38175560614924053,0.3787916421375593,0.3934296722036836,0.44511003167712426,0.5284729994679042,0.556141669599666,0.45101007980269836,0.35245739641553786,0.41506637205618774,0.6432242720792425,0.9689570827952609,1.310753052101825,1.6070766033874846,1.8333463156921244,1.9938121001859666,2.1040355842890364,2.179382170735235,2.231187438857769,2.2668637331044765,2.2911602651823846,2.30748841943771,2.319146608810136,2.3306729181869956,2.3498093819685164,2.390959164726633,2.481875572326854,2.6772027374787024,3.085817748881992,3.9166566364569855,5.471511472684972,7.64155845586306,8.941604000541789,8.529976654944788,7.578932044088234,6.78351097115493,6.17788846081325,5.685383795880642,5.256324446953894,4.866318161121463,4.503626674712289,4.162327276903658,3.8391341040222473,3.531811155119158,3.238237536145608,2.95570479801659,2.680235672899975,2.4058443379348504,2.1238658813865876,1.8229531171562006,1.491229875939511,1.1229540291238287,0.7306725326938066,0.35785496264292727,0.08317813216113808,0.015220406611048407,0.2452558071369585,0.6604067370192593,0.9197408067054331,0.906210688444649,0.756840590482237,0.5899132001630691,0.45131834980447944,0.3509293005756825,0.28634949254739606,0.2512322065174219,0.2361982184971581,0.22195329916288195,0.15668636606297223
1.022586025506067,,,,,,,,,,1.2511212387056927,2.513459923211429,2.958849745186052,2.487073797444963,1.8141500805197914,1.376734403043864,1.160759821364162,1.0683937260717105,1.0318965693940094,1.0128382059646768,0.9904412241548136,0.9544046087621713,0.9010539222287477,0.8311038892609042,0.7480995075186956,0.6571353651229906,0.5637624040733824,0.4731345597730088,0.3894649377014377,0.3158097801716669,0.2541409627623529,0.20564722664638968,0.171238403821195,0.152322881504873,0.15210207054928168,0.1778767197956017,0.2447348890872457,0.3764453669907682,0.5813021042798066,0.8072901749420692,1.0030907568604563,1.1832536967284317,1.3588610466448832,1.5135780990581074,1.6309191739943265,1.7088742067213598,1.7553457565204456,1.7800498236032696,1.7905749804678408,1.7918173217892974,1.7866150750865468,1.7764676550588403,1.7620223972382525,1.7433043947443776,1.7197156379945704,1.6898069537060616,1.6508078812881148,1.5979627563027543,1.5239885644520537,1.4193226588021308,1.2725205119097855,1.0640937317944308,0.7535998028614511,0.35906329964900935,0.22393212104898283,0.7125781090638,1.7590340675708822,3.2791700090826925,5.150747675220825,7.023430119492896,8.473708065810325,9.308613941346232,9.606226108074525,9.546502616391747,9.28492906200794,8.922149807336409,8.51606785929243,8.099442994528937,7.692730250933789,7.312348764457593,6.976577415271036,6.711054627993528,6.555408215384296,6.571907730234554,6.8546946201465015,7.528170981927363,8.686502426791872,10.136331736168163,10.873124332655486,9.453377982433857,6.411191715531712,3.752143546615943,2.1617010813414,1.3239062308049003,0.8721587861759609,0.60389681477579,0.43129725142272346,0.3183096088043678,0.2439835673377013,0.18620243400963535,0.1103649117799316
1.0246665667583683,,,,,,,,,,0.0759945671539744,0.21671570850231908,0.45484572427152514,0.7550443538047891,1.04877179752673,1.3327922969173636,1.6140703543209516,1.8751446646176413,2.093668509166988,2.25697699662937,2.3608792908206215,2.40532349322552,2.3926585904539133,2.3276548580594314,2.2176881075564285,2.072376510739695,1.9026604811387946,1.7196464702131977,1.5335911005295382,1.3532957292063394,1.1860275454597875,1.0379674444716405,0.915134432678566,0.8247063077090114,0.7764712742993187,0.7831652950937976,0.8546355463166825,0.9729108096070144,1.0563020904565998,1.0357505613932108,0.993376003087378,1.016768782947203,1.0917867076048036,1.1727157160568855,1.2324149972418965,1.2666335072420933,1.2818033562727933,1.2854650925921505,1.282953366029258,1.2773486995278764,1.2702310724176238,1.2623356730244653,1.2539673291883908,1.2452379397481408,1.2362133415998218,1.2270484643448742,1.2182045985501637,1.2109102569337433,1.2081962242927098,1.2172035677254902,1.2542249476389886,1.355486082153124,1.597774600280876,2.107902965777158,2.9590538719495587,4.136648651356907,5.7635074934810095,7.911617067072842,10.318989041502343,12.47854460795643,14.012265337265317,14.871352244386554,15.211350906986846,15.212955209199317,15.004821023899119,14.658146352790624,14.200747184216585,13.628645313882435,12.911795921880362,11.99787409761243,10.822874794638487,9.341313968216754,7.581338801939317,5.694079443927963,3.9292526822546883,2.5237442764873204,1.6094157245296101,1.2186171222444182,1.2784449173019743,1.4744680528333103,1.419525302761249,1.1369308976060435,0.8484957276308593,0.6503885410385122,0.5349541204810766,0.4717072418944067,0.43873052748463975,0.4233925566221583,0.41226395948100686,0.3754074336895923,0.24630647711040263
1.0267471080106696,,,,,,,,,,0.27504825868678406,0.8182786602397171,1.580833462722587,2.2346815668823754,2.5768000252191743,2.7459936986394333,2.884199646298202,3.033282643278242,3.184124365144799,3.3145861335603266,3.404338297631201,3.4391175419654836,3.4116171319687085,3.321353021116346,3.173891299910746,2.9794414664134066,2.750982510372051,2.5022867917759264,2.2462460834202074,1.9937865829827086,1.7534880237735655,1.5318989167607018,1.334472432533877,1.1668070671262134,1.0348209052563915,0.9400390019731989,0.8639407558237611,0.7430314764549303,0.49517304297720593,0.18996662861098693,0.030369755189771728,0.058420452363856214,0.19134191649790652,0.35057810162987363,0.4892944614545415,0.5903457121496164,0.6562109755004316,0.6968233721741846,0.721990876001308,0.7388797324349591,0.7520553222253296,0.7642371703551071,0.7770438671964681,0.7915914273539914,0.8090235558026171,0.8311404684455319,0.8614018308881265,0.9068390601172281,0.9820912133496807,1.1186299356486975,1.3871931229367582,1.9510696969552952,3.1491893128423665,5.32463274948017,7.834435645639042,9.516622270658347,10.572527995634124,11.410319359248758,12.0470449788636,12.449060519055129,12.653418905754169,12.723766966750821,12.71156265876194,12.648553559298866,12.551672805296933,12.428786972495564,12.282403704829077,12.111450709800266,11.911679059064767,11.675103170213402,11.388896087198296,11.034744032057171,10.591300119352303,10.044608327580098,9.409015814556748,8.741379583986664,8.093508455179908,7.349463327816184,6.087966070887554,4.075926294147003,2.07392174698311,0.8522723988098132,0.31837495038980346,0.12764585592772362,0.06672760538866396,0.04582068693164368,0.03486938782108894,0.026354859761852163,0.019159577737491825,0.012868974971466765,0.006476403687101543
1.0288276492629707,,,,,,,,,,0.4520430235394147,0.9886186756131581,1.3553510204832278,1.3748323513615934,1.2083405746066496,1.0738654184986718,1.0289402767722844,1.0555359190945126,1.123184317894453,1.2051774164386686,1.2822983316571324,1.3426813523361245,1.3799447822181594,1.391499023550809,1.3775656295185557,1.3405633564747113,1.284530048539834,1.2145134208347923,1.1360453147502627,1.0548755543402781,0.9771336568881597,0.9100445481937426,0.8632335897384757,0.850536322344149,0.8921301834573291,1.0153103244842896,1.2427098903296903,1.533067485936181,1.6790663490265014,1.464324570346301,1.0525067613074017,0.7085962896453499,0.4923067936923085,0.36875653640134615,0.30115651525922715,0.2665902286487002,0.2523692584057492,0.2516699949309178,0.26080467562849313,0.2777009886393037,0.30107822900947845,0.33000248750566374,0.3636420322934184,0.4011192011137748,0.441389185328776,0.48308228719574103,0.5242260520877381,0.5617041104743797,0.5901705041909803,0.5998471466712055,0.5722819447418519,0.47506497524152796,0.27670402160353175,0.07422699769440919,0.258084897625704,1.0217093597007396,2.1442787841310595,3.4592374028663353,4.800486545769503,5.957156359487203,6.800337067793271,7.334965006861332,7.637962773510007,7.790776009664106,7.852660678362979,7.859957065455369,7.832621793250416,7.780106278678361,7.704918402533812,7.604151576629647,7.469667632512943,7.288044307861904,7.042735886592174,6.723199395175777,6.345394516246542,5.974611225236156,5.709748887629657,5.5636074129960855,5.236944319974997,4.216373073134906,2.6647948498658884,1.3545878020472961,0.5921580297092504,0.23568453647079335,0.08952895392163522,0.03393955565681836,0.013454388741749939,0.005857646564317051,0.0029088551291216913,0.0016201171114593564,0.0008141836631112454
1.0309081905152722,,,,,,,,,,0.7907686185306322,1.5035283642437447,1.7101016779751474,1.388540783296065,0.9761858595298578,0.7191321463125626,0.6004691091226269,0.5587112030922299,0.5505781242447937,0.5502957360127267,0.5443673789741517,0.5273746423163364,0.4985689811654146,0.459678935936851,0.41367401708774093,0.36399450516542536,0.3139926823667181,0.2665405904571511,0.22383243728685773,0.18740748665175852,0.15840586818216656,0.13807264543222222,0.12854668692051394,0.13405616684110824,0.1628680300342925,0.22979039405607884,0.3527405273266088,0.5181306498234275,0.6098432134198959,0.4988942452132685,0.2891292216153814,0.1370961581286825,0.06363587832839442,0.03644697316627565,0.031633229990105025,0.03930264971683027,0.05661150460736373,0.08292910417294796,0.11794124487142241,0.1611634942856992,0.2119047044239616,0.2693295585805864,0.3325389666866117,0.400675451559497,0.4730928650601535,0.5496632643075879,0.6313606139841894,0.7213979833073662,0.827459147662418,0.9660051675091111,1.1699631001670694,1.4985092821492436,2.025940145078597,2.7151098822875794,3.253014284945954,3.5329541613054105,3.8211675762027317,4.192871261931753,4.558585355131223,4.844102195890757,5.034811991466012,5.149585266059936,5.212829981613492,5.242964486896681,5.250913532354854,5.241522795759572,5.214822688287379,5.166307045828216,5.0861163734798325,4.957293997423995,4.753900663074915,4.441464707050997,3.9851554356533234,3.371752478972456,2.6401169367929502,1.890913495709943,1.2499308397586943,0.8136089686736877,0.6108607465004796,0.553001447202698,0.4794693376629573,0.35142458204983,0.22663216936550462,0.13859168784338,0.08617572510703683,0.057635190836617646,0.04290912026567586,0.035844493243220754,0.03284597444490633,0.03063339279109239,0.02285747317921182
1.0329887317675732,,,,,,,,,,1.1296897941712754,2.1176321655665187,2.403817380336308,1.9608162197241155,1.3784459365805068,0.9942424214857846,0.7882114392247597,0.6785253965471374,0.6114182341999855,0.5588466292573512,0.5075789945171206,0.45247137318268293,0.39287928216237217,0.3306197450212264,0.26865560958827955,0.21017454090271606,0.1579702629703866,0.11411197305058977,0.07988968559080048,0.056007370334409744,0.043000422086613074,0.04189762007536104,0.05524523394586601,0.08879320131603669,0.154265042396104,0.27206888643101024,0.4634225337114029,0.7009672341610887,0.830530004451937,0.7089758574863212,0.4771473825231859,0.3183191596268136,0.2569621410913587,0.2578416864256231,0.29164428054685854,0.34261314129823245,0.4035698080043081,0.47148932108257857,0.5450176440560225,0.623307468126568,0.7055443961593354,0.7907958083319347,0.8780060592717546,0.9660675968819665,1.0539583424262837,1.1409892032985114,1.2272901131742535,1.3148410459639672,1.4097621022776017,1.5275068393701567,1.7044171581443246,2.0197417131298714,2.6075479279104283,3.4951790125854063,4.189780931435369,4.258836448390681,4.037633330580831,3.830114882799289,3.6958049136072058,3.6192859047765333,3.5795162631902047,3.561609571804909,3.556286517984932,3.5580244713083675,3.5636678234779278,3.571584185309937,3.5812435804754514,3.5931316103155995,3.608977805892292,3.6323625227612553,3.6698705007358465,3.733109298331611,3.8421293007096757,4.0310210285880315,4.356183382728709,4.903872608168461,5.7730025683591295,6.938959180777947,7.8582256448707355,7.394316971165366,5.4025267456868145,3.230471322875365,1.743532531014546,0.9241828843739457,0.5129981357256601,0.31162562329093446,0.21220477702882493,0.1628168366498282,0.13796015650977625,0.1202654180830858,0.08555701659449783
1.0350692730198745,,,,,,,,,,0.581320213238965,1.2133032635420558,1.5920843964991704,1.5494995952741457,1.3197765450956889,1.1450372958457817,1.0682180215027497,1.0573230623084395,1.0795673923026519,1.114609573702044,1.1510218303091988,1.182002153907015,1.2033448921767813,1.2127594794435321,1.2095734186518634,1.194425857338901,1.168866007224653,1.1348850205083143,1.0944432981839292,1.04906355703659,0.99959937134131,0.9464317860362914,0.890572906492622,0.8359646423904905,0.7915112660406008,0.7684284560609659,0.7681342056409476,0.7614210050489226,0.6913875905567918,0.5698491852434093,0.5069748019585592,0.5485085710177348,0.6593117092771318,0.7962432040812727,0.9332939220241449,1.0608018092637501,1.1783983553177715,1.2887727482097204,1.394462671578228,1.49688665850976,1.5963531829308681,1.6923115022048816,1.7835493796033963,1.8682281935685503,1.9436786045418257,2.0058436350227606,2.04820763365811,2.060098639796503,2.024681220425144,1.9181095185615158,1.712032471461915,1.3773271681910104,0.8896683496013593,0.3210785060232314,0.030807662650300546,0.23872699445700357,0.6794919061228591,1.1201745962466387,1.473729111990631,1.7215431164449122,1.879362104480866,1.9741774557420482,2.029753086730243,2.062320828222994,2.081417191771946,2.0917850686829573,2.0947739258747204,2.08892918111253,2.0698091770043194,2.0291356973404286,1.9535840385152272,1.8242479105130989,1.619389423656302,1.3245344974292712,0.9507387960297603,0.5498037729593099,0.20910078032428184,0.02946236330109746,0.08492438398971232,0.30934401606286854,0.48041193639386726,0.50327033394399,0.45098659019161574,0.3917341270082435,0.3482967147201729,0.3224285159182616,0.3117227218161005,0.314245129079673,0.3256565423475956,0.3277955873037862,0.26009867896931566
1.0371498142721758,,,,,,,,,,0.33716675148574493,0.950874633043134,1.7166410368593106,2.213047737718157,2.322836843532828,2.3073489211556253,2.3451768098888515,2.472018098882709,2.6673072385370173,2.8991778181521197,3.1378777074033377,3.3586030376007554,3.5419567309520708,3.674236578811752,3.747728071037404,3.7606838280444226,3.716768723732821,3.624031580654031,3.49371230497047,3.3393151117885753,3.1763953639995606,3.0235076355187833,2.904818594311069,2.854900091713816,2.9254167967081606,3.1885732173540275,3.7118330584969015,4.4258779762361,4.876009550006674,4.5206189437492,3.6538975761792587,2.8938698146415334,2.424069677343597,2.182747182604621,2.084354287575637,2.0697885413922537,2.103163667779794,2.163068934434858,2.2365069166523366,2.315341479471259,2.3942986419262917,2.4698628659483157,2.5396927729950898,2.602354251469685,2.6572765915059917,2.704916073237576,2.7471864410345583,2.7882990899239086,2.8362145194202286,2.9046943926471296,3.0142725205662497,3.182454462008132,3.3666100177478837,3.326022849087837,2.781268834605783,2.059802867399185,1.570113239777468,1.3090807176826984,1.17415574139158,1.1006279508052614,1.0569630075462917,1.028494864464999,1.0083906340534226,0.9934325978099655,0.9820884354719591,0.9736190382459987,0.9676651022876488,0.9640663436753476,0.9628101542367937,0.9640830865771137,0.9684632002347616,0.9773917915794116,0.9942679388119027,1.0268965661285672,1.0924726334072512,1.2256684636234434,1.4843586113373992,1.9240669151771952,2.4713304061102943,2.7749121007734505,2.5568127959368057,2.0374606496987435,1.5275769362538574,1.141634940343468,0.8802205403742072,0.715433306261421,0.6209000944961925,0.5771248744388868,0.5656610045950802,0.55050259095307,0.43278555429811383
1.039230355524477,,,,,,,,,,0.0097243512126288,0.09949417146098725,0.38039930060299487,0.8466246539953829,1.3795940594231393,1.9563676614378795,2.6074312932139776,3.315328812521853,4.019296624617984,4.658816417716205,5.194757801064781,5.606569654612415,5.8847796791933895,6.027353234041901,6.039075377400594,5.931402027851013,5.721400269011264,5.429644825894985,5.077603983670344,4.685193964536983,4.269049552894752,3.841910774136126,3.413465311427253,2.992584994265921,2.588711036562689,2.2052470330608744,1.8169302213458598,1.3502572440873513,0.7690005791251381,0.27510973212259204,0.12136890842881047,0.27977641680258175,0.6107096707504885,1.005384826767575,1.3854911417990048,1.7041337338280929,1.948411661857781,2.127529730413778,2.2575967497824774,2.3529730895640584,2.423847761969042,2.476705228352595,2.515515994042516,2.542843869399908,2.5607406630842946,2.571552847715488,2.578868539392944,2.5889046319663103,2.612617564880762,2.6682484446280728,2.7810321752113767,2.965412791758118,3.1460143696157403,3.012308678645674,2.302805077898175,1.4937884548136708,1.0099820999590072,0.7789067334320992,0.6628871158861425,0.5922296348638415,0.5400328200307352,0.4967206248563251,0.45882648894995687,0.4249839556760403,0.3945914484826024,0.36735187187712004,0.3430824638323409,0.321600598803347,0.3026147489357548,0.2855838186578497,0.2695261564875049,0.25281324929661214,0.23315880290925814,0.20843971579932252,0.17961001442903266,0.15681435810393785,0.16634086461204722,0.24626667567880836,0.4033071574409357,0.5432687141997288,0.5572856137853743,0.48684305237969394,0.4179102418825819,0.3773868602799243,0.3584736185302626,0.3516557746620532,0.3530396153209985,0.36242419795068437,0.3770684833513653,0.37861515517751193,0.30356430563814735
1.0413108967767783,,,,,,,,,,3.2121779996295525,6.368751827316437,8.101255523504692,7.737795212822592,6.534254429305837,5.662120291958917,5.30412054339523,5.288120697909878,5.436692741733116,5.628913812527437,5.790796934591328,5.879506355635504,5.873181376728207,5.765407705828458,5.56169198814418,5.2763106795166435,4.929055416538681,4.542119963001009,4.137649667194981,3.7364467841917235,3.3582074651485336,3.023658495755526,2.759179564394739,2.604943532632621,2.6280166369325837,2.9391305241100616,3.6845797032589043,4.873372945741994,5.892647555214795,5.722255538144283,4.566940402083094,3.417636802209341,2.663478876324386,2.2431631335101914,2.025380456171626,1.9180914601194141,1.8691329502618457,1.850514768003105,1.8471051626106438,1.8504681700463412,1.855726560982455,1.859937665141284,1.8611977214529054,1.8580880443479493,1.8492571695305067,1.8330125645252084,1.806842615732566,1.7668668515698438,1.707401213020463,1.621101432464824,1.4997336554559375,1.332521186330562,1.098385029644243,0.7889488735997988,0.5224254058470138,0.44068055472895884,0.4733891165753958,0.5166864266620022,0.5344544496819517,0.5260724119117852,0.49996256229336805,0.463943304325339,0.4232493442948799,0.38096527916076856,0.33880074506861774,0.29766012429347544,0.25797309639640026,0.21985927016091955,0.1831969084465493,0.14765598330265903,0.11277891598260728,0.0782899748585118,0.04506161898105213,0.01765326490199374,0.009991776586413452,0.05587190992933396,0.2229682489246821,0.6117103300092863,1.2612769328807176,1.9218708950807002,2.189881834932442,2.0678269793998867,1.8184460375279707,1.6003006889183615,1.453853052008049,1.3762170736868837,1.3594860426212159,1.399066039560509,1.4799965276555995,1.5276846527470405,1.277963838387001
1.0433914380290796,,,,,,,,,,0.5480250105464538,1.2244740672145367,1.8674462997965986,2.203913929008801,2.2518795749209133,2.2221971632069457,2.221778167885933,2.259801891144624,2.3142503651428044,2.3612184991604024,2.382921393197645,2.3686719614837988,2.3141616957637314,2.220438226282478,2.0927339117562327,1.9391231529767803,1.7691104859860838,1.592366006732842,1.4178367873949445,1.253394670783041,1.1061002021240909,0.9831284151032316,0.8934378554703132,0.8503625203512484,0.8753500955429669,1.0017676496279473,1.26776750487427,1.654169626842028,1.9456540702045662,1.8590360976396787,1.5301400596889685,1.2722313239912624,1.1662844961700831,1.1573771906411983,1.1856687308077847,1.219169167305216,1.2470723306862566,1.268115855744804,1.2837121963559819,1.2953647516011146,1.304101813189164,1.310564960655203,1.3152368998383266,1.3186892606326472,1.3218788366857401,1.3265913500238509,1.3362106732582903,1.3571303220307909,1.4013655927802218,1.4912185677899734,1.6663503081955189,1.9866045221772757,2.4850704217953505,2.9533575290331693,2.8694737039325147,2.282342213316568,1.7258932330073513,1.3654050554363508,1.147060814893965,1.007858013652046,0.910111458637574,0.8340031376482282,0.769440565862554,0.7113493034760988,0.6572263140580982,0.6058939281486855,0.5568670748511942,0.5100348164617603,0.4655070680175491,0.42355477658785806,0.3846157181646196,0.3493717722635284,0.31894537788324984,0.2953256799974514,0.28218662550485074,0.2860668649578587,0.3166076258741601,0.3802865098738614,0.45743406286254396,0.4860202149948773,0.4361396879217532,0.36381796216012635,0.3181343196909446,0.3019670703779588,0.30185168084390906,0.3081574967564282,0.3182206637843757,0.3329955838173583,0.35102105912660814,0.3566519362694904,0.29349921289241787
1.045471979281381,,,,,,,,,,0.3974695829808711,0.6530300670877804,0.6423182907959867,0.4311354466071847,0.2347928591356857,0.12687890075283406,0.07614040425351816,0.050777008624075026,0.035336350154809286,0.02378652808058939,0.014284858693163687,0.006750887785266262,0.001790049551304723,0.00017591078442775568,0.002577237004361924,0.009424496399493162,0.020886542841712714,0.036951293633243336,0.05761623656306762,0.08322130482890151,0.11502069808122029,0.15622912860118487,0.2140739996832089,0.3039717423892067,0.45765284657494754,0.734844163621525,1.2169244163644133,1.8900273008535653,2.3701587201800582,2.148325160422302,1.4933829697483774,0.9700734938346031,0.7181675428249985,0.649831250200237,0.6671940027716502,0.71099942963228,0.7548125686180951,0.7907146750178079,0.8184660811542726,0.8399201360285753,0.8569062460897181,0.870699687211572,0.8820370072648179,0.8912522049679094,0.8983971276705358,0.9033169422363975,0.905685363080733,0.9050074729011599,0.9005518589654826,0.8909297147350628,0.872125238317821,0.8306445659484529,0.7305982878947161,0.537521808561086,0.3626439689800684,0.39357676402747616,0.5880384060320556,0.8171056461893311,1.0044741954901792,1.1244522672396178,1.1824289568360076,1.1954960271529658,1.1801376510942396,1.1482056435238694,1.1071879566518605,1.061581955027848,1.014129228224326,0.9666901474025315,0.9208616515898613,0.8785101446980289,0.8424265280552446,0.817420611371365,0.8124575318154653,0.8450120240167712,0.9495773954135717,1.191840608035776,1.6817374602308381,2.5379293362182906,3.6642443305388723,4.419272009707939,4.179469198496496,3.2796822689827994,2.360335048879081,1.6924965868776565,1.2767154553497329,1.039042659410217,0.9148769476340146,0.8632199662415876,0.8535107664524534,0.835596586194749,0.6785351823585976
1.047552520533682,,,,,,,,,0.0012868039999653059,0.17211543019215397,0.35295610691169726,0.46593703383518076,0.4805910099722418,0.4890775556962674,0.5618566387424322,0.7087530769285062,0.9197530277362038,1.1791603319976804,1.4694280132193465,1.7741992999544454,2.079314593530225,2.3723684350618655,2.6422858621880234,2.879467283559237,3.0762643477257563,3.227336046859524,3.3295518426968234,3.381332418789305,3.3815661611669476,3.3285900083848396,3.2204136558712766,3.0584490720543775,2.856990605145163,2.6553267075748854,2.5181076762544796,2.5039232899864587,2.5798710499340807,2.5138696372224096,2.0792881848368547,1.4772832353891685,1.0046653858510415,0.7142849464562,0.5494860772492869,0.4573089606015099,0.4062334653543744,0.3792036905704302,0.36690198679125474,0.36401260766524945,0.3673489498001213,0.37490169885378827,0.38533188964765336,0.3976904768980104,0.41126201738632356,0.42548259800752075,0.43990986444377184,0.45424242749776955,0.468402628306012,0.48270456316369065,0.49810424142367193,0.5164904377898779,0.5415146846707886,0.5841115483341902,0.679620156035814,0.8715479775497929,1.1189603105152273,1.342939520312639,1.5085519584969194,1.60974959503438,1.656071635678964,1.663491110634992,1.6464856959620915,1.6151134987392648,1.5754289269898452,1.5307521807293305,1.4827122975752034,1.4318715232706596,1.378005647797496,1.3201337414531593,1.2563607957775387,1.1835966937841085,1.097300977718273,0.9916458511358441,0.8608891237484324,0.7028858046208845,0.5244195051560029,0.34532867458747635,0.19849734807244365,0.12398878723105645,0.1395236333536802,0.201055774110466,0.2521280693027201,0.2805696777433181,0.2952572634509529,0.3038752931390051,0.3109630375446705,0.32004486285439054,0.333923771217184,0.35153358955349,0.35803809905866923,0.30014220537970143
1.0496330617859833,,,,,,,,,0.013784587194359396,0.6834450148653703,1.5881295321107942,2.5770589440293454,3.303933414822505,3.7577048851022052,4.219565028183057,4.864729785194865,5.725202143225598,6.769079589947309,7.945758181754726,9.20139363125892,10.482076513191522,11.734592625672018,12.908217186484555,13.957409095505453,14.84380553243674,15.535572911212554,16.002317841051944,16.204258537951148,16.07635696213281,15.515918834181784,14.402211533822426,12.694274497650616,10.584365943093236,8.503080224246823,6.844533668507386,5.691885835619431,4.775364598991148,3.6561916897656683,2.2949089113562535,1.1885138358712135,0.5592542549447089,0.2626946793182396,0.13214233052492477,0.07402002762956916,0.04595656199700787,0.0307696067614737,0.02204889503171138,0.017566469033782495,0.016578565359082774,0.018806079209389204,0.024077937406905833,0.03222680696601148,0.04308723184725203,0.05655285295744109,0.07270095688789185,0.09203884162921828,0.11600742720954448,0.14806370072582298,0.1961216559127266,0.27817108392261725,0.43399993005171594,0.7363118973638638,1.2263946729283481,1.7046695643726673,1.9214612124419364,1.9624796474713566,1.9584795313712509,1.9459065352198435,1.9272429644946627,1.902186745427423,1.8718704283324754,1.837861310610907,1.801513917097651,1.7639112361297513,1.7260405438869095,1.689047238742314,1.6545606899438778,1.6251628662375386,1.6051346482277598,1.6017156107730088,1.627307931063844,1.7034388163474967,1.8679863847297913,2.1879797758083726,2.77881103609158,3.8144316020543307,5.440255643270535,7.370910092280444,8.437492917163176,7.727328944116963,5.976755858467417,4.248730375440946,2.9322889644281176,2.020226212325632,1.4162153931802675,1.0316568342719192,0.797445253094192,0.6578170639653339,0.5573445253538154,0.4126868336343165
1.0517136030382845,,,,,,,,,0.040522561374109874,1.359398570795747,3.5918631244732593,6.755060230058792,9.958655339958067,12.719313563652864,15.574994172002846,18.995067742902172,22.96277525119473,27.180390186231072,31.31283715397125,35.09431737172321,38.33278902933382,40.888776661843316,42.66253310249177,43.58865888820461,43.6280749167312,42.75054645411295,40.908705803315065,38.01757510668763,33.97681066422889,28.79466518976381,22.81610425967108,16.834420936529565,11.768028551192378,8.113079736033354,5.787909874639113,4.393509942531035,3.4565783843561824,2.567074645674505,1.6477385371991218,0.951237806072354,0.5687999897320458,0.3929055959052733,0.31513749255288065,0.27627585593366527,0.25072409195428513,0.22931104094121574,0.20956676119942425,0.1913060032758992,0.17492117456541545,0.16082015126747434,0.14928235621218738,0.1404484743977842,0.13434626848565617,0.13092452144446057,0.13009171260342867,0.1317656791081304,0.135943301498151,0.14278133009517782,0.15256714859519666,0.16499830376659103,0.17588548143365793,0.16921628368529107,0.12468148629773992,0.09908212491848135,0.21682500657514722,0.48228352447811956,0.8172786268017014,1.1420387820562947,1.399685110047789,1.5711509151886252,1.6674402308791347,1.710110099165361,1.7184559090672133,1.7057852522709909,1.6800318783732802,1.645276546048983,1.60291541728361,1.5522501142048977,1.4905821582040697,1.4129881473257426,1.3121188564008894,1.178773808573406,1.0045741307811011,0.7878951227317541,0.5415961793434696,0.29727281687011087,0.10351675927048443,0.018315394524125502,0.0675228528146965,0.18596298983663676,0.287974827427962,0.3523437446928403,0.390122261448919,0.4123772382786792,0.42677447088184767,0.4397495254948885,0.4564235151968019,0.476410319457253,0.48155719265881125,0.4061326639921135
1.0537941442905858,,,,,,,,,0.0008079127364821456,0.03345044971698291,0.17362223440889338,0.5332049918940382,1.1111722809262758,1.8673165802305782,2.952885124293538,4.682039476385011,7.3759404047135915,11.121759491341482,15.526529091094925,19.801537757350353,23.218794611525848,25.446824630736455,26.505716333586065,26.568066328057206,25.820697835067012,24.41139998231566,22.440333137524163,19.972939727334964,17.075081514538574,13.874382147285008,10.61847895148217,7.650948266463831,5.266677058519372,3.5662331594216163,2.4539477445700646,1.7425929139479441,1.2478584124659848,0.8605614827072857,0.6060261849597958,0.5366944436754915,0.6008218374389523,0.7121162413552096,0.8129675147282076,0.8793017353001481,0.9102502711997752,0.914917373481298,0.9031913281306738,0.8823502152885395,0.8569418448154017,0.8296056727370974,0.8018551118940117,0.7746168869629264,0.7485803874713085,0.724456468024613,0.7032459934306664,0.6866355093189244,0.6777044721394541,0.682297357439131,0.7117835784965756,0.7885063429289755,0.9542459310838031,1.2660038325156522,1.7010037694161462,1.9996036261380818,1.9979072455840865,1.8761788117348845,1.7690966417342298,1.6948380852382947,1.6418012361018588,1.5997679439652697,1.5630385217140703,1.5288017070328532,1.4957919011613663,1.463592279592723,1.4323433325049038,1.4026935874197313,1.3759347282547871,1.3543387258460098,1.3417817959366152,1.3448226705424355,1.37451959503636,1.449417053841099,1.600171403696067,1.8754862291923606,2.3445711486775083,3.074834653178703,4.023758291194535,4.798081808438196,4.694660229658904,3.661292274362983,2.4891948536600412,1.6650382770856418,1.1769165786348732,0.887893363377181,0.6963752895457677,0.548961928947454,0.42362458879762255,0.31320574448008276,0.21328303006088484,0.11685733369817732
1.055874685542887,,,,,,,,,0.09456624165426543,1.446458408349227,2.80150302013967,3.720501824643138,3.8350211790455417,3.4985075969045534,3.19845994906376,3.084535202996136,3.1277463830191197,3.265905948807483,3.444784360724257,3.623590712465111,3.7732071213806146,3.874059884946051,3.9147134203807568,3.8908899204977048,3.804445296696376,3.662049350669442,3.4736204974921816,3.250810646869298,3.006003099384071,2.752444080383282,2.5062924989388735,2.2911788837718228,2.1444720561636172,2.1220974885582047,2.2971375730109758,2.7357788620582006,3.3878107611357096,3.8840496441485524,3.763011866735376,3.194578166734594,2.6482198181122154,2.290286346732105,2.0847476152649764,1.9676848296065155,1.8956754494144816,1.8450247270980187,1.8037692417268316,1.765992797896592,1.7287665316692087,1.690637318821478,1.6508831258270087,1.6091244402192564,1.5650938710274993,1.5184685275906722,1.4687187236306625,1.414953986294486,1.355763246741831,1.2890162190868832,1.211335932154753,1.1159432443091915,0.9855870014277234,0.7822995547521812,0.48628626725811125,0.2458023423318883,0.2505861595695798,0.4260881813143683,0.6293811238239979,0.7897317713337788,0.8903998300729219,0.9405477611657499,0.9561804325071306,0.9509069346950758,0.9338428311430292,0.9104121046079532,0.8836045097650796,0.8549114922521907,0.8248625807096932,0.7932512441955142,0.759136750661217,0.7206915466797585,0.6750060244747715,0.6181395593807524,0.5460777762940574,0.45762528354578985,0.3597517024028396,0.27346597600452277,0.23431555130326912,0.27342346331477185,0.36491866783414,0.4216416748337139,0.40663567241131204,0.3503119932502045,0.28301043174846957,0.21833597498404828,0.1624605389467441,0.1187889053242356,0.08785021904359804,0.06733558127420106,0.052867046683776994,0.03749047387488363
1.0579552267951884,,,,,,,,,0.0012784259275293829,0.010806528986405701,0.02987716714643571,0.08550659891801565,0.16910531056228423,0.2388788407270338,0.27891438157223086,0.2979336772816529,0.3051186071401489,0.30445048841204886,0.29701476515901465,0.2831471651332328,0.26336970901297135,0.238652028676072,0.21038353072228871,0.18021935347528792,0.14987703834274735,0.12093863199997561,0.09470098912472118,0.07209985390315962,0.05371478536085826,0.03985066417697211,0.030691828552296643,0.0265310568553734,0.028051550116167775,0.03643582085220584,0.052257031554319266,0.07061507794205353,0.07430601485177056,0.054806602453019305,0.07576759572449152,0.22844385271949497,0.5197207308467784,0.9003629331490329,1.3058175066971303,1.6707831599982128,1.952398198494781,2.141923275009081,2.254004656330655,2.3100637311755063,2.328649867197847,2.322894143882283,2.3012381244436173,2.268891520428942,2.2290725217116836,2.183866576809079,2.1347905418890556,2.0831954093997136,2.030629664788662,1.9792199256189922,1.9317638414031553,1.8895319633330847,1.83985451559403,1.7165287695642804,1.3694072890910585,0.7945953774965719,0.33797907825581675,0.160893408945578,0.15648616948848376,0.21283688164730527,0.2705906430817125,0.3085879332307286,0.3258687000789573,0.3283260537900224,0.3221107711532067,0.311748725457553,0.3002155708895054,0.289478094075873,0.28101528382104274,0.27626113909873135,0.2770500078228689,0.28620280478168597,0.3084672055430561,0.3521665312404663,0.43210570868781095,0.57419013706643,0.8202158259876108,1.222008561944758,1.7871854042676816,2.325570737908025,2.396682378224674,1.8516637210005227,1.1253452693058459,0.5831963324309691,0.2733887225484056,0.12071105330076548,0.05193825876030968,0.022476755152143077,0.010068498630419868,0.004775397442248898,0.002406391708219385,0.0011858694281753753
1.0600357680474897,,,,,,,,,0.047098366525144895,0.5044696976209317,0.8956671956619124,1.020012671940243,0.8456850511179731,0.6093997368710945,0.4630666111308709,0.4106637694739315,0.42255748770608487,0.4715009514132726,0.53197728892465,0.5835232669850215,0.6158406759206955,0.6274914450954119,0.6212780275445621,0.6010327540210677,0.5703571453668389,0.5322814620705146,0.48917268418555854,0.44269646393126694,0.3938658673861054,0.3433155053158033,0.2920408623986034,0.24296955296031975,0.20391516848853072,0.19311892499458422,0.25045997961003674,0.4558379436698442,0.9217566873677059,1.6423442212050086,2.2999908137800644,2.6220489057927194,2.7050529824229543,2.7095999065554985,2.6995165827518575,2.6872503248533497,2.673915506798248,2.6596160878889226,2.644216014325129,2.6272235274774456,2.6079755785399987,2.585872537812561,2.5605319268899462,2.5318775271808764,2.5002201939265665,2.4663921704528167,2.432008861314676,2.3999618501104942,2.3752813102285644,2.3664581110860095,2.386800584199811,2.4528965402425853,2.5677091178203644,2.6531067291320167,2.4424438057854614,1.7435490073197617,0.9699476519668897,0.4891226664195368,0.25244316406844136,0.14038542231527246,0.08515943096711866,0.05626165389539705,0.04051022065207357,0.032129273248549056,0.028520523301034148,0.028478956468148603,0.03140647100139739,0.03693305073284017,0.04469815242322156,0.054176782276962515,0.06448763891623335,0.07415813314006427,0.08090215082253549,0.08168665645934121,0.07383080791750125,0.05843346789206008,0.046923371040274484,0.06763681933382942,0.15965133951021285,0.32677570543981266,0.46589055864264783,0.4531669767173495,0.3284264209258513,0.19967437484021616,0.11253614560089711,0.06396438658677493,0.039410276246706205,0.027576090943866125,0.02209061351467343,0.019691252342734163,0.018291812429419727,0.01517897637581496
1.0621163092997907,,,,,,,,,0.02388179778687027,0.25104322854305444,0.5256352246078454,0.7624334332097413,0.8599392721260176,0.8526953836541427,0.8296217306006235,0.8289827413389925,0.8526496643685666,0.8919968739834976,0.9377235131222593,0.9822935994947574,1.0201942632961405,1.0477364313993858,1.0628372510679134,1.0648164182858588,1.0541549923491953,1.0321895491301105,1.0007580369087032,0.9618411434037369,0.9172481373355654,0.8683915613021066,0.8162002955010158,0.7612329272147521,0.7039609806809256,0.6446162006544737,0.5804774981341849,0.4975118437971684,0.3634774935684952,0.16890357646675694,0.020631093402612426,0.056057545190463694,0.2780423219251733,0.6177207790751116,1.003785799572151,1.3709552359548376,1.6732984722896,1.8953997308161998,2.0456747175675893,2.1418271201130956,2.2008074806841464,2.2352448342353424,2.2534523211909594,2.260535133000789,2.2595083720033924,2.2521512167067357,2.2396508270204203,2.2232098058400895,2.204869518676325,2.188853385109641,2.183429221393428,2.2010757875659817,2.245720567298192,2.255452329678786,2.012736645875702,1.3760881779612306,0.7139514810477692,0.32700953416324724,0.15492523399822078,0.0856200519137961,0.05911987301473468,0.050942053742819286,0.05189913496735848,0.058463594299355215,0.06912382079395642,0.08313719034568796,0.10011414482345837,0.11988263647871213,0.14246570447234497,0.16813659399825168,0.19756938765307624,0.23214600437033314,0.2745463948221546,0.3298695819216869,0.40773522821425817,0.5260101417984093,0.7162381034394337,1.0259748717936437,1.4930047745390267,2.0330535338635416,2.3152140113523494,2.07201638723172,1.511875335801882,0.9719310615962184,0.5904768815313031,0.3603368227354655,0.23267185862871298,0.16459810323819718,0.1289841596961307,0.11022714896526915,0.0974847178450812,0.07738292082473348
1.0641968505520922,,,,,,,,,0.05297022157742071,0.5461948304583522,1.1593767825650452,1.579221331540244,1.5691200481967145,1.3396573456986423,1.1483035953033711,1.0561270388071033,1.039649607628699,1.067956814544785,1.1182201478277698,1.1749959448361618,1.2279864362549913,1.2705395678710867,1.2987917912702507,1.311135719813729,1.3077902187434958,1.2903684192280256,1.2614329214200133,1.2240832131034207,1.1816393050092722,1.137485530445669,1.0951483848434433,1.0587268075881977,1.0338340785371902,1.0289602904410053,1.0557704137476176,1.1229867095679191,1.2144382624118142,1.2662261561159505,1.2319483998025647,1.1760826116211776,1.1712026784622438,1.2174379993361892,1.2854956109189708,1.3532954735205458,1.4124260724838906,1.4627876479074833,1.506967663992066,1.547453130080204,1.5858782048804823,1.6230970670594098,1.6594480260653481,1.695002419866614,1.7297739887179557,1.763925172212478,1.798030174505388,1.8334713125587607,1.8730390717510648,1.9216587569840486,1.9864359818886013,2.072575443736153,2.1644543663798,2.172470641053495,1.8914520563363248,1.270421123274851,0.6913183440885264,0.37680424709281424,0.24463677580020307,0.19682620186169825,0.18500496608247222,0.18910668925346746,0.2009270790514065,0.21697074467049918,0.23561590351331657,0.25596751332948536,0.2773444016499811,0.29898908884836656,0.31982569399196925,0.33817652006384674,0.35138993378523115,0.3554005350618713,0.3444292485363327,0.31146112465955933,0.2508032104795856,0.16423162249011372,0.07032154184784827,0.012156076936416037,0.05331851273789692,0.23642553492681442,0.4851960846486901,0.6245677268725353,0.6087387324108803,0.5243383713645627,0.4406517703409544,0.37962703704776846,0.34141001144859195,0.32143307964944284,0.3154715394918807,0.31829288754667,0.3169657964020924,0.27485949275838717
1.0662773918043933,,,,,,,,,0.1349116546232493,1.0249709227364445,1.8222681163761576,2.2179088292250744,2.0944989232801428,1.7727164095555543,1.5300246770568786,1.4114758707781205,1.378673126908993,1.39154864773942,1.4223134183340644,1.4532927897309318,1.4737441834290024,1.4777744917980844,1.463076532531549,1.4300469603149668,1.3810292466068619,1.3195997942282074,1.2499266207854836,1.1762759596632353,1.1027400095602675,1.033234467128036,0.9717837457552085,0.9230593033027069,0.8929768321655549,0.8886349926155094,0.9152848063284206,0.9642170611617068,0.985272017633101,0.8840963819504124,0.6532707121250338,0.4470377442109702,0.3683491395119523,0.39756922470370176,0.48244578371323565,0.5842967256963583,0.6839502421249549,0.7760053741290781,0.861582562717041,0.9434745529728895,1.0240273257828947,1.1046185173935115,1.1857565717521787,1.2673168795579361,1.3487436272649151,1.4291738602804704,1.5074707689831435,1.582136372251714,1.6510126691733376,1.7105177539535878,1.75368899933889,1.7648747705854346,1.705641758662151,1.490135459119478,1.02311342253144,0.45675686256623715,0.13891122401980527,0.0836485873187223,0.1327898816123548,0.19907383566226763,0.256322295904518,0.3014363044957497,0.33741637857550594,0.36774735520065366,0.3950381419439067,0.42099856192572593,0.4467199923873073,0.47296133024605364,0.5003951067667689,0.5298456753826563,0.5625776229566073,0.6007155813074853,0.6479173845618137,0.7104955936944722,0.7992907335535632,0.9326494843200974,1.1402110060629547,1.4628454790788905,1.9271209570376293,2.4488633420626305,2.7414866144478878,2.5900198905140197,2.171149211464209,1.749983110732264,1.4314345200290755,1.2178626252014202,1.085891127159028,1.0144097017948783,0.9882641724327257,0.9906261649914524,0.9821692889190092,0.8534237365709305
1.0683579330566946,,,,,,,,,0.06445696604807646,0.6076254858077484,1.2964912506938457,1.7511792455217445,1.7371641939036342,1.4861404204783824,1.262562581947951,1.1283914072716736,1.0594438720274169,1.024372811759181,1.0013152243819017,0.9773558635094309,0.9458907242806217,0.9045447763841276,0.8537214618755652,0.7955483137146688,0.733059656819006,0.6695569220077233,0.6081426802107126,0.551434568160392,0.5014471279416046,0.4596006092028515,0.42677914302136244,0.4032939823505137,0.38845854071303954,0.3792128459836797,0.36706144629196086,0.33377545981684176,0.25354291575000165,0.12556608605663325,0.019651814663599297,0.007297023784620082,0.07790876259059129,0.19158850178695133,0.32245051741959885,0.45810775669028175,0.5935536086730089,0.7276213300437051,0.8608165996302594,0.994011493226085,1.12781773464269,1.2624003326820934,1.3975259758670795,1.5327325135775718,1.6675886092703567,1.8020791534992198,1.9372221485002348,2.0761211766811787,2.2257991212728228,2.40028544361357,2.625085755032987,2.94001849668493,3.3819585107961525,3.8809660944009674,4.024082389292409,3.313486669611748,2.202961627639472,1.3881753109308042,0.9404388626606097,0.7150990136987829,0.6051025204848822,0.5541499995371982,0.5341521884383345,0.530770051797313,0.5363551290757989,0.5465828646758151,0.5587585518927715,0.5708747943332355,0.5809938076865057,0.5867398833078014,0.5847976426933477,0.5704272499025983,0.5372334624187047,0.4778651695102649,0.3868828124560345,0.26693247513054763,0.1372344413827492,0.03994896936945267,0.03772470381704814,0.18292987794582644,0.43073297014247997,0.6254597330061222,0.690865338628772,0.6770901433751537,0.6424049481065455,0.6122550977517343,0.5930974947622963,0.5858059930464535,0.5899576379194911,0.6008994863510937,0.5984571976622168,0.5204573149171917
1.0704384743089959,,,,,,,,,0.10023194981824815,0.8016063279546921,1.5519993365425782,1.8924900824635913,1.6709935446815396,1.2539892923319345,0.9311629793011789,0.7344539113345627,0.6175368544725575,0.5407718258259406,0.4809353423250569,0.42618706614357343,0.37147293219178273,0.3156521200934977,0.2597279050210067,0.20569668209802747,0.1557725405711697,0.11188316708402614,0.07538902457115816,0.046990047279171956,0.026785025201991663,0.014463496660578095,0.00966080737673689,0.01263080938969113,0.02566760972162516,0.056243319540073514,0.12324473104697382,0.2642554007941848,0.5212616411964512,0.8554554056623888,1.092924559901594,1.1476170096684504,1.1205247767311424,1.108453985846674,1.1407297527501974,1.2148874456304115,1.321572868676063,1.4521403993660988,1.5998069092987484,1.7592912392583397,1.9263133161128583,2.0972101061518575,2.268659759304114,2.4374543418800134,2.600246719941671,2.753178267252744,2.8912734435189567,3.0075114184775957,3.0916994922169847,3.1299194958213743,3.1060218759687723,3.0037310335911953,2.79451760875531,2.391795224659264,1.6716706503546663,0.8177644216000121,0.3085352905338683,0.1916913360395133,0.24946929828618936,0.34423907304093665,0.4262861075626728,0.4857710819960235,0.526266469341546,0.5537396163886983,0.573061631532051,0.5875059140274336,0.5991104388312565,0.6091365929993381,0.6184363243458314,0.6277309083533509,0.6378542306404886,0.6500281512342861,0.6662588269869643,0.6899908692154548,0.7272364361480855,0.7884358294796093,0.8908568193107329,1.0586058309945874,1.307728070641554,1.592259205562408,1.7560154269752684,1.6841311200958367,1.4740722217976034,1.2684689597170413,1.1210355338294573,1.030622438139284,0.9844459741625883,0.9730253675322665,0.9906758731579679,1.0275482071839632,1.0483595078951673,0.9417661541461232
1.0725190155612971,,,,,,,,,0.08412086311930544,0.5258598435388236,0.9474681824162318,1.1820435680066177,1.1533533293454106,1.0062679185372374,0.8775989098348134,0.7947426995823558,0.7432858652640669,0.7070419181402664,0.6753186409522925,0.6420885299174827,0.6045554479987265,0.5621301512417147,0.5156921819558588,0.46699200110631833,0.4181393156884596,0.3711796418414173,0.3277761399796906,0.28900207020294105,0.25522790425301867,0.2260717390288442,0.20038560838948763,0.17629310800038947,0.1514233352802664,0.12381077634664847,0.09457568476255356,0.0740148415881357,0.08938315891276637,0.1762467342202897,0.3353088003427638,0.5300799066725111,0.7453824703521551,0.9851633086836274,1.2461413883680676,1.5166481024102614,1.7851115567756233,2.0447146923525223,2.293101984984952,2.53026590711796,2.7567933232470474,2.972973072760732,3.178527068004192,3.3726498456219693,3.5541509985659574,3.7215946894618015,3.873392849531547,4.007865509657968,4.12340106966528,4.2191225401669765,4.296668691205047,4.361418686237338,4.4077969180987635,4.342979743949951,3.877702368653173,2.86498795421795,1.8367346952439625,1.2034604065248904,0.8869185010973248,0.7342421701933116,0.6580019076521229,0.6174038986008362,0.5937874419563209,0.5783255299450323,0.566632052760936,0.5563819516416075,0.5461940752788789,0.5350468192082539,0.5219123029014213,0.5054638412308924,0.48379458173560635,0.4541644792010141,0.4129379633182431,0.35615389762288197,0.28154661988836044,0.19288193340357934,0.10626660102895252,0.05535422727999513,0.08808612692017509,0.23534215227389627,0.43969270369588037,0.5718124973999107,0.5952296164361539,0.5691694927758423,0.5400875969575445,0.5210752982583343,0.5119180942725767,0.5111903400162584,0.5182639447796837,0.5295799061864597,0.528717780854087,0.46445935174034286
1.0745995568135984,,,,,,,,,0.13209827573659264,0.9435608012161271,1.978567846693061,2.734793858955527,2.8070717193292563,2.4771359611359105,2.1546591659196395,1.9623928071038361,1.8764172405124246,1.8511846502440927,1.85160112380794,1.8548882793156398,1.847525565958266,1.8225471422569302,1.7776679786096026,1.713949141478123,1.6347502140412908,1.544865149199073,1.4498529483956195,1.3556326693133625,1.268430154062396,1.1951775257571167,1.1445198149608733,1.1287230042105272,1.1670195052919703,1.2909540113862015,1.5498986960437937,2.0011376880281753,2.6312687118822553,3.1895575857307765,3.3046463080066104,3.0302346476649844,2.7134836591690146,2.5288103269398947,2.482720703661215,2.5362912833993057,2.6534632168933747,2.8089599373190626,2.9861383066045,3.1739528947873716,3.364783776593162,3.553109603201816,3.734751563214661,3.9064691451729776,4.065771887433361,4.210876853778678,4.340796971805624,4.455611009278721,4.557069183220052,4.64982010216453,4.743308916206595,4.85133410376718,4.971491433849638,4.992571779133355,4.55411578134322,3.4248224624457175,2.1990493348494553,1.4043921719122572,0.985475873397224,0.7697465425517135,0.6521485299178671,0.5818413414438682,0.5349244563250678,0.4998677319417631,0.4709133629637343,0.4451075466174633,0.42090965142157877,0.3975069313265188,0.37446387266173425,0.3515462914657577,0.32866037450537716,0.3059143101815664,0.2838892215580813,0.2643338419522364,0.2516943374503442,0.256081874784347,0.29806619120962835,0.41357085574556185,0.6476617382374376,1.0027183655961092,1.3416851402259358,1.4683010295323398,1.3848959252231194,1.230159853121074,1.094309297640191,1.001370010630443,0.9483965663654292,0.928207240060774,0.9349004798213816,0.9585759617382433,0.9676496265796124,0.8671535149848949
1.0766800980658997,,,,,,,,,0.0239591606291325,0.12700473193608436,0.24960086015146812,0.4232617472609531,0.6677610759375545,0.9711627218802976,1.3198450611097314,1.6985587765140981,2.0729189832201587,2.4022581412955293,2.6611239959313844,2.842978594324938,2.9519228006146,2.995487861926844,2.981814632572593,2.919266413305501,2.8165662819093287,2.6826861410641984,2.526419748926435,2.35582911614405,2.1777809535004575,1.997744983731877,1.8199985734587985,1.648390894886225,1.4877588483402182,1.3456975863410663,1.2335560221874842,1.164607690806078,1.146138431871728,1.1665116221092742,1.2076333547459457,1.286293223127511,1.432967051272546,1.6489111033557078,1.910004716439142,2.1863821790417046,2.455896863379329,2.70758212578232,2.938500317845401,3.1493571069071655,3.341596768515691,3.516097348463561,3.6727597694135485,3.810384789722975,3.9264697883551403,4.016700761975923,4.073998191322074,4.087153118386495,4.0396587608047145,3.91059603109846,3.680314844648561,3.3386602366045475,2.8773340513457586,2.251372803447043,1.4152002157572399,0.601451827032496,0.1913091102400998,0.13940149228948967,0.22102730103741985,0.3117322380211904,0.3719654507403014,0.39916644011696173,0.40192373463704867,0.38925928849072905,0.3677094493607078,0.3413958807650832,0.3127689956900031,0.28325836523644954,0.2536985705244797,0.22457704864060676,0.1961770015123958,0.16869131208421603,0.14241510946327002,0.11822036372236894,0.09869235142535043,0.09046417222384505,0.10794858309114487,0.1765156069406951,0.3258614079520039,0.5507910060921586,0.7506811355561227,0.8013869044690815,0.7222857283678589,0.6111429822594385,0.5223064241372366,0.4650075655101613,0.43270551349507774,0.41795789790192456,0.41562695119739085,0.42013031180132077,0.41763167608405766,0.3694365570954274
1.078760639318201,,,,,,,,,0.2392326022657027,1.1926384938223005,2.0112357488644355,2.363556411926604,2.1628032010220553,1.7757306407262174,1.4993362100444252,1.3788579346245768,1.3696414771764067,1.4244586488026727,1.5094402683480885,1.602252643742472,1.6883087344644323,1.758120031312146,1.8059011752107148,1.8288741128382422,1.8268058064995347,1.8015455711892465,1.7565137514239944,1.6962076055271775,1.62585162175538,1.551367780273685,1.4799288477562655,1.4215043068257152,1.3918689427714825,1.4170297583759037,1.536825104318349,1.7973216816294824,2.1985367023306566,2.579859836623868,2.6798668415138143,2.508490037806818,2.301332899422579,2.194043228485148,2.195743610925383,2.271834480937869,2.3877816001919343,2.520556928093722,2.657288286451551,2.791260749562129,2.9188972414490113,3.038143072430461,3.147784049395565,3.247276123162929,3.3368835998802227,3.4181044201364865,3.494515656865557,3.5733540646065474,3.668384521933553,3.8047555661018695,4.025627275216921,4.394423482279041,4.963017642200438,5.615774515002985,5.7613991834574385,4.740883013152907,3.183355026607763,2.0215816260422885,1.356932255068077,0.9958792421770957,0.7919972704457445,0.667384512677558,0.5832128078330033,0.5200501734385606,0.467995937134427,0.421915432941638,0.3790833712323888,0.3379716030407324,0.2975976467392729,0.2571628518263204,0.21586941464225895,0.1729213615557187,0.1278547504778782,0.08156196665518124,0.03868306787710939,0.012282515027184653,0.03145013081654691,0.15025372499444664,0.4451492005983795,0.9515835387217061,1.511239124709044,1.8201501777577822,1.8042941580759462,1.6252459806275539,1.4240332671495366,1.258291135479467,1.1407508859558133,1.0693142098367787,1.0376024273749358,1.0328311999978654,1.0208159847770149,0.9078951632859176
1.080841180570502,,,,,,,,,0.004388025818069495,0.006606167651099358,0.00026814901620169745,0.01455303452703023,0.0641286932327634,0.12503261192647766,0.17597649465474496,0.21688218153864902,0.25364763508017796,0.2898347746229311,0.3263573536281969,0.36269432620325553,0.397725660315046,0.43017694282304236,0.45887621855216265,0.4829275172357832,0.5018328919664936,0.5155729498034536,0.524662724930361,0.5302181874220625,0.5340911844157323,0.5391591744272467,0.5499021443345378,0.5734809198480583,0.621646637423386,0.7137575750683913,0.8797076061364244,1.1539552135694393,1.5322701979808258,1.8825710373896127,2.004820281811517,1.9177316954974128,1.7999142222585103,1.7443066119090764,1.7535156442562083,1.8050766735998869,1.879354481495133,1.963982113886433,2.0518861644023536,2.1389788468342945,2.2227106718606002,2.3013172514633347,2.3734442709078403,2.4379385010676136,2.493683022821262,2.5393978850584005,2.5733369959264016,2.5928027826437607,2.593382266283876,2.5677653404756198,2.503742222079144,2.379676680088606,2.152827900943902,1.7452838427569044,1.1166961895583403,0.514135760886436,0.2817739349669632,0.3528507167044782,0.5175976826063714,0.6656573576119033,0.764028462143546,0.8141479715318161,0.8284268389690641,0.8194441721793226,0.7965929764072528,0.7660720940028263,0.7318025259947226,0.6963222515655859,0.6614499699302451,0.6287578541719773,0.599946714633824,0.5772178807781656,0.5637368742044183,0.5642985192289917,0.5863175757928388,0.6411767931687143,0.7452776307671134,0.9171395801639263,1.158327078162921,1.4024757126696958,1.49459673826918,1.3590214054078102,1.1202856849803378,0.9110247812000787,0.7647857309625232,0.6671850325087448,0.5998510803453301,0.5520952437495115,0.5193661095536907,0.49729831540200126,0.47253485243895155,0.4068256166387569
1.0829217218228036,,,,,,,,,0.12846834198308613,0.5358469058386619,0.8046754539407664,0.8152440325401664,0.6117086463875594,0.39254286125837234,0.25516651406144686,0.18830692740073973,0.1640942745959327,0.1646916332230024,0.17873961875339942,0.19674386895609028,0.21119314889921897,0.2182959270494398,0.21768792971675052,0.21066627340186295,0.19877233209962591,0.18316833521118986,0.16449173333852501,0.14294185511877192,0.11856882586372049,0.09182797769371157,0.06434435595755714,0.0395384480211131,0.022855040363535053,0.022607030719411562,0.05397365528089867,0.14618770703337566,0.33631736574570065,0.6067759298355209,0.8263478815941121,0.9045547117636136,0.9050300839614803,0.9129373967300911,0.9592529637517933,1.03748528479502,1.1301836835816663,1.22338726523156,1.310070788044157,1.3881837089009994,1.4579759355175714,1.520348268420235,1.5761723836740995,1.6261425770143798,1.670865830151933,1.711085143649179,1.7480764676172544,1.784411939376197,1.8255181315488094,1.8827987433126707,1.9791842161580817,2.1561382829798648,2.4718871925641794,2.9486478744770115,3.397372772746332,3.4019989470516454,2.971980850165058,2.5085982092244508,2.180059945360061,1.968811256441065,1.8307739912797516,1.7349172819922893,1.662765160981993,1.6036086538951897,1.5511840864791837,1.5017073374006575,1.452702436503315,1.4022603795481492,1.3485232711406892,1.2892911937001568,1.2217445539155258,1.1424225669977837,1.0478683770894295,0.9367654525910344,0.8147166876631481,0.7023241043244223,0.6451807321979826,0.7208850451589859,1.0270080582661447,1.595576169901655,2.2153775661880526,2.5180272512229123,2.433344750982443,2.1693941618121344,1.8942575109633646,1.6658525598121439,1.4840957933136338,1.3311369202766932,1.1881688956250218,1.0391215873655,0.8660813675387796,0.6365841624511076
1.0850022630751046,,,,,,,,,0.0035599108866673527,0.0024643196800304417,0.0036990798351289175,0.05648750682328022,0.18047568700709032,0.3225178285284988,0.4329537566375522,0.5034864734582568,0.5424548662375458,0.5582184429909204,0.5562308981528561,0.5399907712463727,0.5121300523153657,0.4750396691186992,0.43111606194265495,0.38276268822471443,0.3322524705669698,0.2815376868131015,0.2320807317985204,0.1847757055675059,0.1400536236533042,0.09831984287586384,0.060897167952718156,0.031504255787381516,0.018188051165935,0.03654290289834103,0.11638405536373927,0.30764665887272624,0.6503298662501245,1.0545960348980288,1.2690295253595134,1.2070009633068877,1.0308713188978444,0.875912661375088,0.7773907159778621,0.7272345026917354,0.7102039270973256,0.7141421692497586,0.7309090110458593,0.7553357534704697,0.7841895923978552,0.8154671516500075,0.8479679153410454,0.8810660297291082,0.9146313079926068,0.9490904046053412,0.985667011209533,1.026915975321455,1.0778149807074968,1.1479759807702958,1.2559972497682326,1.4367918289339263,1.7469179648544546,2.233147459418151,2.7795638993950575,3.021461466883981,2.8843367785651397,2.6853324534571152,2.5817520389400057,2.555734344967525,2.5609566016025003,2.569384720420918,2.5702871702929437,2.56169736702606,2.5447731158433418,2.521301252402644,2.492885533854658,2.4608156309367644,2.426158186962883,2.3899036755682155,2.3531289230881622,2.3171912806726005,2.2840139147001817,2.2565810972773854,2.2398008524485378,2.241603046904562,2.272445173736537,2.3362224953450337,2.398328096227346,2.337326261469164,2.003332529679155,1.4630810921996085,0.9701756736912902,0.6462966529592816,0.45944497149586727,0.34800553671034523,0.271394627435994,0.21113790400829324,0.1614328843459948,0.12088535251799842,0.08769812503701983,0.057849403015810506
1.087082804327406,,,,,,,,,0.43595499315683706,1.8191931473479135,3.012598980304037,3.53195459883472,3.232450759590905,2.619536972075069,2.1244048732804472,1.8229306457416574,1.6573529491368122,1.566226478945422,1.5083132229611647,1.4590674796307752,1.4049774061067815,1.3396420094403318,1.261290051287274,1.1711373789557689,1.0722118969026535,0.9684789441772585,0.8642166634643805,0.7636401543464292,0.6707846240181683,0.5896615208701564,0.5247229731144256,0.48172219412621825,0.4691034098310473,0.49975960267661046,0.5906576848189016,0.7486312929900716,0.9183012482092773,0.9322337621144938,0.6821865418944405,0.342017630918156,0.11344758324984716,0.024517943726526145,0.023844943614196385,0.06253283890653774,0.11192626492755293,0.15960389974241213,0.20220581842649962,0.24016235039760592,0.27492702019846416,0.3078734134163134,0.33999269811639915,0.3718904497185752,0.4038631143374482,0.4359789381300992,0.4681505115676349,0.5002132547844123,0.5320365167968922,0.5636817013430772,0.5955330725861094,0.6281397012838658,0.6619570269751398,0.7022936498584489,0.7859208728853422,0.997968879127242,1.3678687930346187,1.8277889068852329,2.3011225544636265,2.7238349380100306,3.0540279910790975,3.2831489582027293,3.42695137141932,3.5085491728385807,3.5478746076972856,3.558617248684887,3.5487498734813627,3.521837770513989,3.478034819852161,3.4145711329026316,3.325933579336656,3.204274816913248,3.0411292306200757,2.832185678640579,2.586699243459746,2.34010101796449,2.1621585985863154,2.147975419669296,2.3709986038711275,2.7559126582980658,2.9490482533441655,2.6179692757948754,1.9230591268636799,1.23262761549298,0.7288994927141729,0.417717537942233,0.2427322775147321,0.1488000959301289,0.09907467146034217,0.07239188929256843,0.05670317292356994,0.043395342590398615
1.0891633455797072,,,,,,,,,0.0018288292620406404,0.016788311073159232,0.10599996019388405,0.36405057055870427,0.7931371142438692,1.2853311805306489,1.771668044337467,2.2304177818869264,2.632781870680792,2.946443234365018,3.1555659919878374,3.2625980949767155,3.279407367196437,3.220322487832253,3.0995179657742553,2.930637637966492,2.726880478640077,2.500900303638186,2.2645126685002346,2.028404859336292,1.8020323545268955,1.5938041033327919,1.4115805576378722,1.2634494607986562,1.1586553438557654,1.108161586371371,1.1223921635651357,1.1968703874515894,1.2684535900187468,1.1816252151976447,0.8507718872461683,0.45101951198984724,0.17581697795709444,0.052021420634660066,0.02874526949753274,0.05562136847340055,0.10107412794648082,0.14971929523554586,0.19605480335312087,0.23927966746886004,0.28025784377682694,0.3201466972556257,0.359943341413359,0.4004450863960303,0.44239022210917833,0.48671991178470597,0.5350155931276662,0.590285055291431,0.658480164219424,0.7515862928070925,0.8941270002778632,1.1366315758158914,1.578255680045548,2.3667693654955166,3.508074825377463,4.490406612535618,4.82626855302681,4.757426898453282,4.617607429622028,4.516595256516632,4.459863850783857,4.432265086876947,4.420555400676573,4.416049625567715,4.413388596514529,4.409190228025888,4.401104923595931,4.387172718694913,4.365329118755518,4.332948522436786,4.286378484633279,4.220545215679339,4.128994973111147,4.005255220045457,3.8468749369915054,3.662496638595533,3.4770388414797373,3.3201195427696937,3.177770351886184,2.922069271559363,2.3727752379254774,1.5972506897367202,0.902236078969686,0.4496872399324156,0.2063255712330857,0.09014768307921672,0.03936301844651329,0.018888708333475297,0.01143824806085246,0.009229307402742356,0.008818525712688593,0.008210795531008763
1.0912438868320085,,,,,,,,,0.25717016534324183,1.1614691168993667,2.3376256511997244,3.5108202858819237,4.222088549817755,4.444968198394841,4.485957402740206,4.5318344016491565,4.61323795182425,4.703593985024419,4.770492001259829,4.789893148368596,4.747702187502883,4.638610431395835,4.464639165667296,4.233623938986975,3.9575774279175464,3.6510075557875603,3.3294029904239744,3.0081308423932027,2.7019413956422933,2.425203648349267,2.1929661649025074,2.0229827866648646,1.938866130159319,1.9738044194028705,2.169534919310167,2.547612794055859,3.004197443879126,3.191151155270907,2.8136966175454137,2.126578964328431,1.5382046818234976,1.168887946294742,0.9708379912445095,0.8783896566555042,0.8468251256234974,0.8501429995191934,0.8737039748342558,0.9091277370372624,0.9514138762641532,0.9973717251552501,1.0447198499964137,1.0914909769651984,1.1355219597721504,1.173863053039252,1.2019586750896485,1.2125096523166656,1.194191804216797,1.1311416733725337,1.0051795704330124,0.8022770995390878,0.5223666714417423,0.20470550945291072,0.009174184114631832,0.20359112432366253,0.7918471038260323,1.5353142488501816,2.290505324761083,2.9848048608607343,3.560881957310964,3.9922888126742624,4.289140722192539,4.480879380902537,4.598383149530699,4.665604923423185,4.6982674140670735,4.705233909392541,4.690134430699567,4.652450968683198,4.588055096362976,4.489642173120547,4.348060129378495,4.156287923456786,3.91796944615954,3.6595657056258477,3.4372655147386424,3.3203250468549466,3.327671362004021,3.313670987170997,2.9659698433700674,2.1968820665904634,1.3473246507912962,0.7196993573376004,0.35283315713519975,0.16599169034267242,0.07812691624841818,0.038351627081401246,0.02042564106952337,0.012136158121978628,0.008010484460696549,0.005434652615724735
1.0933244280843097,,,,,,,,,0.04973887571776829,0.22042969379936558,0.48449338521349145,0.8557622551092459,1.2507839441733624,1.576936870839498,1.829568625777077,2.0366504887111834,2.2124771938386263,2.3587757462200956,2.4730486920293013,2.552375837544044,2.59461281774853,2.5989246072122114,2.5661348347700397,2.4988534336475055,2.401324751467782,2.279028022699289,2.138133634511642,1.9849453119138136,1.825450763783945,1.665092458661944,1.5088902657315428,1.3620733452031877,1.2311409935644484,1.1241135378468514,1.0464259409775623,0.9872617188024478,0.8972777509947034,0.7028409393633184,0.43032408597084215,0.24006621913139659,0.22797053394774025,0.37329592752600116,0.6177219766849473,0.9033210180847324,1.1838635295296434,1.4319208116487983,1.6386865786857348,1.8072203007427392,1.9451581942584966,2.0603286372185865,2.1591495509985177,2.2465964453265803,2.3268575109050667,2.404325678673788,2.4849647103310364,2.5783814562811083,2.7012767090295027,2.883451041741345,3.1780827218964536,3.67665280835325,4.5138059228453455,5.7735691715208155,7.100411990449619,7.538907012036088,6.921723513855472,6.0867783295142255,5.48924426053918,5.139331668208078,4.948844033412094,4.847373730793364,4.792269123808193,4.759487291831325,4.735539846245294,4.712515615882475,4.685193499048929,4.649293148034983,4.600265443610835,4.532298029930619,4.4374486925081715,4.305158916569431,4.122996022687858,3.880276903341844,3.5763372175700674,3.232310654196804,2.898090931359151,2.6403402080693352,2.5002306613043386,2.4215630293265735,2.227378585760844,1.8134132700862395,1.3093635370464547,0.8790790394434895,0.5750564128836629,0.38083529731925453,0.2639815267790777,0.19643920843041085,0.15860854721258577,0.13767490575391494,0.12395350727241228,0.1058930304056104
1.095404969336611,,,,,,,,,0.08315173249607352,0.3210231839687707,0.5752333263341437,0.7599317236263815,0.7960724127829193,0.7355070724346294,0.6725700611485617,0.6460876657545083,0.6549596135792934,0.6860580202460721,0.7258617179119538,0.7643251520375035,0.7955246760543427,0.8168055465368514,0.827617174629939,0.8286179442042161,0.821126663768699,0.8068210242988562,0.7875993850664667,0.765594147268199,0.7434182695978596,0.7248711984726879,0.7165639427212046,0.7312037733333165,0.7935158001541839,0.9502090667149292,1.2847223838346873,1.9207689809789352,2.9285944086407265,4.02807528032986,4.569227411851226,4.3692199399192075,3.8703970318039356,3.4315809142973976,3.148861849524142,3.0025773123582913,2.9517122351109286,2.961804614476556,3.008494301909558,3.075395689283421,3.151531395730239,3.2293396655322155,3.3032274850336014,3.3684465135122688,3.420056758505673,3.451762117048353,3.454468380997008,3.4146722712726665,3.313548330324491,3.1290689029704115,2.8443000354199204,2.460310422001668,2.00219545271049,1.5218083179405,1.1535645767820086,1.1373578347791895,1.518680301490995,2.091250149382187,2.6892591050059615,3.2209080573644044,3.6345573774804087,3.9190400978649342,4.09332860629264,4.186695925276249,4.225344453767118,4.228131692791318,4.207104679956821,4.169316074659695,4.118432376056959,4.05579175580747,3.9809966462101056,3.8922918570633502,3.787173635212058,3.6640306234452154,3.5259503802261944,3.3871199230711495,3.2784336543013985,3.2407202381843003,3.284598611112925,3.308418922830235,3.0891855987496624,2.549061995447166,1.9103785631452255,1.390183945120511,1.0379175502990174,0.819187336409116,0.6899355898269617,0.618072435622841,0.5831566544123371,0.5700380142646061,0.5589373701549681,0.5078478101696862
1.0974855105889123,,,,,,,,,0.044771756456713024,0.160969231495715,0.2728349758722536,0.33294763980721764,0.311251349042417,0.24894309561002087,0.1939339845452205,0.15913016433243962,0.14069471423559277,0.13271415039248943,0.13043738491022513,0.13047684925311653,0.13086761366973407,0.13091796827842964,0.13077553783497947,0.13096666050078443,0.1320725106423255,0.1345510428653314,0.13867234934922068,0.1445516159756643,0.15227739372386262,0.16210000960515794,0.1745435852675914,0.19023565785267524,0.20943498751579304,0.23167041891857298,0.25640262538852204,0.2862981177787746,0.3338473826465852,0.42392820663185743,0.5779476359617189,0.8004993420164103,1.092681446054545,1.4507314152206596,1.8521766837626252,2.258861855237484,2.6343422564730843,2.957754289489699,3.2249686609026806,3.4418626085085378,3.6174479681409317,3.7599765501162867,3.875571256373789,3.968118343196948,4.039521473849489,4.089863045440776,4.117288278479856,4.11762091106133,4.084060180126093,4.008066836682815,3.8834909136937417,3.7145886372101273,3.5198267693514347,3.313963322332071,3.0857062298316404,2.8691467596355436,2.7936032933869632,2.8973958181552457,3.0977736104984954,3.30217953418007,3.457023295702649,3.5481194994559058,3.5835000552005796,3.5774408568404317,3.5424329756124497,3.487023744213307,3.416087604772572,3.3315788533890873,3.2330681859181745,3.117948455627178,2.9814465326103203,2.8167952925023694,2.6162633303892036,2.3741467096152515,2.092699519432216,1.7900973874112673,1.5057533448225362,1.296335659719996,1.2172054581532086,1.2784236519248187,1.3850421864692526,1.3930015058110858,1.2811586165114635,1.1298148997361426,0.9990713826766667,0.9068836040258929,0.8515717714948061,0.8269788241253065,0.8269681322078622,0.8427923420594348,0.852466162415702,0.795500994098665
1.0995660518412134,,,,,,,,,0.06385795302425105,0.21904245232039257,0.3453935656486135,0.3712183529970145,0.2882178296548685,0.181738971627834,0.10880758152655824,0.0708393081774284,0.055281747067341236,0.0532405776330223,0.06016173912637584,0.07384840921163298,0.09313547277999829,0.11725246572886854,0.1455596636326417,0.17746635104336228,0.2124508321441586,0.250156671396,0.29056997730042816,0.33431534257404566,0.38316166862201323,0.44092577109521486,0.5151431383707971,0.6202145861238869,0.783277647529234,1.0542473403176913,1.517468236860142,2.279467459889658,3.3478692799586915,4.369531980174627,4.761573686746704,4.499011693969802,4.049279026993676,3.7086030718025116,3.5265562413117397,3.465206658602966,3.479868053473604,3.537937285221727,3.618351418145826,3.707894516561942,3.7982502228487025,3.8841564372701054,3.962350939506165,4.031023345181573,4.089612321776334,4.138894290688536,4.181403993666146,4.222329170311333,4.271140028720143,4.344287497052039,4.468945393847873,4.685214134157794,5.032712970038679,5.473490827725139,5.717510442504241,5.3619945100133455,4.611592942185184,3.966255699861143,3.555405390703866,3.30550735128502,3.140043368702639,3.015008908556776,2.908702073607037,2.8108474666212158,2.7166109581978994,2.6237775921794584,2.5314659450227865,2.439539659286667,2.3483444883201763,2.2586159523115703,2.171502612814926,2.0887096643370002,2.012829480270792,1.9480167870398106,1.9012721433035435,1.884525598359065,1.9167295778974829,2.0214076988058665,2.2060700446226464,2.407029692534747,2.4592195748014216,2.258062239229731,1.91651397094362,1.5945794875300798,1.3551918093313327,1.1954932010442092,1.0958647272319657,1.0390133577105773,1.0123328537315974,1.0026596251318125,0.983830671569484,0.8913925187900468
1.1016465930935146,,,,,,,,,0.027079334456676634,0.07371927957819388,0.10071449338268695,0.11956142130330064,0.1528321988970238,0.20861594947913104,0.27983423740224495,0.36146585040464774,0.45198983890825084,0.5502519657013701,0.6547772933120981,0.7638534537028167,0.8754985922514076,0.9874417369695808,1.0972121431889013,1.2022904159163739,1.3002318368847074,1.38867629841004,1.4651763965739575,1.5268033785278161,1.5695536945090556,1.5877422770453122,1.5739170896513748,1.5202532457859947,1.4221015086881006,1.2822272845997469,1.1119889700421588,0.9297837240942783,0.7677193764132447,0.6880071788473975,0.7543380029014785,0.9581901660545943,1.2439181498787555,1.568239489385297,1.8995284065349778,2.2105935875258025,2.483595708277289,2.712842588232554,2.90121975679215,3.054896654603275,3.1797904725032033,3.2800774690983925,3.35782227427136,3.4129020763976574,3.4427552729203454,3.44173476573045,3.4000666950552554,3.3028503711250075,3.130472159073999,2.862970456501136,2.4897594139215284,2.0184466783728032,1.4701345962620087,0.8793221236678808,0.3762219165252039,0.23520292144639818,0.5099445475142766,0.9440300164319619,1.3452291287300722,1.644190976397589,1.829018320346783,1.9158691354012976,1.9312221892900208,1.899661413787232,1.8391758322101226,1.7612842473047499,1.6726958631871927,1.5768797263591012,1.47512038599679,1.36711405938062,1.2512938890538794,1.1251387613988681,0.9858410314480959,0.8318910881648554,0.6662006508592323,0.5009108508943686,0.3627920977432006,0.29669792048195315,0.3605076987039383,0.5877729328552627,0.9010918071520402,1.1213842388869808,1.1725970717766216,1.1241000704180129,1.054292000288245,0.9986983317106277,0.9661434493939747,0.9563755544396603,0.9666470087562508,0.9896864233114205,1.0025051700942984,0.9393020734740427
1.103727134345816,,,,,,,,,0.07926502388379272,0.3198807060257528,0.6797732186515684,1.0990842123738653,1.4296067758718376,1.6371218719774512,1.8130892950313857,2.027423324900679,2.295819271681345,2.6074478287081546,2.9451705122136054,3.292801956498239,3.6363829951252904,3.964004409813819,4.26576132214908,4.5339855424494235,4.763497239109061,4.95161394439241,5.097750657728253,5.20253104222765,5.266399849850306,5.2879049616200495,5.262457331132112,5.183921138338613,5.052840955070538,4.890673076126472,4.742505522106871,4.636773239971775,4.4984904210367285,4.129150784895795,3.4654419442967583,2.7707524857061183,2.284810932061025,2.027409501017617,1.9275904773958634,1.918990815398817,1.958461540998935,2.02108986818992,2.0931042618881768,2.1669215631875716,2.238289210650015,2.3047945439667417,2.3651572921932127,2.4189673137878263,2.466715284976404,2.5100910078984158,2.5526281688983095,2.6008900639777446,2.6665404458413726,2.769796097986815,2.9445967999803155,3.243607530589946,3.728916891963026,4.390062428667286,4.912949189918877,4.735007348990712,3.938842422464791,3.1220885694350478,2.5358450046152563,2.151375522109529,1.8944619659687858,1.7111042386000215,1.5691020888115506,1.4503906546833687,1.345120077795917,1.248079949937821,1.1566771123108928,1.069823194514563,0.9873425812180304,0.9096838616127089,0.8378206621307098,0.7732896714028148,0.7183553927311731,0.6763262476936,0.652078827781195,0.6528391876654633,0.6889992095279354,0.773327229769683,0.9123261452076673,1.0790273867922253,1.1894670253783797,1.1729504268593824,1.0665509918888851,0.9481447227479255,0.8555983024964645,0.7931148001728979,0.7546493573804414,0.7342236626473673,0.7273021613834887,0.7274970489616912,0.7183756892748149,0.6564465521399936
1.1058076755981172,,,,,,,,,0.059260637592499554,0.2076394456361745,0.4159341599150623,0.7102657332953508,1.083240694657108,1.5208124934380858,2.0366718237264068,2.634923416591221,3.2754213638924643,3.89075877258239,4.425342445469131,4.853718360017,5.173737918421942,5.3936996843846465,5.524484295550867,5.576682489062842,5.5598497722285325,5.4819783062167895,5.34847258381692,5.1606299906048045,4.914198818693989,4.599530550380523,4.206229001936273,3.735005808307674,3.2126428555121467,2.6937359643594316,2.236998453847636,1.8737294205078276,1.5962874048795002,1.3720742749367727,1.179797605589251,1.0304706788834166,0.93637002716422,0.8918996881312622,0.8839280640454731,0.9004076540021752,0.9323585395507623,0.9735026440045745,1.0195150954172356,1.067376169362935,1.1148889103667787,1.16032856626828,1.2021687827491803,1.2388256248685148,1.2683581760584,1.288063552828934,1.2939209527921522,1.2799210974823874,1.2375517667462843,1.156132051078414,1.0248792663604975,0.8364570676524925,0.5910447347243188,0.3124107125476732,0.10409243234858939,0.13666001037616668,0.39471733514350754,0.6934431154036794,0.9272872489751097,1.0751381509188886,1.146427421038744,1.1599272657842392,1.1345513797092628,1.0851042867120186,1.0215990165104674,0.9502081377761935,0.8744590107157539,0.7961465204012363,0.7159013670348914,0.6335045735973912,0.548075643588322,0.4582971108411955,0.3629270270285592,0.26200545469075603,0.15930757370212656,0.06651749930315715,0.009034911057916886,0.03178595818497681,0.19641294498784775,0.5377791274748415,0.9579431643397961,1.236966879168655,1.2855725437467393,1.1999050949980254,1.0879301611997088,0.9986206039911036,0.9422106699629238,0.915419831247634,0.9122236405639662,0.9235178825106375,0.9275688017138364,0.8669510383260001
1.1078882168504185,,,,,,,,,0.13244937313758084,0.5173996456442472,1.0982979042172671,1.761098917068111,2.2110368793625232,2.336408095379067,2.283750123655725,2.197161348923165,2.132095783533938,2.0932990620300282,2.0699143428251072,2.050331722015488,2.026410250981573,1.993851030662125,1.9514885165903895,1.9004014357971144,1.8430962552275783,1.7828357294116808,1.7231454223370888,1.6675183373967202,1.6193215898366486,1.5818833187860033,1.5586925046890998,1.5535497439516908,1.5703026535614908,1.6113180796181477,1.6724590649968498,1.7291626100071427,1.7116301210695504,1.5175834986282823,1.1493733404112938,0.7714826505551837,0.5067354925436509,0.3574530475960335,0.2849085491046313,0.25666392076355266,0.2529769347291703,0.26290906557921045,0.280523212390196,0.3025421171916996,0.327075045126802,0.3529583852351991,0.37942414878392067,0.40594357522037655,0.4321729668792094,0.45797651113215804,0.48353711609573635,0.5096101091783616,0.5380511307493969,0.5729036031569248,0.6226341401265729,0.7045071186591202,0.8510591716794006,1.106392303807856,1.4601288531776784,1.739544674229895,1.7923256832377794,1.6970539542534195,1.5665368435977038,1.4443638650116961,1.3378361679023603,1.2444636584287936,1.1605167905220062,1.0830334149454832,1.0100496753962325,0.9404193976042777,0.873590319239655,0.8094294192215861,0.7481110153872942,0.6900620311290104,0.6359596112133031,0.5867864094492742,0.5439688605452321,0.5096593448896296,0.48727425187036294,0.4824160279615516,0.5040430170495642,0.5643970669511728,0.6720630396397784,0.8082894303879039,0.9037455103396763,0.8944366707177721,0.8075421849248254,0.7105918992425768,0.6379582196581881,0.5927196851985874,0.5679085017659985,0.5569927169611475,0.5555696223873163,0.5586367533419492,0.5541895548379173,0.5105800612842157
1.1099687581027198,,,,,,,,,0.08723707058571459,0.298649794334966,0.56523315052171,0.8226475709020264,0.9638977821255816,0.9757885558773923,0.9276398461904775,0.8711018828016655,0.8223787167663419,0.781091621746504,0.7430003496804329,0.7046752826655142,0.6645088457662013,0.6225083063140899,0.5797984952330437,0.5381259685665092,0.49944745695554715,0.46562849341234186,0.4382598767745477,0.4185858122003322,0.40752281270836466,0.4057334657702802,0.4137027296893698,0.43174800759447907,0.45990173450365124,0.4976630033457821,0.5433717315913886,0.5908088851564097,0.6173430748225717,0.5757034866810168,0.44420055588426055,0.2826040024264269,0.15832162537773925,0.08491971184488328,0.047151904704604064,0.028708795861585715,0.019784219552675134,0.015833940741757747,0.01505895716011108,0.016774336988967062,0.020661958248545817,0.02649778835485682,0.034071970364684484,0.043173145097251175,0.05359051862317391,0.06512031622395154,0.07757488243975964,0.09079755945416508,0.10469177718020355,0.1192863345495545,0.13491343386732088,0.1528388176284469,0.17775865225752113,0.2257285292204016,0.33293923935586317,0.5197039526168613,0.7322025674576488,0.909425721821869,1.035184078167316,1.1121125788690647,1.1476728365794753,1.1515733589458899,1.1333684721479906,1.1007170627809206,1.0589761578004482,1.0115552794939517,0.9604356187639111,0.9065882603869504,0.8502389593800157,0.7910137338583602,0.7280389301094351,0.6601217456349936,0.5862436348354756,0.5067750959388319,0.4259968892307307,0.35644399929144044,0.3248802115597954,0.3776051186250681,0.574905740983701,0.9423719816349263,1.366038640853863,1.6192869982822171,1.6215644885100622,1.4799193488085676,1.310014942827305,1.1671276865640996,1.066010053256499,1.004948266764533,0.9769264514117717,0.9707231042732558,0.9629174077596676,0.8965729697032991
1.112049299355021,,,,,,,,,0.1289114088420136,0.4072345623949718,0.6924349285496819,0.8650652454985593,0.8413713812080952,0.7034533437162215,0.5644093613131738,0.46202118267897097,0.3909484226780769,0.3384205141691042,0.2949834616582402,0.2553706968154811,0.21737427003983506,0.18070933467616793,0.14616340687318122,0.11499421770557125,0.08851895217506864,0.06785982672713849,0.05382603922822042,0.04691932016403336,0.047459091755406135,0.05584359377502699,0.0730031141098095,0.10116015970397706,0.14504132533722558,0.21341895150484932,0.3192553088415271,0.4712939364753404,0.64295863689601,0.7371598587856834,0.6654258411577426,0.48890615153855177,0.3245780101720879,0.21530249403924978,0.1513498854252567,0.11416014363691325,0.09083444766037721,0.07448709001305268,0.061883689971636645,0.05161410084738091,0.043095697574167556,0.036103858204853914,0.030567987518655814,0.02649078432439605,0.02392778977005121,0.023007211536410332,0.023998235636259583,0.02747160837768535,0.034672427418961795,0.04841387817105519,0.07525685534043308,0.13064739295731362,0.2490181096722099,0.49040698867514465,0.8849266323501565,1.2854493138784862,1.4866194660993919,1.5109284350346528,1.4679230472728517,1.4131431208099199,1.3617231141782304,1.3152473596344167,1.2723747474246279,1.2316968468195741,1.1922515055033127,1.1534811929632163,1.1151109720962964,1.0770484151495925,1.039316715781389,1.0020175388385375,0.9653290004151875,0.9295709322886914,0.8954274673956826,0.8645257978286411,0.8407180479227897,0.8324384811989961,0.8558646762093487,0.9360237707224793,1.0960841831650323,1.3171206043420913,1.4903912121436476,1.49437015093263,1.349021993543034,1.159669896255551,0.9926727787431995,0.8646636480619169,0.7719575118194533,0.7075557552042826,0.6653641853627722,0.6381092179588822,0.6113809917671021,0.5519115425599994
1.1141298406073221,,,,,,,,,0.04030105998196305,0.12050083004375305,0.20945865904991026,0.2828222976874636,0.3064231637680348,0.28533670258209115,0.24934621064214735,0.21563212599082676,0.18727355613048066,0.16243976162429016,0.13908130901949728,0.11616542454349321,0.09366314327561859,0.0722305779018453,0.05287443494200294,0.03667397596647945,0.024573488233883556,0.017245227908652554,0.01501564636672023,0.017839825505688328,0.025301490677023378,0.03661037982340114,0.050565718242888406,0.06545881160095253,0.07892516268050197,0.08789319480159817,0.08903040675417082,0.08006972386702395,0.0615910195824493,0.03901448022148889,0.02482021273993265,0.03224358231531174,0.06223125253299465,0.10414988448618659,0.14537168013799884,0.17758271343087198,0.19805046155522388,0.20785230099298319,0.20956554687760848,0.2057895552483515,0.19857265738988455,0.18934521182845276,0.17903161598150025,0.16818139736103227,0.15706480616165433,0.14572307722606365,0.13397778460411222,0.1214095543522543,0.10733198491428003,0.09084782793402302,0.07129758978891591,0.05017504209083508,0.037726623881474894,0.06925489397106024,0.21283675144787462,0.4847059830362862,0.7687557098429205,0.9757615819653114,1.1089409287644283,1.1911853720284151,1.2383093943467276,1.2608442779756464,1.2664572021594123,1.2606573441655178,1.2471628682787834,1.2283029144917563,1.2053885217794573,1.1789822306355402,1.1490559597669463,1.1150633060923367,1.0759813654180461,1.0304320244426253,0.9771099119263534,0.9159442057020387,0.8506291131665027,0.7930572458715371,0.7692004347401671,0.8232723770974446,1.0093271752866564,1.3423748686591175,1.7081834473981319,1.9057851624750306,1.8799136416637292,1.7374329799160062,1.5817460339734346,1.4578995152713097,1.3751339865889598,1.3295754152959944,1.3135888008023788,1.314955072914671,1.3061008253896114,1.2175858260985797
1.1162103818596236,,,,,,,,,0.14496367734673626,0.4072822228603115,0.6250637005840415,0.7018305642556765,0.6165938912124516,0.47368873084244095,0.35899406353642377,0.2871257516090979,0.2458067824948436,0.22253696658073932,0.20936022191965756,0.20184508588342773,0.19772085229016406,0.19596783843686988,0.19626352482783585,0.1986455088236965,0.20331145944853987,0.2105174241883664,0.2205575003970103,0.23382039433563512,0.2509292494066506,0.27298372589945985,0.3019346565595684,0.3411125560027117,0.3958354849544041,0.47363569991042354,0.5823883053589873,0.7213881967451918,0.8583093680521762,0.9135458099305193,0.8343300839054989,0.6869058994576843,0.5634497649187091,0.48993397473610395,0.4526911493599858,0.4341233263762369,0.42319357991887163,0.41465827460268073,0.4064607841543858,0.39793888958376283,0.388956735899508,0.3795700753419416,0.36993140626649745,0.3602942600310539,0.3510690273595844,0.34293068588839815,0.33701066555230635,0.33524503430552666,0.3410277927973148,0.36048130393420125,0.40497178057104183,0.4957832028166934,0.6697971793427427,0.9690077926330884,1.3582179606169889,1.6314149033198977,1.6571279413358475,1.5596502542016213,1.462746617315544,1.397612276049839,1.3577091853804546,1.3322212608293356,1.3138068456883916,1.2983889600163807,1.283844572858093,1.2690645410969081,1.2534242831384623,1.2365010446611076,1.21791863639988,1.1972621323640698,1.174058703574522,1.1478886664993788,1.1188066422991196,1.088437833292038,1.0622928011494766,1.0536464744354055,1.0878840359321598,1.2020561594204828,1.4252088653128474,1.7180017999907642,1.9153598571110553,1.857463468728415,1.5988746360710329,1.298570941980219,1.042329261005974,0.8410311137655776,0.6796011731878048,0.5430864304140935,0.42360553208539414,0.318759843094044,0.227478865981012,0.1470522645938247
1.1182909231119247,,,,,,,,,0.021449301770927097,0.06026515295073797,0.11247253033709172,0.17857862167104835,0.23939177305365453,0.2817386263105233,0.3122071067488439,0.3404869570128075,0.3706136592086097,0.4026256197973035,0.4351549798004412,0.4666933981306494,0.49598989821461853,0.5221082366664908,0.5443936843015905,0.5624265716572575,0.575970464579057,0.584904936653391,0.5891335794163189,0.5884621032275766,0.5824445635392277,0.5701997059664108,0.5502103768094803,0.5201435382750095,0.47676380336696483,0.41605847057587547,0.3339297721639031,0.22909485154718776,0.11262148553652625,0.02200272487276179,0.0033687112913346534,0.056728866787475594,0.1436617680436514,0.23352641133859278,0.3122764877408373,0.3751378082314963,0.4221139187475209,0.45557396105586295,0.4785600600777341,0.4938099755618482,0.5034090952132538,0.5087983023875701,0.5109094121948377,0.5103100779136173,0.5073163013278592,0.5020671138978701,0.49457141181675,0.4847479129154935,0.4724998110755052,0.45791745961690333,0.44184296186883254,0.427437363026895,0.42437373757643704,0.45711555127607817,0.5630057979887988,0.7379783143372273,0.9080431135602691,1.0296631306647432,1.1104487629341497,1.1637701062528436,1.197506840974541,1.2168760639689375,1.2259278714471256,1.2277204792560215,1.224367037074829,1.2171917434582404,1.2069154379076534,1.193799769206291,1.1777283356550223,1.1582324211477495,1.1344906126937129,1.105371078379441,1.0696725702893168,1.0268777670845568,0.9789095921085087,0.9332979481459277,0.9071838195674986,0.9288120563139807,1.0271005453781552,1.1924776839841544,1.32579654664471,1.300462758683595,1.1184041872629022,0.8795075746786216,0.6593932841675606,0.48524021628605785,0.35844593396469215,0.2713430764838679,0.21423503268240068,0.1777765912072024,0.15300188467396197,0.1292802757906776
1.120371464364226,,,,,,,,,0.2662179898787419,0.721837300260158,1.1021003643327902,1.2510821523864795,1.1366693727445625,0.9253720218044814,0.7578032242575454,0.6619263419778832,0.6197806292370521,0.6104044504015315,0.6188332628097503,0.6353344421997037,0.6536634452954424,0.6698611052774692,0.6815402583757739,0.6874565477524635,0.6872235683925819,0.6810979185154034,0.6698028919590686,0.6543846085882276,0.6361064465828048,0.6163919578688365,0.5968298454578833,0.5792676073004239,0.5660557440216685,0.5605271785431135,0.5674650215568096,0.591456576529222,0.6274930552173156,0.6469172808677356,0.6185469031774548,0.5584231714447828,0.5058093976927525,0.4767892560387748,0.467786296823233,0.47110050753191896,0.48103851374126455,0.49432870743897506,0.5091985978068014,0.5246234046113633,0.5399323117141828,0.5546447887998183,0.5684219184060026,0.5810762461052241,0.5926246594058734,0.6033945920016671,0.6142165001361695,0.6267656065204577,0.6441628235595177,0.6720130652941886,0.7201045219401304,0.8046457252084942,0.9481462018147606,1.1621876113943477,1.3864114795412557,1.4728739613077808,1.394977751501524,1.2801149254762207,1.201976706772162,1.161615239645309,1.1424796062249525,1.1321102688729312,1.1240488421682435,1.1155124057446761,1.1054437818795555,1.0934565119624102,1.0793488915756342,1.0628920552407075,1.0437372218031171,1.0213883888961865,0.995262835652641,0.9649536954132439,0.9309550424595542,0.8963106131779472,0.8697516121555673,0.8703962823818188,0.9320038046785359,1.0993472404661826,1.3973215566936676,1.7474536347659946,1.9073138130020977,1.6853153039905262,1.217159480445324,0.7613666501808674,0.43854167093636504,0.2462500139864031,0.14304973937742105,0.09107100722107951,0.06584284771105772,0.05376073181135272,0.047386126419764495,0.04152773174582619
1.1224520056165272,,,,,,,,,0.0159118566810621,0.04389995786713876,0.09051294706277843,0.1643225580121023,0.24567431111671983,0.3084404414697221,0.34969095004704465,0.37874718261473017,0.4026009842528342,0.4237945921610219,0.44236697805839303,0.4574717081657475,0.4681818517201167,0.47381330959098256,0.4740290766784295,0.468845502348513,0.45858647864496327,0.4438056222285588,0.42519122589969766,0.4034674730573838,0.379301205741782,0.35321410948062937,0.32548444229005025,0.29600164973497906,0.2640283593392637,0.2278946947717861,0.1849567891534636,0.13293341394701938,0.07488069483910734,0.027068605037290857,0.012820900113609644,0.03619931231394566,0.08144370896257636,0.13408527251509197,0.18681061782999808,0.23658460703645087,0.28251862894462254,0.32481318371930606,0.36408672212161325,0.40096761616421284,0.4359136051990118,0.4691801676692882,0.5008642236679051,0.5309810791228702,0.5595613345963609,0.5867756075063233,0.6131137910651039,0.6396691849957796,0.6686111115521809,0.7039660243022908,0.7528030140774634,0.8265064745528591,0.9395997580490553,1.0958338019122413,1.2475823968517359,1.2962100781506851,1.2334378863422073,1.145651590479399,1.07878034269498,1.0339462862875675,1.0026174800528909,0.9783773058996061,0.9575922087607168,0.9383064399567613,0.9194381049329032,0.9003512627344818,0.8806352025745448,0.859979825593783,0.8380927127674846,0.8146338662399646,0.7891630289799729,0.7611170868463352,0.7298764164639892,0.6950511738093319,0.6572013467109469,0.6191646507350397,0.5876559171806907,0.5732994398346029,0.58444836039548,0.609178273145926,0.6003514636449492,0.5164729337501448,0.38203189816747685,0.2524510083497322,0.15797480311741258,0.10082877009453804,0.0712322157286067,0.05830462716430688,0.054189268077948084,0.054152312683894886,0.05504789138766402,0.053185264393527075
1.1245325468688285,,,,,,,,,0.30331727077455395,0.7655433906140618,1.11106003738012,1.199412473564688,1.0346782024708545,0.7974593583884514,0.6168824734224923,0.5095623391847914,0.45312659480959017,0.4260257398610624,0.41404450156017725,0.40854287310030696,0.40439139356744713,0.39865695349046654,0.38982608288671505,0.377321655629866,0.36117087537289144,0.34175314691072706,0.31959490295668813,0.29519716776910254,0.268890091090447,0.24071552235062693,0.21035484917357472,0.1771617462230508,0.14045522723601556,0.10040413660554182,0.0599955085724398,0.02796356445823022,0.01884118674021406,0.040551177381116695,0.07694455064700267,0.1049219109926425,0.12165087144397395,0.13519750956285495,0.15125657809268972,0.17187347307262832,0.19728668860511606,0.2270552515662413,0.260505643467691,0.29689248336494917,0.33545828170506925,0.3754592693932453,0.41618227604346675,0.4569641810791781,0.4972218279029491,0.5365009980778067,0.5745559405204245,0.6114718901790948,0.6478277237832211,0.684820951634446,0.7240343639901968,0.765923798028867,0.8051763789298579,0.8223579166225902,0.787118100258146,0.7076212543580112,0.64830118348363,0.6372687155225492,0.6537726155747787,0.6749588709897603,0.6896255538171133,0.6948381873819669,0.6914198832702152,0.6812463639622185,0.6660645018941495,0.6471407435231012,0.6252452793293154,0.6007278321566789,0.5735989289813642,0.5436151129277559,0.5104282994234669,0.4739440333264286,0.4351767971001068,0.39809144816705616,0.3730450920163399,0.3820740543807796,0.46453803465126525,0.6763578444436348,1.0612205216872819,1.5547594904701982,1.8817335950283267,1.762699194739729,1.294732128732067,0.7881145438877978,0.41975941727115224,0.2040579083712748,0.09354047056365265,0.04144197435474973,0.01803975518223477,0.0077671519854262015,0.003284665469805677,0.001322629971602666
1.1266130881211298,,,,,,,,,0.008924408868208188,0.017507524307920585,0.03808159712354461,0.09253323369421271,0.17478907287695541,0.25170309228607257,0.3054900806843136,0.33966012296782583,0.3619120119952224,0.3767985991640835,0.38599131528423547,0.38982861907112915,0.38830709469485736,0.3815223612911806,0.36981383825974057,0.3537697267340811,0.3341651226055208,0.3118691658586417,0.2877431677622763,0.26254405849460677,0.23684036938879943,0.21094180883222283,0.18484281638616812,0.15819550587623787,0.1303784071187423,0.10083203426396613,0.06990591800852883,0.04010110911480636,0.01632911519967266,0.003188541767255282,0.001634680928210232,0.010657211458932746,0.02961240450875344,0.057322451493724044,0.09184908396722168,0.13123620626124408,0.17400925922697216,0.21923506489438346,0.26635262522512365,0.314975979874776,0.3647601530243672,0.4153414615668093,0.46633668286520996,0.5173886331451435,0.5682593833964258,0.618990912104795,0.6701789181684956,0.7234447042145705,0.7822463385821259,0.8532229960077937,0.9481631848984836,1.0856710169261856,1.286629862209004,1.5422088358790793,1.7354462985474335,1.6752747167468067,1.3938559931453833,1.09750473346518,0.8804623251572996,0.7376842450960204,0.6441578493609971,0.5802551933228312,0.5336168871637206,0.4969063714197936,0.4658443923673621,0.43795499265632737,0.4118186783409977,0.386632787762455,0.36195147873996036,0.3375313216649385,0.31324260520789726,0.289030720323756,0.2649352129939249,0.2412027534442868,0.21856193157036405,0.19873104826289006,0.18510903859240774,0.18313847957845208,0.19858306172931703,0.23022086425018243,0.25941233715737066,0.26037372345447746,0.23092591498198312,0.189656978335903,0.15195289213642468,0.12356522331443943,0.10462810957416195,0.09328553040210237,0.08737882021497308,0.08485118290342751,0.08324524301279225,0.07822230643434609
1.128693629373431,,,,,,,,,0.3475932638038833,0.8607601256242792,1.263692729860113,1.3963264379480584,1.2421828177121164,0.9870063527531293,0.779842045460409,0.6487330982419797,0.5732339030518097,0.5303101885551385,0.5039939896810175,0.48447541293755503,0.46608871563795423,0.4458572939530973,0.4225588447782417,0.3961078340839091,0.36712255228421503,0.33660930516077214,0.3057335139523024,0.27566397165203826,0.2474810565652273,0.22214056400595705,0.20049154432468538,0.1833746426658091,0.1719008869404222,0.16812317398760845,0.17621335713461087,0.20297046022478277,0.2529895619425021,0.31532003183153723,0.3636903692368909,0.3888485309910362,0.40532257730978133,0.42613622547615054,0.4549032205719303,0.4907681448538364,0.5321050307597438,0.5775913260523823,0.6262339195414638,0.6772088626230142,0.7297511980436523,0.7831095795099696,0.8365405014868615,0.8893239166898972,0.9407923515285207,0.9903714204198548,1.0376290620456836,1.0823148076435483,1.1243063369633048,1.163176112809747,1.1965340935669415,1.2151141238128582,1.1915933391680387,1.0684504198425087,0.7956901279202466,0.46652894986250765,0.2680314375411311,0.22210175943926455,0.24465771301483905,0.2780152703648562,0.3013247424551934,0.31122561606791666,0.3100685061467312,0.30109312016212925,0.2869153179835696,0.2692874432386713,0.24923371946859058,0.22723062031400715,0.20334458801864413,0.17733557119176172,0.14878783608792137,0.11739815917799594,0.08367522410940925,0.05049487161565324,0.026133111415474395,0.02927359059088116,0.0954257776217581,0.2804017185817493,0.643825250588269,1.1727688713735098,1.6634671091318187,1.8242074981277383,1.6216879020179789,1.2634374935042467,0.9252716937239113,0.6716281458301786,0.5021917198399317,0.39625975364709876,0.3327995378670405,0.29541736444259814,0.27050549516584804,0.2419745795348884
1.1307741706257324,,,,,,,,,0.008499145851123224,0.009037291114242332,0.01701375474040394,0.07327663541287373,0.19511339681379386,0.3449998256740808,0.4805828411576781,0.5868065084267654,0.6638287957816823,0.7152230848841108,0.7445356940199821,0.7548126557002487,0.7487038730073396,0.7286599830062485,0.6971041143150898,0.6565203101318372,0.6094471758937189,0.558401784732209,0.5057742825536631,0.4537304056068431,0.40414395885727183,0.35855986820725966,0.3181624915495438,0.2836902513391907,0.2551919065985329,0.23147795573727456,0.20921990178729727,0.18256271018196976,0.14758681624365672,0.11809408609285958,0.13316534821866102,0.21909217179475213,0.362911928956638,0.5367074898925822,0.7165374491290387,0.8857028421524739,1.0352785394135402,1.1632182497673031,1.2717462771825283,1.3646359117024982,1.4455134966393208,1.5172067855347877,1.5817202181163044,1.6404905016962095,1.6947563167120976,1.746012162428955,1.7966009189344259,1.8505525381908488,1.9147851824229574,2.000633254422541,2.124911424573658,2.3069025432902794,2.5489078438731854,2.77334795607356,2.74338147045327,2.2638739000854677,1.5851065815291328,1.0517559292838436,0.7247298967975407,0.5374708885616771,0.42867290122819407,0.36206029716416926,0.31821608975288956,0.2868778695036646,0.26256091777359797,0.24230384557599882,0.22451611025970017,0.20837888724409095,0.19353072351890305,0.1799083551698364,0.16768104151486718,0.15725261323108541,0.14932792924371296,0.14505817840448368,0.14629337600657305,0.15596532818628595,0.17852910432993285,0.21993871195219203,0.2851569642342599,0.36929836963473883,0.4467917851743667,0.48699469967440634,0.48982760851721874,0.4777908960073279,0.4671261292284773,0.46261172330311173,0.463807134366485,0.46940928402044846,0.4782960363107416,0.48815769082811966,0.49164893780397295,0.46843907901855175
1.1328547118780334,,,,,,,,,0.5167176535631071,1.2847050287146569,1.9517389690781028,2.263275811359278,2.1367691364083163,1.8102052644997952,1.5184623549708534,1.326869645592776,1.2164009178223805,1.1551345708850786,1.118299296118821,1.0896613356664913,1.0594524209893863,1.0224212556052188,0.9764291128781705,0.9214510654400969,0.8588357784382199,0.7907426227075042,0.7197259143563646,0.6484627429973886,0.5796296871760567,0.515934514392036,0.46031133399610463,0.416302283151391,0.3886912438249884,0.3845251937849016,0.414564794594664,0.4939072180000148,0.6357227138446352,0.8300062754116181,1.0339482991035864,1.218369952145431,1.3934952431212404,1.5725989263012936,1.7524101242754315,1.9216447455195906,2.0716840974540403,2.1999130335789188,2.3079556806040267,2.3989454354851425,2.475783499393218,2.5404607025461607,2.5939519344874666,2.6362804496347327,2.666533881831109,2.682730864595664,2.681502728601167,2.6576322445632203,2.603649608265806,2.509899784774108,2.3652848390333934,2.1569843363713503,1.8645775207051805,1.4546951625215068,0.9327178775835843,0.4610522503928079,0.2232986788015001,0.1797714706266198,0.21076773474000507,0.25142610566090845,0.28168752700669886,0.2992639236377252,0.3068199681748309,0.3074857204050298,0.3036444396635937,0.2968160420058769,0.2878153937717088,0.2769145353229371,0.2639435883785772,0.24833864961723995,0.22918341834864223,0.20534498682438848,0.17590755156194204,0.14127453281289049,0.10547697852753261,0.08016235175739518,0.09001347511192129,0.17705871626133596,0.39382354141719406,0.7585296912971341,1.1687209650540804,1.4283043684317855,1.4631521134798344,1.3642599982738355,1.2358856420258457,1.1285538614526904,1.055052789539303,1.013154096334579,0.996346340616434,0.9951613235116039,0.9912168236121849,0.9420133183303467
1.1349352531303347,,,,,,,,,0.017929272096318918,0.021104923802981037,0.009118560833753354,0.015516573856378101,0.07155232644070508,0.16263262004270554,0.2547892924162591,0.33122124294976557,0.38976973899791184,0.43271151015741577,0.46255158317683104,0.4812045238462842,0.49008294516217443,0.49032144756072915,0.48296990914676263,0.46912259716610927,0.4499807804916935,0.42686201357189774,0.401178453584305,0.37440913125471564,0.3480878049651688,0.3238204631455281,0.30333487290643535,0.28854432640572586,0.2815647635550992,0.2845318821620494,0.2989307348012262,0.32437951827436695,0.3592686652704101,0.41073343885755376,0.5085056289499268,0.6870021235892388,0.9541262634478278,1.2927350860056577,1.670646713024604,2.047963256484688,2.3891846227122127,2.6739246469822753,2.8982506465000744,3.068738971068848,3.1956965501204757,3.2889884726794527,3.356481770616971,3.403993373018026,3.43585270746622,3.455650985023679,3.4670744731351144,3.474903804589516,3.4863547784070406,3.5128541880647877,3.571500633580773,3.6817116450886083,3.84087188426392,3.9468402310261723,3.716048758331211,2.9611663466402693,2.0390439335774952,1.357794294307763,0.958473492540428,0.7406734699061684,0.6221466022789942,0.5561950050740483,0.5184023007293302,0.49603854301976613,0.4823406898643852,0.4736566685520119,0.4680195975631502,0.46442399923776667,0.46246025631166754,0.4621467912906801,0.4638868442664014,0.46852184718709367,0.47748009958314286,0.49303545043516467,0.518685582371986,0.5595743948976575,0.6225116397615333,0.7139436252286743,0.8317308209364384,0.9477345064889553,1.0035446947933842,0.9657007383185735,0.8741032593549459,0.7859601118860604,0.7243959882099631,0.6880840756626748,0.6699111111914546,0.6642539877573483,0.6673473315811609,0.6746907511119241,0.6757491828025051,0.6436625130852272
1.137015794382636,,,,,,,,,0.2501079062631119,0.541831737596873,0.7116062286084226,0.6933050548595888,0.5349662574491524,0.36569519154528163,0.25087960619270816,0.18620120390817227,0.15201560472696854,0.13417142909478216,0.12471016470891295,0.11937312837152048,0.11587750758012579,0.11300522144332062,0.11013638943490586,0.10700142872704398,0.10354407530591227,0.09984734378114143,0.09610288587028253,0.09261986895774806,0.08988249426345492,0.08868404267485035,0.0904035321563978,0.09757752025976738,0.1151082447005171,0.15277736950565257,0.22984622834488636,0.3800387532848841,0.6433191038602535,1.0177563350804606,1.4157863883923751,1.7529389922765855,2.0351616053233017,2.2972611215187437,2.5474776322044055,2.773834244166954,2.9640407747948037,3.1143493598311505,3.2281779731850886,3.3117497795693436,3.370974720900821,3.4101548144024867,3.431744519252393,3.4364395900286806,3.4231964191571826,3.3890181453750254,3.328493244861667,3.233252510537433,3.091823885573402,2.890679812586621,2.6166846682640426,2.258172994655738,1.7998853747361359,1.2262291224621682,0.5976298094606967,0.14557442960454695,0.02835189116983023,0.12154727269985038,0.26506064687266656,0.39028934079518046,0.4825154357314724,0.5452809959406781,0.586152144170717,0.6120123892848014,0.6278929752388933,0.6370353212670855,0.6412586005788619,0.6412884209874709,0.6369520322637185,0.6272422691649103,0.6102979735889995,0.5834053243512708,0.543234861974962,0.48670210591656005,0.4129761537006061,0.32696694278560634,0.2438031027880233,0.1925595898220264,0.2149814372106041,0.3458730646628991,0.5611040038423156,0.7586793604435098,0.8606853236890528,0.8794752860699202,0.8602453681486816,0.8335568360846949,0.812382135290983,0.800493634338161,0.7975839505181164,0.799686758555795,0.7949490074698632,0.7529921926189861
1.1390963356349373,,,,,,,,,0.03362222185061117,0.05689376852107135,0.0527808676507887,0.02929088047159337,0.008176343510781928,0.0007112221278738737,0.0013380729872097825,0.003312685654169193,0.004215093448375695,0.003936773363949943,0.002970923238313441,0.0018278066272064814,0.0009063611841268475,0.00048485588614644715,0.0007340130570351655,0.0017323473592745363,0.0034816248201056535,0.005923332438321995,0.008956717165990802,0.01245856543987599,0.01630572298953499,0.020404585110683444,0.024740200960764767,0.02947928858242603,0.03521772842670387,0.04359778460507002,0.05876711921568254,0.09027319891768797,0.15645183024077267,0.2809085626609558,0.47409145993238205,0.7247982005133413,1.0183674506892415,1.341122766836561,1.6707855196800188,1.978280890722612,2.239681332438405,2.4446689320443813,2.595637946824054,2.701715890064308,2.773389966704722,2.8197652480887196,2.8478969507659433,2.8631627495766208,2.870023546464408,2.8729348761935,2.8774263432992435,2.891499831809486,2.9275314943875985,3.0046658075146144,3.1506586470949878,3.398153175349277,3.757689325994678,4.127483593787695,4.1718300357478935,3.5820801454514704,2.663307043797081,1.906484733572865,1.4298255912615265,1.156484660448608,1.0035323585250246,0.9185101477221727,0.8717844266861057,0.8468849348865111,0.8345822020426723,0.8296682002164538,0.8292332519839198,0.8317421506040448,0.8365519544523885,0.8436935649131189,0.8538340340447937,0.8683919962134685,0.8898170317537447,0.9220712564583695,0.9713444151422279,1.0468708571525518,1.1609701841325766,1.324990317001057,1.5327784526616222,1.7258035532175424,1.7854384772129317,1.6462730171805686,1.3961912024544054,1.1605651530095529,0.9915800880740869,0.8860973211054267,0.826193165793303,0.7964777292653387,0.7864528067300771,0.7872052242543627,0.7848207219845676,0.748551580640011
1.1411768768872386,,,,,,,,,0.2184586348899837,0.47000981105212647,0.6249235543514154,0.6161306898262905,0.4773539622822294,0.3232443071775098,0.2167200162728449,0.15639393172928637,0.12492033666303372,0.10928240280027118,0.10208171446165344,0.09936613374937928,0.09901909528498982,0.09989085090557938,0.10135720141011317,0.10309448752740791,0.10496616780943974,0.10697344107298049,0.1092511934652718,0.11210852439549811,0.11613143556355855,0.1223955952281514,0.13289968135608698,0.15146222636019863,0.1855694740374822,0.24990429127834712,0.3714623909461376,0.5900109311076526,0.9300987336911756,1.3260250833811917,1.6182035866621567,1.739568928339269,1.773518914553015,1.8056541372838888,1.8607674486350358,1.9295100699471501,1.9971452518385706,2.054686326992505,2.0993145472864088,2.131644544468482,2.153418639865747,2.1663242694042046,2.1715815482424987,2.1698784000257003,2.1613999458955835,2.145833013255068,2.1222884274287996,2.089087815951726,2.043299625444136,1.979708086340763,1.8883912008529473,1.7492543711778443,1.523006102559444,1.1544454967850677,0.6526485062353459,0.2248371665289801,0.08379578429545291,0.16918511320903593,0.33174285342633925,0.48917101116138667,0.6140860826531856,0.7037926321958943,0.7644880267288446,0.8039954660468803,0.8288615590372447,0.8436390345137555,0.8510330764079861,0.8522289563814655,0.8471310991473666,0.8344485920762462,0.8116602136584647,0.7749761326248857,0.7195458308998027,0.640347270667984,0.5342864068785168,0.4036789532717061,0.26029170922576067,0.12839262491471407,0.04536036135573086,0.05318737193568416,0.16322249000839065,0.31894488183021347,0.4446565383757981,0.517314830901194,0.5526648431001423,0.5694267314041926,0.5787884349428538,0.5862869392875661,0.5941911613959963,0.6015179774177979,0.6010431558220997,0.5719078629691645
1.1432574181395398,,,,,,,,,0.036138441099927476,0.07384916425223358,0.11582746894530209,0.1769266235124495,0.2512369733092277,0.3146015381685042,0.3561474303986801,0.38136018137492894,0.39813619511112375,0.41094449324570903,0.4212982650112075,0.42927791543203314,0.43451247343373767,0.43663248476604233,0.4354368713997051,0.43092795901913217,0.42328685407320626,0.41282136104203504,0.3999024761456244,0.38489778698221583,0.36810295158291007,0.34966180324678703,0.3294494306038709,0.30687578311660774,0.2805870023941139,0.24823345311714487,0.20717719541580676,0.15868012250235994,0.11911942778627402,0.1297887030922587,0.2291853209401361,0.4047692740116432,0.613076267184694,0.8214374338686597,1.0110216652216308,1.170796775641672,1.296823426042999,1.3914107066911006,1.4603007625189999,1.5098514512731904,1.5454891229765613,1.571310548168221,1.5902898488461186,1.6047021635520862,1.61660674489658,1.6283839165302676,1.6434070278578434,1.666989926940194,1.7077914208715128,1.779807010693888,1.904571045795839,2.110786224412715,2.4196495479265803,2.783917794053745,2.9808142289634185,2.7388363145663734,2.1869912826539437,1.6707193203363022,1.3191767362304976,1.1058552279676368,0.9808527892908461,0.9081435406206823,0.8658596667421147,0.8412951444243938,0.8271430569586995,0.8192398454219951,0.815286974004407,0.8141470034452538,0.8154817579386807,0.819611241662913,0.8275399715929666,0.8411447256344402,0.86355999422121,0.8998432323726473,0.9580376956246816,1.050664141665825,1.1959818732788272,1.4155343679315138,1.7170018498620292,2.0473482854676295,2.2559257904558008,2.2068822193209034,1.950962343323718,1.6431384454029243,1.3827449290109375,1.1958391954347571,1.0746132815116296,1.0032900536589786,0.9672062671672559,0.9527036159484852,0.9411405550554016,0.8959310288318961
1.1453379593918411,,,,,,,,,0.4212653889527766,1.0339819602532656,1.6567370118791387,2.0532729295423553,2.0699007586186493,1.8509178458092752,1.6117612483866481,1.441819390618859,1.342950985865686,1.293310865311109,1.2719087478463078,1.2634689206544047,1.2579438215702217,1.249226706972916,1.2340627847344465,1.2112579451539924,1.181119901570616,1.1450725771095367,1.1054189415795732,1.0652582681717093,1.0285875627958108,1.0006377634111756,0.9885135340087461,1.0021912518746505,1.055724754591784,1.1675034391612544,1.354883721980756,1.6106892575976166,1.8509345393810857,1.8996150680785442,1.666906143686778,1.311716430290478,1.0306709461625851,0.8789273054124915,0.826020020485737,0.8293472100428562,0.8583948765428736,0.8959610243269296,0.9339269528749097,0.9691727163774227,1.0008829746536125,1.0290953105702112,1.0540307222661784,1.0758275994134299,1.0944514730965715,1.1096625939024776,1.120981134804886,1.1276066266863822,1.1282217124023992,1.1205019344093112,1.099866266795458,1.056478142218381,0.9697769435926217,0.8078772289991577,0.5667248061342726,0.3470066490254959,0.2677611572021023,0.30844062413607265,0.3914353226481511,0.4708458209519903,0.5313192028683515,0.5717935337766631,0.5961126513133016,0.6087954580144644,0.6134872973412578,0.6126392349899276,0.6076209071307243,0.5988993478401211,0.5861507452654346,0.5682805578340656,0.5433830573828027,0.5087296017896568,0.4609729295255791,0.39689525380174545,0.31511931310333663,0.2190103066134077,0.1203614738565186,0.042727021802098315,0.02195347464217681,0.09433809453730047,0.25660637777847206,0.4366038984419125,0.5590097449355828,0.6136989176760216,0.6275214993436834,0.6244524599104497,0.6172898288552005,0.6116400646101916,0.6093131444814122,0.6088041467066706,0.6027240281249905,0.5711188903672163
1.1474185006441424,,,,,,,,,0.03346714622713142,0.1084291681614084,0.27729591704400713,0.5751684670340892,0.9431009395229641,1.2832120194336194,1.5618682221053568,1.7916145354297939,1.9858172147712494,2.148830611427314,2.28040330243176,2.379294801767246,2.4446141781682935,2.4762160680830987,2.4748561534339624,2.4422295654899377,2.3808636760664847,2.2938626703718623,2.184554233786863,2.0561257976441554,1.9113584952396987,1.7525745039746667,1.5818821489916326,1.401648145341912,1.2147577954887232,1.023859428942082,0.829384826570545,0.6290000876135691,0.4257377627321265,0.24710699237569136,0.14057169203694914,0.1208036448492454,0.1570133595829775,0.2146040957054287,0.2744079475739401,0.32894643949609265,0.3766906905432196,0.41863740785554004,0.4564804070711403,0.4917629888868293,0.5256094917102976,0.5587396221823785,0.5915900995583893,0.6244690537109691,0.6577300369621248,0.6919864798409029,0.7284105598301758,0.7691821371312109,0.8181688659358207,0.8818826820954302,0.9704789254137557,1.0973229563310107,1.271245845545576,1.4662501398209946,1.5708935000754,1.4537395350291578,1.179720542376557,0.9186906364907157,0.7359600719189849,0.6202445303346286,0.5477811652057625,0.501076117849948,0.46943602695938796,0.4466690033739651,0.42927027174661386,0.41531148622320996,0.4038070268964085,0.3943684386955086,0.3870345917096054,0.3822190251775072,0.38075152735819273,0.384019203271447,0.39424376280505413,0.4149776584762866,0.45196678281222213,0.5145628509846039,0.6175767565477628,0.7817133477369514,1.0249238189206902,1.3295721528623505,1.59968888730978,1.7124015450636372,1.6564712819666285,1.5209246904457774,1.3830614056060515,1.274899990343522,1.2017027301927148,1.1592233765647024,1.1407096660539968,1.1368665800695428,1.130089013913047,1.080874972662462
1.1494990418964437,,,,,,,,,0.4739370240538387,1.1024213827966052,1.691663245362701,2.0246614814007726,1.9996976394531953,1.7790782670532257,1.560847626827885,1.4200248716990933,1.3544386211231478,1.342286833999312,1.3628665293501445,1.4003628596461746,1.4433808035322313,1.4839674415624915,1.516850738656431,1.5389137772008357,1.5488203013144284,1.5467306632068898,1.5340863572980057,1.5134722745594722,1.488582491680322,1.464312328578228,1.4469581042299156,1.4443641791013224,1.4654328036307933,1.517274475432689,1.595880201867016,1.6645071460100942,1.6290232684158585,1.3800356127209383,0.9519239718111391,0.53836684895041,0.2660922678498568,0.12901028944188786,0.07797608333154865,0.07319633373927131,0.09118546070455731,0.11975126404356308,0.1530644028522897,0.18853048557251967,0.2250556726883617,0.2621595110636314,0.2995501240828755,0.33693120453330216,0.373913683078535,0.40996368415658324,0.4443470880166669,0.476041048832461,0.5035792876171533,0.5247766786387604,0.5362133252759106,0.5321995253383816,0.5029923347086764,0.43518410926202206,0.32874024991962836,0.22899982496317126,0.18771238476014582,0.19524402029511964,0.21772666121074108,0.23622475329246487,0.2455681078249575,0.24644606930493113,0.2411109420391824,0.23171518165195068,0.21985273394918206,0.20655130933995813,0.19238308636537418,0.17757093484713177,0.16205987027255672,0.14556237971703467,0.12760998057369863,0.10767598313450681,0.08549341852640112,0.061784565815997894,0.039715866249400156,0.027383791822953425,0.04127234834685379,0.10919818596682679,0.26627568102128824,0.5267117068736866,0.8277445630142739,1.038848896073811,1.0957155339991702,1.0450894795629504,0.954187136931371,0.8588674836014999,0.7687507349938387,0.6818959057782132,0.5936748688473122,0.5006164600864778,0.40130488611194703,0.2955102102162181
1.1515795831487448,,,,,,,,,0.04718295962629147,0.12295104890666492,0.1999529460173872,0.24437977681834872,0.25437728456259484,0.2598315798554229,0.2788062487417471,0.3105860681061822,0.34942459193595105,0.3906551246409833,0.43129735945467307,0.4695500589863141,0.5043159397718663,0.534902806652577,0.5608734707588597,0.5819876294623256,0.5981846630147333,0.609573878637325,0.616415410113618,0.6190854886641775,0.6180226982941405,0.613647108413881,0.606233791079414,0.5957141796217235,0.5813901191752608,0.5615757604181186,0.5331347991670577,0.49077012308076123,0.4272950977135969,0.34085366098573494,0.24785032668731216,0.173626054183212,0.12783443409863565,0.10550050594726763,0.09936713963588378,0.1044237099518522,0.11765005268657122,0.13714553240252278,0.16159777641765444,0.1900238359334109,0.22164588165607238,0.2558318886827332,0.29207599050915156,0.33001331373346865,0.3694748243220139,0.4105972881389287,0.4540157594433812,0.5011823146161888,0.5548698682840789,0.6198994648365463,0.7039091276900736,0.8168915476990201,0.9642330775440213,1.1200479495532611,1.186071322492375,1.0570813405227297,0.8025154729664257,0.5704449184785945,0.411169999846283,0.31033746447042554,0.24564783449680924,0.20177584778119756,0.16982110825369473,0.1448574178437104,0.12420538282570193,0.10643608642709466,0.09082300673775524,0.07704338686357726,0.06501725159098921,0.05482512802032301,0.04667628625829153,0.04092137891170482,0.03812872070833878,0.039285715085281524,0.04625881948572602,0.06273152387286625,0.09579291954616805,0.1575846630333864,0.2633507812887918,0.4163659534459347,0.5790330189148925,0.6811596346987002,0.6921883793999162,0.6411133656359777,0.5661536517102732,0.48830398167739886,0.41550993085247984,0.3507893848289329,0.295826679967202,0.25106474797063416,0.21457197485708326,0.18064543397313285
1.153660124401046,,,,,,,,,0.14748075770856303,0.33133464038766985,0.48478959712914865,0.5369656947227937,0.47890146805354583,0.3813235186178413,0.30235271802592656,0.25443364885426817,0.23067493821285232,0.22261319870527668,0.22418589203397374,0.23144034832477353,0.2417840272014499,0.25347776905912656,0.265351968862854,0.2766548529291616,0.2869739842824687,0.2962016148255789,0.3045331880787769,0.3125006299131624,0.32105109462711623,0.33168729772095057,0.34667945485188595,0.3693081306678931,0.4038942678089621,0.45474151941898106,0.5216734432030936,0.5886296874067923,0.6096594209555778,0.5289729118585504,0.3621903832829926,0.20610482830677335,0.1243676661378899,0.11243739323896383,0.14277230498325014,0.1925340740837772,0.24812391519878957,0.3029137158238086,0.3544220872525892,0.4022246452541421,0.44668431288217864,0.48829352929307895,0.5273828047281095,0.5640088133854869,0.5979052650710662,0.6284281513222162,0.654452498724268,0.6741911308450697,0.6849218780836511,0.6826388798145246,0.6616513415733135,0.6140163435761714,0.5288239164332131,0.39568615201456075,0.2287289446576302,0.09548589937322959,0.05036581530802613,0.0664529435216979,0.09802219339915605,0.12310524561298183,0.13667466061910988,0.1401172671671357,0.13632334690212802,0.1279450229501729,0.11696674577447598,0.10474761356887834,0.09218718552148408,0.07989218372575589,0.06832004098584486,0.05791705013869457,0.04929335898148514,0.04350742294914086,0.04258456848904666,0.050475538205794125,0.07474690627546844,0.12924942378004503,0.23733239495543523,0.43222179104067626,0.7422199711076886,1.1375458866923522,1.4632556136839616,1.5242685958643902,1.3115464941310064,0.9853172949791101,0.6842907397508101,0.46149678281509743,0.3157308201093894,0.22710833424548096,0.17536137391732376,0.14541225332251545,0.12684402434818692,0.1112321484078094
1.1557406656533473,,,,,,,,,0.09411234572069747,0.20491615282228245,0.2620201560879187,0.22319545223960424,0.1266375724542778,0.046959704285025446,0.011644760093846835,0.009839018798450934,0.025473247141891656,0.04720651745906374,0.06837892998914383,0.08593695873929737,0.09920608538289004,0.10866604102618238,0.11512151437120957,0.1193293098545909,0.12191003542120422,0.12338132569007054,0.12422920170881482,0.12499322704073194,0.12637252995076642,0.12937806674908273,0.13557435490121889,0.1474769543125106,0.1691826725906108,0.20719592955753427,0.27077012265315464,0.36900657018867633,0.49901488914535674,0.6284187668739937,0.7104622982238072,0.7377417427619894,0.740842523822914,0.7443942456173508,0.7557986736125577,0.7742632198481296,0.7974137019243069,0.8233462160766208,0.8507858707203833,0.8788608846497464,0.9069332997746341,0.9345313642725311,0.9613519587778886,0.9873130204112855,1.012657737195383,1.0381309538355534,1.0652661264728032,1.0968393362499445,1.137553547074587,1.1949515611102828,1.2801737455105615,1.4065619468633708,1.578695908091092,1.7549765599011964,1.7968619573274751,1.5709587220521706,1.18838686759698,0.8534621303487984,0.6290146490603303,0.490620766239681,0.4051662238203393,0.3503015841490016,0.31303046373148785,0.2860581680742211,0.26530080074082596,0.24845771106843578,0.23421709830060444,0.2218061253126767,0.21072396131527138,0.2005697388225909,0.19091862922920663,0.18122832642172423,0.17079224766331402,0.15881094870027987,0.14473485063308733,0.1290942971958992,0.11491525305616172,0.10919242824685414,0.12219780980225738,0.15962676364253428,0.2069314625668542,0.23142475656654815,0.21869322254067933,0.18525629262607723,0.15255590999664578,0.13086332903981152,0.12081249037915975,0.11906381325793755,0.12200247948213956,0.12681701829467426,0.13078007745715609,0.12931397293147506
1.1578212069056486,,,,,,,,,0.08668211991276295,0.1763542092108951,0.21926530267741373,0.19103177153159787,0.12206638843804746,0.06286393703773506,0.029895558011706506,0.015387342951702196,0.010083774367077438,0.008883257773373522,0.009517943789370166,0.011032032096915795,0.013009507510842174,0.015251709257564828,0.017651092448415007,0.02014328336679828,0.022690087437026798,0.025275280115149342,0.027906623948749952,0.03062265928358098,0.03350575269576792,0.036705133091553425,0.04047483605659201,0.0452278112562518,0.05158638602138173,0.06034481716465077,0.07216175577365916,0.08702815054412806,0.10528789771661355,0.13382803997739412,0.1903538917220247,0.2882724858460198,0.4224312248137003,0.5767352460817788,0.7337634528753904,0.8789773293730697,1.0032316882173518,1.1033866088045605,1.1807422609765261,1.2387148914213881,1.2810550198667028,1.3109335970058595,1.3306500258236498,1.3416367120586978,1.3445403252874428,1.339265181094783,1.3249263896328687,1.2996925804777653,1.2605193757466757,1.2027783913945784,1.1196777982393489,1.001007761685351,0.8311784206192421,0.5945009484788211,0.31531190991252034,0.10584943007213748,0.05645997499871704,0.12162814910106112,0.2209242791028662,0.31138420995313026,0.3794219318482361,0.42479360818167283,0.45201120467966494,0.46633210919595436,0.47217633059736763,0.4727797077998424,0.4703523418742414,0.46636683821149505,0.46183498097904646,0.45755200052005707,0.45434530250246674,0.4534043954485422,0.45681815877778675,0.4685090061154198,0.4957786700440245,0.5514560069445903,0.6555521195420781,0.8318997990616357,1.0876760457715313,1.3624111694258403,1.4943670375493008,1.348631993077916,1.000279970885434,0.6357928096645844,0.3651728836064466,0.20134169062426518,0.11545783714943238,0.07550426480510397,0.059159125672200726,0.053693421520076105,0.05231556429224015,0.05066689285732888
1.1599017481579499,,,,,,,,,0.18530534136263566,0.38141916822928945,0.50205671551559,0.4877708553897645,0.3710138144374296,0.2451828558904016,0.15945612645086363,0.11193638803719286,0.0882358614389339,0.07765839558139301,0.07415749739566388,0.07447864376795786,0.0768135163726016,0.08010688916280459,0.0837288785737886,0.08732118144344066,0.09072554015302017,0.09395559114848079,0.09719899987754846,0.1008518083842608,0.10560098886869797,0.11259286442270496,0.12376697716858563,0.1425164188387316,0.17496395708100815,0.23218647168342166,0.3328922515373963,0.5018077542743481,0.7495082948493594,1.0288020096422108,1.241949498253496,1.3496377102792043,1.3978769047112272,1.4343230394393967,1.473893536096902,1.513672054436636,1.5481549865769673,1.574466386380139,1.5922260225904674,1.6022536842514856,1.6056763011772797,1.6035841197787766,1.5970193171934604,1.5871253310705178,1.5753904502802305,1.5639958052472012,1.5563296795565689,1.5577725258587667,1.5768869259212972,1.6270946735010947,1.728465372921967,1.9070955678887611,2.181737250894337,2.510776630789276,2.7033498383655843,2.5261184954523346,2.071519484511389,1.6258395378287487,1.3108554926682532,1.1133796870817478,0.9937551488426702,0.9213390220307587,0.8768903198317528,0.8489768034907148,0.8308856713078607,0.8186638146933632,0.8099529070245165,0.8032988446863211,0.7977312431169525,0.7924933183940385,0.7868570998781786,0.7800023451398133,0.7709893123683477,0.7589296363916973,0.7435348205512472,0.7261658472009143,0.7109948925633436,0.7045205369392716,0.70967638006059,0.711970407825581,0.6724285033868689,0.5624663542308417,0.407622418150873,0.25919324694106194,0.1473932087890551,0.07629423547257497,0.03700844888142585,0.01808473555601806,0.01038002325687809,0.00810214078985427,0.00805073167419917,0.00845745091223029
1.1619822894102512,,,,,,,,,0.04512010321980787,0.07040981011521905,0.05836979099328745,0.022252941128416966,0.005061408041454886,0.028512271471240053,0.07720603377105818,0.13051254297652104,0.17771302776873557,0.21556211955938878,0.244170228886913,0.26474684425649997,0.2786203831520623,0.2869080148506674,0.29047866394577104,0.2900138719168751,0.28607280363798615,0.2791270847206161,0.26956000825340476,0.2576351203180307,0.24343992827640007,0.22680671047983877,0.20720903738838367,0.18364192784444613,0.15455641076359988,0.11815393404080117,0.07401589949170038,0.02833956325740606,0.004509790525347227,0.04679072086309972,0.1861724196873798,0.4006833431198291,0.6449538343058789,0.8880506079661852,1.1112799606020447,1.300837902663859,1.448763034229649,1.5544579151548852,1.622897953794661,1.6613574207804014,1.6769090687482504,1.6752749474974489,1.660609716578831,1.6356893862551358,1.6021795490458235,1.5608404973044365,1.5116296794966222,1.4537132811492859,1.3854273728275155,1.3042128709499112,1.2063301118133636,1.0854872669532432,0.9293926295444593,0.72081321880095,0.47263380838340996,0.28508731002836296,0.258911394783183,0.36665458389646727,0.5283736027032355,0.6896396159180109,0.8249045544067465,0.9268556085529809,0.9981864118496098,1.0454920617920331,1.0755530433207383,1.0937694964740012,1.1038699166786072,1.1081247618746943,1.1076502981139995,1.1026510604899276,1.0925898017070563,1.0763565108020519,1.0525893821946228,1.0203925433198682,0.9807107052620073,0.9382934993200183,0.903116575167022,0.8881820962330859,0.8986628722211236,0.910942452004405,0.8663554825762262,0.7270138832957243,0.5332952170752718,0.3535715311724401,0.22090604806633077,0.13492984577209077,0.08333795560488642,0.053766604903249735,0.03722061214170142,0.027998117918696972,0.022659829316116546,0.018967650119791745
1.1640628306625525,,,,,,,,,0.3999655976448908,0.8476608273448588,1.2074924825474407,1.3307786800561032,1.2053052624605443,0.9833226852286121,0.7934266000652285,0.6673995633741615,0.5919795818817875,0.5481320957899198,0.5216257879953277,0.5033496090572919,0.487875667172839,0.47223183662622475,0.4550656609055156,0.4360897964211665,0.4157100079733624,0.39477845848031423,0.3744450943120449,0.3560987477159856,0.3414037761293034,0.3324554843452778,0.33210763086315687,0.34457699992209917,0.37649060043992805,0.43846301070806193,0.5463621072162893,0.7175452532980341,0.9501704901648482,1.1879689566793128,1.3441006103272721,1.40609937267346,1.437743146640943,1.4874041018991997,1.559939820622977,1.6385321800199475,1.705905312540582,1.7529102987192577,1.7781270537204181,1.7843672416717937,1.7757260231012066,1.756099076383538,1.7287787770360405,1.6965925365026422,1.6622680687658977,1.6289208349693385,1.6006901720951776,1.5836338662585145,1.5870552966359919,1.6254542460369747,1.721001243559867,1.9046094313573483,2.2059612599095706,2.6032257989358523,2.9203620513618995,2.8911487303851127,2.5408930590258696,2.1407250693366273,1.8394986567859448,1.6457170797317824,1.5285286778910336,1.459620591176189,1.4198866827955354,1.3975159946524067,1.3854287550809403,1.3794454898977815,1.3771433051836324,1.37717677491642,1.378892214749913,1.3821307198966,1.3871677114420529,1.394781299818406,1.4064902700346162,1.4250590699740886,1.4553938075584267,1.505771434207323,1.5884396427106873,1.715977283774207,1.885031861837793,2.04161322028477,2.0674767982916977,1.877704666354084,1.535283389305069,1.172522369941336,0.8697200943351402,0.6458829747217506,0.4915681409142462,0.38998138608176325,0.32524957417469336,0.28449555613921323,0.25699230901229186,0.23150502289877856
1.1661433719148535,,,,,,,,,0.02727399283346479,0.03633520911740502,0.022211472780497968,0.006943757489654453,0.029862426210825348,0.09851017051086176,0.1865492279598289,0.2681058683478238,0.3299853832699907,0.3688541491050833,0.3869844383619513,0.38885550060572416,0.3790346932148364,0.3613229956911947,0.338650389737853,0.31323175145722476,0.2867370691753362,0.2604052771150191,0.23510445302154287,0.21135706850859268,0.1893426715131277,0.1688784436512111,0.14936783202619242,0.12970935379877166,0.10820771122500851,0.08273292576661073,0.05195111137156103,0.019536421344503927,0.00295431299176787,0.037819289642594706,0.15333029079864935,0.33979641536750615,0.5664126150946912,0.8085503479619994,1.0463100513368593,1.259948590289829,1.433772975425929,1.5608919354385247,1.643145407172735,1.6874723421299767,1.7021155084073416,1.6943422673047954,1.6695906669449152,1.631390847978411,1.5815472739900776,1.5203417635101717,1.4467552705929558,1.3589315008108807,1.255313455553745,1.1367792788409838,1.008997509806991,0.882214614032451,0.7660868984328469,0.6644334410717424,0.5850797550310196,0.5608194394330945,0.620973017697841,0.7470029147724259,0.8986962673581013,1.0443424192077493,1.1661899016028685,1.258549015195421,1.3236164936440644,1.3668991244661157,1.394072807613147,1.4095686210762521,1.4162358952228986,1.4154285474738508,1.4071468985787792,1.3900949727306686,1.361649875494422,1.317848059377121,1.2536291256322774,1.163732594292413,1.0446516753097383,0.8975557762863121,0.7309759847945322,0.5613357234488858,0.4106260862873239,0.30151421071272533,0.24688923396147963,0.23701549320233006,0.24756474817087987,0.2625743413424866,0.2782070097771996,0.2944029490710634,0.3108470606627872,0.32693776112151396,0.342161274606737,0.35552632273956347,0.36374826935209614,0.35763801503183706
1.168223913167155,,,,,,,,0.0015189098784153298,0.40916446645417703,0.8725050432690201,1.2619503734818902,1.4054519751188923,1.2744358811465024,1.0269448838557695,0.8050035147723487,0.6472355045092383,0.5415324036645478,0.46845898004911296,0.4136426083857162,0.36835968765941474,0.32789588970708267,0.29006741077068904,0.2541936550831563,0.22042262074167232,0.1892970950755611,0.1614864292520366,0.13763690114290195,0.1183108781822095,0.10399755648578841,0.09519374102180864,0.09258218835529732,0.09739304112882048,0.1121339527819149,0.14194737896309312,0.1963948663468767,0.2888032479309211,0.424459058894305,0.5757947739300674,0.6906993063463738,0.758518127914868,0.8188813026708465,0.9038689025889796,1.0147378212282014,1.1339373020202914,1.2413976672445748,1.3241981561699665,1.3784834692208816,1.4066697968957529,1.4138292218735415,1.4052892986057393,1.3856204285341187,1.3584883399332226,1.3268989475072346,1.2935911477111024,1.2615149961489853,1.2344537240203584,1.2179459368987324,1.2207363948566967,1.2568491384906881,1.347311284432056,1.5162417523840743,1.7642829126221733,2.0052132831214107,2.0773569338773776,1.9556055778290724,1.7741215174699638,1.6256939157596721,1.5263096186562493,1.464483455030081,1.4268489062603251,1.403868493410834,1.3895964554218183,1.3805379922880043,1.3747437333640884,1.3712439548458668,1.369739491704406,1.3704713166115559,1.3742253840037328,1.3824624334518163,1.3975936337376467,1.4234570652705114,1.4660859811374773,1.5348635997726976,1.6439724571254464,1.813122403862624,2.063445497306091,2.397625063946309,2.7529704795029426,2.971364508536828,2.913125017430647,2.6258391853071723,2.2715018519757724,1.9623226210433231,1.7329316724472326,1.5790619469147935,1.4855568432690696,1.4366892205964585,1.4166620979514697,1.4038770992974243,1.3579056153232703
1.170304454419456,,,,,,,,0.000702047659687767,0.02504159889031601,0.03292340168410777,0.020564111847114205,0.0032851684836121826,0.01553602786757533,0.07036453244307823,0.14928546536973455,0.22838347045289406,0.2912230988555589,0.3298476710976802,0.3436524296228716,0.33676024086226847,0.3149431838012959,0.28363902517702333,0.24723945809644565,0.20906853917782134,0.1715669227093807,0.1364730713776709,0.10495705488046268,0.0777207523287562,0.05508751978076897,0.037100673371130224,0.023648047478279817,0.014630151205070871,0.010175344576465017,0.010823041928809906,0.017359751960957976,0.02977497407477469,0.0460028475144909,0.06515216738757108,0.09621994639152243,0.1541936273848204,0.24317692024133064,0.3533561145897021,0.4688347788389018,0.5744172391966528,0.6598675242639732,0.7213110657461531,0.7599027485676819,0.7793778514888621,0.7840295758984424,0.7776099712887662,0.7629465908160894,0.741923805439467,0.7155858269289587,0.6842568912708837,0.6476898145565623,0.6053666767426328,0.5571781336756215,0.5046537287262668,0.4524247937625105,0.4089059169787368,0.38574155803482363,0.39717287448267063,0.4564096522101517,0.5599810579720049,0.6819909722146588,0.8001885680338099,0.9048258661629528,0.9903851245058786,1.0541836922757475,1.097247173507332,1.1231524041385568,1.1361221721362977,1.1397636907764064,1.1366012043985656,1.1280457209459327,1.114488454691364,1.0953590050151927,1.0690990183949551,1.0330720865046912,0.9835027525854104,0.9156447130517213,0.824508129398172,0.7065032187952333,0.562032967105164,0.39836730313656177,0.23192253419935607,0.09006903662100879,0.010261873264760805,0.022417786049261715,0.11233032059992686,0.22530146955149616,0.3199114130156544,0.3872409570723663,0.43330926083818017,0.465604437983555,0.4896207131931699,0.5087019554091098,0.5236751647901017,0.5310608372933978,0.5188273356828446
1.1723849956717574,,,,,,,,0.009674456058611133,0.26828810068684644,0.5525287603749635,0.7878114538864808,0.8684533119870034,0.7789944227829163,0.6211036828816887,0.48371029300009705,0.3893965842482266,0.3290905633630411,0.2895892943148634,0.2611233621579757,0.2375954925452436,0.21555047699570884,0.19329162034927636,0.17026960186956172,0.14666213342359052,0.12307417646918145,0.10031891020163712,0.07925843116375318,0.060691564707223825,0.045280153756707645,0.033513258199416036,0.02573562094342651,0.02233645785481787,0.02431708927075978,0.03449589265606386,0.058930633945148955,0.10538426289609987,0.17186340594747412,0.22947794896825507,0.24094317872380758,0.21292094774075848,0.1844525848576919,0.17793447955547118,0.19157009494962846,0.21437219943035785,0.23673818763194063,0.2535927060255918,0.263626004054711,0.2675589616195792,0.26680686491853045,0.2627895469513632,0.25669447659406724,0.24946978053044297,0.24191373508788513,0.23480864407853055,0.22910070293012424,0.22617032713788482,0.2282968888070544,0.23953724294459178,0.2674494673578967,0.32624506241624074,0.440475132024232,0.6386461120220491,0.9068243077653968,1.1333507808463008,1.2180303032281088,1.1953557830602595,1.13849692646603,1.0836870711349302,1.0395308119701832,1.005044255635952,0.9774954174119872,0.9546095201288329,0.9348904154683995,0.9174843955607289,0.902006163985374,0.8884224127927359,0.8770024146594159,0.8683307005857223,0.863382364515562,0.8636731950328377,0.8715123787800806,0.8904025314440791,0.9256311201387697,0.984992378029429,1.0790738504620572,1.2188807532762478,1.4050307790310599,1.602986562941563,1.7282239635986045,1.7071669283411162,1.5653507328580536,1.388192192876905,1.2341517805573443,1.1204101929589156,1.0439602615284718,0.9966203315260548,0.9701948466221709,0.9561931828044139,0.9421135063854047,0.9037054569223646
1.1744655369240586,,,,,,,,0.003095191009024564,0.04277481431201178,0.05552251718259581,0.039878911506096855,0.011835043309696498,0.00023992203598809905,0.01423410060688383,0.04031760890249118,0.06516420322381404,0.08339788673725666,0.09435799150488504,0.09897035405854179,0.09845179377132242,0.09393989489213721,0.08643432323469039,0.07681760979107415,0.0658818030955906,0.054341671198384484,0.04283468676900993,0.031915873495765225,0.0220594655221257,0.01368375867721126,0.00722554584672736,0.003312945442025867,0.0031252314080617914,0.009059192248229452,0.025660737815981355,0.059775009698364925,0.11600235337716008,0.18211992493478846,0.2178976173333778,0.19101429515870863,0.12565555940567766,0.06694384457682383,0.03273440834027184,0.018715355375208156,0.01586264851929335,0.017646452493023435,0.02067404572204707,0.02359490249716085,0.026076704653379103,0.02818998758351818,0.030109392411741768,0.03199156307402884,0.03393458676015811,0.03596833120966962,0.0380520322257312,0.04006931558155998,0.0418186131694905,0.043006435790608664,0.043278662323386966,0.04242523941847272,0.04123439150812066,0.04433195430444317,0.06657756916700446,0.1351294752545282,0.2599009352636459,0.4029455172924159,0.5232598230205497,0.6100371603996784,0.6666803769727147,0.6988462059099718,0.7122699289673888,0.712232951227148,0.7030541252088723,0.6878798790195207,0.6687688781841882,0.6468917463798616,0.6227152483224146,0.596120743964304,0.5664564991960173,0.53255278103518,0.4927600330912396,0.4451203056974003,0.38784936035518214,0.32034905668761615,0.24489238669671123,0.16887035824053784,0.10715256690037361,0.0831585535772497,0.12276598561537451,0.2307149405688076,0.3675821132396754,0.48021018529985865,0.5499623777355758,0.5875411626075642,0.6079789936720541,0.6211263922617268,0.6321184681904528,0.6430805682466837,0.6533599614470689,0.6576404761727168,0.6410379921667576
1.17654607817636,,,,,,,,0.012166348685996389,0.16587585835802895,0.3037809707311595,0.3934124607521623,0.40083434191853745,0.3377820692495196,0.25594886620797036,0.1899797339805674,0.14495181544977165,0.1149791526404928,0.09405205191506677,0.07821063388316637,0.06518103472970017,0.053778070519313534,0.04348246773956802,0.03417102507779415,0.025939070584065933,0.01897551327930665,0.01346781685269225,0.009522561596727057,0.0070921804625250435,0.005908704853097572,0.0054562325592782505,0.005088948713953207,0.004535065630132575,0.005156012448958245,0.012190035220277114,0.03711306875524092,0.09560349148671378,0.1905843478811705,0.2825753743437813,0.3071042138532712,0.25551410299169475,0.1773298208862232,0.11244606375385231,0.07116371720882088,0.04917976310293997,0.03973852152361858,0.03771990450375634,0.039980186858725786,0.044754031475192246,0.051085335047466485,0.05846617370220712,0.06664524273836583,0.07554574085548739,0.08525622707138374,0.09608466760313598,0.1086925427215832,0.12436243857722314,0.14551823369354422,0.17674020436319593,0.22669316306102397,0.31126328992670205,0.4556446951068588,0.6814332889037882,0.9508709162291881,1.128339376707176,1.1305824254727437,1.0285483862539946,0.9107071550968117,0.8118852226150596,0.7355879495450529,0.6766233100765547,0.6294499627596503,0.5900255785288603,0.555757576965546,0.525102738918539,0.49721524525261357,0.47170593256229615,0.4484957842536431,0.4277379629120732,0.40979092391035965,0.3952373667665234,0.384959571318128,0.3803036522014324,0.3833898733236502,0.39761827412161754,0.4282452787219146,0.48220900999972394,0.5646294984837965,0.6681567679265242,0.7614073525265258,0.80595878242038,0.7973834989953201,0.7629282551931686,0.7271323370552144,0.6999300742090118,0.6824856602808668,0.6731312404242262,0.669593345854427,0.668590451259708,0.6634316506008751,0.639067070995839
1.1786266194286612,,,,,,,,0.009828586230300702,0.10024892714293211,0.15803230842239946,0.16230856045132333,0.11192180209060328,0.04694383353905352,0.008430208990856688,0.00020174115021445724,0.006930475339789592,0.015846921569949084,0.02111426460449778,0.02168119376332707,0.018743362781200448,0.014084899436872016,0.009292932802439731,0.00552200112440945,0.003505014488468525,0.003639703368480098,0.006084591378014618,0.010850427272932745,0.017892209117566966,0.027213708423489767,0.03900124361153781,0.05380899604327006,0.07281816733170597,0.09815817046902618,0.1331149788768322,0.18151039921673545,0.24432455065171993,0.31143568150205353,0.35604553869056504,0.3552513809129902,0.3202026309984573,0.279846749863458,0.25086966305035785,0.23578002313833216,0.23152755339533365,0.23445428726515063,0.2417432407046687,0.25150594059032894,0.2625354237305358,0.2740540703248671,0.28552671240552363,0.2965323079077253,0.30667148763726154,0.31548797617041147,0.3223844735581459,0.3265135313194759,0.3266193299145314,0.3207956609411397,0.3061153987833651,0.2781407392739001,0.23076515173242457,0.1587612777964784,0.06990969455239834,0.00805645077622863,0.03543129077712038,0.14473029548002062,0.26880641479496314,0.3655978285695434,0.42720457509158455,0.4588096850766037,0.46812987008605034,0.46214381772980095,0.4462257408565045,0.42413497610905676,0.39831569694864993,0.3702427385492509,0.34070422153687335,0.3100003580290768,0.2780791729226523,0.2446506406601479,0.2093426147164754,0.17199838517469823,0.13326928375442865,0.09570702510873327,0.06555250306535469,0.055228231159432824,0.08573694672335631,0.18503581622955995,0.37104567558168583,0.6128306330938674,0.8219340392372596,0.9319676998069131,0.9538296682683169,0.9321888312306369,0.9005646078429171,0.8746020957375991,0.8591283462351921,0.85385240449782,0.8551832794393158,0.8544167551589833,0.8317644835062835
1.1807071606809625,,,,,,,,0.014336497145564646,0.1291933588421439,0.21590966273435747,0.25147678643598237,0.22287211305251395,0.1558530899555198,0.09279357658058487,0.05138245493042088,0.027942085219837452,0.015019185055932999,0.007674643347005684,0.003388440425442764,0.0010090090784620202,4.651656488868241e-05,0.00030030220074766216,0.001670238695279108,0.0040576697093778905,0.007308008398432117,0.011170253263571371,0.015259730108628888,0.01901904879763773,0.021687600933879322,0.02232347706729395,0.019986726989513204,0.01429248042370829,0.006645190422797163,0.0024717743438535697,0.014303066660818587,0.06302678562794303,0.16762568031558092,0.31451786841925994,0.4455412415344431,0.5172919741926747,0.5412341084353433,0.546997956145113,0.5520167329095664,0.5614106399961181,0.5749087122412794,0.5909503401922056,0.6081413598053818,0.6255411124748658,0.6426026295493767,0.6590733475041575,0.6749410021413497,0.6904403901650318,0.7061271278939772,0.7230353586722007,0.7429562768078276,0.7689015887128078,0.8058451120891109,0.8618259838615859,0.949249425501436,1.0849233607706361,1.2824891850019742,1.5204747437400834,1.6862925394189816,1.6288759548731029,1.3766690135377604,1.0953894690324837,0.8751669294946157,0.7213981018311321,0.615130331564872,0.5389012589327723,0.48101101724874046,0.4343352828741841,0.39469900633939176,0.359718860323806,0.32808629502315106,0.29914437586826165,0.27264548379024955,0.24862021540749826,0.22731976795356906,0.20921835596900712,0.19508639781222603,0.18617717396941608,0.18461219748181576,0.19408003550194433,0.2208611894323541,0.27455916989818113,0.36584448116994134,0.4953608201857347,0.6351570050027842,0.7353687760788786,0.7721403811751297,0.7641213256691682,0.7395409746073123,0.7149806968147118,0.6963646246532683,0.684537814907537,0.6783270376136454,0.6748877485612804,0.6678400681512574,0.6428224448390184
1.1827877019332638,,,,,,,,0.02401421882124843,0.19408991818352395,0.32809628457039797,0.3856557805590501,0.34235898884488347,0.2378273627808281,0.14044115332914506,0.07889923292016274,0.046697106357883544,0.031133695604157904,0.023850580286087684,0.020587265795009444,0.019331491224721255,0.019129654038031574,0.019515246980442793,0.02025881026998521,0.021258975506446523,0.022492464126348945,0.023990344893406682,0.025829265898748927,0.0281356825239137,0.03110665891878411,0.03505749257628395,0.04051890882720815,0.04843180803632417,0.060533396766568104,0.0800789560456496,0.11292990130724102,0.16806994638329525,0.25371902269314156,0.3649301798751607,0.47734039522852234,0.5702624197663988,0.644972910602594,0.7110719116460122,0.7734472949505945,0.8321111005734421,0.8855943791581528,0.9328981402888163,0.9738572867811327,1.0088358823585402,1.0383539549427645,1.0628362409098442,1.0824726185177842,1.09712996227042,1.106261261939308,1.108772709570751,1.102820882666469,1.0855220710334943,1.0525664915391415,0.99773087533488,0.9122619730927859,0.7843138734924269,0.6008049892481993,0.36251529238597635,0.12570121644061438,0.004604606624009668,0.03630572317558828,0.13913200847012125,0.23787370746724343,0.30664112769789825,0.3449550332304742,0.35955297051534474,0.35763766671268993,0.34496368499824903,0.325601989830502,0.3022279675143568,0.2764966038052424,0.24935595577829983,0.2212715831051754,0.19238126108136083,0.16261707943482495,0.13184573806875505,0.10009999494833982,0.0680078074998259,0.0375598241557234,0.013357641826749315,0.00437917398472749,0.025786878457651503,0.09818010995926738,0.23640002864956683,0.42226037039779235,0.5950494047484286,0.7036405019450622,0.7487933265790196,0.7577342670934463,0.7529613734299723,0.7460444319072199,0.7415430645606035,0.7404580257633387,0.7411573682562209,0.7377194567428637,0.7151488108185814
1.1848682431855648,,,,,,,,0.014386330201517243,0.08977596001170061,0.12275301311596125,0.10428982457896348,0.0515963657209028,0.009040415167526777,0.0014903704902415997,0.01820328621335408,0.04129872610089646,0.06136146937156598,0.07585885176131538,0.0851200820762855,0.0901936118604601,0.09208838189065308,0.09160218624092237,0.08933697433116476,0.08574904958083247,0.0811872839806143,0.0759105130158133,0.07008691118518132,0.06378037363155378,0.056929095592440145,0.0493251889756376,0.0406215953931477,0.03044982232491608,0.01888862544223511,0.007865691475894217,0.004499141868890728,0.026582014608364474,0.10388529528724641,0.256903859430244,0.45904426081339733,0.6532051881903138,0.8106336822103527,0.9354502392420174,1.0382864096645323,1.1254064126464094,1.1996805854430244,1.2629156460226412,1.3167996020746955,1.3629732295314299,1.402910493137928,1.4378745742618158,1.4689779467012785,1.4973170265784967,1.5241643589873801,1.5512259173782317,1.580990173208435,1.6172005679322612,1.6654478545448448,1.7337131154215235,1.8321055115123994,1.9691683097481756,2.1372558256923972,2.2753791582320755,2.239434864256685,1.9282518922834007,1.4787275561840998,1.092150296737624,0.8274902761380998,0.658142233729541,0.5484222058467201,0.47370134373341843,0.4193576015255983,0.37705610939696715,0.3420952968509767,0.31184775182374064,0.2848860628380211,0.2604991164457719,0.23843094126449846,0.2187532833672869,0.20182998181242842,0.18836332862179644,0.17954270537212222,0.17735305444579968,0.1851455592639382,0.20858904805270492,0.25693898913808577,0.34361304284536703,0.4821149612582333,0.6693955806079159,0.8606724222474677,0.9834670781248772,1.0077789989787855,0.9654253024135276,0.8994009511187171,0.8333231247752798,0.7737602803624432,0.7190539193626349,0.6646892654532197,0.6055137293528657,0.5363188938787619,0.45149564377024143
1.1869487844378661,,,,,,,,0.0726331266592021,0.48457409163963105,0.8449349832288569,1.0760342947583392,1.0984087007316037,0.9410989885003371,0.7321351156407712,0.562581435302126,0.44942334782023774,0.3787240202898765,0.33433307398452217,0.3048626361490855,0.28330102646591543,0.2655867133577774,0.24951522227006043,0.2340363285532416,0.2188122955977626,0.20393811595224423,0.1897669570337311,0.1768108603110511,0.16570224311708406,0.15721232579332373,0.152333399807147,0.1524465046525353,0.15961335477647512,0.17702976691215774,0.20956819572722127,0.26386255330818015,0.34613675491807316,0.45486455610742504,0.5719313460289127,0.6733430920505697,0.7576442316360102,0.842595317648082,0.9395652161254505,1.0466337921797624,1.155484444755002,1.2581182876724546,1.3497612754431687,1.4288583932660184,1.4958584224226812,1.5519787096039979,1.5983706743392574,1.635644135204272,1.6635726556758301,1.680821968038765,1.684608144697324,1.6702862215001646,1.6310375163139743,1.5580960312945606,1.4421448365193204,1.2759322325110043,1.0563473475244645,0.7845864713449606,0.474181299849974,0.1850096665169107,0.025830504906445804,0.029456952293414874,0.11414814448574409,0.20349240411992076,0.2692919999583945,0.309001808752938,0.32777858883301514,0.3316844123389653,0.32570959881462797,0.31345243842101866,0.29731731598470035,0.278815958305194,0.2588284831464658,0.23779104968991793,0.21581860096392913,0.19278560518916177,0.16839567451268717,0.1422828968582969,0.11420706677854729,0.08442623960675869,0.05433673177259834,0.027443219400483203,0.01060372207283671,0.014841819555685655,0.05253028203362562,0.12567825654894818,0.2140220865887812,0.2889579958940241,0.3379859780288224,0.363866817017587,0.37254702192524025,0.36816911407715525,0.3533671469245201,0.3304341610649699,0.3017703327193803,0.26927282823674464,0.23274397278685727
1.1890293256901674,,,,,,,,0.007704867226052208,0.0331378566527684,0.03243347185780661,0.01409096533915623,0.006522391947376955,0.037830984999301605,0.10134431868971971,0.16951867071257762,0.2239505481534652,0.2598557796050241,0.2792776401546798,0.2861029364489063,0.28398606244601243,0.2758013792781299,0.26367840284392935,0.24917857541428753,0.23345274743371658,0.2173435484728062,0.20144009418494918,0.18610026639407037,0.17145101202586868,0.15736932892457867,0.14344025818894185,0.12888934582503972,0.11251474632140485,0.09275437603426467,0.06833963736545366,0.040636690318762686,0.019238534909344202,0.02900522695720958,0.10330842635607704,0.24910124205735884,0.4312649409551469,0.6121080605154451,0.7763432711606274,0.9213051856394268,1.0469452886730783,1.1539149848266805,1.2439364173610132,1.3196230614578652,1.3838574154951153,1.4392769112508406,1.4880505510342832,1.5318792186562553,1.572108599156538,1.609880555421567,1.6462908676913635,1.682552447365614,1.7201951235024906,1.7613825443443267,1.8094567826138563,1.8695066762457064,1.9469511956461307,2.0370216295843306,2.094360965108494,2.009028469036585,1.709446345618017,1.3129851568733504,0.9806726930350215,0.755837627868137,0.6135562665479392,0.5227868853195144,0.4622772396281007,0.41938999707401875,0.3868869318197806,0.3606606991024111,0.33840412301986333,0.3188653435354763,0.301440045868503,0.28596057131615416,0.2726102811938666,0.2619340840310949,0.2549479992527477,0.25338345509513666,0.26014251589116427,0.2800799545933675,0.3211987954108478,0.3959769425991287,0.5210112621230988,0.7090158558410468,0.9434107187802176,1.1476099962947663,1.2196010433053923,1.1360669984609881,0.9639853160962814,0.7773130959365991,0.6150887232818131,0.48865096442285644,0.39619825146840926,0.3313112327774808,0.2865725572149614,0.25449628320717066,0.2267794255201318
1.1911098669424687,,,,,,,,0.042661951307021176,0.25507824543548796,0.47070402413207185,0.6485461425335477,0.7254482154559022,0.6841015547163218,0.5815645641936549,0.47945299589776413,0.401134689149777,0.34583658229678926,0.30662982181850346,0.27736975889773435,0.2539600189491151,0.23402300095867046,0.21635514612631854,0.20048486926152842,0.18636409841074503,0.17416825436539204,0.16417812359259623,0.15672467863444559,0.15218514006941816,0.15102509658345145,0.15388849256275247,0.1617447064722054,0.17610423014604173,0.1992866417958657,0.23457769418498295,0.28559930872320055,0.35307771638117835,0.4273534258867324,0.48491175596207486,0.5096863483876781,0.5180715226023401,0.5382266816460113,0.581246301728721,0.642045718264348,0.7105010566862044,0.7781606398598864,0.8401704541105268,0.8947404287511904,0.9418856447528993,0.9823269345829805,1.0167820882620855,1.0455598081857949,1.068296908727364,1.0837120985378528,1.0893143454787457,1.081104511238835,1.05349141188657,0.9999059719162389,0.9146527029907551,0.7956301794320245,0.6456153049997133,0.47058354923652446,0.2826277356568222,0.11971523641174898,0.04550872880514932,0.07398004371044259,0.1505117073657248,0.2262228299884991,0.28311474218802746,0.3196784347118072,0.3395941030697399,0.3473068131483845,0.34661046733325335,0.3403348656653808,0.33042802276068356,0.3181472171816057,0.30424324474305087,0.2891023898149778,0.27284720319728933,0.2554148318555936,0.2366461302349989,0.21643947601538588,0.19505082957824055,0.173636546823739,0.15507643343175634,0.14485798659433605,0.15113715339582398,0.18173054456335969,0.23482094086895747,0.2877449040661154,0.3078527544129652,0.2873205639072188,0.247395676089952,0.21042804432096504,0.1859431776277571,0.17392535397133888,0.17076388836194867,0.17265223170457178,0.1765555340652705,0.17966232311222494,0.17786601816235062
1.19319040819477,,,,,,,,0.006681012606104561,0.02580783377397022,0.031245472620755874,0.03329325814752397,0.04962963680238121,0.08785709825544065,0.13363099886069668,0.16970894679698062,0.19061908886676446,0.19877846238013935,0.19827303771077104,0.1924180657166841,0.18350071532271486,0.1730876801455079,0.16231324596598765,0.15204671475901138,0.14296915249939018,0.1356020871212336,0.13031789186403825,0.12734788868711727,0.12679322786671485,0.12863346632048112,0.13271421164156375,0.13867127608988375,0.1457076291633473,0.15209351512445574,0.15430632844653003,0.14618586653286622,0.11999509701341321,0.07365643766948976,0.024139807883992313,0.004664337299452771,0.03166004884388077,0.09183931759723785,0.16420199610795136,0.23475965039604488,0.2969437891204559,0.3488540202661398,0.3911395225103729,0.4255744758918728,0.45417294373382344,0.47874849276803066,0.5007788977314934,0.5214372810111009,0.5416985553035533,0.5624806453547982,0.5848165380820551,0.610078815652808,0.6403005155928175,0.6786546530016881,0.7301306094965124,0.8021910080800997,0.9040639934872073,1.0398602275957791,1.185776982306001,1.2605707863382736,1.1783006694881215,0.9806738470846652,0.7813944923640419,0.6332156049789062,0.5341037385967097,0.4687108176067198,0.4242168668743548,0.3922803253698983,0.36786190950960057,0.3479938259226572,0.3309537312061693,0.3157674052529469,0.3019225159083059,0.28921295243895734,0.277668440497855,0.2675498434145207,0.2594115264027768,0.25425384360068176,0.25381312878879386,0.261051677434987,0.2808585774566172,0.3206659715601754,0.38964046255546286,0.49270842415489674,0.6146526190507126,0.7053407394932493,0.708820992651339,0.6260611237622598,0.5099123570118248,0.4073871879209771,0.33637297885313655,0.2950224811537637,0.2746919136637914,0.2669625801760079,0.2655068357040234,0.2651197823456749,0.2593155295223802
1.1952709494470712,,,,,,,,0.02198188937974903,0.1138588028342329,0.20966506194333243,0.29596688309932995,0.34449434349380953,0.34065872598976615,0.30390260202356056,0.26183778326828683,0.22749738075108109,0.20235579196392983,0.18408788411583532,0.17019035757893794,0.15890207344572288,0.14921674804722923,0.14069877127283423,0.133296816331049,0.12719114480615715,0.12267298807771926,0.1200480227997202,0.11955488594355018,0.12128884695333322,0.12512264990788854,0.13062966701311235,0.13705473888867128,0.14345953917516416,0.14925396379372222,0.15520652472497143,0.16424912439949085,0.1796395033222784,0.197493558786784,0.20042273125317725,0.17397286720897973,0.1309579576113265,0.0958236522412204,0.07911887765537731,0.07809470929494616,0.08628295185370431,0.09851815987308378,0.11187422414819193,0.12510191174934918,0.1378862616706817,0.15031862031765408,0.16259921231263572,0.17489006047176042,0.1872447532948873,0.19956885498914395,0.21158779413964338,0.22281698315728912,0.23254787143854813,0.23988706011335734,0.24389591599729493,0.243803488463195,0.23901154743212116,0.22844469743562065,0.21019775882643604,0.18631856347201803,0.17104558445440124,0.17858326561652732,0.20388271074901146,0.23315801750418225,0.2573601015191026,0.27333393864735217,0.2812616736029431,0.2826522374407819,0.27924681693423503,0.27255100486912665,0.263712439716124,0.2535528989398775,0.24265204452468184,0.2314418467516227,0.22030774360822336,0.20971724005715536,0.20042152667594332,0.1938092217596743,0.1925299570616889,0.2015090498974762,0.2293058249885546,0.28906612121356645,0.3962967735961417,0.5566789677576153,0.7372639223003191,0.846098823776464,0.7953961491240642,0.6095969980403091,0.3951987242009253,0.2298830555331793,0.13117257679895547,0.0840530478444044,0.06762707530678089,0.0662215139037666,0.07063081216189758,0.0759035636785441,0.0787261024944123
1.1973514906993725,,,,,,,,0.010233986984914048,0.038774374635494116,0.051272166303185866,0.05037024611790102,0.04693705504986971,0.05429640931564794,0.07364905900906006,0.09646971651285062,0.11583942233841568,0.12930809827836937,0.13693450662240167,0.13962728257345774,0.13844488684865355,0.13438969466281173,0.12837865996000375,0.1212583724813566,0.11382098591108208,0.10681326731390507,0.10094467202304734,0.09690540820260304,0.09540772216608236,0.09726571756733167,0.1035309352466411,0.11569642290304322,0.13594587953627119,0.16728064498528708,0.21293106903277675,0.27354837459097925,0.3399686410873495,0.383825501446374,0.36597121630535584,0.28071267986695364,0.17415685907129733,0.09147805189750025,0.04371226006584854,0.02235158026133852,0.01655145537770941,0.018853305597892143,0.025203157977019938,0.03372263441090766,0.043677952075049875,0.05486233638909309,0.06728579009401348,0.08104341656089771,0.09627854070571924,0.1132000427209336,0.13214310188443015,0.153683758753246,0.17883645045098506,0.20938016607757584,0.24835118074785967,0.3006060887247605,0.3727361531675346,0.4695766880501518,0.5810731492456488,0.6621320579350728,0.6559448358136575,0.5734207221806378,0.4758744828512289,0.3978482539423289,0.3425560423283901,0.30366699046707185,0.27510378566083943,0.25278683269312535,0.23424394907555737,0.21802476202136326,0.20328415881363357,0.18952719539410146,0.1764594813938879,0.16390072613928008,0.15173681266953337,0.13989932505787114,0.12837281250369204,0.11724226046735052,0.10680734788432777,0.09780007767035256,0.09172336641167948,0.09121405444071508,0.09997910653748658,0.12106758419040967,0.15175335545186316,0.17785327106560697,0.18100917263118196,0.15874166430945516,0.12588186717888275,0.09737408664539217,0.07958272667952206,0.07218299479153799,0.07209535587436897,0.07605441028721371,0.08155961978811489,0.0866839276901987,0.0891887211789362
1.1994320319516736,,,,,,,,0.022616909578768784,0.1063197661105388,0.1993225346859781,0.2927278120084413,0.3579273360917937,0.371124034587417,0.34280043610219046,0.30027455571998113,0.26061621922079875,0.22842186819568755,0.20272250713576961,0.1813694163579788,0.16259747887812656,0.14533822206932445,0.1291339482836625,0.11396457355305149,0.10008052503367544,0.08786285047997902,0.0777098866826642,0.06994245677972503,0.06471546395323137,0.06192181286809095,0.061080749237526086,0.061232602149987714,0.06093986097083932,0.05861986466046257,0.053475547136889234,0.04687860606032948,0.04281715484086484,0.04473357942413682,0.049362477043897554,0.04849033007934658,0.04126198326645669,0.03483914251277362,0.03438667206365486,0.0402360949134111,0.050567801802406685,0.06357920446609655,0.07814771471115636,0.09375491641908971,0.11024653890477877,0.1276425669413759,0.14603093637907213,0.1655248724987008,0.18626224184428686,0.20843654671604075,0.23236085163666864,0.2585756504847506,0.2880173303769802,0.32225423468027725,0.3637315866159665,0.415720572800776,0.4809278436927042,0.5561027057576291,0.61971323478681,0.6256455855950783,0.547460159684594,0.43192164432058905,0.3380831534969923,0.27903594973265095,0.24375270018028386,0.22081019400436255,0.2035100937086977,0.18863250686804395,0.17479624460038137,0.1614668226244446,0.14846658913527602,0.13575748506185853,0.12335627349393334,0.11131670539945533,0.09975973099340872,0.08896683623197385,0.07958843307073624,0.07306942358530884,0.07245256430264337,0.08373442250487574,0.1177475277702542,0.19169978860941345,0.327098798926703,0.5358851788915086,0.7856342448575628,0.9697032588917599,0.971730632405045,0.7966555413014346,0.5556433038915133,0.3437799477133421,0.19468603742791615,0.10316080609415938,0.051993724964059566,0.025251632728145422,0.011950231369607236,0.005583069848713222,0.0026356770263464605
1.201512573203975,,,,,,,,0.015526668973272753,0.05553355141912875,0.07343360715726359,0.06429675925280764,0.03817411498721412,0.021787157479614495,0.030661299925280876,0.05691799596007043,0.08579818407873457,0.10752701841716965,0.11847528173916202,0.11910267277956992,0.11183955891980733,0.09961488587673568,0.08510520440515613,0.07048617145318957,0.05742689802567405,0.0471643845740893,0.04059051303581447,0.038335859082072224,0.040854687824437734,0.048522932948772024,0.06177016041715758,0.08129033960785287,0.108427502419043,0.1458962072009556,0.19889164266057383,0.27565640693342675,0.38336475588986,0.5119731280563881,0.6147550331593613,0.6352898868634907,0.5746419503224285,0.4838593853518369,0.4042305524998008,0.34951248497780174,0.3182342418682783,0.3047855728547342,0.303915440923665,0.3117417435827876,0.32560984816825606,0.34373789947729944,0.3649149157273646,0.38828899811223366,0.4132265012441357,0.439218445430188,0.46581702776446804,0.4925916867305366,0.5190969341595904,0.5448340592843417,0.5691346008106115,0.5907156465455744,0.6062570209695847,0.6070813656538063,0.5757217659394185,0.4957023269781147,0.3848875591610734,0.2924619799004362,0.23997576242305524,0.2154446057705547,0.20318213604424742,0.19441221828222094,0.18562562435058907,0.17585302311723017,0.1651013827852625,0.15365603620525123,0.14181622825558815,0.129816133348971,0.11781590650502573,0.105916151553509,0.09418147928854456,0.08267462233078911,0.07151308183444678,0.060971118640275414,0.051662240751126375,0.04484521317115129,0.04287834563901532,0.049740572456358705,0.0711626263796348,0.11287083501708285,0.1741261517974044,0.23806521215166856,0.2761200138119692,0.2744522697095579,0.24433565632337426,0.20424813550814458,0.16625459391051176,0.13528137246789843,0.11215242402995132,0.09587186650260597,0.084788077960581,0.07701643567456055,0.0703429709533689
1.2035931144562761,,,,,,,,0.017370338341099835,0.06744880507394352,0.11313183323766472,0.1501297051148787,0.16717761780336252,0.15865582667649364,0.13397646167964067,0.10640857096262023,0.08256288803862691,0.06351084995319575,0.04845078345373721,0.036529547849703754,0.02730660964083937,0.020718999860430933,0.01693228340631775,0.016197820536295125,0.018741997810789866,0.024684947965524586,0.03397797172036254,0.04634507227518284,0.06121159533544382,0.07760485019754297,0.09402727925330359,0.10835023966087766,0.11787337620182128,0.11982072009090379,0.11260437171991551,0.09807713066824934,0.08450914597053666,0.08767305674613367,0.12235215354539976,0.18454346287851375,0.25285165285296723,0.31226342249959943,0.3613968853079617,0.4038922078203768,0.4428285398487034,0.47994914855768545,0.5161997050482795,0.5521486137576707,0.5881724797791874,0.624535313767626,0.6614424244318974,0.6990993993126545,0.7377890308188461,0.7779790872784426,0.8204797154030693,0.8666744703881196,0.9188428377465896,0.9805429579336866,1.0568393014842254,1.1535979405448482,1.2735926505519666,1.4043467370122626,1.4938057130566178,1.4443170993845391,1.2115688546886085,0.9063330039922614,0.6573135915639461,0.4933930530156015,0.3917964261057503,0.32756095806490176,0.2846044206732002,0.25382104141607337,0.23016358589797953,0.21077808423964847,0.1939823619766492,0.17871829770418254,0.16424816832576233,0.1499765616574035,0.135343676878734,0.1197765260174747,0.10272151717175178,0.08382817020690997,0.06340941017161725,0.043335304528908734,0.028421937069549513,0.027953594716872955,0.05587425302705287,0.12592274886958482,0.23635444832018387,0.3509775800898645,0.41481328721591304,0.41025757049625783,0.36790026279843224,0.3228462254937817,0.2908754875443515,0.27324479087497594,0.26601675370904243,0.2649179249778364,0.26648705018515867,0.26734406345123624,0.2624163346728458
1.2056736557085774,,,,,,,,0.01722028227815303,0.05824136157675529,0.08173673967948698,0.08210870051107502,0.061082045983619625,0.03350885246693785,0.013868580574080932,0.004696655785056899,0.0022194003901559616,0.0030821806378185115,0.005680451739039685,0.009508186430714934,0.014537433956143358,0.02089678675068109,0.028732021153585148,0.03815236310287451,0.049214765739176616,0.06192441835682986,0.07624032044616756,0.09207889514120847,0.10931215213044061,0.12776740905224288,0.14726904937840488,0.16785016490810228,0.19043647323536514,0.21851511404726956,0.26118377208762,0.33649248832495376,0.4690793301068916,0.6681989877753194,0.8862928144694378,1.0286178980542893,1.0533925341055566,1.0051818569212942,0.942845384695767,0.896569653716706,0.8733026047413889,0.8703302561846012,0.8827435911872614,0.9060833600623334,0.9368919790279986,0.9725934528537816,1.0112291903676422,1.0511979875755915,1.0910169403824355,1.1290808018678018,1.163389324221432,1.191220900488667,1.208763213783276,1.210775070298898,1.1904014445278623,1.1391065967584317,1.0462055917313957,0.8981689535880445,0.685269087403317,0.43354793704774053,0.23089767638991793,0.1449548942865643,0.1480877622041328,0.18356295684494053,0.21942345001342728,0.24540788736667843,0.26068518412985187,0.26731687503938617,0.26772647994690485,0.2639052092392738,0.2572740741749276,0.24875809171944907,0.23890351670510784,0.22798603326644312,0.21610857752790952,0.2033151599201569,0.18977449150632447,0.17612745048132028,0.16414870149770378,0.15792595456295425,0.16573846776478057,0.20251160614392305,0.2914814319901263,0.45982590272691337,0.7166515117429735,1.013108970908057,1.2442365616891922,1.3405898718901479,1.324181628225652,1.2556420196290445,1.1802158961680103,1.1190464418637587,1.0781311370816016,1.0561804670615131,1.0479905979556254,1.0438229725799877,1.0247783134482373
1.2077541969608787,,,,,,,,0.01279241567762316,0.04212329492116662,0.06307768197180977,0.07409067963958535,0.07324071435298656,0.06366529070694599,0.0525359241335767,0.04458016408631223,0.0406861100817846,0.0401756289668992,0.042248314074600266,0.046318143982191314,0.05198257873496317,0.05894987128495794,0.06699209322913599,0.07592218360593504,0.08558507752007116,0.09585660340762311,0.10664806057357122,0.1179181044035682,0.12969787694319995,0.1421422279858917,0.15563310830959956,0.1709881155868725,0.18987924375624415,0.2156444066381922,0.254676578805539,0.31800060996979496,0.4201550333188165,0.5678529918104431,0.7370892702251384,0.874804402361682,0.9510661838195332,0.982706324028464,0.9990623183290426,1.0173841788409703,1.0432646120681983,1.0768739349767082,1.1167853630668378,1.1614531053743553,1.2096056926022578,1.2602865005993311,1.3128258062341949,1.3668310862884852,1.4222197480207428,1.4793069628181958,1.5389641659452535,1.602865348586067,1.6738215565840229,1.7561276869292357,1.8555988309423364,1.9782696904873873,2.124922305606094,2.2751689627302802,2.356726758038313,2.2409538518013696,1.8763981703353068,1.4193585967816906,1.047072454792223,0.800094085528835,0.6470137301242358,0.5521760417541962,0.49173653591220196,0.45160754909216333,0.42363356874342956,0.4030250558715073,0.3868888629167461,0.3734025382834679,0.36133524561771085,0.34975259428641586,0.3378207675303713,0.32467078424372753,0.309317959974773,0.2906689886120983,0.26769497294774125,0.23988880526640308,0.20811045258832536,0.17578117174834798,0.15005454008725072,0.1418560942805498,0.16205206090320268,0.21118764309237234,0.27229897615045556,0.3247098717867727,0.36216560936508774,0.3893806565294497,0.4114400021015918,0.43059001203511765,0.4474141964764187,0.46193664657473316,0.4735212408049097,0.4796592197030019,0.47353071664796365
1.20983473821318,,,,,,,,0.015487644122913924,0.049211056478491964,0.07089842184923016,0.07574552273109561,0.06328603332158018,0.04540574241677374,0.036437984912099354,0.03993573669336689,0.05167542143934283,0.0667038853094905,0.08180508062008039,0.09541585515306775,0.10705552645443689,0.11683195804344892,0.12511237783940932,0.1323436293206289,0.13897527750935354,0.14543968943111132,0.15215864530742212,0.1595625395823537,0.16812298350443422,0.17841883089678226,0.19129204652834578,0.20821737548831157,0.232100476620914,0.2687434489886044,0.32889130539571104,0.42936746255573444,0.5879328543816287,0.8021733374042908,1.020042598793392,1.1623053247299224,1.2061245095437911,1.1959225624325858,1.1791461409839026,1.1769975561928974,1.192608906486051,1.2225885130854048,1.2626246070235532,1.3091640516117375,1.3595525905571975,1.4117602264087028,1.4640594168205792,1.5147214633414334,1.561702399038441,1.6022711833258687,1.63254851334606,1.6469850106382806,1.6379507895419976,1.5958368019644589,1.5101682618383256,1.3716146587574363,1.1733781835022297,0.9117748188263849,0.5968772440496162,0.28940986264303414,0.10468568011373938,0.08971652819412791,0.17281303034372633,0.2745914566913793,0.360216395536799,0.42265679609552365,0.46469916686743196,0.49125023629806075,0.5067962059237447,0.5147632259923223,0.5175268802248918,0.5166059251184031,0.512869646910295,0.5067097178350529,0.49818249242922014,0.4871603619143173,0.47356464833577283,0.45779878264920465,0.4415509293308989,0.4291396261770308,0.42941206044117247,0.45764214908987777,0.5354244286088065,0.683303909032564,0.8979322087757107,1.1220556281684924,1.2639829403740384,1.283815778721822,1.2212274439674455,1.1341991562049307,1.0567539454253194,0.9999306023390008,0.9635306743822757,0.9434390314323767,0.933858542755027,0.9261059760378192,0.9044284000383647
1.2119152794654813,,,,,,,,0.02153516779847056,0.07506838529750665,0.13003857553575646,0.18263132739879093,0.22069405439470385,0.23553393334377049,0.23317480520287656,0.22550280767307368,0.21897581270273844,0.21433541578708443,0.21024243951891852,0.20561708938306697,0.20024570308284284,0.19450398403915176,0.1889512844731415,0.1840953631100997,0.18031727727349428,0.17787519355840878,0.1769373906848653,0.17763131646963629,0.18011703703023688,0.18470884372545307,0.1920906078481398,0.20370939751269268,0.22249118227725384,0.25406449215824334,0.3084973560313324,0.40143791190607553,0.5500370938357939,0.7545283056744028,0.9702791388525306,1.1233285472072991,1.1851291596189804,1.1898656896371658,1.1802448581918965,1.1781996180001897,1.1893998935111338,1.212750218061817,1.2454945746143522,1.285026375613358,1.3293075016892393,1.3768614100556202,1.4266939891850638,1.478247258919807,1.531414653837408,1.5866329463399722,1.6450713692404992,1.708946913026674,1.7819922839185394,1.8700549712931158,1.9816063014933705,2.127265080682738,2.315388790951061,2.5358560497509854,2.7216591864786155,2.7226172259362538,2.432204486929614,1.9776256247675759,1.5664676924135768,1.27669853603439,1.092243870257996,0.9788228378855596,0.9097458800029651,0.8678071127284355,0.8424503527080337,0.8272434082588971,0.8182355419953059,0.8129588346356669,0.8098218784916761,0.8077318246174389,0.8058480118656548,0.803413617110563,0.79964319444838,0.7936741126135688,0.7846217395474221,0.7717942742270242,0.7550661236772073,0.7351959584547278,0.7135366992315163,0.6905578965018069,0.6639477456083946,0.6300786140036598,0.5908638198472473,0.5557620059791144,0.5327526652746137,0.5226349797324376,0.5219183665077503,0.5267123988174561,0.5342576719155235,0.5427831920513435,0.5505133024069174,0.5539827798783744,0.5452687448926963
1.2139958207177826,,,,,,,,0.016299854193570974,0.047991743542588526,0.06785360827287323,0.07213679325872592,0.062165799310959086,0.05041311174377641,0.049343536989600464,0.0599292426456961,0.07621641638515242,0.09255582993048798,0.10596342215058925,0.11580503556961615,0.12279493526260483,0.12809687464339675,0.1327929447890352,0.1376799081158255,0.14324816415168226,0.14972846549489138,0.15714742964885012,0.16536907457861658,0.17411568717124046,0.18296793326745228,0.1913510562616086,0.19853170790945182,0.2036946713074542,0.20626566221003978,0.20681136528471128,0.20896546379090594,0.22218629096345047,0.2618124700951061,0.33821153805004167,0.43970901729843404,0.5404052664822866,0.6264225271103413,0.6991534390947397,0.7637152392565361,0.8232716392648108,0.8790668779948158,0.9315504721918324,0.9809868373080857,1.0275862245963823,1.0714414207122391,1.1124205187922438,1.1500468209692831,1.183345298659239,1.2106223323037522,1.2291532553071391,1.2347863136776243,1.2215552003399934,1.1815348295075887,1.1052825933227428,0.9830241179120951,0.806452817843562,0.573272714660875,0.30530815248934706,0.08496626588335628,0.03188631814725519,0.16201925522891047,0.3742629648246948,0.5827681092506936,0.755515695846235,0.8883069049142389,0.9861198979022371,1.0561458030802509,1.1052526968340046,1.139001452130155,1.1613885701010318,1.1749322383559087,1.1808608029372016,1.179277943203633,1.1692671820990974,1.1489632933067888,1.1156793067246984,1.066246258055067,0.997771527244633,0.9089551025475473,0.8017924193885316,0.6829956668833953,0.564282022330698,0.46119286253547565,0.39004691557301957,0.3608518962203499,0.3681814398658799,0.39412136239872025,0.4234762659039748,0.45010739061199867,0.47293225120291005,0.49226229763758705,0.5086554836876082,0.5225201135036792,0.5334548775444372,0.5389327028619562,0.5318736350633808
1.2160763619700838,,,,,,,,0.028276114748294588,0.0919051011258338,0.15303497158523696,0.20277281240770828,0.22658278694116338,0.22011650202964994,0.1962653576563626,0.17044734433106015,0.15005162996028013,0.13637899932520686,0.12855145117964822,0.12537053128235595,0.12584507008783366,0.1292481991584894,0.135060243870652,0.14290679937459835,0.15251859617771338,0.16371704703982404,0.17642495877326478,0.19070268336798477,0.20681231234048258,0.22531507764592806,0.2472082699359742,0.2741040307847564,0.30843494959367485,0.3536187144015319,0.4139520326820458,0.49349015891961856,0.5919650914090883,0.6957790480319395,0.7725191727729184,0.7929006733253156,0.7643011494146188,0.7187289659543687,0.6798291923755213,0.6554126102420409,0.644858994540273,0.6451513620855218,0.6533265567011093,0.667097482266588,0.68485789546109,0.70555446670762,0.7285774312826501,0.7537083735610178,0.7811367929059996,0.8115599456749276,0.8463953124420036,0.888158642572839,0.9410929173545238,1.012166307862507,1.112535205838164,1.2592412622735447,1.4753152384129076,1.7808122911724544,2.15625336400728,2.4795979052771813,2.5716087934625413,2.4214410522592775,2.1891379638943134,1.9923380949009677,1.858728251520861,1.7775754114178242,1.7322435705327164,1.7095588065750427,1.7006711470858842,1.7000090883788128,1.7041942986933507,1.711268078023176,1.7202077726683311,1.730655952149174,1.7428034813159632,1.7573978032014468,1.775878428076542,1.8006713554042875,1.8356903533071725,1.8870379872253247,1.9636006039484613,2.0763023249279495,2.2326862855423695,2.4210015763190444,2.583892978158112,2.616617322278395,2.4486203961490225,2.134169474152553,1.7954175006325168,1.5136761675650672,1.3095821202265048,1.1729692995464989,1.0863657789052796,1.0340252421098999,1.002939520282923,0.9802423650374948,0.948210756225617
1.218156903222385,,,,,,,,0.010748143042716063,0.02469779990895715,0.027510163297113026,0.0245127618634125,0.025418820636034407,0.0372505842256892,0.05676907852372979,0.07663528533848367,0.09315714694068815,0.10625088617650312,0.11704454143074311,0.12662665055897024,0.1357571578330374,0.1449021431660553,0.15431304627491507,0.16408318429893518,0.17417752880619405,0.18444047680176265,0.1945828160690241,0.2041447308237425,0.21242898465764257,0.21839955989631815,0.22055199557892735,0.2167955187053159,0.20446502821601176,0.18072436758112193,0.1438299812326786,0.09590412649971702,0.04738841484787497,0.01967050897912141,0.03444219064950801,0.08836580042799269,0.1518706505731449,0.2015931388184009,0.23394051078589123,0.25450550196301597,0.2690189936304303,0.28105984003792733,0.2924635334505293,0.30405899984106405,0.3161619853610676,0.3288298846889857,0.3419680935933517,0.35535180032374264,0.3685940185908554,0.38106752700660973,0.3917730936245176,0.3991358010968102,0.40070631057442657,0.39275534490582154,0.3698192731532886,0.32453513064136413,0.24912276292128954,0.14292051530776628,0.034509485343792445,0.008806903189254664,0.1585696737331875,0.4587492670887375,0.7993055344610734,1.1082815490402922,1.3639190257945637,1.564593927250388,1.71515983532844,1.8232412003137435,1.8971964645261943,1.9444719009244333,1.9706544449176595,1.9791606907188466,1.9712585705944905,1.9461791400843007,1.901230659455615,1.8319819890887217,1.7327296261232228,1.5975778610189824,1.4224194504037415,1.2076854624915359,0.9609147569090658,0.6977195641544411,0.44091036143340956,0.21980356381706548,0.06958478993979972,0.019816365700755012,0.06575021941834827,0.16146688112923366,0.2590953834712205,0.3372297445773311,0.3942393450388935,0.434942125561007,0.46436467125995523,0.4860944775570819,0.5018037097706453,0.5104320997070224,0.5063001227625329
1.2202374444746864,,,,,,,,0.07501631324588287,0.2266703861221044,0.3581900538670279,0.4424805198449496,0.454295397296697,0.4037385162711407,0.331885364091717,0.2700950618355528,0.2267787488526116,0.19905834147585716,0.18210039798521072,0.1720571610391908,0.1663504963036951,0.1633714743285529,0.1621772698693117,0.16227519838986962,0.16347933907716763,0.1658182685542202,0.16948132610844877,0.17479853811944007,0.18225395292481147,0.1925336469331743,0.20660576564066485,0.22581241898458973,0.25190161383528087,0.28680122615425546,0.3316816141649598,0.3844961641046203,0.43536522470488664,0.46265810055666456,0.44183951803206084,0.37264814561828974,0.28614613913518605,0.21224966624420155,0.16036702029443894,0.1274019415429704,0.10775004333733956,0.09697182511686644,0.09217823501167602,0.09161473253185569,0.09424813283326318,0.09949224406998892,0.1070497792550606,0.11683505326088463,0.12895706949894115,0.14375980041428355,0.16193467930502578,0.1847453289068503,0.2144468119989094,0.2550579201931823,0.3137714874447993,0.4034113621034726,0.5459684445915148,0.7740146805222243,1.1149070171656597,1.5333797458187624,1.8927006897805492,2.085991739993361,2.1493781134796346,2.1616560961727123,2.16399223862237,2.166906269378946,2.1701439062318895,2.1718103153386608,2.1706843782509515,2.166267895976999,2.158431823407775,2.1471434422449707,2.13231488506928,2.1137281140011934,2.0910048220759125,2.0636230962162916,2.031023310196845,1.9928931708661894,1.9497555518386815,1.9039249531959583,1.860588827642954,1.8280302493604916,1.8148763051631802,1.821577316554486,1.8269759259039593,1.7866033656939415,1.668677106708064,1.494733605086234,1.3160508542674587,1.1667243156443996,1.0549259516956169,0.9757516891730802,0.9212360107138198,0.884049178782234,0.8575884977467412,0.8341323127258817,0.8013083252227073
1.2223179857269875,,,,,,,,0.0224297894191425,0.05137911564396808,0.05554755434836629,0.03766256117843077,0.01627415268027218,0.015533566928920528,0.039331702570675836,0.07313264726292322,0.10361262048758776,0.12540732245072392,0.13823470925425588,0.143665298857722,0.1435718547737694,0.13962359978990144,0.13319718725568436,0.12540934742562898,0.11716485901444758,0.10919066092126581,0.10205308942321638,0.0961610471926469,0.09175555857146889,0.0888799691061825,0.08731700128856529,0.0864735897221211,0.08520869806065,0.08167720088132081,0.07346718631271539,0.05859009510850324,0.03774670963113704,0.016583753222478494,0.003404425850595085,0.0007529195893826375,0.0029035567763327093,0.004269754522920705,0.003782428733706017,0.0024901727204598378,0.0014112377516313488,0.0011253778469606,0.0019383451003340795,0.004028923248912397,0.007510835590268092,0.012451777879960532,0.01887669450459845,0.02676344118828816,0.03603109826813998,0.04651842436525649,0.05794814920309417,0.0698708558269359,0.08158139451367075,0.09200923740070897,0.09963758051805154,0.10273743497144013,0.10100218386796189,0.1015890664563109,0.13307849098203584,0.25291652493911493,0.49762003834803387,0.8153075464142684,1.1231947478125723,1.3822790648370118,1.5862299355399894,1.7381392869164674,1.8439388042100766,1.9112784030026773,1.9482353967518058,1.9619869221750998,1.9580809844175744,1.9402909603070742,1.9107762992368484,1.8703298905210142,1.8186210730522694,1.7544483230742096,1.676092378906965,1.581911023502589,1.4713046659459748,1.3460217452867635,1.2114020296376424,1.0767269797599728,0.9538116567428331,0.8535904164438506,0.7813352799123063,0.732890680404428,0.6975003037371851,0.6675395691936404,0.6423894382971442,0.6233934700305342,0.6102315221624756,0.6011965216730105,0.5942685294003046,0.5875244751622012,0.5788445427686228,0.5649913085123054,0.5398178635830256
1.2243985269792887,,,,,,,,0.048734623057142185,0.14625939470333085,0.24644325272812725,0.3371589418664534,0.39491862841837183,0.4055522572168243,0.38078330240764036,0.34251983076153397,0.30440077749475214,0.2707331927035322,0.2414482226908757,0.21533886388714762,0.19131856402997455,0.1687428412685749,0.14739427767344157,0.12737163445908847,0.10896770681707112,0.09256304788608136,0.07854242658564048,0.06723326905519234,0.05886188852020431,0.05352179178158069,0.05114901055249616,0.05150355586759891,0.05416420505554335,0.0585483157811073,0.06393516068322397,0.06933581254817119,0.07289897021429792,0.07118470412548747,0.060918876959801346,0.04439540282898786,0.029715700104501364,0.022698423992786945,0.023266685432814592,0.028496123988684514,0.03563787316434877,0.0431099867812345,0.050360636126544976,0.057442565951238284,0.06466064906821276,0.07236903998116695,0.08088458218928361,0.09046783158597131,0.10133971504221813,0.1137212353739299,0.12789931795201387,0.14433697041557889,0.16386741197188842,0.18805186149192588,0.2198624019424351,0.26500784086096674,0.3343874763949682,0.447446757615328,0.6306552715870043,0.8926104089435398,1.1816424593894965,1.4180878605309564,1.5777609728345954,1.6804488179445136,1.7455457874114904,1.783043148290911,1.798686902882604,1.7971457475216004,1.78251622361963,1.758083086905601,1.7261820207834293,1.688246409574438,1.644926625543053,1.5961981033121793,1.541433492468938,1.479461119845757,1.4086733113359766,1.3272905925947203,1.2339129766059256,1.1284357645030174,1.0131933205130674,0.8938535823661824,0.7794201134157447,0.6809605756975773,0.6087375798453656,0.5670043729391885,0.5492234655675364,0.5421832842481831,0.5361509688730571,0.5275867583405005,0.5155479259308372,0.4991180958082111,0.4769384436989745,0.4475088285362863,0.4095718954862213,0.36238577253788246,0.30572813955595607
1.22647906823159,,,,,,,,0.028588638967241887,0.06985699244939056,0.09060828160725937,0.08682649411609808,0.06676073068744241,0.052624410515063016,0.059724239540480686,0.0847808958100288,0.11621526320683787,0.14395576216674602,0.1621535814722883,0.16898080981461405,0.16546379535714512,0.1540488920216235,0.13748938595598,0.11825953785993194,0.09836305765336142,0.07933652616604693,0.06231719486368545,0.04811632523135888,0.037277333304272645,0.03011054602837182,0.026698250038562642,0.026868560892689942,0.03015849711036042,0.03583333309380162,0.043073404397453996,0.05138450325046036,0.06101567619949972,0.07278162348222492,0.08696154040389699,0.10266336316513523,0.1190324112763616,0.1359715608965807,0.15324194069143035,0.17005277109869507,0.1855548563649116,0.19932957332283094,0.2114750035794012,0.22242529254277824,0.23273182643374274,0.24291972072200477,0.25342829109846077,0.2646060242647528,0.2767325218381182,0.29005234183967576,0.30481628773127106,0.3213329368213445,0.34003932982506946,0.36160993668865155,0.38715321014677956,0.41864570595003303,0.46002677380138374,0.519691297202704,0.6133907046807471,0.7574564572624619,0.9414724453171772,1.122558616179716,1.2692136367202675,1.3768476058404733,1.4500853177527047,1.4937693223171833,1.5126911301893788,1.5119168549431778,1.4963231000740038,1.470085797582952,1.4364910644852122,1.3980139636017719,1.3565197514160385,1.3134936073619636,1.2702666209859623,1.2282449419054378,1.1891698404385014,1.1554457085105674,1.1305663013091498,1.119619084468673,1.129676769231239,1.1694133161893459,1.2461813437947078,1.3571645206502156,1.473238206702293,1.5321854907718928,1.4777653377934237,1.318801603835155,1.1153946124430898,0.9192837026623114,0.752405918100206,0.6177149841588108,0.5114545712277403,0.4287914689060249,0.3651164888400944,0.3156564805588484,0.274608248508546
1.2285596094838913,,,,,,,,0.02677156229423804,0.06731148619389646,0.097138341728114,0.1148589049047659,0.12120819127959698,0.12041259054515623,0.11662180079995216,0.11144924259478411,0.10518816478597426,0.09798082245792604,0.09000467054516889,0.08143743738854176,0.072463872175093,0.06329872012952766,0.054197308960581364,0.04545032852815216,0.03736688282694075,0.03024966678717208,0.024364318835636615,0.0199029919218737,0.016940808754215636,0.015385374785940318,0.014928420013616182,0.015030085563857978,0.014996569064376694,0.014217805949231653,0.012548272078463646,0.010628015178984148,0.009879496471907372,0.012451630870105899,0.021995683835892368,0.04381144835875136,0.08090405854349125,0.13032535055932337,0.1852498206877601,0.23884927220297267,0.2864368110351395,0.3259562971083145,0.3574685300918758,0.3822353298599926,0.40190431646475167,0.4180124497526349,0.4317787991793553,0.4440702264839931,0.4554405841165131,0.46618591547955723,0.4763898241432994,0.48594988404848677,0.4945827841882571,0.5018111862406964,0.5069606415888261,0.5093153025822436,0.5090101946266515,0.5102574660084281,0.5286838567987767,0.5948701963062308,0.7273333696953328,0.8962194987688437,1.0535554649241468,1.174996850186904,1.2563782243468464,1.3013484806943643,1.3162777379166608,1.3081612796813444,1.2832869153473936,1.2465655641188407,1.2014308581114383,1.1500323555040548,1.093496225336511,1.0321456670166609,0.9656600306811635,0.8932005214151614,0.8135611240628297,0.7254270389915101,0.627830146584432,0.5208516841444759,0.40651836297567445,0.28975191597936345,0.17935378560234191,0.08908517372559993,0.037110845011053724,0.03765730311604875,0.08455083640871926,0.1500900057884557,0.20847814052168612,0.2502466900584799,0.27686972812028715,0.29278129335114156,0.3019691725499448,0.3072049370953765,0.30987023118816803,0.30961331325831204,0.30350904772674
1.2306401507361926,,,,,,,,0.051494402954517175,0.12632591867226797,0.17326207659345533,0.1803224174527411,0.1475962049485462,0.09727891306328679,0.054802888813147724,0.02858125625825828,0.014870373344788818,0.008229683039761227,0.005116456770287746,0.0037160245508651587,0.0032012017775255503,0.0032336316734730827,0.0037019733965053944,0.004593965898555013,0.005936154853987339,0.0077677093803843284,0.010131681326872,0.013074939715251692,0.01665215144552319,0.0209334312701938,0.026025418014537244,0.03214505062232346,0.039862934481402816,0.05079170766925729,0.06915176967903086,0.10419851421362582,0.17081279862427518,0.2801580388316642,0.4167106495723392,0.5331972315927396,0.5943718258847188,0.6067884719194028,0.5951208472728499,0.5775182515543298,0.562094382087446,0.5511528924606031,0.5446479154705622,0.5418511348790184,0.5419853371938627,0.5444207710613044,0.5487172459132068,0.5546254300438342,0.5620913123929219,0.5712840795679196,0.582663054493209,0.5971038517405104,0.6161147689270137,0.6421912267585129,0.6793748192071926,0.7340683224349625,0.81588893841926,0.9368563243575788,1.1025536046018196,1.2879125512716527,1.4288395816028057,1.4844026894915914,1.476759937563254,1.4424903598372878,1.4000997610971875,1.3548300103086481,1.3074963052922148,1.2582225458003522,1.2072976020723087,1.1551850296865307,1.1024264552576242,1.0495975906744235,0.9973166067938152,0.9462850466246867,0.8973512083886017,0.8515959339794984,0.8104466508559626,0.7758267819982991,0.7503397448287628,0.7374527721094757,0.7415357937515009,0.7672983601679848,0.8174399802485224,0.8864099048288139,0.9503082868728082,0.9659314282696703,0.9018867946905237,0.7764372720626975,0.6394529511537851,0.5275464611117153,0.4513474961893119,0.4061574478248299,0.382820296329873,0.3729695576758788,0.3702330179634068,0.3693399850025384,0.36412595030608075
1.2327206919884939,,,,,,,,0.04323197202016249,0.10068487584495704,0.13182256315593252,0.12941580064124542,0.09841421518857761,0.05962458714422654,0.031170939413067932,0.015944621612286883,0.009198170404839992,0.006655467032834367,0.006120683507828234,0.006701418655081725,0.008069183970187618,0.010089154708367085,0.012671957350978855,0.015723943801578055,0.019136124192238955,0.022786884974555603,0.026548761401665316,0.03029562953038113,0.03390911424680393,0.03728405799730369,0.0403337396038502,0.04299804568813484,0.045267672390340866,0.04726980161770803,0.049541883454586405,0.05374286257824165,0.06394370896643091,0.08732511694499906,0.13043226529722168,0.1907421687014846,0.2562957354592169,0.31647519027863863,0.3671511332369042,0.4079821669536145,0.4398319462353667,0.46399379024425563,0.481971351253014,0.4952600795046419,0.5051553429196805,0.5126566628203651,0.5184571470609047,0.5229739873652112,0.5263828648227827,0.5286341692710852,0.5294379639796126,0.5282057445676074,0.5239320071506408,0.5149925630976004,0.4988535460391074,0.4718306317865368,0.4296785990213362,0.3717382213509115,0.3138149689426373,0.303815230943902,0.3936270928653431,0.5666840783399371,0.7546380442358422,0.9103008708155811,1.0195720668989028,1.0843803668548662,1.1121959409895503,1.1116602556521238,1.0905463989899844,1.0549202537476277,1.0090467332978794,0.9556464354852179,0.8962332226724591,0.8314121081540536,0.761119174122454,0.6848429264848849,0.6019019620875434,0.511877845570464,0.4153024656048749,0.31464195497771613,0.21547565559578488,0.12754980541907737,0.06500945392266606,0.04394697621669366,0.07315508002117464,0.13771244286618134,0.19706743325998977,0.2195015059923878,0.2095713290626691,0.19032093103466396,0.17803115276050047,0.1767266771554846,0.18358912582974207,0.19434252919074013,0.20554094621061775,0.21450948729932098,0.2181048275358844
1.2348012332407952,,,,,,,,0.08425545550384964,0.20314341374227313,0.28250293109839086,0.29901443286227297,0.24803627067311726,0.16409939916792296,0.09179413309570604,0.04827313992792617,0.02821276680474787,0.02190528265665715,0.022557289125913812,0.026503418302650888,0.031975059991301125,0.0381609886822638,0.04469047310039023,0.05138478966169849,0.05815201977237317,0.06495470811947258,0.07181582428668332,0.07884903035105396,0.08631226699588018,0.09469498996811906,0.10486308476894633,0.11830268403750531,0.13751652700619188,0.16659666898505407,0.2117989682259448,0.2812220126824074,0.3809346404500953,0.5038625717797569,0.6178918012008062,0.6813325991250379,0.6834442906014736,0.6479930378886616,0.6018942391263442,0.5595826629540979,0.5256504736122931,0.5001973274634285,0.4818658906110147,0.469087151604646,0.4605037465366506,0.45507752700287607,0.45209157908138053,0.45113081590950327,0.45207782598279683,0.45514554867822177,0.4609685438858966,0.4707858180254098,0.48677239516913806,0.5126198017107412,0.5545264355130426,0.6227659673568843,0.73350748221049,0.9077436722181349,1.155693551858291,1.4338884995894317,1.631166839096002,1.6788669309055126,1.620819682189825,1.5267056322210557,1.432683514878095,1.348692986107831,1.2745484938207379,1.207716734973491,1.145812344496567,1.0871206048659137,1.0305544633222372,0.9755074081939591,0.9217279525127288,0.8692397992162598,0.8183064552903975,0.7694361366058404,0.7234248814695211,0.6814359590985762,0.6451049396401297,0.6166277200150565,0.5987008244953038,0.5939739247522108,0.6032718160125397,0.6215445766124644,0.6324410649001252,0.6103497341088812,0.5415110606366934,0.4438483639652413,0.3505939623692214,0.28248748031872317,0.24263517513694127,0.22484369879836444,0.22096270758113518,0.2242693601477271,0.23009711386241827,0.235022635978974,0.23536252742606925
1.2368817744930962,,,,,,,,0.07839369418583592,0.1953540780754844,0.29067501800102535,0.34058249404222174,0.328687401300662,0.27131438015503734,0.20578588136169487,0.15578297290374307,0.12488499338168482,0.10858037554094951,0.1020101907906401,0.10180437500854385,0.10584022897628816,0.11274501223024681,0.1215554850708873,0.1315312949357836,0.1420594462651647,0.15260567549300688,0.16269220692025133,0.1718997155157411,0.1799067082884688,0.18659103914420333,0.19221465054622527,0.1976749642504244,0.20473494681697907,0.21608945183297576,0.23511941319084487,0.2650532942172471,0.3067422359085371,0.3543577203726872,0.3930220894177315,0.40843899817083423,0.4016432973911382,0.385083690065389,0.36881918798305685,0.3564795138917635,0.3480138141285334,0.34232250876141074,0.3383767133716215,0.3354670413874996,0.3331507822287069,0.3311466436176596,0.3292484496652474,0.32726285555514933,0.3249591922420553,0.3220178441487782,0.3179637815110793,0.31207014137887734,0.303213344300717,0.28966321362808983,0.26883267869290894,0.23722186059841538,0.19156802003821,0.13424083203215204,0.08737046577211954,0.10509253939109219,0.23423367449186006,0.44181641252901044,0.6501194150479982,0.814551498560007,0.9271093552158229,0.9941556597055525,1.0252457955745307,1.0295542047155883,1.0146869743138651,0.9863677649722598,0.9485723267853704,0.9038472249036943,0.8536427805002252,0.7985891712067805,0.7387145656600091,0.6736467349783896,0.6028698422707434,0.526131924921248,0.444100825823584,0.3593067844646901,0.27724096739196735,0.2071781451519756,0.1617771803809175,0.15341149902511475,0.18409077454431325,0.2320577341621168,0.2576723711173375,0.23979296511137582,0.19376086522776306,0.14696282678114753,0.11538280418885866,0.10131270454419661,0.10012862703722863,0.10604253494166765,0.11457356079652681,0.1226779396963109,0.12777525077901056
1.2389623157453975,,,,,,,,0.04361545092805561,0.10086565258810473,0.14172882550236607,0.15848588402728808,0.1491747855785046,0.1260113004609149,0.10615204852315442,0.09742992200702258,0.09879924256047505,0.10676351209242643,0.11850695367555009,0.13232084427091162,0.14727530039790365,0.16287769344770045,0.17885344529915323,0.19503174235643536,0.2112991486563584,0.22759258185304096,0.24391389224237006,0.26035553294625857,0.2771291771230285,0.29458516022882836,0.3131969221141803,0.3334561951549785,0.3555805703567762,0.3788970610909482,0.40081580171328995,0.41564164353630345,0.41445511217743386,0.3890802840154196,0.34206314098370705,0.2917719922566157,0.2571782372496102,0.24176010075794685,0.23827142607512458,0.23912326651643537,0.24007846117822246,0.23968238773732925,0.23792562912206483,0.23530232853775465,0.23235105831720423,0.22950542343275687,0.22709323261630257,0.22539174420415106,0.2247022725675001,0.22544038244729733,0.2282575280566918,0.23422836618751952,0.24516726382194584,0.26419271059728344,0.29675318783569016,0.35241854737984407,0.44741728785606644,0.6052865882256906,0.8439446720319014,1.1321765831762522,1.363123623635333,1.453454561759206,1.430348078935057,1.3599889159479672,1.282185606029094,1.21062240517949,1.1472876778059566,1.0906399348048073,1.0386449025263422,0.9896231254131234,0.942358335814307,0.896005987088411,0.8499760064571892,0.8038381139051358,0.7572609943685715,0.7099908296210133,0.661880038904372,0.6129847744834387,0.5637499289762995,0.5152745137690972,0.46956945694145164,0.42955627634458915,0.39830345799824024,0.3767721740919553,0.35999980459893166,0.3355117612228554,0.29175151689715506,0.23134194011149958,0.16894038483062299,0.11764008621613205,0.08265732628073215,0.06302456778424487,0.05490185146079634,0.05398672968026161,0.05673301689851373,0.060579434467198504,0.06353363897989292
1.2410428569976988,,,,,,,,0.10337993180286523,0.2613500274525384,0.4101152481910643,0.5165071310203013,0.5458761270563824,0.502054129873522,0.42839478543889786,0.36317477906776674,0.3196294248588186,0.29633480693827197,0.2881881933640786,0.2905694435423999,0.30007046843522545,0.3143015196078806,0.33160976434238765,0.35088243325155993,0.37143797840405873,0.39298553490618354,0.4156411056792584,0.4400007627050519,0.46728227655632176,0.4995560180316917,0.5400889118845885,0.5938025188541999,0.6677372348158529,0.7710523796756912,0.9131097959334246,1.0962019866921655,1.2982170723082676,1.4509638168753405,1.456701916904511,1.280905561654132,1.006403355467941,0.7426895739303199,0.5408911635149223,0.4022008791339442,0.31087006703477355,0.25119792511005284,0.21177159629960562,0.18514095475746536,0.16662922835101668,0.1533233730471088,0.14338643424957415,0.13561918578900392,0.12918119837898032,0.12340442943395516,0.11765481732090423,0.11121328347831487,0.10316154331030879,0.09228419313092585,0.07707800643000702,0.05621345326313229,0.03050205071219414,0.008711235315134831,0.018308653877169467,0.10526193496702721,0.2866706190955764,0.5063333421913958,0.6948488984225086,0.8279828397206648,0.9114028977197659,0.9571991135645894,0.9760094041389948,0.9759732389836052,0.9630254756095402,0.9413227952935369,0.9136520310089538,0.8817828715086122,0.8467431990917265,0.8090190448891766,0.7687028263487959,0.7256326015287866,0.6795880228584436,0.630636345269038,0.579735398348105,0.5296436657308381,0.4859609723263238,0.4576117842941255,0.4551925684759627,0.48449419348507833,0.5336869714721272,0.5645500953726843,0.5346826818491686,0.4414846207623886,0.3223238021633948,0.21413795535629762,0.1328161681727063,0.0783722635387563,0.04461253852604279,0.024755795746582248,0.01348547270544428,0.0072262012702542676,0.003785947423165426
1.24312339825,,,,,,,,0.015903979843961004,0.023350954257936568,0.014876310988323618,0.0029347271049465404,0.011909424022351414,0.05845451283186874,0.13288518811476024,0.21400405171964954,0.28890096721553515,0.35454265355142855,0.41226019525002633,0.46411995745919393,0.5116764041090941,0.5558074312844636,0.5968613394591772,0.6348338787670036,0.6694998940880085,0.7004864792798549,0.7272869035732213,0.7492135340546094,0.7652857484332011,0.7740517230294046,0.7733590830710932,0.7601280982868551,0.7302400285558297,0.6787021110094612,0.6002960294149029,0.4912576861874942,0.35367195616067443,0.20417583896346178,0.07862998409368566,0.011275847990789446,0.002221395317901884,0.02415613610837421,0.052175436484815305,0.07457065067757324,0.08859711538255484,0.09526011973325725,0.09655804714929701,0.09438820486381728,0.09022793508452315,0.08512725424280546,0.07980242526263866,0.07474460064773568,0.0703171131920306,0.06684193744726766,0.0646890474770224,0.06439419911928712,0.06685220783398006,0.07368016995295835,0.08794469945158778,0.11561732320016348,0.16819332459779943,0.2656614492510556,0.43239927064441624,0.667991463913354,0.9091235426498995,1.0754217989063162,1.15327510541603,1.1754204637454957,1.1710533395122484,1.1549466857427824,1.133208330161526,1.1082630962845017,1.0811176214449634,1.052191492436607,1.0215927880557185,0.9892001239275369,0.954676430839868,0.9174574649134221,0.8767372072775231,0.831475482567628,0.7804680376005771,0.7225381320790142,0.6569140220257264,0.5838138755788538,0.5051332526032851,0.42494545485031227,0.34940590419764844,0.28564200000870826,0.2391029864228331,0.20944829655759903,0.1889714542793474,0.16884939015059594,0.14644707999170017,0.1242143907712382,0.10507136863303987,0.090380217749938,0.08009988548529541,0.07344486083649297,0.06936813804997782,0.06675166127950123,0.06432659380545583
