period_days,time_minus_start_0.00000000,time_minus_start_14.56571204,time_minus_start_29.13142408,time_minus_start_43.69713612,time_minus_start_58.26284816,time_minus_start_72.82856020,time_minus_start_87.39427224,time_minus_start_101.95998428,time_minus_start_116.52569632,time_minus_start_131.09140836,time_minus_start_145.65712040,time_minus_start_160.22283244,time_minus_start_174.78854448,time_minus_start_189.35425652,time_minus_start_203.91996856,time_minus_start_218.48568060,time_minus_start_233.05139264,time_minus_start_247.61710468,time_minus_start_262.18281673,time_minus_start_276.74852877,time_minus_start_291.31424081,time_minus_start_305.87995285,time_minus_start_320.44566489,time_minus_start_335.01137693,time_minus_start_349.57708897,time_minus_start_364.14280101,time_minus_start_378.70851305,time_minus_start_393.27422509,time_minus_start_407.83993713,time_minus_start_422.40564917,time_minus_start_436.97136121,time_minus_start_451.53707325,time_minus_start_466.10278529,time_minus_start_480.66849733,time_minus_start_495.23420937,time_minus_start_509.79992141,time_minus_start_524.36563345,time_minus_start_538.93134549,time_minus_start_553.49705753,time_minus_start_568.06276957,time_minus_start_582.62848161,time_minus_start_597.19419365,time_minus_start_611.75990569,time_minus_start_626.32561773,time_minus_start_640.89132977,time_minus_start_655.45704181,time_minus_start_670.02275385,time_minus_start_684.58846589,time_minus_start_699.15417793,time_minus_start_713.71988997,time_minus_start_728.28560201,time_minus_start_742.85131406,time_minus_start_757.41702610,time_minus_start_771.98273814,time_minus_start_786.54845018,time_minus_start_801.11416222,time_minus_start_815.67987426,time_minus_start_830.24558630,time_minus_start_844.81129834,time_minus_start_859.37701038,time_minus_start_873.94272242,time_minus_start_888.50843446,time_minus_start_903.07414650,time_minus_start_917.63985854,time_minus_start_932.20557058,time_minus_start_946.77128262,time_minus_start_961.33699466,time_minus_start_975.90270670,time_minus_start_990.46841874,time_minus_start_1005.03413078,time_minus_start_1019.59984282,time_minus_start_1034.16555486,time_minus_start_1048.73126690,time_minus_start_1063.29697894,time_minus_start_1077.86269098,time_minus_start_1092.42840302,time_minus_start_1106.99411506,time_minus_start_1121.55982710,time_minus_start_1136.12553914,time_minus_start_1150.69125118,time_minus_start_1165.25696322,time_minus_start_1179.82267526,time_minus_start_1194.38838730,time_minus_start_1208.95409935,time_minus_start_1223.51981139,time_minus_start_1238.08552343,time_minus_start_1252.65123547,time_minus_start_1267.21694751,time_minus_start_1281.78265955,time_minus_start_1296.34837159,time_minus_start_1310.91408363,time_minus_start_1325.47979567,time_minus_start_1340.04550771,time_minus_start_1354.61121975,time_minus_start_1369.17693179,time_minus_start_1383.74264383,time_minus_start_1398.30835587,time_minus_start_1412.87406791,time_minus_start_1427.43977995,time_minus_start_1442.00549199
0.741787607625,0.5275562105590482,0.567526427427201,0.6593331486046291,0.7905384786803242,0.9108458913439498,0.9535218193077626,0.8615195123491968,0.5926586792057857,0.10838422793772577,,,,,,,,,,0.1419230308368195,0.03901367504860284,0.1988817442908495,0.34744519873472657,0.5216625032325525,0.739129733579323,1.0127045066841378,1.3567306596638906,1.7864173954648652,2.3159774314604453,2.955154988022845,3.7035767019758343,4.542670072426765,5.425840969163418,6.269388871996021,6.948909221269772,7.307178454629754,7.177271237959099,6.417546577940486,4.945106309700704,2.7440456053326137,0.010860921614709277,,0.06714398123736263,0.1355386195471479,,,,0.062037671243508286,0.30142560992771666,0.4097136190193544,0.4444199812418515,0.42678346116945054,0.3584645209695792,0.24448541566180987,0.12358349494901999,0.05275204090797144,0.034298900269898125,0.01642287651466098,,,,,,,,,,0.13349008844034138,0.059884516090012066,0.05295082877191888,0.047157379369962595,0.040808195250479386,0.03457976835779499,0.029400624425821444,0.026684567651358366,0.029283297651645623,0.045002600922454894,0.09812301973586313,0.24772412967036206,0.5486201280291839,0.9004349584148187,1.0816050488713504,1.0100017021701242,0.7711691492854753,0.49524758496095933,0.2784603053711234,0.15854941646139328,0.13096365888719344,0.1767344468452353,0.27549713880478033,0.4045147281034771,0.5425492883644005,0.6877802818580554,0.256990390817181,0.0017697364575979808,0.053590387222417074,0.11151350369198486,0.11762043313520365,0.111686859428935,0.104352863745263,0.09696229156741668
0.7438567501846234,0.8334211557954312,0.9172394065315532,1.0355144719256437,1.1586389753407504,1.2190331533446084,1.1492656335100169,0.9218302445984444,0.5558865785412767,0.09868559639422954,,,,,,,,,,0.6814283422742332,0.07540286018624967,0.2010005340473431,0.33457833117943075,0.4930386318783491,0.6881042094845595,0.9304225434143267,1.2318161448806662,1.6046090373698236,2.0600109591893587,2.605179803593233,3.238525289910189,3.9430960727229936,4.67868282469834,5.374717331166284,5.927833799396402,6.208854649935635,6.082027871060464,5.433582013497078,4.198806221755902,2.3693784775946094,0.09400830338077501,,0.0737048658020264,0.13333182699221355,,,,0.19904192817940194,0.8400945219772336,1.1168382545215991,1.1764958712663587,1.0854901267770543,0.8672839955803792,0.5521342076318281,0.23611989673180314,0.046665475557493535,0.00019683357710099827,0.004681222951823496,,,,,,,,,,0.09680310174515908,0.04021666225370094,0.035842381571751646,0.0337954967505016,0.034143319457040675,0.040021608499901995,0.057180906131878165,0.09597538781054225,0.17379907314151608,0.31414281890352486,0.5300994694840155,0.7806979882380625,0.9539234168314583,0.9760233294863759,0.890546899334653,0.7618545679470108,0.6199433020262419,0.48574855611348466,0.38120492215667545,0.31915459867165263,0.301033856741385,0.3234906401976488,0.3809680822320122,0.4612505787648226,0.54009160755754,0.6700812221635515,0.42671277860610024,0.010994134270519783,0.04270296496695184,0.10291540664447389,0.11083642386908787,0.10566384907570603,0.0989103881780398,0.09207551560844784
0.7459258927442468,2.2338811567208237,2.6459677788913525,2.878755825057838,2.799883996615295,2.391164405414808,1.7744233515722603,1.117597477731252,0.5393476685103974,0.08670973472932281,,,,,,,,,,0.1076104432256858,0.03864990215443738,0.15193795417994369,0.24612062912254823,0.35034635295892597,0.47393400631240346,0.6228205986223687,0.8032938942100486,1.0216533662066303,1.2832825820524891,1.591020453474769,1.9426317021296684,2.327342478513939,2.7218391785816607,3.0868815599498176,3.366561040205285,3.492589221682863,3.3948644412608586,3.016542809246097,2.3281185277656693,1.3328443620261154,0.1018581812343568,,0.0804798895838614,0.12820499716665845,,,,0.008839631187716624,0.030078212563645127,0.03500701916977436,0.031643750183050184,0.02491512466480762,0.017517048763270284,0.0102466756431798,0.0038754824220318517,0.0008166229204139994,0.0010938111081662918,0.0009026807613476295,,,,,,,,,,0.06821018125923353,0.028867435875863337,0.02882562593383662,0.032523226538764,0.04106515172541264,0.05867174013670769,0.09270363151170485,0.15493708792335797,0.26061684869997337,0.41820171170062737,0.6007738472377367,0.7217373171142053,0.7020856068391707,0.5879241509034744,0.47891532419087485,0.40542098800733756,0.35135287864971076,0.30059834096942495,0.25061582369381386,0.2100189763934558,0.19211622730058603,0.20899331594128745,0.26464472857741567,0.34419075797164955,0.3759811028141023,0.20489640734889092,0.16730933494802094,0.019174088050033927,0.05025367641529724,0.10129855733559522,0.10777191665623635,0.10290007405715527,0.09664815025961795,0.09033167731887694
0.7479950353038702,0.7699366301277292,0.9085047282043328,0.9968722089649505,0.9853484133916255,0.8623641254811159,0.6639494955185554,0.4419299297522513,0.2319671435796047,0.045523926123831,,,,,,,,,,1.5253657990757319,0.06283637340813775,0.10052955142809253,0.14909672934680476,0.199172363997307,0.253124850112385,0.31260609428363195,0.3791235728420687,0.4538910482768652,0.5375379919597696,0.6296548508022136,0.7281561444553404,0.8285029468155052,0.922945219565781,1.000116659655637,1.0454666270298867,1.0429770732651247,0.9781997917588495,0.8418857524863724,0.6328054847298008,0.35855767225981555,0.039971758143303227,,0.07650424763431676,0.12682766478499874,,,,0.004839837979405603,0.02404575998205384,0.04867927508877737,0.08465728241918097,0.1410468100112278,0.22939282105124686,0.3549873542619726,0.4920717986190202,0.567265196565991,0.4952827628815527,0.20615749020635704,,,,,,,,,,0.04708548173806386,0.01889261079003649,0.020287803620667094,0.025015400264704363,0.03402040723863519,0.05046490228347047,0.07975980496654042,0.12995961855636257,0.20924192108528844,0.31426583720239304,0.40613235659651287,0.40754439476324766,0.29043153369169633,0.14823999669473512,0.06606452152428241,0.036529387038330315,0.027641716436427332,0.022408219428856953,0.01727904438772226,0.017466086793735396,0.034037138500938834,0.0791649811271896,0.15807999268336975,0.2592555550813852,0.3317647100792553,0.2096830707042687,0.0018731300354765262,0.011680364439893606,0.060325957619559126,0.10377554554275,0.1085242980811109,0.10384923768550286,0.09804823010841579,0.09220458162207704
0.7500641778634937,0.5550124293776393,0.6880036174291392,0.8260032834722575,0.9231893428176647,0.9407258307132713,0.8665912271228188,0.7068495805944062,0.4639578814474217,0.12303067973444068,,,,,,,,,,0.14926494253741523,0.04428628025144487,0.10519176726241602,0.15823011423207065,0.2150532584376736,0.27928224000233814,0.35351749563621804,0.4403955232219556,0.5424067491842649,0.6614850234357555,0.7983141225097334,0.951284552620738,1.1151098623240019,1.2792907540291134,1.4269101369007866,1.5345648506470946,1.5743314242180335,1.5181662481104459,1.3439310237305737,1.0406748060689046,0.6091347577783446,0.0804352366220512,,0.04016166561729656,0.13968074340528586,,,,0.018747214070780168,0.0655169218824234,0.10269035951040499,0.1426551757873833,0.19580988110148742,0.27008770245709474,0.3635256855675629,0.44896775732212524,0.4732560439889421,0.3878980344623078,0.15835753523718632,,,,,,,,,,0.02701376350474047,0.01010124308733953,0.00962610169190494,0.010822192668076821,0.014309785027228699,0.02175404955129369,0.03602545415417966,0.061557917934263046,0.10362139610667283,0.16396822773080044,0.23053724307742857,0.27102308827964555,0.2589175390902029,0.2117922116451627,0.1649699474822626,0.1310221482302564,0.10699398493472594,0.09016470616952547,0.08176616692267326,0.08513027627266041,0.10495723221395777,0.14702035661152282,0.21447316600538424,0.3018721972847663,0.3915054570549254,0.4372684355263725,0.12930542705711853,0.001489748692405529,0.05095895811340678,0.104441173657628,0.11251333293184913,0.10871192448562314,0.10340577782815039,0.09799369778868482
0.7521333204231171,0.8239485267657164,1.0283976229319811,1.294541569660315,1.546252515449904,1.679679813251529,1.621027975773569,1.3513609607079373,0.8858898243399426,0.24370729175674163,,,,,,,,,,2.8834557669605436,0.03182449584480105,0.2273447886646037,0.4219881345102939,0.6213143479564417,0.8702422303453178,1.1838343344548694,1.5776248526206018,2.0677921371616166,2.669066761289463,3.3909295491987663,4.231601516993814,5.169654881665196,6.154041883537113,7.0950745058295075,7.861008006362015,8.285969291456006,8.192776040075232,7.427017675158569,5.883321318893133,3.458880384655752,0.4083012062050127,,0.014031400524649443,0.2157747366265033,,,,0.01726475469876901,0.053335176512135124,0.07813393788791398,0.10216781708604902,0.13427105602809314,0.1807413413758362,0.23894703829035946,0.2880235198766655,0.2949070864896035,0.23639759225199508,0.09757796650868265,,,,,,,,,,0.014550517760080484,0.012778092751531456,0.009986280785086536,0.007459725407388792,0.005355831690779405,0.004097654914643498,0.004309904475385042,0.0068207340986594965,0.012378230035543294,0.020897070457834448,0.03187583984847823,0.05269368838139061,0.11098904945006562,0.2256774340602476,0.3591158208336251,0.4513422175642755,0.47073452867287685,0.4216534489778872,0.33383282779931245,0.2440139344060217,0.18080199581376455,0.1607782549321573,0.18882305431587712,0.2523570136640937,0.286082747573509,0.27643169067841306,0.35351569163994756,0.015637434980390115,0.042889524848887084,0.10788043488719447,0.12041064332887229,0.11763767255816622,0.11280378100617207,0.10777022145955181
0.7542024629827405,1.7511413297447096,1.568796490991365,1.280619555418937,0.9339784916600187,0.6002282310803798,0.33603784907114026,0.15939057129365586,0.058045336482592434,0.009001380728820993,,,,,,,,,,0.2556848343397763,0.12421354237579695,0.7707617862251629,1.3617160616914132,2.045320436003983,2.921126632085465,4.041590876010695,5.463926462644792,7.248261241980277,9.449879637549614,12.10525289493549,15.209949576185394,18.687767728075194,22.353936412959346,25.881527383164183,28.787929181131545,30.462274499627053,30.246462273904378,27.549026811102642,21.834068438853482,11.83990403208462,0.8714175460695405,,0.0034885300453711687,0.338223778140479,,,,0.02918376988299679,0.0747236166272372,0.08956090751015944,0.08823963738522492,0.08332463946370224,0.09032838475241776,0.12694729848261188,0.19456206788739666,0.25306992954488833,0.2405646233208716,0.11247686162362694,,,,,,,,,,0.024921890883605413,0.0346848228683909,0.03199595674021377,0.028834400882860045,0.025328057405972944,0.021794523911173185,0.01876553308129001,0.01721485570956512,0.018686275462879515,0.024596476540754045,0.034761637519294696,0.05383852115609112,0.11624092774751754,0.272262316704708,0.5022896961145229,0.7133531562570172,0.8145666719463815,0.7656501960746058,0.5930377625547709,0.36962148328741257,0.17327894539253785,0.057949366631763206,0.043811061399740066,0.11125334255383076,0.15210530774664519,0.002260961546269053,0.30651727003714185,0.05378178244513671,0.06134710527274531,0.1209940269681758,0.13308601720726404,0.13058366447832703,0.1260777030191053,0.12135388003419434
0.756271605542364,2.5426125690674337,3.099053774036262,3.329542945723912,3.099578608830287,2.4938364663056882,1.7422234556579594,1.0472122728689575,0.5019523639902695,0.1135107152506951,,,,,,,,,,3.4831016673307493,0.020591132845224878,1.0107904602219968,8.35685114725015,13.707922547910341,19.68700485042318,27.331701402183377,37.05560467308026,49.269624334814495,64.35101285854947,82.54897032714801,103.83477601139086,127.69275223293073,152.8712813503478,177.15507977401603,197.271087262763,209.06403050522562,207.97582993588603,189.04480798948748,139.55832255458463,39.54464191502105,1.0388886929934567,,0.0020445005613607395,0.46455579357089266,,,,0.10461219577525689,0.25172868232304124,0.2949768504598772,0.2714139319335171,0.20151046938792933,0.105267505143648,0.02124868527393684,0.0044445158056545244,0.06524174109925789,0.1261317072173906,0.08466060539269475,,,,,,,,,,0.10172985007501263,0.07579675929841516,0.0726151444737989,0.06961704637027728,0.06476197524220885,0.05783328405019294,0.04884614757504634,0.03872477185930692,0.031133028551412638,0.03583506727666265,0.07185037445271632,0.1638378571841532,0.3280619238341424,0.5601986252592539,0.8273643809664002,1.0592786357810398,1.162704932307337,1.075948438710202,0.8226928902130677,0.501315532905281,0.22275659009110507,0.06091234912203576,0.03814058451296358,0.12948360357211855,0.2516424902428404,0.20285793286804873,0.11557785268971552,0.037379121489725,0.08003767121530397,0.1379077231299288,0.14932733074895282,0.14701720495051732,0.1427888169485939,0.13832250457410972
0.7583407481019874,1.3755825300998403,2.171602779069002,2.9656796180519165,3.438966301305373,3.3605221370548963,2.7685512832406975,1.9053871557018769,1.0220800285547968,0.26466298868151206,,,,,,,,,,0.07324252156553704,0.1050041992850953,1.4667027604808318,2.9486739159695263,4.452637291674596,6.385677470999155,8.874326175422974,12.048119431339565,16.04349192743968,20.986854612856796,26.963695263954836,33.96971345282729,41.842466681427815,50.179539154042196,58.26276996540364,65.02469332783127,69.10162974479977,68.98903534996526,63.092607189484454,47.81708835092311,15.682769402853504,0.5140783100464086,,0.017616879042620343,0.5613579329880293,,,,1.1404155033628576,2.7524698968032237,3.549187681210198,3.924040948848684,4.074122036543896,4.061236727027776,3.843580191045352,3.34582631602686,2.590342064284089,1.6864930373946319,0.6444798101172515,,,,,,,,,,0.2594134879556456,0.13152465101516053,0.12790750859304342,0.12663845778154273,0.12164854495159094,0.11156446870570313,0.09472559996375146,0.06958074254032764,0.03694997754117677,0.006288180659599473,0.008262472129696686,0.10474225057514608,0.3552539945678539,0.7330079719779323,1.1231077501925986,1.4053499391903854,1.4911424241443785,1.3549414967648454,1.0622787507874838,0.7328827459097442,0.4708969971495813,0.329448073285458,0.31344192635541046,0.3906525256660941,0.4779190489452625,0.35525852015143355,0.03346100242234885,0.01054314395013969,0.07526367142979519,0.15007228452496177,0.16726796912524655,0.16614161664864766,0.16229292915135698,0.1580596734824569
0.7604098906616108,1.2950472958966697,2.193482140243832,3.214882468504106,4.042472998085544,4.3433833879576556,3.981832043216688,3.069559542953707,1.8478436529833169,0.5534980565185562,,,,,,,,,,5.671822209900745,0.06656413644885642,0.0258777909026006,0.03213801585193003,0.039007254937849054,0.046057768553419226,0.05383134561603735,0.06289457681254326,0.07379862657097692,0.08703097670317887,0.10292558424906303,0.12151983703700676,0.14235674339737517,0.1642544536815068,0.18510535521441188,0.20181347105262962,0.2104994023627396,0.20704757014944153,0.18789984778501936,0.15058129722772562,0.09206574775447794,0.017898883652402463,,0.09411063082704027,0.6120680291707635,,,,4.13560610489853,9.469197202015462,12.286004956529787,14.165050469884264,15.920880941407411,17.78660707993233,19.264531550157493,19.1138003346343,16.36224125288295,11.305663936223848,4.5079525683072115,,,,,,,,,,0.43197852333709813,0.1913639516459792,0.1897473870150976,0.19504034759730246,0.19743304848172125,0.19557202984539168,0.18799926590862656,0.1736356557223861,0.154695957379552,0.1440008683827666,0.1774783438245796,0.3200909130799071,0.625223163811179,1.0416309154055712,1.4123381822641026,1.6017683419983437,1.5704596673027396,1.3711607408513893,1.1080923528530637,0.8766353891079615,0.7272656481752807,0.6699615106647783,0.690883423341517,0.7499995450899223,0.6928372451947482,0.18659135706976665,0.024686425230331353,0.009196725515972374,0.07288737493795429,0.16401527589355916,0.18730479029701,0.18736081030083004,0.18385847021683266,0.17982378860120815
0.7624790332212342,1.1468213472237825,1.830071127316443,2.584868175327631,3.197459046858791,3.4495039908022456,3.2423923246844684,2.6183142718559234,1.6898036298616805,0.571614758050661,,,,,,,,,,1.7903473061153243,0.13328399746096423,0.28462916603060495,0.44958015877326873,0.6526586505314855,0.9099297305474872,1.2352625046816106,1.6438504615486818,2.1512414225484267,2.7711336589362086,3.511581970627532,4.369186027163086,5.321198497900789,6.316392198544745,7.267055543373502,8.046266639461031,8.495420375661515,8.445045078415244,7.7461998216483465,6.300395945769293,4.057076122771733,1.0856750032308324,,0.3201501944605415,0.5999203605192804,,,,0.7449342318880372,1.6870569520929228,2.248738172726571,2.662955396083095,3.0692489937942176,3.5250513311161,3.9576544852365534,4.118709900140613,3.7352481065254572,2.7464570983150502,1.1800622706459836,,,,,,,,,,0.44917328878077767,0.23353455394768113,0.2387949112917049,0.25533856665032206,0.2740289305336748,0.2956061616608245,0.3213008043058406,0.35257941888080097,0.3917203967632403,0.4432747839203714,0.5160833550621583,0.623012422993496,0.7720685197206307,0.9420611728401167,1.0695418672369978,1.093138189203871,1.005866754998546,0.8563593391777905,0.7109813903929234,0.6167432903118265,0.5932679798761626,0.6434917918392885,0.7588640546912364,0.9073152767174404,0.9563890894811744,0.5520415648943936,0.11858232762299767,0.026741568846930013,0.0908813273193512,0.18513724078343063,0.20959600034688172,0.20998083412810378,0.20668120785244837,0.20280560288552255
0.7645481757808577,0.2805292527207747,0.4212864708821995,0.5974575906224732,0.7715750941951426,0.8864319418720938,0.8942176667048951,0.7761158001386257,0.5387959914346293,0.20159801493792176,,,,,,,,,,4.870478570914364,0.24097559613980163,0.6567271515275062,1.0580571879466576,1.5421609630769326,2.157518501961285,2.937433204105023,3.9180524588525927,5.136425327218644,6.625273435599775,8.40398526937599,10.464834435725034,12.754266290123667,15.151204289995132,17.447900747364095,19.343027174226737,20.458681669273663,20.388578938726447,18.771003651917145,15.35331627109752,9.9344665699023,2.5829233820199327,,0.36192231653688295,0.5406157799384933,,,,0.2873324066942686,0.6652627584162024,0.9387902669695892,1.1789791338192712,1.4325045437817008,1.7178937277715933,1.9977848273572465,2.14950979371214,2.0223054600688193,1.5488456629418281,0.7030945462033589,,,,,,,,,,0.18912990605554567,0.22698897962995207,0.24193203162526247,0.261961578052601,0.2864754208520543,0.31718330690843183,0.3553708180118845,0.40042614212894434,0.447086100839264,0.4819107126378218,0.4845160105329282,0.4456850867715828,0.39422129587635707,0.37163194234217556,0.3707168185472112,0.35416930347589387,0.3059786373328548,0.23904552325770795,0.17946831756953124,0.15401653800831175,0.18655998247341973,0.29603589820640797,0.48873281401692337,0.7476489563104174,1.012035103709154,1.0363945705097977,0.25526223356015926,0.027247308890489007,0.09950170650456934,0.20317880591890738,0.23161356658508062,0.23289824401712403,0.22988860326578892,0.22617767166340536
0.7666173183404811,0.040601299107967025,0.103262612365768,0.19401894857862848,0.2902139155572526,0.35989690368779137,0.3784810782323687,0.33746631473236466,0.2404641847088168,0.09534629990779239,,,,,,,,,,3.438788146748713,0.3040317859610395,1.1174962742011745,1.8419873988254005,2.679219324810929,3.7420179500660944,5.088374807044119,6.78000357979893,8.880041125013193,11.44414247181578,14.505147834649716,18.049683585461235,21.986456249761744,26.109532694564145,30.065867815726243,33.343291738704146,35.298483072381295,35.23698914148219,32.53186911239393,26.6931654440781,16.983657181339918,3.615639485262979,,0.260377022452772,0.5403826126947389,,,,0.14758065728969258,0.31862954135876304,0.4298564861111029,0.5171513332225554,0.6060619208995824,0.7146032762273229,0.8443471791409644,0.9570559154392065,0.9704299880029889,0.8035209316800465,0.3954129288822199,,,,,,,,,,0.20427365674698295,0.1881362789382429,0.19362427498467516,0.20477144217669818,0.21934173046176914,0.2383801042542574,0.26238057810516485,0.2900135929360617,0.31612040779104533,0.3295014347013341,0.3142518807193527,0.261574486265188,0.1869775571846453,0.12122024796628934,0.07841500938507288,0.05277703477687857,0.03528071804372355,0.022241522526239246,0.01817955328862296,0.03735365446227437,0.10229454810949706,0.23676686945333447,0.45247317052856545,0.728097032144529,0.9312019142374677,0.6908717844981931,0.21111699633415287,0.03160207462572223,0.10053957826667011,0.2173164440379374,0.25253427272090634,0.25530638720569476,0.25268290816877303,0.24915284984314598
0.7686864609001045,0.26295785153941953,0.4485823831812958,0.6816924129244412,0.9003579570301439,1.0294797730404799,1.021584272009855,0.871873329877473,0.6022392921780535,0.23963514968480687,,,,,,,,,,0.3148341269447378,0.11039813427162164,1.4583848348612642,2.8976098877747045,4.218738662310385,5.874875130702227,7.969545356208745,10.597931366125234,13.856703711726295,17.830774742008995,22.56982308027397,28.052570574544255,34.13850832333168,40.512090665528376,46.63337523271983,51.71948267699846,54.78616742514915,54.76704409864265,50.68181488123695,41.630227756732,25.512249763696754,4.203360748043111,,0.20706813002430816,0.6375087931085408,,,,0.16621482244096208,0.31364137110218226,0.3605008342030386,0.34024480705171384,0.27076571015376977,0.16857267470620113,0.06675602214466224,0.017439702244900254,0.043154676177813774,0.09068836179591383,0.0741820619717131,,,,,,,,,,0.29480265241727344,0.12610912914798766,0.11549303472090751,0.11137174811750361,0.1082151270427013,0.10665702811969195,0.10771067766254873,0.11284052205333384,0.12443886762766752,0.14615558059953954,0.18236967574025256,0.2372064223112559,0.3115044523074433,0.3882450288790932,0.4313085552011889,0.422938994404499,0.38069969967569267,0.33754747370790567,0.32050575802837683,0.3451081844677058,0.42190870336681296,0.5611967443104291,0.7658933065058721,1.0031320539969169,1.0624286539616612,0.4008277136780019,0.019737717983111296,0.04224097633062466,0.11895704263954239,0.2372082582711176,0.2736248538739286,0.27679175282526897,0.274382406924503,0.27101530354706205
0.770755603459728,2.9824300881500685,3.8675013129025797,4.684883125521226,5.17534908921318,5.137643759974215,4.54611399649163,3.5276323148301385,2.253768426376547,0.8599631363490254,,,,,,,,,,3.4725525965711417,0.40949644543541186,2.5098565886239657,4.429472931917654,6.395034308293521,8.870471788859382,11.996150005912666,15.911377005174229,20.757612119822543,26.65854013353334,33.68561570881831,41.805859264471835,50.81154109038418,60.239097277219315,69.29749026192493,76.84108143658894,81.42895846170195,81.49415555690541,75.55930155673336,61.952280502830014,35.62004364392425,4.484412759372858,,0.1831816871521026,0.7865990557063074,,,,1.4881454572953703,3.1729772369473515,4.402156140961503,5.365629171072793,6.146343522803738,6.721544861047622,6.928582223583222,6.512989845369431,5.384856326188419,3.726538228858703,1.6496793957902882,,,,,,,,,,0.21292428099587374,0.06290802294984889,0.04521145031331415,0.031183442503816744,0.01813009183942207,0.00817582493092717,0.00526610894489843,0.016324057377388446,0.052423290197512754,0.12863965358201154,0.2630203577715401,0.47741311772018813,0.7771879009029221,1.0814104994243674,1.2418629299330501,1.1933218755192954,0.9952440993363345,0.7584033977558577,0.5766514158420818,0.4979600539679502,0.5309233075690958,0.6642095027930712,0.8758643434199309,1.1206450421749863,1.2310151612134717,0.7156941966939984,0.033225151157686976,0.02475942186909962,0.12188656845979651,0.2516689870410983,0.2923460037368087,0.29640590080099877,0.294291099507344,0.2911137061717181
0.7728247460193515,23.42519303280754,31.18856976403881,39.01835718506693,44.68786021499272,46.02272259229654,42.158121357952645,33.75739738762343,22.232743241076978,8.915101177097652,,,,,,,,,,0.002640323583284279,0.09649175291547503,2.414213255130911,6.456286044527649,9.403385068938023,12.987345776681112,17.497139665186438,23.132871638424945,30.09379282009419,38.552888125756034,48.60820099257803,60.20928759670271,73.05854813830675,86.49784305229021,99.40860882733574,110.17409598259746,116.76138835019138,116.9512054366575,108.57602849647938,88.51736998740128,46.403193159025534,4.57395359978441,,0.1647736542900244,0.966832135258871,,,,2.5484684407561136,4.822355637217124,6.0768217791133115,6.811807492902568,7.299077990818905,7.628467179085191,7.692790194506671,7.232053111396481,6.08250157051748,4.327308529071366,1.9997740333514815,,,,,,,,,,0.1409589629555907,0.03242023378321456,0.01920384372596024,0.012318579087178984,0.013549724355521773,0.029933584391520534,0.07346811354990074,0.16376214608778014,0.32968095260244606,0.6044813647774231,1.004183527751957,1.4824232621460565,1.8913630732875908,2.043998484739711,1.8765098142002348,1.4848406066525344,1.0183996587198183,0.6045182985704347,0.32240927192561847,0.1991302905568093,0.22534753402635818,0.3759785211174595,0.6181651313340748,0.9001620940753968,1.0739210274423834,0.7837548268297396,0.1558365685423686,0.011059791003257421,0.10508779408385004,0.25568241754264726,0.30703591310495165,0.3133793183018347,0.31180970301024075,0.3088826383309183
0.7748938885789749,3.8970702628718894,4.705122803543808,5.472279295335295,5.975010317814563,5.997267511492077,5.447388157519758,4.379056747897568,2.9237595332106,1.217170400565614,,,,,,,,,,2.7130328792515783,0.3311011902561872,4.122397479897222,8.987508570975942,12.899046896189263,17.710239394830808,23.74570202850182,31.26417243673226,40.52359803359967,51.745798469461185,65.05270524257442,80.37068692304776,97.30287008317643,114.9831626996284,131.94841744407253,146.09094931020286,154.76420154747325,155.06899262948062,144.05137707092285,116.405350302044,55.046190456437415,4.554795557778611,,0.12544302663815773,0.9853642730638759,,,,5.0581294965991255,11.843997769225108,19.24956242148457,28.346724027389893,39.92794810177175,53.73336676209688,66.79403113123846,72.7227223986689,66.08446479794127,47.803349993829116,21.74407834530237,,,,,,,,,,0.11994325577605007,0.040382505648630385,0.04128444496693993,0.056455372309448755,0.09185919214624842,0.16125744950122126,0.2869222896730549,0.5022572968989483,0.8486025795074221,1.351503867275558,1.9578024987739198,2.4659618920739605,2.6080582320229495,2.3190941692584013,1.786706909494215,1.2121257625844188,0.7049670656212712,0.3217350961782055,0.08817586240896554,0.0015847147292904198,0.04329991010203269,0.19287593651133347,0.42781281592932074,0.6985357874535313,0.7944316852526988,0.26150705674291724,0.09760941153662588,0.047093447011742076,0.11967338204893167,0.26780039443893744,0.32078648550018235,0.32779979210204474,0.3265490328317996,0.32386137291559186
0.7769630311385983,0.9283523926020194,1.0219012003263757,1.0948337050432206,1.1075483829577828,1.031166263280461,0.8682324388097082,0.6474559703232359,0.403114556522861,0.1603356931989207,,,,,,,,,,0.8610487054624832,0.17893781434807576,3.660826073381674,10.328032118764861,14.858369265890788,20.257081012767927,26.990289406152655,35.33996806652402,45.58085284177864,57.945514346452505,72.5553095061273,89.31740799750007,107.7883660282794,127.01934400984086,145.42202628336716,160.72108146226964,170.06896631446187,170.34419896563446,158.27355761618298,127.2150871014901,56.888084236458226,4.467141136456849,0.025407222883353085,0.06899529513434655,0.5503353854774701,,,,0.5671935576567102,1.3415738878129937,2.195376404907011,3.1714428621129724,4.277951354846256,5.424835080214774,6.321222306238753,6.491679293645221,5.647927429183418,3.987682593933389,1.820752292149028,,,,,,,,,,0.11448770141069628,0.06451047416837312,0.07877181056008571,0.11137677856752777,0.16795526936208932,0.26065350598212844,0.4061207541314817,0.6236656022947841,0.9269508781940621,1.3024517635574768,1.6746630849344353,1.8962571695536843,1.8414693418013162,1.5423002142652606,1.1429809501800936,0.7581105569466366,0.4459012269074735,0.23256784093679883,0.11910744474096818,0.09073215346950106,0.1357473630863695,0.25461001500145486,0.44989951164255365,0.6979306629009964,0.8379722623701313,0.3916912222756026,0.023653563598888483,0.04887202819305858,0.14146357990192032,0.28283328530822494,0.33258088246742745,0.3392064636644715,0.33811156082421656,0.3356588502047843
0.7790321736982218,0.26479953475453955,0.24023961321565543,0.21591870373288918,0.18786240270450838,0.15383863168876555,0.11592269736258834,0.07847632853783114,0.04502036681461851,0.01700015662249294,,,,,,,,,,0.3485415842378413,0.1521819660788739,3.203426196950311,8.755929152853515,12.45084668536372,16.810294342639356,22.206606108530178,28.854178681783836,36.95844144475819,46.6889911841867,58.126273870816284,71.18291106450715,85.50055356400817,100.33424144582206,114.45413553191956,126.1140786941406,133.1431735432235,133.176575595734,123.77922954411468,100.32059712345986,47.80567404274388,4.286141598951476,0.05092191035175883,0.04649010904286916,0.4811378822245403,0.002892585831201921,,,0.6041670933165844,1.4598661915437094,2.459059548963025,3.6485177843863723,5.044491269826305,6.552047951217249,7.82737675229332,8.262865282194293,7.4153514049476295,5.421649054491164,2.5954669726876047,,,,,,,,,,0.08469383934433898,0.07586898453788592,0.0935188294571185,0.1252156907731308,0.17362050833947154,0.24450828529007826,0.34379538904324547,0.47414768358670023,0.6278564370736769,0.776545059647195,0.868307790915372,0.857076157284505,0.7558469956690467,0.6195684310853599,0.4738743394762314,0.3283925233496479,0.2064087374591654,0.12680335804320864,0.08982365771855112,0.08951158533914871,0.13162311518692238,0.23529196883080974,0.41764969949456865,0.6689002731629742,0.8758694068865728,0.6105326449488087,0.04380193093319108,0.0172381954454185,0.11897175545688413,0.2778855698465523,0.3375891551339154,0.34655060279990374,0.3460729366891717,0.34394837279687585
0.7811013162578452,0.09975349353123839,0.06253134065223494,0.03474358500981584,0.016774963845740686,0.006928213077349011,0.002977974470871262,0.0026802598805885152,0.0036136853463362814,0.0030885820661423107,,,,,,,,,,2.4350103120616606,0.4360418370696162,2.928243054811879,5.152620084956219,7.097955170937305,9.451450168261657,12.335446624117763,15.852859998683462,20.102184813439074,25.161322123835763,31.06044408389422,37.74269219558656,45.01345218212112,52.48455287358882,59.5284305777584,65.26653830771669,68.61917736888408,68.42732690268699,63.57027580961052,52.441363882145545,29.477599657733982,3.866307972886486,0.07499764112710204,0.05716706444947347,0.5335897068649856,0.018954168987135474,,,0.5517465004934634,0.9126849756281281,1.0336926569586808,1.0112153539363489,0.8897623584715957,0.6939225589951749,0.4588364764149754,0.25184625615629164,0.1364430465037313,0.10035627602403625,0.06800197520809902,,,,,,,,,,0.053006895539296606,0.07015365184093236,0.08426448559593137,0.10658069030952855,0.1381956489919836,0.18159718551567572,0.2383875374656019,0.30606279249281804,0.37197875129061453,0.4073128490517488,0.37568428531048365,0.27775664902085223,0.18922328016071435,0.174428652286619,0.19240122653727934,0.18289313800169038,0.1391966412381878,0.08123295692023444,0.028810540605261104,0.0018957678538953412,0.02530557362364423,0.12438083096720837,0.31211791486683577,0.564987954035244,0.7127931477574143,0.29227894118448217,0.04576719224403057,0.026331854059338907,0.11001484346758436,0.2739783358782739,0.33962030684110533,0.350256048305265,0.3503133542890183,0.34852187483678954
0.7831704588174686,0.10785698018967257,0.08870692196127668,0.08129516047788814,0.08556880380170521,0.09867731831021768,0.11416939814137084,0.12180957242717343,0.109315614484847,0.06469586247793058,,,,,,,,,,0.458937418668663,0.12348462186809629,1.247152196525364,2.2129444585528066,2.98912797582824,3.905347865519571,5.008342218787318,6.332581899087262,7.909582096548618,9.762174320806341,11.89491913182788,14.280539765623088,16.8428397943552,19.438507032004722,21.84310240730846,23.749451303942276,24.78733232761868,24.568389870918793,22.742581271245754,18.97181279661842,12.350960867250997,2.9012905271424834,0.09908580245705971,0.08389914392590297,0.5862967908179116,0.0277440733623161,,,0.12769556993853437,0.26070263085360956,0.3968447896324977,0.5537427775624542,0.7471335764975184,0.9854993732406018,1.2497954554571444,1.4622044742161808,1.4985559218089712,1.2635920650680614,0.7034044402036834,,,,,,,,,,0.04488483307994703,0.06385770854526647,0.0740658513463944,0.0890293601082361,0.10933076364667461,0.13638380166706002,0.17080085598008343,0.20991682277349807,0.24310613811588488,0.24709235556137968,0.19356476429141511,0.08830807526549367,0.007037007617198006,0.02032252719380721,0.09516413132491022,0.1570658072906438,0.17268797829038854,0.14990663884475364,0.11585763244294592,0.10305974965435759,0.14113757724635922,0.2506575915109013,0.43586262380254437,0.6671386532561148,0.7810631062422594,0.3299588302982159,0.01258798926061576,0.046446512894800805,0.13648003221755844,0.2840092494498066,0.3415152289267138,0.3507296373992942,0.3507963915073527,0.34926087817674245
0.785239601377092,0.13275165347617526,0.1303953544346821,0.15345643370234888,0.19897010296990064,0.2495478332589849,0.2813254498235694,0.27561439267677973,0.22324563631785663,0.1213803464669005,,,,,,,,,,4.368325755249242,0.2570537907372207,0.5773093438405279,0.8134064560039851,1.0605844689737227,1.3474224866642095,1.6829578786293176,2.0753154559922096,2.531345288858427,3.0549316502768105,3.6444368292793294,4.289228524524489,4.965496373377427,5.632070815832229,6.22766127672529,6.671566117699547,6.869908552488384,6.728134452815881,6.167388416319041,5.135267427744729,3.574178201474937,1.4039523151668227,0.11853562655445517,0.13021090434582974,0.5809439863543508,0.03207202079875367,,,0.15075308317340724,0.33069507170832096,0.5494154758705979,0.8389178410394624,1.233635846601072,1.7484374893633392,2.3191912706057947,2.740128555751265,2.746879610464622,2.2234869130665715,1.1914989022266278,,,,,,,,,,0.06462928005598217,0.07868545379829495,0.08943693813579644,0.10559727512618859,0.12794834207243203,0.1590105912868337,0.20133590809167407,0.25538022394723175,0.31457919303396614,0.35780101476842924,0.34880276634348223,0.2666878393902893,0.15755556264594436,0.10492077931890846,0.12834726631225005,0.18554578788723708,0.23791879676782843,0.2737984904656672,0.30264083664748775,0.3434689307651089,0.414361904862809,0.5258349249757301,0.6761224773713342,0.8409610551556383,0.9133004281659344,0.5582395867976235,0.02253132511326971,0.02136023128677167,0.11815023448301347,0.2730437176452878,0.33599268760968437,0.34672537128798436,0.347294917351229,0.3460962802943427
0.7873087439367155,0.13797819537605568,0.1292087820735693,0.1443805644937607,0.17712084300802056,0.21029612404335404,0.22578019500500549,0.2126024754660857,0.16742580107440114,0.0904837347033975,,,,,,,,,,1.1474135759436275,0.19638663377821652,0.21196320487350814,0.27372940696116616,0.3416378014253671,0.41632411253517493,0.4992252282536406,0.5915681045820153,0.6940987398931292,0.8067305904254148,0.9280586317390334,1.0547485612711032,1.1808707816268944,1.2973427073148558,1.391755215103503,1.4489320797139038,1.4525047601338281,1.387487751838232,1.243339319954942,1.0164990427750389,0.7113558358523817,0.346720512591293,0.08687929528121913,0.2565705825103996,0.5566657000827259,0.043791306879467154,,,0.16786516272216231,0.36049024748102204,0.591384279629571,0.8867925322130421,1.2672900647852345,1.722958806779872,2.1649290717056804,2.4036321154277,2.2641141699310463,1.7378031992606155,0.9030404848477821,,,,,,,,,,0.1443192382626217,0.1370083046282364,0.15411697158666465,0.18075860354967985,0.21620546457524328,0.2635853877601974,0.3258756687975454,0.40314541089671696,0.4870381440740729,0.5530691588381433,0.5605620983940252,0.4821982519798373,0.3537784203428528,0.256507119022523,0.23378688667383,0.2754877187874766,0.3517408290671303,0.4325560379913501,0.4989626227487805,0.5480653057456437,0.5888175155334139,0.6336977799665604,0.6902737553716013,0.7454761758197295,0.6944364662249507,0.29098695662975127,0.06024416565394014,0.020360142786203263,0.09554366967259967,0.25548912702175963,0.32581891025982784,0.3387438272404581,0.3399488542501833,0.33910490995630654
0.7893778864963389,0.08079520393984946,0.059306824382934505,0.06330192483387648,0.09011773129315978,0.1259369768029292,0.15307348235560886,0.15800614346060185,0.1337544802398071,0.07755661236298109,,,,,,,,,,0.19559621991559853,0.03569531898344216,0.06919714196021,0.08653686891762204,0.10194603408747728,0.11722943975053801,0.1327441454397452,0.14871701080139657,0.16526258388281048,0.1823410570738967,0.19969828555844224,0.21679222227287365,0.23271664407693002,0.24614483710532947,0.25532908550771727,0.2581986097486611,0.2525866651647762,0.2365771131941893,0.20889980340176453,0.16926616160948652,0.11867684860092716,0.061259349035448864,0.02497958829246115,0.3349751219110142,1.3266627114822847,0.08420933397071469,,,0.23027342548853394,0.45834711000510237,0.7099148936739841,1.0107405018710283,1.3721542567190759,1.7677952218363993,2.098110675596908,2.1972042483384415,1.9566127255411487,1.429443810459735,0.7190356967904664,,,,,,,,,,0.3533348574766397,0.26906054347525943,0.29858351780726283,0.3450784622618668,0.40226702186156443,0.4723397840161227,0.5558241747702959,0.6466788710636374,0.7248383001533383,0.7501397953547501,0.6749041488737727,0.49691526631501837,0.3065478316989425,0.20869381819800883,0.21758831768795556,0.29947788814529447,0.4196470964729261,0.532485937173689,0.592027582757995,0.5804428551674611,0.5166004423615961,0.44068646672375883,0.39158478819854864,0.38438604412781163,0.3613229243337657,0.12353752252757301,0.028621242150345526,0.05424931685291968,0.12715222312745733,0.2607231227945806,0.31778310825673234,0.3281567465933551,0.32914696257089754,0.3284983659222223
0.7914470290559623,0.23731670355674675,0.20404104787304161,0.20827693446160478,0.2501671381299286,0.30995231446948607,0.3563837731119263,0.3609210159164401,0.30526135954509065,0.18004413199824704,,,,,,,,,,1.9744401202719244,0.043834937910671765,0.023284389135585743,0.02617064011144414,0.02925616504262082,0.03252106890318936,0.03643130420397186,0.041509081704559476,0.04831532133590538,0.05742193803432031,0.06935052336700788,0.08446405946098669,0.10280244294879677,0.12386589449544891,0.1463767006679112,0.16808683261296442,0.18573162246800176,0.19522801799799555,0.19214457497398177,0.17226664987118379,0.1314112914600074,0.06479053999334006,0.012072807057125238,0.2080249259336952,1.660807500057752,0.13442728984456895,,0.07037131262082373,2.8865906836847497,4.832801426820838,6.30030425323648,7.606892357788332,8.88413330487931,10.02754568442817,10.616692906733713,10.067047180488382,8.204607828743445,5.531743149060289,2.606097942864545,,,,,,,,,,0.7645255095206868,0.4816696833330146,0.5150590696702978,0.574613534110754,0.6406764096959169,0.7137344895311916,0.7928099163831513,0.8690610733978702,0.9163277087799392,0.8829195118440024,0.7085872178718823,0.4002148582704629,0.10614121978561349,0.0013752940110871097,0.09493028630167753,0.2817694978378049,0.4664753865970412,0.5797502933526328,0.5799423237180699,0.47184029761268914,0.30528215469667697,0.14835800804133067,0.057125048936515495,0.05526806208348533,0.1106968362547676,0.06605967514859118,0.010998306751446797,0.036258641278192366,0.11142904332970918,0.2447801732414863,0.3028558598881044,0.31368705564968413,0.31492914568300134,0.31452296784098727
0.7935161716155857,0.4044708524086902,0.3974646909774527,0.40865967640611894,0.43294609042915116,0.45049753054012626,0.4379379151184592,0.38171252379224874,0.28202901901481425,0.1480549404042831,,,,,,,,,,2.941576430402424,0.04046071446423999,0.006931189750806598,0.007601896303056656,0.009031999811086816,0.011708109229979684,0.01636062349039747,0.023812364414959767,0.03496499419927597,0.050742236868394026,0.07197463620586382,0.0992059020550322,0.13240849343513753,0.17061995560671625,0.2115563404768005,0.25131924793023735,0.2843618689807856,0.3038660783099823,0.30253314106385254,0.2732386551646396,0.20651159409052963,0.08679155031602712,0.005091549259282295,0.09099481673548289,0.8125489677716357,0.03352362107524612,,0.052460839324911086,1.0522778417254068,1.549898746279927,1.703656125784209,1.6779827595844727,1.5309186458324935,1.2762224390410073,0.927710586314271,0.5481499589782075,0.2445519111703869,0.076619580238601,0.014682224673091512,,,,,,,,,,1.1829937015444352,0.7444578714338503,0.7742050666310022,0.8369281663381263,0.8996729945385123,0.9624921914877078,1.0256115014410823,1.0843297811869057,1.1230589196648424,1.1086824320367126,0.9961204327792998,0.7731088610334352,0.5245967396967501,0.38609441168922143,0.39838503456968866,0.4937434635221982,0.582863757009081,0.6028045099134581,0.5323213967892022,0.39351608111692304,0.23649315222918846,0.1156190626489992,0.06953378627185927,0.10545691779583151,0.15730374542487818,0.03665902456527279,0.046521091064945785,0.007017014315095079,0.07050762974440286,0.2145034102044734,0.2823356163759246,0.29582675901263544,0.29769978809646797,0.29756928153561
0.7955853141752092,0.425935305325011,0.4318839622034088,0.42827955143244145,0.4140258995911121,0.3854164566583685,0.33794890317033455,0.270502370677894,0.1869078372114011,0.09387503480571657,,,,,,,,,,0.25339617093404276,0.003708582633047638,0.0013161927046698892,0.000976804647321656,0.0013085811849259555,0.002940869470135203,0.006572570296886414,0.012993057126297832,0.02306282727130875,0.03765570298314671,0.05754622116491842,0.08322438390139743,0.11462824220784003,0.15080782112191435,0.18957560549621685,0.22725314669890204,0.2586648078649582,0.27750951312987443,0.2770678407604603,0.2504105696377435,0.1854200003761944,0.06577881590049195,0.0050273818052783996,0.14521939940829598,0.61259089942316,0.016211257422287545,,0.0030328718776416685,0.025779523971838424,0.033762015342136256,0.03285022501186947,0.02741024659493926,0.020230387930419355,0.013043833017251861,0.007119224915158089,0.004145067120448581,0.005269548446633186,0.007990299200989658,0.007030640372666916,,,,,,,,,,1.198802083331171,1.093964861411061,1.18829857282567,1.3062659542740969,1.4302111993823456,1.5615891525868528,1.6991596418400547,1.832440090305019,1.934234117608809,1.9549640500736591,1.8329967880342717,1.5431168099008041,1.1597548666758648,0.8231927031122424,0.6144541265963226,0.5207784693556741,0.49061061685059704,0.4760106045177003,0.45044379102203913,0.4128377974364047,0.3804085808708984,0.37617898180926074,0.41647996316857094,0.4929222450795246,0.49927744179339967,0.20001244556566838,0.10627523031767344,0.05709338164116149,0.10369991638417608,0.21492939564497326,0.26659251946826856,0.27680740098885825,0.27823766686899437,0.2781643680795727
0.7976544567348326,0.2811672640836558,0.32471532746173976,0.35498032220374465,0.3579877362794951,0.3298122903441027,0.27703432279327206,0.2103515974668994,0.13884685497560667,0.06812478127247013,0.0007776249559636072,,,,,,,,,0.71611783803599,0.04143161639027293,0.010596929380973358,0.00980602831704326,0.009707604359331847,0.009799036033047492,0.010440492211912015,0.012049965424973537,0.015069338823327071,0.019939206577668067,0.02705007368417203,0.03666186694844349,0.04878849380198384,0.06305458740489266,0.07854970832927452,0.09372812722396168,0.10641874493591669,0.11400043008644002,0.11373770538674982,0.10307091259670652,0.07896964404928743,0.04184859184538701,0.02450782396830577,0.27222104451100015,0.4302148951807805,0.007030201361582254,,0.001410843496403293,0.011711562791678495,0.02158065884412401,0.030545783344485933,0.037412256189033405,0.03964056267674408,0.03414294117145279,0.021178217511068454,0.009272583878355648,0.009446301587563755,0.01889397045422431,0.020442845390394145,,,,,,,,,,0.7222553369137055,1.386312487628341,1.6936619073316488,1.9162186844036575,2.144990935184644,2.3798185264541836,2.6035562189114305,2.78015379858869,2.848298559429272,2.722627164203096,2.3251770529846025,1.6754002399189862,0.9735873250557828,0.4715839028803829,0.22895225944834752,0.14693805815472347,0.13762765393939233,0.16412966713378863,0.21328493224778852,0.2801198692140946,0.3651613545869002,0.47211098751998803,0.6012249173015751,0.7288547101974685,0.7113856554982109,0.2730766642162398,0.12381404738132801,0.07006683492935219,0.10381343327263583,0.20083321511045785,0.24646583078749404,0.2555221280790149,0.25681359574194756,0.25680228876081507
0.799723599294456,0.08797042029314363,0.13658580321912198,0.1907765063363587,0.22871470066893068,0.23483272479368822,0.20856967477174498,0.16091749452889617,0.10514124365825227,0.050685572039309006,0.00199753113333201,,,,,,,,,8.105021630395669,0.2631843220332907,0.23938316353105143,0.358313601472108,0.4609583307075352,0.5791917414653445,0.7184064907318924,0.8822497611986109,1.073820286330731,1.295046621299658,1.5456619861142489,1.8218101068514145,2.1143581702191483,2.4071765297707906,2.6759011352597515,2.8879292256127407,3.0043852307266286,2.983926781633805,2.782997492980485,2.3130196159814,1.2887394634625704,0.2675875208277444,0.07319942089371055,0.32163287281109704,0.2016451604031544,0.0025506407502901745,,0.0021590283285560057,0.014087747994453797,0.025628080497757395,0.03729446238274093,0.04934397432589414,0.06142468973736694,0.07305850948623002,0.08526816533046737,0.10092120469265702,0.11802794804048646,0.12147229990686373,0.08743549900664031,,,,,,,,,,0.5540339459594579,1.2754217665561343,1.75411384910658,2.0122618564284,2.27522487318517,2.5561693045972644,2.839472848618333,3.087756938355265,3.2331904249774506,3.1758267906143995,2.8150027446837544,2.145674795513991,1.359917960918167,0.7370301136159605,0.37797313227779916,0.1962880081836452,0.09397863273306432,0.03177675695364414,0.007004150851554824,0.025994367292059204,0.09333011878994471,0.21008475477888064,0.37125472527472064,0.5514298507957618,0.6290986508545925,0.3553415798896506,0.08386421261339921,0.00047664127714147674,0.05139413461840098,0.16485223915882918,0.220618064385857,0.23217346074050918,0.23393006022099008,0.2340398702878345
0.8017927418540794,0.016723224838244757,0.05982700440299913,0.1181047246781945,0.16928176493890262,0.19285689383988847,0.18225424194328577,0.14538283924475726,0.09611927484237022,0.04636201405983604,0.0029708080759452654,,,,,,,,,0.5905962369290828,0.19989444016079919,3.4365214311614163,10.67029128143398,15.024598243846624,19.900941596397306,25.867224535577037,33.12943968434873,41.86373094244322,52.19894663058794,64.16681294179335,77.63193945608907,92.20482711310767,107.14951861554918,121.31040772401123,133.09455838600502,140.53785570156762,141.34769605156862,131.7080051731139,97.11647919852945,28.46214578419479,2.4241555976619287,0.21226729405807115,0.3066087175188922,0.05612797107980315,0.006898840419513065,,0.00580734172604129,0.032236222940840574,0.060590442157867214,0.09582111568140984,0.14429082257830927,0.21311748733871685,0.3072699398364202,0.42088675694997413,0.5250142534235978,0.5705178034784705,0.5142456410694768,0.32901767063038806,,,,,,,,,,0.7877478032761323,0.9511763252880104,1.3177780224138609,1.5299052793697372,1.7672232337970686,2.054314610296712,2.3933949111571478,2.7695401850567496,3.1383102067813917,3.4142629544029175,3.479921094196581,3.2462151129153325,2.7518398570592693,2.1659475181425223,1.6350907435248199,1.1935382213189893,0.821325851300244,0.5090589704911265,0.2678779021330666,0.11302997039448283,0.052189950036813766,0.08444541168838694,0.20111538218784117,0.37887937319463316,0.5302739484847169,0.4174881559199363,0.1582806260377881,0.036591278251482,0.0692314707340455,0.15739302426287796,0.20045078503441224,0.20922257439672517,0.21047179997878615,0.21049768112795633
0.8038618844137029,0.07523609750848004,0.08880280468690567,0.1135066584346501,0.13718678044753949,0.14730585153152956,0.13822727895523895,0.11259246474657907,0.07737310945071113,0.03948745687978197,0.0036623314448536153,,,,,,,,,0.3135854884798376,0.13747924316304277,0.5617497792154619,0.8870869965241763,1.230558763807539,1.6591280896159022,2.1929552860067103,2.8504300149211805,3.6487411591198633,4.600887372562917,5.710957237750257,6.967561869540579,8.33565297227525,9.74779386431903,11.09715660373028,12.235725272729557,12.981539165803762,13.137007117383433,12.513642253445921,10.92973724196147,8.007303649969565,3.160257943530234,0.4242559265783608,0.2784082126407841,0.03071969642138821,0.034195949503662185,,0.039873600348359746,0.18919085831781784,0.3404471116567925,0.5206435359141404,0.7631278310773725,1.1036428603853883,1.5629608291671617,2.0973671886642697,2.5408842992729985,2.6543991857288725,2.289807019253812,1.414672064423224,,,,,,,,,,0.7916268361969798,0.6199454061459454,0.7781636767819111,0.8953061496142264,1.0399275913868826,1.2298949132986783,1.4760959997825873,1.7824671325985235,2.1350898271461367,2.4882238754811388,2.7627602737067027,2.8817059799886247,2.8275912124993217,2.6375806463750453,2.3407745965762286,1.9533114101724172,1.5135696910612868,1.0847345722498478,0.7268217721493041,0.47278473147588956,0.32864499962688826,0.28742914647242895,0.33773980643747387,0.45751303925852427,0.5646429579212252,0.4158672346921157,0.15555258118174856,0.05817858756270228,0.07756358176004577,0.1454548485439514,0.17911442727692486,0.18589171675288638,0.18674697078238964,0.1866733327975025
0.8059310269733263,1.3194133052201424,1.3912401200902602,1.3826247781857384,1.2741952831318921,1.0767520443048342,0.8288677577935412,0.5753972719130741,0.3483690299561948,0.16201919887094193,0.017390870959153874,,,,,,,,,7.708780661172333,0.4574967007979169,0.3448544247173572,0.48720175989184333,0.6793067234306013,0.9231827368852052,1.2288202600530571,1.6069111956422644,2.067519370615912,2.6182727106436054,3.261627225542041,3.991075552176849,4.786436843127206,5.608844359117517,6.3967320276805975,7.064803216472869,7.508165285180667,7.612831133903618,7.270376614556648,6.381251421291808,4.766474785243352,2.0859021828850075,0.3258410358100056,0.17226540111666655,0.07136842288942548,0.09960324855415004,,1.7683026271237174,10.948613899797511,15.67954366286435,17.62138283464603,18.461897380402213,18.82178086484976,18.828711490911928,18.220423163886295,16.546863313810114,13.65039078273499,9.849910869362061,5.4007828051196025,0.00902926219820123,,,,,,,,,0.5073603035409533,0.32914457680365705,0.37470841556870704,0.40344461112926144,0.43952592646657407,0.4867776207791706,0.5443317820497705,0.6061180862557308,0.6584044538589628,0.6845242057758281,0.6927979020748859,0.7643655857010346,1.019846899851367,1.4232565836579396,1.7285896792425335,1.7462247419827066,1.5041793179146166,1.1545359763138425,0.835725645750895,0.6123945194877524,0.48954849525830535,0.45083877185397114,0.4813339671103651,0.5662615739575303,0.6580275932719598,0.5774129389733907,0.13948932291081825,0.007791141784135763,0.039836533840218624,0.11565344643891767,0.15418351493940047,0.16215846467332837,0.1631507853139874,0.16303636714778932
0.8080001695329497,7.050774889594306,9.068317750873147,10.366016501290709,10.398027723303034,9.129702815347278,7.048367099123452,4.78948340737887,2.798799108553537,1.2545273574212954,0.15245310547971835,,,,,,,,,1.519591131198406,0.13312755076934957,0.24398989950001246,0.36418155314282047,0.5108176313177724,0.6969457049161814,0.9307998830735248,1.2206173114603807,1.5741060233674802,1.9970781741031376,2.4913590387783047,3.0519003506708957,3.663208602543239,4.295559741213678,4.901984062805458,5.417511276206134,5.762310644691163,5.849638780346261,5.597108638262204,4.931121412788692,3.732576787070702,1.7528230074361817,0.3120401695596713,0.139625894351301,0.04222707944013496,0.03531804526518002,,0.08820512893248487,0.286481326782894,0.375797783580289,0.389914269701201,0.3510690129631161,0.27258091718517813,0.17029182659195352,0.07453704716137242,0.02759260036432568,0.047169861244704764,0.09406636725385671,0.09940601299391584,0.00378010509041973,,,,,,,,,0.2619480193981502,0.20849255536362352,0.2815664360455575,0.29128381100060474,0.2956507253314025,0.3006018355049085,0.3027127508872581,0.2936622502935852,0.26015242664871435,0.19228787127432198,0.11515868228773374,0.13393449672857682,0.38271992616416445,0.8118599205251084,1.1545579717028343,1.2194380663865803,1.0412033543991517,0.7700559454068034,0.5351986019117809,0.39242005585054085,0.3405883508850445,0.35826294784566015,0.42581423233011567,0.5251782934512919,0.6051831276508988,0.47218975879182884,0.07242707628490627,0.01054068812584362,0.04303283610600337,0.10401137933568622,0.13398076926721153,0.1398464808953187,0.14033884825984422,0.14004711122545613
0.8100693120925732,2.622523736195419,4.019202622107662,5.578734907879298,6.937429040069675,7.676940115342242,7.527955549739796,6.478940198752529,4.7356886399674964,2.6128064536773765,0.4327042705922827,,,,,,,,,0.035714789281941224,0.04173147914792314,0.19132568151701748,0.30030310374774305,0.42303819331326437,0.5786327572813343,0.7744210474858942,1.0173141368278995,1.3137401512907225,1.6685178892551082,2.083114823717934,2.553250959956204,3.0659453669343284,3.596398023729592,4.105517576896765,4.539315546640784,4.83150311492392,4.910055245366389,4.706733820462557,4.1629697474771525,3.199759456514692,1.6434283589336325,0.36330203510208664,0.18548682645616515,0.027640118598516394,0.028728074071508628,,0.04321318266868614,0.1185762738556531,0.14601557988092134,0.1468657215192992,0.13794464475431123,0.13569728144144858,0.16112117079766922,0.23650797860888306,0.3625042394812142,0.4884695395980822,0.5263136657663323,0.395004856772305,0.023509988748828654,,,,,,,,,0.2080370021141827,0.3952231310666793,0.8402900906171932,0.9997326783518536,1.123745642168692,1.2577804670312385,1.405469373594403,1.5613670522947722,1.7056681863577858,1.7991463006312964,1.7938638291434585,1.6709938670584985,1.4686357546180024,1.2345021234018738,0.9764527390926124,0.6995546466215746,0.43713355641619867,0.23181259316989264,0.1092076988502946,0.06948447932107814,0.09664164096673501,0.17207429474281397,0.2804596643413745,0.4027733314415076,0.47408027088721033,0.31245721761761464,0.06490005060363654,0.022670451372349763,0.04266189909957226,0.09012954056856624,0.11392221194099486,0.11836970858752718,0.11849010867592888,0.11802808068225051
0.8121384546521966,0.959265600992282,1.5241581906011532,2.1540380401535186,2.70302706485296,3.0128999508494663,2.9882827324831465,2.6258675801259352,1.9878071949677514,1.1605613984553678,0.22974862196942275,,,,,,,,,2.1850667369288055,0.1173480347394938,0.1721134284541091,0.25475899632545734,0.35914348969696247,0.49243967367073604,0.6604887904550735,0.8692121802204774,1.124124496128661,1.4293475047178037,1.7861200365359862,2.1907562573411177,2.6321364846890685,3.0890649295371357,3.528179045117894,3.9034369532231974,4.158305257284926,4.23130174279381,4.064158323017227,3.607951866022848,2.805630508525811,1.5358502426074858,0.4059340840718722,0.22365250136211814,0.029639287510401586,0.05841206423992751,,0.05738326666583123,0.1551883650339018,0.21689004390190936,0.26913209160540164,0.33522436468045996,0.43769771208667846,0.5967408697410039,0.8134250233705925,1.0377027203670097,1.1632372171885148,1.0848877729015838,0.7380297513360276,0.05914886813644443,,,,,,,,,0.29838811818968264,0.8538341293032637,1.8293741563098624,2.1510582988160554,2.3645816757424574,2.560213768896438,2.7446160555473007,2.9044716121050738,2.99906515158333,2.9543837906159083,2.6827575623155506,2.1548799778632635,1.4854196435892455,0.8806306408222303,0.4600271958849064,0.21059790323897234,0.07620933223168141,0.0150917926703438,0.0041083003277318664,0.03011834535135617,0.08517946624703138,0.1647978781672536,0.2655710835916896,0.3791296092961984,0.4669309622425041,0.384741734184676,0.06431075211461396,0.0022571060584870746,0.024120058148732013,0.06991953087810035,0.09346471546831242,0.0978807276203231,0.09787200771787402,0.09726937900563612
0.81420759721182,0.6773607326462803,1.0118800842889808,1.3543530291401291,1.6148207552361409,1.71282174536088,1.6181349684280404,1.3561603125895445,0.9822593400440843,0.5539319616624564,0.11649792564939934,,,,,,,,,2.1155141520427065,0.1323994273893931,0.14522514424173058,0.2123729532914549,0.300494274801887,0.41356826035771765,0.5565075483918985,0.7343955759810189,0.9519715534522711,1.2127854089000003,1.5179305690756268,1.8643111746117973,2.242515705048443,2.6345790449309057,3.012207847530408,3.336329260105251,3.5589042223803786,3.6275630840279662,3.4924996403741897,3.112090506541555,2.441710894024035,1.3933615281764906,0.4202826513945699,0.2501420891226641,0.009151069841172244,0.09139778767943897,,0.10434057810310064,0.29112323144299795,0.44552972929178086,0.6027249480199316,0.7969433259422687,1.0586985692794628,1.4033779116483605,1.7972572702503247,2.1192463678634694,2.195737084437101,1.9130443873779537,1.2388374801400113,0.12325611504496489,,,,,,,,,0.44729876155139686,1.0935405481441267,1.8675018663408622,2.321615206487548,2.721206327027384,3.074901197070685,3.363013540282014,3.5573460280699076,3.607267552499565,3.432895685147352,2.9546907563328544,2.1858721256146936,1.323500257017333,0.6450014734782278,0.2646212428524855,0.10723722357069788,0.060548693642703,0.05623880534929061,0.06680789984319103,0.08587984884107161,0.11589453797965346,0.16215613018158176,0.22866350170204652,0.3097488780811015,0.35431734920078267,0.20282184096230976,0.007204432404927568,0.008683455472489915,0.027629032621441108,0.06069245453301118,0.07686059357174164,0.07936965401410431,0.07886051766815806,0.07804155918155307
0.8162767397714434,0.6097168734029791,0.7840853240727785,0.929440964824516,1.0060421109491016,0.9909503473260493,0.8886736046165119,0.7231224107277471,0.5211725670310373,0.30153830840398593,0.07205801101172775,,,,,,,,,0.442648097360301,0.04516191149518756,0.10912613841455739,0.1676498131871728,0.2393390045844711,0.3315835086539415,0.4487156818450381,0.5950206643519766,0.7744995100594505,0.9901806046251904,1.2430739132871533,1.5307402400158097,1.845534094317692,2.1727496485586033,2.489137935086482,2.7624967793167654,2.9531050502678777,3.0174716362472207,2.9139992670460604,2.60805544762078,2.06633500581843,1.2333243181285578,0.4358053331560078,0.30891627983480546,0.03829365374865364,0.06882127044170995,,0.09998450884013618,0.3020932644250454,0.5229145974369613,0.7973532806983642,1.1697421065810685,1.6855498342830024,2.363569415060461,3.1275086683730975,3.7382836263265773,3.8756027010026988,3.3576941566366423,2.1686215404827776,0.26073399744827996,,,,,,,,,0.507408771120559,0.9135552002736098,1.4247516187584803,1.934351044880211,2.5023973342115546,3.088076556169728,3.618409382229732,4.008012483448003,4.169687310171362,4.019831898882983,3.5025307207202823,2.666006052174085,1.736471271159979,1.003385626511201,0.5762655115133093,0.36877668004639325,0.26116085916648246,0.18504916302680172,0.11878590716746301,0.06400254050266674,0.029850008241964984,0.025694031361053107,0.05757653236517582,0.12267144045787462,0.18873100576822058,0.1832312296854542,0.09297761221792677,0.013395597102057268,0.018632130388279246,0.04641786540136573,0.060429744786692566,0.06231695427773999,0.06154005885500688,0.060540025516366267
0.8183458823310669,0.2611073822130836,0.2918702008841482,0.33091894077882883,0.3745697006466314,0.41159508772587833,0.42700343734034235,0.4075089975470268,0.3442659618198633,0.23220408874683005,0.0679889793760828,,,,,,,,,0.014758682757701824,0.024510654717123704,0.07619404589207528,0.11962253010277103,0.17325366169527484,0.2429670351707639,0.3322318796203792,0.44449559827773105,0.5830071795493699,0.7502832784376058,0.9472935078915443,1.1723417928020137,1.4196864783543326,1.6780735401680487,1.929542134015575,2.1490447055518986,2.3054848075221694,2.3645557145344775,2.2931187706204605,2.0633905488874187,1.6504556372654535,1.020422037687062,0.41373263402984845,0.3844106734971017,0.10260508473014789,0.06413279162987409,,0.09829317453046289,0.299297813420722,0.5428721110635782,0.8661479951609568,1.31995040098978,1.9591585003345242,2.8083644267821115,3.777368279136457,4.574784098858613,4.800625703501481,4.213184041816256,2.7711706194547734,0.3950502928465825,,,,,,,,,0.38573952441714965,0.6019618846633185,0.9203787271638929,1.2922302026856127,1.7452754066668958,2.267373575926141,2.8207959645200447,3.3412901763103653,3.739063179297599,3.906749770754121,3.7480007979954073,3.247583530298475,2.545903729203102,1.8766071112169378,1.3794002878653717,1.0431651133862476,0.7984170050443642,0.5928900174739988,0.40881451495988047,0.2514837742213835,0.13320499911365596,0.06382337264568981,0.047788356080245196,0.0833253490495164,0.15885474290659735,0.21715586366985934,0.06976114997318605,0.001397766668630864,0.00960308262540474,0.03367033147648205,0.04577921435259853,0.04716562656253784,0.04615607475882783,0.04497977288300969
0.8204150248906903,0.0531440965893898,0.11572787946293714,0.22470210995660045,0.361364068013738,0.48929308509473984,0.5698710519911262,0.5771769484796548,0.5014603732655555,0.3434768939734377,0.10720255924964803,,,,,,,,,1.483795521078253,0.05532274221914002,0.04635462603270963,0.07069577483281445,0.1051397808678797,0.15102062857212853,0.21073857900839002,0.2868542989043713,0.38183259816294024,0.49766385058192936,0.6352899586274775,0.7938089536293718,0.9694833373002951,1.1546695301532663,1.336916914587296,1.4986181209516851,1.6176442740545312,1.6692563334553496,1.6291336218563928,1.476275686435953,1.1909776209594591,0.7459542763157084,0.30945706383751465,0.3449850431086514,0.3487427555945089,0.04997533557585787,,0.17973708184829096,0.5595151007684648,1.0023571235576245,1.5752262971338136,2.3632054831775386,3.448437243632155,4.850213047596095,6.387969087251282,7.56481682857921,7.760727715203126,6.669591967254349,4.323791121393431,0.6899127189486957,,,,,,,,,0.21144376860305486,0.33269250986485915,0.5345466010001841,0.7823943514840164,1.0999507057871665,1.4891716257848977,1.9349780107094092,2.3987757983069153,2.8120304947737234,3.0786810499884494,3.1027765626559556,2.856372835348874,2.442533631939532,2.0324733853081605,1.714225691402255,1.4657389795423728,1.2378436642416233,1.0082185388366753,0.7845763983810278,0.5870632938946144,0.4324466093262844,0.3287657764010189,0.2767997838578012,0.2703969253538351,0.28273577948189477,0.22423644916101523,0.05814180046498433,0.011695836634657019,0.015105102028815019,0.028665253357200337,0.03469350602319143,0.034452987127055384,0.03298645070577981,0.03158939700520958
0.8224841674503137,0.1239497232866924,0.28203556396765567,0.5031678193803749,0.7450145370551547,0.9445227236029157,1.0453209942264814,1.017791920696227,0.858629095669903,0.5780879064002054,0.18769852321873837,,,,,,,,,1.7993751770259998,0.04116585005689043,0.01834766722828827,0.0291493871282676,0.04583298288519856,0.06907872324648408,0.10041703008535696,0.14152446157505472,0.19406739263329822,0.25948369666406,0.33864410945734524,0.4313725552803097,0.5358343489637689,0.6478555874423237,0.760316936212446,0.862850351709849,0.9421096731026226,0.9828171165598684,0.9695457132178203,0.8886785660471057,0.7287240803558614,0.4803343341419025,0.23566778180134038,0.2297825007951681,0.39636909336173454,0.06484236534545451,,0.11262536481580673,0.28208306838983527,0.33708710490955984,0.324870223168949,0.2719211568035696,0.19228458916355368,0.10171781304391854,0.027153198656298765,0.002195118576008855,0.03660521039936993,0.09251687555722098,0.10779017856356465,0.02747354530606071,,,,,,,,,0.09325340072344239,0.11870938738364235,0.21176943656585298,0.33345083558336824,0.4965936877035644,0.7033031764042978,0.9450814240065846,1.1974620475258038,1.4139915659349365,1.5283503713881734,1.4838474190051425,1.3004302840142363,1.1084287326258107,1.0321655522962165,1.0512049847895315,1.0619079417599488,1.0036441246756496,0.88413643389497,0.742850166715158,0.6159766469551896,0.5225593284090603,0.46707487155031663,0.4470740543952857,0.45900685388718987,0.5016559686885983,0.5505288769988641,0.23085740670530758,0.01875222977369671,0.004982446191731735,0.01781952110426425,0.024173931793152397,0.02383318123341787,0.022174678298526908,0.020595606554104907
0.8245533100099371,0.7147501651216234,1.066300651319155,1.4755356778693736,1.8594555793158314,2.1185702052937057,2.179649676978068,2.0174280489566905,1.6440923483082674,1.0856934702653809,0.3643276867329689,,,,,,,,,0.40834514192774185,0.0008797944782628187,0.00825704190438847,0.0119150609218104,0.016588161964682525,0.023645030308675447,0.03392053295162896,0.04830047966340563,0.06770339629735392,0.09299484383047324,0.1248425108430104,0.16350024506728822,0.20851937319530053,0.25840926548856386,0.3103064309190688,0.3597550963523778,0.4007314395769998,0.42602708176603554,0.42802273047015393,0.39976276255500526,0.3364136130814652,0.2412406906644767,0.18144258255550172,0.5802636491168632,1.0047016446064596,0.07698110329615075,,0.03340993390137537,0.10027903614220991,0.1976236738446715,0.3409265693020143,0.5536107598701513,0.8631433351662028,1.2848878701509139,1.781452694005385,2.217173417609793,2.3918412943951415,2.1645500271517055,1.488242806981631,0.3052049784703056,,,,,,,,,0.09679522666984339,0.0328580463487483,0.0485439263917975,0.08031981830129462,0.12926481703898848,0.194518127596367,0.26961645997715317,0.3397319404618257,0.3790923663400035,0.3550187347730658,0.2536374424743098,0.12862387537416617,0.09911076751975614,0.2205851934734716,0.40262861650160153,0.5252044838635942,0.5491689216678222,0.5042916477218565,0.4383515001341199,0.38647361960372306,0.3646510047834806,0.3752786722868841,0.4136083630340321,0.46853297494255874,0.5055031677261982,0.43611013677741434,0.14611710941410447,0.011614193667165078,0.004200952412519095,0.013152294553501585,0.01705128028166614,0.016014381818497427,0.014073491079247966,0.012294005665538236
0.8266224525695607,3.7840470787588183,4.8529055323052654,5.854969777958874,6.538292092737024,6.688265136638546,6.232057091931915,5.250265817268886,3.9062424607304336,2.366808846347705,0.7586006700541983,,,,,,,,,0.031944249275946586,0.02309773031601534,0.03475612020145373,0.03950854624208153,0.04352104975539693,0.047699782016420084,0.052384706006521516,0.05790688502929061,0.0645980726970524,0.07276745589787023,0.08265889390089559,0.09438461299212034,0.10783388789466579,0.12256241135171862,0.13767987357679284,0.15176775383557958,0.16287018086697796,0.16859781082285538,0.1663591924813487,0.1536900588478343,0.12867464068990836,0.09177295754023745,0.06290373749777177,0.06889597079249217,0.21654836280960368,0.06635782131851174,,0.04786041303453304,0.14148747687344992,0.27802196689013126,0.4778242528858173,0.7720218208633527,1.1967540191273491,1.7707436730302828,2.4403639096442453,3.020525531648709,3.2439917356775623,2.9284228214452095,2.0196620455953367,0.449956378306563,,,,,,,,0.0020997306157566646,0.19893975188095456,0.06821492595461606,0.05899055500016949,0.06534012900578326,0.08527283455121615,0.12078934788065297,0.17012076913801535,0.2241408071418792,0.2634146064019571,0.2608218191867601,0.2005954944990571,0.1127188407740653,0.06856343092370239,0.09600473666498896,0.1422435513101833,0.15515962203200667,0.1341084551156845,0.10571439581510911,0.0930552075390333,0.10630905971196357,0.14653305089455157,0.21109368246820095,0.2955432630535092,0.39043614532060306,0.4623620098503994,0.39615888461255083,0.09513242294886652,0.008595579156815933,0.006513540030268277,0.012041381935997873,0.013249010867994395,0.011324737002865433,0.009035947694014713,0.00703023733149884
0.828691595129184,6.327190133429405,6.814150686082638,6.865576280610366,6.412798421520195,5.526885142910087,4.388483688919731,3.195247558949596,2.0879699409727777,1.1331987783690427,0.3423129999787939,,,,,,,,,0.44458615132806134,0.01335242022955276,0.089664008418584,0.11512318041683015,0.13214555748566806,0.14925078305413694,0.1670096927740424,0.18555660259197845,0.20489437895093238,0.22486296526872282,0.24508372913067883,0.2648967971544724,0.283302722014787,0.2989273494140525,0.31003619693762574,0.31462656751510587,0.3106147984717287,0.29610401308055284,0.26963978308638736,0.2300766829820808,0.17454048851226675,0.09619014640209349,0.035068339046885486,0.03259273429587888,0.03812876880498633,0.04991514511690427,0.0027734471739396843,0.06583926324193765,0.18156685633118505,0.34058887103880686,0.5669184394325233,0.8957087371513254,1.3663111974944613,1.9968642245960095,2.723552019138338,3.3385840350763627,3.551223091572099,3.1754732808592294,2.176542408336578,0.5160325018669848,,,,,,,,0.014902101326643791,0.3227150258630712,0.14052092213667958,0.13533003564530993,0.15096579627486334,0.18249603917186535,0.23373612038545646,0.3058343162496567,0.39222093707276323,0.47253954599647396,0.5102031142260933,0.46697801692962454,0.3431236876854813,0.20063704547550187,0.10443702773425799,0.057398402117670784,0.032004183199183744,0.017032470907336627,0.0166168937549483,0.03515984903295692,0.07237397233974471,0.12588289279205497,0.19398405697603247,0.2757517381397915,0.36982956346340357,0.4730865947295928,0.5613278999984698,0.2635705969324972,0.022026961241541486,0.00020228433751528268,0.0077129641026286895,0.011318682713274367,0.009823233795884944,0.007415076708705215,0.005206058172545119
0.8307607376888075,1.5409564095264647,1.5028501007208845,1.3891463221248963,1.2038723737790655,0.9711543720810847,0.7261719508270726,0.49974914487872574,0.3093660780607016,0.15965133107456045,0.04730353727588005,,,,,,,,,1.2248298572449816,0.0020484707750292722,0.13638702675143455,0.1992620183613286,0.23453029767669623,0.2703958866019594,0.3086508638276445,0.3495171016796242,0.39290195630153774,0.43834877945601314,0.4849089101046766,0.5310005693662833,0.5742833976772994,0.611592969715404,0.6389950375314967,0.6520209432534685,0.6461179416398954,0.6172745838664243,0.562614783718242,0.48016046604870155,0.364405714593402,0.197581373050648,0.044852525585214076,0.010424846232630701,0.24015545530033378,0.1637568143487346,0.011581229134002308,0.09311492702287362,0.20717556256927885,0.33879651359607216,0.5104847415899919,0.7509109663822088,1.0894187019098587,1.5385067483080823,2.0519497548654315,2.4826521435071234,2.6255646780274398,2.3472990276528254,1.6190462475702705,0.41099836455281163,,,,,,,,0.02932630020542463,0.41566559118626223,0.21460029758455315,0.2285206657161737,0.2693544684486913,0.33098427926879886,0.4169245054739716,0.5268385239324854,0.6507092310913769,0.7620634568965466,0.8155121696636543,0.7632388705192967,0.6014941785771598,0.40494279456785826,0.267971509304189,0.21388882424176417,0.2072062512577778,0.2137485395245361,0.22034274966152845,0.22656013247346898,0.23572698667704423,0.2513556677031422,0.27645686693065946,0.31252327938947533,0.3537989288466808,0.36068431028350584,0.24473642413764277,0.10264251484564144,0.02265874548404192,0.01091925862864228,0.01437069129899227,0.015007659582576483,0.012589756029245058,0.009808051404904292,0.007333165366191052
0.8328298802484309,0.6057279982910451,0.5071058965196352,0.3903392035804726,0.27046716480264965,0.16542818475537321,0.08800696725844197,0.04082824819107757,0.017825280109599124,0.008974388869171573,0.004202857032978391,,,,,,,,,0.5029910750090033,0.012063781145930635,0.16286088272823387,0.2313944168939631,0.27307314555550605,0.31610163712559375,0.36234455765143225,0.4120672317322158,0.4651720319383485,0.5211245912730216,0.5787943147078713,0.6362777721905774,0.6907390133013229,0.7383203417105327,0.774196375124906,0.7928475046082478,0.7885979664420479,0.7563842414034326,0.6925770397301702,0.5953469368530867,0.46286758830891567,0.28841264875584927,0.11135431032217702,0.002335989192428733,0.6607436457671807,0.2083875450222135,0.013742908992217268,0.06819843912677766,0.14044524443753012,0.22125866981050385,0.328505504116759,0.4854794332740397,0.7185175077561364,1.0460059745682342,1.4469024558639274,1.8206484827346392,2.003177968420437,1.8612738511809142,1.3355642877576464,0.3714779674997185,,,,,,,,0.04314628632296177,0.4670587103351548,0.27684299253280403,0.3102427610114893,0.37364276554571024,0.4628297951003764,0.5825720198539205,0.7330371728298631,0.9030783157347451,1.0625656308359643,1.1599311601699491,1.1393661907322647,0.9873929644290824,0.7699445023991388,0.5848836585104842,0.47525917147473945,0.42387859809714024,0.39880705972953884,0.3777097869123665,0.3510649226526946,0.31923795541774824,0.288162796056249,0.26548206812880126,0.25791637285529023,0.26912092753735944,0.2944610239902097,0.29131982675731116,0.0973581942176646,0.004713929354672728,0.003355181155874505,0.015507082818261483,0.02093734495148862,0.019529744189737117,0.0167008772822733,0.0139862861019973
0.8348990228080544,0.42382327049657853,0.42299950950674786,0.455503084301714,0.5155833558110544,0.5823366402335703,0.6269772248814588,0.6233088870503054,0.5535403553713725,0.40770307657643257,0.17999117702450296,,,,,,,,,0.10456543610743893,0.046457358607450795,0.15161090351579068,0.19355426338224424,0.22570208099526426,0.2592898523655101,0.29513212729834576,0.3333940857758006,0.37398515710618674,0.4164806076906646,0.46000340369977355,0.5030957323055306,0.5436047371460381,0.5786220264693107,0.6045301824656022,0.6172111764487322,0.6124482659415025,0.58649420623744,0.5366710411412398,0.4615897193800373,0.3594605983518819,0.2227590469700449,0.07794301173175097,0.0018303947267776345,0.4118058450890814,0.13492405192798718,0.01680955011136019,0.06406230931357602,0.11311547521656082,0.15080186773413545,0.19012901521727552,0.24697879490022565,0.3403250593371281,0.48932737236231005,0.6978097429093714,0.9256097681044783,1.0800944207193928,1.06075630520756,0.8003935898265575,0.2435562552606074,,,,,,,,0.05260049556107939,0.4785326004212451,0.3027081097176958,0.3377175246507387,0.39865451660017437,0.4801032662752897,0.5852737180105745,0.7133289330651676,0.853485758843358,0.9783995611054291,1.0425257731317972,0.99822446643089,0.8372106606204619,0.621655585141728,0.44072561130138616,0.3352531637507157,0.2921399111922441,0.28067127077934506,0.27357084042923774,0.2543197204957878,0.21947118261761445,0.176162650422154,0.13671856183910008,0.11364640077734561,0.11622611488957198,0.147313990148219,0.23528125833834362,0.22173580710649038,0.03559392514821864,0.012468854701311545,0.025273448287586375,0.032935717320804136,0.03193013542479158,0.028904547942691643,0.02588579555385444
0.8369681653676778,0.5369261570748411,0.6050086233781944,0.7083726297998271,0.8321722960054061,0.9472916117609813,1.0190296819721263,1.0161055014423275,0.913576362744636,0.690020567427544,0.322829185798846,,,,,,,,,0.0010375382697166656,0.03834657267856718,0.10140687566839714,0.1244736698937226,0.14256426084719268,0.16113369014090528,0.18060260240146034,0.20107920572929172,0.222531623319605,0.24474631119332563,0.2672677533016556,0.28933312831780894,0.30981466189354184,0.32719010770031404,0.33956869727717753,0.3448005854733566,0.3406856172908573,0.32526618362399634,0.29712746069867746,0.2554489070086515,0.1988144310289494,0.12166691583568519,0.03849933864652081,0.053165791878031735,0.3101746650418363,0.05321051948892188,0.01955311803192505,0.13037831423040686,0.24158583672766884,0.28479503361347375,0.282863589766073,0.24766593078501384,0.18652966026719645,0.11043257740733729,0.04117540429133798,0.008310992902087555,0.025053752870710114,0.06648332401749261,0.08465653374076569,0.03632575051503055,,,,,,,,0.056642067087986546,0.46182152379198316,0.29034155170724224,0.3127745600752591,0.35487467141791795,0.4075409002136779,0.4714341718309184,0.5448640573136453,0.6193696281313125,0.6743668233222453,0.6752988213434039,0.5876553412609922,0.4149138157455956,0.22426404484800275,0.09731199221259203,0.056531053394252524,0.07103448632297314,0.10182986547353855,0.12241769768785571,0.12084231703187813,0.09777445718447464,0.06276548868591625,0.029436855659727805,0.010988563127365757,0.015346819751488812,0.03236030613269042,0.011255426697457927,0.017106608675738613,0.02142326831270823,0.025490041587273266,0.0425557224703031,0.05145650376178269,0.05054019308339655,0.04723482264827789,0.04385504398566747
0.8390373079273012,0.7275362530555999,0.8234574093080406,0.9507761596818052,1.0936591868324628,1.2205003825711198,1.2924719659905524,1.2735813941897072,1.135054893025725,0.8535093954789202,0.4066474577472292,,,,,,,,,0.29420645998077827,0.011147284663227598,0.05504007640599884,0.06778117435645448,0.07642902052426773,0.08524210986378261,0.09461727629744682,0.10473130046214062,0.11569199554963806,0.12751463739448418,0.14008089282686406,0.1530888896737088,0.16600063090101716,0.17799847724337312,0.18796871675477092,0.19453402829281688,0.19615318333897075,0.19129053257803283,0.17862366810594585,0.1571781492433061,0.1260675838894703,0.08453704643672869,0.05411850788027445,0.17469858918836592,0.11699958675096143,0.030235821665815232,0.042379636802201276,0.8193097602241259,3.025800552623,4.202499416356806,4.730876062197205,5.03811737603291,5.2394591412321665,5.342633069626862,5.275367741146422,4.925566808352693,4.238815601648935,3.266596809127007,2.070218826660481,0.6076122048755298,,,,,,,,0.059770568248206785,0.42904721807886015,0.25942485051170094,0.2714650273630743,0.29984879993305047,0.3326275455532165,0.3687997289000841,0.40663664427284263,0.4411293541153568,0.4607967551881563,0.4454749188580327,0.37352608849426094,0.24729097694073865,0.11344997087620341,0.028582304148398834,0.004955237464224016,0.016921699795904677,0.03695448905508273,0.049767477873160645,0.0502583478058503,0.03982160839833336,0.024216872371910787,0.01208714851414198,0.012915434872470028,0.03232850426870007,0.05703041449797506,0.05551284777832126,0.059891078086637344,0.005556351524232725,0.01187615216514076,0.04854302395747213,0.07224968479988864,0.07535409136861282,0.07249941557148137,0.0688347072419944
0.8411064504869247,1.1833013029244634,1.422253290504438,1.6704020717557044,1.8784507467891711,1.9871311961873963,1.9517964286454934,1.758738037012215,1.4221943171396891,0.9695376616853866,0.42734593216615885,,,,,,,,,0.3925139404420265,0.007862163031870876,0.030030033580451972,0.03791714166722964,0.043807533074853244,0.050614805785844194,0.058815614428328444,0.06875626831202095,0.08073655540785567,0.09496861536006639,0.11151099455038627,0.13018221599864677,0.15045970261381506,0.17137908674091631,0.19146076579458046,0.2087008331133407,0.22066486560935494,0.22470736479386094,0.21830560940378269,0.19947011829901953,0.16736540105831504,0.125380241811709,0.10461409673885823,0.18157140671526473,0.0027030000469765035,0.09194087767768108,0.08927825200920361,0.47009506213492114,0.9995972214396674,1.5480932259879605,2.1999376104594086,3.0394758549451075,4.133427779132514,5.4765839699587655,6.881750620439308,7.907733793501709,8.035657406222635,7.0108154849426585,4.860683000616618,1.5738974008788715,,,,,,,,0.06241263914653282,0.37794656378111685,0.2201105269485492,0.23043761614512698,0.2573100802210523,0.28806334448442245,0.32045155895540145,0.3512032114249391,0.37414871379532966,0.37918499214659385,0.35344803159679394,0.28870718469746254,0.19531202421060917,0.10532823761491976,0.046650247449943116,0.020023191496001354,0.011286188275389806,0.009682862606358252,0.010700081244811243,0.012794433123078654,0.016146569397444403,0.02345121515751709,0.040359385723519325,0.07345701229698645,0.12079460966482647,0.13142714900390035,0.017380630385326376,0.10757631829453117,0.05898122994541594,0.04906079058830931,0.08324706412045176,0.10687509724442784,0.1096070901157304,0.10623252450548427,0.10202871623840343
0.8431755930465481,0.7585006688358404,0.8893861400113081,1.0037057789037689,1.067487629402022,1.0557987994192122,0.9650161108298259,0.8107283848833952,0.6157400327934511,0.39926792656574767,0.17250066590012675,,,,,,,,,0.4076408603646141,0.01635440503122284,0.022567029496652607,0.0293716555872126,0.03710055264608851,0.04708753152631178,0.05992302664316369,0.07615973175182512,0.09629337794911937,0.12068408025203849,0.14944232264557508,0.1822800186015548,0.2183358231203145,0.2559996059745684,0.2927810094274524,0.32528465828773845,0.3493576075979822,0.36044886490804645,0.35415965936674687,0.32687888497418166,0.2764180078979511,0.20475442548406753,0.1447043355156162,0.12656078647688432,0.06931224434827123,0.1398447280387996,0.041202146302810445,0.11125545533867917,0.2197238764748592,0.34647681979908596,0.505396708048268,0.7135399654118357,0.982789801786543,1.3040881381176141,1.622033966592595,1.8264098329403031,1.8063996678264884,1.5300345726563847,1.0331761272723217,0.33795382636503424,,,,,,,,0.05915905039479655,0.2923048544650677,0.164716037458395,0.1763900150965982,0.20590323406119818,0.24403617228446,0.29048795700038227,0.3437289070008185,0.39790678254076156,0.43935026052254117,0.44495516489899756,0.3907137139184997,0.2770100003301017,0.14715075568318378,0.055125330503035475,0.01568090155346204,0.00853688856569979,0.010595504105834711,0.009979481106489142,0.005244315957389235,0.0021179667254803978,0.01067944725093526,0.04244322110976046,0.10670807962989792,0.20387220472128,0.2975111208291453,0.23756473656830054,0.040911040366419044,0.017093156806006544,0.04190197547288853,0.10148341226937027,0.14359245785062616,0.15187464018340618,0.14921911430280904,0.14464571697684286
0.8452447356061715,0.517619136823375,0.577109456190602,0.6264332234729717,0.6462885204540335,0.6229413732344843,0.5556353218274441,0.45525577051826754,0.3369384254635746,0.21331197260853707,0.09161781742087526,,,,,,,,,0.561046966206182,0.02066548227715828,0.023254931829911347,0.031884707555031665,0.04332726317132315,0.058370185441311256,0.07776744485712145,0.10226292390018477,0.13251702284503908,0.1689905979276536,0.21178108155147024,0.2604105337586798,0.31357927832363525,0.3689209030980184,0.42282212713026307,0.4703949831732088,0.5056916745889921,0.5222128841602045,0.5136536130737812,0.4745683982690816,0.39982827441014535,0.28233583659837047,0.14807998457348687,0.05043044292582514,0.06645575066831166,0.05596543905460215,0.018969842830095913,0.047594735438728684,0.09001727861156973,0.1372489139898789,0.1940881477436869,0.2658229776255307,0.35520740207719215,0.457757452769038,0.5551242010559347,0.614317436229251,0.603773987588041,0.5137879316470269,0.3517770744912595,0.12051197114871741,,,,,,,,0.04436652871605369,0.1737555459862836,0.09482468753727073,0.10290961643665444,0.12523761707171963,0.15785686426239443,0.20328594130011457,0.26441339887897464,0.34195539173966694,0.42952772850631726,0.5062437199282026,0.535147332179855,0.48617794328696373,0.37809532171723437,0.274127757160827,0.21639580312544635,0.19571023845039573,0.18127406144628785,0.15228490483855106,0.1081633764646036,0.0642719398968924,0.0421986921089786,0.060997608575668265,0.1307486566108626,0.2394537109663476,0.2886561022235089,0.07532441177676259,0.023963397142633555,0.02281878541104074,0.048754359475723055,0.13008228812647923,0.19151984158887628,0.20547521858274767,0.20338338509942563,0.1982903288146953
0.847313878165795,0.48291270721215007,0.5057043158684692,0.5187654518446948,0.5104150476972314,0.47327378560215594,0.40886211114827586,0.32608834687248556,0.23591700843644736,0.14684935793822454,0.06323128306986558,,,,,,,,,0.10698349690359009,0.015453206925047754,0.025548753731101884,0.037300104029768744,0.052295154766637736,0.07189480032754267,0.09703687952696512,0.12861002003572017,0.16739132830069892,0.21390399411257374,0.26821505777293897,0.329675550470495,0.3966204886844643,0.46607288049843476,0.5335291180096041,0.5929313939609233,0.6369353815233499,0.6575325518217282,0.6469546357964302,0.5984545196535809,0.5055197932046455,0.3591400583785722,0.19869494343994978,0.15964985924527622,0.054143932367635046,0.012576464122689614,0.012179809635370797,0.033513747535468534,0.05931134827466945,0.08250151212108067,0.10516614361196203,0.12865023892581998,0.15275781685596934,0.17544170523488706,0.19300969131204737,0.2012677408024558,0.19642711984198952,0.1740243126562327,0.12744972793619033,0.04814365530709018,,,,,,,,0.020544023605759694,0.0650106663049746,0.03472218193557184,0.03704630640465741,0.0472999903866659,0.0656277573670339,0.09572163113212265,0.14326564861307114,0.2157346296918876,0.3203372033741853,0.4572370513717392,0.6078117165208894,0.7312720938066856,0.7915782052412763,0.7917573262117631,0.7587913672957926,0.7055227056008199,0.6278393786049292,0.5250645658910741,0.41189671446796444,0.31423130147769596,0.2578791341536307,0.2603217802085544,0.3276997034406983,0.4500392347419605,0.5611951883009334,0.4471901640592435,0.16375769639341248,0.06890494366604122,0.08885512305378185,0.1805452184372177,0.2542328412588903,0.2722803364719847,0.27045779159517663,0.2647006414113019
0.8493830207254184,0.19930047717379065,0.1482459954547291,0.10215722995224058,0.06713251223244447,0.04601096284675653,0.03733038345474965,0.036264667732867635,0.03669673356560413,0.03290561017090675,0.020255879146521105,,,,,,,,,0.0590726188941484,0.0073543732789164784,0.026356035522894044,0.04065981702890432,0.0578318043931537,0.08016121930115183,0.10872487187281035,0.14449447643737232,0.18831204689200945,0.2407346511874364,0.3018113217285675,0.3707972936729545,0.4458251695877296,0.5235814434878314,0.5990726852731847,0.6655960724618234,0.7150318969597915,0.7385256885458291,0.7275064156129161,0.67477243201095,0.5751049654719294,0.42852501778361624,0.2976123252320155,0.3719939503286993,0.1104174683279396,0.009549183172308514,0.01801650060909933,0.051210418962419485,0.0857710735187641,0.1104276001024967,0.1270260730413197,0.1353119444192064,0.13297056400130894,0.11749378311857592,0.09028902750568449,0.060541990382602724,0.040725352926320076,0.033897954118667355,0.029872064592007568,0.014363675097276986,,,,,,,,0.003120587994512301,0.010922323029105788,0.004093295318552435,0.0025676947696806098,0.004815308344201114,0.012709947579591891,0.029982212258297357,0.063082787865598,0.12276599823905639,0.22548880621916717,0.3914792360740711,0.6320399930390511,0.9225579940223371,1.1896025972687425,1.3556492084492362,1.3963940519528342,1.3334543195209854,1.2002569879971865,1.031850014284047,0.865551998796953,0.7352582236408027,0.6636598772813487,0.6598365453173649,0.7204195593308713,0.8219338653247533,0.8595185407953588,0.5550731086649934,0.10011832598364083,0.034184946711063084,0.07917124935353981,0.20875880223057475,0.3201707851105973,0.35157515851555743,0.35198146674030323,0.34581242200709866
0.8514521632850418,0.7902349201036868,0.8465903003425477,0.9105937879745327,0.9718413064974936,1.0080970606862645,0.9928576748817778,0.9069073351677078,0.745963797090785,0.5208684591793264,0.25245921841238694,,,,,,,,,0.06708894792384677,0.006489237259342993,0.025274943703373742,0.03956036588471463,0.056926885887580866,0.07958532912130697,0.10861930099694403,0.145016441746986,0.1896348038863719,0.2430454253804683,0.3053072048842934,0.3756786984430509,0.4522863045636622,0.531797027864743,0.609179705067345,0.6776689717425438,0.7290498944849559,0.7543340310081038,0.7447888474245569,0.6931357169627993,0.5948211275716772,0.45402394971621796,0.3440693109159608,0.46142833735091676,0.17496531274835012,0.00809593751821721,0.026019950916490852,0.24635527133223395,0.5887280069791435,0.7396217319367822,0.7989860117505049,0.8045878636956882,0.7591892776446718,0.6572527596305195,0.5012355653869273,0.3186576054197917,0.1586884370768127,0.05711587304495353,0.012328311806776616,0.0007053267442727574,,,,,,,,0.0007554440001110263,0.01647980563820232,0.007549614087478235,0.006490096563547707,0.009210670433700531,0.017466896292520354,0.03506224738811541,0.06871666199569014,0.13015103992347457,0.23901577687902892,0.42447521381001724,0.7162829179975556,1.1098597638482997,1.52186500798554,1.8187430948718881,1.9225603436257024,1.8517488123236692,1.672705426105878,1.454568872051646,1.2523652231988933,1.1015435351721814,1.0182352844516391,1.0044454435857337,1.052120858448371,1.1298266983607466,1.090142876417415,0.5763988941668514,0.04220084706282893,0.037395525389510395,0.10368418946558008,0.2648329644597055,0.4073107050847015,0.4493341756308882,0.4510674839522978,0.4441134256879066
0.8535213058446652,1.5415943342039014,1.6681647560951214,1.7347200975386743,1.7122586120498078,1.5851342483107633,1.3624592380685328,1.0759023365540208,0.7659060800603277,0.46747025476250376,0.20308651314601112,,,,,,,,,0.3015115441260297,0.016892967758960705,0.021806536148208006,0.03334596113836825,0.04885515865314394,0.0693822393148411,0.09589147166570171,0.1293251732743162,0.17051480382123965,0.2200316493110152,0.2779773641501965,0.3437150852353801,0.4155582849050183,0.4904611032610531,0.5637869375447421,0.6292606267267993,0.6792138609076573,0.7051888558454812,0.6988428934627875,0.6527919382577064,0.5600954157086403,0.4120822460335665,0.2478397988466345,0.22808584460686246,0.2261293089551933,0.017334659470324924,0.0036394560594724384,0.015077287482214747,0.030219204962069476,0.032782194135561035,0.02923102293102268,0.0230783896293427,0.015973438502992834,0.009138328412616392,0.004049172556055869,0.0026593153843430125,0.0058674097846618065,0.01113668706285605,0.01316099037835109,0.007126496897555068,,,,,,,,0.007732827587587449,0.04617563533486501,0.027432757673562787,0.028196026236137626,0.033734124726947756,0.044454698185145816,0.06316636717059863,0.0945813574570439,0.14644222249743402,0.23153825090520805,0.3703432377766079,0.5900325289405947,0.9059248048789519,1.2787998363908524,1.6021199918263778,1.7746900640304786,1.7732437239989656,1.6426870350984455,1.4509725642453533,1.2580393030633914,1.1036635498130527,1.0080950747650905,0.9787269616870595,1.015794055091449,1.1105701802004777,1.2094515273417803,1.0687801680926639,0.351203286481841,0.08699923289603423,0.12833097548879216,0.31634167557063175,0.5025880659558376,0.5638481946072907,0.5693588206480403,0.5620380015992874
0.8555904484042887,1.7578713876652798,1.9045948508093542,1.9485579586386916,1.860770856515882,1.646571206104436,1.3452063931344056,1.010112584770497,0.6871747502502537,0.40438751884925966,0.17271655364052863,,,,,,,,,0.9749964530784887,0.027737716424946192,0.015163839722305419,0.022863293903813506,0.03483630017076136,0.05112344213371317,0.07253234935676811,0.09991280599209769,0.13403471419363577,0.17545910237479803,0.22435922169510364,0.2802888884704616,0.3419113224991014,0.40672438180158466,0.47084654409505683,0.5289533510685519,0.5744593620820813,0.6000019815679337,0.598155214950779,0.5618660329104608,0.4823367896264498,0.34097315986042526,0.15911155060920645,0.025846455239632117,0.08146690594004592,0.038425236983597705,0.010518189050593622,0.03394275730190023,0.15170281605308683,0.2979783963260747,0.4150273727131619,0.553186463017493,0.7375750680366109,0.9765685844757528,1.249724839411043,1.4889127104694118,1.5926537305933026,1.4804368642557362,1.1171609381618248,0.47581331922904607,,,,,,,,0.018230297706273945,0.06574791982793822,0.04049431486909467,0.040773893415628475,0.04553939667340872,0.05390408199831277,0.0673076004673939,0.0881577101326582,0.1202990304643569,0.17027075110193726,0.2497373629912852,0.37711902168514116,0.5682364339396481,0.8065746103438289,1.0262247602130066,1.1540551518023763,1.1628511354296973,1.0733214620730602,0.9282103412372908,0.7715972774298966,0.6386719886583632,0.5532250073099189,0.529251022948455,0.5715813244989789,0.6650097845463279,0.7048879812036747,0.39602623945202914,0.060573212870531995,0.07288507725345088,0.15416628195837312,0.3849175814166458,0.6209493817885046,0.7022231770561123,0.7110312398712061,0.7029199558365196
0.8576595909639121,1.1268462834401258,1.266724827217495,1.3446762155923482,1.32624196134567,1.2036599372667929,1.0011716370195398,0.7605456095613449,0.5211144122920386,0.3084959129522881,0.13379423236520166,,,,,,,,,1.1539641074743645,0.01986135779497617,0.006488129711593124,0.010799309432404598,0.01828877150814403,0.029024871223282175,0.043686046789996005,0.06299813237336084,0.08764272759064445,0.11815944987324313,0.15480761879979393,0.1973837270401409,0.24500317368156468,0.2958722350191097,0.34709892280901394,0.3946127909985435,0.43327117754353794,0.4572055555954851,0.46038344346187876,0.4371516727154224,0.38190158995722184,0.28784629132421374,0.17956732957767335,0.2021043381434616,0.5409063935745214,0.12636420213294858,0.03320631503607009,0.05788911999781741,0.1012296418411554,0.15207712059042014,0.21393478073450495,0.29204970580124595,0.39067769855112267,0.50898651658639,0.6336715481000552,0.7331928596971007,0.7661015397054698,0.7018462373897002,0.5269357239127394,0.22879059819582337,,,,,,,,0.02916818495734544,0.06294132865858423,0.038718182214474095,0.037126624693253465,0.03947275540781757,0.04502031272773996,0.055067268071886055,0.07168818592412923,0.09790073473139456,0.13795844030871177,0.19742608288412922,0.28146042193824766,0.3875193779855842,0.4942082976352369,0.5654688004512807,0.5764948863285986,0.5279903366089239,0.4369178219990855,0.3252978634481786,0.21556520059343584,0.1284157210667561,0.08116712945565253,0.08673354438721187,0.15255935114797403,0.27721743782885033,0.42681070176177466,0.42269466616723833,0.10410544490379792,0.04430925648324829,0.1395909009338726,0.42211683284678353,0.7392200130922818,0.8601544327748593,0.8777119232119062,0.8698204814650153
0.8597287335235355,0.579321201837574,0.7622049627241112,0.9230966214521232,1.0110487740701084,0.9939454469962029,0.876246399832955,0.6926738711915011,0.4866821257061349,0.2925004993665201,0.1289660787828914,0.001875337851595777,,,,,,,,0.35636653799507856,0.0022689889532207853,0.0006481084210377953,0.0023894453969341175,0.00561616242726746,0.010892213434812332,0.01878090816847478,0.029868448368988915,0.04473010855056128,0.06386692394787959,0.08761031109473674,0.11599167775956047,0.14858080098158333,0.1843088719938881,0.2213087782016027,0.2568223382872235,0.28723333331977596,0.3082756238135079,0.3154344638851201,0.30454946521346066,0.2729937046017663,0.2255309572511388,0.2146521356712963,0.4426828383792059,0.5418425383342345,0.13964739597968218,0.039162550419567906,0.06713384849318627,0.1197098918564304,0.1839441572374635,0.26367288242536174,0.3648805664430301,0.4917679317393628,0.6409145116670911,0.7920322769373673,0.9031976645563542,0.9257104526206583,0.8310527332292709,0.6138873677950852,0.26824549350724514,,,,,,,,0.0333326747313513,0.042445039690295075,0.025979278664357678,0.0214342610173645,0.019866263266678164,0.021681303164178805,0.028713221642345053,0.043538468596028015,0.06915555630418882,0.10779419172012879,0.15836289499230832,0.21331255246696473,0.25841628850634263,0.2795498338876373,0.2725808641417883,0.24432104394181517,0.2039664973792282,0.1575873907314652,0.10970624404368848,0.06651299879897918,0.03680013011519444,0.030758626011679547,0.058005534415925486,0.12497368561753389,0.22835147349908297,0.3286836229847416,0.3523380482638461,0.3201551202085679,0.16788859077155918,0.22406301171233142,0.5305179899164781,0.9024861135190826,1.0522846204927891,1.0757841786634526,1.0672385334822592
0.8617978760831589,0.7318074669147971,1.0848459309699274,1.4395402702500872,1.7076385796887783,1.810998560798289,1.71980060069214,1.4619304940143962,1.1013040246366022,0.7073346923280623,0.3343594840983969,0.014851003459846001,,,,,,,,0.3376337781517206,0.011519635595243197,0.006070117573865287,0.006271800739946044,0.007311601978903997,0.009460051288389002,0.0131348389373351,0.018786568951492603,0.026875681702730306,0.037833952288793,0.05200306298846058,0.06954658666428642,0.09033588460919563,0.11381838146556648,0.13888839543766016,0.16379387148507965,0.18612141364196264,0.20289880900650126,0.21083201897067827,0.20665853270078988,0.18768370514342628,0.15474826859765822,0.14715365616590415,0.6740924991300236,1.707334281748763,0.2201166655962456,0.04827528068445315,0.0788582296413549,0.1397153433826175,0.2155731929743936,0.31185215727484433,0.437258955849542,0.5989509115436398,0.7946052718609018,0.9989762889728325,1.155617906285085,1.1962732590921905,1.080077180359812,0.8012354245955361,0.3571900281197805,,,,,,,,0.027727293941000052,0.022922293548107132,0.015891285299063546,0.008374553533889975,0.0028504052006374115,0.0007205209608707828,0.004464127593560299,0.01760979955460568,0.04422020571713044,0.0866799680140999,0.14121218146857867,0.19395700048540118,0.22582075870149482,0.22866567252550485,0.21368436180973782,0.19749911251722302,0.18743782353646374,0.18260386210735033,0.18101770120368552,0.18347890927145924,0.19368028211403301,0.21688795070650882,0.2585767401580272,0.3221241995168087,0.39891854373891156,0.4209437869886514,0.2024723672662359,0.0053280748085928024,0.06298635137799638,0.18935647882913886,0.5648066291297249,1.0518430256752869,1.2671071866795631,1.3064328126172795,1.2990138717385662
0.8638670186427824,0.8390618480696912,1.1964363180466653,1.5723767843613419,1.8947831464823943,2.0888768881758586,2.106650733297352,1.940126345539714,1.6131006479829981,1.1639155215328647,0.6319929307795099,0.05175671685926478,,,,,,,,1.023120416098491,0.0511406154860207,0.03252214533708422,0.034885586966224166,0.03861437410939124,0.04319240995464738,0.048911768699282265,0.056122542545943656,0.06517195148865602,0.07636903235233237,0.08993317313527072,0.1059217033628349,0.12413731507456906,0.14402271955883342,0.16455934493866559,0.18419719647899166,0.20084957478337345,0.21198157634573306,0.2147918828779942,0.20638743808491883,0.18351585757795338,0.14145793108804605,0.08189997681277687,0.009061410532486784,0.4304288830265186,0.19461772445293987,0.055316794399572405,0.08605408621601168,0.1468559207379175,0.22171557056642463,0.317175017795985,0.4441615526612725,0.6135411125278956,0.8278808074110274,1.0651822831572413,1.2646518020589508,1.342732385274197,1.2396084096005662,0.9379107822491395,0.4317567750951561,,,,,,,,0.020566076102052598,0.02365196933088256,0.02569573658408403,0.01918980964099561,0.01565984495200266,0.016889272477638644,0.02591506863883531,0.046948794164622595,0.08457036473716124,0.1410039565628329,0.2114224091950949,0.2814760700517354,0.33504093144727126,0.36918987432973843,0.39435751491431503,0.41672382894850496,0.4307626096810837,0.42816242231354246,0.40715689317221154,0.3747893291012127,0.3437515225080235,0.32775646532031893,0.33824875400483645,0.38200478342777255,0.45342591493554685,0.4974874036739427,0.39532287162815294,0.2119584577445933,0.10647232101134027,0.20954238737066344,0.627359839937311,1.2260335850780122,1.5166015902834902,1.5759787378053944,1.5704463233423969
0.8659361612024058,0.19503583810667238,0.2787450437063153,0.38180800438591705,0.49068355785993745,0.5838373295535942,0.6387941290121176,0.6392710701308771,0.5777700482140294,0.4537829017247143,0.2705457992052513,0.03254423134683953,,,,,,,,0.4573272368599193,0.06694163207624616,0.08708559443966374,0.10278263558398266,0.11763294237659011,0.13401619876520615,0.15239869588016422,0.17311031650770292,0.196395348711278,0.2223562678318082,0.2508721145776492,0.28149625288102137,0.3133410489737448,0.3449663343497698,0.3742998416175114,0.39862719600316204,0.4146901587231458,0.4189185489686286,0.40779773983400525,0.3783988757125934,0.32960814346270406,0.26913432290841,0.26591857281709574,0.8271818491663379,1.7485266503952777,0.27212018649673825,0.06363775903715577,0.08878671856766526,0.1369915137199063,0.18861809206094518,0.2492496257804146,0.32851506440052397,0.43730367890916405,0.5832336631728136,0.7589172492954551,0.9268311037384394,1.0217685832969128,0.98207552521609,0.7732440475774596,0.3745089819783262,,,,,,,,0.027161982840075823,0.06077165665692554,0.06077862497498138,0.0596444887511282,0.0654556345648901,0.07912618377329869,0.10401655433470784,0.1445708956491743,0.20530426754423442,0.2886373577733145,0.39196979595269377,0.5068098768117063,0.6227434336574975,0.7314620667510843,0.8228353485585618,0.8800495729272229,0.8844226256355894,0.8254310920582617,0.7085290918280378,0.5563041740263663,0.4015246249241077,0.27663817247502687,0.205923756404119,0.20105132331501618,0.2500798536274802,0.26064075201658315,0.05297010886895679,0.101314657134569,0.16806108761478933,0.2867644899386514,0.7503692570132295,1.4527858132245297,1.8142934458032385,1.8922408389158998,1.8877713809445908
0.8680053037620292,0.1582716420437731,0.26384546529835223,0.3857467012064722,0.5012038059784363,0.5846289123241482,0.6173564883651993,0.5927059668809691,0.5140491007384204,0.38946592114655654,0.22715954955334203,0.03310761099207308,,,,,,,,0.2043040849047328,0.04232579203644328,0.16541182961024053,0.21947476417311,0.2569927936311507,0.2972528511365453,0.34195401112627005,0.3915463597867221,0.44618456545309976,0.5056552830497758,0.5692169482192954,0.6354110727285872,0.7018692764390841,0.765155442014697,0.8207005065703253,0.862897574277372,0.8854133972647018,0.8817168887708694,0.8456546255072696,0.7712357893526373,0.6481409091063456,0.4516095036241498,0.24364528439962813,0.39604071010044856,1.1177510136170046,0.4220642906609327,0.1354016548357359,0.17112510905367156,0.21495739717464482,0.22615231614249365,0.20945796432649047,0.1713600855087675,0.11942201678465997,0.06614772670474091,0.031128946067992373,0.033739403131268456,0.07437326525704603,0.12428760050329155,0.1410291255108902,0.08827388150890408,,,,,,,,0.07170274248890005,0.15116420063653294,0.11088604003806177,0.11378467721439045,0.12991605611438867,0.1568323818381398,0.197825437548496,0.2574868774786701,0.34047579506974707,0.4496055172589969,0.5829597083184364,0.7314877633331046,0.8798422399158239,1.01136342372028,1.1122960357565728,1.168809074715039,1.1620619640107879,1.0739871133317966,0.9025818182123425,0.6716231197279247,0.4248252309285968,0.20984050768161577,0.06418553893774553,0.008832301902631201,0.046206769083946136,0.14558143589605133,0.17710185610454743,0.060826573584948106,0.056215201225241394,0.2011323591465136,0.7205541818529356,1.6019883060149018,2.122669330367901,2.251225866580244,2.255079689736962
0.8700744463216527,5.542599267540235,6.555627179347513,7.316351203899279,7.621664022986795,7.363300014404382,6.580429023620755,5.427107918834189,4.0906897524305075,2.7243792900602117,1.4211667720955456,0.21899566394799927,,,,,,,,0.47153006633315436,0.021773323266111807,0.248048991272737,0.3748670126933533,0.44602015532594147,0.5201729211402181,0.6024223046566592,0.6935273030530263,0.7935587761464089,0.9018886580384469,1.016918122054961,1.1357593840118518,1.2539239400801625,1.365089376351433,1.4610448991329297,1.5319268832142725,1.5668199616637803,1.554634875667767,1.4844551178344623,1.3408050467387964,1.0739877360522445,0.5760680246949158,0.13988324789209902,0.20903795804895733,2.0711193995335107,0.799973912061595,0.3717381696998427,1.3897110324146347,3.3355680891302533,4.345033163692945,4.876617465716196,5.254767239283693,5.538804153562477,5.692751918052044,5.619406175330434,5.2141960328248995,4.458261075504976,3.446830937422067,2.28990819151061,1.007333855909878,,,,,,,,0.13581314737273134,0.2676883525810675,0.15872270141348582,0.15990756033616121,0.1794552615926935,0.20913748410429417,0.25024434818786656,0.30463271023375804,0.37278752739510584,0.45201174545819894,0.5352817309536244,0.6139581851722844,0.6865371677172192,0.7647694471839639,0.8612981553245326,0.9674160129442709,1.0490996181096484,1.064804049463563,0.9890182040327394,0.8274740277158391,0.6156172039805577,0.4031566709169586,0.23635265397529165,0.14625110014303233,0.13887917423325277,0.15626420301345817,0.037395680816021036,0.09668464495635293,0.17657271005313854,0.3192623367259383,0.8865302316948255,1.894336162409851,2.5177068199829287,2.6764944472796364,2.6830946235017694
0.8721435888812761,16.571816879210736,18.017035192749923,18.559953542453535,17.978647585199997,16.311553958173384,13.847394383564337,10.981131024239701,8.056225753579707,5.287225689635986,2.763193488754783,0.487010943103069,,,,,,,,0.4375188449851939,0.0185278448188062,0.31799104376193743,0.5265018982998523,0.6323076007225867,0.7398027204053217,0.8588502161839124,0.9905906610895787,1.1349958081386875,1.2910091383125195,1.4561746995213163,1.6261985907299563,1.7945285352218807,1.9520548844177275,2.087072817759321,2.1856574638612942,2.232549634031957,2.2124186250198457,2.1103761978912305,1.9054910524294335,1.530118907978624,0.834943852586742,0.20920810439889614,0.012764746310992964,0.9771715362512414,0.7984165662198711,0.5069453895165786,0.8834146180261947,1.4378525542368517,2.0258757133409198,2.652328295077592,3.3215344498571397,4.009115893113476,4.636720324328045,5.054103155608092,5.077397692709656,4.607649431730614,3.7107347463163616,2.53003302882164,1.1423393863464657,,,,,,,,0.17596623362800626,0.35306190124453735,0.19086673548127847,0.18531456062951154,0.199336052313164,0.2196031099026337,0.24479012831422536,0.2732844359037727,0.3009670190858542,0.3200972220575556,0.32086923329953215,0.3000278239635417,0.27586885474204914,0.28988375096028135,0.3751369215895451,0.5230612793709101,0.6903038243740383,0.8269776940882749,0.8978967384989918,0.8932699515965824,0.8291542547448678,0.7382987638040549,0.6572751571010071,0.6160918107084346,0.6300684142679084,0.6745409448180251,0.6009170528108989,0.25417119629975404,0.1263835248244981,0.26392176902312353,0.8650666763011671,2.0576835248889087,2.905856707502051,3.150289847261674,3.1736874961612687
0.8742127314408995,14.67105293202578,17.476070955227332,19.688329615719425,20.79633834945806,20.49140706113866,18.797212538403752,16.01347821862262,12.544156197015566,8.74532818064658,4.856827938610904,1.0015528204854967,,,,,,,,0.28714503365898814,0.02927094606266074,0.36495505279486035,0.6097689538455668,0.7324821432423959,0.8561407940599637,0.9926991902456573,1.1434009864510433,1.3080856695627594,1.4854105590425601,1.672445884556669,1.8641973637476232,2.053157067297935,2.2289982704686784,2.378568042557064,2.4863432508184293,2.5354668832476497,2.5093250937837692,2.3932074497964617,2.174062757215558,1.8303949443294236,1.3087890485722549,0.7510054143499396,0.7796094464648353,1.2520279561140386,0.735823539526548,0.4506910326508658,0.7942048536102294,1.380244416396887,2.08980228847248,2.9418802953136196,3.9617596874934815,5.139102056041467,6.375440128461903,7.4269721318034945,7.929547732116245,7.592022160976729,6.398524752938876,4.535024626508773,2.1395044347946386,,,,,,,,0.2136059188118311,0.40505710123084715,0.20853931793832328,0.19497916232587414,0.2000742985323748,0.20811911175896977,0.2167192651211545,0.22317939741550735,0.22256174898098594,0.20710799572575966,0.16823124528031924,0.10476175809786825,0.036628203603866046,0.006463993419356746,0.05139264821670219,0.17265731147653113,0.340048256896635,0.5147988155927836,0.6658842231286812,0.7781047854115914,0.8538916078537248,0.908679244856356,0.9623454683297366,1.028332450236103,1.0872292952401008,0.9847597914829997,0.41034501571336385,0.03670123365907656,0.1261556615156144,0.30537461079530204,0.9655506402027223,2.3398270232592946,3.3884929707044305,3.7058163472837164,3.741115757654619
0.8762818740005229,12.38991266895261,14.443559150860345,15.967332137870338,16.62897034195412,16.263407154365936,14.929714409267788,12.84349669614924,10.254200172344996,7.35603777430255,4.25970991885145,1.0030031642705208,,,,,,,,0.16482093717287494,0.05064249466093721,0.37150689893258837,0.5803549179094231,0.6909204422875378,0.803401808610262,0.9270097773406054,1.0626395903905463,1.2099938858375698,1.3677171529703616,1.533046945995394,1.7014126126869165,1.8660675044983515,2.0178549544347413,2.1452386971377346,2.2347341639528135,2.271823782852309,2.242251320159871,2.132914812471372,1.9284980209026221,1.5878585810676493,1.0093980501625346,0.43432944761302883,0.5776764461617665,2.4742570499480476,1.1355298573615782,0.5321686706799554,1.071205469753359,2.0090369680337847,3.156799614479013,4.587325931115056,6.377381670156784,8.540272348144118,10.927655807268376,13.104858181510682,14.36488209246227,14.074630322576317,12.097767460992493,8.725542979002846,4.222917154645498,,,,,,,,0.23265704557982697,0.41454788403383025,0.2167591576293229,0.19676906419007953,0.19351702099098925,0.1924191692324294,0.1921851000881281,0.19199280646205216,0.18997405637495451,0.1826124083849844,0.16538501667467262,0.1366498853939163,0.10427954183343582,0.08696823493215455,0.1035945459078251,0.16171033273834515,0.2567803571494232,0.3768731345387872,0.5076910298597511,0.6382887690716692,0.7654977211556941,0.8941010223172965,1.0328418502901682,1.186943428122786,1.3361143824582575,1.3414557927874733,0.8920818266035608,0.307187625671511,0.17043809721609135,0.3137427647205884,0.991021824737382,2.5389062765088783,3.8728295999104394,4.321851587920252,4.38653513730542
0.8783510165601464,4.796480519514358,5.137901897464106,5.331304536875443,5.333838640164979,5.126974622268588,4.71988603148068,4.137961385171222,3.4068863227855513,2.542353119258192,1.5471879438611833,0.4125460381911257,,,,,,,,0.09291173211981578,0.07772199535822014,0.3231676030639333,0.45528614032378445,0.5335516584985114,0.6143099836599474,0.7022260800323327,0.7976812920565058,0.9003080389169552,1.009001588616714,1.121689913792828,1.2350805186520604,1.3444386808626159,1.4434638288263772,1.5243486647501643,1.5781053510157026,1.5951988815630544,1.5663639356510364,1.482793411272076,1.3314347872988066,1.0676709822721697,0.5907923697460596,0.1443263310673582,0.060658970732767575,1.5258155275576744,1.2955979326467162,0.9124515726040161,1.5664271501767362,2.5633657194089254,3.6295280756860806,4.726881899163193,5.827483221462539,6.878957798357186,7.779610891669787,8.35472732834286,8.387442489558309,7.740820452597698,6.450032449063879,4.629466805211817,2.2971043357705767,,,,,,,,0.2167798539728073,0.39914148252255566,0.2200930732470084,0.19540665131788662,0.18718083209240086,0.18391056304461637,0.18678395205171938,0.19768299037101153,0.21651070778056725,0.2382419517030664,0.2514116041859017,0.24344852645963272,0.213806084199653,0.17985434542810133,0.162778938096582,0.17352346104109354,0.2149363478948168,0.2859684605036294,0.381602234412282,0.49465284106130075,0.6201919633158648,0.758470194900541,0.9140147458347716,1.0907551939379427,1.2757906289828669,1.3613672462141249,1.015614103586739,0.34926074085116476,0.18778100120484237,0.3416688106471016,1.0629406058729076,2.8059122371859235,4.442086620235885,5.030716296524412,5.1250466711928855
0.8804201591197698,1.3960154024373805,1.4794886918317935,1.564864163349629,1.6347487613105351,1.6652415325314853,1.6333379834064246,1.522915623631805,1.3259729630739407,1.0399868088099034,0.6641952652634217,0.1966648000339718,,,,,,,,0.17760866322347618,0.10181840320360061,0.23531918300600818,0.2993986323038886,0.34356668513584415,0.3893209025456878,0.4382305392347463,0.49033302353285807,0.5452980345714219,0.6023959040845639,0.6603870309677352,0.7174084436481974,0.7708838920372826,0.8174909903557763,0.8532259874023927,0.8736040326186266,0.8740100037593714,0.8501470881486097,0.7982911709004061,0.7139520550692988,0.5830209342336907,0.36503421947175263,0.12355801377892058,0.13454402656545392,1.4701203950809134,1.4013827135668357,1.5934584444501239,3.550886328190933,5.741070217001401,7.627785767935098,9.300503300054894,10.784667374023986,12.042182788354683,12.948756023982384,13.273649323696707,12.757716383884842,11.307787030953037,9.090075330452557,6.340849561329069,3.111910925916513,,,,,,,,0.22750561809802203,0.4261705219025613,0.22661048642831472,0.19717142508052501,0.1887244993045177,0.18947863031260512,0.20166576002793235,0.22730216808240836,0.263647761622219,0.29814397169307055,0.3070035411072927,0.2676913966062824,0.18595449818979778,0.10474338816035964,0.06633294210960683,0.07666452039152498,0.11970309220252315,0.1828294578755154,0.2606970113042015,0.3504688524911689,0.451014558716769,0.5646203036299242,0.6965935435771407,0.8494071594510619,0.9978691856495858,0.9838061264429,0.46499263815174824,0.0416506326589563,0.10843154658450876,0.29632334352121775,1.0355714358725412,2.9524985211653414,4.988589522526724,5.804617639252864,5.956212489005628
0.8824893016793933,0.5052258360420474,0.5354504483691204,0.5861153130833666,0.6473528070987492,0.7015234604949695,0.7289588500379024,0.713940816817103,0.647276625585967,0.5252303046659524,0.34688107505185123,0.11170480007990227,,,,,,,,0.49751597958546595,0.10769833430947821,0.14574277949105857,0.17107694848700508,0.1913105230333675,0.21192667649595173,0.233266819938312,0.2552715071895012,0.2777326177520916,0.30027188429053625,0.32230418072200084,0.3430044215700067,0.36128807568298765,0.3758179177078306,0.38505107176159925,0.38733787784391943,0.381075645924475,0.36490655371573066,0.3379397271164405,0.3000287816767903,0.2526123056239439,0.20413450468119748,0.20758763843065273,0.6272186296622365,1.1989421670947091,0.41582898910213384,0.6220869975993032,3.791437450259801,12.463309880467369,21.14204724077655,29.735608587682318,39.84297023066265,51.94171746367068,65.35495409445377,77.72701704795512,85.08493197762868,83.71993803237169,72.61497193123854,53.247143889592884,27.110406355036666,,,,,,,,0.23488356971990998,0.4214102664958015,0.2293515574292282,0.2003461215980224,0.19288139046900332,0.19583518505327796,0.21142405929988567,0.24149206687108607,0.28300905822781225,0.32275245925008594,0.33496358109797225,0.29258400374751364,0.19579165479972055,0.087868463954185,0.021347096986783505,0.012738197775714413,0.046077199041887125,0.1012794183061377,0.16664840480591925,0.23761453831589413,0.3144106931088382,0.40147294087973784,0.5065474004455118,0.6389097975211577,0.8082836866561293,1.017178232902405,1.1646213983016995,0.6825073535596013,0.28596368245129494,0.39244751710708425,1.1497438393858306,3.23996668904821,5.645434519947025,6.6851031299650465,6.895489760962371
0.8845584442390166,0.18859183120759246,0.17446031713739402,0.1783270122031816,0.1985322967582965,0.22781273288398834,0.2553679585110665,0.2700715483105689,0.26286507354458716,0.22746014756554114,0.15979549146831964,0.057048677784032074,,,,,,,,0.73509918085121,0.08359538322412972,0.08191400843718763,0.09208336801096308,0.10069669351909365,0.10929801283063284,0.1180248786505094,0.1268869296362851,0.13583203182302764,0.14473515877764792,0.15338231563327448,0.16145528168724713,0.1685211521136671,0.17403199363922783,0.17734077607034127,0.17773898886792566,0.17451786686672904,0.16704755895664924,0.15485196547646796,0.1376050593199727,0.11480897782621625,0.08526653048216822,0.058336263154654885,0.25988410187888766,1.7630666268377932,0.7275646494693155,0.2637440282020434,0.2951206382167012,0.34903875652000305,0.36076133399252874,0.3347922302877391,0.27850436431544895,0.19985595935215358,0.11216417660617896,0.037896369564986994,0.0031804504102211375,0.01860500166497782,0.06387544375442543,0.09795469335899781,0.08047324376546715,,,,,,,,0.0359633678552837,0.1566159674122443,0.2024050888570644,0.1899936019477541,0.18437353836727807,0.1886869833920687,0.20707692651147686,0.2442220230067263,0.3030757275816822,0.3799709142864781,0.45806662455415875,0.5065630082986288,0.49717921199692616,0.43143351854198664,0.34373360195395314,0.27095904080072225,0.229457248789184,0.21822007113459066,0.22970709977091291,0.2563836480709871,0.29384137739926003,0.3422036200604109,0.4055054054484629,0.487777503378325,0.5784292286485967,0.5890283556300836,0.2974336219986195,0.07079725625124458,0.12484607653409183,0.3088665597668325,1.0855349459158692,3.3346151443900762,6.239371542349595,7.631165996962032,7.940211709543521
0.8866275867986402,0.08239596993171053,0.04892663373292782,0.027986662738636935,0.020874549109220777,0.025626126566348776,0.037687302254249995,0.05133708675103675,0.06096662249978999,0.06169073976443888,0.04939369425973694,0.020526165094278695,,,,,,,,0.527900130120762,0.048105525224804616,0.04822425806394924,0.055837833018718884,0.061905784302326156,0.0684437295322541,0.07575760971175227,0.08399657289742875,0.09325607366098705,0.10356087493107724,0.1148337576278107,0.12685829402178572,0.1392400190936413,0.15137310365817194,0.1624229200363763,0.17133693664795888,0.17689506830743285,0.17780344871264644,0.1728188913814336,0.16085557275284498,0.14099425653761258,0.11328403198351994,0.09302022099739746,0.29285826092381606,1.6092686427269105,0.7999484683905083,0.2880059819845612,0.31716512477375103,0.41261391063871977,0.4978217047519857,0.5721025336569753,0.6408924879839112,0.7077685795841177,0.773182031488487,0.832367245487651,0.8722819076155132,0.8713934229108701,0.8047298818780154,0.6477466808334581,0.3723946025264859,,,,,,,,0.06029375493651844,0.08885594685460273,0.17148382731430234,0.17157115259248387,0.16976053034585592,0.17848214251455577,0.20308193385616619,0.24947531557929892,0.3232162008627524,0.42574681210933246,0.5481341601679723,0.6664273373332598,0.7477925732362034,0.7700977267072652,0.7372124406945267,0.6717631994675628,0.5967817649694429,0.5263308328436352,0.46630415938389314,0.4181566857886929,0.3822178681554805,0.360120233733715,0.3560341555275285,0.37683509927871023,0.43345111630727357,0.5464482013300463,0.7101911424712841,0.4909070603996845,0.22574046379616525,0.3499873205039275,1.1185762493691902,3.481193313897568,6.849594780427182,8.647546356687387,9.090262202351575
0.8886967293582635,0.0777607820057738,0.047352354619296794,0.024889521034332472,0.010715578007846545,0.0035552300126508373,0.0012875879749884793,0.0017666512943516654,0.0032729902587087024,0.004537295304780452,0.0045458560122594305,0.0023321808721135815,,,,,,,,0.31812881638736756,0.022261898755786845,0.03554842046763043,0.045929525012612736,0.054195793855760205,0.06383455125633697,0.07540961871763453,0.08921588148284369,0.10546593629880689,0.12425795118680488,0.1455148671833387,0.16891049945563066,0.19379003893356817,0.21909769114498526,0.24333078490427176,0.26454438367894517,0.2804293077193884,0.2884749367565519,0.2862005794336726,0.27138524872661024,0.24220945598383462,0.1988826521513539,0.1631275494698526,0.2509990052687105,0.7775602367031954,0.6401454298560296,0.40958027469021585,0.539446665982845,0.743223134685014,0.936370137514981,1.1238830637398582,1.3139729837564853,1.5065448767106515,1.6883063900706439,1.828090695661949,1.8801062370067485,1.8028820691324308,1.5785753780811467,1.2048903161800182,0.6670684899140703,,,,,,,,0.08335995875629927,0.12946981880373476,0.16309023477235268,0.1576608908050739,0.15623046627261403,0.1641129301893616,0.1839841965651426,0.21754581945893384,0.26349061122840217,0.31527048702267485,0.3626420605061319,0.4022398096165424,0.450255551241359,0.5302360674029939,0.6361814018623172,0.7274923207595911,0.7664127322613259,0.7426559715073173,0.6687461783218797,0.5669249524361203,0.4597671940535875,0.36574305398843815,0.29834586396287804,0.2665142382537768,0.2712371166210356,0.28880941325486026,0.3838347635145409,0.5801565996916128,0.33203720802437453,0.4209921696734923,1.2185946728044628,3.768998260446918,7.634239269483431,9.816833021163927,10.37381064559912
0.890765871917887,0.10200883997004695,0.0784410324463529,0.06039657987289424,0.0480559780746379,0.040698337759518595,0.03690687178411856,0.03481309939331012,0.03243890801938015,0.028038473558084524,0.020308898371539975,0.008432850463458225,,,,,,,,0.19877230111204275,0.008621355397621528,0.0331581571129447,0.047267930992784334,0.05897699053206594,0.07295579402638545,0.08998428699491144,0.11047282325934854,0.1347143290869621,0.162836257748557,0.1947117124384491,0.2298518863302524,0.2672907411660297,0.3054803131785998,0.34222438696619173,0.3746846702350718,0.3994901684131029,0.4129520460997877,0.4112699681408021,0.3900780993386637,0.3403721595631276,0.23708771430830855,0.08675299345638804,0.09066113958881317,1.346450703705348,0.9880906682376218,0.749315043664475,1.0723411535078067,1.4502146559107956,1.7731559304590756,2.068663202998557,2.359616311099444,2.651561602700052,2.9242763552912745,3.123127594186699,3.167267103476595,2.98867242774708,2.569826746550484,1.9271496319059025,1.0580804746439718,,,,,,,,0.09626000459586737,0.19123327901074083,0.14367940648354396,0.1280091483619886,0.1222214831230478,0.122322826724273,0.12858265184367124,0.13924832806088736,0.14755523023505443,0.14008814794855348,0.10249870980268025,0.04000122075145459,0.0006283181137533385,0.05531751468362742,0.22468897938601556,0.4458845008640753,0.6282506290907849,0.7158182934073378,0.7013681373270181,0.6107777035894928,0.48270301619140105,0.3536885125085009,0.2509379213540859,0.1909005517369713,0.17923417260479754,0.20043428957886023,0.18170319556180553,0.08123366570994156,0.07145485566454264,0.24383238647019145,0.9991604067947408,3.509364119524448,7.899633396876366,10.838118964197252,11.703292342672535
0.8928350144775103,0.13389491371726556,0.10660706838827172,0.08650194077377718,0.07535028400222814,0.07224144351107817,0.07388037880926986,0.07590132324818569,0.07424749383429453,0.06586144305248677,0.04867095206377596,0.021241292566473446,,,,,,,,0.13316899251025044,0.003589267902089032,0.033185282215720466,0.04942348824499318,0.06356791518762595,0.08061774785154993,0.10145717992250029,0.12656487012917736,0.15627962873814696,0.1907402992957853,0.2297789784060419,0.27279243482385335,0.3186047728956532,0.3653432549691171,0.41036014767245454,0.4502408060617934,0.4809336233581543,0.4980011511419798,0.4968365993040177,0.4719481355554962,0.4112110006431931,0.28100764541736356,0.09864350188246669,0.1287582053644207,2.034603595315484,2.1169686937319177,1.8149823264087162,2.461891725333956,3.16616770739889,3.7121657343426517,4.177395840636171,4.627102257522546,5.087433752382177,5.527932179350262,5.842544524353529,5.867413579596096,5.467815968170692,4.6247234184868455,3.4041694558962443,1.8465915418074885,,,,,,,,0.1392236763055819,0.13662819150427025,0.07967737775971825,0.0721602385577219,0.07074252410139971,0.0759800911557863,0.09106563578422527,0.1190152057497428,0.16086718443755973,0.2135818429205207,0.27089066310222226,0.3322965745889459,0.4151664520257952,0.5442141890006562,0.7132634549144414,0.8728944183286971,0.9665049245632321,0.9650798688166468,0.8730441369532099,0.7177769638593525,0.5359207699552423,0.3621998353582745,0.22335311643773995,0.13657304221814892,0.10642056229626037,0.11863287066994566,0.43043713833089803,1.1249330298639975,0.6135216141399432,0.5779968279473041,1.3834640067574793,4.194522778437396,9.074704556372815,12.298984329564295,13.233986715843862
0.8949041570371339,0.1455949700210207,0.11025713238015114,0.08454979740707391,0.0706225171816768,0.067265711754233,0.07048347289319584,0.07507227715080397,0.07614821097729818,0.06988115288708602,0.05347426608202104,0.024794175021874074,,,,,,,,0.09956010150442,0.0026767923026971264,0.03073291593176396,0.046449707287137404,0.060857712023118044,0.07840906460409743,0.09996686295965605,0.12602808905857643,0.15694918784134218,0.19288040071758716,0.23365489245122736,0.2786555143236645,0.32667239742752857,0.37577379521942944,0.4232238315396348,0.46548859908689827,0.4983691445351626,0.5172741902421311,0.5175602878570302,0.494552292145175,0.44174331442002307,0.3465248576457615,0.2306113730762509,0.32671190294898916,1.4580004879712136,1.7519879338553972,2.9247653478624454,7.584942666085091,11.326514968628315,13.355335862917745,14.844692526895985,16.203474951317652,17.514395159363612,18.62757107076649,19.155731879118864,18.60000939525428,16.674134361374392,13.531915118311845,9.568416528380343,5.035586221650321,,,,,,,,0.1676751949947128,0.09986369642854023,0.035007360861846484,0.03534834813173435,0.04545505767899814,0.06497019427524735,0.09874832271919957,0.15369305152848123,0.23754794839608442,0.35583959397796344,0.5064537248197193,0.6746585583173514,0.8349723030941949,0.9626493801227243,1.0451415095212475,1.0807914779368424,1.0688413765694154,1.005535486173444,0.8899038505746175,0.7308246700707128,0.5478858891766465,0.3661377871111508,0.20945266954219102,0.09578773507757027,0.03299928129889067,0.007928745300984731,0.011381361168987256,0.0747302925833833,0.04324313922028349,0.1970792444931303,0.9271615256400917,3.5081374579137843,8.810858784485104,13.166702652774843,14.670964255379785
0.8969732995967573,0.11595065730546843,0.07244638950432897,0.042542104865677687,0.029559070793364253,0.03222262867564619,0.04508719122613489,0.060648567363965504,0.07168197914515897,0.07255693550120261,0.05939308104030058,0.029584203574058526,,,,,,,,0.09106016371973054,0.0020772836418165973,0.02355056333725288,0.0361097823938139,0.04827700552148655,0.06337715028190068,0.08215244511672397,0.10507432415143486,0.1324958921167694,0.1645888826821031,0.2012427004778327,0.241942680337995,0.28563889067528575,0.33062532362614605,0.37445956800246377,0.4139603996579816,0.445318692653487,0.4643347565342124,0.4667197753563171,0.4481202868684545,0.4025359782947845,0.3180561453535214,0.2025685001310221,0.14701556387003922,0.6713062583763476,0.9621893257238592,1.9505207027230453,8.408313764483959,17.760740889214148,23.311935160133967,27.388993274830977,31.285347924394195,35.20433413667212,38.78064565009866,41.09203992154111,40.90115622874951,37.394783254289095,30.79598270225716,22.007833817171598,11.730585163241283,0.004018939671417616,,,,,,,0.12720358714219435,0.030773531471839647,0.021882938856413445,0.031087136448382787,0.0451314709969515,0.0675662357905204,0.1028122550434436,0.15620719191009838,0.2322180456401715,0.33025301718442734,0.43974275754781084,0.541782460486369,0.6239242990526077,0.6940594045709102,0.7679082124251889,0.8437565971459957,0.8995325939336478,0.908908813870436,0.856059526798,0.7422793837863475,0.5847505106293829,0.40991815394531145,0.24594982548170394,0.11777218029127012,0.04414300573258378,0.03983861247793962,0.34145107090709753,1.0225491329396368,0.6127223373408325,0.59550488903861,1.3995668538052297,4.344072004021668,10.21090572206234,14.840085757016244,16.388701405297045
0.8990424421563807,0.07314869101983387,0.02907972852563967,0.004761985709139397,0.0034816116704092497,0.021819181765568935,0.0507637596138124,0.07924882769458694,0.09765393265744848,0.09946332916756621,0.08111191147913523,0.040984083421871244,,,,,,,,0.1038451817034276,0.0005356486249703649,0.012295657603299226,0.01977485002562617,0.027599695840358863,0.03773956553187375,0.05075749833603022,0.06706723110823937,0.08700458336478528,0.11077512539633165,0.13837450613785987,0.16949100358254404,0.20339817599634322,0.2388524158429661,0.2740185211834834,0.3064525483670321,0.33316869813595185,0.3507875471673972,0.35562224073270793,0.34286838811924536,0.30120474126889984,0.2009908641878777,0.06568230655331496,0.1800173005828859,1.408581297543208,1.126922767587956,0.980416099915299,1.324030721659001,1.6310243352671594,1.8011749663159875,1.8734085994155498,1.8725661171551442,1.808545657690077,1.6835336943157668,1.5013856513436734,1.277592274589456,1.0390969387494602,0.8069289932756546,0.5781853004372189,0.3258780836025083,0.00888581845363753,,,,,,,0.05799541677281042,0.01602157934052168,0.03449998317462887,0.042266776303227206,0.05216141553544224,0.06790965902156154,0.092041907337373,0.12586291790763246,0.1664495096351027,0.20213813989390073,0.21255473590695026,0.18537821598064297,0.147837296812864,0.16805161261149593,0.29264538841984766,0.4927022814331371,0.6909187069611202,0.819926350043112,0.8498397741002478,0.7858412689854115,0.6548337876094065,0.49180067924714693,0.33040111971936564,0.19926826063223083,0.12531866493271734,0.15794593776890548,0.5015871944123793,0.7615957069934612,0.2642818111236583,0.27428513969407425,0.9725496170381133,3.621936353696746,9.697220882534463,15.550768770377873,17.85999126909914
0.9011115847160042,0.12574656820870145,0.09151441354656659,0.07574419524974703,0.08027656659483737,0.10032111848997814,0.12617326809332943,0.14699150625439839,0.15409389628535414,0.1422156003738287,0.10902226689261615,0.05394107070237698,,,,,,,,0.12570219446631278,0.000513778505338627,0.0017486986060919428,0.0037587268482441693,0.006507345851328205,0.010719244772580495,0.016770421439968666,0.02500228424680281,0.035725603039746534,0.04918387398445864,0.06550006323409402,0.08460898463064286,0.10617911593053786,0.1295325872230722,0.15357819563367778,0.17677772134057454,0.19716710094026957,0.21244427909172417,0.22009200249171118,0.2173201685752969,0.199917393951558,0.15962686237327336,0.11684674064199382,0.4545066028794903,2.0507112006261607,1.0895148631741225,0.44852488990330813,0.4326119548574552,0.48479971735187033,0.4995577814925826,0.4731773096486775,0.41105560707665273,0.31961643222855834,0.21032552590466932,0.1043880474636955,0.029913256431020895,0.005563316325661084,0.02326020319839967,0.051696836490713126,0.05502994767788001,0.004229658666836015,,,,,,,0.13228737942116411,0.10568860552018333,0.07815670503807484,0.08050844186268943,0.08570889776714243,0.09510000336964604,0.11035510476185091,0.13133638661619082,0.15315914806855818,0.16325433197583245,0.14534292124955742,0.09952813407123011,0.06770142402929784,0.11807343069308326,0.2766129334980822,0.4924511727336375,0.6855979628333116,0.8031636226363605,0.8316477933511929,0.7834354053058747,0.6821881480238225,0.5541812972993828,0.424213941879709,0.3133258560940157,0.2340909576074677,0.17752558568341392,0.22555431008761972,0.5501784733954391,0.3957763349177524,0.47606793140363385,1.2544369072488462,4.15591291416748,10.764268281563092,17.099700437282753,19.59164667827629
0.9031807272756276,0.27603125577642623,0.24538883845235254,0.22349609612589466,0.21393925674155673,0.21488073978403094,0.21977938302720626,0.2202033914618848,0.20874995637958446,0.18051138588704904,0.13302049126394147,0.0654385249288828,,,,,,,,0.1455490604081128,0.008308742299228986,0.003953366645315114,0.003378091907567585,0.003460236339120894,0.004326695497259995,0.006237269738963713,0.009474978996113435,0.014322559702449186,0.021038428701367882,0.02982225515240933,0.040768418120320254,0.05380832937860819,0.06864605900369584,0.08469628584778884,0.10103842159178046,0.11640392122789973,0.12921262746875004,0.1376661608611246,0.13989679957492612,0.13425779974218452,0.1211837040781178,0.11761656138351165,0.21775688833486945,0.6685422595906488,0.4679162549051108,0.22514050132301502,0.2230212360860757,0.24904892057142225,0.25463357472104076,0.23942835933339998,0.20806981320571538,0.16680899858573664,0.12542712207581697,0.0978341114763606,0.09671708589062072,0.12201528405495357,0.15456530619976208,0.1645082008377956,0.12409436234084012,0.011459617295190228,,,,,,,0.21156994159516918,0.30518310847380326,0.15745087126010168,0.14587955793427188,0.15169043119566664,0.16400204080383812,0.18430143326746873,0.21507335108107262,0.2569322566002543,0.30603650941326477,0.3538389517771045,0.39324170761829186,0.4276401814028021,0.46739883254635095,0.513409016313026,0.554959500925018,0.5840080026225366,0.5999766453917047,0.6030921844751919,0.5905773239547465,0.5597045145631401,0.51261935944277,0.45875560888373085,0.4161004494352632,0.4208836255870584,0.5866288325132905,1.3517545423714563,1.801001281275618,0.6480954424455119,0.4371524719020466,1.0984535273921576,3.8245356429954467,10.551270149510879,17.847809390679817,21.05285202725579
0.905249869835251,0.5745198604096392,0.579011609900084,0.5652260707015825,0.5384181205721156,0.5034652214825036,0.4624800704819834,0.4144207446576144,0.35641785209609933,0.2853981727601519,0.19900783597386681,0.09574630157559218,,,,,,,,0.15744125831787428,0.03064491697893109,0.04449635705434892,0.052818773830194655,0.05969925209661337,0.06763673992423622,0.07710259736044603,0.08839614252346772,0.10177157315137282,0.11741228136004116,0.13538180296036006,0.1555605255873074,0.17757183789566522,0.20070542936904975,0.223851106774835,0.24546180902003636,0.26356682126428804,0.27585190879787674,0.2798069727736787,0.2729027076462271,0.2527326083575811,0.2183259025386831,0.18495384282391283,0.22664930318913445,0.5444290026054565,0.35232530328701706,0.17263457420427994,0.1737537006399422,0.20125827983316283,0.21993819355825334,0.2306069039184981,0.23824233080968316,0.24825211751970883,0.2655902567846191,0.2923922840406913,0.3239289695413877,0.34658360941049554,0.34211761982143174,0.29449066912675365,0.19141709106822724,0.020593396219342697,,,,,,,0.11686860918346122,0.2683284143736742,0.18663016774827562,0.18062404251384803,0.19009375086543842,0.20773236389901154,0.23549225402422122,0.2764749096438872,0.33190185205036016,0.39691087139585074,0.45607285862584473,0.48488227821119045,0.4643825016195162,0.40096242804294197,0.32641341550038566,0.2744057075722501,0.26115312732823676,0.28391499340949794,0.32819409013153805,0.3761723423939724,0.41414756295319544,0.4368893251073398,0.4475647906538221,0.4530730044972984,0.45068787922161735,0.3879997235991437,0.17826057853489413,0.13981860891742143,0.18695098601353793,0.3432370440066424,1.0774201276084299,3.829858234357535,10.811046194408537,18.830294596536998,22.544956478965652
0.9073190123948744,0.923984452787509,1.1259126904689658,1.2872153452085386,1.3758157345895432,1.3756988242754826,1.2909545278621029,1.1395001879823405,0.9427125751899649,0.7179462439319767,0.4760128670598963,0.22191286235699173,,,,,,,,0.159546454041384,0.06422737573200328,0.16946338996624588,0.2283380451740504,0.2684906459222348,0.3116563568826477,0.3603438042364255,0.41514301097122797,0.47628046146448566,0.5436158287308539,0.6164934686140356,0.693562205662804,0.7725887925217394,0.850296426029705,0.9222728222226989,0.9830013178174831,1.0260668937709811,1.0445787786198293,1.0318825253903137,0.9830187571350092,0.899938962927766,0.8193304973742385,0.9777230395080215,2.4746192175306727,2.8921843648091206,0.6220721155963226,0.20771080871665532,0.20269826913098152,0.24647112111866243,0.29022195769829845,0.3336835438919192,0.3815095859000955,0.43663712084620937,0.49722211069210837,0.5534263436050052,0.5872074688091896,0.5794591695868134,0.520140676970973,0.40930049178632544,0.24812913403806056,0.030655097459821434,,,,,,,0.04353397998053084,0.18228347808835643,0.17727920647164405,0.17643645419331322,0.18591097628002626,0.20314431445203254,0.2301407804365098,0.2690781962134227,0.3191634344134734,0.37161055747014116,0.404776831278884,0.3886841330972076,0.30833692925174766,0.1895158873033288,0.08736255912996334,0.04305042309951728,0.061955920614088916,0.1255438536578855,0.20931707130471502,0.2930593120844772,0.36511277644238244,0.4232630796560499,0.4737019417735466,0.5315055759347498,0.6343890558787343,0.9246185027218077,1.9857953046381118,2.6298479273384525,1.0070083865340262,0.6011086400717873,1.2253192041971968,4.000429714772465,11.221516584949237,19.824883707138028,23.96454870281811
0.9093881549544979,0.74775636572283,1.0778116093027679,1.4468892442314183,1.800987136072079,2.0768660355032447,2.2219012739743627,2.207344265301385,2.0284117758301656,1.6952732703051692,1.2227684166093906,0.6234659287912948,,,,,,,,0.15860616707290162,0.0942199156850959,0.43341866345712776,0.702579916432602,0.8498192763292025,0.9988568200450689,1.1656066569063301,1.3521832046289883,1.5588144995058129,1.7844038806165627,2.0261127525752327,2.2788228709435,2.5346042298723845,2.782295238665377,3.007332257924266,3.1919668257198683,3.315880817574849,3.3564884218514988,3.284396426577222,3.0310073053745707,2.3682759798866435,1.1214531020004537,0.30936607910949837,0.18488562785338916,0.7382056768610643,0.5729533305033947,0.32301150316299143,0.34996537853238135,0.4388262338692067,0.5304353472643034,0.6256360832512577,0.7303102884568591,0.8452807362806678,0.9609550127726131,1.0532655124529324,1.0876882202635048,1.0364480836088772,0.8953718046609954,0.6790295962272019,0.4002486696520129,0.0561892835014483,,,,,,,0.004789852988497542,0.1717655387846907,0.16442607467647016,0.1611752528303299,0.16885331597246686,0.18329761775290968,0.20553092799262124,0.23641760284856295,0.27396625132852015,0.3096642790386179,0.3257229808372126,0.30027354377758886,0.22607036866540486,0.12791235424356462,0.04999645781514873,0.022222547090465675,0.04638307655832775,0.10732802822304531,0.18665122336579532,0.26971969526243683,0.3483549992591342,0.42114248105736646,0.49156300316489715,0.5628601152426909,0.621971531036348,0.584520828405498,0.2673916124001621,0.00034275425940159733,0.08044286041359625,0.25877037340375875,0.9452897655037175,3.529758605081895,10.590930432144974,19.96599818694862,24.989519267118578
0.9114572975141213,0.40953149813720696,0.6685025071261292,0.982472770732677,1.3093755286524376,1.5925499872794686,1.7778638046042896,1.8284565232808765,1.7290651879061973,1.4809446099437178,1.0934753106520847,0.5772175791279299,,,,,,,,0.16180825444116625,0.11155950799874371,0.83026901869883,1.8648604368229686,2.3546589939699762,2.791122508667202,3.273906766966684,3.813522001935364,4.4105341962029945,5.0612883144247665,5.7570686548136685,6.482634855905577,7.214778224652241,7.92122473231945,8.5602646227131,9.081446022351198,9.427065958867608,9.530673049406337,9.289298551985844,8.395661758549474,5.905914725596264,2.167875863744532,0.5133308543088813,0.14680431504399444,0.21987285007438273,0.31258263858173163,0.5020556688224405,1.340356255137355,2.1754572893665087,2.711537622524878,3.1694276951955933,3.635937500426317,4.119640555250225,4.571382890659132,4.879382968760871,4.897699719565238,4.529280764000273,3.7943108236862013,2.7935791804934254,1.6099321900692856,0.25081882268661587,,,,,,,0.01023336350377156,0.1191325610263777,0.13961021360933562,0.14338248928243788,0.1511758534401819,0.16410038259658652,0.18281416837157047,0.2065368540204898,0.23163576040238928,0.25043611831757995,0.2524891296340655,0.23067435586100124,0.18925484357021952,0.14384805208096169,0.11075498224315236,0.098990379040581,0.11128451266260399,0.14640652622463934,0.19977994149846842,0.2650409360934817,0.33704135942912816,0.4144451178501116,0.5009266770921573,0.6073075785434823,0.7659850021536823,1.116215005454579,2.2828316991942303,3.068889246411506,1.2636740012946441,0.7289785858307248,1.3160574181399445,4.088466603184901,11.597889637947352,21.273909834300294,26.325713377925123
0.9135264400737447,0.1988268598742,0.3771246771752512,0.59972158231432,0.8309717503500623,1.023725993774073,1.1356138533226061,1.142933460918402,1.0444012437955836,0.855630140299857,0.6002797607855335,0.3027156933993025,,,,,,,,0.1721746897360404,0.1179249738414926,1.2264074054443377,4.5179964522322695,6.265777013851646,7.501462563667849,8.826484137872878,10.30432409285368,11.93885578405163,13.719704898228894,15.622459730866007,17.60495898622792,19.603489854892832,21.52994467157246,23.270957467928877,24.689859377099925,25.630390884229932,25.910084462275336,25.23046192474118,22.6603685078393,15.515409248264476,5.590788599245137,1.6466111443514968,1.541936535790961,2.5049218953367425,1.6964198419260887,1.5833661354125157,2.0678430130365566,2.5000825742673025,2.7871122683189387,2.9788438812416858,3.099558331411681,3.1458451842343202,3.0912103625405103,2.8991436435422244,2.5523119557895706,2.081947901638995,1.5590551696749742,1.0466135716385745,0.5647134703449025,0.09325359484861562,,,,,,,0.05298849483622588,0.13131440909168376,0.12135140514496666,0.12367148166764254,0.13111725276229758,0.14393213935358576,0.16250242312246094,0.1849632238001123,0.20536317485050334,0.2126973785970393,0.1944315032615968,0.14737160087358836,0.08843168648422471,0.04687800969550532,0.03948490555793193,0.06141202238123078,0.10092054295947114,0.15130239146425084,0.2103129523012193,0.2767621155762818,0.35003884919985045,0.43128833797085153,0.5235494551412194,0.628508735503387,0.7323287706229364,0.7525974275564619,0.48897810149615895,0.10056105748755996,0.0645820456562759,0.21724056868668762,0.8569934268718188,3.2857714706552543,10.250424493919782,20.547557266715067,26.765207671047747
0.9155955826333682,0.07774297502508229,0.1682863903335305,0.2909949979680018,0.4232043319366568,0.5351646582511276,0.6009654048359628,0.6071565665545532,0.554339952630212,0.45294992256529043,0.31743824453381764,0.16189470317479918,,,,,,,,0.1897657866795619,0.11847849338904025,1.4804745601409741,9.772106368891796,16.84449299123698,20.59419374527012,24.295268216560906,28.39455842851739,32.9250898413212,37.85896491949674,43.127792335088635,48.61422784665204,54.14182872789929,59.46731141486054,64.277198223656,68.18545545831091,70.69433685149403,70.88290933933992,65.68605765442992,46.02879913153467,16.03430247000752,3.0186865688754163,0.6024983146296751,0.2835001441216639,0.5882366757755733,0.37064340119842015,0.2665552367271887,0.3212397685591317,0.3897546928792208,0.4408336967129367,0.47352862858836287,0.4860366532114792,0.47337033056667815,0.4296782815790777,0.35395056975374184,0.2567929715513395,0.16007911168705308,0.08465130646510707,0.037762668607064676,0.013568257261659035,0.0018035706221067823,,,,,,,0.06345231016247323,0.1837551572262831,0.1098546000719559,0.10120910947236021,0.10551201600464893,0.11711910859072784,0.1365775826755615,0.16314810881993078,0.19170512855962465,0.21022566598361775,0.20170475960975745,0.15621260724198446,0.08856744673505935,0.037706239950345784,0.035920355409564446,0.0838560178005145,0.16058854037345277,0.2455167493480989,0.3276566851842802,0.404638961553575,0.47967903245371585,0.5594825530034716,0.6534750843807254,0.7765362789383478,0.9670221325332418,1.3832046925184993,2.685359902073451,3.458179804638828,1.4560336539650018,0.8234265097299751,1.3702605535799637,4.087378733311499,11.66861380585851,22.100482936956393,27.968931357550247
0.9176647251929916,0.14778884192844213,0.1344850165863326,0.1420029948781498,0.16680671153187207,0.19928714040416504,0.2271078830340278,0.23961986801710627,0.23073619305078252,0.1992910745017088,0.1477208728865611,0.08034187342593473,0.0019810457219247273,,,,,,,0.21311986189058119,0.11765052029395748,1.5879724832604516,17.236127175461142,46.179155598745375,59.878749893642,70.96648161492259,82.98169397575205,96.23250896852555,110.65246766060714,126.0410196111777,142.05437648620727,158.1776920714619,173.7021959885215,187.70841530674898,199.00976222955387,205.7241718605786,202.5673209913009,169.6827773127293,83.5432632261681,18.98137056370817,3.0197342530222024,0.5567539635016108,0.1271068432168154,0.03922051519345683,0.08433144158720222,0.09888006130982954,0.23058185847449006,0.3617753468504502,0.4357297276346684,0.48216346223490275,0.507847007956462,0.5077621560945887,0.4739301141399231,0.40259350935008276,0.30241298227370994,0.1959004040968347,0.10742475170310939,0.04858417021627635,0.016460967943740544,0.001889370836333925,,,,,,,0.02768989192640155,0.14341768217004525,0.08860285688120421,0.07625792231571828,0.0754142522335859,0.0822846371400549,0.09918581830117468,0.12901964679272246,0.17278141500090172,0.22623160779934862,0.2776657956364416,0.31257422325291434,0.32744887515389054,0.33866510017707624,0.36901450980505873,0.4263004030209804,0.5008677191036138,0.57787872849622,0.6472767224093184,0.7069757876827294,0.7619074918687158,0.8212179409535061,0.894806649577034,0.9885893434938346,1.091179073409312,1.1281291446368376,0.9395102435673658,0.466262251199689,0.15787830353785065,0.2216649945401014,0.8092374965316013,3.1018328268351762,9.880206334748172,20.688711940828554,27.84390121757937
0.919733867752615,0.900275613652583,0.853022449213534,0.7688737320971766,0.6585407998850796,0.5375151768657426,0.4208316457965219,0.3183382684525697,0.23319575158909955,0.16344537893334463,0.10471083174360857,0.052417419212340256,0.002989975645487281,,,,,,,0.24154897752871277,0.11855481400082023,1.619479192798137,23.24253066777615,117.05963140216335,178.5346845233013,214.41772698934636,250.85509325485836,290.7963451269069,334.2066289568507,380.49016233710074,428.61061069804816,477.02097927646815,523.59288356486,565.5331111507842,598.9895554944152,616.3761674483701,591.1257155415409,436.43245003642886,161.93603779870037,30.850640450555417,4.826158701018284,1.014085040642006,0.5089814539655811,0.22967303708960515,0.04801815317661097,0.021647935286185877,0.028050036514298687,0.034303953554488655,0.03621832626879581,0.03693233023849612,0.038659074496182215,0.04409241542635378,0.05703064146501732,0.08141759358945742,0.11777754157367923,0.15858713186490997,0.18798719099031938,0.18760293718652454,0.142001472008973,0.03877987684006657,,,,,,,0.06295812291167023,0.14406032821293807,0.07328224867396922,0.055766131593723386,0.04768739378384362,0.04524283618315463,0.051536706608512235,0.07222299591243617,0.11511907021366502,0.18880993431620588,0.2986714969269325,0.4409276514272275,0.5998967441771209,0.7546351834854851,0.8906277741438949,1.0032755147553567,1.091869593916042,1.1551985546949872,1.1934443315627699,1.2119261664414802,1.2220341572420048,1.2389542993793032,1.2791714169691586,1.3626894932293614,1.5319321375372565,1.938355712258672,3.0935782263268385,3.4027732638241175,1.4524831751251173,0.8522055629327342,1.374634090300157,3.991016431529076,11.446921884895662,22.30472330942635,28.855623964968665
0.9218030103122384,1.4437797139566948,1.5768409472528981,1.6175043180696766,1.550665267548863,1.3860637895669032,1.1550513797322792,0.8975731292495542,0.6483860931680883,0.42970887252919826,0.2509516750046441,0.11224494180720082,0.008574957487210048,,,,,,,0.2800186647850525,0.12372643735398663,1.6340280520670174,25.685026746849534,208.3449032159312,414.6882855501764,512.0647914130592,599.757734342855,694.6819765786283,797.6387092505527,907.2733537654151,1021.1249128303893,1135.5173904118074,1245.3263231586573,1343.3002983912982,1416.1630579971313,1421.9239285641609,1202.6141623740689,592.8384197302606,140.388696414267,23.264771245535037,3.620193400663253,0.7459372043667352,0.3395473195739024,0.16305307954963436,0.02257448662640426,0.024906227310791892,0.03770642463085642,0.04973029832732322,0.058525438120725644,0.0631972562153462,0.06229239259244827,0.054366233007283916,0.03947027555134733,0.021098621639944828,0.006498275429975635,0.002599130642345323,0.009698201042050294,0.020056807078104782,0.022732420261634852,0.008379887365798646,,,,,,,0.0665829160110794,0.11067271183645844,0.06386845680948369,0.04639923942572822,0.03288377934185426,0.02154641011263555,0.014715692645726771,0.017091750717140905,0.03699419697258317,0.08810082848730617,0.1901218254109602,0.3644235067323007,0.6198886168670684,0.9350902534659395,1.259269175680864,1.5387891113930978,1.7407431676691298,1.856151224631579,1.8939791613951493,1.87566254156428,1.8294605931257226,1.7838565480719857,1.7621436470015117,1.779398888556784,1.8376884051342828,1.9065783155490463,1.9121999407336614,1.2660208269226505,0.42256316059531046,0.29846070626877136,0.8148534261281938,2.993014224400986,9.55757318801731,20.545943658427394,28.314289261233725
0.9238721528718619,0.9894226220164531,1.157077557494974,1.2664839239339925,1.2915718307093877,1.2247761659514864,1.080117597563112,0.8860840980715066,0.6739989600674804,0.4690856009889068,0.2870884475690641,0.13510689532966416,0.014149968166623332,,,,,,,0.34767604485866116,0.1363638200103531,1.664873019556925,25.802141533713677,208.74843122976222,417.02972524950627,514.6760480688285,601.9333620894488,696.160664098153,798.1944164840452,906.6781919311147,1019.163680948508,1132.0142664031162,1240.1764318165929,1336.4843395815224,1407.6134927315595,1410.5209912336788,1183.3850960363748,570.9655404181126,132.71289030168052,21.828657199377833,3.3839354012763825,0.687121447318256,0.26530862939973227,0.06742055599921455,0.05581560073316055,0.052962837508461806,0.06475203234663186,0.08204535775747826,0.0970937793891476,0.1081421001623156,0.11354211398232641,0.11128626372344899,0.10020809993836839,0.08206807069814578,0.06271472172037047,0.049298686479985546,0.04426742397318652,0.04255633042321647,0.03479700020310821,0.01171858195626183,,,,,,,0.015598109373257018,0.0721205988596263,0.06512142023110956,0.05024818083077266,0.03528897186686303,0.02074865760363525,0.008281839166658329,0.0007995737863807816,0.0034650761999079397,0.025659332899383623,0.0847265022480157,0.20979094042213783,0.4357635822137158,0.7763467943837244,1.1948695428326408,1.6140677894211046,1.9584085313559134,2.1847160143094744,2.2873188691261217,2.2895753777477665,2.2306427000904496,2.1521938134867162,2.089485482468957,2.0693803799824404,2.1165329154283827,2.2819683943147604,2.7551847088314703,2.5324795448278143,1.1684210816411609,0.778660546260942,1.3057540719991452,3.781292400766749,10.944922852559655,21.944560095680732,29.053178142886082
0.9259412954314853,0.4395077209401002,0.5509150120091065,0.6407726068553622,0.6906150961647467,0.6901199595145394,0.6407542014628855,0.5537691227943424,0.44461523055186103,0.3276620734671866,0.2134289958149132,0.10819750542491167,0.014882322459452263,,,,,,,0.4852032055422765,0.16241109367099912,1.7287788038480043,23.504103647573285,113.02130793617333,170.10843213494954,203.20763527917555,236.58609445040668,272.9831721267743,312.34923768269215,354.12066551288336,397.34543610009064,440.62784630945015,482.07003364853756,519.1907521162357,548.5066323624552,562.7783915006123,535.9655654032327,387.41286451807787,140.36015434527235,26.937791988040512,4.3155253296852365,0.9111536029862292,0.3908519681046166,0.19786871265378003,0.17049824518169826,0.12008395892311677,0.13134143118536815,0.16420561800854092,0.1989916586406435,0.23314146291010046,0.2657812946726327,0.29483354423210306,0.31673665117554495,0.32736831770938896,0.32389866626626296,0.3058897836911728,0.2735736833047071,0.2245385210074147,0.15216086432378273,0.046084371887153565,,,,,,,0.0025607909284495376,0.11115731515321021,0.08601363487570285,0.06804986948545488,0.05419170255182927,0.04122462599233236,0.0299499872803362,0.02223882741200987,0.020777708211129044,0.029561767759964924,0.05665273626516304,0.12067564209148615,0.254235032256085,0.48697047381125913,0.8117078128743384,1.1749735941747472,1.5070216210681089,1.7558365081594351,1.9008835372196131,1.9508260689497086,1.9337133897734382,1.8852398824291043,1.8402916960194338,1.8332099891268867,1.9173337162530635,2.2377100516908057,3.0842970910695025,2.6618361985956,0.9326753112723081,0.4773714959812967,0.8867369545359907,2.96713420247449,9.323852274666583,20.254890861443283,28.321374257428314
0.9280104379911087,0.45589960622767006,0.6058974490732641,0.7494779624954127,0.8620530632048012,0.9225277848860718,0.9202018935370613,0.8566564315831845,0.7424126670141495,0.5915798189364959,0.4176172964948619,0.23128538635226303,0.0403168578991711,,,,,,,0.7308031776392435,0.2147840291577115,1.8198071722756903,16.7791097761795,39.56831474031723,50.03403496463567,58.70288587343585,68.04356430246429,78.25725589207717,89.27673907275826,100.93613858803081,112.96606332096118,124.97585572645298,136.43956144813288,146.68527390850844,154.8526082265894,159.58554825599305,157.2155497220995,134.4831481091067,72.61227239223008,18.87148541752351,3.365885856474614,0.7169664856402962,0.25701405574471625,0.02359248596600044,0.08344377022182771,0.2017751680836486,0.4079839706907382,0.5949085397969227,0.7576042899560339,0.9289407425331366,1.1232268412023398,1.3423150133140236,1.57267224067534,1.7789388810747355,1.9062124042119453,1.900697727775166,1.735509697102564,1.4118907356270347,0.9343653889072279,0.2867557476442147,,,,,,,0.0767406828774765,0.16242917479161512,0.11261481780252747,0.09420837582851811,0.08264738896680393,0.07171562122201051,0.06100533246580551,0.051085848493355006,0.042925092140100034,0.03817317574027642,0.04104793797664026,0.06303744830043712,0.12642233734303795,0.254627843726928,0.4493190833444656,0.6809637441305716,0.9059124997761859,1.0883516000211502,1.2103539290782472,1.2720980052576927,1.287372530103368,1.2770787554531324,1.2630116546111714,1.2636199767088772,1.2925745697439674,1.373313137135656,1.653962026732252,1.6615009816461608,0.876032981154496,0.6649398671235686,1.1917983749433054,3.500354236459373,10.264241940197765,21.176745362053996,28.714632842058613
0.9300795805507321,1.4570536568512231,1.8075015910985495,2.1283935396183433,2.3651705789858664,2.47229208480265,2.428201131336182,2.2390227303194288,1.9306990328791582,1.5367690581538536,1.088734166649416,0.6113829621696633,0.12202238182812679,,,,,,,1.0182138552734399,0.32000719353750695,1.8401633309523133,8.185293827422665,12.149771067915152,14.461484841739873,16.804279195869324,19.37165356506979,22.171027738016925,25.178309721313,28.346234516591185,31.600059921045418,34.832824822506204,37.90218055414012,40.62987207616319,42.802896278116926,44.16323925345877,44.307059083430104,42.101220387981925,33.701477229174344,16.136029101120222,4.028513300864156,1.0713595985171989,0.7987393989087253,0.8163307123446628,0.6853475058173547,1.2541513783849316,3.676704822495253,6.420673175107782,8.046454468086768,9.26462526633953,10.412655279460568,11.536364614360897,12.537117379108883,13.191736952065094,13.210559268350126,12.3845923160291,10.708173478522825,8.320656496085762,5.324599017398734,1.658235851536069,,,,,,,0.2174150785579137,0.2757910684533676,0.1422909949782101,0.11835262178440636,0.10735729554795348,0.09594555707973605,0.08199168749937506,0.06475651218864052,0.044369986449562984,0.023052252639171496,0.007425373624436405,0.010847675274912889,0.05175879949053681,0.14357371594030344,0.28202901043816236,0.44481194413996583,0.6038497547207767,0.7364547270073988,0.8297775744997006,0.8815315831630101,0.8987858830154956,0.8951960478608622,0.8885228884794277,0.9033926012124831,0.9947035008486196,1.3616749199063258,2.6912693807273795,3.4096400197825107,1.5084275066797557,0.7484323545380267,1.0246524161719062,3.0158714064821885,9.178562693772086,19.897040575810767,28.009664109104804
0.9321487231103556,3.3221886303141606,3.8955356422355294,4.362953951825224,4.63744914000022,4.658833745473397,4.414609776817857,3.939183366083307,3.2950375263247165,2.5501116402474215,1.7623860590840814,0.9739105829896426,0.21121835812255255,,,,,,,1.1901785801739713,0.4943057222875679,1.4752451180803836,2.958374983999722,3.6407281821744304,4.22807434523962,4.862633446969117,5.556591574810051,6.307762939059677,7.108617492952418,7.945771539345242,8.798709065973268,9.638630051742465,10.427765109787865,11.119484098179386,11.659369382671034,11.986393146934208,12.027779407297471,11.652346898924495,10.431061073599261,7.191382159118859,2.7317312058656182,0.8068969446286295,0.41756784467516744,0.35481286072322776,0.5537891489488974,0.9074674863920286,1.5726054438755446,2.029784509268244,2.309861967126174,2.529319525425866,2.7298523985695806,2.9224421037159187,3.0945032503615995,3.2068998552574453,3.2008651949988587,3.0240312850066213,2.6570332330056208,2.1086926512138597,1.3840066821561778,0.45726585996922814,,,,,,,0.24075390060022808,0.26614698711033613,0.15047292978835666,0.13117539125496894,0.12111179870844163,0.10880197000942182,0.092220167924383,0.07076417319699665,0.045619111434621634,0.02182797381066509,0.010838107641220143,0.030720119004432382,0.0992911650085235,0.22046815058896552,0.37674617879529526,0.5382720909608416,0.6777736932271512,0.7776787397241336,0.8306888566352422,0.8389578955112339,0.8124336597038285,0.7656549022757679,0.7138715457223394,0.6700246864716162,0.6446726328496105,0.6647562165384129,0.8902865333205318,1.1091422202768522,0.6753889677987015,0.569975915954428,1.0812422823928014,3.222679879705014,9.556769944985835,20.215491535161004,28.03277206405924
0.934217865669979,3.220904611496399,3.511246767913279,3.6839180933144755,3.692378172410248,3.5171967174700005,3.175071792932709,2.7111174934536484,2.180805158323063,1.6331268705060427,1.101697685715649,0.6035568888271026,0.14225478911691672,,,,,,,1.2262436800007248,0.5670452410237904,0.7210345462341129,0.9004227787474058,1.0346292834767332,1.1756085714579372,1.3283927282699382,1.4929740179086015,1.6682691866806965,1.8521385343193313,2.0411285275168813,2.23020760739212,2.4125554805358917,2.5794681220753968,2.720443981754926,2.8234741581470986,2.875317722616057,2.8603576758331233,2.7510416849157435,2.462828574800727,1.7771768984879837,0.8176875565949554,0.31814530427600507,0.14335568208773264,0.00152381027538028,0.09452802737172417,0.23381365924029432,0.4659923183428626,0.6227511029644168,0.6943116844806568,0.7282152817364471,0.7412796665591767,0.7390841236193982,0.723744094685236,0.6959315327271036,0.6554542876186691,0.6008486496083313,0.5281042890806059,0.4295315436191061,0.2935276356440059,0.1046180494181058,,,,,,,0.09271695319394839,0.16400997702473755,0.14074126711488433,0.13085164439729577,0.12299119522062138,0.1124526317652252,0.09863199080160705,0.08219342624791713,0.065727196724454,0.055260890505382965,0.06232325881767418,0.10506072012126913,0.20332403536012902,0.36346995779434,0.5639429936685662,0.7615070069175583,0.9135766971385264,0.9946564770062578,0.9999929312936594,0.9418577317319703,0.8426511162903584,0.7274870958917184,0.6195103108064642,0.5417744781490741,0.5355522785401522,0.7630114626366646,1.9975605477498635,3.444421135486251,1.9224919117277834,1.0431749513651265,1.2021745085757787,3.1063096594290696,9.076444042231104,19.489205053016704,27.48844552682761
0.9362870082296024,0.6696096230302997,0.6912820475906937,0.7171825137660848,0.7411882442787389,0.7547156034256679,0.7491094051869116,0.7176436455635905,0.6561976884605762,0.5627194074357809,0.4361967007810363,0.27573220285739536,0.07992968215926786,,,,,,,1.2106318672298435,0.40773388674475414,0.2393866237793003,0.24299372197314428,0.26561499857587384,0.29090506660013865,0.3173082513629592,0.34451271133695094,0.37219011630683424,0.39985354855288746,0.4268182101044852,0.45217720771588993,0.47479121802247587,0.493299908102107,0.5061639758713375,0.5117450473329278,0.5084276230087205,0.49479098164738816,0.46989372501793525,0.4340635241705083,0.3923301226570812,0.372005737234205,0.5228422375160288,1.6463608084149752,2.7699448816448498,0.9846380364000347,0.40618484281911454,0.3470292133324397,0.35947426218270373,0.35757106203361144,0.3332822518285316,0.2891644744624262,0.23037242153473045,0.16592936565431612,0.10986177285497252,0.07752514588744464,0.07581702984594484,0.09512301753194741,0.11272136475413992,0.10358359519232632,0.04705803753866636,,,,,,,0.02848363499037766,0.0794924659313741,0.11771181530175208,0.11478595888717769,0.11034559667542675,0.10472432163695729,0.09862769474079139,0.09397329543420047,0.09459458071174306,0.1078305145967529,0.14761440211132573,0.23683007292097982,0.3994395701938997,0.6354067760593993,0.9005185557582696,1.1243319744131204,1.2510301655181923,1.262036347753518,1.1725261119108457,1.0167311452422119,0.8329242392805154,0.6527309591220813,0.49631338211773113,0.37243947888712614,0.282913912242016,0.2490540226029686,0.45810711573001167,0.8641312975564259,0.6044738171573072,0.5285946310183399,1.0077650853166942,3.000413725520936,8.93373958142794,19.24132222495101,27.183365118189574
0.9383561507892259,0.13081430319879211,0.2261766835133749,0.3547201626360418,0.4983204869163434,0.6315544187539117,0.7293453817376584,0.7738071398963177,0.7567130326526758,0.6776768141803127,0.5405067521095165,0.34993437961374485,0.10956674353982024,,,,,,,1.2040241816399675,0.26194129442547415,0.0787042320798716,0.07534383377025677,0.08069559405775555,0.08647165575975066,0.09252802456660096,0.09887936919343594,0.10550813559639127,0.11235002727441522,0.11928271799640398,0.12611433997928118,0.1325738282883604,0.13830583250154777,0.14287329939770546,0.1457702342839317,0.14644291015555733,0.144297393104755,0.1385727246843332,0.12755182732016324,0.10643345638111157,0.07537610428374762,0.06187063987627497,0.1077676241048883,0.4259064573998154,0.4756484689550474,0.32631179045644254,0.3030688773070699,0.30632848976439814,0.2897321838636618,0.2511148429376335,0.19503377781886147,0.1288844988821809,0.0647186421320465,0.019532687886679008,0.009453086574617282,0.037863782488811344,0.08785429076085552,0.12871419111980298,0.12905451815407115,0.06312701316490497,,,,,,,0.07542253328832584,0.06819451771097837,0.07863194815306436,0.07760065110324374,0.076274914697786,0.07580848867289165,0.07759399225344556,0.0843209758936515,0.100955711991513,0.13680616677332869,0.20842746241562,0.3386947889879693,0.5420235495727501,0.797341916852641,1.0413134554744619,1.203809134562422,1.248883866806563,1.182710800377563,1.0373877771118876,0.8524021076880002,0.6622815983580387,0.49112761479028916,0.353108436893576,0.25783335145714614,0.22354988995210692,0.35310696126318525,1.3453058444777082,3.0976472381082503,2.128536769999853,1.307761636266541,1.3958134160908557,3.2131006248846963,8.98152902604508,19.037505196107233,26.84132182846628
0.9404252933488493,0.41164619581293604,0.6522719471897451,0.9216590508507928,1.1791166185600555,1.3800579781642273,1.489982268082767,1.4928934452387492,1.3904491016335685,1.1949679392561094,0.9217137806736697,0.5836837437488025,0.18929327739880825,,,,,,,1.2321348167683424,0.18669214975844547,0.03652784382338888,0.05609917244844086,0.06884420084167463,0.08056734844308229,0.09391724012994293,0.109321061187607,0.1268920345832288,0.14660954304882357,0.16829717027896868,0.19157682239531576,0.21582137607583654,0.24011528990185843,0.2632330131181449,0.28364167201010054,0.2995069081987386,0.30853199925177033,0.306721193667399,0.28226139077842405,0.20249687774391972,0.0749272025359428,0.01627833395770118,0.052338092713798225,0.06136253412670186,0.1766550908771648,0.28770290194174464,0.39968949995650976,0.4468743661874256,0.445346336098693,0.41635029428362375,0.3704401150755302,0.31662466333229144,0.2662793684714914,0.2332330660993335,0.22837139927323677,0.24999275617517758,0.27887149721414556,0.28474729649504704,0.23677923971939682,0.10727541042836733,,,,,,,0.1865018236043935,0.10465389743988765,0.038752372846211705,0.032788310584555405,0.03453114755296509,0.039794547967929576,0.04952567012724133,0.06609514397204391,0.09346946337954395,0.13815719582910924,0.2095601844222167,0.31636407762366014,0.4559660240408962,0.6043505477689769,0.7235501952272347,0.784764526816802,0.7818437545595733,0.7262180884253014,0.6361129905645768,0.5292978940987573,0.41979741922630814,0.3169670476416953,0.2257946693115158,0.14744415802176394,0.08085824139476709,0.04597299258162424,0.2563094727313852,0.8009310511570474,0.6324085422940665,0.5503756227076748,0.9878138318373555,2.8563830398941827,8.445981663917882,18.36322680190153,26.29485618074597
0.9424944359084728,1.2790733517485275,1.7228106672226915,2.171512247291465,2.557463910792383,2.815584413669171,2.9032193375605737,2.808869497997397,2.5468778340526756,2.1446404657093456,1.6306158161089688,1.0271540954728264,0.3479412447241922,,,,,,,1.3055695360214086,0.15326266214888545,0.024025182586925303,0.0645972500590493,0.08650406711105418,0.1058118784992846,0.1278077546641008,0.1532696410271913,0.1823704451639436,0.21505854489011197,0.2510316554777038,0.2896646083544952,0.32993436872960874,0.37035810486384224,0.4089604311214286,0.443282913801312,0.47041837903359285,0.4868856581966231,0.48730868214775563,0.45709499039469037,0.3492487857045333,0.13153741981641587,0.0007855225452263214,0.5620835024344201,3.900395921733613,2.700603920449543,1.316760979222635,1.130766949837008,1.1846654908819045,1.2302565829856094,1.2462670035255872,1.2412311982889788,1.2235978103279372,1.1982263161652331,1.1657080177120491,1.1214652044952256,1.0553812680974606,0.9529495556208252,0.7967434597011743,0.565939889703664,0.23362827920508003,,,,,,,0.1657188869852148,0.0450216287019174,0.013622167762853837,0.019746425826255003,0.03268584973515645,0.051882301674443465,0.07860734584491808,0.11444308665186698,0.16070546025062904,0.21731098407195593,0.28041211075711875,0.33940037350515373,0.37755603432827795,0.38166494700422404,0.35453028998371233,0.31420601296721273,0.27965465929467986,0.2592076823675819,0.24966725846868676,0.24190112151689327,0.22724282887570144,0.20165634212329214,0.16735601874848083,0.13414797572470236,0.12812960567015938,0.2632276139720448,1.2174645984888954,3.0036189816732923,2.2533187789876714,1.5215172194210353,1.5861677860406849,3.3184875314667575,8.871912429024361,18.550549295400927,26.131840660274502
0.9445635784680961,3.2905216954670955,4.122676180661084,4.910274369334841,5.53466725619249,5.890356170877472,5.916483426368876,5.607719433282599,5.001868294318724,4.156578975479067,3.128944127895054,1.9639784337129502,0.6910086253157987,,,,,,,1.4245568002454871,0.14579304602765958,0.014810178086481707,0.058854405661534166,0.0820911231497003,0.10224987922149241,0.125273404397028,0.15203522580621937,0.1827315818776367,0.21731882120824872,0.2554896234577939,0.29659696136439223,0.3395744713394312,0.38286976560802777,0.42440576874806957,0.46157400246659686,0.49118927484672126,0.5089442672260696,0.506037896799294,0.4545625558494562,0.2923617336475726,0.08416165482309226,0.016661393268589474,0.1795004569392067,0.612385700755593,0.7225032593026116,1.4136460648787326,3.924200896859711,6.239070149074781,7.089573146353134,7.427242101072322,7.61135076901248,7.706549125764707,7.685395440520668,7.473991721260465,6.992040780986536,6.207874090857565,5.163226468451434,3.931596329667878,2.5513406601933593,0.9923064571478916,,,,,,,0.15679904399871594,0.10120005058199308,0.06803319127787,0.08814323785060581,0.12341154638595131,0.16861808030051498,0.22227352320774432,0.28131673429407705,0.33868180363683464,0.3814408117353296,0.39134834646968353,0.3518378292287947,0.2624152912487962,0.14896307491644925,0.05281076996726724,0.004616809960705344,0.00957881072828344,0.05230451555085327,0.10915339338245961,0.15853181453668558,0.18686529072094973,0.1901616179615734,0.1717568544146591,0.13705669845564625,0.08517990994736231,0.012902714419104233,0.11667578650978047,0.7470383517338096,0.7048101398534955,0.6222698933351748,1.0189687963439722,2.7844811041581643,8.085943574852454,17.61110646604767,25.438332871660553
0.9466327210277197,6.189273136933124,7.381920238555455,8.399587827846057,9.071189292099826,9.270453314372478,8.956427357246321,8.17600361233441,7.032445699915327,5.644067937963475,4.113881489613061,2.5162227930663197,0.8960144274625992,,,,,,,1.544646411627221,0.16326363747332553,0.004149130321324253,0.02893884077353966,0.043001158414832964,0.05538254941467272,0.06990289461908916,0.08719482937200711,0.10745655653566392,0.1307271426579385,0.15686509572668594,0.18549114997379457,0.2159269428055475,0.24714099855205512,0.27771347040115607,0.30582693252744203,0.32925610946313866,0.34514504330308565,0.3484618682923591,0.32468554687929213,0.23628365128809822,0.09724740650214882,0.028829878195674525,0.04286443885453864,0.30324814560824387,0.5968874216334923,1.4763133313274317,7.372789329927335,27.47515937927732,47.89910958463972,59.06185256748542,67.12356759588097,74.24176102650173,79.99804686841208,82.9450911201243,81.41009910630048,74.51501547971232,62.81900547382213,47.80789695575931,30.753380086228034,12.021250268755603,,,,,,,0.18562024518803377,0.19890729535853238,0.207053484132715,0.2692891562609715,0.343360978994325,0.42493937439017043,0.5090844160522663,0.5865472864110546,0.6433321269357766,0.6620533896821056,0.6275465894082749,0.5380711863862001,0.41595878906293676,0.30271994394921115,0.2344111910537707,0.22041591896068088,0.24568216954377436,0.28619076843411434,0.32106173743379945,0.3377550156021858,0.33293620045510947,0.3110406084217581,0.28236322666318053,0.26416800484513386,0.29563394333420095,0.5292808384228085,1.702620452868947,3.566454543611852,2.635741530749568,1.8229154051520573,1.819971727656563,3.445898913357967,8.768552688157628,18.063294431434727,25.41601729140376
0.948701863587343,3.7014044809300612,4.014415806000817,4.19976583152673,4.224383028053283,4.078081327641917,3.7756050527520966,3.348641190494931,2.833605305604036,2.262000680928441,1.6561286729856333,1.0290415371438077,0.3864380763409116,,,,,,,1.4775195356282032,0.21450803912790312,0.008646707059056905,3.0672983482881214e-05,0.0006830062959360562,0.002205136769888097,0.0047582681410299485,0.008561869435130948,0.013805583762646465,0.020643405759932624,0.029171137829982857,0.039395833660578,0.05120043635027993,0.06430704519772189,0.07824388368748271,0.09232157129147205,0.10561768473298905,0.11692708695260794,0.12443112716586899,0.12411523274397492,0.10790218187741782,0.09589970056203063,0.25780239813475214,2.239353321359197,10.023290348730573,9.599817266291883,9.10315821469415,10.496935253814458,11.987692560799754,13.166045284153236,14.148917852464706,15.026354346302703,15.8015443268351,16.371795611726295,16.530428531017485,16.032985227629272,14.729980882351642,12.654403324101741,9.948466887497291,6.696445683292274,2.812871138872192,,,,,,,0.12876250502282194,0.38360801801335354,0.47817576227174896,0.579537026042659,0.7042562083431689,0.8390224826663198,0.9733882924145804,1.0936765082711415,1.1823160018824983,1.2201208652773772,1.1927133040549474,1.1012597078216548,0.9706312574366076,0.8418029063564328,0.7478821680079931,0.6964435086478066,0.6738484433927399,0.6602259696892254,0.6403486666066565,0.6075345499516119,0.5630007780831127,0.5128173847566039,0.46351835784497414,0.414907829336282,0.3425079627078101,0.17826140070024651,0.08772040918545697,0.7584702754359223,0.8331770955578002,0.7450465742745078,1.1015257986319256,2.7777911735714107,7.834705303591472,16.98141122272211,24.647189353356175
0.9507710061469665,1.3447248523974056,1.3598623135302017,1.3450452291202197,1.2989560492209662,1.2232797515460165,1.1219240620286064,0.9993273769444171,0.8589700779700716,0.7027436691271165,0.5310774237798245,0.3433794971849478,0.1384435810520454,,,,,,,1.006316437859919,0.2708763923815917,0.14445513871572868,0.14707705759342637,0.16655845827695462,0.19010778037988743,0.21691063045864692,0.2471044277103281,0.28079643384544484,0.31792587572408426,0.35818662390640865,0.4009470620525872,0.4451682535999321,0.48933019152465945,0.5313754517981684,0.5686534551002396,0.5976950479649773,0.6128823110503493,0.6000081651194955,0.5198744827601455,0.3580105928346379,0.24751081940467815,0.24163137884308888,0.33874741841211564,0.33895375410764156,0.4927690981011948,1.1951256010009184,5.055667685189357,13.39826895513021,18.29927956291309,20.054442132232463,20.982952005434594,21.616891275501555,21.89700980375435,21.564846956580414,20.33989016646853,18.113896300453522,15.042979176037905,11.416504229039845,7.432083263006919,3.076103490411079,,,,,,,0.05165621133201983,0.23232248734894778,0.6786413123584215,0.9090518758696797,1.0988639756922127,1.290812847425693,1.4810911297217269,1.654230069035658,1.7895601507471381,1.8647704898571849,1.8621819789549279,1.7783243887295244,1.631745861558984,1.4589846447591281,1.296354643914999,1.162684031559341,1.057560790707589,0.9709629046145697,0.8930066738745355,0.8188573314215077,0.7492979514588166,0.6891912135370367,0.6466159269297327,0.6371543692980501,0.7081626914382229,1.0633676261515914,2.596628105450768,4.712373010006005,3.3979895685867283,2.3413533208029707,2.1802833843473013,3.6512396131183977,8.72513322136769,17.63074605470741,24.744676374866817
0.9528401487065898,0.5695944674352749,0.5332012637358123,0.4920874016271871,0.449040205059398,0.40629669450409084,0.36483235467888153,0.324061853472727,0.2821307494654429,0.23653998946380955,0.18473093725175657,0.12442950342801268,0.05374658180622506,,,,,,,0.44176550917134716,0.22096382723235933,0.7685571479798767,1.6908583245523277,2.143793485613923,2.5109635529557344,2.9061141352103093,3.3420598153472794,3.8189745297029156,4.333426715917338,4.878498863948389,5.443019545909772,6.010779290239413,6.559945745126808,7.062821731418345,7.485843128281246,7.788304903552439,7.911061354329528,7.712941799737206,6.7259594159518885,4.169540326441337,1.5410148698508197,0.5941560733607734,0.43996058273257366,0.6448266576539889,0.9388874766022275,1.7494600777247182,3.996027987203704,6.0198521924881945,7.228845433540305,8.155334929985937,8.9839314212793,9.706885724275994,10.220213294228968,10.357434750977728,9.956624792184098,8.962865232744416,7.47613764487326,5.6756598903065605,3.694031051931859,1.5520477389666179,,,,,,,0.12329311908257937,0.8164621189225708,0.9613455960226638,1.0940711058703445,1.2732582576204936,1.469630153305825,1.6686295328431253,1.8540539864180454,2.0045466875351243,2.094804200389597,2.1010410712378977,2.011427516208812,1.8376003599411035,1.6159548732828604,1.3910422952530117,1.1935772152385347,1.0330014380003498,0.9052833479254299,0.8032364389322116,0.7219720577044275,0.6597121565267027,0.6163075425543192,0.5903496327106308,0.5713813645874047,0.5135915043140047,0.3010445669942266,0.12792756769916108,0.8942432804124096,1.005526528771826,0.8964727919597775,1.2248431770770634,2.827896855629917,7.672975889409421,16.45700655310812,23.931266339990184
0.9549092912662134,0.31385722344506933,0.25794861058899693,0.202915370105966,0.1535368824983048,0.11346538815789643,0.08422128916892493,0.06495283709341983,0.053040003055687436,0.04507145826623408,0.03767566723532864,0.027979636791137477,0.013735635021483986,,,,,,0.0001421740621228486,0.150151295021956,0.16233367719037528,1.3340065587465841,12.741301499162649,39.279465648471266,53.25690318408493,62.77153285582598,72.5896835606164,83.26140516524391,94.759876041052,106.93001625240709,119.51723505342748,132.15515230161296,144.35302732188865,155.48532085207734,164.75771721815005,170.99181609801397,171.43685615513138,156.79466090580712,106.63291239876548,40.80769974141911,12.005276401390422,6.3152219553831275,9.106540056203235,9.310095646065584,2.762402533415965,1.1679598445628527,0.9992835414786081,1.0653138262781192,1.135833200838559,1.181289287686079,1.2013445891088186,1.1970140576734027,1.167362139843867,1.110815026114319,1.0275353890113208,0.9202495851186919,0.7913519485469022,0.6380852856621688,0.4499765166327094,0.2092775734721298,,,,,,,0.2640282369412765,0.6812766464593756,0.8226824396893289,0.9783273445281027,1.1250314496215301,1.2757297592865287,1.427690428918304,1.5690554367616802,1.6808113625360317,1.7385432822619908,1.718269572407901,1.6078319258730687,1.4190027173126367,1.1878946591334327,0.9572868224921488,0.7558826121804817,0.5933255859901203,0.46838029350666394,0.37724361349930735,0.31679414295264013,0.28476052159961973,0.27960529000717765,0.30177873853350334,0.35947338920765465,0.495702097327242,0.9348046944986075,2.7054293230162934,5.288064898262251,4.050474243209011,2.931406949005477,2.6623406521091355,3.9635913693659983,8.78075361385288,17.297305484309028,24.157201044418724
0.9569784338258368,0.34413548840259184,0.3028908403246431,0.25723243125600526,0.20922710694860505,0.16169506729655933,0.11774839639582686,0.08003277543627953,0.050124709712770756,0.0283484766366222,0.013970138386736464,0.005568920922877979,0.0014067528604111911,,,,,,0.001487438262778765,0.16735207744891784,0.1769773302228032,1.4589752266639282,16.288744135063272,76.88361471968668,121.49665311863481,145.9461368089584,169.34549700028623,194.57663644586813,221.7447594380114,250.49767422959314,280.23192828333555,310.07135987380246,338.7966737650933,364.58255134000046,383.63723746994305,383.53609985912027,323.0258159236283,167.8172325644101,46.28467553247762,9.254951139669723,1.8044263526944029,0.4852256647458754,0.20485965670176495,0.13679321829539082,0.3212061244978864,0.32137886207323874,0.3276031482311665,0.33329960348863436,0.31630528374672257,0.2772102524108073,0.2202107864420574,0.15177201395650902,0.08263929873137148,0.028326771909160216,0.004495233981277574,0.01700681953859173,0.054601569842192554,0.09275003665863531,0.1044623253179759,0.0671568484617265,,,,,,,0.3056384503143284,0.7979386393066256,0.7089716350939559,0.7438232412781697,0.8178806563487883,0.9017033978239757,0.9879917909883673,1.069787089532484,1.136942874328312,1.1765392610587815,1.1760087474415923,1.128304939318742,1.0356732417480468,0.9081497541237955,0.7585446841289224,0.5994444929793802,0.4430259842828996,0.3007952401138465,0.18237829107854178,0.09434193782743898,0.03994980289571982,0.019948815775943707,0.033231161843788534,0.07345308519758766,0.10929771542940389,0.052873927716641206,0.11183048739925149,1.0576795845626659,1.137604959408643,1.0070377322565458,1.3418214125457888,2.9107860150658467,7.584108217520213,16.029406125954388,23.298764512152083
0.9590475763854602,0.4125015791475539,0.4012340083479193,0.38812915591674507,0.3715959867765798,0.3499182737883039,0.3219030862815318,0.2872043496608929,0.24627384342117112,0.20010097501506108,0.14993466087135204,0.09708417964643572,0.042802066613068526,,,,,,0.008318160979736639,0.5941557698506916,0.26784678577901344,1.5783301389836666,9.416817996461088,17.687291743413276,21.889443792278378,25.650869234231806,29.71800503751993,34.15947123911437,38.947109455283375,44.01401034403049,49.253755554285505,54.51437089727113,59.59338471000747,64.23422354760238,68.11497233291031,70.77423501510684,71.19554002659784,65.9996300398318,46.86307784280222,18.52404374901784,4.63504946656095,1.4934755014465984,1.4226256049418886,1.9414176663817446,0.8428879838716301,0.3613516948089106,0.2975988465253393,0.31110455582408353,0.3299595801807224,0.34769386836515737,0.36902568078634745,0.40082703597871017,0.449492808706351,0.517033956413334,0.5954166946137559,0.6635310797350752,0.6918736195180515,0.6517418903767397,0.519480739886371,0.27280798130379424,,,,,,,0.10151025440259426,0.3022829551153541,0.4465203618895319,0.48316492527891036,0.50774221290077,0.5284520768993862,0.5432855620908271,0.5489729013816363,0.5434697189245146,0.5295808260286257,0.519166583118481,0.5322932838715725,0.583591107247613,0.6617161121610028,0.7280737129837831,0.7437240728842918,0.6942453606883486,0.590658988615257,0.4568899132950862,0.3185345898304185,0.19695735955056354,0.10751465378586719,0.06069089555284255,0.06790257464097003,0.16875113609183912,0.5802858825895487,2.327513972286987,5.067283035708788,4.144055326798247,3.238279110603055,3.12010553935311,4.383918038267587,8.990375688501683,17.13079502707781,23.702758834454436
0.9611167189450837,0.4542367213749453,0.45731948114859855,0.4605725329743973,0.4616164975665118,0.4574273638333197,0.4450745856175301,0.42219640876747627,0.3870618190197809,0.33832808030586986,0.2747070135365014,0.19468585935538307,0.09634007297063327,,,,,,0.013873761854545112,1.389470695974638,0.4153384864145063,1.7138024282565785,6.593075484043885,9.901067135574209,11.91045493440116,13.923906241497436,16.13025889821145,18.54209900013636,21.141440511093485,23.891611892009735,26.734897038247716,29.589149112133068,32.34529443936446,34.86616720941104,36.98442681046614,38.48322791652587,38.97260139557886,37.279309445079356,29.772390391201814,14.612941967758696,4.2155210125826095,1.4239924805566908,1.1356476001476254,0.9683493264491355,0.5359911396146946,0.40460143157980566,0.44973206922227416,0.5527099117432082,0.6736457745307601,0.8167358423756046,0.9921291286392603,1.206140258076155,1.4537614725311343,1.7093456767970812,1.9223876846906252,2.0292359920048995,1.977765919133481,1.7416473085325685,1.3098264757930023,0.6644367540452973,,,,,,,0.050525010745947944,0.22145099329966203,0.3109652009685934,0.3134629819735027,0.30767720651153424,0.29408210268695417,0.2695127872793398,0.23070893706734974,0.17713886023985695,0.11662753457396577,0.07300094139835286,0.08802700527287524,0.20309318436821755,0.42088221961589267,0.685448724434339,0.913405432286116,1.043974487070653,1.0602222668167127,0.9802224085827084,0.8395166565361757,0.6768475776589049,0.5255098990872102,0.40941311148814374,0.3401772551003971,0.30456195914145606,0.251782697488677,0.4436809409504256,1.4241453936514943,1.3257413708191041,1.1282616444677658,1.4702899230279005,3.0486158228062004,7.626143973535105,15.783206727992425,22.8131909834277
0.9631858615047071,0.5067997083990292,0.524162746200312,0.542253974899086,0.5574347721644634,0.5649693225436478,0.5600518869838088,0.538705210761403,0.4982139332028541,0.43706985354112926,0.3546346460392257,0.25074097215604696,0.12535455907915735,,,,,,0.010915101761956859,1.5154420373747393,0.5297480729836342,1.7697086588881155,5.245384712290795,7.2498764652159275,8.64215871719496,10.09338736856663,11.689717837894225,13.434643020569586,15.3144542280199,17.30251162132375,19.35713911726164,21.419178490668397,23.410191299849824,25.231439016014583,26.76127840528371,27.835535372122944,28.131228807490082,26.625411539654547,20.391067952538013,9.16847075220538,2.3865695942265033,0.6167570984288402,0.17319369280437447,0.12848434254056862,0.42545592179562736,0.5680065084742351,0.7755701982534224,1.0214705501015366,1.2955885429239489,1.6188143901087229,2.0081038745832314,2.4671802127217037,2.9734627757903405,3.4628476481777755,3.829190077677294,3.9563620643402237,3.7678714849163786,3.245285285924737,2.397086900845265,1.2129818834682384,,,,,,,0.1737430525466474,0.2508046096217461,0.2423948122579947,0.24209197249625175,0.23399083393883705,0.21892312672675865,0.19541549891625748,0.1616006323296452,0.11864164849224612,0.07674096665295035,0.06308862267644605,0.12333096573479192,0.30097081314988355,0.5958624177691847,0.9439069748852624,1.2520320607508253,1.4521146415261639,1.5229579004114204,1.4804850537589607,1.3595841122926238,1.199716995223661,1.0361158271685553,0.8964353630907644,0.8049149427874112,0.8098214692361512,1.1297124914985308,2.7313575339869924,5.116426775785567,4.083006182569095,3.289091556392754,3.440453723809129,4.908390778353836,9.445605752398478,17.232911918969023,23.445285290064145
0.9652550040643305,0.5150448600160871,0.5418490073717598,0.5666267883689745,0.5834781063571182,0.5861827394247825,0.5700814341092901,0.5332668170674134,0.4765573008204684,0.4025341597441474,0.31433245532825627,0.21471546871505187,0.10559565281274916,,,,,,0.005500958990932077,1.130470569717468,0.547204537561394,1.709959997682463,4.463818312695935,5.973131937965864,7.09458897290451,8.28040068532912,9.586025570221858,11.012602424996727,12.54864947084357,14.172332341873613,15.849660525503106,17.532535081121168,19.157397973867795,20.64486932492829,21.900071723204423,22.809708652540838,23.213887162008852,22.748725852131606,20.229740593997406,13.390109281388114,5.47734640259443,2.665960460553243,4.484205209229495,6.12527886536943,2.174354424473456,1.2140713985356324,1.3017325035604874,1.644865429978819,2.0734548041568672,2.584059670792014,3.194707439071988,3.907376868422109,4.683700207547925,5.422254497383155,5.960069039624452,6.1235467955823495,5.803621555213093,4.981164411857125,3.677383324129752,1.884065981613893,,,,,,,0.26781767790576455,0.4196747347796707,0.3071102349055342,0.2983749582145252,0.3163177642643288,0.34442331681035787,0.3821401810537743,0.43166427941591773,0.4967503818406926,0.5838338196090642,0.7031232039302301,0.8657430986029014,1.0726167365013408,1.3012208540443089,1.5088842297870526,1.6557140601740208,1.723310863335264,1.7150726723676344,1.6474089235453544,1.5421252502811749,1.4215857159312355,1.3054589229108207,1.2085309166845257,1.1381352830655063,1.0869115099363598,1.060101374858297,1.5124703532837207,2.5816786813132455,1.953867261439119,1.50548747167838,1.8081769600551594,3.4467813243283048,8.079749989732301,16.023942674378844,22.663894267027473
0.9673241466239539,0.36663408294595695,0.37888653864949395,0.3900221851250876,0.3959293703376874,0.3926293673428754,0.3775359772930288,0.3499933761022608,0.3109419769447883,0.26210453238107,0.20520159653053052,0.14146914601176172,0.07148743741789608,,,,,,0.007839329091153683,0.916657949223818,0.5056528719159522,1.577917942896781,3.9513321387255687,5.238146930180489,6.213425943383685,7.247703785457521,8.386135597538681,9.629295757261978,10.967052490905651,12.380343483743696,13.839620378007556,15.303179102913093,16.71597970912503,18.009140288406332,19.099074509280644,19.878854202315598,20.16273601606933,19.41194072958116,15.9234076302538,8.342036733189977,2.5093819836025455,0.8264155555134297,0.9954618812804326,2.4314909968562772,1.67891452700673,1.383807546894176,1.7560981594264151,2.3154713346877744,2.957378436819616,3.7232218793701626,4.653104770668914,5.753138596336715,6.9634261444444405,8.123507089180727,8.975723600525358,9.247191130458525,8.770259947793104,7.5242148075071,5.557917611319558,2.8801437202756106,,,,,,,0.05767164627612462,0.1725335356796061,0.39278286178724375,0.48910429089967883,0.5866246443990981,0.7107283250332749,0.8682109263004251,1.0587930788366822,1.2728934852092073,1.4887822465955491,1.6747371566296676,1.7994455682809043,1.8469186316251915,1.824496261665646,1.7557221661240445,1.6648340883811636,1.5670121754516941,1.468963929094001,1.3742553760158323,1.2874465946579212,1.2151269342132844,1.1650231838526452,1.145601713164391,1.1697328088229708,1.2745670546925396,1.6357646744374919,3.0773931172572957,5.020561894452065,3.8301447703960396,3.05595743194981,3.391697666383278,5.204159656540841,9.902460336137436,17.4405794038936,23.314601771370665
0.9693932891835774,0.2039589994601153,0.19987957256585534,0.19938407498324412,0.20070978899758307,0.20130241298038454,0.19859211893799195,0.19061876237046949,0.17624879196064902,0.15501613488185267,0.1268003679438871,0.09153431314019615,0.049021295885197325,,,,,,0.02403396399522488,0.9060589324635089,0.436646709329917,1.4092018940218174,3.5796901057157453,4.764941554225809,5.652245678267375,6.589534409098918,7.620090393620506,8.744652696359648,9.954007250075088,11.230886861213161,12.548631270105323,13.869714525036972,15.144698063690488,16.31173967005961,17.295585024923373,17.99881584975357,18.248466642326115,17.54155969250539,14.33390986496043,7.502505128731569,2.2525645753137584,0.6586462125227963,0.3917984550345058,0.9171157168972776,1.2293187896778421,1.6515837183739601,2.623959755288719,3.673414642968727,4.791093181617818,6.118707508633723,7.731743474037418,9.630338587657635,11.695857249841758,13.638409067182097,15.013297807980852,15.371192186071111,14.463571392891495,12.303309841399175,9.02381536365815,4.692811910226779,,,,,,,0.09330806715363331,0.2740651369602081,0.562519500546695,0.7734754295148514,0.9616569647978958,1.175897662029538,1.4235185220743107,1.691098302705429,1.9483867830569634,2.1512414087983434,2.252606538264389,2.2223518778038462,2.066908333295736,1.8314765936918223,1.5763729677135117,1.3461257625204148,1.1578605884513375,1.0103532332864178,0.8975593832397001,0.8163354710863636,0.7678591330279207,0.7558357138520965,0.7841678029425033,0.8558974664159272,0.9814494791453284,1.2789369918766431,2.5487972559733163,4.494232916377988,3.4083527164386034,2.5608644646688243,2.809731652433813,4.678731353151423,9.673467064305912,17.380252605308264,23.170734918943925
0.9714624317432008,0.0880977169799484,0.06923192368120255,0.0583881591252117,0.0559450208501331,0.06043492088187847,0.06893738935034899,0.07789920770895972,0.08395972629529252,0.08444136234147409,0.07744816634864315,0.06171468189745371,0.036373602158402484,0.0007460797740832073,,,,,0.04608796138402253,0.8393894073989812,0.33716144934994147,1.2117735463818744,3.278245481529954,4.433791654850875,5.266195319540016,6.136561221595102,7.0917905803842025,8.13330780124761,9.252595360615395,10.43364800152533,11.65184346157495,12.872628259899919,14.050619211612823,15.129389605857698,16.041720705937504,16.70760500565682,17.014993413288302,16.712763323320967,14.985983959962113,10.16465043062053,4.197940636144306,1.7201991298008628,1.799708171956425,2.6781687526564806,2.0847745392152484,2.59583712167431,5.2236102266848015,8.403350919808192,11.285982995114926,14.382336953678816,17.9781184596593,22.06373478854816,26.32640886157258,30.091162813249248,32.412280089410245,32.43495571275365,29.81640062787476,24.78870682044361,17.809895282022417,9.17275635012781,,,,,,,0.3847295319889365,0.836959006263655,0.927330566085189,1.0923242378689133,1.2975590476163381,1.532325665385809,1.7829894283431131,2.024786583836803,2.220914534174423,2.327357384898964,2.3054219250489267,2.1406742279147872,1.8585270707204404,1.5193424930969688,1.1883378020461328,0.905221044819584,0.6796181236389156,0.5061588610725988,0.3789796662505247,0.29728546485216417,0.2645549213931514,0.28594777966549534,0.3666293454925379,0.5116620143391506,0.7287059051935315,1.0852442555872297,2.1964998900073014,3.8719764105920076,2.8957788469053125,2.1088521417913033,2.3204367754670683,4.018278033006373,8.679322112761252,16.35849924377686,22.618580652934675
0.9735315743028242,0.05647957624755726,0.02831508697913806,0.010200576778262053,0.004116395010625967,0.009515214431217865,0.02335741317219765,0.04099613586821552,0.05741461512771397,0.0682093333589379,0.07003781206287638,0.06060780000795513,0.038427499761843176,0.0025016406798346654,,,,,0.046123536858440624,0.473503055335132,0.22847523256718263,1.0180118124666653,3.021692051928817,4.18737865876345,4.984826871378158,5.806314780836812,6.7057162672718436,7.68548386364097,8.737669901650936,9.84721179863053,10.991010033911055,12.136727201651246,13.24192591903172,14.253644299007835,15.10737615652564,15.718727682672032,15.933585834802754,15.293099610047165,12.401046628033171,6.388261749521661,1.9309900558689574,0.5982313641977439,0.26705605772267127,0.14452173957210152,0.4035356503038733,0.8789761675241505,3.6621205594452166,18.718332043252833,62.797907683637476,106.70127922295723,127.88909919253013,138.85932779562086,144.77374271328327,145.0046401260835,137.8986735371475,123.02532722775862,101.93843218762441,77.29696009397327,51.31849481036969,24.924297817458626,,,,,,,0.3843586900379641,1.0654158477363986,1.1322853068241352,1.2375360931316661,1.3853999916165018,1.544209662957885,1.6970357700569243,1.8254185745708078,1.906499907125475,1.9158828052797094,1.8354128956064495,1.6639985776534576,1.4237412608397628,1.1518718186866048,0.882065137176359,0.6332246483179717,0.41378455315233276,0.23092587521066962,0.09459205016338448,0.015976918443710585,0.00437369955797038,0.06558395627340911,0.20381308916284763,0.43168095835132775,0.8134625173924813,1.6742468186105819,4.346300940983571,7.824787234440201,6.269722397439653,5.094654377158581,5.592823088033313,8.291692025317648,14.076582571899829,20.738412915745776,24.58835907175953
0.9756007168624476,0.23509209300648118,0.22316112922999057,0.21714903494144636,0.21731116451877547,0.2219502177620751,0.22775111832182246,0.2305935171269859,0.22643405341059022,0.21188794804355177,0.18440652999097615,0.14216425683435369,0.0838213873362107,0.00828077081458149,,,,,0.02408128509047663,0.30866838242890016,0.17858576817565228,0.8943022745720548,2.8314376060994175,4.000128275982396,4.770476519137471,5.554011729196478,6.409923564362862,7.341479969788173,8.341176247392502,9.39468583740733,10.480109914434484,11.566880973646205,12.614998553354331,13.574803553600562,14.386896554334283,14.978896599366063,15.241784359169925,14.908635061827837,13.121454322854639,8.44746539035461,3.3409253801601952,1.4730289568428703,2.130982913129108,3.6258578869863913,2.1890003990390716,1.6668509279580184,1.7879373438113841,2.0156538763179737,2.2178745502006545,2.3972906039556596,2.5626843711363487,2.7117410836706184,2.827383780274738,2.877873327114206,2.825375078951049,2.6432736916022184,2.3291858030744406,1.8988556808004053,1.3661035121401452,0.7267047275564041,,,,,,,0.008390047608714424,0.33481295355466684,0.8442946802038133,1.0913615837043469,1.1736426785781744,1.2153416206259946,1.2362570047421049,1.2333345003201588,1.2020057737084087,1.1434207281882351,1.0704376444064083,1.0075240957831901,0.9757214422195966,0.9694888996314469,0.9551502218388257,0.9010069313829062,0.8044928250550408,0.6906631091884881,0.5945866438488364,0.5465831935565713,0.5659124571128455,0.6603680663955735,0.8262351461530627,1.036884652289898,1.192042682325404,1.0847687992228634,1.1524287423782107,2.2117855514811837,1.7160471649448994,1.078716160832867,1.1131601604837678,2.212545430017942,5.634606071514843,12.481600394804431,19.906220622720863
0.9776698594220711,0.6832707872972109,0.7314085350617501,0.7814373821075075,0.8269966990163495,0.8593649078239393,0.869556474725034,0.8504222884948253,0.7977740065724224,0.7102772738019931,0.5885482653049038,0.4340581628108108,0.24823532053178704,0.031896701384422826,,,,,0.04332092862270782,1.318310532072307,0.2850572157361164,0.905970029022696,2.747479182370719,3.8621786952025383,4.601473557371376,5.353180652463057,6.173633582576591,7.065918937854864,8.022793684846661,9.030519151959739,10.06817837583892,11.106653278739163,12.10790832688299,13.024747868913531,13.800529877582044,14.36499024002906,14.606372394149666,14.2328787610852,12.312332159702363,7.574500596561221,2.9589984979299038,1.4233529460882566,1.7225838285947104,1.7735239840809702,0.6595464308660999,0.2920500477194789,0.2317335450111729,0.23413148253416508,0.2452707050727592,0.2585040551354865,0.2781873956724931,0.3113982852872609,0.36488790735735904,0.44102138476276576,0.5321477896716327,0.6175234322530435,0.6675989403118859,0.6530677723327274,0.5499017708581081,0.33673415580249894,,,,,,,0.12057412396684879,0.3159233779883751,0.7337175714673408,0.9596368965581468,0.9658507848016973,0.9098661936589093,0.820488536054812,0.6970928074914329,0.5410796298442533,0.36954106941753706,0.22875587087971136,0.19701121370277247,0.35364303358879184,0.7154482822905005,1.2024772093286036,1.6871023945626085,2.075509483426748,2.3412693970173732,2.5075440074810738,2.61722150456767,2.7136588828904906,2.8344498665139883,3.0172649088759895,3.3295685669725543,3.9849084953815637,5.807976891069385,11.43182763635509,17.382226369565743,13.214309328650556,10.661222698340389,11.363050832009538,14.951630781376585,20.455245389397362,24.498471320232262,26.066131356569798
0.9797390019816945,1.6101123043067684,1.7903543994263627,1.9672034614106308,2.122912017068696,2.235904762214152,2.2852217433129467,2.254498117467602,2.1337262494243765,1.9186069423770942,1.6085248801574017,1.2043237847486024,0.7065347959306821,0.11426851701838142,,,,,0.07383988325084599,2.9516959638165825,0.641959261458667,1.1019528420892988,2.7791302881887785,3.764234136995394,4.463646630737589,5.186876215798959,5.977186442030709,6.836217175379997,7.756794228175452,8.725658791339239,9.722726564236709,10.720110628769076,11.681420049791464,12.561375213397266,13.304715185578633,13.838182829770595,14.02517594971144,13.460079013395292,10.938750419735078,5.713278941318755,1.739536811766477,0.485958693563289,0.12884943960664139,0.10764799387254836,0.184554394215012,0.1602119220462336,0.2423628369555108,0.3875498066819685,0.5600505609175142,0.771513862968652,1.0394316466497477,1.3727320049693637,1.762623685468911,2.170699410744782,2.5242048830395256,2.7327416292303037,2.7223749327071967,2.457058874636441,1.927226702493119,1.120677827631261,,,,,,,0.6263307852382907,2.0750775615341865,1.483793873146994,1.3141596067723027,1.2418554302942701,1.1637101074003988,1.0573665888320987,0.912292055865198,0.7248834640949172,0.5097331004222864,0.3197521629638385,0.2627284084451055,0.4835931566976912,1.0897032988381155,2.064451613253366,3.2588492506606497,4.469800259343792,5.52652371246248,6.333254779207127,6.872113762037423,7.183631448485992,7.334901636230687,7.371887637374098,7.212996196762182,6.386608998721789,4.117022000537241,1.61298174816655,1.1930455866497136,0.9059147025827335,0.5028914091786809,0.5258972479013931,1.3151537518538357,3.7523182449096226,8.810754878237084,15.70865637740845
0.9818081445413179,3.8989460761311907,4.451830923421584,4.972839909342601,5.408635443168131,5.703252577421052,5.809650691508817,5.69751069926335,5.354235025598445,4.780473803740813,3.9837359859612973,2.9729433891181443,1.7549615376462908,0.33324966381923443,,,,,0.07164781127280657,3.091504150950077,1.0378069234176264,1.4382903557355424,2.8641207312039163,3.6880017235070013,4.3458082183404,5.043261429708945,5.807029533237912,6.636838972214939,7.525495958599584,8.460154597221765,9.421468420543219,10.382661818886943,11.308919375978062,12.157280190978693,12.876893097013834,13.40786140726729,13.66914803431564,13.491763362732488,12.350483299243237,9.064123091514286,4.5268627446794625,2.61991397108125,3.655770328080983,2.8628158881743286,0.6162209442041271,0.331239102084633,0.44814070473224693,0.669199825844124,0.9525104780502238,1.3125972842876026,1.7669504708720238,2.319916534987919,2.9464524634115676,3.5743097393197,4.0820765506812755,4.332700631193065,4.229288068030724,3.7428231375656176,2.886234412303341,1.665756052106367,0.047392611795496364,,,,,,0.056380140367375584,1.437702414048112,2.321250866434546,2.6708793619939546,2.797953885344793,2.8848974570191084,2.9618724017124096,3.0287884594987213,3.088192105217803,3.1625620739292306,3.3147969289111443,3.6635033880655477,4.36580107883417,5.546506930940145,7.209758854479158,9.210628278176468,11.305727821957978,13.232278296436032,14.776957913489703,15.824451222926017,16.376952013250285,16.541496718611906,16.508402985441954,16.591132357938413,17.53122267550549,21.76759927850064,36.2753980829679,50.2428341939903,36.91006919291883,27.829564374160427,24.893721210172373,22.4409338568485,20.08856881636707,20.0104514086857,22.267086794571778
0.9838772871009414,8.462040579767132,9.831930267287692,11.027499821501126,11.882089528336818,12.253009215520477,12.060466886111206,11.304767011989965,10.05631651066867,8.428634595524446,6.549269537295421,4.538098276028242,2.4951328283226784,0.4964384475472801,,,,,0.04324936115335124,2.246746021549613,1.0435238728692886,1.64283410178903,2.891749481232756,3.611918311607106,4.238568343163075,4.913288138097894,5.652934785032408,6.456091751475915,7.315611760375154,8.219032178017256,9.147677299057667,10.07576287089254,10.969779727311435,11.788177922008046,12.48047019107783,12.980421335392553,13.167342643534933,12.690960055151796,10.518671859746188,5.949460743142958,2.2364979881685367,0.8830892461930878,0.5120316746336302,0.10172638491031674,0.06615175829953296,0.16648564929526768,0.4162070046900206,0.7744134417481352,1.164452413585016,1.6170441219107663,2.166274665734038,2.817897242990239,3.5367149068442614,4.231634689937887,4.759933505631439,4.971785821330705,4.774807676546004,4.159839667497236,3.164784935904254,1.8174040803471747,0.10011423207234273,,,,,,0.035084762124319706,0.4930093696811537,2.442054859175967,6.255783135457014,8.243819346550694,9.14925276202665,9.923748938903087,10.750594447714548,11.69007496386037,12.822305018584844,14.273130977153267,16.201324721214796,18.74374818534527,21.93176378055052,25.633823734106187,29.567270281334075,33.3577619969849,36.61157023432697,38.997546816419714,40.327647780279065,40.59112658508619,39.881714446644125,38.108769288227755,34.20774651563246,25.356719461361934,12.335510762629866,3.5679164484518924,0.8081257292591079,0.42542020688130333,0.22060169379687739,0.27531181943984084,0.9425011370657952,2.9502897718891195,6.980644469064288,12.632104500551405
0.9859464296605648,10.472512692337398,11.923670182420924,12.980998923223417,13.454716557068416,13.242176432590412,12.362234645851595,10.94244667775626,9.170420596831562,7.238711231016507,5.306532536272858,3.484452724830037,1.8361272601654457,0.388447362560282,,,,,0.014652832222937303,1.366446357588925,0.7813867538469655,1.5166265229006821,2.8094357349369665,3.5246874251381244,4.134667107506159,4.789265419335749,5.50613953262523,6.283974479807505,7.115804493791177,7.989548481652737,8.887173844896264,9.783858514569387,10.647448279515968,11.438350901031418,12.109649451398198,12.605458192268184,12.847318677811732,12.663166527504345,11.515360101270588,8.255971071099715,3.8523612239599467,1.7971441607418053,1.973612571264362,2.3826589577588475,1.0760304630052768,0.6110226756789784,0.6532471450670768,0.8845564446024718,1.2204436681529547,1.652900554091926,2.1865478553768463,2.812200041732079,3.486008109138811,4.113801448933991,4.558877846599415,4.688201938167345,4.432380409029346,3.8037161360733345,2.856487241105867,1.63233598626231,0.12999562684867505,,,,,,0.5109251093696505,4.124526731027998,11.735953167154221,22.386935438715742,27.435685862172548,30.303355473202906,32.75301146042821,35.064170949749226,37.36770156651072,39.882280812977825,42.92743741274647,46.87660134098466,52.08795595736358,58.830807178046925,67.19362424369358,76.94879461579825,87.4198426695232,97.48413527269068,105.81082930410678,111.2693003541562,113.28524823282082,111.91811180882696,107.56643087615099,100.34415150438572,89.88723054239487,80.29547496104257,88.30915794024942,89.67658019326213,48.849361733003704,23.087334877641098,13.284000236679939,10.550553445586601,10.18472129589962,10.529212496148252,11.770337412881618
0.9880155722201882,7.9479187946014545,8.818780233804217,9.371864136804867,9.50245064685264,9.17113934256829,8.417621897439322,7.344609094771028,6.082950503231689,4.757226227992594,3.4646220253568365,2.268692128682012,1.2029670828050614,0.2786472298961017,,,,,0.023706545553833686,0.8362627284898448,0.448617279722129,1.1599539351108168,2.62181119947774,3.420642139035142,4.027131911363481,4.663177849342872,5.357466605313067,6.11004193070827,6.914272266356138,7.75847618607342,8.62525930278184,9.490735301617574,10.324004695162648,11.086992721827544,11.734243356329257,12.209928665316209,12.42880613186247,12.185883171785044,10.854776137791482,7.3574889499786815,3.1620723314913093,1.2924535071838597,0.9016610361972832,0.44277817277948184,0.2787187963845008,0.34798840665891817,0.5145757048033242,0.7546161398786144,1.0539161121349812,1.4218081517329613,1.8644813286412352,2.370939048245092,2.8998071218225845,3.370432277193859,3.673937378046854,3.713510637136955,3.450358651502055,2.911846692605119,2.1550678769695315,1.2233493003322449,0.1249604071228513,,,,,,0.5460641133665595,9.111078429230663,25.91968588453038,39.83789501947857,48.46857105921801,56.57247329787892,65.52330361472184,75.83476086009395,88.08495682515624,103.06321154875211,121.67647638415252,144.65349863092086,172.16814770975824,203.71041494270602,238.31324539720876,274.597294839619,310.2047869372402,341.245419853065,362.77394366263184,370.3418053799186,361.193825514752,332.76239117930714,276.8882318341389,181.94822326844348,78.8847690969978,23.524836407353007,5.3348738554982615,0.5052565928637688,0.07157653281511009,0.06017949442206198,0.15754530523401916,0.7354345702546035,2.471218880401939,5.945965935472206,11.017437460240306
0.9900847147798116,5.501229899416955,6.037702955132967,6.365972331181477,6.421611419538328,6.180772162521928,5.668862914139012,4.950848350915787,4.109778757674599,3.225343089176746,2.3604457408719783,1.5569764747461412,0.8377865449002397,0.211324481472893,,,,,0.057838289670137606,0.3296964024905666,0.1906821307832407,0.7957031844040156,2.356040322448738,3.2921987885259036,3.9059978508374593,4.523629751667906,5.193926347977713,5.91956541387288,6.694432571177486,7.507295215903898,8.341435514400654,9.173942246276964,9.975192207255716,10.708520517129562,11.329103546191295,11.77657683056512,11.935760079829748,11.466724444858905,9.387952095818251,5.066239716140301,1.637251469772021,0.48547044249563126,0.16718817587245782,0.06447784510798169,0.1293573353680801,0.21642703446680095,0.35355879363404913,0.5350159200844781,0.7497955848919549,1.0049388691381884,1.303045326464954,1.632693053277713,1.9614299385059493,2.2330990125427195,2.379208775562221,2.347326500181387,2.127923417457111,1.7532868258088887,1.2699004624985195,0.711020836353738,0.08658814606313196,,,,,,0.27137614044470576,7.285397747936407,18.284868560383384,27.08016876099304,34.13746441109349,42.23711710732632,52.36844865854363,65.09258634173364,80.88799570083185,100.02499476504511,122.19992740944846,146.00973976845117,168.70369822294668,186.9295278566107,198.38123311984882,202.893361976355,201.98316651492394,197.61114080880012,191.29510725112777,183.8366844910082,175.2956455088602,164.51919396142026,146.84765454828704,111.4138512483016,61.931722443103176,32.554654274989275,29.20500252476012,30.141704810301828,17.431988209481894,8.518092259705531,4.523582351821107,3.6603004047470646,4.466196670007514,5.60376812910394,6.328132914576931
0.9921538573394351,3.783883289714976,4.137258845157285,4.355535209653297,4.394720509256666,4.236759397096688,3.896065230811134,3.4139584868247272,2.8449426844507806,2.2424604476533814,1.6495960888103784,1.0957853934018673,0.5977513023205632,0.16236551929471515,,,,,0.6005466347197517,3.5129620202304683,0.9268599565394341,1.208207881764369,2.413936041791402,3.187201172900964,3.758455802307904,4.347711316886147,4.988460163591002,5.681814104484983,6.421748204798346,7.1975063393823895,7.993140394255104,8.786768438520838,9.54974527626821,10.244695529239184,10.816709223890918,11.152258362847828,10.92135443789809,9.343689655503276,6.443940436256123,4.145518625575602,2.4341189905384417,1.3594544160700328,1.249986756767975,0.9203496309096475,0.25653882942781575,0.11214091217633824,0.13072477517984424,0.2328715540476813,0.3709585743414489,0.5117718781302114,0.6573037134505815,0.8039605310081996,0.9345820547486596,1.0222077820798339,1.0399026877049315,0.975085719768388,0.8378392992071089,0.6540957895027856,0.45008104905015867,0.24165578738824983,0.0329730575605365,,,,,,0.15797557747786545,1.7025033120081439,5.016685935610959,13.461605543169192,20.59332465374187,26.05346455508899,31.560057825042332,37.30167747640947,43.00688260741308,48.381713844859746,53.193833691671436,57.173430480480825,59.92458643489278,61.05366020773015,60.45018136735155,58.40623366148697,55.45998495223097,52.16911817322587,48.98594642739455,46.22370277025974,44.04912681802097,42.456072668328765,41.127996273483106,38.86107691241462,32.3178988752628,19.267836321685127,7.5362322620067035,1.7710156423520949,0.4376004979270667,0.29047463700542125,0.42459992483906606,0.9605488128526172,2.2334665271108287,4.3831709039745945,8.256660893424364
0.9942229998990586,2.2889320532500124,2.507798496588133,2.6507441122938706,2.688387981744378,2.606309055202319,2.4101009633905317,2.122918224872044,1.7774725106475098,1.4071002702328332,1.0395262020557245,0.6943003352714957,0.3830011900307781,0.11081958869273585,,,,,1.7184684588445622,22.02548677340709,4.32394120554044,1.7658280955242152,2.0542050004140053,2.890777864221682,3.496564272789198,4.05469584817614,4.651417392305439,5.295659246058714,5.98271934630337,6.702719837238768,7.440929641815832,8.177229371342879,8.885644305200604,9.53389236680012,10.081668058208308,10.471296648675144,10.584886289205247,10.107767816755233,8.498421012027325,5.77810940165585,2.812791602251112,1.2611033379208698,0.8627906302225601,0.2817091277272879,0.060163553202701434,0.051049682098578165,0.06135795014991705,0.08314108550166044,0.11085593613731301,0.14142074186032166,0.17109934289009973,0.19429214263377204,0.20402246065836574,0.19444395360386693,0.16481127409996202,0.12186982119718201,0.07720066413364272,0.04088282862887775,0.017163014389341202,0.004878975598869024,0.000317423696723909,,,,,,0.852807416245262,4.213852767396288,7.30622208247036,10.566182609114295,13.229859925696886,15.925048185695406,18.661404803651735,21.259112822214927,23.574627845474804,25.562751509849114,27.231849465702354,28.5489495445534,29.3883816016469,29.589833744807112,29.08202046165345,27.94494356765177,26.365268891558113,24.560475005708856,22.734381194443927,21.057572002059196,19.638004246234313,18.389890333697895,16.470377633238844,12.047357338152157,7.153298838105213,5.591143924525918,8.410812130366761,12.107476873537326,8.445636911305238,4.866905115250699,2.6933068588507734,1.9365299247741248,2.253851498472656,2.8461657783028937,3.1859787572077702
0.9962921424586819,0.5850552114983436,0.6794827456468227,0.756117764621381,0.800279493970224,0.8023305639594072,0.7607323995829232,0.6819077043866262,0.5773505863702916,0.45986017293502895,0.3406200397944531,0.22777665572432498,0.12627120225485397,0.038371922760655694,,,,,1.0462827677195314,16.021206766386985,1.9715650917207603,0.4598214110648427,0.3989201441938601,0.6919555423752936,1.8931290695644623,3.0374491138727455,3.646344109731145,4.173706620528151,4.71994208313246,5.290612626016366,5.875323551375585,6.456383377739289,7.003284933566172,7.442475743600115,7.531418782976022,6.559735743750924,4.031348619062902,1.8764111530729501,1.073083558459801,0.8488348736864165,0.7904085812585514,0.8986054210591222,1.3341649724442624,0.8100180948201472,0.10328805257098793,0.020767092864346665,0.017405223784107957,0.03163591328647391,0.06776747000611419,0.12054683273441505,0.1766158060177867,0.23804287073246497,0.30612226951182897,0.375531661435439,0.4354384834210292,0.47260486001625884,0.4757620300368276,0.43810413333382875,0.3557933421487824,0.2238118264192368,0.040413203263206285,,,,,,0.6772772633667238,1.77124431158844,1.2661539896678977,1.1887282597041142,1.5406645310932423,3.247325932488197,5.311543161033144,6.487325469962964,7.322417446250037,8.036136761100273,8.681285157646638,9.290221433473588,9.88109428817227,10.442904116415438,10.934431420281859,11.300422443132458,11.490758438402358,11.472183965858141,11.232906607133414,10.782158375715893,10.146489881873473,9.368594535375614,8.517619112525455,7.711286906181794,7.174717840972944,7.734463941066203,11.79040777296882,15.626318498758089,10.671479190743838,6.737468165924638,4.347076283465125,2.5694072963989756,1.5828235771963657,1.1959395389761664,1.069997805372905
0.9983612850183055,0.9202385325238682,0.9272004587124144,0.9181629267197665,0.8915980270708668,0.8474916255205551,0.7873395243569911,0.713532571932639,0.628524765744653,0.5341959976968543,0.43156719249696973,0.3206697815473659,0.1995614592871234,0.06504837315744338,,,,,0.8436005262018187,9.170406110697922,0.9007751868039382,0.10749461181524322,0.04603788519485601,0.044265349111700304,0.06448608864055193,0.23576909019757838,1.056767381537118,1.9016630076339316,2.225592452030155,2.4140073950753522,2.507865173622848,2.2985721903093643,1.4880398764121587,0.5939109743050665,0.20243044296703294,0.09417732990967322,0.06708008535357071,0.058900018096558794,0.05563383805705701,0.05862339897491245,0.08820162231704663,0.26415349513464964,1.189224542187711,1.5408228830983892,0.345597791663955,0.10332273334148404,0.0703075933037355,0.06879232999369515,0.09296396447063522,0.2299557567602578,0.6180673832682958,1.0871198008442982,1.4410692529173148,1.7032584122327448,1.8818933928098835,1.9493841754351346,1.8799591201795935,1.664189462782482,1.2943488266777643,0.7331869675597916,0.09614646152603495,,,,,,0.05180472322904774,0.7058290515250465,1.9162098871861684,2.4862371456468098,2.6607202545943736,2.7529711418140557,3.2507042408939677,4.37705602071061,5.326365704028984,6.104061808816387,6.817394746883499,7.461815292950065,7.999936316595156,8.384950691517355,8.570686320740315,8.518968260542362,8.190786228478583,7.5029678233227655,6.258650514813917,4.330000338882698,2.4032527448036407,1.3119174513153045,0.8507786392556451,0.6699301799156492,0.7482000377681569,1.5465651075119873,4.692568928294077,8.897762992355544,7.00078618812473,4.608830366435822,2.9061449484834934,1.637857329549535,0.9719547879233519,0.7094136891504059,0.6128000743326794
1.0004304275779288,14.314089188354622,17.169932144879667,19.830882436926938,21.964446231577774,23.26658838154041,23.537678825897775,22.72043339602623,20.88754719210141,18.19623192957977,14.83741789124494,10.99768865766482,6.834337125519995,2.4675886369804565,,,,,7.645654942308359,23.519040868317465,1.0925471828089193,0.11824447812040573,0.05850915294084061,0.07277839634444054,0.15759773715438607,0.3685163780413523,0.5148284472501806,0.6135144608529919,0.7108505031376048,0.8137741380906164,0.9214969168578381,1.0314821255649598,1.1399162588722318,1.2406896099018245,1.3206131173861118,1.3411461770460993,1.2067977474517535,0.8942037095257623,0.6505731655436482,0.5190847650971626,0.35653894549648113,0.1575820668007827,0.058933368223416,0.20793419059540844,0.2751732744888202,0.5150245353410611,1.111272216050241,1.875392610854881,2.619676815896822,3.4009623343007997,4.26724803205721,5.20725305248317,6.148230891964789,6.953165684977082,7.443879767205986,7.464895161152893,6.952266898073537,5.944138194754532,4.523764799282937,2.7505392490804264,0.6243434974974473,,,,,,1.8663837039059472,4.459245777696485,4.540469881566678,7.651892139984212,10.672523118227316,13.03782567547982,15.40041423815316,17.828559686560624,20.196925268383286,22.369313196996718,24.234097447903263,25.669123178680337,26.512192023725497,26.60902090531154,25.911592211678123,24.518779782549682,22.625091007586626,20.44865372858557,18.191946785478102,16.026502015676126,14.079295168699971,12.409133338386255,10.933156314518106,9.200103781801989,6.808573505955242,5.720787997344826,8.534728065914523,11.758827826350183,7.453140068783895,3.6299753643751913,1.9681172627882622,1.9877762650967175,3.5691320328913694,6.377820426230701,8.776230253356227
1.0024995701375523,14.439733416443937,17.195126667358778,19.71291657735243,21.67214587712815,22.791481945992185,22.90097156074406,21.97318520027376,20.104206429421232,17.46350010647552,14.240656027731152,10.607070440606057,6.696455121194697,2.5997798969272186,,,,,3.6826482440151014,7.521586071789874,0.9403957223306256,0.7113745297982769,1.0098407603823398,1.4651176792785134,1.7891600669127032,2.081877161391205,2.394819604788649,2.733452696199331,3.095497830231385,3.475866827037131,3.8664207763030736,4.253523245193841,4.607686811469581,4.840773050321539,4.690325309465656,3.8695796012272328,3.0124729289865573,2.6575733085070206,2.4674251981131223,2.0606013430548242,1.2723440370804475,0.6694975648895538,0.7086971754566744,1.281685945928269,0.7433189970327848,0.4314389865335905,0.6402729057332106,1.8531155386322462,4.649110862963193,7.4625539572854835,9.506264861198254,11.182530137316833,12.615636849656092,13.653486116769901,14.048857073460738,13.611560087107122,12.314729321092898,10.285083681861567,7.692460046708657,4.640017769098342,1.1197389369713229,,,,,,0.045502598348495286,1.8115549938475912,6.166195140063067,12.70987438648905,17.30450668725546,21.1640720135684,25.288611343144126,29.689817268166074,34.104048584258834,38.226666028687426,41.78123470627484,44.4822121812607,46.002348965644615,46.078505386584304,44.6971953163698,42.14655393751319,38.8824073265741,35.3637604125753,31.96817933705371,28.97112079601373,26.546790604486986,24.76860517867731,23.507864694140547,21.828372017963023,18.22900024636998,15.55760832795936,18.535568057808288,20.91033896644833,13.66516530312479,9.176975976725988,7.589487401357663,7.665290266685402,9.458747551584747,11.920631917832445,13.534166087749696
1.0045687126971756,14.840123375339047,17.49982488964247,19.85263857965588,21.582386642823028,22.42784703335404,22.25184349289151,21.065826046458476,19.003661998147724,16.26654430206547,13.06796553670546,9.596127901671197,5.996294763941997,2.367899504129983,,,,,0.09515001518269807,0.7725604564686992,0.34960116763827637,0.7294861553051563,1.381078684682672,1.756840180296119,2.066964033976736,2.3956822109148366,2.7551602732906035,3.1455167187102453,3.5636716022982244,4.004079677621248,4.458419364297843,4.915209882734039,5.359543419441658,5.773011668545868,6.133793030266222,6.416327943963156,6.587396458794954,6.583942451843638,6.232432559421885,5.221809050333753,3.6134557649778665,2.64466446876164,4.146413326209331,7.105592508036823,5.807803325268165,6.083124483615871,7.98753027811846,9.936464805945032,11.628336647098417,13.228811412794144,14.805792214268426,16.314237563522024,17.60010858188112,18.40967832716818,18.454841765125412,17.538831804489522,15.65689213611709,12.969939988145242,9.670772529133902,5.85864847578826,1.5007179568322242,,,,,,0.07109081551023023,3.905941893845094,12.572678786839953,20.65627172639594,26.610702307490914,32.617815825957415,39.704715253281954,48.1253328113076,57.74872220508035,68.11182053739581,78.41251965624487,87.53362514740249,94.21234193135685,97.48189479589922,97.1790662895726,94.0259472977866,89.20123333801034,83.83257748204066,78.72719301399356,74.31811966462966,70.70626624261286,67.73642812699558,65.07796375547852,62.21911478248312,58.248584630127,53.34909246828899,53.72140824988738,42.07245166860438,14.680505307255862,4.124021330189204,1.6280858315479443,1.5973158509483676,3.291090433341821,7.098183661880998,11.655233539997662
1.0066378552567992,17.63495068225698,20.8954032662413,23.825914060154936,26.04170106988343,27.214079433164873,27.15592787497044,25.8570601532807,23.45913568887679,20.1935983305613,16.316439338196385,12.061396693368078,7.615595644676768,3.112522645042736,,,,,0.03332525730204387,1.3936631146441383,0.8870603287517874,1.25842721858916,1.9486727782495352,2.492786453432976,2.9494023546354007,3.428620371094543,3.9543235636872605,4.528281327850324,5.1469262616712355,5.803012185654313,6.48513112686778,7.176835620563323,7.8549294657342825,8.483427797399129,8.988948846108526,9.20023127731347,8.9554644913078,8.429512261563506,7.328600339558769,4.8262828180993464,2.056272642314073,0.8328715145428113,0.5343994763950476,0.49562660006352566,0.6503272758631038,1.2230076928818814,3.750854569148822,8.745298163633663,12.32646070286641,14.217242011346157,15.618761301193427,16.878040110312472,17.936596772238513,18.572033493522333,18.51238341888657,17.563619871970886,15.706246600633682,13.073468969589571,9.828344286455781,6.046470355049166,1.6687725457806546,,,,,,1.4919675635664684,13.071349926751688,27.62297759940538,37.36625248645703,45.000575116791325,53.66981206736512,64.60660932934202,78.87788771283162,97.83474312770421,123.10346878781179,156.16997803195076,197.35469523235733,244.3972579406352,291.8464983019841,332.5777431922354,360.76777328037616,373.89698678249374,372.5507259228828,358.99429225723026,335.9607346136874,306.16259034849963,272.226245723,236.6667831750413,201.9416537750112,171.43551355408263,153.53401588857332,161.37303431514454,138.4176916529,61.52814096715851,23.91353603837503,12.369269581166467,10.296694263708385,11.760230080506277,13.829620493409097,15.335272558872665
1.0087069978164225,22.77528412654824,27.32540423529895,31.572681592606077,34.99273461765916,37.103181539424824,37.58364977586072,36.33929632444634,33.48617922429017,29.281755712039217,24.042375931485886,18.078082997130817,11.65232027304167,4.961877651367914,,,,,0.09585967614064855,2.617204723048283,1.425090263832266,1.7363513263948047,2.806774382778548,6.927915479019908,14.46759498749568,18.955488292064935,22.145749567705526,25.35280523361261,28.774689784359385,32.40207303149961,36.177744828889665,40.01387041604705,43.78635872173687,47.305762359565655,50.1804816385584,51.1994554675848,46.416499286929664,30.742069182047064,14.717986652788001,8.505654344374971,7.750543000327423,11.878984865265704,29.226147575148765,34.61393404837903,14.140813334300248,8.993998367213399,8.87573469587308,9.767364006281172,10.838776284396037,11.956493072942694,13.096287927058773,14.210384930203949,15.18123319746775,15.812496388312155,15.87177771866319,15.183901127904102,13.711511614174418,11.543040330469182,8.794874913049078,5.51190511546034,1.6232537900979223,,,,,,0.5373428242103978,2.90791333843773,10.412853096579504,32.97104142144481,52.43608633452503,61.17977238933893,66.98364339512005,72.43548756335956,78.34735952637706,85.34649213513762,94.06303631894548,105.04831839573939,118.69261594006902,135.23843093019218,154.79855371593248,177.13463348623122,201.16546502501168,224.58351538874476,244.0500822324074,256.0951872677223,258.32638631855855,250.24846113184321,233.19239356859944,209.40834665487193,181.29636584305499,154.46814432760854,137.26574176621318,83.50139966802477,23.017572571414064,5.993216084707384,2.4558943459309037,2.260863954632722,4.022866037760421,7.791377121577034,11.956989727431123
1.010776140376046,22.28063581422666,26.22579830239045,29.737551387467068,32.3783909125245,33.78697382985552,33.766629296573775,32.31426129191044,29.58367732034482,25.812956018181964,21.253363753103798,16.121503118482085,10.575691494566009,4.707762188276283,,,,,0.27284421793674646,4.58152538702585,2.0560851374743576,1.7917794169907857,2.871801370901217,12.09809019114983,95.87498783783673,566.5143995601937,1246.5691169451577,1583.643300091238,1811.8538605023748,2030.4916556869644,2241.2134545247395,2393.1478098852936,2298.868750310641,1623.3736182592204,685.3302808967803,199.75167582740588,53.980547058025984,17.714007739647876,8.459435215607927,4.477276499516209,1.7929121405631072,0.6856493793898621,0.32339412017774344,0.08010723715716742,0.1321192821315227,0.35651738085985657,1.3388642113062106,4.0140451082617306,6.931818669308854,8.770843878569929,10.072136762174235,11.187460741026698,12.13693161670505,12.793734061537233,12.978638460303417,12.546782344791005,11.455850850427172,9.761132298802755,7.540742125550196,4.815260545555504,1.5078909191549408,,,,,,0.03329568161120347,1.0224858359510913,5.003928006493884,14.935402372643539,22.00477400642461,24.986653481561756,27.026978660410652,28.969955073547776,31.075100590435554,33.58636195315621,36.800965838630084,41.023468627243425,46.473212992102,53.182040010658035,60.92647935297279,69.21511378817603,77.3303060201463,84.43771520058945,89.76608166970905,92.79492278415943,93.33438928165413,91.35969618634932,86.34200878282044,75.62518103631494,54.328072599178775,27.82771030421699,11.368930379391195,4.135431424301504,1.6257441498297318,1.028292266666452,1.093159315529712,1.8403378832917985,3.993990776884805,8.358090932682305,13.943506282122845
1.0128452829356693,10.475148057775897,11.679868611008487,12.63284366589288,13.21997809793012,13.362421976369198,13.034132642512029,12.261307038555794,11.105934786189609,9.643442331828787,7.944047085027471,6.062014658503947,4.03190255876132,1.8688764812548826,,,,,0.3274275959336166,5.059103136048623,1.9922105513016217,1.243902893848351,2.879390016630975,13.383742750544194,31.19935604051783,40.7574867406112,47.25106387329881,53.67188880945778,60.44691721231824,67.55117314633578,74.8608169750164,82.19113441293985,89.27849214309215,95.68349931766045,100.34800645835016,99.79382148946208,84.16803154855045,48.05848469075412,18.937946095888805,8.312904192272017,5.131470906086338,4.270814298425353,5.946291058795677,5.73308212383429,2.290328456102269,1.8827516769149628,2.906098911534211,4.236053621889527,5.452438013359232,6.627960694291134,7.81152325826976,8.973504683276804,10.020715544377932,10.805247051043494,11.154951974140912,10.935178619311726,10.103797150057039,8.705266383664117,6.804332652156862,4.414134682336398,1.4589816976500116,,,,,,0.3182066766879877,3.041029917492755,5.22405044745106,6.206426221831738,6.760625346522874,7.284708375969992,7.866142349850815,8.543959410346625,9.372090594226243,10.437366499678326,11.861402581818504,13.776112065536445,16.263267873069747,19.281737144821403,22.640254536799116,26.042893880311734,29.166595995982853,31.725938703243667,33.52107344444861,34.47308587887847,34.63678676195234,34.186880992344925,33.406230196484685,32.76652049486428,33.35442350417109,38.30923652126362,53.62874904808675,56.892511543215015,27.602027332713057,11.254488434596762,6.418758096641408,6.2098448205818615,8.793933163775906,12.884491209179956,16.203970742758013
1.0149144254952929,3.7518594883443876,4.09206260343385,4.369943535798604,4.552347852325717,4.611445704604384,4.530996511123347,4.308617358913566,3.953528882833763,3.4816364154335484,2.910447963657174,2.255399855833471,1.5279012645316703,0.7347037515643684,,,,,0.172934349404933,1.1964336028634188,0.45671841478063896,0.7026382702426428,3.938611626112159,12.254324870902167,17.53613643636644,20.653689557296264,23.601186652025767,26.72312538552298,30.039623910104005,33.51199220509108,37.07534338698342,40.6390822780805,44.0793730417457,47.20966291916181,49.65022284007765,50.283129164973495,45.64212200919165,30.660253538940275,13.011637020722121,4.361132525684232,1.4173215006595894,0.4767695489138609,0.12289420708439859,0.034204498904081206,0.17109585550869527,0.30475778168381634,0.8073040985063293,1.8102975437793307,2.9023704846843894,3.942921568388034,5.032241784260957,6.207593492185493,7.408543226335737,8.487000816223231,9.237017803819555,9.463359301854327,9.058158643866976,8.02087405397994,6.403954539356572,4.235137225667415,1.4689299214667082,,,,,,0.41357487833087414,1.4082052342752114,1.9172255776774232,2.1417837843710164,2.196969844036026,2.2223731584221587,2.2402999226761993,2.256271199178487,2.2859371821158154,2.36979335935445,2.5876896787702663,3.0607632168287857,3.9182562544340693,5.2257354134970395,6.921309301035195,8.818999997102463,10.67565602891149,12.268688408223793,13.44958927304483,14.166424469234173,14.455222540799253,14.399591227041979,14.045974559325288,13.20667240481545,11.078102370460492,6.724974072207994,2.0300008348974377,0.1267126434012439,0.18900133448318088,0.2757657443642877,0.4574297803215581,1.082138242421903,2.8791813490683884,6.883401998468466,12.662370381848271
1.0169835680549162,1.5076707168535317,1.63544609549177,1.7507856914878477,1.839512521960574,1.8870772933182296,1.8818877825172,1.8175849985149173,1.6934111450951235,1.5129212628121502,1.281966403702553,1.0068165017210822,0.6928508432775079,0.3438656502027929,,,,,0.22313851849426902,0.8200646407875897,0.2865455136066642,1.008512017303748,5.221885764903476,10.550226109713329,13.227665445569247,15.289565172352479,17.414896639088358,19.68986720126906,22.106069278123613,24.631869024888257,27.219389459315828,29.80330163893317,32.29767455454618,34.586057157120784,36.47717049001292,37.50625316204127,36.192880953569954,28.95222907828162,15.88877006021625,6.99753730205112,3.8038801947035585,3.013653968649214,4.045010521070311,3.3881681204379164,0.8789066733996768,0.35765110290201363,0.4203908315637555,0.6611630529634531,0.914010901395919,1.164723354458227,1.4379587231554023,1.7394648109308717,2.0523446049342087,2.337169633831133,2.5379829170323416,2.5999483655618767,2.490694928310821,2.20749922581185,1.7641838093668707,1.17054519783346,0.41929183697169947,,,,,,0.04318102523791585,0.23306967219901664,0.7216090823584312,0.941012627945511,0.9243417497943631,0.8365787505174501,0.7134034126085058,0.5596829773298685,0.3860098890368866,0.22568443832141044,0.14943236061513043,0.2664515502604277,0.6894212960404993,1.463603536721785,2.513501344623591,3.665926011076157,4.731444095545491,5.5756998701153275,6.145381949602575,6.458248490565146,6.577979861060033,6.590119236962184,6.5935585226435425,6.733551951299797,7.358614068016855,9.583768572387454,16.298637897513686,22.81017309076925,17.547024578136874,13.596357793207225,13.554339919183867,16.211689660638378,19.69433610744659,21.59834550885613,22.04053216148807
1.0190527106145397,0.6828074476339184,0.7341829623766918,0.7851705701871767,0.8288848367942122,0.8574948439268112,0.8640668337707162,0.84401077680607,0.7955555845441875,0.7192724501773492,0.6171010981375515,0.49136935985240676,0.34408061264343687,0.1765251724800949,,,,,0.10473431361365795,1.3258065334003062,0.5310390314134786,1.334516413358843,5.407085931515365,9.31435965284965,11.327579469170496,13.035037713728329,14.826322762949943,16.745682829070983,18.782109424802698,20.908212595141507,23.08347415981781,25.253124315500862,27.346339600200984,29.271960912693736,30.900184750233972,31.978733633655644,31.786864760310277,28.15521888981615,18.152719198650047,7.060070099744166,2.0576943313070966,0.7340180468574078,0.5531143361532271,0.8685387395098919,0.6542922283211282,0.3869563084039175,0.30721641555973583,0.2812524178147636,0.25255150018002614,0.21205835817335936,0.16136350061422922,0.10563357676923044,0.053192211109579945,0.014786255996679772,0.00022162019406952093,0.012807805475145876,0.04551199827800448,0.08265222189662588,0.10568626352643633,0.09805978611012305,0.04645075187376824,,,,,,0.3336019033784536,0.7922757201975501,0.8505413788263748,0.8168943636492498,0.7655826241489252,0.6951433581575148,0.601805881180364,0.4861996758033177,0.35876319886135344,0.24793995909465322,0.20609231094861452,0.30042414481028556,0.5775724956055055,1.0183642843168705,1.5307009023067584,1.9995432072197057,2.3469152958273383,2.553294272492836,2.6431070162105135,2.660516960974795,2.650738884271752,2.6481081360559733,2.6635918655046784,2.651684694940284,2.4197417747668357,1.6088678245390011,0.5733122830149852,0.7466616001041252,0.8409772201084553,0.5960497341119926,0.6007913891706408,1.1430450983950404,2.876054230970558,6.856208518420966,12.78029042999562
1.021121853174163,0.277411146147018,0.28723467648128076,0.3020223135101119,0.3194404039411031,0.33595912966418084,0.3476122814888465,0.3507883279397522,0.34273837603168983,0.3216878602341009,0.2866518478907954,0.2371324978711728,0.1728330834130046,0.09344728114299013,,,,,0.07003456014218694,1.6007724391334173,0.6796287571415758,1.2127661492477297,4.688195083352926,8.417892860318899,10.342076025288572,11.909164869709038,13.536279027690833,15.27549953231521,17.118499727523893,19.040587530352127,21.005051349822736,22.962312539182115,24.84797279642019,26.57709556607356,28.01894564115403,28.883197193111542,28.27497561953581,23.75141592474938,13.888245217745157,5.655678562460377,2.568498168261048,1.9876879924986408,3.0439982478657392,3.8532138458691723,2.1636595773203866,1.360282292487437,1.2506387465783042,1.3476250705192225,1.4599175945069058,1.5547700860427356,1.6271682577247875,1.6715207422238156,1.679247158966714,1.6411929894513855,1.5519495390384745,1.4135243319133675,1.2345764710531613,1.02450661129474,0.7867431619579298,0.5155680864165357,0.19652280879164125,,,,,,0.23514783633807965,0.5062130721953684,0.7894525802809687,0.9513444461973621,1.0098538755637627,1.0350077956173716,1.0422907735734714,1.0330073517995846,1.009500482213188,0.9807060453114267,0.9635515351080163,0.9764376073517645,1.0237819563348,1.0842110563590492,1.1200895073166206,1.1032693639173325,1.0315700193988713,0.9252569787667235,0.8142228608601985,0.7272831292228678,0.6868737542659925,0.7086806952108611,0.8067842563327371,1.011239178195181,1.4292774927115004,2.4738320540636427,5.374439839475663,8.608567881662326,6.957519699132881,5.44417902004939,5.430396672034333,6.938644855438117,10.513195995266173,15.501442167753035,19.44519945629046
1.0231909957337866,0.06389443421157617,0.05393968152042125,0.05321204144942175,0.06159538909954477,0.07720732225806347,0.09671736691884814,0.11606090566414722,0.13123674608906988,0.13888364968863723,0.13651457083341148,0.12246808217969958,0.09570913887757647,0.0555945841889347,0.0017640146390620003,,,,0.11024854323543355,1.7356767411728091,0.5733383989296406,0.8945341815691603,3.902286767178751,7.802995789275634,9.816875422599516,11.332369188567995,12.875078566093352,14.51813285860945,16.257015059657594,18.068823107693813,19.919042083585737,21.761312477318214,23.536444570802157,25.170670221166905,26.568441042559776,27.577865277842946,27.839560623112273,26.25562951742109,20.353061791213307,10.62144608201706,4.399210232119836,3.2264003766892255,6.746544003595063,9.719388611696946,5.312923838032831,4.446541635860423,5.385505244842446,6.382203904753756,7.140678268549648,7.757501350976921,8.263203709295585,8.626599502251675,8.77929268715367,8.638476174682856,8.143755964863189,7.297789212028045,6.177390473445198,4.897254756700491,3.554043858466243,2.1922636988376483,0.8031685841119706,,,,,,0.020951296493973304,0.29948445809731383,0.8356017920754343,1.1286774681037397,1.2910853372577706,1.4206812524072208,1.5325343016959931,1.6179750091198328,1.663046430065288,1.654632066133261,1.5856257369873918,1.459165475902136,1.2886265999011008,1.092046994887908,0.8853102815918664,0.6798603845924602,0.48504157079810006,0.31092543394548605,0.16900940674193177,0.07092016993634999,0.026395541945571907,0.041744509163856976,0.1192180906234907,0.25695477999713456,0.4539697807770126,0.7875048674047216,1.8408962021082695,3.4984351631588475,2.878654795214232,2.0095854029889515,1.8773939248038536,2.6600564622206546,5.107140333727833,10.077556167601461,16.06889742556312
1.02526013829341,0.01513678994117619,0.004874205224294756,0.004572150409515813,0.013969626838288191,0.03102460840245357,0.05230612793146273,0.07376658815415849,0.09155342175930456,0.10255571469270583,0.10458696724686468,0.09628852316234433,0.07690078963549501,0.04602102126398848,0.003449667447723081,,,,0.0712204348193026,0.4991568098168039,0.21445783368572788,0.7709135892197662,3.841858690024403,7.6666587751867,9.61979420766865,11.093066990037217,12.592605837123486,14.188420787297549,15.875904804851048,17.632742696057267,19.425418395091107,21.208861823237715,22.924787755167927,24.49664262607736,25.807420209969425,26.600765800089885,26.094969417140454,22.113808940840126,13.013666894808294,4.882540919291309,1.71094823014696,0.984599452326593,1.2017527885948096,1.4656436923546572,1.299745599229215,2.1485474022326287,6.290109871997666,15.441626233647257,23.388275597643084,27.689744979093657,30.351868660131167,32.20613710354594,33.20896117380215,33.046233494870485,31.435955577128677,28.34258389197286,24.052727914902924,19.045077448343203,13.760223923143982,8.446695330258214,3.142795476637495,,,,,,0.41175826941468874,0.8429053798757041,1.0000483639677913,1.158617483071965,1.3403316261679181,1.5338727699842112,1.7223102489893587,1.8824192593986384,1.9863617809738725,2.007166858136667,1.9278055872142843,1.7510478757388406,1.5034829698609438,1.2270405443093129,0.960949281133325,0.728044548256033,0.5346858793476943,0.37927856738755594,0.26001584457331234,0.17797688317636934,0.13662737471943037,0.13985441841646923,0.18962584971794091,0.28252420595125566,0.4046085029043195,0.5622495830297816,1.0731053151842798,2.0795956524287837,1.8896909637376367,1.5053315327737484,1.5668477804011078,2.330181934988473,4.572139580729171,9.275260490843735,15.34944976375621
1.0273292808530334,0.0935640802066954,0.0929188140093219,0.09932252309039336,0.11133304527103728,0.12630896849959944,0.14098931817660634,0.15219494804077832,0.15736556965928664,0.1547766692536532,0.14346846086173523,0.1230221229512633,0.0933126876435113,0.05431360344669849,0.006009589427649868,,,,0.19194596204092906,0.662586043923188,0.3159571063383808,1.0642809652731806,4.461656720693268,7.905871373570483,9.667605256885698,11.102377583174064,12.588014543976254,14.1717133602397,15.84563188790346,17.587160849640796,19.363107889559394,21.12923223797042,22.82940967168655,24.394446698507394,25.737269311208138,26.72894762494538,27.0909795205832,25.993056005773113,21.317741314595754,12.302230367756295,5.336554472164306,3.324478340612967,4.490891454133771,4.90360462019831,3.1085456649197667,3.7811201086413044,7.426793008551565,12.606458690521139,17.120668765301588,21.22110681285343,25.486885604576997,30.0137364683759,34.489439725419246,38.26506882100597,40.499336897601985,40.457329716953964,37.822960589612926,32.768198331766115,25.724185740107764,17.067542948986475,6.9373044167825775,,,,,,0.23678749195732707,0.48975200430574745,0.7220880344708912,0.9297525213700093,1.1214347931931352,1.3232255591361148,1.532987816396897,1.732066484466785,1.8920772700360617,1.9815773658619091,1.9763307753209098,1.8710952028549814,1.686121520583429,1.4609353274872268,1.236693618131776,1.0401433625683794,0.8802391409090542,0.7550101849422902,0.6598742669080443,0.5924416682612539,0.5538043688381074,0.5484307628285028,0.5858176852928783,0.6908858254119337,0.9476548184976046,1.6725038938935948,3.8166629265193976,6.300157143185212,5.0510547581908884,3.843595435697579,3.818461152991035,4.97629282206915,7.85291230938801,12.697668014093308,17.86509351519152
1.029398423412657,0.27466809628227723,0.28692733039450047,0.30080398633568894,0.3134136788137184,0.32155062798308703,0.32244386832733,0.3142911885466556,0.29638938915541985,0.26890952096967646,0.23250963300625965,0.1879691496838706,0.13593775153410115,0.07681026064206181,0.010776969043297899,,,,0.09303596804263373,0.9740165965265922,0.5527969157239302,1.4181597521202303,5.048390704493603,8.222695531959914,9.892747217706024,11.32921660468921,12.831975003039645,14.435075351214866,16.12857629277627,17.889297496907403,19.68362568576081,21.466682940436037,23.180584689352393,24.7492238474096,26.0556586994841,26.84304141005775,26.334075668682797,22.37689452603391,13.239378969769676,4.818460283367625,1.409278053590051,0.4982720492133949,0.2199090421037141,0.21357109100552268,0.6017258969521038,1.3399032678123282,3.3855820462397404,6.190248610997068,8.23132888722162,9.806975409336832,11.36337747976337,13.009208113475314,14.660313252317072,16.098904654293165,17.02245811593526,17.140855265683435,16.28573346681231,14.44394233194069,11.685957403184364,8.054243655634547,3.486791539251677,,,,,,0.03564854606907201,0.2463691649864779,0.5391638810295557,0.6776317703987853,0.8075872907944448,0.956480380789567,1.1248963923764952,1.303490824047929,1.4748476560037869,1.6157480892857097,1.7032127061374218,1.723450078136016,1.6790339440699675,1.5884274330715262,1.4767902254643832,1.3648133537411025,1.2635013767103407,1.1759944458660276,1.1021770326676898,1.0422266873453592,0.9977522667089278,0.9705003386878903,0.957637325003319,0.9376827653818983,0.8327933768887066,0.48474383157232687,0.04822984466146478,0.42289415999738855,0.6869895566956882,0.6373475913670797,0.7648012486314911,1.3654929393358786,3.1245103258321953,7.176091304563069,13.376423836913197
1.0314675659722803,0.518414423159451,0.5423799548301222,0.562143020713077,0.5736187461954687,0.5730860978460542,0.5580994754104026,0.5279309032867913,0.4834171835867309,0.42639622717803716,0.35904696979792966,0.28336955268251174,0.20088648887853566,0.11253358357306965,0.01887404482188165,,,,0.12164108171572892,1.63372364372964,0.6089580485179584,1.4041213117969678,5.101311991924627,8.517304918365546,10.296524840964452,11.791526972364704,13.346525011304022,15.00288524972736,16.75123870448721,18.56780064463949,20.418050010901386,22.256204245729123,24.02435859937031,25.651152846714524,27.046199294908387,28.072597615472638,28.424188657450422,27.17070291985456,21.969154602281417,12.190893931503044,4.832813740274405,2.450470564271058,2.651683443014671,3.072116492707627,2.3645760558933446,2.781246959262413,4.288503653445324,5.804143030074834,6.923737471594306,7.8758710143169655,8.794602896752846,9.689588677287166,10.493302873696633,11.081650901265562,11.30415682180962,11.036951276418622,10.230706977383834,8.91105118612562,7.128491969878652,4.898535597097546,2.166593410341211,,,,,,0.23364078829269116,0.4090382727113424,0.4200703573096784,0.4478338070449842,0.4994184643564646,0.5663877490455376,0.647715530328747,0.7430651699005307,0.8509309787478229,0.968361171327775,1.091166472497038,1.2137547584020962,1.328260080755091,1.4245640911052204,1.4930595666219897,1.5284537678389827,1.5311346701845165,1.5058553950596796,1.4599686751925305,1.402382191085683,1.3430476692339437,1.293151232641837,1.2680614509327994,1.3000969821790167,1.486831748522073,2.1782972235964606,4.4237709977360975,7.15811955578863,5.913071484654118,4.568653541853292,4.325150542568423,4.988539373416595,7.018177108395504,11.287744375337324,16.807778028579623
1.0335367085319036,0.6251072576512248,0.6440555444870641,0.6583523034785834,0.6647071726721202,0.659907928689697,0.6415269111032058,0.6083411705316327,0.5603478102463944,0.4984592102380526,0.4240701200827606,0.33866311617583206,0.24352886199601328,0.13960181835806032,0.027630369293670434,,,,0.1509344119459182,1.0744360182305543,0.3283291863291093,0.9538417972146342,4.403098367806575,8.71055027264343,10.918056704945347,12.556618038503748,14.210418163017156,15.963286561490147,17.811184330133994,19.72980547586701,21.68280909865641,23.6216869868536,25.483920605274903,27.1870005632891,28.60277257704683,29.44728314532294,28.867075395106543,24.539783211213862,14.621269095244196,5.383232885074686,1.5549065229122687,0.49495888859477305,0.14824062940359461,0.23014058368583262,0.6799760363742698,1.3133565887485448,2.6218202196518647,4.044994866730729,5.1569709261007395,6.158653891642423,7.179885928100823,8.221244268995907,9.200272420248616,9.972242697996442,10.36424947086965,10.236346271288543,9.53748621305686,8.308075663623978,6.625641449091341,4.539404978512947,2.033053244558515,,,,,,0.17709208892536787,0.2778889395560675,0.28540072268210465,0.2926606068325094,0.2945434289434754,0.29207145629266174,0.28664328964524965,0.2810081580345877,0.2823201940452274,0.3050517029124377,0.3710573498832898,0.5021146085052193,0.7040713949491807,0.9536964067544614,1.2044296600072673,1.4093687305995082,1.5408705434508652,1.594226049571924,1.5807216810843758,1.519208061954673,1.42984563743859,1.3296274615814963,1.2277405876109266,1.1173341588740724,0.9644407632769112,0.7692403254795577,1.0118243715279753,2.105321700057437,1.9976410795645863,1.5565739280498192,1.5279115244228862,2.071131346769366,3.780852424089266,7.762963435603683,13.903438307344178
1.0356058510915271,0.5920743083739749,0.5952660988395994,0.5942765416787769,0.5871418853714337,0.5720054759226777,0.5475527063270692,0.5132082796881003,0.4690639868950995,0.4156334781172445,0.35357253153929236,0.28346059721358324,0.2056729513444493,0.12033427274991827,0.027409292807224143,,,,0.17599530365894836,0.49454236896869136,0.2613684489845295,0.942867237424134,4.576888820505037,9.457414672833151,11.981286032595749,13.79110927509425,15.598378267219708,17.509605428324026,19.52267688721743,21.611489098993083,23.736708601107207,25.846119372042825,27.87359623133608,29.736641235263505,31.325722660106948,32.45461268964232,32.649143276032085,30.44012473603898,22.77568643944201,11.083771986022956,3.9907867954816956,1.8980080786862645,1.8683454030489954,1.8997197929319887,1.268300161524513,1.226081083499083,1.5517163349937233,1.9617102598497476,2.3779648487338054,2.824069518232921,3.3171816676436006,3.850107085493139,4.386078717665293,4.8556316651937,5.1659187005438865,5.228303532823837,4.990715321215526,4.448474102326854,3.62443543262558,2.5368012284629233,1.1764137010260223,,,,,,0.040641230513128804,0.1164692234645904,0.2560030303726206,0.26935141193575274,0.2512397043872128,0.2190058549507752,0.17408243614960886,0.11814908096759566,0.059020727100320726,0.015560536556271093,0.019488209945865267,0.10725755362472232,0.298479928911511,0.5735396930980906,0.8746824523875641,1.1348632688991398,1.3084561244537034,1.3818229489713918,1.366408133073132,1.28684640578091,1.1714657766555028,1.0469423786672882,0.9371379790832527,0.8668590845852515,0.8769821644587747,1.103542252015107,2.0858078526252997,3.5226408323715273,2.919381959095063,2.1541363577245742,2.0126912015266982,2.5702147350224296,4.438120806900839,8.674032265108021,14.83935258099158
1.0376749936511507,0.5609721794879109,0.5523697986063095,0.5383902078912823,0.5176675398926073,0.4892690410031874,0.45303254858375247,0.40961265599545044,0.36026962614306124,0.3065456191193833,0.2499744050956499,0.19189824721404425,0.13339322775731147,0.07527388510275103,0.018159229529375025,,,,0.8622677838868333,2.676182460695693,0.870342282081632,1.715757876275665,6.390299036424011,11.315846935873507,13.835177754065676,15.834231923994976,17.883160606124562,20.057027483977702,22.346461718030408,24.72077659682925,27.13513984132758,29.529974539319067,31.828423965595594,33.92803226053708,35.66556150364944,36.669302704599616,35.821506464831955,30.18580585699131,17.794546200151622,6.615045473685041,2.030127134107665,0.8133580005855554,0.6524888485103629,0.8728960891524907,0.8478059945701175,0.7545010698812032,0.7604672729394746,0.8343824139874554,0.9316849744269782,1.0414738549138178,1.1625386313286028,1.292437374891536,1.4230640128079113,1.5385028940497583,1.6161453804111878,1.6322409628470438,1.5692330331140947,1.4189917784380177,1.179168611824532,0.8460784058401882,0.4089777250734415,,,,,,0.2242281156675347,0.36299282957954376,0.37258188456595054,0.366006181062483,0.35110145278172594,0.32465989924759997,0.28498024162196534,0.23294276589919824,0.17552322336988924,0.12994600637515474,0.12470256400914205,0.19104481662549558,0.34276966974458367,0.5573950201809549,0.7804757684253054,0.9539542425850579,1.0430532761998097,1.043082287994016,0.9707737777078344,0.8522933403314101,0.7143135512896954,0.5791011373467182,0.46305375403617455,0.3798893774312298,0.3605194523761109,0.5562874466643246,1.5798946232834898,3.2972545088687686,3.0500883609431364,2.458461757617896,2.362745306951249,2.8073771514228945,4.394470766503842,8.29351941746569,14.380722780582875
1.039744136210774,0.5348176060070047,0.5100141090904575,0.47763959415109225,0.43752978379897045,0.39048220287959334,0.3383332052038306,0.28365912792072845,0.22926420863553604,0.17768501667618847,0.13086663865783027,0.09004272707481506,0.05576953315954018,0.02804445241195316,0.006466421491842934,,,,0.12643030701422353,1.303811971884537,0.8648623412414478,2.0423826916620307,7.806875313955692,13.92238857069422,17.01337682637315,19.45178318880964,21.94894726327053,24.596812401920282,27.383721079005856,30.2723140632901,33.20826078416214,36.11965114509325,38.91445249122069,41.472622792326845,43.61248831997884,44.94639474032479,44.33148584418034,38.56072246113053,24.332563379631825,9.797281043123482,3.3264292388957757,1.6088036132037695,1.531910634438467,1.3070231297192028,0.6390098421364078,0.42708871058780706,0.38757872727636206,0.3857132899999674,0.3813365853434674,0.3688568166771622,0.350158666889337,0.3288378098121728,0.3095033715602662,0.2970481245592973,0.2946863789118067,0.30127371425578764,0.3098524284608912,0.3089145357666388,0.28536339388682513,0.22674502405471683,0.12159454086273569,,,,,,0.25737525972904984,0.6463819643293884,0.5898182851225497,0.5736036713711113,0.5819420233858723,0.5893089208455063,0.5889971983698213,0.5797675538597645,0.5649587876357551,0.5543261492645886,0.5636777464236723,0.607975067169893,0.6881683282045189,0.7823904393318929,0.8541446890148983,0.8729034345727755,0.8284312523446303,0.7301294896617283,0.5980978960441151,0.4545101887026961,0.31850425785126485,0.2041885382126414,0.12026509788378187,0.06883397832367526,0.03982635879147189,0.020871514702265892,0.21111436098633604,0.9600943605120001,1.1065381049829037,0.9461008198380025,1.006204149103959,1.5217795329731287,3.1081401024286226,6.892804697847111,13.082315706771471
1.0418132787703973,0.434092645084183,0.380040469379314,0.32059742693513554,0.25907332205797545,0.19937676435231816,0.145258578710665,0.09952944976333755,0.06359801956042145,0.0374575501404698,0.020010074379772095,0.00951678869221418,0.004003663798491748,0.0015440667518137963,0.0004178007997048574,,,,0.5719116035949084,4.14433332964771,1.1948828123994846,2.1455124915228523,9.089773880191675,18.59825441277221,23.48568092488946,26.95401738345066,30.40483758969025,34.04597032595161,37.873599125506786,41.83826021397794,45.86573438347065,49.857088916811286,53.68337670643529,57.166353905423996,59.997819240714435,61.41166425727813,59.070695509639094,47.502565190237384,25.780035515198684,9.109090213585247,2.891697985831183,1.3416561747060411,1.277145015787339,1.2625167110150577,0.7405101378733163,0.46479738095288453,0.37315485451732455,0.3384649274084714,0.304742547748044,0.2600710640267016,0.20469945517115476,0.1430568838204633,0.08275085326771242,0.03384542821880458,0.006094711806830777,0.004253966853937264,0.024400808058922197,0.05453331035519383,0.07897558718943248,0.08285572270950939,0.05400685316631892,,,,,,0.09981954668686294,0.47033097191658046,0.7460970876131311,0.845544013415844,0.9150563800135288,0.9789052451429885,1.0373982547847558,1.0867133286133823,1.122707305274931,1.1426570858828948,1.1461126927455445,1.1336741860280561,1.1037347185020046,1.0506361092063357,0.9678479776663208,0.8539091833643365,0.71525305585037,0.5641661292505563,0.41471439403281224,0.27938044795023764,0.1672631130237596,0.08364959964148082,0.030618366437479987,0.009379734229308928,0.033230873354427204,0.21396224565969083,1.1199052153900877,2.826758424181711,2.775318245549531,2.251316115143014,2.1355502009725367,2.5405226826002716,4.091377847366477,7.952003968786497,14.124746114050135
1.0438824213300208,0.2805216391984964,0.21819761742005156,0.15967179551691477,0.10869572069771472,0.06797437713383664,0.03864224140085935,0.020166359621109766,0.010694336408492535,0.007642278146656842,0.00826622861757779,0.010058167071971307,0.010936771180418269,0.009282908361394648,0.0038934768537037473,,,,0.19128696840922355,0.5887348846568983,0.3010633897766048,1.049837229581494,6.893072539890382,25.408322215904946,40.40372256797385,48.13215393044735,54.51710844047043,61.028399692625094,67.83640546613519,74.87925096134256,82.02815124256118,89.10324678466749,95.85249239017494,101.85669896737373,106.1404065118755,105.74547336959543,92.53338850323864,58.55441419280384,23.436728464237618,7.233152942439044,2.443301974245895,1.2956861036772138,1.298067831081275,1.199210128171015,0.7577116920665495,0.6222554444771854,0.6070067883176367,0.6150096119500339,0.6125061468942186,0.5948635385784707,0.5636166386431638,0.521794192193795,0.47391681296544363,0.42604585991023664,0.3844386353762631,0.3526673596247801,0.32883370444482346,0.3051400059682825,0.270060920143239,0.21104421927252656,0.11588328570442759,,,,,,0.3275148096763335,0.7629773343554802,0.994193924266614,1.1587493602602925,1.292223916541047,1.4166367981743864,1.53306350870866,1.633631273031399,1.706714527850367,1.7397797665401888,1.7227403277805973,1.6517294825807236,1.531529555266375,1.3746611651672929,1.1971659058242705,1.0139146506196304,0.836333640343569,0.6726667848187812,0.5290137735527254,0.4099017164003656,0.31841205788202387,0.2565393659695493,0.22665536971255273,0.23597914599954753,0.31227127582824493,0.5724043891339206,1.4211962486184149,2.534197458269227,2.0689662556288493,1.4578509341885282,1.2648961362799274,1.5634334421719787,2.9107609140922217,6.400781024985159,12.471245461130325
1.0459515638896444,0.29395072771682723,0.24469902039630934,0.199572971540111,0.1611553683690813,0.13100478178222602,0.10932838020396171,0.09500844374473745,0.08596418079754832,0.07966570893431457,0.0735957378200336,0.06554479090998626,0.053730149087043835,0.036787166023137016,0.013734941765052872,,,,0.11456097596635005,1.4911250461977315,0.8387378658241721,2.0401721010373395,13.69670292363695,72.95650489134722,155.01482295980188,196.2771736063317,223.9064551076522,250.63728233353234,278.3608354866744,306.99516008765784,336.03502141409,364.7222096381125,391.8885280676611,415.2010428448393,428.1488097894755,410.3284298385338,318.4103540511953,160.9280443975532,52.72984271114627,14.333179632861068,4.2299549675026995,1.9807755153814857,2.0075582320579244,2.267083411232384,1.6493335692834101,1.3732487015318613,1.3704163041574031,1.453038957212844,1.5370451441989703,1.605527929941167,1.655447123624424,1.683386674980609,1.6835834121350979,1.6490922886873205,1.5744460141934467,1.4582868393602544,1.3036031303378548,1.1146170207641577,0.8923730060200313,0.6318482943115558,0.3213682397288052,,,,,,0.2589934186466709,1.2122287130862464,1.3653753790198768,1.473501214333739,1.6333853465768233,1.8059167978879405,1.9716866488312934,2.115018092544993,2.219023731971174,2.266584958949178,2.2442812377057244,2.147884605138588,1.986651992013622,1.7823488860866326,1.5616628547499503,1.3468510356724954,1.1511719125906232,0.980211428904472,0.8354574085631135,0.7168932048694602,0.623775386779146,0.5538627039550928,0.5005013457301386,0.44423686533155016,0.3366730691836954,0.14265404681006155,0.2793925174368837,1.4059422180292303,1.6778534175637398,1.4187687727785692,1.3839909233457106,1.8077447807555296,3.3018597507322403,6.999215221548823,13.20572967261768
1.0480207064492677,0.5097311062876473,0.47087111208005,0.4305038147202264,0.3910373544796312,0.35430719759088247,0.32115776549915204,0.2912845594641708,0.26340092777980484,0.23561825146052764,0.20585832313951982,0.1721634841441374,0.13285849881794662,0.08658257761679772,0.03233166142861319,,,,0.12558592884971875,2.034978701376609,1.337095245587589,2.770499936056392,16.96158141427839,110.12590245809287,335.6258591134172,482.1511312479946,560.4648705605013,628.2497544713399,697.1408638176601,767.8945809830345,838.8335122487191,905.6041800088768,955.1214225429757,945.0034485139225,776.8814260267384,431.75915830942546,155.58522916427768,44.35844679214242,11.958498948106554,3.5244289922198373,1.391070215840874,0.8848853429756783,0.9278705952180873,0.8471247244273318,0.7580016016182779,1.1718614690557976,2.1747931567365058,3.1428943158787206,3.6698792402119453,3.964140252455589,4.162603869696638,4.294019846612966,4.3455180728106555,4.290593349830266,4.10549250618855,3.7830266756314592,3.337777611093165,2.7973367954374178,2.1856457705661696,1.5101646839352345,0.7581231231299282,,,,,,0.10692559644689437,0.7450939037154526,1.265269515395629,1.523408060282899,1.73554969493267,1.9344914789693273,2.1148043041568436,2.2624854980943625,2.3615847902441396,2.3977727920436016,2.3622935048730844,2.2561713728842294,2.092600350006614,1.8945660470692576,1.6872953205493013,1.4900897751044253,1.3129714250159443,1.1586812411322231,1.0266086987351732,0.9157473575545827,0.8260772182697134,0.7593954120046352,0.7217763589630577,0.732899584927917,0.8601412504445487,1.346207545404193,2.8891902452295497,4.763813789252587,3.8939443124770046,2.689315865171188,2.0255561650388096,1.9807927330706485,3.1289064189083886,6.476068165283776,12.474698433252064
1.050089849008891,1.0572053505476344,1.0462345164859927,1.0177985974705541,0.9735992959346242,0.9162658104105343,0.8487301918303983,0.7735278755835572,0.6923250512236481,0.6058012029531306,0.5138150313691365,0.41569026841877843,0.31048245186084933,0.19716570568774727,0.07487466055694568,,,,0.30304685550415517,2.025569976544175,1.0912195346321378,1.646499231505242,5.607869840174522,11.397717237841912,14.502791883198464,16.59862150465641,18.632369742807622,20.763775598925054,22.99825932769193,25.309047477247887,27.654444463257764,29.978952395589335,32.211116358141034,34.255661219042274,35.96075688811387,36.983074066806026,36.30173372440569,31.218155350676447,19.60243105829358,8.463314840059441,3.5542238191515905,2.361994597934488,3.3595802301254976,5.065032302514333,4.547540966592495,5.180375950160232,6.806819564182061,7.956190087119556,8.567118660428106,8.95218230521847,9.221390476442483,9.380646370477809,9.392380335441274,9.20017842359298,8.753317715470024,8.033685649942662,7.067868567711213,5.910997196116474,4.613029892578227,3.191330185105718,1.6215085792061257,,,,,,0.4509057577129725,0.9134494269663302,1.1062673161585752,1.3030140785273252,1.4918511368422445,1.666828286997043,1.8180675881758512,1.9319671038468393,1.995214797863399,1.9985890877668921,1.9406590492668319,1.8302528951345205,1.6854822760803134,1.5281893525724801,1.3763823670229225,1.2396341119290333,1.1197316854307813,1.014413460561685,0.920935571122444,0.8379010317791991,0.7653310165207975,0.7032881005359419,0.6484395328429645,0.5852968199202438,0.466895708434511,0.222057677507125,0.06869204547829835,0.6835366949149835,0.9861960913449359,0.8825268088069018,0.90256806056126,1.300840220988626,2.6458652940118896,6.024485876428949,12.070218606635695
1.0521589915685146,2.2439322123566416,2.3812830801856593,2.455971448514354,2.4598688769776436,2.392522863162276,2.2607706088406614,2.076358653391911,1.8527198278814996,1.6022074335795025,1.3345003551054349,1.0561691833132543,0.7709930037225705,0.48060042366843464,0.1854517111034378,,,,0.6697478032464105,2.3778345022485547,0.8957973766102535,0.9969149428617671,1.5178784215500807,1.8467437077388493,2.1034869750744343,2.364190023443834,2.6420823810098155,2.9377248878581415,3.248717674966491,3.5709988793351366,3.898810435391546,4.2243684663482215,4.537013123154087,4.820187710661289,5.039688401557816,5.100959180495953,4.736777775983263,3.530065886934062,1.8753321239717646,0.880517003189792,0.5332884782939141,0.4622069907685161,0.5218019473344518,0.4650960866353493,0.5896794688246408,1.2785601947978287,4.124934086477129,12.228607696876926,21.7433808337266,26.24040952929327,27.667577946432623,28.04257528719175,27.85529548947551,27.079731803733708,25.599543527169704,23.370533576976843,20.4731595123869,17.06842587224971,13.3001224377194,9.214181927478776,4.730752680295537,,,,,,0.13079408575857662,0.4651418629959639,0.7370756967837,0.8856022710880768,1.0194954039061443,1.1465209376767194,1.2574735180856675,1.3401033865728473,1.3826399577010444,1.3771360147901524,1.3233736126962539,1.2314329219451967,1.119894147996271,1.0087679143328876,0.9113410382979276,0.8309841365836848,0.7640553049449509,0.704941738497536,0.6496249202945612,0.5969915070516784,0.5487138748570304,0.5088127707766507,0.48411440370114467,0.4877356216758819,0.5531906065161732,0.8011392391236976,1.6617226918917687,2.900731009606284,2.5150596380608516,1.8528588649056796,1.591961185347319,1.8276040741163948,3.103219506763711,6.490212247360062,12.53775966555017
1.054228134128138,3.0761915090106737,3.574781398906062,4.005694836758364,4.3177961108104554,4.471867479099232,4.449536326671993,4.255466374076476,3.9126237189659236,3.453764622033162,2.9130669434778467,2.3203463482029703,1.698279583679345,1.0617192180372,0.4194081117588068,,,,0.11614053156385439,0.9201731969306801,0.355700857334354,0.20642792728996223,0.22347977220618373,0.25833599424833803,0.2911220425485021,0.32572689455015463,0.3631981374273843,0.40359797634728467,0.4466836368849529,0.49199466949297743,0.5388346181610504,0.5862380907398501,0.6329380093357081,0.6773221291687697,0.7173039627160653,0.7497765525409589,0.7683927328381255,0.756689343867157,0.6853848411424835,0.5831883987126574,0.6033126523850673,1.0448717182738363,3.2209267110753137,7.543317305364042,8.581493130370422,14.412614893831089,43.07187836645357,132.25685253899,261.4003620726538,348.6189383137842,397.05618475846796,429.1427907557339,450.54186499541885,458.8431901509895,449.9584012453779,421.60478693318913,374.9674274537107,314.0672866314643,243.3848238644239,165.16042998419636,78.35568253194187,,,,,,0.045689573285237636,0.17848262655075472,0.35869744194316566,0.46665019585185324,0.5541209353966621,0.6339871955270016,0.7040869565096324,0.757184231532732,0.7849258894709642,0.7809459495247973,0.7443707200068864,0.6823683561157338,0.6090340467796236,0.5396367365469769,0.4837910337168042,0.4428333831298946,0.4123811413536064,0.38662411531595525,0.36128259196784374,0.3346455763284509,0.30735356552987425,0.2816259563945986,0.2605368348908906,0.2487970248885712,0.2622271987077167,0.3820062916843765,0.9152692327194696,1.6811959100514942,1.3687480473393085,0.928730816503458,0.7922233745755637,1.0782711036031756,2.2550646870917186,5.317805586578589,11.105959588655859
1.0562972766877614,2.135504969755278,2.621560904726369,3.100942141563428,3.525708501444527,3.8479297941601014,4.029555685821379,4.049240990725834,3.90379006378002,3.6047444568483464,3.1725391785554726,2.6307001583257352,2.0013617944596684,1.301822243545992,0.5439465063412638,,,,0.0796149507413328,1.4135279622194943,0.46879272571685626,0.08315151469922634,0.01695814581176446,0.009316493594144586,0.00962867902779932,0.01149069206110253,0.014193996373857258,0.017709510771548375,0.022078882296095854,0.027328118941988958,0.033447397989194015,0.040378995884989374,0.04800653118393076,0.05614594575200648,0.06454055374796759,0.07286530263590751,0.08075412218902966,0.08789547063180736,0.09435572555688435,0.10161682763703893,0.11551747412098855,0.15029675456887145,0.1884379710200938,0.16175695214515376,0.39253883130436784,0.9854499226268443,2.9584988431097567,7.001362571444772,10.173249548167952,11.403991346573484,11.822539120895131,11.94732800281393,11.86253225004074,11.526838924817756,10.884987133218074,9.919473176410786,8.668590554630285,7.20658239698963,5.602265152708296,3.885849335602811,2.038589907770234,0.011788353978091089,,,,,0.3259851295364949,0.28331453427928294,0.20296606129500744,0.21789105360632863,0.25806107571050796,0.30427506740882393,0.34925156297291476,0.3868686267129758,0.41029231348007866,0.4128897282817372,0.3907285721212571,0.3455661318332681,0.2860788867867176,0.22523755364440656,0.17476416790435503,0.14068058813332276,0.12271808672621781,0.11661004719093582,0.1168870587179263,0.11889780567418769,0.11990558522629245,0.11940937338010774,0.11862718531113171,0.11841417505929294,0.11658320324570338,0.1479762965902588,0.594372969127945,1.7693284586975593,1.840560303887365,1.4033652548172093,1.2101986263628108,1.4813985182165454,2.736126817090889,6.001442266585966,11.98626232550168
1.058366419247385,1.1791577261860515,1.5007776554535828,1.829512844271596,2.1340040918120153,2.3815148376275372,2.544442969532772,2.605129086012675,2.5572911740710307,2.4042456714706493,2.155386327800844,1.8225307876721812,1.417066038086638,0.9479499550343599,0.4212797661332848,,,,0.09311189394610896,0.9113752461565122,0.2761353244990624,0.023715420930142235,0.003871139895141952,0.01593338163894711,0.022383330077598764,0.027681804554545282,0.03356112713168834,0.04034752438419727,0.04808764886053942,0.05674549160007286,0.06622460541633575,0.07636197248183257,0.08691572478641692,0.09754150479270131,0.10771757709614686,0.116454946039601,0.1212038855403386,0.11458837090946367,0.08257463404805737,0.036090036264768324,0.05023418695679783,0.33589032496622123,2.35747239592741,7.198350649007934,5.822767093746693,3.591037225789893,2.8249134667028457,2.663521903488214,2.6311910277722332,2.6059125957254503,2.56166194955009,2.4913841104730095,2.390157539180191,2.2534695365085233,2.079408429123959,1.8706428664766397,1.6334624168743233,1.3736466664560714,1.0918927821206172,0.7815344022707544,0.4288110578195111,0.015352851710347403,,,,,0.19181056619667575,0.0794995385174908,0.062060757541759624,0.07938795708972426,0.10372281233062805,0.13277599254262024,0.16510423441552435,0.19834070386626768,0.2284693323624345,0.24952337228172303,0.254333313624553,0.2370736168429612,0.19719111158430794,0.14195926376259424,0.0844657874182459,0.037718021298956704,0.009367335869153212,0.0002031102856114552,0.005869273022856068,0.01977394263381742,0.03575973601943515,0.05005349284411543,0.06299563494469577,0.08334339348577838,0.14830521151342904,0.4257458073781118,1.535474078000431,3.2872570273655963,2.909883976774319,1.9219792282930293,1.3452714919905655,1.371245810891994,2.406077547217481,5.345995987538977,11.034409732259965
1.0604355618070083,0.6244807619731101,0.839686065542633,1.0662945244465492,1.2824402713817578,1.4647224004833346,1.592903288737918,1.6535036244782122,1.6410335574920147,1.5568945721193996,1.4069588464149712,1.198983574540169,0.940586299986123,0.6379859907631987,0.29582331818645463,,,,0.37913889491251046,1.0198649631369336,0.13595711445662506,0.008561398949190321,0.040315338668674754,0.05870673552298245,0.06968152329732225,0.08044147474623427,0.092258949626024,0.10529642324591283,0.11950241709600581,0.1347318317563445,0.150750981324944,0.16722547222582904,0.18369994228017827,0.19954639563385063,0.2137773047732013,0.22433239815521985,0.22559827565237225,0.20247939170584625,0.1342957672289659,0.048215728016703485,0.006530602912025288,0.017597367250379047,0.053768099703971395,0.029817594039627273,0.21086219388954236,0.48900823714932473,0.8263616139141309,1.0113420997920537,1.0362651509432932,0.99507687788948,0.9258550039425512,0.8409656955806263,0.7476837664337646,0.6537006018325522,0.5671664219924272,0.49404287355040444,0.434875564798654,0.3835565470079827,0.3289417326404503,0.2576564926915733,0.15602241685437707,0.010817665094340782,,,,0.0020039017272534833,0.02831077096343801,0.010912473837822055,0.027894722099689854,0.03777459958217806,0.049975618241332016,0.0659867457281769,0.08676170950405548,0.11308888774556433,0.14514809293898726,0.18158115164510852,0.21827204903164463,0.24791343241140204,0.2620599954833223,0.2557275871439416,0.23108750046599094,0.19649789715087637,0.16174990230687664,0.133661140337364,0.1144913651922096,0.10279583533724965,0.09526117368987963,0.08829172982990084,0.0785081367410918,0.06151578411980044,0.03040671747755968,0.0005874987940477226,0.1941464115906124,0.860069756774064,0.9514405599037572,0.7394496021329625,0.7040223441955411,1.0440507220515836,2.219001245478614,5.2110718581408735,10.947710106860306
1.0625047043666318,0.30605400595675925,0.44944645897399943,0.60718796201235,0.7639601544188791,0.902605894591719,1.0075734778828698,1.06773903892134,1.0776049996655683,1.0367820320671866,0.9484070895469044,0.8173250387193343,0.6485919780712057,0.4464826743613239,0.2142344670331099,,,,0.5191302945535531,2.4475744633415215,0.40836385104996864,0.04066257915638836,0.053437197257544276,0.07748169279718801,0.09068547125059506,0.10261456397341748,0.11535626552069075,0.12919087517540712,0.14406460183626435,0.15981053984317836,0.17617047607428457,0.19278758264147947,0.20919281386772526,0.22477359597592306,0.23865870214917875,0.24925378600735032,0.25246863380198903,0.23613985717061545,0.1733142608787502,0.06319698888904675,0.0065703590141258286,0.20126062643149947,1.8733878130095765,4.920508844424464,2.5532317565117255,1.1007060929262287,0.7406558628919903,0.6413590114014036,0.5828723524956161,0.5194594995349274,0.4442577740468804,0.3602429289390369,0.274692952046788,0.197703393271296,0.13971778768610765,0.10731703346126883,0.09941725299845505,0.1068346263128478,0.11550299477606202,0.1105672538298138,0.07873393060929008,0.00864532146596138,,,,0.005786589869624272,0.11536554304093981,0.06603412368133803,0.05378681754795652,0.05617602807813191,0.06146778896611874,0.06992698583299922,0.08331094842117631,0.10413177556131216,0.1355705802578244,0.1808021138299207,0.24107449652189436,0.31271875267838795,0.3852829173971921,0.44401178494051735,0.4765028425254373,0.4783443943243938,0.45340380293571225,0.41003892388079016,0.35704172427788405,0.30138874044721714,0.2477985614749781,0.19946234629024742,0.15962971289945302,0.13477900203733462,0.14563351932104746,0.2914040699663718,1.0071766619379785,2.2968546184883625,2.1610884626246714,1.560477131194866,1.2646683013240818,1.4384515188303948,2.5379419265246175,5.518858952092866,11.248764263750521
1.0645738469262551,0.1439616614732383,0.2268953830485688,0.32609034745735527,0.43209967590266957,0.5331750976427838,0.6175541671358616,0.6756356413387352,0.7012488779344405,0.6917634229645498,0.6473340878730977,0.56979729815461,0.46162678862937967,0.3251027414397228,0.16191924995661677,,,,0.438200380509231,2.331652722615451,0.5607173757092144,0.09941460367516573,0.06271033335117814,0.0800717039760955,0.09073086857119338,0.09937657263360833,0.10821520389285941,0.11760290662543918,0.12752112337039023,0.13784865963052256,0.14839924984087596,0.15892113997354357,0.16908839858545857,0.1784760178706012,0.18646500077055106,0.19186974109077454,0.19160270688000722,0.17715705331280093,0.13449954290087335,0.0738532572179558,0.03688437106545808,0.038225712479456865,0.07019270031803163,0.01034624632320414,0.09911252019404844,0.25173296414433194,0.37228110307474716,0.41261986359830666,0.39349490051599495,0.34523226142855534,0.2806970081348142,0.20724593414522938,0.13304786912275715,0.06832730766969927,0.023412301835681795,0.0046368709794450255,0.010686172742333598,0.032361851664610745,0.05595561268145723,0.06741501854891666,0.05471982596372821,0.008228875241842867,,,,0.009728681609805338,0.2504032519908322,0.23992667967198386,0.12880198571339813,0.1039135465654725,0.10141235271937836,0.10644921375521968,0.1180406473711396,0.13916169854243968,0.17491482024480115,0.2316819992634213,0.31478312593597846,0.4236496840585298,0.5466854324193626,0.6614595062549656,0.7432373637895833,0.7761135514855262,0.7580484465104633,0.6981206992207194,0.61056899650913,0.5097845515392673,0.40751824716802126,0.311930808326117,0.22781407277722962,0.15778239368587246,0.10761384804516719,0.12136583270349291,0.4263590756322077,1.0543192653808329,0.9584661179790038,0.6347877742880551,0.5350987953455072,0.8104295478253941,1.837553911343398,4.506365792703888,9.869945807013176
1.0666429894858787,0.21873950717907417,0.24636238146178108,0.2883977830969403,0.3408590999672858,0.3972756088028941,0.4498364681414702,0.490846149016526,0.5139395717600894,0.5146948410939518,0.49062044962239104,0.44073195517450325,0.36497400173959377,0.26364211856942976,0.13703964206375788,,,,0.034248203646434466,0.6834133080288993,0.2957247569437475,0.1224567048506056,0.10760880958923331,0.11549681116979707,0.12184140050093711,0.12767492047960743,0.13340508925273872,0.1390387937845522,0.14449316822948904,0.1496492115639199,0.1543594706846962,0.15844953366248185,0.16171968003397297,0.16394641212763345,0.16487732117273263,0.1641916511650386,0.16132611530669705,0.154908269201516,0.14225539829468237,0.1282122967010326,0.1654711385877449,0.4808927899810729,2.1468661161330003,3.884960483023502,1.6102100222414568,0.6358208612658827,0.4167714894825414,0.3573908229512676,0.3216761361822478,0.28162273155891737,0.23295845214327393,0.17788303935683084,0.12181054996627391,0.07236679832587686,0.03747154526490961,0.022088218193979145,0.025324860527045728,0.040149354776381145,0.05594364624694706,0.06177770650082481,0.04837244332940489,0.008527962004388333,,,,0.0050754258865301,0.004751685884593489,0.10062057388105376,0.12885085590039197,0.12873555832016426,0.12978539606118866,0.13386529738724498,0.143451333987993,0.1625666717456611,0.19705921953006147,0.25443667061516007,0.34191529690036593,0.4614403467498231,0.6032527172547917,0.744030522435163,0.8545210420514436,0.9123067973399611,0.9097948981071101,0.8534590430185321,0.7580737288514865,0.6407513094636198,0.516949253200556,0.39866098832074814,0.2944978363669425,0.2120608195488185,0.16861161046236206,0.2550793239343072,0.8923440577437506,2.1175642964016475,1.9833806093608906,1.3635888724779206,1.0693585700348034,1.2802139498063916,2.3859546426488145,5.3013879415579455,10.964899708508085
1.068712132045502,1.231549558366126,1.2350672197971928,1.2288879186844008,1.21093192868016,1.1793744576786511,1.132956714837487,1.0710495072369377,0.993493367985201,0.9003273864675417,0.7915280998922481,0.6668275375524357,0.5256168728649097,0.3669092551104295,0.18954703477469273,,,,0.15085439918264254,0.19371072324059738,0.08487755644740813,0.16043553315709258,0.2538105122871125,0.2918470470197946,0.3133081050507277,0.332180657132487,0.35059272595142893,0.3686261291464964,0.38600648858497405,0.4023489821926348,0.41719344251001783,0.43001195293760436,0.4402136895087455,0.44714158840510193,0.450025495817569,0.44776688055660596,0.4381767679418178,0.41602804130909643,0.3724365165580798,0.30767412691599094,0.23655053449294192,0.17823244581189304,0.15188880992225276,0.04211213900472214,0.06380493852273968,0.17189900479145567,0.2578012100395652,0.2947102307754874,0.29532580873563125,0.27838957441142476,0.2523587925542492,0.22140079504963814,0.18908551196582704,0.15931969334345886,0.1357868584630531,0.12053493100220176,0.11268960726284288,0.10834986348549155,0.10176397481658951,0.08683311415485499,0.05802991560944274,0.010662865701544537,,,,0.01633301187963079,0.24731852580494626,0.2325031342274976,0.1575285956743805,0.14155134747625128,0.13723027065102916,0.13601351066547826,0.13861804284477608,0.14825271276197394,0.16978391490750344,0.2095442767920114,0.27412948750559873,0.3670102122915722,0.4834737202954929,0.6078101973439054,0.7171566602507224,0.7905571409831871,0.8164871720720109,0.794598330225111,0.7329787494414662,0.6440822180980827,0.541311989214677,0.4370046442846776,0.34213066672617076,0.2684143725747468,0.237785048467724,0.33524732928595696,0.906481826787436,1.8910768860798883,1.6795243358114953,1.112381263070686,0.8389920397952352,1.0012090434670353,1.954834507338347,4.5465768643667355,9.822654551299498
1.0707812746051255,9.401522041176314,9.819576132075484,10.018126312215005,9.949689254466014,9.596152554867649,8.974631321839333,8.132765303490135,7.136006186028822,6.052710631244624,4.942306336544641,3.84879603675577,2.7986647147644903,1.7997187027267731,0.8424593955204822,0.016835840079854048,,,1.060139643133157,6.261708384095197,2.2915893708165647,1.0485646437966203,0.8760845957140487,0.9132121913048366,0.985145728185332,1.064692581567122,1.147321027241039,1.2315653667656483,1.3161385649133015,1.3994894392705928,1.4797215446635523,1.554578846190633,1.6214618504002507,1.677474956818291,1.719509987112924,1.7443658989386446,1.74887724363088,1.7299187954213677,1.6841085490177685,1.6116199171911236,1.5721421017465382,1.9580889295515067,3.913456121440836,4.6097816836012075,1.6331409406363815,0.6326768948198778,0.4284661266071972,0.390558950826289,0.3847941865894153,0.3831067248112507,0.3800560574585062,0.37498103083755985,0.3678878250625066,0.3584134292419029,0.3455929687532589,0.3279758138084709,0.3039039341880437,0.27170410182996946,0.22962448341806435,0.1755753477105322,0.10686715911502367,0.02034459996125479,,,,0.008125618894981767,0.15209463988443553,0.260666502690661,0.17498049960441442,0.1436134861279479,0.13091146377299454,0.122206941667704,0.1154877170677824,0.11257113832908175,0.1171999220660062,0.1344411665855458,0.16963213399561586,0.22612746843951056,0.30221941749507875,0.38934269536391164,0.47389034885422837,0.5420111345225883,0.5839930797225877,0.5959305243327412,0.5790805887146727,0.5382702743399178,0.48016887422992205,0.4116447419480121,0.3381600335807846,0.26212963141560713,0.18285486987891925,0.11397474805796862,0.18195772925234138,0.5118469239367083,0.5499563795000261,0.4422620285064142,0.4773806165436164,0.8153657748023612,1.844671434757288,4.449562240545114,9.718787595546983
1.0728504171647488,84.36249979797707,95.33676313855517,104.846397288602,111.84432611834191,115.45558904407956,115.16499888408532,110.90340922339722,103.00863352071858,92.09529128030017,78.88913702758579,64.03245200150863,47.650881446802984,28.212974679508847,7.366672092114662,0.09791392340846196,,,0.6547054316001522,4.399087249935825,2.3276521097971163,2.047937653455312,2.3717352612802562,2.6640715097985708,2.9370255369707587,3.217234301653266,3.508665654853647,3.809534996544377,4.116149603597092,4.423455300105311,4.725023605408808,5.012938480595119,5.277531962789091,5.506425802129361,5.680785232102161,5.76148691631322,5.644037303807273,5.0608743570653845,3.6695690101748077,1.9310286490857818,0.8512672651657986,0.42219705733069335,0.26644427147890504,0.08173299506293696,0.0810364108368593,0.23284659685069886,0.4419078442961305,0.6082251041289735,0.6982918427313346,0.7535750951097365,0.7976283263415794,0.836301436332056,0.8675764330298131,0.8854130498248155,0.882087624456695,0.8509377527743515,0.7887532071945245,0.6961643085489685,0.5757348574934414,0.4292706350526865,0.25598222397707715,0.05261547035841579,,,,0.008758305699634962,0.005910677517266709,0.08277042839745793,0.12265927178736276,0.12431364180473285,0.11672601047902319,0.10513957255977886,0.09138709168941053,0.07733113684631258,0.06594016186216313,0.061532825876021116,0.06915229922363375,0.09289362068819566,0.13367967493419758,0.18794735228201423,0.24851817752302735,0.30710393876735703,0.3565938036167246,0.39209091762686693,0.4110551899427236,0.4132212954670265,0.4006143008729548,0.3779443197510592,0.3544077695932456,0.35044746420023065,0.42363077736910115,0.7784570379033543,2.046956681116124,3.780311111181205,3.096874056499813,1.8600896107645717,1.2281472331191634,1.2648201871150335,2.205255345042523,4.8372190240606745,10.16302228497788
1.0749195597243724,13.53886763376943,14.981766303610165,16.107285967861408,16.77988677109193,16.906668171449965,16.458297902497083,15.471923884970685,14.036443728257357,12.268251554237732,10.287313237697104,8.199558831853858,6.084851418752733,3.980362810172835,1.8688913409419703,0.11792802386756879,,,0.12344679688533672,0.9463326365554758,0.47425471928652996,0.9180992423185411,3.47953266639213,6.70320783931764,8.254364173073391,9.235685668475538,10.154474340404569,11.093015808341278,12.05363588994659,13.023201996199177,13.982632623758962,14.908030460768646,15.770466159676591,16.534619155504203,17.152916814529664,17.542038496982478,17.497702558114632,16.450123565596094,13.266742274356458,8.077074095271627,4.3173993847597,3.8935034297020823,8.680475460948958,14.525051928197465,7.619357041583131,3.686694407887779,2.7669686684218364,2.7187631141500144,2.8928594966277053,3.1278891070865664,3.3795283987333273,3.623730802810784,3.831043763442592,3.9620699571531857,3.9742420258361224,3.8357274382644646,3.537517435787765,3.093717659707447,2.5292630990882654,1.8642214063060014,1.1037267793605965,0.24239542164647757,,,,0.0267405222401522,0.2683466071072616,0.27886384727492436,0.15519659441399497,0.12167692130337703,0.10728334110648634,0.09396794471210422,0.0781509016956271,0.059504638686788305,0.03926287403242894,0.020328859205119378,0.007410203781331463,0.006347981722183039,0.022232122494385716,0.056951177964535714,0.10785391168891681,0.1685764318261046,0.23122448828684028,0.28839493726889587,0.3343859475678678,0.3657484048749209,0.381372462210487,0.38204120659770174,0.3690723369969913,0.34097752344247984,0.28665911979939057,0.18874871355317283,0.14501996552427973,0.42186532690064404,0.5027394408717925,0.3793066400618942,0.37402504863259123,0.6537354622114045,1.5604805384615639,3.89718824372393,8.788597653816073
1.0769887022839957,3.0327161274897434,3.477666257166161,3.8677742348941178,4.16060796497019,4.320975845756605,4.328352364465489,4.180175493151698,3.8901542086065715,3.4830482488736147,2.9884347642564606,2.435498316590805,1.849677338053263,1.2508914491205592,0.6533182277522913,0.08486854658324945,,,0.10086614366916026,0.12675806753360144,0.11190371769979918,0.5749715639574478,3.667862407702741,13.58339919794134,22.404269605399996,26.584175178255506,29.569689924253247,32.44370005255285,35.36556468487484,38.32068776739382,41.25504451120062,44.0932486753093,46.730768093224114,48.99326526979651,50.484854235141924,50.08531115397571,44.8588871578369,31.20693613353411,14.531237976015808,4.960573039173485,1.6261385429360609,0.6935240225970833,0.42032698873133517,0.12516240566650372,0.08724314666044329,0.3484319802436843,1.346410096025059,5.207261832868553,14.873832191948543,25.689517811445796,31.544417328570812,34.03257000009059,34.966498646299065,34.76758770054895,33.39057983174107,30.809672872351676,27.174091155337113,22.771682190683194,17.893779092210774,12.700591512019543,7.154477253551472,1.4294740132723087,,,,0.005060074016767611,0.07171601119895867,0.1799688882563962,0.12644699268890913,0.10457852566512857,0.09429352596394748,0.0851971100083712,0.0746682099699238,0.06205002364048775,0.047753648951726464,0.03376246210645264,0.024471588414246973,0.02677748470691049,0.04814295292701808,0.09277150812115456,0.1585266844598201,0.23730077057943183,0.3183191525431943,0.39166968774854316,0.45035823569701644,0.4909373486372584,0.5133567441825373,0.5206351173353876,0.5192423692614134,0.5227889001459581,0.5685991900146713,0.7822638407041299,1.488527209556149,2.2352263510642745,1.6490230238245895,1.0146365101453523,0.8108165329168212,1.0524373461027823,2.0430263134819615,4.61116232631807,9.816155864835682
1.0790578448436192,0.5624829340675261,0.6896990749699718,0.8130575088252281,0.9208724081722305,1.00195110846633,1.0477199415461556,1.0536011684910584,1.0192194273273962,0.9475887389224443,0.8437995332350063,0.7137316604178451,0.563095038596849,0.3968548993194019,0.2191588303479413,0.037452512367521305,,,1.3464950709722467,7.1335417176705604,2.47608630202425,3.0517158927568704,13.725370364408182,46.049694467207736,72.11805337053397,84.61618440023534,94.08235306874313,103.37253954848164,112.86520662028343,122.48970355243391,132.06468478166474,141.3295638299359,149.8762600623095,156.86221763469243,159.97248423204326,152.43630083908448,120.7588192445166,66.22480765064434,24.59680220735741,7.698647474250068,2.7470146862175033,1.8245968239892056,3.311194666722534,4.994817032457346,2.3971398866418,1.0994657382308979,0.806534164769798,0.7827369699469287,0.822189811353094,0.8720999665222405,0.9157630857910608,0.9439144436572556,0.9483775453740163,0.9222614448435102,0.8624869093154325,0.7720658649327934,0.6597300015988162,0.5364219797417163,0.4109280101969669,0.28737522453750547,0.16525599551116046,0.04117248492529695,,,,0.015365002446144922,0.06536416527284111,0.0616994208210612,0.07063071511711604,0.07346731643553359,0.07210579469132283,0.06985957718812455,0.06809999056426831,0.06753376187430203,0.06917750437326267,0.07544843531168895,0.09137757804600201,0.12476291218811662,0.18351550986104484,0.27051069329757954,0.37983977758187015,0.4981596554240879,0.6099807261663079,0.7027458973289361,0.7693216545506282,0.8082067034293604,0.8226929074064513,0.8201637568063592,0.8130525394064516,0.824862881979559,0.9115536871778662,1.2316856680705854,2.127017212279688,2.8794213483644997,1.9519578939025153,1.0546808689087295,0.7069605846005587,0.8459190219134386,1.6909129029701184,3.9752874848578004,8.785519557078327
1.0811269874032425,0.45874633792222774,0.5095551083289442,0.5434999310737011,0.5563220093164264,0.5466144111818368,0.5160988480693811,0.46899567360765404,0.4108027861587991,0.3470095110094555,0.2821630314903812,0.2194328116488754,0.16058641298190526,0.1061821745967119,0.05585180607066907,0.010178461462555662,,,0.5207245154712559,4.349354121585661,1.8793635072585084,2.373740825153492,12.249540752111594,72.77192759550407,220.19176946133624,320.2564624087041,369.4380496262025,408.39332831049535,446.6126392678447,485.1090170460352,523.2137587850929,559.3091927024171,589.4249294413464,601.7735251870332,562.8587746336896,419.2252557485751,209.8012877919027,72.90481535634146,21.211532163967792,5.972945339717593,1.8806425921594478,0.8431589617214919,0.5696551935806188,0.17649410525601178,0.059415004954282626,0.1357581580491686,0.1915754736481575,0.22526168268764463,0.24717625584641784,0.26160764225517946,0.26855288645597086,0.2663245732163288,0.2532006046932953,0.22877383660792414,0.19498638013593975,0.15617590936363973,0.11771066013170882,0.08392031141500071,0.05673722768527769,0.035749301147320424,0.019167107867336473,0.0048631442509587995,,,,0.00802363968280403,0.13180534839934432,0.153220459064715,0.07324721915538984,0.05091766838693023,0.04467733724624867,0.044222671816413026,0.04843913427809176,0.05841473034079817,0.07646856324627209,0.1067788732577395,0.1562773987096616,0.23402206974582693,0.3472213799447249,0.49504820866269245,0.6653221968153606,0.8378093358110119,0.9916583120151586,1.1116293249804712,1.1905736363065007,1.2288381752049808,1.2320124335186893,1.2077467115176115,1.1612094784724563,1.0866723834776841,0.95030041816566,0.676491067235557,0.2787043440752641,0.17775907231598556,0.2691084743419831,0.26926746670242335,0.3455564112451174,0.6581312951197533,1.5478405743776413,3.7915703672402263,8.503882925276306
1.083196129962866,1.22844058976109,1.3314855631887113,1.3903941235072326,1.3962563560036192,1.347038370561735,1.2481769839022665,1.1110626022031322,0.9501365812066584,0.7798250834186167,0.6122910673986377,0.4563607260349928,0.3174469905518269,0.19806982447497987,0.09868803567506447,0.01975879960487111,,,0.2081908688420978,0.31575440909476965,0.09606889599445065,0.5311793114550384,4.043736046973217,31.142082915968125,220.3341518352788,1042.5347785497636,2167.0216568817555,2728.188578160044,3045.5642343630584,3316.2589328695285,3566.8431507301248,3763.707766422591,3780.9686888289434,3302.866991464047,2102.6860417690655,883.614107548236,280.47655704167175,79.25636697603008,21.64316234927648,6.056265235622297,1.978765733554348,1.0431149483493212,1.1836760259537793,1.113871189056954,0.42624807133674564,0.19279649509077934,0.1463933450762572,0.14541324834570787,0.15384998350416407,0.16164477402132943,0.1649005777099556,0.1612813811176075,0.14938432720082806,0.12927345181073516,0.10306172713721302,0.07469594102078969,0.048631967167612936,0.028109188216880392,0.014203789558744096,0.006107951657174922,0.0020863814383940767,0.0003579918429381692,,,,0.0004317077853855119,0.011291387808228859,0.014971139301996204,0.018451265922835806,0.01667788414764258,0.01427074951179919,0.015373793028501991,0.022836176980581043,0.03996005303083624,0.07148660949662397,0.12437858598553343,0.2078814744887627,0.3313049846878697,0.4986297472407373,0.7025701952807938,0.9235832147283807,1.135951618982695,1.3165491281439452,1.4507156362901263,1.5337150394439967,1.5693612699586086,1.5677905537284798,1.544103911423901,1.5205340292547818,1.5388432950113018,1.7030029107647267,2.3062220130107076,3.9151574984178596,5.120427814902466,3.3409452605376098,1.6956501924826735,1.048750983564416,1.1085641633248668,1.9655772718696554,4.317011877219354,9.201408662045939
1.0852652725224896,1.9201043572879237,2.0629205638696524,2.1417433911938755,2.144774684545002,2.0695515754272638,1.9236830162426097,1.7227910944811597,1.4866235598955286,1.2349512298882535,0.9845468026274169,0.7477159099079131,0.5321305995283944,0.3413680324435955,0.17578285495942242,0.03803566683177713,,,0.14956101345237732,0.4993688489333179,0.2430899763508451,0.7787812871332226,5.3194510004247535,40.92409998759891,317.6920209405056,2443.7711186484607,18240.98204292775,117409.33996751635,412194.7895557097,531686.7167640944,340417.19447666453,139454.48932432744,45171.35604895002,13353.586240562512,3810.558144480934,1067.03576496043,294.4436397712058,80.25799868018007,21.787327431194136,6.086310451349364,1.95138281055269,0.9182055074605536,0.7005427683006188,0.2798200214023548,0.03802859084617667,0.06295330571499032,0.09169864332440134,0.11141142447143078,0.12663592259715678,0.1383003895468065,0.1455231727976598,0.14667473124776398,0.1402297833458936,0.12568927670018776,0.1043655473440715,0.07945118902649698,0.05501296750693914,0.03441960077478069,0.01927768626640745,0.009439757483728403,0.003731092087770604,0.0007351906921910271,,,,0.0030624712646404014,0.0813890561628224,0.06822143444593946,0.016276056733569747,0.003398329781859165,0.00010039650451749853,0.003142519615880077,0.014956361335309313,0.0400909864977627,0.08505553609893636,0.15823700152844453,0.2685506641735341,0.42177408786514653,0.615222185680743,0.8344635450105781,1.0561071538501996,1.2557096214318195,1.4152471168147431,1.5262400364094602,1.5889928880893787,1.6101173470128634,1.5997228600080375,1.5686161497292073,1.5250653408614336,1.469243974975046,1.3808984045765398,1.2036614810502686,0.9041903836943159,0.6349725490885908,0.429375515642088,0.2914000756108995,0.3014531026459996,0.5595772078123395,1.3569633885192829,3.397950199000019,7.772851361649154
1.087334415082113,2.0015415756882766,2.095736957608177,2.126599653068973,2.087573374973877,1.9804765523236172,1.815348703942792,1.6080669566346761,1.376753564369969,1.1383629305775,0.9064201976447319,0.6901393041004663,0.494563345776104,0.32108030866930715,0.16795247938652813,0.037787662385502546,,,0.6442991746642605,3.8460325715398644,1.3688833727429248,2.0054021547083645,11.16657510112942,83.82924371213532,634.93497900388,4018.939287061101,13362.79896678475,20572.56205248934,23791.028481111196,25790.119428323935,26759.512965464928,24969.71561667646,17944.703238029495,8599.001443164754,2973.04469702679,882.8690305957999,247.551723064695,67.75838481984121,18.404877057648548,5.124049861002736,1.617445581768225,0.7296452239891353,0.5435843234706286,0.30399980171063734,0.10784668708895372,0.07421140176796948,0.07762059245976402,0.09152645198375896,0.10853750376680772,0.12611306889092708,0.14253743174881955,0.15572210648242654,0.16318512315281092,0.16266196489248516,0.15308404779714957,0.13536444363654168,0.1122894836390935,0.08739366272056265,0.06356978652642745,0.04229728012566466,0.02369295434139375,0.007024059090693583,,,,0.007430966323263996,0.048003937329236836,0.015781145564615386,0.005011016278830442,0.0068457685090930805,0.011054978276471466,0.021781734201279792,0.04351033541816569,0.08133896746585732,0.1411404786172358,0.22867073343046543,0.3474078235250623,0.49546769486529585,0.6633543420224727,0.8350889045751978,0.9931748747127237,1.1242323922520334,1.221719782237736,1.2853668232624604,1.3192468720246235,1.3300131594630034,1.3256602797434163,1.3147266131923108,1.3060207252265592,1.3092792734431156,1.3379524510437455,1.4195421320285337,1.5925415992934968,1.5392460982517107,0.9856703234350814,0.6162524456611755,0.5556277769730077,0.8192738939572722,1.6840807386570655,3.8804894780893306,8.47195515500668
1.0894035576417362,1.2992052543903492,1.3027238919995479,1.2730173194116339,1.2106915127658329,1.119960466346229,1.007951583408171,0.8832165355143831,0.7540344139920927,0.627097158661021,0.5068714861417196,0.39558920843469514,0.29361751646972906,0.1999166132633116,0.11247611835979526,0.03132873918688441,,,0.9888472990460292,2.292206336053722,0.48712611029799785,0.9018322963939355,5.592008242696156,41.61284666664212,310.9483377474172,2122.340844017374,9614.025442838769,19438.956953500576,24192.529714857614,26562.796254126904,27671.165708461536,26036.842939258924,19114.81094205037,9443.891072530178,3346.467519972075,1010.2856054912986,286.9303009533873,79.48614089564589,21.883833100434163,6.213611231755966,2.036846194806662,0.9895161902687378,0.827790583198819,0.5368216305160021,0.13901181242450186,0.03802148283449391,0.018775892803739317,0.01801895534399555,0.025472092140983726,0.03956661108428125,0.06206741293638824,0.09531914406279782,0.1404757805562574,0.1959846890233508,0.2564216420157194,0.3126148647326475,0.353592970393809,0.36941701309725944,0.35304593260364825,0.3002560103531953,0.2082304798719085,0.07527214118132021,,,,0.005414456430504048,0.06628179239596792,0.08493480557505896,0.046567138258199796,0.04129271268608805,0.05055165312067973,0.07111747337588158,0.10451591099774937,0.15317814282384457,0.2187999433504334,0.30091434987750504,0.3957497596099356,0.49613803163560133,0.5931483054206024,0.6789949722259858,0.7494188156895837,0.8039858596751538,0.844660216211668,0.8742334882525516,0.895605503844052,0.911841737798554,0.9266109041836511,0.9450838579591332,0.9765765640238844,1.0432103197351201,1.2079572676110155,1.6584735706141052,2.762531017575313,3.579429779238769,2.3459623694912692,1.1752090312228727,0.7321641769250413,0.8332439656003172,1.5933628390982406,3.646685508213959,8.022944236304609
1.0914727002013598,0.4523720815417658,0.44029152004714256,0.4280983400215552,0.41627981563175137,0.4047324730546178,0.39272897924382844,0.37901845274490287,0.3620299639985622,0.3401070801542695,0.31170420824337325,0.27550888602574763,0.2304879821069851,0.17587245908211357,0.11117682234839167,0.03777185167966483,,,0.046325411542252615,0.01366765839688253,0.055373332167385686,0.4838834801791123,3.6677508878973604,27.900368990841233,210.97307710724797,1581.9210889496317,11709.041364088325,82915.69789869642,444057.406235594,725721.5748481391,343426.334026024,112860.92678003873,33801.89675627999,9801.037399310602,2794.2059070743444,786.0357586071777,218.3000857509774,59.91509228752273,16.353989806579754,4.555829824120993,1.4070254695625004,0.5623326906111212,0.2636316430868182,0.029813724564739595,0.021630882840284492,0.06634350352901822,0.12016878102565595,0.1577222593238663,0.15523010955087851,0.1305613962545776,0.09737117087221149,0.062136255361928655,0.030332580441795393,0.007938445557191495,0.00020089830907035825,0.0092164272035332,0.03206433830106598,0.06102286351160315,0.08575233379779695,0.09578930952538951,0.08189884999640955,0.03638545401049845,,,,0.02338900610817045,0.12818314709294054,0.0943564113531525,0.06706088982327474,0.08024185375422711,0.10262902641711787,0.13274748808228698,0.17147469164010523,0.21796910900081046,0.26887906227485864,0.3184880401532873,0.3602193243777544,0.38940551899931675,0.4058270897455049,0.413939426674543,0.42033946702205827,0.43049933669970863,0.4470948143833911,0.4703311984377507,0.4991853380945895,0.5325169089231346,0.5695849015419719,0.60974808667782,0.6506941664652258,0.6828423308434045,0.6737973684523454,0.5413002632594293,0.21261254966599047,1.7653355064189535e-05,0.07577774680744999,0.1359830352686801,0.23608301040496954,0.5189909436994962,1.2820892149184266,3.1908121347065497,7.285634714685259
1.0935418427609833,0.15246679307467398,0.1934869502110659,0.24766663742948528,0.3104143662288198,0.37506324384671763,0.43398806409180957,0.4799465115177902,0.5071809473649999,0.5119804272147896,0.49268088001911414,0.4492823003851735,0.3828979404428333,0.29513481687006243,0.18745031789579938,0.06437583109858028,,1.8102825665448694e-05,0.15426992473132392,1.0488502761509473,0.5261223114152853,1.1359617079513826,6.86197184916855,50.51067796485026,351.10186296414935,1637.478288945542,3382.365489170419,4254.458437442462,4745.760777190278,5159.398953807995,5526.450884674425,5757.160127636369,5557.556183452781,4389.182808270853,2397.7630183011547,906.5069019102766,280.2592969934403,80.21550298579876,22.489005377412703,6.495098048642182,2.178143387551156,1.0912786820919147,0.9615354136865807,0.8085988503917013,0.4252827317958492,0.29207057276679016,0.2725147959527633,0.2688624962239547,0.2589195294924443,0.24012451185140796,0.21221798944681258,0.17610807134370177,0.13447643492268097,0.09207294555425062,0.05501337212012227,0.02882833917509539,0.01607898562053009,0.015114006480974362,0.02079806156294488,0.02645104663310964,0.02560717628364593,0.012932879143818174,,,,0.00905446979239783,0.028982908652758103,0.09992875146963838,0.11904400641439508,0.13556578713567413,0.15955578251054728,0.1896789536463049,0.22300750308265221,0.25456641252815115,0.2773251866459261,0.28381259723719515,0.2694757627275323,0.23630276133096328,0.19378615476883937,0.15536858324358932,0.13239845094087593,0.13010521619397597,0.14777303864195934,0.18143809087342477,0.2265463353562959,0.27950085702467964,0.33835453432768636,0.4033951571059034,0.47881273260254786,0.5783816627444295,0.7445481464320485,1.1092651907013544,1.946633762609696,2.6009209337078034,1.7662037903052494,0.9732176705593885,0.7151582703475287,0.8938700893412669,1.6887699923999497,3.750800409329477,8.07628607591721
1.0956109853206066,0.22858314088738718,0.34061577290369377,0.4695839562039666,0.604587077565439,0.7321491214912786,0.8386006786396865,0.9124933921592401,0.9462242652063513,0.9364899259882281,0.8837306769892063,0.7910245280455644,0.6628652431469015,0.5039877272650849,0.3182365166230787,0.11354689340130383,,0.0037824218164589116,0.7797476310344483,2.6991356788898964,0.8166140170362548,1.3294605305768108,7.361610161452363,48.804904085146866,231.85747410242402,500.8844412538269,643.3331366371572,723.8815706855665,793.2547530434302,861.1965623210953,927.3263364173163,986.4899466003886,1022.5338647754432,987.8249447940857,790.767603951114,441.51358407297874,168.52481322244503,51.824204421130325,14.712095113722508,4.156472613853505,1.2742833694447928,0.46881994679862204,0.14073219323909847,0.0056249969043449454,0.1493584880444703,0.2700395928116831,0.364670729380551,0.4173803895788974,0.4359941517650676,0.4355345553518215,0.4211778393589963,0.3939922486780829,0.3550680664320424,0.30730814862024847,0.2557870245215863,0.2066192398857636,0.1647234767574059,0.13183929130016475,0.10608613674557148,0.08305052750532918,0.057354703861608854,0.023879272184654327,,,,0.050272952917183894,0.3028942853763048,0.3119393185971031,0.20102337724129862,0.1905594602721724,0.2097759417163537,0.236620735319802,0.26261716246171624,0.2804963288087292,0.28238662424191274,0.2617237875392436,0.21693748207542674,0.1545391137550831,0.08852242469038095,0.03501903950078179,0.005490888043635727,0.003398080297217339,0.02569615430473379,0.06646051734647254,0.11977980312926488,0.18111835964420284,0.2476845124538314,0.31854742983948237,0.3952544678205495,0.48452069913122325,0.608259648377444,0.8383151031020089,1.330875157021673,1.6805688403710086,1.091669595824623,0.5548086576317159,0.4011176828915048,0.5824642986447351,1.2796853141067173,3.0840756362445245,6.972709805589119
1.09768012788023,0.42055526480568073,0.6015457486486114,0.8027913414588546,1.0078980828485942,1.197187092226723,1.3511240216835327,1.4537116591307149,1.4946974699824485,1.4700927602574323,1.3812623024529547,1.2332575812290905,1.033027308674735,0.7877909488209547,0.5036883618874095,0.19208859657847235,,0.011168838342477828,0.2096922779576985,0.20881957577762786,0.1052601558295024,0.5190883664989616,3.566145561621785,22.719450739749924,89.28269841287998,160.6266462503959,195.64341055983732,218.1025559640121,238.5914515468759,258.95973015190714,279.1517065559047,298.53808018719326,315.67948556910466,326.64401483839384,319.9410372671706,270.14768598935507,166.28714309557026,69.15512873586766,22.437730897470917,6.865579356956752,2.402321276506107,1.2874135462710397,1.2898162982873362,1.3645387211072781,0.9997722124541458,0.9033441680766958,0.9817241609495349,1.079046263975665,1.159114545451003,1.2242141470221588,1.2747617141388603,1.307051552984598,1.315273330738366,1.2936001754675799,1.2385214205110637,1.1506299858475681,1.034484723388854,0.8961785073923367,0.7400370077637956,0.5663425243834791,0.37081305938964776,0.14663091667200326,,,,0.03227954733319401,0.023068766510986626,0.06398533554824376,0.16318670148228867,0.21349878139926934,0.24751113310770984,0.27671717682843466,0.3009936635471059,0.3157286227339957,0.31496915134711573,0.2942398874054992,0.25361321285079474,0.19963069682716642,0.14411328693409015,0.09970971817707655,0.07502225684858452,0.07264569882359388,0.09052447183011068,0.12449228891745841,0.1701679432275444,0.22384911980996228,0.28274956220406877,0.3447660610275937,0.4073869082744127,0.46421395772572555,0.4956406304713943,0.4563491024392968,0.32839800347520504,0.27650507806955804,0.2722723582521545,0.25482796721444434,0.3242558070834944,0.5917132666647997,1.3283760740756654,3.15718806303198,7.0448632054232565
1.0997492704398535,0.6790731145923177,0.9282591178052574,1.2015419195903843,1.4781577691159173,1.7332392988811067,1.9419312680449115,2.0834751590437053,2.1438942243609684,2.1166691995226095,2.0016945304439724,1.8032863854498813,1.527888675596814,1.1813121465571848,0.7643395592354639,0.2869465486854868,,0.007590304149354594,0.0017006283117934607,0.2230063051998716,0.22764900549797393,0.729000866562811,4.375662047494474,21.791758918768828,51.16170350420886,67.84623157688185,77.00258524436697,84.79308615111765,92.53240416920819,100.34949000096485,108.12873541371928,115.64119577434799,122.44245544594253,127.41464650467977,127.30049927481,113.85820635629187,78.3314234514279,36.333696025343706,12.366999006564841,3.728136247615003,1.16085307194576,0.4065341670647328,0.08233212966774034,0.07773787299714376,0.4538509403845407,1.0313683820674255,2.4719759248137088,4.859624541177958,6.898432463798248,8.2299346468527,9.232519103499206,10.094627944140246,10.815706316896739,11.310158851688591,11.467914208741707,11.201879176825123,10.481995464900185,9.339037251320322,7.836219762097212,6.027814534649264,3.9261314308968664,1.5252462639412383,,,,0.07167344518321507,0.2373671831196502,0.3568617006618258,0.28011832961913136,0.2676491775474366,0.2845859524608342,0.3089126211602516,0.33214835903400497,0.34889950345877896,0.3547725258366238,0.3471601572466966,0.3266963003475897,0.2978708804266897,0.2678490254372728,0.24391630940966672,0.23119468697367018,0.23187915752625832,0.24577710157852217,0.2712347753333768,0.3059390127618009,0.34759124405764114,0.39460822319649363,0.44712410898933846,0.5091852744592431,0.5951274216616116,0.7499593132876042,1.111963920379144,1.9617264894175808,2.6414761679225602,1.7993238067448012,0.965948208218862,0.6767269900014333,0.8182614242841884,1.5291513590067158,3.3833528366519814,7.298127689215413
1.101818412999477,1.0508899763144597,1.3796819541714935,1.7358699590215305,2.094232980507468,2.424767142409832,2.6973821763960473,2.88649879145452,2.974015004518601,2.949984205054215,2.811355406029306,2.5596193351754324,2.1978296791071346,1.7254272732375264,1.1256216629700688,0.4013248792232328,,0.006643431223885251,0.22705948217970956,1.6161801747526123,0.799977808957347,1.3502961490030045,5.907425197542118,17.672686868657074,26.569120350168312,30.99316055462422,34.38651154902962,37.7089565198358,41.1008524290098,44.543437074679254,47.97885315342078,51.32581299603311,54.46836338226599,57.20434142173212,59.06060050647878,58.706770262185316,52.765794214482604,37.266719778267905,18.15023216337245,6.755998253012165,2.6099002652188874,1.5794539526764881,2.040526158109161,3.0826766983239717,3.0855932829077233,3.8653195422195665,5.9942851767614975,8.202414971688064,9.591870024693579,10.502753299040961,11.25419888711589,11.930127779716411,12.492701075806917,12.84580839061816,12.875120771588563,12.488915206142666,11.650537870556226,10.382592712142653,8.7395513463517,6.767263778522232,4.4700482293896675,1.822978801017201,,,,0.11909027036837563,0.2683234972154701,0.2293058563034061,0.23689168020740123,0.2678427584586772,0.29654888374225674,0.3225949551109439,0.3452946318042786,0.3623012167378282,0.370896950892494,0.36954581518574586,0.35931196208003935,0.34437095400943274,0.3309088846285487,0.3247695647618665,0.32936344565488135,0.345104376825894,0.37022390392379,0.40198491793439445,0.43763857811150725,0.4750250996649828,0.512906785599988,0.5510762138526389,0.5902367813629045,0.6316705741813937,0.6771539982017546,0.7329754521613855,0.8114013837285049,0.7458132307619365,0.41073747494408713,0.2155281845302831,0.223382985542415,0.44588877057140736,1.094019959954857,2.714182556307666,6.2012674033082815
1.1038875555591003,1.5908519891881938,2.016012248414182,2.4661346231833856,2.9088498006030954,3.3067578680913123,3.6232101226951268,3.8277947556385374,3.899769988194115,3.828776718415436,3.613342386190572,3.258228074476192,2.771256627378478,2.1582844611363083,1.411729635986578,0.5416151251095253,,0.021768837118359547,0.18721175459720824,0.3820720413632986,0.20253547584610135,0.6014757428438231,2.954771344964307,8.587418419527147,12.77185254860542,14.891047599470923,16.51370000373507,18.09550479677638,19.70778868323242,21.343286858798532,22.975012092784,24.564422380129876,26.055896658171967,27.351076136822726,28.217936176880794,28.006973504051174,25.093586335376695,17.62792855620109,8.49332284306746,3.0338334735409194,0.9977388328285745,0.340037879761085,0.06834199779055729,0.23619407512416885,0.6947028358093872,1.081545540150839,1.5140669457453368,1.862855584265473,2.116097152456696,2.337994863166907,2.559526640555062,2.783359949232988,2.9949309830163795,3.1671724727512682,3.2660025604069522,3.2593542013234953,3.126625336075678,2.862489365681104,2.4723660198507216,1.9629704177205676,1.333588873018469,0.5767222157379164,,,,0.0462034000507083,0.04739168772313502,0.22469052970624706,0.2745425159168489,0.2867848913089737,0.3045759547438724,0.32390982305381294,0.3403630350502397,0.34971719508348886,0.34807818774180777,0.3334541745863902,0.3080380590190878,0.2794577530041568,0.25897355828075314,0.2566124160970893,0.27644314454041674,0.3155318578469674,0.36663560813483836,0.42186704657329144,0.4751226101875308,0.5229281220034314,0.5642800796416414,0.5999987113170931,0.6316973633387278,0.6599010390783806,0.6809198364648852,0.6930995063241792,0.7579035822010042,0.8538250471058382,0.6429271153811216,0.4450588450681594,0.4393770168063832,0.6740696795801685,1.376043168071492,3.115156527739823,6.763654353634741
1.1059566981187237,2.2089411752177353,2.6764250347266323,3.1337549152881166,3.538276443990716,3.847311643964663,4.026347462718823,4.055343513648773,3.9310922120448675,3.665393531014145,3.280417772869023,2.803178476786858,2.2605102956089937,1.674637616693874,1.0583680433579996,0.42981462346075516,0.0032402004998959666,0.03108709547693404,0.09924775682935544,0.2067224507841838,0.18895794048982667,0.5733474411992271,2.3560966276601656,5.093396820632319,6.614939859319734,7.492221777634029,8.261124549471468,9.036587355103348,9.831778984959065,10.639352644444866,11.44578224428142,12.233443439364967,12.980133824661081,13.65616796492341,14.21352543993861,14.547370620255604,14.374675459988643,12.982479718634785,9.479824469601901,5.049562118392851,2.3541198093112006,1.5514883959264723,2.060713498321141,2.782292073403191,1.8341262493418078,1.1346596290489308,0.9321840969069946,0.9320812667774923,0.9952908619855814,1.080885581546969,1.1779240937910467,1.280883048585669,1.3819885903246922,1.4690351181622199,1.5262515900079823,1.5376909715211742,1.491468573573681,1.3820352166952004,1.2089008105802874,0.9729284452276069,0.6726617135141978,0.30393433095307976,,,,0.1019950766345706,0.40989111252350324,0.43084036991620644,0.30437745433431784,0.28712357167243996,0.297199190991585,0.30970662126393994,0.31646194933752436,0.31158278200885914,0.2898331130575449,0.24886297612582717,0.19276183599997612,0.13404677582492694,0.09083778445280728,0.07908515019030492,0.10489890508027687,0.16278870937834442,0.24010533145909713,0.3232113035825847,0.4016283541955808,0.4695054798121825,0.5255073501346087,0.5725046292743645,0.6186764145705205,0.6832744791165799,0.8158860057765656,1.1488152300319296,1.8973270718345823,2.3721096028244455,1.5281894356893169,0.7884345756662442,0.5471654160174333,0.6821384770144622,1.315105224560564,2.9496407008887107,6.406599993255421
1.1080258406783472,2.2885918596859858,2.559554508191942,2.7647591656708737,2.881658319872515,2.898449606022614,2.816159093171972,2.647064572674234,2.410441881006267,2.1275804190628893,1.8177823433786175,1.496100698374808,1.1725964824321111,0.8521686070606422,0.5338246516800023,0.2193127660880314,0.008646620323095345,0.0090421644970471,0.04418274333852204,0.7823251654836891,0.583590268617937,0.911218063716436,2.068389132376598,2.966995105450004,3.434418806449481,3.8074852834640582,4.179524467385876,4.5644216263938056,4.960870380376844,5.363889952042923,5.766544681286039,6.159980136911415,6.532823228462363,6.869041165800891,7.140354421872502,7.280489141756051,7.109744296565688,6.212428035747969,4.228018220942512,2.021971346588299,0.7711148858955805,0.2925615633838237,0.12730450233144353,0.26736046552964343,0.46155301934884674,0.4986086047710803,0.5193346035305714,0.5548020736684003,0.5957654236144756,0.6395183942436518,0.6865862411207302,0.7367336501188215,0.7874954908334794,0.8335701581132079,0.8670839914991627,0.8790237851951762,0.8613745158022582,0.8086692728895357,0.7179255941065269,0.5871822433095952,0.4137482628035062,0.19400921479941216,,,,0.04533778888061163,0.006472069300871576,0.1056733150571612,0.22429901590845627,0.2627581600314751,0.2810340203340595,0.29172974631594717,0.2941548531056677,0.2837564318296974,0.25539592705753006,0.20666161674438208,0.14174830056307208,0.07363021923903974,0.021313614323239482,0.0019304528424346679,0.022693703108243948,0.07870306675012742,0.15716453451311804,0.2436487400719673,0.32649959755967817,0.3985125861822578,0.45672605164645075,0.5012230357081656,0.5332238278013751,0.5518258650972339,0.547208791297171,0.4879305539727679,0.3239488707402451,0.1201370121946854,0.055258383033039586,0.07605994715060409,0.16317659174608826,0.398259292965779,1.0065605067699017,2.4903346717180717,5.648678157571056
1.1100949832379707,1.5046264116550405,1.5451385187775404,1.5478889380715848,1.513899190751933,1.447365484338488,1.3546031010326336,1.242639993365231,1.1179306265936315,0.9855293911239058,0.8488061527536221,0.7095723501185459,0.5683892005386393,0.42479704297593546,0.27730345288567504,0.126431878335821,0.011178685418434994,0.015110406802789631,0.1198578887931606,0.46106101801341703,0.2518745797102135,0.45914951021204686,1.0531090802077046,1.485997972870176,1.715167544750055,1.8989800023961259,2.081864979601907,2.2709776463572595,2.4658829995343345,2.664242570671401,2.8627515739446676,3.05724563884672,3.2426496040989674,3.412781487586564,3.5596155587238347,3.6705208389366857,3.718587725946451,3.633373505371393,3.248983016724396,2.4061948409567564,1.4645349897346716,1.017685674964279,1.1643960915887832,1.3630067019865273,0.8827554933608059,0.5391122486969759,0.42344143985406224,0.40070910878027954,0.40431739990272336,0.41494843996338004,0.42860036650973315,0.44508900649626437,0.46448077745603505,0.48564585611370553,0.5055125954665728,0.5190160592116975,0.519859189454097,0.5016984823578261,0.45899142323635606,0.3870419938216631,0.28144805888945307,0.1380921783634713,,,,0.05973442998065798,0.32260535046516253,0.4384655556205701,0.3018693667987663,0.2699546123272012,0.27433739771443283,0.28621637114240134,0.29631075730462664,0.2990099628731544,0.2892558785038549,0.26365173455221375,0.22320555436118414,0.17544546673374792,0.13328577465378766,0.10995044931622754,0.11301930859845373,0.14189153909002433,0.18969783400177195,0.24716439925820638,0.3058020772419735,0.35958987704031553,0.40553862551471975,0.44377335863074024,0.47776545577411494,0.5156695363263305,0.5757264941526583,0.7098057341096402,1.050103387716191,1.3676030497770102,0.9985565375650574,0.6224405324093151,0.533734947808243,0.726537508239184,1.3783211469847962,2.9940424525851235,6.3325517401096025
1.112164125797594,0.7775243317310478,0.7598930806666894,0.7348006693052636,0.7041233589861832,0.6694147516914543,0.6316487782238311,0.5911140539437589,0.5474831373264701,0.5000046205671745,0.44773038451464,0.3897036911422469,0.3250708694849618,0.2531139875051004,0.17331345148871308,0.0869594799421264,0.013519819487685342,0.02832593833230851,0.16780370174576156,0.3160644482589004,0.16807118433502735,0.29221380271763636,0.5619205757370193,0.7261328622268409,0.8216242788773159,0.9054257294820873,0.9908095327322219,1.0796599352359206,1.1715479160460103,1.2653723027593105,1.3596110209787795,1.4523292124070561,1.5411244775760455,1.6229601244730056,1.6935916580975,1.7455786937188198,1.7618281099318829,1.6981842854678335,1.4626290099669939,1.0052565602552204,0.5470790411081752,0.3110644620187557,0.2465571585894221,0.2914548247576805,0.33875148830488294,0.31797322957355484,0.29771339905656596,0.289563977397237,0.2823583037216142,0.2729385301327677,0.2625711687562583,0.2538456161213686,0.24965715222177892,0.25234915092199034,0.262525406855269,0.277931386279939,0.29318731954288835,0.30074455118639887,0.29249747787178937,0.26103908492421973,0.20005855667151093,0.1044909413443735,,,,0.05850515778347305,0.05345765514887715,0.07527872254657669,0.1722078285077063,0.22063944282645667,0.2493941399018059,0.27424083993814885,0.29863954733056525,0.32113436694542624,0.3381148115140043,0.34549816768185504,0.3407117709041162,0.3246377925212948,0.3022663756574411,0.2811672668726105,0.2684848661222316,0.2683696389277352,0.28116221175429185,0.3041568654401007,0.3330640779215342,0.3635130349027127,0.39235564338597434,0.41889622456012277,0.44679087965583963,0.48901235260647646,0.5829640273716242,0.8314518549699575,1.3999501948318334,1.747563707223551,1.0879600712488415,0.5382875649793076,0.38462176108221846,0.5308560425226333,1.0985033410570488,2.530391480810987,5.542129466380389
1.1142332683572176,0.4058427585406165,0.38724310290192454,0.3717049356863848,0.35978262186212595,0.35104731789914634,0.3441613768712734,0.33715311126984004,0.32779773370661813,0.3139768786162092,0.29392301196065945,0.26631919534214676,0.23027114214940933,0.18516570548827152,0.13043305520648418,0.06657297898846715,0.01109023407170646,0.007840185591819373,0.040896666080871016,0.6134202713369786,0.37396730347791196,0.28151278208903907,0.29910120300369875,0.32833364043216556,0.3602700935761609,0.39468983263169144,0.4313840870916889,0.47010681327671466,0.5105206330841487,0.5521547774808679,0.5943792797089735,0.6363870424833225,0.6771814491349119,0.715566718240965,0.7501258872833374,0.7791230238217034,0.8000960760464629,0.808374958896152,0.7927357045291287,0.7299041818265134,0.6122915633509158,0.5301948615797313,0.6085158398647063,0.7004528660474169,0.5289893809905637,0.3665442919495093,0.28763827513144524,0.25054768732519556,0.2219526832794795,0.19189704759078263,0.15991952320181285,0.1289719171263613,0.1035842485453487,0.08864606317435099,0.08767160527466054,0.10081457414736879,0.12375336721491945,0.1483546316891762,0.16474150927206976,0.16339609824387138,0.1362578501004685,0.07707975346109466,,,,0.04267352292170135,0.12466478343372062,0.23596059768108557,0.20301878285820601,0.19645807890483452,0.21044540220187144,0.23329912671251615,0.26070117377508134,0.29007178726614363,0.3189560525088205,0.34522260250374104,0.3677432863107282,0.38662838734216,0.4026662568121443,0.41654784247323523,0.4286784350608822,0.4394823879186452,0.44947183267219915,0.45886522883235265,0.4672234435296326,0.4735240440697038,0.4766177880321495,0.4756478433233224,0.46981956637309813,0.45647181189376584,0.4250472990645816,0.3444180905528248,0.1733997310380009,0.026270784983388255,0.04507054805431526,0.09709848714507416,0.18801014020081136,0.41358995155630673,0.9865066895560277,2.3612921400205567,5.230288359455091
1.116302410916841,0.22216219195513606,0.20829010873137724,0.20146343600650268,0.20149509048416842,0.20701082895564427,0.21567325672336682,0.22461383227945012,0.23092766329829312,0.23207719179198272,0.22611684331636153,0.21173529998308643,0.18816287483792302,0.15498716405742524,0.11191772349619215,0.05959109343588744,0.012334540933577089,0.010328643995398137,0.06501287393082136,0.36179697972247393,0.14549411690394765,0.09934165754495539,0.10843062846174684,0.12042208767279314,0.13264941068229136,0.14583455300092127,0.16015251887757687,0.17560052650743085,0.19210005332057348,0.20950669569904495,0.22760286183822623,0.24608813532882756,0.26457054952522446,0.28255930286596986,0.29945648622276394,0.31453712963554686,0.3268843316703105,0.3352033321869489,0.3375201282801345,0.33235510825525544,0.3303202389418074,0.3843831025998046,0.5832915444332162,0.715868750264293,0.5447045065770225,0.3989192019986419,0.3239367941735151,0.2816159497207876,0.24242420553866215,0.19794782641440323,0.14860160366180153,0.0982089757953295,0.0525848735678599,0.018495818439513197,0.0017718823585902732,0.004809569903103355,0.02479613416506457,0.05396454617563018,0.08176502791513475,0.0974580979890527,0.09174173148570036,0.05732640726044327,,,,0.06578316122130533,0.09689283850996822,0.05739339567763604,0.09763144818318745,0.1278006680588036,0.14911010696567145,0.16797644601644687,0.1852000675657914,0.1994185339363587,0.20983122570332438,0.2186103251111269,0.23218623833311391,0.25954524183566774,0.3071284929795092,0.3735756021126221,0.44909471681711954,0.5202835165959343,0.5761599308847014,0.6112276940615745,0.6251341239928718,0.6208380439742993,0.6030278873257482,0.5775745943378429,0.5524260538150181,0.541064357643512,0.5730364171612614,0.7293347335400546,1.1929477725432411,1.6542627916121968,1.222024307001511,0.7322245436433836,0.5792118769365928,0.7303894179415774,1.3196115828398896,2.7808483293018322,5.750085416529492
1.1183715534764644,0.11095166435328752,0.0968917422894942,0.09217910231629012,0.09657785117672284,0.10847957203573298,0.1251577169567021,0.14326900743284646,0.15943107258534434,0.17069502898701694,0.17480912794437573,0.17027028578796655,0.15622660940373126,0.13231522102549995,0.0985710589632365,0.05625641424523749,0.01639578131441121,0.03134177744191591,0.21651334438182532,0.35363372308374225,0.06836940760786993,0.027972494383744585,0.02798967953257855,0.031566876358911505,0.03577647282958087,0.040669864644293605,0.04634197533903416,0.052837416859814836,0.0601657604084039,0.06830254126497058,0.07718381703169049,0.08669908657235027,0.09668434511925214,0.10691597538844777,0.11710482138792447,0.12688493757541064,0.13577393912167485,0.14302710447485986,0.1472051643211509,0.14563233983928844,0.13742801635327054,0.1345046498096702,0.1702913969720279,0.3536344619893439,0.528762801230897,0.5552336677461531,0.53666378873414,0.5104981161693016,0.47498363773659513,0.428660620339604,0.37325325961743216,0.31252916947439374,0.2520631339684374,0.19870957628569805,0.15904974574832248,0.1369822441542416,0.13165012457430544,0.1371074525453025,0.14394785984629788,0.1416827493526613,0.12048559702043327,0.07207908496509284,,,,0.061307013031867856,0.08882760794704535,0.091441908716683,0.09621175299358661,0.10293303807833912,0.1126578871816316,0.12089377637485749,0.12283707302098343,0.11420083557889181,0.09343849536599502,0.06525739146107563,0.04299933660333545,0.04619656533955864,0.091714718650803,0.1830246612520617,0.3062426555877385,0.4366150495785091,0.5498137137697617,0.6299927551478859,0.6717111619328413,0.6777276564098286,0.6556738451883037,0.6155232829306445,0.5688608100111111,0.5312322487498327,0.5311757887806785,0.632766619317556,0.9178380075920375,1.0253676871783823,0.578585255087549,0.2744291319809863,0.22969991815112484,0.39707411139664994,0.9134800441603655,2.172422733437172,4.783331535340614
1.1204406960360878,0.04850270833004487,0.02951619029703834,0.020519469835546335,0.02179141551292658,0.03219728337747234,0.04934290751394958,0.07001187364564936,0.09073510707718878,0.1083064781335708,0.12011671564099913,0.12427473234521944,0.11955654704308276,0.1052355031573851,0.0808389345043193,0.04660078794459387,0.012583041543443309,0.007824491883946494,0.044544986483301026,0.4472547679913612,0.14687619354669793,0.0203761435510965,0.005388633691963639,0.006513247138958108,0.009226785318876399,0.012671548463854581,0.01687230094701034,0.02187295173092568,0.02769317620826841,0.034323905023106706,0.04172196719991796,0.04980370043499117,0.058438588695710836,0.06744336284322687,0.076575663801416,0.0855219553575743,0.09386084042715347,0.10095973771351609,0.10592923691995296,0.1103101985746285,0.14271761079246992,0.38287588720278076,1.5421719878039044,3.2016995428827424,2.5704707847319264,1.8324121475516773,1.541812814537537,1.4687155484972436,1.4592491358797577,1.4579419617904958,1.4481446235037596,1.4246120118422343,1.38528711600375,1.3293550025396306,1.2569920571747972,1.1691645536767246,1.0668653485478248,0.9499127258919985,0.8158880301949911,0.659639075600533,0.4733644413743993,0.248158665366965,,,,0.09730788843002189,0.12594788147892202,0.04582898872035118,0.06605733627732768,0.09057208128552173,0.10895270127866503,0.12195823734108237,0.12682532639763155,0.11950298346768176,0.09812249781846621,0.0672176543309805,0.04061113194408439,0.03922264818262222,0.08193548648376299,0.17397290304775717,0.30189024309417395,0.43964387235927244,0.5604272968175241,0.6457825164674292,0.6884087398778209,0.6902985331542879,0.6591644526559517,0.6050667700694162,0.5378292903515419,0.46483142982844583,0.38811943160290785,0.3034607832352357,0.23016279202540635,0.23856154866830334,0.2323975618342501,0.21077144824911034,0.2628590791117066,0.46526945340660486,1.001948027801477,2.2747362891454594,4.858891208925268
1.1225098385957113,0.03960431482419688,0.017640046861420823,0.004344750322354408,0.0003194243871733366,0.004988203506141923,0.016659645641823945,0.032828631999838535,0.050615829524972754,0.06719905735607351,0.08012410939497427,0.08745404133831253,0.0877751787106681,0.08009472594525385,0.063657079245693,0.03825549624158211,0.011454314264816563,0.006762005707136296,0.060018832421561884,0.2390976671408287,0.029780186730038925,0.0017455855377378037,0.007960875555823074,0.013439139730822404,0.018261550219091843,0.02360242224618459,0.02976643023732749,0.036822760794507005,0.04477164911829673,0.05357143422906777,0.06313775187151052,0.07333760841879841,0.08398251672798815,0.09481989524047588,0.10551574235458429,0.11560292133524884,0.12431071504390226,0.13002662656616903,0.12885200761853036,0.11249899021174173,0.07281292211477308,0.020174156951557592,0.030193035990904157,0.41031208588102974,0.9142561200030899,1.5893615866929078,2.964530923780189,4.628335452634007,5.765957391379298,6.441308989319535,6.911266024839592,7.271325914994131,7.518996900833848,7.613589087036918,7.508104109399901,7.171766020084646,6.603432485125691,5.8300058682467295,4.891112916536456,3.8196226710734194,2.627157877630079,1.3084626739643943,,,,0.1252977128134037,0.16516535311778302,0.08662922280730338,0.09215738545752637,0.11487877177064695,0.14095257536114253,0.168864283667619,0.19562508049138755,0.21769346902659611,0.232888151512928,0.2430643896736483,0.2559911621133318,0.2837780068312361,0.33673333170435826,0.4159512504330955,0.5106930372257371,0.6029830734790478,0.6754278302411107,0.7167914605806135,0.7234498502034573,0.6980954861742249,0.6476865435735677,0.581990289641117,0.5136961139240441,0.46170862387348227,0.46259757787708083,0.6080165912025944,1.093894743984091,1.6090547917798108,1.2084377231969938,0.7116980318240087,0.5441901008524405,0.6698882240353444,1.1945114904225342,2.4848929958999264,5.057988906696671
1.1245789811553346,0.06103392426157418,0.04046651735536667,0.026723191330045457,0.020284603882478717,0.020741128640521002,0.026849647929623,0.03675795565697207,0.04832178375921577,0.05941203059172041,0.06813499717896133,0.07293952153798175,0.07262893974346873,0.06632211520302993,0.05345875653728312,0.03434165871842662,0.014756149797800308,0.03347344283793245,0.31142828039774134,0.38553200302369545,0.01767322355618348,0.005488221762051937,0.023457086225517395,0.034335929098690626,0.042564884235024955,0.05104709712554657,0.06043355589285791,0.07083193230590508,0.08221516187674931,0.09449295193921493,0.10751836699728898,0.12108254375660087,0.1349062776567363,0.14862475906839107,0.16174452573998646,0.17349848836537685,0.18235843475488245,0.18454294847307484,0.17072763697201526,0.12737451701725278,0.07665918053484713,0.20651405254237762,1.5792382634511901,5.545230310687763,7.495000644911949,10.294459865292517,16.965846003996933,24.588740044823396,29.70015576944571,32.903934278078125,35.19987507571176,36.856157514050196,37.76236551825147,37.688383112347324,36.43630814710579,33.94958442123487,30.359959086472248,25.944660318144145,21.01680707940831,15.807327577472034,10.378955300820719,4.722798183319636,0.06986531663846732,,,0.13270490357272188,0.14675135156941901,0.0721881825881739,0.0945012303041839,0.13122626482811375,0.1726663501159037,0.21962429688933255,0.2714939561955806,0.32604979718558286,0.38035940140620766,0.43225950868137136,0.4816881652045114,0.5306596935720508,0.5812755136499067,0.6329998847701215,0.6815147776069289,0.7200658286548655,0.7419647562079171,0.7425236588347995,0.7198747221034667,0.6750025790756553,0.6113797663021416,0.534440919683583,0.4511727414171077,0.37041232851130784,0.30522991168092534,0.27966035304887193,0.32150957366711386,0.31606985294249923,0.1641181166047038,0.09167487823699576,0.13330294788307814,0.3147027688824967,0.7892756170057033,1.9067444491977836,4.171051799021715
1.1266481237149581,0.08610504696865585,0.06901865028726274,0.05727715870447637,0.05109266375438784,0.049989010638002734,0.052889017667004885,0.058314147429343405,0.06463195222226047,0.07027564038630667,0.07388606732648736,0.0743658170804623,0.07086271102895361,0.0627045769846745,0.049310755849275446,0.030488107087197874,0.011135479002494501,0.008385843402062144,0.05312441786188951,0.3485910890442296,0.06134936580591207,0.0019095191396280677,0.03424357053699648,0.056519984820499594,0.06975633914498738,0.08170649615443386,0.09436254397847975,0.10808094720650782,0.12284941354395527,0.13853828416848973,0.1549417455492473,0.1717793667935361,0.18869047500919472,0.205224523176154,0.2208159778073158,0.23470020265018485,0.24563148461283976,0.25101454970891524,0.24475780091514554,0.2153911598372665,0.15841166329326917,0.10510828120233431,0.14481614653705233,0.5079482814199379,0.9818952350030742,1.839148630359206,4.4548211352661085,10.298581546222765,16.833837084489492,20.54520489049886,22.09756091345918,22.700774038128994,22.77343564232977,22.355023011823295,21.39263869178628,19.86284985893095,17.814992599461597,15.359489022871422,12.621171256915439,9.686652468781928,6.564661124548283,3.2124718366960328,0.1320041951413489,,,0.15879318138777668,0.222537227903384,0.08838413588904728,0.09299283463508824,0.13593390880659664,0.18388686733864062,0.2400655855974745,0.30576338831763367,0.3796177632164857,0.4582856644996334,0.5371339727632649,0.6112363835098618,0.6764573682136324,0.7301192221657138,0.770890267153537,0.7980014940764968,0.8103643799630813,0.8062379943354125,0.7836904802134631,0.7415709630511889,0.6804565989645667,0.6031590336735134,0.5147112785465652,0.4221173868670011,0.33447932500215133,0.265034010222166,0.2420006286129167,0.33881727220862556,0.5205248171347491,0.456692078308093,0.3383333645419072,0.34087763120497233,0.5142739632061332,1.00882742068209,2.1691945504712518,4.44958834647794
1.1287172662745815,0.10391536313490662,0.09078518156718365,0.08186236449597203,0.07711549310384631,0.07596133846527439,0.07737828243869294,0.0800978905823216,0.0828141765198606,0.08435026967000216,0.08375004136251807,0.08029558418124291,0.07347030062393825,0.06288231564710399,0.04814785637628346,0.029078268078464243,0.010108467268229913,0.004339023606949496,0.043701578227416736,0.08793572374465577,0.0006996395764362312,0.02489092179926822,0.06000649345995482,0.07990799977461917,0.09413044045103384,0.10816927587465508,0.12321948636754666,0.13944456635298008,0.15676735141535802,0.1750128101018388,0.19392647681438746,0.2131698794396,0.23230836818544737,0.2507809292309023,0.26780283682550793,0.28203363584395913,0.2904877049332333,0.28537968064478003,0.24829917792377382,0.15766379099136568,0.048362357160538924,0.0796994928164559,1.0005076788455176,3.74538967110875,4.920388265166729,6.020075724857029,8.03747961196364,9.6275769099162,10.413968752966804,10.816039394072194,11.060481094609708,11.193705747226272,11.191224220395764,11.00451669181283,10.586897453136785,9.91409462427907,8.995127820998503,7.8666195308506275,6.573151682042096,5.144307198623231,3.5766147853057397,1.8405658153116906,0.12842273928220937,,,0.10949469822323614,0.11787094830148982,0.08779762640997081,0.09871401135699154,0.12574523767679996,0.1630109969321856,0.20969060891151595,0.26568892003524675,0.33028536672502523,0.4020292701621708,0.4790508983716434,0.5592609958112169,0.6399976205302651,0.7172057332839263,0.7850022254650525,0.8364304738739123,0.8651147787063278,0.8667646304442375,0.839904850422996,0.7859514899907392,0.7089663093720519,0.6153082727014287,0.5134150293843962,0.4142129685185501,0.33327200497006537,0.29840428715651984,0.37963098540527035,0.7477369481336249,1.2024763861265473,0.9313575093289651,0.551448710091396,0.4331650679996002,0.5589262677686575,1.027654185597573,2.150871339673316,4.338720421010087
1.130786408834205,0.11445102600147765,0.1047912781458281,0.09816635947303393,0.09436554030910856,0.09277588861563127,0.0924981334304213,0.09251290232054624,0.09184718274930664,0.08969568456942711,0.08547688211312558,0.07883082138387144,0.06958289879936122,0.05770989909099822,0.043393038205759134,0.027513006954452718,0.014629465285680494,0.04305303615567336,0.48662377382764277,0.4893883301578054,0.022671939665408144,0.027179653569530896,0.070026925143232,0.09440653010729298,0.11062897066666363,0.1261109608688517,0.14251368762626584,0.16007825137721773,0.17872628331906035,0.19826414304830642,0.21841330722737157,0.23880967844905418,0.25899769565178615,0.27842012475181444,0.29638859385437366,0.31198102395207966,0.323696397810007,0.3284027516836328,0.31883586727451196,0.28213875064980154,0.21762225861392304,0.17357504233441842,0.2534543927074014,0.6090668859884186,1.0288243226546567,1.762324451431045,3.537714793856243,6.094079347032363,7.891028293399628,8.698306953788707,9.028705636671464,9.143440040136303,9.102844154248768,8.896323141454985,8.500577670650587,7.906220460143587,7.127804983851958,6.19881184026645,5.156251437119876,4.023864683088826,2.800324049063745,1.4655747804013015,0.14118925163662482,,,0.11784209181650704,0.12903255178753076,0.06237200274554206,0.08442280572494851,0.10833544151119794,0.1306376145017058,0.1542544716019194,0.17909671828603807,0.20424095842487605,0.22979348979169706,0.2585510486193177,0.2965118509177499,0.35077848614518314,0.42482085931054403,0.5140099531602447,0.6053781418625697,0.6822847488645676,0.7305223988760488,0.7421670390827435,0.7162498657083801,0.6573818002300413,0.5736749517562362,0.47474704323171796,0.3701229814433681,0.26808706158791823,0.17486976093647186,0.09428054180172181,0.03171887375645172,0.005948190408465674,0.013988316436036532,0.042739435654222294,0.11440702161192208,0.29243446373849774,0.7283342992722472,1.7266879763116076,3.6863959865770557
1.1328555513938283,0.12165637608660484,0.11223013356547733,0.10443200462729016,0.09802780416020185,0.09260167893068791,0.08764170445611075,0.0826342301907778,0.07714465378350743,0.0708676151970575,0.06364186192415838,0.05543631232141054,0.046318770003638536,0.03641745039451584,0.02589291958091662,0.015094022220617486,0.00617845391868343,0.006338127241719064,0.07755248125218923,0.3339285089265557,0.04706443647256459,0.013470006040667023,0.06622441779770158,0.09935242901528818,0.11797954694185118,0.13404185799572246,0.15059961466730268,0.1681858579842239,0.1867760010956396,0.20618347369347373,0.22612819062596382,0.24624160607310322,0.2660549246357631,0.28496257377816164,0.3021011343097316,0.3159405192530256,0.32296771417251835,0.31399255364165196,0.26790116652361884,0.16220281361994066,0.03551343811859567,0.027964021901923288,0.7349039828969881,2.774195417620832,3.3516910077233755,3.8030291791329156,4.972376892574318,6.054877639141218,6.703505360942625,7.097525639060587,7.359098489505793,7.511368226382673,7.53510162139271,7.399345501440864,7.079988636417667,6.5731987162896655,5.900154591408703,5.099693543763004,4.212741023987674,3.26715670893036,2.2688377579849797,1.2062554458134582,0.14943667971149024,,,0.132089135830128,0.19396295943117162,0.14607202773865247,0.11581574804961481,0.11601488515794407,0.12073367823630252,0.12230318014856624,0.11701904019617729,0.10274887867212476,0.08057455908658834,0.05719180550964214,0.045632130966770885,0.061837856289221185,0.11689680871405943,0.2092712615353729,0.3232986893364378,0.4355899721608593,0.5243711840984039,0.5758596685424926,0.5858183926194591,0.5578599667741363,0.5007012099768487,0.4258208112459212,0.34631895813298474,0.2777091067329733,0.24245368102352474,0.28528721839800797,0.4953813861456196,0.7477851304410574,0.607833392259424,0.4139383716338001,0.3793715728783476,0.5261374647399611,0.9728298916367973,2.0062588619997226,3.9669602636082657
1.1349246939534519,0.12128439027444815,0.10735194777709009,0.09435615246214696,0.08235320303429772,0.07133056491986534,0.061240720480723036,0.05202553840927492,0.0436307333549898,0.036011712885260734,0.029133028005658253,0.02296364003131217,0.017469449909566656,0.012602932203760303,0.008290696512346964,0.0044727021899986195,0.001614600096475119,0.001988035356278106,0.029405487566713556,0.01896081861103017,0.008103979730216962,0.04253860188129359,0.08166263482618555,0.1033793607054769,0.1183804910027388,0.13285963924583205,0.14815408830085003,0.1644381662960974,0.18162324195870197,0.1995218385261327,0.21787147556813918,0.23633397558246644,0.2544911442065972,0.2718379011660957,0.28776203420036484,0.30147084585921036,0.3117383500229411,0.3161193195873823,0.3089949454774519,0.2798619983535406,0.22599624088789852,0.19350814021466725,0.36145232968924945,1.0008881910342204,1.4373934688715169,1.849436123762995,2.5188111000438576,3.1511481759626405,3.5886629880455603,3.901477912544729,4.146881907248238,4.33517532569205,4.451704697270229,4.472585205509309,4.376071029627665,4.151917920918077,3.805986891521071,3.3572085569506362,2.828458559618653,2.2365160227562466,1.5853468798136505,0.8682128540595221,0.1306921401115946,,,0.0875770385384838,0.027959493125909486,0.052018411532938014,0.12414863234337314,0.14642173427441052,0.1543741487357548,0.1539942717469955,0.1436321536333767,0.1215190746902666,0.08946457519128827,0.055582259147018934,0.034548970390307625,0.04323892270037677,0.09222373137122529,0.17828832864106017,0.28425780348792723,0.38669955500102193,0.46549179253076994,0.5093451321029414,0.5161944066838777,0.4907138425230741,0.441340596614229,0.37802987279885775,0.31103324135447696,0.2505396969518999,0.20761583186940888,0.205616980496656,0.3292081400398477,0.5583940129358993,0.48294435003154224,0.32557389645780305,0.30174500228428075,0.4447936584010114,0.8689250392997602,1.8430112308706907,3.6827618118924135
1.1369938365130752,0.10975826848593864,0.09025221394843719,0.07224337582354286,0.05619131713250933,0.04241311452347257,0.03106497563843081,0.022138772997743212,0.015478192980774385,0.010810210115147165,0.007782385998093253,0.00599683187093739,0.0050351164922531515,0.004469861513785717,0.0038516541793537163,0.0026853171248692217,0.001006065274331666,0.005495626683325834,0.2949945940527828,0.6059066957622715,0.06163980864585805,0.03817717661752612,0.07607254509933944,0.09824017416432723,0.11202853097421712,0.12466598360777766,0.13782975087277716,0.15177590968850763,0.16644710260830878,0.18168411650333144,0.19725994674566644,0.21288042092320147,0.22817542535226198,0.2426736735323978,0.25571994603095394,0.2661976078834578,0.27163942372568906,0.26570387755789643,0.23345540009282065,0.15602429538156665,0.05756562082384971,0.07057574508425149,0.7462183727922134,2.3142138687166898,2.1969089902828314,1.799216122685766,1.7482637363020777,1.846746608619144,1.9898693448284221,2.144988067053352,2.297930094260732,2.436219011625205,2.54475334206308,2.6060739462507385,2.603512659405333,2.52570403871941,2.3697832245325148,2.140833932564981,1.8476216880372114,1.497119719105015,1.0905096901416893,0.623714660934288,0.1158733303252916,,,0.17004594350003144,0.2871118094249689,0.2321868100647574,0.19595033692437458,0.20495409818741936,0.2232843482723279,0.24114728545656822,0.25457845006857704,0.2613148474872714,0.2616580896420259,0.25999237291964905,0.26464927891909185,0.2845994141870039,0.32385779098052375,0.3775637241704835,0.4334596911120432,0.477825521235976,0.5011560092810909,0.5002675114067372,0.47719692517515494,0.43694066212229926,0.3855176693138954,0.32879058689965607,0.2718975018909983,0.21900823110961262,0.1731048300095048,0.13513787155856763,0.10117335893313403,0.06762021800612894,0.05525961240947506,0.07377137199783253,0.13675855491646838,0.2996645119403683,0.6961969608188245,1.5836786489334542,3.2605394043443674
1.1390629790726987,0.09455316015698197,0.07065760743357413,0.04945138612454149,0.03173546647833108,0.01801376360154872,0.008430534897115883,0.0027629508228689146,0.0004725684540002644,0.0007966819371414643,0.0028504664432704484,0.005715263118529293,0.008499431797754059,0.010364556011947582,0.010502700192689783,0.008126053197337653,0.003682228828812301,0.0014881957519054588,0.09033497199096964,0.3469925548866165,0.06208926556567269,0.026579532634834892,0.06717069173084358,0.09127312999796793,0.10382994303335534,0.11416945038542205,0.12461657468693242,0.13557429559555248,0.14703325355126,0.15887210483059144,0.17091086949969142,0.18291784474413525,0.19460794173527296,0.2056369411497663,0.21558264706639033,0.22387849871660462,0.22959169366359666,0.23074643659531355,0.22264246914890692,0.1961500795422377,0.14726035613420355,0.11897356021144366,0.3588199663371183,1.1797544903259567,1.3201935651620569,1.0913529622839155,1.0001070108669332,1.021508743889451,1.08452695017446,1.159625638268107,1.2367590501963404,1.3102494878132718,1.3737449995924953,1.419184060540911,1.437610510938225,1.4209805048978026,1.3638863318689158,1.264009059522685,1.1209013974045245,0.9338041762859712,0.699611200707516,0.4131532409902925,0.08700301094791948,,,0.06707914280948508,0.011929569534652188,0.10966623686821249,0.206142863093686,0.24810677153944694,0.28529985656385887,0.32463753436869347,0.3650063240652338,0.40354250386988955,0.43731526658679065,0.4644865523948548,0.4848311471079619,0.4990915307101488,0.5075012541346055,0.5088634885286873,0.5012198009545888,0.48344032900181544,0.45619317722577585,0.4216802933090754,0.3827350546243414,0.34209221939794254,0.3022048262419716,0.2656356425363885,0.2360747400061399,0.22049721513367304,0.23459542489488364,0.31934431108960737,0.558190137634892,0.7929285416760857,0.6113355630345254,0.4020816129840224,0.36057351358238193,0.4906211941326597,0.8884215466140727,1.7881924569523837,3.433345286322617
1.1411321216323222,0.09018927978761289,0.06450653120634728,0.04296877512476673,0.026554812002946366,0.015745387954333005,0.010437422848079072,0.009960791503500037,0.013193555277137156,0.018735313898713392,0.02508616370294805,0.03079084901793488,0.03453029684586697,0.0351623817545791,0.03173981928096949,0.02376431011494288,0.013887180774505722,0.01624555481145441,0.027468610463586483,0.01436963079760783,0.014500056140082014,0.04340455934654279,0.07668374211381619,0.09230413219296572,0.10088966615167196,0.10836470740917681,0.11596601948477961,0.12386778537223551,0.13203086042730897,0.1403543405775757,0.14869952137021017,0.15689180857781623,0.164718148478038,0.1719191949899283,0.178162720019035,0.18295259967162256,0.18533416754348156,0.18303595274868,0.17063304459168274,0.13991538633475906,0.10168095533023314,0.16001056430596425,0.6969792146228008,1.4345262570936776,1.0084377233858017,0.6672312035070218,0.5602656202234815,0.5349547938974074,0.5319145590731895,0.5338642453677555,0.5366582570744507,0.5399521237432452,0.5442814303518323,0.5498240476795382,0.5555710342634066,0.5587827833136927,0.554945956371654,0.53828671211252,0.5025190866199724,0.4413658075400544,0.34868633819146594,0.21902631384147386,0.05496313816819051,,,0.1407247128927865,0.25099238077025726,0.24126928263065944,0.2443698137865386,0.27719413419054434,0.321096592645511,0.37101477150159734,0.4236806720003955,0.47445130292899995,0.5172776734116381,0.5458633663670607,0.5553804690594291,0.5440636345214241,0.5139070012747327,0.4700462286201729,0.41911859672348234,0.36743351065389807,0.319715654869867,0.27866785605520056,0.24516636756118698,0.218787107474208,0.1984287654602333,0.1828626046668314,0.17100714237335887,0.1614932504451646,0.15067759753639662,0.13102849234448388,0.11482473556469473,0.1650462198875038,0.19648487409397272,0.18599586045978314,0.22324713445818764,0.37318558911301175,0.7559802707589706,1.59954521244263,3.1332009575943567
1.1432012641919456,0.121256023674459,0.09913500871477388,0.08262617297774202,0.07247636827785554,0.06869563905579348,0.07051698680154539,0.07650315423302949,0.08476911945729972,0.09324875820929183,0.09993186084412806,0.10302461808672929,0.10101640297623653,0.09263655776593184,0.0766425439923992,0.05180922091535973,0.022816716637281218,0.005689872083015298,0.0812168904768359,0.5454207703902962,0.14468355106042785,0.0736424631891018,0.09148476414697759,0.10372649490934997,0.11054830780309445,0.11627291220753118,0.1218891581080114,0.12753362040008617,0.1331685372932647,0.13870829293135387,0.14404091503502128,0.14903075029417306,0.15351658466189586,0.15730339576244387,0.1601331447204443,0.161587392541499,0.1607809955542009,0.1554774791098228,0.14004168354967808,0.10383771773341767,0.04265429823663578,0.0026711403201584646,0.26959847913063495,1.0797510909811725,0.9516158857870064,0.5634452213093049,0.3912662312506914,0.3195301200884595,0.27182831039805244,0.22524328655927067,0.1756439511432653,0.12511445568324714,0.07838592637507881,0.04129229506387012,0.01907648446959172,0.014353839394682589,0.02558918807955469,0.0470590424799903,0.07035188460873025,0.08642252943319095,0.08711700652647425,0.06598510363891122,0.020682787914238034,,,0.05096370132750807,0.07573879935474603,0.2182196829553475,0.26878292173758855,0.2977698360108934,0.3374708924183158,0.3840269891931917,0.43172973747217686,0.4738720589163168,0.5027647686341346,0.511157655435809,0.49460094808442134,0.4536425075280996,0.3944162036614468,0.3268206898292645,0.2611123461627986,0.20490728333957867,0.16200470571914682,0.1328967993290162,0.11599235984361625,0.10878537246990673,0.10870106731760157,0.11363350415133315,0.12224422845982341,0.13406673402792235,0.14939945230348586,0.16847899727923474,0.18489934659134669,0.16612194062388777,0.12125055854984534,0.11279007785502795,0.16015483577928397,0.3053777942008995,0.6614859322534992,1.4396453376113634,2.848851078189902
1.1452704067515689,0.21947560569480815,0.20827977591366484,0.20363576217077342,0.20544110576811053,0.21264170740454189,0.2233434712319452,0.2350873292061663,0.24520493450306402,0.2511502089673235,0.25072945313977535,0.2422028781745295,0.2242663415898747,0.19590978252596114,0.15608923265353247,0.10392851884802116,0.049398942477166974,0.031690818624791305,0.11280561043965963,0.2998100876736651,0.0786097869506771,0.06950897545450055,0.11308099429290432,0.1344305784311917,0.14335412092922636,0.14947597871686977,0.15497854597602148,0.16020498716257106,0.16514155047788517,0.169697399175014,0.17375513926939506,0.1771807751236413,0.17982713387658747,0.1815366494999313,0.18214368319186952,0.18147357189347146,0.17932999211333844,0.17545315646256857,0.16946331082671792,0.16127310263618572,0.15471404852370432,0.16684484437179703,0.221406259016506,0.30101144225559345,0.38236328861879826,0.47121903369457324,0.5646661795199425,0.6348035267443773,0.6776269267722704,0.7058775416769887,0.7286430256678942,0.7500908124907827,0.771439916445402,0.7917505100349842,0.8080273613306784,0.8153849294821908,0.8076276671955664,0.7780819405939516,0.720162245521243,0.6272002907635857,0.49141009784865813,0.30412979721288425,0.07901878750624096,,,0.09498853886246635,0.19350860503241624,0.24317326657086508,0.26631777808712626,0.30048248706749897,0.3410004675645296,0.3824042676208771,0.4193992724847412,0.4452998018020874,0.4528123533403787,0.4361763753591439,0.39381505464139704,0.33016458404197574,0.25516954449506074,0.18107663201250251,0.11820443365367404,0.0722262665547456,0.04406939364199586,0.03153229095938904,0.031149969129106652,0.0395146175464746,0.054013538553053686,0.0732904308370529,0.09788184057916567,0.13183007929349444,0.18712731517081396,0.29410717594611147,0.4938400664000648,0.6269977960024443,0.464261470181435,0.31563930874919777,0.2993949497257052,0.42331655611497454,0.7748802226289191,1.5443827554619087,2.897537997082139
1.1473395493111924,0.41295841364546837,0.4169139539689049,0.42720756037009144,0.4425834734983574,0.4607110667040195,0.47847873030719307,0.49243712509534826,0.4992604214036752,0.49610002881235454,0.48076476881929275,0.45172930273104067,0.40800372110872374,0.34885293291018715,0.2732581736758256,0.18038753069290323,0.08743648439266417,0.057906312892589455,0.03815386131913655,0.005075206861366237,0.01912536038066035,0.07902568600915504,0.15937966843730283,0.19689034068801273,0.21165187852751047,0.2212169844723233,0.2296018563281221,0.23744415224338938,0.2447367385906655,0.25134117261477706,0.25707969678163045,0.2617528731270984,0.2651437837026506,0.2670164012329106,0.2670997573149978,0.26502785546746377,0.2601521794319595,0.25104661098061287,0.23470050820046812,0.20850271897507155,0.1913113995522674,0.29934265347549505,0.9534065872160571,1.905461708556478,1.4597549374144065,1.1892773779163486,1.51369339367481,2.1503258150742197,2.772347691859662,3.2902668579378234,3.743889825459266,4.157611521626266,4.52077767203177,4.800224410611443,4.954557174951899,4.948312975429159,4.763047168405118,4.4001751924646255,3.8737541970243234,3.196267084494529,2.3612370151067847,1.3432969136744415,0.2982577460831205,,,0.047449353877949456,0.1302080723649971,0.30306247027775707,0.306793027961379,0.3187264110885861,0.34910469053652965,0.3831716839864901,0.41113405851672286,0.4247189492858699,0.4167840079261319,0.38320023576893736,0.32525077943801517,0.25067612018825536,0.1718833326868994,0.10162898716001904,0.0486542519608214,0.01588459363549494,0.0015592752207855669,0.0016406761524072066,0.011846746243843154,0.02873383269531176,0.05001807584767618,0.07443552481511384,0.10116353091859319,0.12820774803869883,0.1479383227314992,0.13878092038240153,0.08110546578066437,0.06278270356725606,0.11527153736506224,0.14515429282091694,0.19679819587493397,0.33807344666950745,0.6783957951201864,1.403255837511678,2.6653506440553687
1.149408691870816,0.7605249236648519,0.7790213989895037,0.8018648232687221,0.8267820945528409,0.8503976105837797,0.8686510428201767,0.877341800105038,0.8726435192449112,0.8514562633941645,0.8115403391296637,0.751445078513642,0.6702384591174559,0.5668244641626651,0.4380055410157854,0.27690951190312607,0.11122681202585832,0.039408906300518555,0.011098305054554369,0.32429689099294123,0.2050786510642851,0.19612759394888246,0.26833873231249117,0.3081220543780089,0.3285552334281597,0.344791465525479,0.3600586876439728,0.37473738926859435,0.3886805447377963,0.40162225872561974,0.41324575243744305,0.42319454194758815,0.43106983954850875,0.43640741703863445,0.438590289392844,0.4365643344410399,0.4279918412958979,0.4070627995717741,0.3609078236252017,0.27424647419280646,0.16512888679237697,0.10337042022463092,0.22431351888363696,0.7265541967935638,1.1727655733666067,1.8272698165623826,3.315078775935209,5.350116518192879,6.931443797529043,7.905713124234051,8.544313761882039,8.988404519967215,9.259229809154027,9.330690556347141,9.169679531922824,8.758770371378665,8.106393745235312,7.242930569650882,6.2052511437816635,5.0167531052306655,3.6673762234423175,2.1128848133974074,0.5197021736135541,,,0.14022380456615588,0.19579189690022733,0.2246609439671409,0.2636351040312946,0.3035591782958865,0.3427159834683722,0.37762518183829996,0.4029537018978687,0.4121267785801062,0.399281232032274,0.36193131418691366,0.3032424496551174,0.23235362569289922,0.1617632435290897,0.10278374601407977,0.061854127440447826,0.039836449383162956,0.033869259561169485,0.03981682536686577,0.053921708039709214,0.07347560856979136,0.09689521704890261,0.12353721501710767,0.1533506410666934,0.18623825505708078,0.22072186918812023,0.25134915994828144,0.26438410813520935,0.2311594333481328,0.16641132216692442,0.13993017696455753,0.1741384901657505,0.30201338584711707,0.6173131094969484,1.2882770211637087,2.4493131789384726
1.1514778344304393,1.4836596712011216,1.5174542908091304,1.5490477392809985,1.575065977488384,1.591280045113516,1.5931096637694475,1.5761766223502485,1.5367582337386148,1.4720370886922172,1.38012397177814,1.2598848236254754,1.1105482532913398,0.9306916555280781,0.7151146986192609,0.4520459389234799,0.18698012106482229,0.09341308429891904,0.11864923792089088,0.11663435639072114,0.04660121673050476,0.14465659940780842,0.3338564463830747,0.4487651407295267,0.4975346356500752,0.5290005267289392,0.5569403094387163,0.5838122908821793,0.6097332015115373,0.6343258288164004,0.6570657128827928,0.6773484757423675,0.6945081157245915,0.707827031863434,0.7165391018782136,0.7198082472309165,0.7166369641435827,0.7056614277567946,0.6854204575079366,0.6610282998160623,0.683866966737124,0.9652386367821844,1.9284651976833227,2.3938041403032506,1.415491359572313,1.2923494813817367,2.363709618123331,5.084105950752851,8.48238172221509,10.643707041730298,11.572610409290425,11.912716642861648,11.960260886459658,11.782436004383237,11.37313460999031,10.721117510866533,9.83442267294765,8.740309254754793,7.469828596675464,6.03494378442766,4.40088277561007,2.489918985876412,0.586959190775468,,,0.09144581311157784,0.19190046131980515,0.32557896582636375,0.2978783309620957,0.30151584923885477,0.32771362205550325,0.3578587229685605,0.3819173266387058,0.39260152848480545,0.38460210853921206,0.35606703897066255,0.31009182654292344,0.2545546487376761,0.19962778814870918,0.1540894328543506,0.12272684774948607,0.10618427197064115,0.10255271417028505,0.10912833026281253,0.12347117625095776,0.1438219109007091,0.16925422695417122,0.19986044548939744,0.23720796927267782,0.2854264196315455,0.35323566163376374,0.45375804647816126,0.5710182086359463,0.542971429662641,0.34915917987097495,0.2386217314460649,0.2401151446992843,0.3556093316366012,0.6618635369504413,1.3099445831697913,2.4043591439597245
1.1535469769900626,3.3203473190120136,3.3789916971285083,3.4131055858143315,3.417365382450871,3.3869495484250214,3.3181157883726504,3.208506870658573,3.057134096083109,2.8640953046730564,2.6301400984662227,2.35614013646799,2.04220656273921,1.6849745635475122,1.2683218934927682,0.7568007683719343,0.26684727413509224,0.10598863060545151,0.0460726058658673,0.026492326761032216,0.07306481863434529,0.2086816952549431,0.4739786548170793,0.6490475995418583,0.7262704824752136,0.7771230423342806,0.822929143533984,0.8675203977525286,0.9110779300045616,0.9530049799110082,0.9924566200315103,1.0284217854470168,1.0596860910150596,1.084645818294738,1.1006917467011896,1.1023136554711541,1.0758153388543295,0.9881815071133915,0.7846354856678774,0.4644848382342592,0.16948403991112346,0.015421047870214534,0.19830403966167842,1.053488097507254,1.719185037354073,2.806135943686871,5.748410571829196,10.641058846762755,14.539496118802552,16.31846743451566,16.99939177444003,17.237596428552095,17.211380610608114,16.920034368263472,16.320353826480474,15.382356348847537,14.110935562317264,12.54246968450585,10.722294224649968,8.672294075792509,6.3510185487720445,3.6462157506757418,0.9130718963119622,,0.006051076161201809,0.16445604010782755,0.16537485979175356,0.15575374927876504,0.20694474369659846,0.24575942087589836,0.27769168504097397,0.3054820014666356,0.32724542006823987,0.33928787424519774,0.33818545945609285,0.3226254162265301,0.2946321746986692,0.25946179805771524,0.22394212501350558,0.19412499316069023,0.17369372158287005,0.16384377585150728,0.16413354561059387,0.17340876628354093,0.19036988803385688,0.2138323690511417,0.24281219379854257,0.2763757788495468,0.31280898515080996,0.3467634710376964,0.36106782954609634,0.31120091238598674,0.1484566956295963,0.022352041657406983,0.07433797910760945,0.12656046855802838,0.18310178736570726,0.3122557031825692,0.610926336276798,1.2256436779272863,2.247067030635889
1.1556161195496861,8.821657023683885,8.964131338174038,8.993253800793191,8.899701179742367,8.680896503799246,8.34138566730434,7.891642297774926,7.345765111874138,6.7188408924279726,6.024616800428723,5.27349208298425,4.469038411441969,3.595031728996945,2.5723380151416984,1.290666528775059,0.3117510965919545,0.07917361290007886,0.002108290782421644,0.12714128412426398,0.15162478305206722,0.2954920416815895,0.642864500877931,0.8906277907742576,1.0031304961466976,1.0782835700929794,1.1467087923532948,1.2138870642479351,1.280057950201175,1.3443538130414967,1.4055573040053617,1.4622396616503155,1.5127895174651065,1.5554111901325025,1.5880605338287204,1.6081629857166775,1.6116373049801571,1.5900571454407786,1.5252826647321134,1.3965788307950542,1.2624822675028144,1.3671430899275805,1.8512659058270675,1.6179830458751936,1.0102802558081554,1.3217947784320023,3.0809470398386916,8.249269525978214,17.863885657774258,27.289053972853992,32.76714188678154,35.3523154253008,36.412722792842985,36.437778172753056,35.50629751649176,33.62300228963257,30.850664198011486,27.323876870390432,23.19188103787479,18.51639805131257,13.1254256290082,6.755138712716909,1.3182881633183452,,0.015510792343940377,0.1669570807372073,0.2868099435987223,0.30529523836882144,0.23115943188051996,0.21491785489638854,0.22226081530208255,0.234864933468711,0.2459818422713348,0.2521174620278918,0.2511884874581917,0.24269899248517968,0.22813705616696336,0.2107672391138235,0.1946433830341334,0.1833375982948663,0.17912439055552137,0.18291846969972392,0.19467326341646077,0.21382059107062215,0.23958033163746248,0.27116989195744934,0.30795045145635896,0.3494529924737902,0.3950773837443187,0.4429058777346303,0.48623200969278546,0.5060135718224419,0.46532351053095444,0.34233260545340666,0.21676373641250155,0.1636177829973655,0.18299764936270282,0.29271745668942,0.5669016457663548,1.1347020954046705,2.0719322279903603
1.1576852621093097,23.175094998688675,24.230416234519843,24.81458999432464,24.874847215005005,24.400876031261493,23.42547052004169,22.016094814058487,20.260470771026036,18.250892757363978,16.071019668073507,13.785381502147136,11.423262900187074,8.923009388328671,5.9849263775861985,2.5129853991293714,0.5009237434035904,0.14377833830589049,0.05778679955119678,0.000911262272758606,0.022857374490846006,0.18497304074377044,0.6346919530275915,1.0770161241792238,1.2855864910866028,1.4020359211504108,1.498824289292505,1.5920173770790542,1.6838200292697214,1.7734460076940883,1.8592975464294086,1.9393372720509992,2.010996996012316,2.0706295360321643,2.111727949280187,2.1195949976810966,2.0573996114375,1.843300789941097,1.3805246544509346,0.7681701230157358,0.3102324682228239,0.10901903686484231,0.3564113363366853,1.6102612389966022,2.6679792022513453,4.234152583900028,8.793672533360269,18.40954520277781,30.69242119303155,41.5923539771291,50.60329752404541,58.43459396123571,65.20491716152938,70.46596134575373,73.5422649958406,73.84340061764033,71.08848923171365,65.36031226166261,56.9264321349845,45.77054241376918,30.9281375586362,12.947566397129567,1.8306145222855392,,0.025635533942679433,0.15391536758415,0.1254490256504704,0.09889314352843687,0.14090278156083696,0.16033357424755576,0.16849412567741096,0.17151905114183041,0.1706256050816509,0.1657103688287781,0.15689794234912596,0.14534752573257478,0.13349899558325393,0.12465188684977238,0.12199248490686455,0.1275975372235233,0.14201427948305279,0.16454993919991134,0.19389550864112798,0.22866431750878016,0.2677069328932237,0.3102734665059697,0.3561186009376674,0.4055930327469493,0.45969785690301435,0.5198168437351162,0.5855170057697758,0.6434547077468832,0.630048467514872,0.4443612991921023,0.24272931927117292,0.16947846675980402,0.18511068139306877,0.2910458801689459,0.5543382113986478,1.092495862175156,1.9644736957563917
1.159754404668933,26.32081467378081,29.070270484972454,31.40422390227192,33.12443119078836,34.07066775525824,34.14749104307708,33.33704035660617,31.694733902268013,29.330907921391898,26.38441675872798,22.98963383497373,19.214820537928922,14.877218619107852,9.24700417659756,3.1113533307364976,0.5133076981285422,0.137502464415733,0.12005634301873054,0.3003505990614422,0.21653069158547722,0.38403430741864075,0.9094494714472593,1.3663830437285418,1.5814478348258294,1.7164777179480248,1.8363669339707713,1.9540848951705856,2.070865473799987,2.18543082949964,2.295753558884373,2.3993572771113976,2.4932819945467335,2.573765149516276,2.635140614675124,2.66634820637682,2.640832377738095,2.4937266291644358,2.109946841245023,1.4684614618576595,0.8666980949379498,0.5608602402973195,0.5530475094425945,0.8634433105528736,1.270214470167187,2.1085659023353194,4.375473743066601,8.778501267057596,14.030845336962363,18.564724001399902,22.318122835507914,25.602347118248133,28.4643507724113,30.722605543583683,32.10099964670078,32.3501986843632,31.337512246609958,29.075077219951343,25.669146674679006,21.19102407785046,15.462153798168679,8.170097295485684,1.710051005667257,,0.042097735575765696,0.22911984575973932,0.3728803292576389,0.31160479434270816,0.19646844564423208,0.16035580177882772,0.14718922624375655,0.1366933995601686,0.12321831842499686,0.10545750654788756,0.08427851485259988,0.0625115715723397,0.044713415976131425,0.03614931370643228,0.041056372311885546,0.06106031549889691,0.09476662246946335,0.13870076222049751,0.18880344500773807,0.24159037572518655,0.29466278851348826,0.34671607747770683,0.397234636174585,0.4458123850505127,0.49051626321294994,0.5235130613485034,0.5200214971776791,0.4210939358748433,0.1767190652559703,0.0016294614786612376,0.06492193786130836,0.12533032344386932,0.1778935673958159,0.2913081162912625,0.54830789822878,1.0602890164544203,1.8710790920330482
1.1618235472285563,15.367079435921642,16.89460516399492,18.20233629184312,19.189357574437732,19.77310126152286,19.90165763684094,19.559431314667577,18.764961968526777,17.562526516646027,16.010345558343065,14.165853214889463,12.056625691380908,9.584312231929333,6.310002829258593,2.3733689913304543,0.4203692412633342,0.10627772946582678,0.09284429346774409,0.06390016179068408,0.04895771997019512,0.24459943305059456,0.8297544574402373,1.4715999832033164,1.7868523488875958,1.9604683469789614,2.1040112008059704,2.242717100503419,2.3801427854766866,2.515224544538327,2.645667894041843,2.76851733366389,2.8800232031782516,2.9748445188956634,3.04348776733872,3.0647229703633907,2.9860791282451693,2.6934111978103354,2.058987802265557,1.2346771750165277,0.6536742407925863,0.5138225077855877,1.201716179538094,3.0608100327139884,3.741052684523173,4.1372704131993805,5.281085135009351,6.810006105520959,8.273131091323949,9.627326551026947,10.910298775545563,12.097227183243959,13.105055100773937,13.817874569991336,14.118289239293388,13.9227510382356,13.208028674306647,12.013178891760164,10.412815688153254,8.469442136732377,6.173222598359439,3.459781672573882,0.8992671067457634,,0.035109877322978454,0.12862646682402123,0.08886701511559776,0.07531576713445137,0.12809809758962185,0.14440314298385787,0.14293414967768278,0.13215805619636817,0.11408332992776311,0.08959825510569609,0.06072412362485339,0.03172233677791076,0.009136872754929878,0.0004153728940861722,0.011344668632975218,0.04363184413900254,0.09425290401985263,0.15694187544773006,0.22462825060426533,0.29137837941340355,0.3532822157175772,0.40852967286099845,0.4571198837117579,0.500500827584567,0.5412317638935311,0.5824221537410267,0.6255858334340778,0.662008531963737,0.6458243191163924,0.488795488301241,0.28739950716015755,0.19328844813869964,0.19290604817656862,0.28255423770346894,0.5154815014996628,0.9859352410015358,1.726527117664914
1.1638926897881798,9.338052096525422,10.10352066444484,10.718988849936586,11.134810000370239,11.314644030940325,11.240958639303416,10.916415662115552,10.361004261093756,9.606269883575546,8.688552142178137,7.6423088571557205,6.4912618434649385,5.224180400532368,3.723521700863085,1.8433979944042733,0.46451450053413257,0.14950683016613717,0.10911423836293178,0.07445034691712409,0.057018938319773234,0.23466245934650865,0.8216732303939019,1.5303671984175842,1.8999554116766784,2.0979842868164824,2.256359009401655,2.4078568179902047,2.5577843198109673,2.7053419678640473,2.84812355421578,2.98290545730935,3.1054543680472397,3.209370885306668,3.2823618727910286,3.295243821565477,3.1746776536149497,2.7698537469218296,1.9612523312237728,1.0275147096940824,0.4139206046783664,0.1380315342953734,0.23063000747308576,1.125370678606675,1.8618567968233037,2.4288472783789645,3.3285499262140994,4.366534553803213,5.308951109589754,6.148762601220133,6.91775963787096,7.606225858390934,8.167616355199769,8.536176176356008,8.647192221703003,8.458143934196283,7.963339881666733,7.193791778782312,6.201663922092332,5.036908541933315,3.7242803106492754,2.2584168594170633,0.7697275430881465,,0.06291672418208606,0.2706943927984213,0.4772743097974615,0.38720958325582344,0.23425624334238748,0.18933331968888753,0.17448926928988429,0.16312545662370867,0.1478707685532869,0.1271338270583741,0.10244335948924341,0.07829985832192916,0.06184646646076443,0.06118520612355186,0.08238307311349136,0.1266462899025818,0.18955941793852632,0.26286630682625495,0.33742202910708735,0.40559886507848114,0.462434644623796,0.5057518265093023,0.5357120429337682,0.554073921030239,0.5631017305705384,0.5635607279198508,0.5501502992526824,0.5018598063986048,0.37822950427536856,0.20243990609760873,0.11175962380632236,0.0986272932344749,0.13062346377099174,0.22803367019396675,0.4521475352790961,0.8933426471765495,1.5791055259366897
1.1659618323478034,6.370395411090642,6.796987358772494,7.11642169567694,7.300911418093934,7.332195021188852,7.20439243695681,6.9241750478234545,6.508366802955009,5.979967047770622,5.363856686452465,4.682966160032002,3.9541790179213963,3.1789489046425987,2.3148844098282084,1.2786055712505593,0.40491025380688717,0.17889152094677405,0.36252332368384704,0.5908997013072429,0.3033840133808144,0.45204587134643653,1.064274966572389,1.6520934057136432,1.9382750868578644,2.114524735661849,2.269515199180506,2.4218838516785874,2.5737298991997264,2.7235848546722154,2.86893869551267,3.0066690216466943,3.132976115084288,3.242898832183289,3.328722654268126,3.3751426556750945,3.3459918667143747,3.1572831333513665,2.6762276390277258,1.9207012846093872,1.2982132307040821,1.2390120018398816,2.250842110049268,3.9113879264798443,3.6934091854344704,3.2576710084281992,3.3609358665290494,3.790213161402319,4.337188344495607,4.915050862699961,5.484187214771141,6.007090653253799,6.4366008532593915,6.71853369593554,6.802332094209656,6.655175524041903,6.272195403167161,5.675782181572375,4.902708262466218,3.9832600736399293,2.917471582552343,1.6842434138785403,0.5001096791740032,0.0031261886290923093,0.032984631483406406,0.08903229156121918,0.036704255923101774,0.07460347908468339,0.16403533998967937,0.198129450364489,0.21156095519170284,0.21640651856132256,0.21554730736596991,0.2101063018124943,0.20214520199437264,0.19586154500829706,0.19756541862632662,0.21409816753289157,0.2499977729173994,0.30491795198599525,0.3730988759164501,0.44527443260281835,0.5116594891204986,0.5643758443003524,0.598638913364458,0.612896323805919,0.6083124335626131,0.5877845323167852,0.5542947512872635,0.5077116154850893,0.43818992679682456,0.3184093334438501,0.13928577902290326,0.055581082306358776,0.11577229363379976,0.1483472664595249,0.18167671618233674,0.27379400927981956,0.4882936778668923,0.9048739513269163,1.5347799217233222
1.1680309749074267,4.582525894048647,4.829608135910971,5.00122498817557,5.080588482599158,5.057465571243301,4.929853009250916,4.703884259480923,4.392102984155231,4.0107821732409565,3.577118815889965,3.1068303166807554,2.6118425655729647,2.095554640331185,1.5384222332409108,0.8930521568141759,0.3227503712061571,0.18587166485907905,0.534258248556069,0.3836847281342869,0.0017422514027368465,0.14210420422790693,0.6801079318117971,1.3980142426911413,1.787619920757287,1.9869117345701008,2.1405578368697826,2.2862189746761428,2.4303426783600632,2.5724586989301494,2.710326930451126,2.8408094723270003,2.9595598823346556,3.0594449372112007,3.1256002031576626,3.1213999361226774,2.957039829666193,2.4703364616643095,1.608299580785755,0.7444015070590594,0.23240642659378935,0.015176613279537612,0.19362540391109667,1.133434124473988,1.4424361050046426,1.305956502696656,1.5025598752508431,2.3074466344044593,3.5715813624034536,4.776412408370502,5.709110542513767,6.426976180352513,6.975163451263601,7.340900048416389,7.48568596526274,7.376609526718456,7.005243985285496,6.390790393382413,5.567867867864074,4.563463568634299,3.368512398653163,1.952940588979389,0.5932324167019744,0.018927412020595856,0.060879306855628056,0.2583918373628515,0.5315677201914162,0.4684954756730536,0.3042140740857779,0.26714225179216633,0.271581101059301,0.2865514745070834,0.30335945386743685,0.3197096491770594,0.33598989988539374,0.35458760070987083,0.3794044098368801,0.4145093517156594,0.4619614455801194,0.5198983693855831,0.5822342134642206,0.6402549271070466,0.6850996085994568,0.7098816657192459,0.7108849506530429,0.6879113777275889,0.6440755513091594,0.5853552739032803,0.520239748048602,0.4598727755812063,0.41889145237012715,0.4151219371832038,0.45067605682514666,0.430437891421365,0.29769658498050744,0.2051150473172675,0.19427593474311594,0.2661784089235375,0.45977042052525147,0.8409590284908306,1.4139105013069417
1.1701001174670502,2.9747729931870923,3.140560895337829,3.2596724829139085,3.320045490028616,3.3137171143070066,3.2381560230304713,3.0964284927363033,2.896220056519353,2.648123940533035,2.363758031725061,2.054144164532516,1.7284213465195046,1.3922111042958418,1.0434398758465107,0.669861086489863,0.3343230862902722,0.2966056408350857,0.7764962549304527,0.6823429044979777,0.23715978905838545,0.3577753044847783,0.8666008843830889,1.369466452924777,1.6209600548417324,1.7730280953223416,1.9042628429428567,2.0325738293355227,2.160423331945549,2.28679233406684,2.409672491423681,2.5265459959474765,2.6344260843198044,2.7296782199406198,2.8073591528268653,2.859110497661832,2.8670080307502137,2.788776479223629,2.542326689428112,2.078463656977862,1.6172804193634558,1.5953757926684202,2.386829092328288,3.0530996311909697,2.1364426699250902,1.4547064885528342,1.4478442908349847,2.3623403732750488,5.331206930563158,11.640717233414843,19.713266636982894,26.512962129018078,31.391024052447744,34.784597462562466,36.8616836918419,37.51972348224468,36.575514575351384,33.71219018912597,27.987727652310664,17.852563855270223,6.613925345417609,1.3476130418506145,0.1756764913012136,0.00806373581419131,0.01900779399915162,0.04161389997378533,0.0001297166757585156,0.10751520000898498,0.21460993267495687,0.26588459826474886,0.30515788585072323,0.343487855071505,0.3833191931020853,0.4249936344248032,0.4685118025476484,0.5141964971325664,0.5627647209634256,0.6147609557805275,0.6694771665570023,0.7239485777715788,0.7727783989932503,0.8090612787943423,0.8259806791093541,0.8184038660954135,0.784008849706413,0.723757925782195,0.6416970267763232,0.5441598305760611,0.4385264610621157,0.3317035178235066,0.22856703026973463,0.13176621512900089,0.05048515473916236,0.01851970667862684,0.031075346067192384,0.05086586487701524,0.08880020495084236,0.17541458151870962,0.3634148296699246,0.7203107218220747,1.252664742284213
1.1721692600266735,1.1376880487695857,1.286460365703332,1.418887463818173,1.5240304822421056,1.5927728375555301,1.6192671887548706,1.6016526122684251,1.541882612382607,1.4448316922364641,1.3170502782156286,1.1655417213610604,0.9967815916781075,0.8159432324193833,0.6260157688765452,0.4289099405469076,0.2567346194267308,0.24461569609121164,0.5442985748300847,0.5069554983769321,0.18938235995960528,0.31287341725062356,0.7591623151443037,1.1683501752944487,1.3672615708060663,1.4907472181945913,1.5995041320526435,1.7065377383638642,1.8134042307707585,1.9191296237837658,2.0219662975090475,2.119633772080835,2.2090632783747384,2.285411348613067,2.3390240121913637,2.346783265594928,2.2517659800048984,1.9428818761841478,1.3471857319331093,0.6825978323570632,0.2612340763458892,0.13290271195660974,0.502670760553286,1.2972420096262263,1.0134480564193287,0.5754341580446342,0.39067421885215325,0.3179335855871326,0.27426270939669417,0.231421680633178,0.18354082410080869,0.13473941436150547,0.09066292149515155,0.05649214727124386,0.03655300171022718,0.032913855382905914,0.04412941708881562,0.065099127249621,0.08803747366524915,0.10354979857882372,0.10072465766750371,0.07144060214064792,0.03150558110068912,0.005375477494986301,0.021979722633563483,0.15140196944905102,0.4250748911782562,0.4231099112582947,0.3030011070241503,0.29067887682456534,0.32002110350399837,0.36572055676983056,0.4208493389934998,0.4831378124425488,0.5511568572977009,0.623184405183238,0.6967796697140372,0.7685791318906295,0.8342729345272063,0.8888168649253286,0.926871685253665,0.9434014000138409,0.9343806859548262,0.8975614876109828,0.8331581583687827,0.7442294493174665,0.6365937318352067,0.5183095785764591,0.39897046619691556,0.28918069443400174,0.20066673042633631,0.14860804968287256,0.15936191220167178,0.22866268869876735,0.23230429888246396,0.1922967605592233,0.18993735823441366,0.25539271403332714,0.4271197753968391,0.7567764350513284,1.2354618907723462
1.174238402586297,0.1603907646430903,0.21199510403182678,0.26663396852662447,0.3206079559857752,0.36987113962424034,0.41060011759342563,0.4397061811420761,0.45515320071864895,0.456024703538479,0.4423742967536628,0.4149466096110078,0.3748490066634368,0.3231718965650097,0.26041540058878937,0.18692953727609093,0.11832354212024161,0.1289063314359884,0.5277140395244374,0.5899888437573856,0.013540614043615609,0.08509841264185576,0.4478117217676563,0.8612213504555363,1.070865091153696,1.18241025070215,1.271354180080144,1.3565351071215788,1.4411396338921645,1.5248412912304588,1.606403561303909,1.684184757207768,1.7561696954290071,1.8197537917037312,1.870997680097875,1.9023562220867223,1.8963607969088856,1.811804574552928,1.5757422293295777,1.1643750855544674,0.7558126952303648,0.5542434829047262,0.5897445735836245,0.6176586366093274,0.40120660310188444,0.26499108376908104,0.26832584372723517,0.379763748109342,0.5278920023138076,0.6576958019906826,0.7684417362045723,0.8715071449114281,0.9711153224965094,1.0643857082803039,1.1437411057495621,1.1991426761665924,1.2203112680521684,1.198400552542574,1.1260406952301758,0.9944720525182731,0.7866472293047588,0.4805617758142322,0.15243439407411835,0.012993803808142183,0.013147242454200297,0.01553253822300747,0.021313085880390163,0.1330051077608673,0.19443309440929038,0.23299066905046537,0.27519291869359525,0.3253505114918128,0.3847999655374822,0.45411420743409425,0.5330787090165103,0.6201898561833352,0.7120194720740144,0.8028512032480799,0.8850749140583698,0.950475798804205,0.9918881386042345,1.004412776864532,0.9858673327858308,0.936738310929117,0.8599985378189164,0.7608795873448072,0.6464989532884668,0.5252873836562388,0.40629280879318846,0.2984658193417286,0.2100818442463342,0.15047513230893478,0.14333322599124185,0.20287027512920658,0.21417664865284508,0.17995102069780938,0.1782198406474065,0.2389063601395488,0.39749189700399273,0.6998815287795841,1.1346623959746438
1.1763075451459204,0.17997366717965213,0.20774532130317824,0.23693969821036365,0.2658447564369909,0.292383443671939,0.3143787179019352,0.32984741553877783,0.33724203438145123,0.33558217045485506,0.32445266402133,0.3038466966681348,0.27369371512078194,0.2323584178412052,0.17286690890400738,0.08995517513020038,0.03832460326880288,0.13743391950670195,1.437086987863762,2.32926335541379,0.6190348640326975,0.4379853414950511,0.6112992620347871,0.7521081615914409,0.8328288971092587,0.8974940282299185,0.9600313361802284,1.0229558952246343,1.0861799349862358,1.1489637734330387,1.2102896787000088,1.268908890463273,1.3232804651600691,1.37134241843787,1.4097957812630622,1.4319673925932188,1.4219860301424752,1.3427565721759747,1.1332101833730557,0.789421590354906,0.47758133979831063,0.37715670657712225,0.6003263985109933,0.7314252271625976,0.36143587120028625,0.19533638288525423,0.24518881382107569,0.4645495498641717,0.7790184685071418,1.0785046119942536,1.3370200401090144,1.5715815462204519,1.7901719172849506,1.9852884741215255,2.139735125112677,2.2333141295660415,2.2487826256117582,2.175427694933359,2.008520867015147,1.743654275791837,1.3653152690305195,0.8460714292560192,0.2836072499365825,0.027184556133841676,0.02054559150401225,0.0653209586725312,0.22816151695748388,0.241160049542051,0.17745110049227714,0.17798388674125062,0.20432960134969969,0.24320799151424966,0.29219931738281585,0.35168491780919475,0.4225016281114575,0.5047551998780242,0.5966377890799575,0.6933479840292269,0.7868647999238413,0.8672137097687542,0.924872457945945,0.9530522925866174,0.9488163566028895,0.9129910179888642,0.8494424008163864,0.7642005981272382,0.6645946996183781,0.5583968522039857,0.45296239917949177,0.35433664530199593,0.2661278036012485,0.18757012211701318,0.11206054757613904,0.0459764656038246,0.022965940576063285,0.032943033562394926,0.0656617382330965,0.13909441543398862,0.2937094227351815,0.5776587693098277,0.9844042452279085
1.178376687705544,0.9883113367356793,1.142988290428157,1.2908119540848235,1.4216122938754627,1.5254230497497714,1.5938756215726788,1.6212888704042685,1.6051764812216471,1.5461001394118994,1.4469258405985033,1.3112614236442541,1.1391677141480017,0.9127214337174898,0.5732786481677691,0.1758135357525753,0.01257393354066736,0.04119433661480331,0.6319389666028744,0.6860852741025004,0.058266361636512116,0.1010032983153863,0.322332013716207,0.5039196750894694,0.5886253093379819,0.6406576820203113,0.6863000855875265,0.7312901761570085,0.7764039956375427,0.821298701608425,0.8652969043984307,0.9075206385763619,0.9468542365347987,0.9817433189842117,1.0095660548900494,1.0247862134555292,1.0140266253382229,0.9462739141180044,0.7717562682033348,0.48679515629050907,0.20821537615451854,0.030870447740506745,0.04923226016681577,0.3555942403851077,0.35873153442596517,0.31554201561680856,0.44193108927861463,0.7066227366665098,1.0079004899587964,1.289218409852051,1.5544820901854424,1.813165046692679,2.0612805651371375,2.282523047824675,2.4533433455785936,2.5493297803484034,2.5515841637096113,2.450520710675269,2.244939010052263,1.9357741299664222,1.5144003186742345,0.9575332184474846,0.3442005714229492,0.03908938665026726,0.02177802686753811,0.012723139773084778,0.04011961685659878,0.08310338912935318,0.09157904452068967,0.10561688670632507,0.126218995602988,0.15338275940295965,0.1877742293684209,0.23050285715799299,0.2830224893700611,0.3466940294932347,0.4218086788315629,0.5062256477272306,0.5943944990383216,0.6777622829380077,0.7467786823186471,0.7934776935740945,0.8132806898866626,0.8054733300255921,0.7727001848269701,0.720070106886149,0.6542822325766743,0.5829956768597807,0.5146138921440737,0.4586419831677501,0.4266356856586304,0.4330149087681283,0.48329281154023634,0.48561561063914643,0.3428402809697712,0.22036376781794687,0.18453709174787739,0.22586066946758748,0.35873804881416566,0.6131346060453714,0.9704697870886653
1.1804458302651673,1.5793079717532414,1.8707981234925162,2.154424565466079,2.410657636173452,2.6201384385307236,2.7663956445214564,2.8379956971437963,2.8295764696093353,2.7416133883760776,2.579028235626844,2.348246102189812,2.049135521811424,1.6478388012736613,1.0360844201653177,0.32655636770616014,0.03172295121503951,0.012527379891257589,0.31105562832654676,0.31595529615561174,0.023500076263144293,0.08388267021442092,0.23943393155506285,0.34906991081862304,0.40021825825824053,0.4338940846216889,0.4644526113318134,0.49492678443636623,0.5256867189153055,0.5564877586150424,0.5868910598452659,0.6163466156290904,0.6442104575869899,0.6697508513907297,0.692149581648056,0.7104766710352769,0.7235508529444518,0.7294367827241344,0.7243679311619874,0.7044474726947699,0.6879078974891074,0.7510289907022718,0.8836816321757286,0.5885514269786545,0.232099931111107,0.24964253649934035,0.4409168829899766,0.7079742719254603,0.9686090888917444,1.2024967654964827,1.4219835986070073,1.6331224326771725,1.8295182796070242,1.9958155691528068,2.11253926437121,2.1615544858306834,2.1309889507283133,2.01751671468816,1.8247319630974785,1.5580334058185876,1.2170656971430727,0.79197727617299,0.32196465233714244,0.049446600936593074,0.03260103391306293,0.04271941720756639,0.09621375028090388,0.07887177589168827,0.04752522167665625,0.05035976422142814,0.06369544650326879,0.08234589949771426,0.10589060741928448,0.1349090692716881,0.1703901467318054,0.21357183487765255,0.26546729031234034,0.325888469981533,0.3923712946854178,0.4598579012154394,0.5216764596652426,0.5713841703723602,0.6044359215347133,0.6189777700516556,0.6157633593176929,0.5975478198668409,0.5682622510311921,0.532053053502278,0.49195997076402154,0.4474481522097265,0.3893678303998258,0.2950239783716907,0.15992362480220917,0.10169598784775886,0.13875298798665153,0.14585256087125875,0.15510946437018297,0.2069070837318147,0.3341886202393075,0.5686451036585132,0.8922944601394306
1.1825149728247908,1.204460800047533,1.4656807840783859,1.7268718791320954,1.9698959366004707,2.175948024446457,2.328200588858223,2.4140996811171975,2.4267243017125866,2.3649723919346197,2.2326536500517156,2.036420676636234,1.780795808061558,1.4524656051724731,0.986213995441049,0.3860977172944286,0.05278044247649283,0.028427997426766896,0.7968320021600375,1.6308553951489837,0.4113761856810699,0.2105877404916884,0.21816948990097437,0.23982815920091813,0.2586750562030745,0.27729372109874034,0.2965033862813865,0.31635043306555666,0.3366887037307679,0.35729111609446257,0.37786194706654525,0.39802644829687006,0.41729933201179864,0.4349953022021138,0.4499667964440359,0.4598498870604381,0.4590597592192795,0.43462343854979596,0.3642027151983712,0.24113738906659124,0.12674487453280767,0.14392588069684153,0.46692474284373586,0.6155919227581625,0.32149301010961995,0.29097054878131257,0.4306499262069206,0.6326674890174895,0.8298457342554806,1.0064729450950558,1.1687224580381972,1.3185228584836637,1.4496862241213089,1.5506540646972196,1.6083833638155591,1.6124443321622848,1.5581779371132944,1.4474850907436716,1.2868216150352354,1.0833395988230827,0.8404470858818973,0.5556874122597567,0.24659794360973808,0.047751773096657554,0.03149237590512779,0.028009337860160625,0.05142783591065757,0.04259627884207294,0.02236581424372365,0.022826183871348625,0.030763067061322816,0.043435788683282364,0.06004212458262185,0.08007701556729928,0.1032511010090083,0.1296296539578468,0.15966414496362616,0.19384569588298076,0.23198968880242327,0.272603354463384,0.31289678059675685,0.3495288778389524,0.37961799268408236,0.4014719953153427,0.41482537958725285,0.4206762423263833,0.4209024642856875,0.4177739572237949,0.4133327638032527,0.4082847475336731,0.3991108768141799,0.3699268786430603,0.2801474754701561,0.1238609340652185,0.035824594127769095,0.029058550562671304,0.05464821100254418,0.1150631474630682,0.23948016797494626,0.4607849283351869,0.765650832701675
1.184584115384414,0.7119583829378491,0.8405879249522087,0.966723699134172,1.0802330936641555,1.1709073950028173,1.230015257374306,1.2516158398825676,1.2332965412320094,1.1762108538130382,1.084496658355526,0.9641848076075021,0.8212849846888689,0.6571888645637122,0.4585940639679686,0.21838100433813842,0.057750709139869474,0.04902877766414681,0.525971526794438,1.0465182907453472,0.11510513724846742,0.013814782994498228,0.0791800777696872,0.12906860514824353,0.15125272020488498,0.1653587534004135,0.17821790680552646,0.19132355880767637,0.2049068988310815,0.21890452375280117,0.23315769005051085,0.2474500520682206,0.26151295424865095,0.2750240350025979,0.2876003916848419,0.29877148491552197,0.3078804455998604,0.31378316590607463,0.31425388828919515,0.30665410679635857,0.2970795320927051,0.3090519293799052,0.3045064208270282,0.18302097483446636,0.21342485448408452,0.33290770454222957,0.4583045153003887,0.5838205258147745,0.702374683048985,0.8141999093315857,0.9196486792158864,1.0151021519636116,1.0933930217947687,1.145590997326415,1.1634119817718844,1.1417444890107842,1.080275761652808,0.9832890129366662,0.8576570062392216,0.7100219684417914,0.5442675430530018,0.36092579427826044,0.16978222177496155,0.04066532300518045,0.03041664390464667,0.03181594568708455,0.04258341104046497,0.012014644205758488,0.0004599090313568917,0.008440730036000045,0.0189610162875542,0.030848486781786894,0.044189992774240835,0.05851731720925634,0.073003448595176,0.08692117086107203,0.10008664726650925,0.11303485682699989,0.1267416392397454,0.1420161710153598,0.15898562291863755,0.17702711218115955,0.19512540113014484,0.21235981860072817,0.2282561113915493,0.2429203805227755,0.2570052445378656,0.27159564402412,0.28807987736511603,0.3080550690231141,0.33365862441164185,0.37075747539201565,0.4312120370353627,0.4498213665798833,0.3181769270065588,0.19498028135832693,0.15452832641669856,0.1829292799799913,0.2850628760898264,0.47826299341410344,0.7419806191296896
1.1866532579440376,0.9924762577434014,1.0434984558449187,1.0783671941564197,1.0923601396321643,1.0822734320576213,1.0470414539648132,0.9879288832298071,0.9082593997587524,0.8127981229553327,0.7069866525940381,0.5962114765331896,0.48517907291178536,0.37727025441717177,0.2735386155820035,0.17314509084831076,0.08940593845412695,0.05606947494823781,0.14424918905258283,0.422378124114362,0.14627818809133913,0.06891330011935554,0.07041985162429862,0.0788884002599839,0.08662924291796689,0.09456490047454544,0.10308639161868345,0.11226370645874725,0.12207266150615499,0.13244505035946127,0.1432752388054633,0.15441748622942317,0.16568050868047968,0.17681814827542008,0.18750825476940486,0.19729659471531857,0.2054477580034124,0.21060698868171734,0.21046575084698987,0.2041346184041594,0.2067761532328397,0.2746651337859276,0.44332347319684823,0.45174492967261076,0.3533971389860454,0.35933722391139333,0.40930711070325,0.47850185314475385,0.5530580427064232,0.6261893803338316,0.6938980472452405,0.751612277740645,0.7936573820505188,0.8141740494709165,0.8086872803757907,0.7756415995548729,0.7170830050624863,0.6379828853305269,0.5444896913720978,0.44199331444814305,0.33381456930574854,0.22132294200225125,0.10987886945947092,0.03294787541782413,0.033088066195332645,0.06326799831268574,0.12248032995643118,0.08613475631069381,0.03763906728598777,0.028818654070294752,0.03204023354185663,0.03965780176171051,0.04906931280775732,0.058656831523492256,0.06705056289503111,0.07315225281170731,0.07640742974311576,0.07704284987074624,0.07604110871831433,0.07478856714935744,0.07457329564804077,0.07622242585584407,0.08003953287051618,0.08598107146819597,0.09390240229119001,0.10373274720849394,0.1154972813365152,0.1290952770111127,0.1435921815573217,0.1554148109259117,0.154646768857142,0.12331383572465718,0.06762342810198435,0.08446072507125912,0.14145925448659297,0.14283077311050704,0.14314163364451038,0.18008354318705863,0.27689655462883844,0.4527894540482044,0.6881103138491403
1.188722400503661,1.9549252106837902,2.0143933125052556,2.0361042564679916,2.015281695330944,1.9506563715661023,1.8448424470233562,1.703918489284263,1.5363636650183283,1.351696097915275,1.1591861736956721,0.9668890525708338,0.781028644362992,0.605501708009581,0.4410332923478822,0.2854077553399982,0.152362515888417,0.10237779878936826,0.20332063609177203,0.2829766236968994,0.0631425302800283,0.02926524261673857,0.035601985035999574,0.042907711748037196,0.04905783794319658,0.05541518104576553,0.06240515332064834,0.07011448742910331,0.0785390783496289,0.08763453516409717,0.09732207474382965,0.107484858638424,0.11796025595261295,0.12852380258485585,0.13884747231599812,0.14837976750911155,0.15600163465882907,0.1591170325571459,0.15181874561119904,0.12420137765577091,0.07233590003045275,0.02340798094720336,0.11936015177033223,0.5118628658636291,0.570143288606523,0.44028292895427945,0.3851571238476506,0.39218942975584586,0.425058035663951,0.46499793071163914,0.5027898013763824,0.5324991940336873,0.5493354908392205,0.5495735438514626,0.5312973326619795,0.49511526028781516,0.44417656917290926,0.38325827989284467,0.31731075072219567,0.25015523186850597,0.18381040841977356,0.1187882537287547,0.05763107134584182,0.017171777922569294,0.014377033033069283,0.02202449406334435,0.05508452290524147,0.04103701279943214,0.029938547986218852,0.037387099377210214,0.04665601751379463,0.05585589414300042,0.06480997250396425,0.0730242362922919,0.07974108887887013,0.08417078962478705,0.08569844684937337,0.08404098707612133,0.07933741071797218,0.07214586798125355,0.06332994322529664,0.053871294817093296,0.04470074434784427,0.03662528732164499,0.030358188255106278,0.026603758658860565,0.026140663080639767,0.029868377178905982,0.038792994567696346,0.05386299772103352,0.0751581093183521,0.09816571368994773,0.10195729251395647,0.058706209583422306,0.020812710804999517,0.02187943952956654,0.044880138171398166,0.09440610962649063,0.19252347967950897,0.3612344671801698,0.5853522739075856
1.1907915430632845,3.0463004396136375,3.1563663967937887,3.205466265825961,3.185671994683396,3.0946646839467014,2.936356146058964,2.7202525527410013,2.459785941694203,2.1701532312727587,1.8662484757498385,1.5610661363771023,1.2645754404775151,0.9824991757194238,0.7137549716389471,0.44966967174753053,0.21513699064692648,0.11977807041756067,0.3347620340505381,0.4372434793419083,0.04472362837841691,0.005056137239130236,0.016809770797556575,0.02705301221580485,0.03413088503525307,0.040822914136334154,0.04805670108793079,0.056051087137254145,0.06483474298551159,0.07437111290238088,0.08458290842568174,0.09535410330940099,0.10652750949429135,0.11790212895245941,0.12923070907729184,0.14021461087236783,0.15048589188214567,0.15956519494566682,0.16696028838668062,0.17421702394530483,0.19908186539040434,0.335327775938384,0.853360071169407,1.3055984075953435,0.7870300407799994,0.41958942995569437,0.30819319173385085,0.2911625210040332,0.30385954788312525,0.32376696194353705,0.3416052179043993,0.35235663465511324,0.35275314407527736,0.3409507905344977,0.3168755120049457,0.2824416440185564,0.24118045452025172,0.19726840233583934,0.15439091188984838,0.114971396053111,0.08000793540237715,0.049516350387053855,0.024084330729117823,0.008852863775172363,0.01474695960077678,0.06795678798990532,0.18656412335605405,0.14529077465042842,0.0794551238105846,0.06716517301801335,0.07036996545449128,0.07853143048770546,0.08878107968879145,0.10001478201622148,0.11159702489274978,0.1229269734696597,0.1331749404987589,0.14112676859581216,0.14527316596758724,0.1442077523553007,0.13714026468927393,0.12420275766572382,0.10640507122760756,0.0853630504681919,0.06300513293838637,0.04137072632209639,0.02251218244541164,0.0084982667450773,0.001623828775938472,0.005288337782372839,0.02711025082506352,0.08770378145853684,0.22010489654768922,0.33489274971346733,0.2569078486074864,0.1547906025747978,0.11999342604183087,0.14107099478058677,0.21883327419078588,0.36313817854853164,0.5551314969308031
1.1928606856229078,3.9013067322274204,4.076969824527148,4.17537940536389,4.184121275964388,4.097785590600704,3.9191491296511227,3.6587353996905225,3.332926670543832,2.9612506064532584,2.5635835637449396,2.157753984697585,1.7573815807024218,1.3684628521432964,0.9815194126924983,0.5718325919412495,0.20929794461659187,0.046679987026843804,0.06243740133998929,0.35561829591757727,0.08733154795613046,0.01990449764656303,0.021071705064847512,0.028869736488803806,0.03631246662980775,0.044106105039775884,0.05267279493270494,0.06211830301132443,0.07243752165976562,0.08357303793782371,0.0954259357486092,0.10785486415234066,0.12067289793473791,0.13364454135920045,0.14648272123113165,0.15884297527251304,0.17031002583487637,0.1804097056574749,0.18910943152717738,0.2012153022043736,0.2502759278081651,0.4812477802805692,1.1803628847786625,1.468592212708267,0.714074589510739,0.3275736102995107,0.21947949979872738,0.19682548652830656,0.19869731483885025,0.20579914029138563,0.21066778617964899,0.20967697173607616,0.200937843451129,0.18397586409105648,0.15984103016561235,0.13101212209858637,0.1008229922100838,0.07254488950178509,0.0485504025405002,0.02993259105977135,0.016641085141732192,0.00794755039993196,0.0030135460805439745,0.001159037047126794,0.003453591416138166,0.03307070598082369,0.13645029303066794,0.12179589870903772,0.07802758672388314,0.0765858302633978,0.08624890735179667,0.09984510841484501,0.11660305392613146,0.1369529415235827,0.1614669574483705,0.19027672056318679,0.2224049071052892,0.2552252341127819,0.28456028200761424,0.30568866063685873,0.31484296623294844,0.3103398713767891,0.2928144393966042,0.26471664696636865,0.22956293384063264,0.1913132178691258,0.15400144813845587,0.12162519932567714,0.09831461134471094,0.08890314881965981,0.10022482113391107,0.14346180236666747,0.2286412537297373,0.2946537217317657,0.24056026117112014,0.16548844199140192,0.13643561753369357,0.15422039563986717,0.2228336433585097,0.35008844021566016,0.5173740122432783
1.1949298281825314,4.310857673457493,4.550186703540163,4.710677999159517,4.775391523521611,4.7340517968256135,4.5849901069204435,4.335464834963836,4.000311088599108,3.5993960947796197,3.1545970143921345,2.6868244592186254,2.2128270939275367,1.739561495902076,1.251496715257885,0.7143467831435341,0.2473054720938373,0.05310186133018748,0.08476085734580824,0.503521377242754,0.158321332237105,0.047608302997304716,0.03665541697161673,0.04171335970988656,0.04983862837676351,0.05933128469093386,0.06992008678391771,0.08152918113641655,0.09409367933153577,0.10752017382678389,0.12167363488724056,0.1363686607696638,0.15135765815763935,0.16630482191741822,0.18071425116752599,0.1937204269100302,0.2034977507767388,0.20580849287232042,0.19183564477895745,0.15167776443228081,0.09877945171410789,0.09994300052935634,0.2583327530418572,0.3435079990038482,0.19465408447110627,0.12597590169723016,0.1088599959184775,0.10896605597715263,0.11397443000946936,0.11858695988240468,0.12045055447559821,0.11836943569406502,0.11182801976227183,0.10110012330708687,0.08734708665225081,0.07242541004754256,0.05835774662169079,0.046665282022587386,0.03787077320979679,0.031311352870182926,0.02505812006051461,0.016145208234555068,0.005334641454062866,0.0006552715743816426,0.003025216623518372,0.04194006166265632,0.15199208365786104,0.12971834333278284,0.0908076410761951,0.09241958281981204,0.10497226132536899,0.12330591990459434,0.14781271687019662,0.18015205100247947,0.2223016854127236,0.2755909889812315,0.3393471658699376,0.40966010797184443,0.47925274322326744,0.5390868875136202,0.5811037108637236,0.6005580830915292,0.5968165056244434,0.5726966516876855,0.5331565502704654,0.48403921578234965,0.43115081139107536,0.3796364650428553,0.33346209315328146,0.2946316103601676,0.2612530324511531,0.22247852094884374,0.15242096103579386,0.051516929006513966,0.004243230864736432,0.00947825644057299,0.0317353048717966,0.07246612449410056,0.14841870308022154,0.27431334691281345,0.43624709354126023
1.1969989707421547,4.137531738662471,4.41456291046113,4.629839336642839,4.764391569766098,4.803357675638784,4.738384150293578,4.568957138740945,4.302341731945954,3.9522357988040238,3.5365389487928383,3.0745656473396714,2.5832164077183135,2.06903108471718,1.509421972440254,0.8583177505053325,0.28920915042146905,0.06129017182243758,0.021895114426346566,0.1789945675408854,0.019079905276180673,0.005526271835855069,0.032734541261859186,0.054178816062175325,0.06849467517483013,0.0812733750687178,0.09451924531646498,0.10870083726785647,0.12385895555651211,0.13989917984507624,0.15665758385906914,0.17391307081054644,0.19138954603083733,0.20876041747350102,0.22566405821165902,0.24174699696463922,0.25677879687389427,0.27096724681817347,0.2859130838460347,0.3079399264692705,0.3596498852837768,0.5034173983003029,0.7665797304355341,0.6721397786723567,0.2775945064965196,0.11997686735098968,0.07967929036592931,0.07726253328747018,0.10141348809762739,0.16687424607037707,0.27434090223878704,0.39165603049420267,0.4997643410743391,0.5986753824708625,0.6879865776599515,0.7622345047149045,0.8127469002472408,0.828738088462943,0.7935042501205963,0.6719284712183143,0.4238760566941804,0.15366797331550383,0.03102709301198469,0.005729583347820339,0.010603189603321678,0.07901978862073698,0.26672543087007033,0.23158780496007525,0.13403879046272063,0.11726780569742218,0.12886320297164872,0.15295948259062433,0.1873767628258375,0.23397705227774515,0.29590475431679614,0.37578631574189875,0.4736165133711626,0.5847366503586492,0.6992596448563261,0.8040217748867883,0.8864590695516401,0.9382628830522761,0.9569761987597867,0.9453665885270905,0.9096359597643936,0.8575715905325764,0.7972082801377381,0.7361462068109166,0.6815565774232497,0.6410030211159391,0.6239882766142333,0.6398573030152175,0.6607674252573454,0.5362546945162722,0.28792682186541235,0.1452559701416581,0.10218833059514061,0.11333829692837251,0.16946345524151016,0.2737187025217195,0.40975877521763965
1.1990681133017782,3.455788379802953,3.725570271124009,3.9614673122026582,4.146885088871733,4.266059781793785,4.306106134529107,4.258722221831752,4.1211655429354535,3.89633101047822,3.591935712393289,3.2186430429905557,2.78563239148722,2.2873685284808407,1.6700786226685194,0.870447945369538,0.23301991985284617,0.025291348292945312,0.08254515113563247,0.3199342684493687,0.09873175523566752,0.056227303643847586,0.06489607466222981,0.078730173826222,0.09247364074659213,0.10695185225690337,0.12253018888146691,0.13924428570403935,0.15701030814329003,0.17567749305366445,0.19503505397916004,0.214807313740592,0.23464147233177024,0.2540770366804527,0.27245769247316715,0.28866969487087807,0.30039580272637667,0.30224381195763705,0.2826945925902605,0.22671050753653374,0.13954816816678609,0.06508341944883331,0.09736313641243084,0.22389663456751424,0.14443816289281125,0.0647148020480323,0.03978878172912791,0.03908230381566674,0.05681199784117287,0.10297536300557407,0.18005397281333907,0.25870255467252196,0.3153818084992298,0.35399750197135676,0.38195846477452944,0.401187481178411,0.41011402094636457,0.4056225590424454,0.3828211157670226,0.3316614460262333,0.23612080496438506,0.11431182327131958,0.03788411642035323,0.011700044955408495,0.010472741586552788,0.02861775106869678,0.0730038697162508,0.05985565328994778,0.0817601883147173,0.11731992776436156,0.15290887904243203,0.19412227643961275,0.2464703099186308,0.3148897387026087,0.4040174576276611,0.5170835231623782,0.653629132062089,0.8071344822771759,0.9644421478139991,1.1083803339434324,1.22280588387591,1.2972986560383934,1.3291309529721738,1.3223116063037117,1.2851215468507535,1.227635997278837,1.1600191864924925,1.0917752543007513,1.031886135873403,0.989573735000822,0.9741232767706187,0.9845521257709963,0.9528574567136362,0.6965702148479697,0.34754645785784755,0.17271915422023656,0.1189246317950159,0.12275526892306497,0.1694385456379895,0.25918666588920924,0.3763057864480732
1.2011372558614015,2.595338547166594,2.8241113296424,3.0423356430596833,3.2380637726409414,3.3982776953569855,3.510236770682382,3.562843481540393,3.5477224290996583,3.459805044424395,3.297298848904703,3.0606861135249908,2.7488296220001662,2.3440987370056074,1.7692500113413885,0.9308535104743934,0.2463266829136881,0.032392841197714316,0.05954474760187535,0.16997609125459226,0.046515367516325935,0.04288340507094988,0.07211830732084307,0.09665250735069254,0.11509529507686045,0.13245868402329433,0.15052179781735092,0.16966428110012644,0.1898639300243176,0.21095969426023883,0.23270949422702694,0.2547978407626788,0.27682807125417547,0.2982975742728466,0.3185258034273565,0.33644273750480824,0.34999618140604855,0.3547151041990234,0.3416474796656641,0.30138154134069334,0.2515990267577886,0.27592106127039184,0.5067079876003456,0.5705381932947877,0.21073613231554827,0.048543643017520774,0.010446190775028669,0.007625055956757396,0.021737941811455795,0.04026550051539299,0.04540440923325226,0.037925858538700216,0.02978190636348243,0.028632301417957765,0.03734339688830107,0.055611365333410594,0.08053989691719148,0.1072032218379087,0.12943450112367477,0.14016490394357034,0.13102187448550867,0.09807841651064833,0.057310587787751326,0.02993969565251578,0.043624767898265915,0.14044641747445313,0.35654252660126073,0.308595410055915,0.18558980790643068,0.16826044477953087,0.19598153814525973,0.24826855719868332,0.3222330885957678,0.4204592284386879,0.5466404954384929,0.7024707077198962,0.8844490858546243,1.0814852693102126,1.2752770068880623,1.4445274954280938,1.5713414749462205,1.646240174655466,1.6693779278982077,1.648363368673365,1.594725406736711,1.5207576026469392,1.437383086897476,1.352807578926849,1.2711380639267524,1.189307944137755,1.0889511619284031,0.9197773734446094,0.6011944961030016,0.20208305773020802,0.02053439018730968,0.002482530346488999,0.01915272761809048,0.05109079514528493,0.1081828521230959,0.19987383422966606,0.31484289683205546
1.203206398421025,1.8540222762946694,2.0328783897789475,2.2125756551692195,2.384809943878627,2.5398129993178835,2.6672709754599264,2.7573272049629316,2.801422507296447,2.792782803245798,2.7264149649553358,2.5982121208199334,2.4010533583175993,2.1084829060130486,1.6238303112944314,0.8327139828050616,0.19641341345097604,0.011947800604569011,0.10654831243317779,0.2252504036137477,0.027924653916128712,0.03143645269238943,0.07778985185548003,0.11305614434983394,0.136014192348703,0.1559434690253778,0.17615011397118607,0.19736957062740923,0.21964051929910383,0.24279389815993244,0.26656242771274635,0.29060199907096357,0.31449400771498387,0.337742850940258,0.3597650353581672,0.3798459172518928,0.39699119770411834,0.40952002519071395,0.41450886743786836,0.41035571516746333,0.4154708153493502,0.5039326474312149,0.7295103296200628,0.5963990961242934,0.16240442529923238,0.019846611789484745,0.0014598101824013522,0.013785213020253075,0.025037142495709812,0.02149511896731186,0.010643563343330819,0.0020893128181394454,0.0014132655807836544,0.011751555782466639,0.03424515100430245,0.06757307577555703,0.1076999901389004,0.14834723407688513,0.1820013931705378,0.2007456281157452,0.19605894432530133,0.15849074518297374,0.09056228394507501,0.037693969921778196,0.03649824152659237,0.0555125057409969,0.04207207402011157,0.0046837119215234245,0.06635499908983511,0.13484440281631213,0.20151627036939504,0.2796038419129301,0.3790595683027445,0.5070989561381699,0.6682420470747188,0.8623595624758595,1.0819099645841566,1.3104872361953634,1.524946502865522,1.7014797709589424,1.8228603924649778,1.8828297642310456,1.8858143903803424,1.843368447016072,1.7699430519748611,1.6797157051170803,1.5849182909844979,1.495385931506402,1.4188539714486774,1.3612645971593718,1.3246016452135518,1.2916275547095986,1.1668653491885055,0.7791457417167724,0.35320765960791956,0.15715096625115704,0.09759016961710867,0.09636236831645131,0.13302785372905088,0.20470652471241862,0.29756577743031737
1.2052755409806486,1.2757294472325542,1.399388061739114,1.5241786339139425,1.6437721833837642,1.7508059764382717,1.837646350723163,1.8971959794131004,1.9235475098545745,1.91233942532428,1.8607259780635592,1.7667326244717392,1.6267592227376035,1.4258129751143236,1.1074261291657643,0.5928098767052715,0.14399047716154117,0.011827768268936638,0.30761579123513305,0.684831694458269,0.189120028751723,0.10273919664182586,0.1145076031269733,0.13571179388458082,0.1557591284565566,0.17617765550912215,0.19771157623298727,0.22045931360093696,0.24429959775149995,0.2690087466400036,0.2942822809788986,0.3197292523309779,0.34484664871688003,0.36894613796182874,0.3909405073330931,0.40873059902681613,0.4175645070960811,0.4064700858046232,0.35520806901068747,0.2497346950686423,0.12393221011856283,0.05426925136115465,0.16242146283016265,0.3039037438568294,0.13575532281486874,0.03759512709408109,0.01936013833684221,0.023242042497171773,0.02663870985731519,0.025379382891251388,0.02422920757289794,0.027547015509920086,0.03809901028441128,0.05747399145608867,0.08577645490946866,0.12110045388310539,0.15938895871710218,0.1949238868657171,0.22122711164163358,0.23183971892191266,0.22049653286911267,0.1811817381394324,0.1147151676915323,0.05681636672977882,0.06776839593900728,0.16389482851788717,0.33929897863794,0.2794214623337186,0.17464890001294645,0.17088869018308492,0.21498190961863248,0.290576619692839,0.3965470950424028,0.5358386946326839,0.7105564080600103,0.9181376679316952,1.14825673917538,1.382010925109933,1.5950587671837129,1.764262543505651,1.8745421525244268,1.9221975270646274,1.9136494580161698,1.8614942015236726,1.7804269855079806,1.6844448189944576,1.5855003174039513,1.4932374822316368,1.4153847182071695,1.3581833136466672,1.3244025346843842,1.297367991239729,1.176146286479284,0.7767481783046418,0.34199331370913194,0.15059211263448757,0.09478742307740418,0.09254670287620209,0.12364704538982635,0.1853251891261676,0.26556539886236424
1.207344683540272,0.699047150152937,0.7479694711694902,0.7939734410052848,0.8336731137266903,0.8636117375603478,0.8807304645832231,0.8827612960850907,0.8684474088128206,0.8375531330352562,0.7906822969535725,0.7289211066724401,0.6531446648925612,0.5621202270077963,0.4468341497418306,0.2847497278931438,0.10153446946046567,0.01230119492320747,0.10780155390723252,0.15804354930016606,0.002944958118368288,0.025448031653730663,0.08986682886572893,0.13820250523607372,0.16723042951294867,0.19062945462276282,0.21365125086900155,0.23753577431885872,0.2624196150274907,0.28812868851976464,0.31436267772600995,0.34073441544180766,0.3667766847518303,0.39194105512401006,0.4155882739689519,0.4369506442545769,0.4550110714079684,0.4682118609496606,0.47429115583490766,0.47365682018320066,0.4875490510032171,0.5839620274067017,0.771843548806193,0.5701737799266455,0.1612858942409757,0.04737118350993483,0.04052824698809241,0.04847576903064601,0.05556126933317111,0.06376005197722338,0.07602226669069095,0.09431985440747309,0.119865398332669,0.15286904317768382,0.19202175727866727,0.23414042476728897,0.27430389766734553,0.3065216658897479,0.3246242454761514,0.32291155990729975,0.29626954172398606,0.2402493541079026,0.1562708611556377,0.0800623709799688,0.07919465520219705,0.12112408265379246,0.10935504836992067,0.03194247167825426,0.06693999797398771,0.12823338224679004,0.1960065729180166,0.2787084566259632,0.38428449188683445,0.5182627093749536,0.6828247035925824,0.8749142011344045,1.0844420558817,1.2943237591861785,1.48362430235861,1.6331538781380786,1.7307713505525175,1.7736568250501794,1.7670672622956292,1.721211794404095,1.648153879672824,1.5596570522372044,1.465941061899876,1.374865286584771,1.2907596421202194,1.2112975517819784,1.1187195243867347,0.9608290912299189,0.6483843034258228,0.2377004386607943,0.03442944759911641,0.0023243957361805162,0.010307488515651692,0.032507801252013746,0.07319164347474219,0.13784666221678668,0.2178558759792092
1.2094138260998952,0.15152114734037617,0.14640945203614283,0.14385053643635234,0.14387615865905046,0.1461901537142345,0.15018191564503533,0.15498728840594117,0.1595831942398952,0.16289193660345472,0.16386875329728945,0.16154337176732575,0.1549516311736364,0.14273270158560175,0.12173535993013561,0.08505114827415172,0.03684546667592667,0.03769601317862359,0.32255087993232706,0.48972725106246967,0.14451969631779163,0.09626463377496872,0.12510911521150817,0.15473445004825737,0.1781768491728894,0.20052308444645092,0.2236405936045693,0.24787576533543376,0.2731454096641222,0.29921717992094654,0.32576796494349014,0.3523886847400489,0.3785679082308436,0.40363976521532285,0.42662769440106457,0.44578371391629895,0.45731006823454257,0.45235659781306203,0.4132167722439656,0.3218471729081602,0.19535480185308704,0.08214108694249696,0.03469821581764365,0.09535679837087678,0.10896972310174796,0.09228543488982664,0.0888867051535491,0.09617305970483166,0.11097055669834144,0.1328019807747284,0.1620117447847423,0.1989829645718302,0.24352346879683773,0.29421329219518666,0.34790292914541304,0.39963538001368626,0.4431446696250177,0.47176982822292246,0.4793353258133447,0.4605388227673679,0.41067754708644055,0.3255237680537186,0.20822900317227339,0.10558350982230601,0.09934738459282827,0.154949738330826,0.23566426065791135,0.20913420638667005,0.16496506060745936,0.17878351699053557,0.2252122057125493,0.29566123446556014,0.38913627160049535,0.5062920487791301,0.6464623542133252,0.8055554859999392,0.9748323067531243,1.1412601466336716,1.2898640335406009,1.407368063685435,1.4853771466134296,1.5216024690591023,1.5190451816558626,1.4841906678754442,1.4252875464789785,1.3511745040148282,1.2706460654361063,1.1922478840153514,1.124455942468843,1.0760004223810853,1.0544797888607553,1.053731996643137,0.9983751176437347,0.7145187393215974,0.3448316073760238,0.1542305457106622,0.08912575748100751,0.07906465103328632,0.10062035072175457,0.14767405145964918,0.2090595719984409
1.2114829686595188,0.02062074498163996,0.012335187573821649,0.009196985413530383,0.0111889256008284,0.017777855191274516,0.02797079780985895,0.04044592373917585,0.05372501931269555,0.06634395601706788,0.07698503556551241,0.08455228935192523,0.08818368140706694,0.08718236503419378,0.08078977024236773,0.06787484802267095,0.049874380428872996,0.04733112279487223,0.11304507551877245,0.10249930116870672,0.03351189180742242,0.05490939926562728,0.10973521420391112,0.15255147366676727,0.1802495000238968,0.20363350872161506,0.22689484256498732,0.2510183106086641,0.2760802459241035,0.30188766677396006,0.32812837305164727,0.3543985206534627,0.38019254723629065,0.40485634916685237,0.42744854240480185,0.44634722313570685,0.45821109837168106,0.45571122151060167,0.4253085444951543,0.3567386130812713,0.27923612960485433,0.2823164576953502,0.4698717921995063,0.5143828573772589,0.24248331800988435,0.1384620540189423,0.1341990785398602,0.15604988840259792,0.18859249075510162,0.23021989336673132,0.2811596707267907,0.3412172697390071,0.4089764405134761,0.48119533105463286,0.5525302864066667,0.6158600016246824,0.6632441702754559,0.6871502133525281,0.6813503113755621,0.6410471671815068,0.5621963996522691,0.44102244577933747,0.2820317484860831,0.14419188762479526,0.13101756763729838,0.18925983045795547,0.2173216013757526,0.14984062636551432,0.15481060944155872,0.20120691115390352,0.26050306452127353,0.3313854352564434,0.41552151405003646,0.5134135860742819,0.6234808295520413,0.7416821590017527,0.861594461779596,0.9751619599217765,1.0740900240909246,1.1514417170645699,1.2027890271735007,1.226544760330398,1.2236288266984543,1.196899997469557,1.1506576996200577,1.0902644201170162,1.0218296224484658,0.9519645845527086,0.8877560330546537,0.8371314559901616,0.8089428754997924,0.8060102463360515,0.7796253723829523,0.577241468007803,0.28502054486163736,0.13206285157431946,0.08103201242895619,0.07394009391928659,0.0924094075625978,0.13216882824039106,0.18424819112704374
1.2135521112191423,0.16060719780475702,0.16185253264508812,0.16552497194717902,0.17090613149986333,0.1770279621753327,0.18280398628904923,0.18717035862999112,0.18920348795811973,0.1881909774141213,0.18364948070583634,0.17529637064909528,0.16298033569425063,0.14653872666800494,0.12544552588538974,0.09828714608486945,0.06645090115667515,0.05511855780155032,0.14260513885732212,0.13652504205140037,0.03585084222664278,0.05524435644626402,0.11037534387574648,0.15219749080317937,0.17881856920894226,0.2013391437654047,0.22380983077656777,0.24712753131514,0.271340388269343,0.2962537744887479,0.3215668668296854,0.34690012860101394,0.3717975857763018,0.39571783198938226,0.41799942116800604,0.43774252181479073,0.45343746391578343,0.4619543185645807,0.4566804294741756,0.428448917217158,0.38083304069581947,0.3366379506627717,0.25846230283158633,0.0957801000829328,0.0861841341456475,0.14510834090436062,0.18995979416562928,0.2356360404087741,0.2905781256317343,0.3565849266520205,0.43397177216229726,0.5218285043840714,0.617307200223859,0.7150411682974339,0.8071190877143914,0.8838801075479525,0.9354084323854673,0.9531086880205196,0.9305576299297782,0.86310506583576,0.7460989988715627,0.5729530113764678,0.3475760253338522,0.15561686857156734,0.10969202119965843,0.11107141757334832,0.1486250418453413,0.2385560887500986,0.2528457813556196,0.2759952514048,0.31867757575722805,0.3741261286506913,0.4378187533503958,0.5062696919201803,0.575984139860096,0.6434378888429682,0.7055782679949417,0.7602781176244641,0.8063044828770587,0.8427799047444867,0.8685722130951116,0.8821190819386319,0.8818242573966504,0.8667559931259577,0.8372625447858734,0.7952517871951619,0.7440615939883556,0.6879384770201217,0.6310528438124856,0.5755292881999419,0.516853008854336,0.43436941310347604,0.2896533427429081,0.10919407071606817,0.020059520214703825,0.002281810379568144,0.004694056493782254,0.018049621346600566,0.045068940583137214,0.08876816457710889,0.14296224925663414
1.2156212537787656,0.3567411339573366,0.3701851180432977,0.3824443379813406,0.3920299183997552,0.39751887306059963,0.39775968235763154,0.3920152354289988,0.3800123155228657,0.3618981464373875,0.3381308935693686,0.3093405709144789,0.2761846548811037,0.23918273286936118,0.1984574248432806,0.15374754930022966,0.11030892625405557,0.10755349559816584,0.2872771340629386,0.32967251557141874,0.10503833026572151,0.085218533358144,0.11921183696189015,0.1502017215961278,0.1729754793270924,0.19370300719705874,0.21477580002860958,0.23671333225790772,0.25949261874038526,0.28291459242516126,0.3066873587509713,0.3304358864004602,0.3536805949529337,0.3757665363061072,0.39565829458673474,0.4113656043450411,0.41845113487682994,0.4068918773769917,0.358488556643521,0.2596607447498199,0.13519919286992607,0.037736571448060356,0.05103707661472971,0.22975073064774648,0.2925878672497802,0.2854053715145607,0.3043007751336535,0.35363988769987476,0.4259551554577668,0.5167286412959093,0.6234431199401825,0.7431503811581263,0.870760984734966,0.9981581903866894,1.1143153967724755,1.2065636529060586,1.2626721471848685,1.2728240588732656,1.2304657745623575,1.13148360586225,0.9716625184236337,0.7438406977907039,0.4529221972384654,0.2070881471726144,0.15465374667379383,0.19545465254247743,0.2416757545849153,0.23470073969318003,0.2569443590844184,0.3004281229994261,0.34549701053728127,0.3884962542167461,0.42739249907162796,0.4594391322631852,0.4819787950445885,0.4938683245633193,0.4966051310227525,0.4943464519006403,0.4924220552981679,0.4949363346687699,0.5028691186906136,0.5137945596846105,0.5231661434229462,0.5262240087434858,0.5195894337371872,0.502139425715841,0.47523155164566133,0.44258737659473363,0.41021310174177905,0.3866724362218904,0.3835364100764087,0.41299276522307904,0.46305479644666553,0.4239357642202745,0.25361821997534073,0.12360079141709605,0.06882036636791103,0.056184434276262504,0.0680536793363191,0.09823480143043141,0.138312095755397
1.217690396338389,0.5760103621165944,0.6038306431090654,0.6267243280756142,0.6423487194675723,0.648736027945437,0.6445809875738818,0.6293940086566683,0.6034893388914964,0.5678303367507123,0.5237892319386165,0.4728789363552322,0.4164665767457367,0.35534232474663857,0.288732074488206,0.21284603174110933,0.12856369837147244,0.06325367818718075,0.024014835890995657,0.0101059989562659,0.005158417511389727,0.03987634655671559,0.09568329474795943,0.1365725528804286,0.16124926163008438,0.18116110220626863,0.20066749971078568,0.2207922333603549,0.2416408782280984,0.26306132867253224,0.2847981738681403,0.30652547820588405,0.32785048861905325,0.34830551796221837,0.36731843217980975,0.38412062308428124,0.3974854914205495,0.40511955384917114,0.4030382978843751,0.3891376327273739,0.38151362433107094,0.4303555298807903,0.4899296338537534,0.25228883459058987,0.08708454627064396,0.15972215866718642,0.2841682475264594,0.4171773998203378,0.5516634557319605,0.6915753478675016,0.8417625761075406,1.0027240411083427,1.1695956540496486,1.332380883105993,1.4770315361812658,1.5876378710596275,1.6493476449836022,1.650842764875941,1.5850619214096007,1.4473216752475626,1.2301593205948331,0.9169063435116018,0.5128919025019134,0.19377815152277858,0.1055053768554793,0.07739921344180695,0.15462883152244603,0.3459800324230412,0.3565242778919784,0.3574238787429692,0.37315297367615863,0.3905227904205363,0.40058609300668324,0.3978369719013371,0.37957441069996106,0.3466407153662322,0.3040692432444211,0.260362842105365,0.22494685584494437,0.2047265014750089,0.20162102214960123,0.21239542168434072,0.23052864526909994,0.24878502456650606,0.26128770130337836,0.264629410118577,0.2581458780222319,0.2437268954504175,0.22561996606405174,0.2107830443842794,0.21044609413436247,0.2418997027135595,0.3121061977374518,0.33409605384704943,0.22806158864841536,0.12626948831255289,0.07855785619427809,0.06528159457285607,0.07263830065170272,0.0951452288767709,0.12587353124059653
1.2197595388980125,0.8433479585334711,0.8903071172365443,0.9282124146932349,0.9536057160662037,0.9637274386126412,0.9569164632717468,0.932796093186285,0.8922106541026782,0.8369555785350048,0.7693922725330555,0.6920326702369126,0.6070962566749964,0.5158133850133801,0.41676924130028614,0.30362654343555684,0.18027777985513777,0.10720816628017749,0.2128472011711274,0.3407974261526931,0.10137297629358256,0.07288095154746571,0.10327411632907829,0.13025458034278684,0.14914288021433153,0.16603820997971563,0.18316185309024807,0.20097249186902244,0.21945216326154476,0.23843849406132173,0.25769717644866974,0.2769337729311015,0.2957878953311668,0.31380901985913295,0.3303829925043231,0.34451587314346965,0.35423476752531025,0.35514529121196586,0.33821954606573457,0.29186001121593014,0.2181001803850361,0.13449517625881688,0.03976379589413034,0.019088154416781685,0.1737142520156388,0.3290896458935024,0.46068372455876666,0.5973826075514657,0.7484083913799284,0.9170409231227511,1.1041946856248066,1.3067579980033621,1.5163747730893282,1.7191729630805537,1.896857444921584,2.0294088609000958,2.0987221065157966,2.0916069466539398,2.000514084844968,1.8210106164687023,1.5452010965459115,1.1532981595842038,0.6512041970127397,0.2554359268103739,0.15649956592099606,0.16641009647321534,0.18822501472719333,0.227179129010268,0.2937249413026156,0.3414207808317517,0.368264495637268,0.3786656834205573,0.37308745678681027,0.35020014610395184,0.30967472861115186,0.25424715167773554,0.19060820262253633,0.12853294714727687,0.07819846274410862,0.04680231192711651,0.03630982788452321,0.043476854174337075,0.061762096149177305,0.08381040972053147,0.10340198255272467,0.11647981492127463,0.12138146011150712,0.11855142549499277,0.1099432371910582,0.09813533203399946,0.08484626549492645,0.06831342851170198,0.04259958536526276,0.014221621588493188,0.002528670185592844,6.0955683559632524e-05,0.0021530958856942404,0.010326638981555123,0.027330291500233993,0.05513524923590907,0.08981268567861375
1.221828681457636,1.1838146729080572,1.2600470424913597,1.322889386322047,1.36713562388825,1.3885810433036903,1.3846233325384294,1.354559372218511,1.2995178544099306,1.2220827515037733,1.1257373243952393,1.014254666694652,0.8910492048914035,0.758191682621364,0.6141649522410702,0.4510934057342558,0.27696728458668335,0.17212485981976858,0.1413041299555898,0.054963728239544554,0.020762586515748915,0.042512506218302916,0.08415912919266894,0.11505901717472554,0.13389532852762703,0.1491227099910777,0.1640082509421404,0.1793364694168886,0.19519304336021906,0.21146299323497994,0.22794876313540272,0.2443921705454928,0.26046570850318357,0.27573307023856314,0.2895350543816405,0.30067558184330573,0.30661503216845043,0.3017453448356728,0.2756210942919098,0.21897083784509172,0.14746952937044452,0.11917851620997494,0.23594848989193448,0.35047836073566835,0.24883413569127602,0.2694964923430399,0.42422890873673447,0.6494710622391167,0.8906031077616423,1.1321267359852565,1.3802018606338882,1.6380499931826031,1.8994215753476218,2.1491060553478687,2.3654622452358725,2.5244404502594717,2.604356515294445,2.5895571989614528,2.470848657193656,2.2408269339750877,1.88150968213717,1.3507577086075848,0.6766819756060132,0.21505921931367125,0.09728160481059338,0.07201301473722396,0.23648338099264002,0.451513822351317,0.410596259079268,0.38010845237074947,0.3715846903640407,0.3642378108953758,0.34791623749202355,0.3182560276602131,0.2744720542271818,0.219142793527901,0.15809406544000154,0.09933519315217301,0.05087968411059297,0.01825724333338642,0.002985486985356118,0.0027080900792995862,0.012628693483720203,0.02728896473344921,0.041953206663136906,0.05337735219699778,0.060082576005735,0.06234528307077,0.062072685941958895,0.06266591425770039,0.06923105116190015,0.09163123383067466,0.15050564077042797,0.21637040126781848,0.17101261925337688,0.08776327924606482,0.0434550738643227,0.030714673607172917,0.036779827459917314,0.056106999329000595,0.08254357210604936
1.2238978240172593,1.5173972818728971,1.632840572877715,1.7338114711149422,1.8127794530171923,1.8630554830955919,1.8797218321258178,1.8602478653851107,1.8046470863422528,1.7151768308480693,1.5956952100530433,1.4507797066256525,1.2844272179239378,1.097153763837367,0.8780959856528975,0.59674800661547,0.28228023341975006,0.09866259227048647,0.03663239773141126,0.08156533236499097,0.04179017733156366,0.04752712407417635,0.08117244003906185,0.10617608895494593,0.12130066973228222,0.13373318716324323,0.1460136049337398,0.15869311843953218,0.17180624146235224,0.18524654695754622,0.19884949253933348,0.21240948682631716,0.2256834170589888,0.2383919402726003,0.25021947165955344,0.26080739365735106,0.2697246387250585,0.2764040407308244,0.280264079476392,0.28265796747108984,0.2942566211113413,0.33160471728606883,0.31444781134261135,0.07660414001808732,0.030815724003979313,0.2059696226376683,0.4631174569969221,0.7709452112454991,1.0822657707345704,1.3838985888374769,1.6871900925483754,1.9986334512262267,2.3120591116513163,2.6098668664381988,2.866535841155945,3.0536698500515773,3.1457669569121554,3.1245804926472234,2.979610970462218,2.7025437958936025,2.2723936613859252,1.638458479754757,0.8319536253538448,0.2777791512062055,0.14628530230306705,0.13425420449536032,0.1214443203066094,0.17438919612806603,0.26788402368838454,0.3148056587295432,0.33097674479814604,0.33011992932320283,0.3170003724234329,0.2930665935051971,0.2595764640597174,0.21895100557036012,0.17506037171184424,0.13266755540469602,0.09628759165086151,0.06898739983731035,0.05172010025786866,0.043450036717658465,0.04184768170960021,0.044126158436593135,0.04771640746968746,0.050699852545926564,0.05205286982039494,0.0518015976129763,0.051211708791303455,0.0532243815240762,0.06367961263828291,0.0947295126789958,0.1658429862828948,0.24331260784273065,0.21249976885640423,0.13155551001567328,0.07972135264348001,0.058681629192180174,0.056625683955520256,0.06652449817262417,0.08244306539722437
1.2259669665768826,1.5680496442985288,1.7002847731412265,1.8252591810477994,1.935327815745335,2.0225785220529167,2.0797650417058726,2.101173704401603,2.0832195325870138,2.0246518393856294,1.9263570387694835,1.7907887812748104,1.6208717293385555,1.4173862342913839,1.1717271972763978,0.8563812152821557,0.49615647897214765,0.3043492009188921,0.3108635807969827,0.15240267059750284,0.02779384771709348,0.037481404130107615,0.07307678035098154,0.0979339985942062,0.11168586697742554,0.12213730386019096,0.1321318065853883,0.1423329499133789,0.15282306482106675,0.1635278297608598,0.17431389877584857,0.185007904752816,0.1953930598419274,0.20518724449520956,0.21397807776557684,0.2210417191827951,0.22486683300676594,0.22207022923738284,0.20584188209533577,0.16747374082737956,0.10746970535576532,0.041367028371375236,0.0013349755380055977,0.08349782456436025,0.2753728655525179,0.4882749641903573,0.7517442821230933,1.0589585180181122,1.37837507460878,1.706152045407501,2.04977138626256,2.4092471888773535,2.772781915192251,3.1176136625604225,3.4131421408792884,3.6262130447362466,3.727400988290307,3.6955010032152105,3.516725237657275,3.1741535555771727,2.6207021320689816,1.7669117937751586,0.7567746237615993,0.2023546427391674,0.0824338159494384,0.09999452468896851,0.3689663853300208,0.5097973836427452,0.39610031771024484,0.34252263029202806,0.3244417433425657,0.31418448745596156,0.3020262170319227,0.2850581584894861,0.2630479888278685,0.237155683763467,0.2093679100190486,0.1819791393051602,0.15704096965397038,0.1359291348088216,0.11917059528321665,0.10653219300148027,0.09725470217594542,0.09031071805180436,0.08462803163547221,0.07927059618559867,0.0735804527269537,0.06727598716896754,0.06049368538281474,0.053741140584139195,0.047629600605375196,0.041921150705418235,0.03343318557672888,0.019101068825361465,0.008303877011317597,0.005234315323786288,0.0063319217639574285,0.010996137249957162,0.020608815873812088,0.03628498207852486,0.05584082593118331
1.2280361091365062,1.3253152872479932,1.4364198792517133,1.5478772698174472,1.654385545128599,1.7497299396988815,1.8273411419173287,1.880930206600114,1.905060051052328,1.895533565723099,1.8495157922278609,1.7652629305206569,1.6408911768389984,1.469723967053237,1.224713977239915,0.8409153604288708,0.3797904027218333,0.12850132322752073,0.02754349992692124,0.0722136800537076,0.043310512556573914,0.04073890163154901,0.0728005733880876,0.09692293822927872,0.10932432558788062,0.11800870780630862,0.12602570942057323,0.1340900814370121,0.1423028978321427,0.15060858537606986,0.1588982318091911,0.16702947427990159,0.17482363095125672,0.18204592184691396,0.1883495290514317,0.19312846204421782,0.19516299317076752,0.19195817089192901,0.1796131312116945,0.15862626179591263,0.1567579654398218,0.266488819231347,0.5684866034226499,0.5259852421788375,0.15842199560989567,0.09427188485569987,0.24401905402234705,0.6178522120794533,1.199694589580792,1.8286170741539824,2.3972841590891902,2.906484599070999,3.373696061306979,3.793994425434267,4.142586844233743,4.386047935246706,4.4929511445901325,4.440483402588696,4.213539736232017,3.791058292379307,3.1116145146362055,2.0666116122684306,0.8687726077413572,0.24242940234634489,0.11640319088412023,0.0971448862075914,0.059354337498184764,0.130570408543295,0.24834622049794366,0.298608550788411,0.3147724400331116,0.31594506997519656,0.30823139145305883,0.2935307187145845,0.2730577114432293,0.24859293635400403,0.2226689531716389,0.1980926282689034,0.17714808549337077,0.16094793641817487,0.14929759380019805,0.14106973518625682,0.13477712402340117,0.129031465726215,0.12277800085476279,0.1153623557684395,0.10652579759216411,0.09638507558429327,0.08539754377255644,0.07431748654521333,0.06467555255604572,0.06323052302523642,0.09380252504781204,0.15008997770832117,0.12555890505024492,0.06030948950661202,0.02295004572444376,0.010800462151570453,0.01317441332410979,0.02517576696524149,0.042380912803555416
1.2301052516961297,1.0953484760667809,1.185725080268345,1.279219663404935,1.3719124602168136,1.4589832301099617,1.5350973407165134,1.5948589796785215,1.6332289728370646,1.6458192023036171,1.629005179445073,1.579775316524437,1.4949497689855593,1.3681168180395,1.1787837589415933,0.874581285438663,0.47499775807034883,0.24280717059372514,0.18061104138654438,0.06513236688126602,0.008575815380663081,0.032850973041624584,0.07696189438064652,0.10466726481908846,0.11705188796125954,0.12472436214030118,0.13141173414932905,0.13796367123540068,0.14451155333101556,0.15101524005023279,0.15738401788369788,0.16350212621079005,0.16923298894547106,0.17441656876114267,0.17885825390371302,0.18229697669252287,0.18432392609612053,0.18421583491541715,0.1808089134994037,0.173483400487689,0.16620744576778665,0.16473148626481154,0.13066227904772335,0.022300259320628277,0.04022250477282649,0.18564784460082293,0.4928293546676559,1.090767440964021,1.9142498556331948,2.730636081348624,3.4483943915544333,4.094616552070253,4.690606244995694,5.2231122017116745,5.65514190983215,5.941381819663475,6.041002440786198,5.923209443691888,5.557084424563155,4.869537344855931,3.678528177948622,1.9423780451792425,0.5714795028475058,0.12248514764868504,0.0627572194668779,0.16729574656444143,0.49529094373511995,0.5561020516604346,0.4188525008464207,0.36679256511859004,0.3497122219247756,0.3368718659782795,0.31811205626318734,0.29064860616290966,0.2553239431326146,0.21570158768945388,0.17725472297928518,0.14580866194554065,0.12553758317516,0.1175084402306532,0.11960253780262221,0.12772684002516277,0.137445411355478,0.1451846548465019,0.14872733160335572,0.14718402004181755,0.14076876696162893,0.13064055291958057,0.11899489325951922,0.10962617467049429,0.10957835612327572,0.13373481674606844,0.20708699707003148,0.2909483640711422,0.24532096148048296,0.14120164873262647,0.07529820563549411,0.04657673699938034,0.03818267954420599,0.04059592217273683,0.048076379310823585
1.232174394255753,0.9780650039424839,1.0618050591258468,1.1492612792703105,1.2368041642550798,1.3200064510739362,1.394003676978727,1.4538974374355302,1.495107913257505,1.5136013081385475,1.5059491490128463,1.4691612783799177,1.3999942993690637,1.2923265750395168,1.1276651957199317,0.8576528252046364,0.4911292845948584,0.2863244703749079,0.38634968274164855,0.44361237910302864,0.08938097427516908,0.03246743370913718,0.079313050128516,0.11941675675679497,0.13657164653108708,0.1452028002839264,0.15169966220587205,0.15766943994098662,0.16342529793967822,0.16896896322241403,0.17421969228967601,0.17906299740603226,0.1833532214269184,0.18689046631016343,0.18934996078978855,0.19009136367810955,0.1876783292919795,0.17883917329157267,0.15712269719829866,0.11474094242078543,0.05374452805851714,0.0027792620297483264,0.07352064509837224,0.30355259714229665,0.27328161075074875,0.17553624367767953,0.17925348954072964,0.3455871955645417,0.8957689358763731,2.280066538915721,4.753373178428383,7.563718093338869,9.672381156429946,10.87647903180676,11.392655808441264,11.390418095246083,10.94560939350724,10.06909664509412,8.665980165021569,6.466984042163805,3.5091171556678318,1.1890604628217705,0.2970236554248156,0.09033567045807521,0.06457051791441759,0.05932529221330752,0.014114698579466884,0.1363217340227557,0.29350560487107213,0.34898622375154076,0.3570375360317087,0.34171734828764944,0.30953731554447744,0.26328395134018145,0.2070551625940782,0.14775750246446046,0.09446176642197447,0.056080011057631655,0.038367241710878505,0.04188395373044687,0.062137600035472876,0.09167837197337286,0.1227611788596556,0.1492636010490033,0.167429855879548,0.1757363189788518,0.1743717406988263,0.16469601662945013,0.14886347222378532,0.12968985838297323,0.11078240592056213,0.09664309399499359,0.08997268872709638,0.0795785959664642,0.054088830077371954,0.03216071348406635,0.02141820772182458,0.018442539972884992,0.020592396064020472,0.026686959014855644,0.03498189376013566
1.2342435368153766,0.9407259515685793,1.0283690221965869,1.1200367191068081,1.2118249426016587,1.2990652409071448,1.3767207672210897,1.4398110573199498,1.4837671782383142,1.504642416530402,1.4991340000510318,1.464333398054191,1.3967758369489607,1.2888312207864712,1.1159063962160831,0.81634374600538,0.41324633773968883,0.16889495049480527,0.051779886165025865,0.0004540110895403657,0.01271096102612899,0.05299531375321667,0.11562946492805594,0.15664035401741716,0.17372003103919822,0.18270502241027758,0.18965401557260295,0.19600127874624035,0.20199664518485566,0.20761261444677012,0.21274679317050726,0.217259183028996,0.22096094416960751,0.22355986567237976,0.22451265739338802,0.22265786041432842,0.21541754671011365,0.19769594655400163,0.16346612387812867,0.11974716595617418,0.11440112829889863,0.2670596160782585,0.7305780775228393,0.9598327871949042,0.5500575469181764,0.2799687591285027,0.18379470238184273,0.15310507360262265,0.14696683704669164,0.1557617597882653,0.17623144418395542,0.20555378392818546,0.24228231381443688,0.2852098049485545,0.33201956942632704,0.37878199429375703,0.4201378850894253,0.4497877879313821,0.46057872491316404,0.44302041361218425,0.38246726157107985,0.2714458513893384,0.1575148775218259,0.10192518560125932,0.13035872483042202,0.27096938743686094,0.5060589643239211,0.5127860813558697,0.4315117024497185,0.40616491098978086,0.38861172183469267,0.3603425106631836,0.31680643202828823,0.2586326511989296,0.19040404576945313,0.12040488481449685,0.059305745792917565,0.017378256694609923,0.0011082543795588816,0.01093428919828901,0.04142362712770776,0.0836367206314462,0.12815704271607936,0.16733181893075946,0.19621970576776493,0.21253872536934007,0.21613821521514498,0.2083944915363571,0.19176004670705285,0.1696495957505589,0.14706255279947666,0.1328356036845081,0.13948918173072214,0.14601849324837288,0.09759079015894655,0.04076818117129938,0.011625099907602975,0.0018330790147248796,0.0021671906697722705,0.008734730956471056,0.01865545554379424
1.236312679375,0.9233560710348454,1.0181070427008225,1.1174483112646472,1.2169330816403368,1.311297958891105,1.3949320542872972,1.4623767921591055,1.508743891726635,1.5299708538759793,1.5228855909057324,1.4850864386435387,1.4145951538149908,1.3089328833804645,1.1623912692256226,0.9624361740312647,0.7339416862296485,0.7468321268799607,1.5120751912326416,1.094872598426828,0.09425295281249027,0.01931815464086595,0.10779604764684596,0.18744658778477744,0.22131964364455592,0.23601258631097422,0.2455614680073034,0.2536717713143797,0.2611153478686768,0.2679642463197183,0.2741204813102894,0.27943445215767293,0.2837263115481425,0.2867748230212934,0.28827017822340306,0.2876859721428942,0.2839660007517669,0.27487988147912445,0.25630353075295265,0.22386425355270392,0.18053557105842027,0.13839571030335845,0.11592479559535614,0.18313723830086234,0.29056546384350435,0.3603497043003351,0.4479529107189908,0.5687829629011923,0.712353224591108,0.8728546092735441,1.0485893178850192,1.2364503173338435,1.4292897077603295,1.6153200883429764,1.7789852084833118,1.9031506897544557,1.9719626678198932,1.9729792587408261,1.8967619828282545,1.731705387221018,1.4518932716897859,1.015557993193572,0.4889541034502318,0.1664388728789031,0.08520443544429313,0.05139244130436375,0.002139425869194426,0.19226386564706846,0.3802071226869316,0.43821326571652475,0.44414403403490427,0.4253672759544408,0.3883765791775258,0.33612440469031424,0.27327178651349066,0.20746916702385584,0.1485476801759749,0.10614539606457218,0.08670882302548132,0.09138930472437562,0.11599791402077851,0.15288249679787516,0.19349878159562983,0.23045129613225016,0.2585329365367865,0.27495587090693385,0.2791947330821316,0.27282706896065245,0.25971962815659316,0.24703112822552278,0.2478520385584405,0.2855693633508772,0.38018203034674597,0.4325304390337728,0.2975146879809076,0.14159340725018102,0.06096372487051737,0.028699089800221112,0.01816474786643499,0.01760005106263098,0.021456513833335415
