period_days,time_minus_start_0.00000000,time_minus_start_46.65388579,time_minus_start_93.30777158,time_minus_start_139.96165736,time_minus_start_186.61554315,time_minus_start_233.26942894,time_minus_start_279.92331473,time_minus_start_326.57720052,time_minus_start_373.23108630,time_minus_start_419.88497209,time_minus_start_466.53885788,time_minus_start_513.19274367,time_minus_start_559.84662945,time_minus_start_606.50051524,time_minus_start_653.15440103,time_minus_start_699.80828682,time_minus_start_746.46217261,time_minus_start_793.11605839,time_minus_start_839.76994418,time_minus_start_886.42382997,time_minus_start_933.07771576,time_minus_start_979.73160155,time_minus_start_1026.38548733,time_minus_start_1073.03937312,time_minus_start_1119.69325891,time_minus_start_1166.34714470,time_minus_start_1213.00103048,time_minus_start_1259.65491627,time_minus_start_1306.30880206,time_minus_start_1352.96268785,time_minus_start_1399.61657364,time_minus_start_1446.27045942,time_minus_start_1492.92434521,time_minus_start_1539.57823100,time_minus_start_1586.23211679,time_minus_start_1632.88600258,time_minus_start_1679.53988836,time_minus_start_1726.19377415,time_minus_start_1772.84765994,time_minus_start_1819.50154573,time_minus_start_1866.15543152,time_minus_start_1912.80931730,time_minus_start_1959.46320309,time_minus_start_2006.11708888,time_minus_start_2052.77097467,time_minus_start_2099.42486045,time_minus_start_2146.07874624,time_minus_start_2192.73263203,time_minus_start_2239.38651782,time_minus_start_2286.04040361,time_minus_start_2332.69428939,time_minus_start_2379.34817518,time_minus_start_2426.00206097,time_minus_start_2472.65594676,time_minus_start_2519.30983255,time_minus_start_2565.96371833,time_minus_start_2612.61760412,time_minus_start_2659.27148991,time_minus_start_2705.92537570,time_minus_start_2752.57926149,time_minus_start_2799.23314727,time_minus_start_2845.88703306,time_minus_start_2892.54091885,time_minus_start_2939.19480464,time_minus_start_2985.84869042,time_minus_start_3032.50257621,time_minus_start_3079.15646200,time_minus_start_3125.81034779,time_minus_start_3172.46423358,time_minus_start_3219.11811936,time_minus_start_3265.77200515,time_minus_start_3312.42589094,time_minus_start_3359.07977673,time_minus_start_3405.73366252,time_minus_start_3452.38754830,time_minus_start_3499.04143409,time_minus_start_3545.69531988,time_minus_start_3592.34920567,time_minus_start_3639.00309145,time_minus_start_3685.65697724,time_minus_start_3732.31086303,time_minus_start_3778.96474882,time_minus_start_3825.61863461,time_minus_start_3872.27252039,time_minus_start_3918.92640618,time_minus_start_3965.58029197,time_minus_start_4012.23417776,time_minus_start_4058.88806355,time_minus_start_4105.54194933,time_minus_start_4152.19583512,time_minus_start_4198.84972091,time_minus_start_4245.50360670,time_minus_start_4292.15749248,time_minus_start_4338.81137827,time_minus_start_4385.46526406,time_minus_start_4432.11914985,time_minus_start_4478.77303564,time_minus_start_4525.42692142,time_minus_start_4572.08080721,time_minus_start_4618.73469300
0.05,1.3714118814805882,1.6204736419733115,1.7846183827412718,1.667762476693771,1.3789691484254654,1.1634470979508476,1.1771448762710124,1.5860439711510772,2.6784908144104738,4.520102381276808,5.666834437778144,4.900839222883602,3.459556395556151,2.1836084278164463,1.2739407606059454,0.8322894790603811,0.8972252243746893,1.3823040385353267,2.0113199044108887,2.29414414059838,2.0511088819249674,1.6440749018140246,1.3047930770851934,1.0848039212044867,1.0175379094669301,1.0819087351253052,1.111116482379218,0.9528512335924938,0.7427905389694756,0.6322516994067782,0.6165786852938107,0.6456522966807915,0.6886778758037921,0.7556067738425291,0.943134870814348,1.2813832725045027,1.517141535457184,1.5169214006864065,1.2897142468490619,0.8611466926475042,0.32100239558829285,0.0020543646398415234,0.4047214993998361,1.270796092938198,1.964002163742126,2.4388707794315554,2.83596481032902,3.2464364943470265,3.731534567730851,4.30225559234503,4.68696670471544,4.484560810149779,3.8514280168775743,3.0913802695711317,2.3209529061320864,1.5913760062433902,0.9507830025482754,0.4633408580872621,0.237062653430835,0.2481633303356569,0.23124194897307182,0.12634979001656937,0.07756468699859677,0.18516490568918798,0.41172108420060527,0.5705773953314881,0.5050699271869544,0.33811260468307053,0.2348036623918036,0.2161529373434028,0.24556782753915116,0.28375455059257243,0.31418102623840916,0.3936956682603636,0.6442104903889456,1.076946136489973,1.559678328127362,2.004346336471003,2.4608210802421047,3.061983939563385,3.8603893211311435,4.491268845499973,4.218648927978944,3.215011518181832,2.232707820142653,1.5277363493869396,1.0467305051437963,0.6846341600439297,0.35846977976960076,0.08857204061831574,0.01599516998285272,0.12909900357662954,0.29325734575712603,0.420951247533489,0.46235802939428144,0.40394421860637203,0.29768864156949365,0.2693770214073975,0.4146490470264818,0.5978250548356292
0.05011003343200837,3.183538955934681,3.4344812341005375,3.6470628933493945,3.4632031168806603,2.998535527983028,2.5779992397964664,2.3442408606081826,2.383782478833718,2.821488040158005,3.597861758387733,3.883217387574382,3.274555692352949,2.6068612918203358,2.2444106498819347,2.155235464176778,2.264003542188101,2.501356304161083,2.800653397377367,3.0605370633123945,3.060633266933188,2.6011329635937175,1.754213573893469,0.7979816599384003,0.11986809936167055,0.09528603390341392,0.9454052272712964,2.3955852801620465,3.5012009156525337,3.9478261649923394,4.2903706347178465,4.797410305021576,5.285917273486537,5.34282854361721,4.505527870183031,2.7027669207100975,1.1697648805836467,0.8494598114756358,1.1988780153344376,1.688932715048411,2.032905895526704,2.0265728377723797,1.551712075662011,0.8225608935581793,0.3914689415846532,0.3318187603798622,0.43448952693270204,0.6086963374015272,0.7957130192879803,0.9037221580216477,0.8336196911222968,0.5927659836864141,0.4004025919628919,0.4169006878858834,0.638825114068713,1.030990147387158,1.538497186434027,2.045853591755524,2.2815979617507134,1.8623681481546714,1.1111564170840547,0.9789140845825595,1.4619793212747414,1.9888709011059864,2.146607186470863,1.9460906388268469,1.987701480153611,2.949876601740895,4.511892036185012,5.924597197244212,6.766595438331104,6.776121081679173,5.791809328466359,3.9409529518483217,1.9489794632970803,0.9213513335771606,0.9047699598079272,1.1687077524517213,1.38272765724805,1.485396754810259,1.449375737994943,1.2582692961255542,1.051287735680526,1.232175215149167,1.9743067258568916,3.0618926951023733,4.271602032135629,5.460170021729088,6.515730501440465,7.13323011153298,6.663766409424574,5.189948477974678,3.8945934553970973,3.2313573178066406,3.0079904023261803,3.015360186311503,3.134860389454972,3.3016381668212285,3.4122391561055934,3.2254137096517437,2.6519206512361193
0.05022006686401674,0.07198877510414894,0.06412228749958118,0.14404219579402264,0.33518275079095833,0.5981636168266147,0.9121573650704211,1.2795788914307311,1.6723774031994945,1.9779504507180918,1.9346944966277624,1.33663763141859,0.6540203561500665,0.27295877427695203,0.1254717606451995,0.17182745484379972,0.46067127765887,1.01190793299625,1.6845829575710392,2.10021819761082,1.8900659672888627,1.3374790848652005,1.0094701287464904,1.0888999710472345,1.5119440036357585,2.0585314659678837,2.348837697090605,2.0232248755193516,1.302246810462581,0.7894408956117606,0.6205222401028664,0.6910770495721946,0.9768209734381084,1.5853321538091854,2.762548965204999,4.4155893827179105,5.371531673593334,5.365978776979281,5.101604986356017,4.7453581071399995,4.212617076138186,3.468176588680664,2.5520364242130404,1.6234273418577276,1.0135746436187807,0.8087977466453319,0.8921225627884106,1.1642413635866882,1.5102035101984197,1.8055263892112885,1.9362755716399986,1.813383089506708,1.5178155258910855,1.2138987120856446,0.9473378488482433,0.7274727595834426,0.5727122065421626,0.4863983248194578,0.431179976502767,0.32904351803536397,0.18081452941029427,0.13207922350712742,0.2339985499284388,0.40693553614749556,0.5482354210397815,0.682134366424169,1.1537044246533492,2.242528024484006,3.4257206743148925,4.137883465030304,4.352951471891412,4.263231888477914,4.056099133008934,3.797492751824705,3.3513538116891053,2.680372685713708,2.131883045841903,1.8120005110160116,1.5695270821328706,1.3076338625361175,1.0216533191911137,0.772919871592357,0.6843663506862844,0.8870210996692971,1.3432570630144256,1.840790367089494,2.1592071839119686,2.1301354198984344,1.6452564827692706,0.7866414814778373,0.11629004045904874,0.17648181550581216,0.5130352989378109,0.6488379254916528,0.577329227193697,0.4305046802972616,0.32237159894457806,0.3043591762007937,0.3786816296490263,0.5882451480003374,0.9506033597342228
0.05033010029602511,0.5113579560924341,1.0081810588901,2.004550796343709,3.201113462522103,4.102878927932952,4.553808838669427,4.499459246666608,3.8329283637054195,2.5316339406752535,0.9616535600765476,0.07341186181136117,0.09955641230549425,0.20654255404334707,0.12834853301243135,0.029202601422610795,0.08498436797890534,0.32808834413938504,0.6286807420861662,0.8260237992059452,0.9401349716525749,1.0945767003601408,1.1879247836929112,1.084931481150582,0.839400323447448,0.6072762128951037,0.4934302544643907,0.4801655583397698,0.5156850543559508,0.64955561124414,0.9159073080924878,1.247813018789498,1.5414765904055088,1.7080434130882092,1.65718018125445,1.3742974280621931,1.2095879967494503,1.3549649919585212,1.6127160477146159,1.8778063289487195,2.1685254449966402,2.579596234168898,3.1698661207953016,3.604574257988058,3.3935442462407033,2.721967942905457,1.9038298974759331,1.1037340225924372,0.4678604732052297,0.11000611198871962,0.036161658934996,0.10296254986797576,0.12395231813989913,0.07391463045055723,0.021466060251641193,0.03098731091996861,0.17369045342616263,0.557462727475414,1.302889529522337,2.226015998348315,2.5209951046237857,1.9582376516453868,1.2070547563318876,0.6603926484856134,0.33410301764515854,0.15524377076726584,0.12346352903545389,0.2438373795787187,0.40066088451191584,0.5168300615125314,0.5989127984369971,0.636869831922065,0.5659064507662751,0.3316563381201763,0.17434355666597393,0.5975313036889597,1.343523943224222,1.8649503033106556,2.0656008188825288,1.9704465624896677,1.5518512159541777,0.7905154126970231,0.057436692533689535,0.3737443480954225,1.6852011029556566,2.664403113389425,2.7283359010370587,2.0894640952921466,1.1399596862613846,0.36134473963623265,0.3960866951359422,1.2121023668230784,1.9308314072343604,2.2427406363665816,2.298134874401174,2.242709837434421,2.141732321280914,1.9877858211912751,1.7604733492240932,1.5928448471995156,1.6753718380531162
0.05044013372803348,1.3830838088998476,1.397675111039496,1.3350741402881237,1.1085379189881575,0.8135728723455775,0.5816003730877598,0.4935981830002607,0.6537016700693583,1.2053544919306773,2.062234836877125,2.4063746101973025,1.9094269745927617,1.3019315106831029,0.8653581072434238,0.5652436013047695,0.3530660985950352,0.20914909928328454,0.16991536508403543,0.3793616870388799,0.94160354700746,1.5303828395775065,1.8182969805013032,1.9190746594228099,2.0703098459887217,2.476838085790642,3.3038008569491395,4.41677794807053,5.092924611236593,4.9563856953505425,4.415896829537902,3.840430532815479,3.3120334324049243,2.7340436250477373,2.1943499612403254,2.8416810377803494,5.5744888245499205,8.327716221374022,9.642965699670931,9.579578743823628,8.511814969815461,6.6680904661804465,4.113901793849784,1.5595661499397342,0.3694093872075504,0.3045505054513645,0.49447947645197177,0.6553969418830716,0.8018803096077959,0.9709869966344303,1.0960526270630244,1.0578102352257646,0.9621882189827027,0.9652641539353263,1.0415846109747715,1.1591207194086683,1.3528980766373113,1.6775315171598284,2.1146040236892767,2.4310698360046397,2.31911711210281,1.9233721591993855,1.5060204662955599,1.1026017794203276,0.698742588309444,0.35258231961292236,0.21500278502689282,0.3657992784952907,0.6513318645302416,0.9368035218695252,1.224306143275609,1.5387153299497993,1.8485014680151768,2.021477114499154,1.866390573362474,1.3871190235406028,0.8904308741566653,0.5691384482995631,0.43353757724485525,0.44807857871528656,0.6022770770778099,0.984108239722084,1.8041844225796944,3.2050504775925615,5.052774225516637,6.922779509898278,8.149899394466065,8.26361046171524,7.190904569798939,5.133577437220739,2.7373246326392535,1.143297545883585,0.5776436828750882,0.44614006705511844,0.4118434139958241,0.3946401239018589,0.4062516883610767,0.551966245420629,1.090868656817907,2.203928430402442,3.361130014462747
0.05055016716004184,1.1768310015365646,0.942732311836811,0.5460987687677011,0.14956686078028808,0.020146449301004853,0.17695485875555828,0.5363246365644793,1.036789244713965,1.6725924808499137,2.477870293696473,3.093752058216011,3.120551612880062,2.932469133110319,2.794668086099221,2.7419694300835094,2.742734271030844,2.6839134703963397,2.376348765397004,1.692545042893345,0.847949456347541,0.28603073482029795,0.04743257552451858,0.009464000066425698,0.19485828072247158,0.6644296427291468,1.4019705205988842,2.1504946672094496,2.425840206558552,2.165439940780063,1.704648621732707,1.269001225935556,0.9684099948206099,0.8900963947633366,1.1308931371120634,1.6586915031622207,1.981482344134648,1.8414323305163705,1.5025286548684917,1.1533398325224224,0.8657310206115831,0.6488381322050816,0.4518384905248048,0.22975332755286057,0.09982024082287369,0.13581896173335323,0.2558283436054479,0.4057769874399183,0.6147741325861568,0.989609715629996,1.6294024890935963,2.2963480463979296,2.5211278715130456,2.4102955602917584,2.310779693483854,2.404107527844015,2.800940501932453,3.650215889397257,5.0898272883229865,6.640245772649848,6.755746713871165,5.18266440715906,3.319348292459485,1.9759770071193545,1.2806182598180655,1.1720749825661423,1.5228082227879762,2.0075059727170363,2.2980263385448003,2.3756639701935525,2.3409400776763123,2.268809596677661,2.1996915464940856,2.088330271569197,1.730890519668992,1.0688124155525935,0.5400863724862057,0.3545867150162867,0.38363502097032376,0.48836243072452973,0.5402597402456707,0.38700345579254664,0.0772135294026126,0.4040064032945021,1.8261815337389502,3.3011007463787,3.9817827185129273,3.9155877388234868,3.43433486007309,2.7354654804268193,1.912656096157073,1.2172248857079424,0.8561104293423936,0.7393049178362798,0.718575328057388,0.6977308320514839,0.6363698694266499,0.5728511781205069,0.677176353626391,1.1930616696462522,2.0111688319786647
0.05066020059205021,8.021117968177835,5.891795379947725,3.37910132965497,1.274584656209286,0.30686160106495497,0.13444329439157227,0.25209965874260365,0.41174426398475833,0.5014426428875539,0.40899657534106976,0.16681377043918705,0.02543442554068499,0.0023457297051372385,0.09407774798467985,0.43167883951007185,1.1693600418538013,2.3761641192117033,3.937909625675329,5.290039325221618,5.3053819868068475,3.9455795429005445,2.6807948876876706,2.2322046020660933,2.4068571531820386,2.6384207435589055,2.263368662832296,1.1413350318391755,0.18439411544599607,0.05598465036121081,0.4113292457237157,0.8903008581220536,1.4031098713230505,1.9575865396332586,2.50153010360353,2.692287384025478,2.256604454997157,1.74456642787244,1.5075425030394294,1.4933704172372713,1.6072576651097183,1.758544637636314,1.7832352214218574,1.513587890898109,1.1590763846338359,0.9261204466109622,0.7261088854552504,0.5207128394258017,0.37603184525898176,0.42692001437960636,0.8349766739814783,1.5000761907685085,1.9238806765823147,1.9416059432814599,1.7705264600456339,1.59206546222795,1.4843448309462168,1.4461797390334288,1.3816927899505915,1.103988854094083,0.6210239701190262,0.2495547552181492,0.08401081669696611,0.023350704291196633,0.01643185759780852,0.14007133062787025,0.5850272933161347,1.373186982503075,2.183626012285363,2.8099915700390006,3.288121668836512,3.745147444502555,4.395229863704984,5.525606652577097,7.036623941247252,7.647079384707427,6.5561249654267515,4.708140504860525,2.9288993084662813,1.5164883193387342,0.5739543206732367,0.17636770911940783,0.4170103728938617,1.0552260935003344,1.4186199532103108,1.352576506025088,1.0987856636341264,0.8003877403200584,0.48630503633640926,0.20909641051111663,0.17347288469068667,0.4907423812202368,0.8808363558740996,1.1295172837860874,1.2213620318691427,1.201904659261601,1.1468904219225295,1.1658801241667467,1.3900719001251485,1.8902609696594377,2.5037971715161387
0.05077023402405858,4.590791804615051,6.178741919039884,7.667299389585777,7.928143644131505,7.1083713145387595,6.048708547270421,5.098150405574153,4.3117951924887645,3.727740474248509,3.389523036694518,3.2069658226313944,3.0206075911476047,2.8255709953492767,2.61398352245446,2.343038357814389,2.0082386299483033,1.6550328299538464,1.3147977238455208,0.9321001121717613,0.48280940125154853,0.20654411800680503,0.2698991483351784,0.5708392990282297,0.9658439007667193,1.3423850891121818,1.6092167000353872,1.6819492436521766,1.5387933613877607,1.2907275346848326,1.0300299367137151,0.7699787551983622,0.5117058064871544,0.30419578309571943,0.3240328493756127,0.7497858173619092,1.0822996445943394,0.8674008502859848,0.49149537473236315,0.2645376952103758,0.20493248439268916,0.1801197530720117,0.0666432463687642,0.047799294989368114,0.5109521725118878,1.3138356844410568,2.136127275301498,2.8747597438589287,3.551931890750359,4.170619068497371,4.511230006404485,4.138626639013358,3.252107988404428,2.5387414131399413,2.1486327925159108,1.8959332614357034,1.556382306853026,0.9579363104169705,0.22122801273690562,0.23579033109982958,1.8012277403553705,3.5735777440370717,4.12105929045328,3.5047779303528213,2.3114042830206425,1.081146285881035,0.35789349640624585,0.5075019457559964,1.2619490069172026,2.2322387375856674,3.296210638906441,4.375997964776334,5.331541633699503,5.951476488314172,5.867888635442273,4.936128736460686,3.908767756268247,3.3714008483102873,3.2817881567912894,3.413165905396182,3.5019730503364084,3.3135073517638856,2.7396269335980223,1.9659285218421276,1.3713370109120777,1.0439960795789058,0.8700146108482061,0.7459270301506679,0.6281184888738494,0.6112826865091519,1.014682734293487,1.9489865547391456,2.9453707006374503,3.6546774835030997,4.004730093546698,4.006939576248438,3.725344535017441,3.2830332370826563,2.8255923568086203,2.460053462507913,2.2213347094427935
0.05088026745606695,4.182204892909449,3.043216848178317,2.198347620718741,2.0161698720955994,2.3903884848494594,2.905595162056613,3.3254943434165214,3.5301520712988634,3.3187071247489075,2.406068879945511,1.1208214298411636,0.46972642976650114,0.46272769000971603,0.7311312215811114,1.1573283100620042,1.7337479132111624,2.485752926186608,3.472382643792276,4.677509247958553,5.670086348286001,5.857068295456648,5.346882859571162,4.569725240304882,3.84772542765419,3.375309805862632,3.1370527464819493,2.849833562123192,2.297768644865574,1.7050713905086312,1.2721479465487366,0.9587630867050558,0.675876194120148,0.3904564368835397,0.14841113999863131,0.02483092897906505,0.001125537842691377,0.005277881748855529,0.03718217006309079,0.13648940038072907,0.36445046549843696,0.8238732145194073,1.580011028195753,2.275240844074653,2.382203798605659,2.191935745658116,2.116813963230947,2.2574383617856726,2.6128751080710964,3.1835877211177936,3.8976529924660426,4.4072662289497115,4.433433839811514,4.25067951229257,4.105218339724047,3.9736151974450835,3.721425679785551,3.190239894431739,2.2600353501647636,1.168067169970294,0.7759372252457418,1.291853912519721,1.8804565696109588,1.97690855243682,1.5858982490183677,0.9958581143662826,0.5220333491816143,0.30218373503169216,0.2797369552321194,0.4149821031712096,0.695138849982865,1.0434969434403167,1.3074551056821988,1.3288862432947701,1.0820132332834926,0.7521945819447218,0.5135185097966023,0.3553390816811909,0.23552726229090187,0.16975752679323527,0.2250814748883184,0.46207914310487086,0.7531989651931666,0.7292158006696504,0.44290598781060886,0.26316308750924144,0.2819330570107275,0.45337711310062223,0.7754675572556204,1.3569786220080486,2.231284472337571,2.9238951778399893,3.01489628595373,2.642467441644002,2.0266706963738654,1.323509078413168,0.6739620259426564,0.20827321611815064,0.0315139329772536,0.17966180425881537,0.4873217729825497
0.05099030088807532,0.5540921191683987,0.3618345986610736,0.25911632387733363,0.3064093408342722,0.41959583480473656,0.4992506048144525,0.5230048054371296,0.5224962538323893,0.5626765515145238,0.6961177531992655,0.8366275680065804,0.883603893366952,0.9461545637096442,1.1113694376221,1.3935933582997584,1.7809332441379533,2.2515406933122795,2.7747963842017804,3.2660527187207,3.550179379562841,3.6257060159144756,3.729344594626918,3.91303379665194,4.009916185415982,3.7580022637452153,2.872981041426092,1.4175793796919318,0.26986502081216956,0.024348480446461707,0.26294961909807346,0.5340199190513172,0.6910979846803491,0.7666650527164914,0.9336428883669762,1.459826622956637,2.115166029717688,2.3625222775887074,2.350288226834909,2.413258278942274,2.7877077729755193,3.6872329090113056,5.134652731383938,6.286614197024571,6.198216700324267,5.442007219650171,4.607705472396683,3.750263624625686,2.8294773671649427,1.8581560035077755,0.9382628532055672,0.3066556950078493,0.11614820684015682,0.2378060320419405,0.5381083452301101,0.9728278678495303,1.5598521157501557,2.4126969540264587,3.725306119523028,5.367296681971083,6.312610218424841,5.945572146552364,4.852276333402947,3.575054987119382,2.3616261147696602,1.3358658378217425,0.585966494061792,0.201666651646923,0.15436439115929707,0.308110783622479,0.551150732618198,0.7980655960477778,1.0673791321773587,1.9306808387368004,4.891733523432425,9.778808246079596,13.028270261211619,13.410293929955216,12.058925856989728,9.916529173991208,7.425464021766119,4.7344422067276835,2.0908604858127955,0.41484538909103513,0.06498706336331792,0.14490221032919964,0.14354643506201856,0.06850744117948875,0.010461697269475234,0.05663020177667584,0.3053614332578464,0.7083388205579102,1.0724143509732296,1.3211995180491687,1.4519334787985172,1.4676688298209812,1.397181887948986,1.3130234374577676,1.308765025261362,1.4006365054498426,1.43626036956705
0.051100334320083686,1.5832528845071452,2.0590658313000674,2.3611308475586865,2.09212285939619,1.4212655744222287,0.7815982771542097,0.38359019455135146,0.262354319550674,0.3404439528604219,0.44316966146004017,0.38842690090338566,0.22404032401566124,0.09971995321473331,0.03641522091243347,0.009848262494341481,0.0029344915682909907,0.014436948500517376,0.054222619399689406,0.11247373489244956,0.12952117435235977,0.08218213012507211,0.06623707862201719,0.20892778715804217,0.6232085333874023,1.3861385460225422,2.378186802429414,2.966353037397203,2.505702295797485,1.5255797598534715,0.8013992902118241,0.48182101770609176,0.405710663830977,0.36072759144306615,0.21029903375848796,0.0383119907040767,0.0021925339985992562,0.007263873029050427,0.07365758336940857,0.34623737626389484,0.9672956838264596,2.1021025700997713,3.707768569120103,4.8112660049127,4.490577853313977,3.539603356592367,2.6205344532705386,1.7305522507278543,0.820670430833875,0.13231275686443822,0.3141658291414852,1.753013676526937,3.374905092725221,4.074512656676762,3.9173331768718214,3.328553745650016,2.686452285868124,2.284537327995664,2.365834286591202,3.108113628161593,4.264657380459363,5.1501291088019725,5.373182115279411,4.880665910130573,3.805662468547983,2.421182152719397,1.1600543320908974,0.48163408793845464,0.350258647272904,0.3997770797352911,0.4295035352918329,0.40200626011305984,0.37755109529708625,0.6039699362281268,1.5100628458973546,2.769018358104698,3.196209043055446,2.7043175208047585,1.8739786966837173,1.1148930302283901,0.6394107455514252,0.5035701016565779,0.5246504446217539,0.4052306349226167,0.3769010388856428,0.7954422797098168,1.4887476325503157,2.0806492052166115,2.3232232922571363,2.13641368181376,1.6401772153882526,1.2129128980377415,1.0546553304048663,1.0451809251656563,1.0853401332010955,1.1769299322548332,1.3944159762946984,1.865092666740786,2.6752997488075136,3.548400274511473,3.7911579425138258
0.051210367752092055,4.9674425087363066,6.113746137937095,6.992535117713056,6.827975252305115,5.860262981099428,4.686098052454234,3.461435321416571,2.159708243550973,0.8746415216944063,0.05042836549774733,0.32220915980352993,1.1443403977998488,1.5709662995199705,1.560894488098507,1.3427078904215808,1.0899909053278167,0.9101038458555146,0.8692590258028655,1.0665050073224391,1.6733657090682146,2.5598433946546266,3.1764106149308615,3.1901600252899085,2.697870967826768,2.0141839381184004,1.415052684645773,1.0067198458838973,0.770836230405637,0.6655730732041044,0.630028837688538,0.6139252550197907,0.6426650285815585,0.8715801226615684,1.6237798876289264,2.9917068973817504,3.9178301422951565,3.818248752710263,3.3102012735487643,2.760922026040965,2.2317673505806366,1.674668825468254,1.0045946058587418,0.33608890073287667,0.04934438738762575,0.1293005820707765,0.3044804546438258,0.4145784702056503,0.37618758011454934,0.19657280009527534,0.10588306048867681,0.41524617068724945,0.9308940956500434,1.2863934542296005,1.483889299469564,1.6516448265554813,1.8649270144643888,2.08710404910169,2.0912981785573983,1.5161309235753606,0.5680388840704987,0.09146807506529159,0.2563414012183602,0.7249586186257467,1.2175727690789149,1.5599185480983548,1.5797417572146468,1.2113044011838814,0.6924678263542655,0.2722979321669436,0.036744643502165046,0.027267774195188884,0.29002344500651694,0.8372654776813806,1.4828140919653467,1.7769946553496476,1.6519210214774562,1.4144615107426508,1.1956024323246508,1.0115655697193693,0.8623110582595266,0.7307953950593776,0.5751007603431154,0.43397990293984057,0.44468405142258144,0.5816062050834079,0.7367285442070007,0.8484820022923356,0.8683598864378853,0.7152662790106811,0.36681010828412697,0.06315717286829971,0.00730973715001878,0.12096806832399234,0.30545096894791074,0.5379121157795511,0.8562618223053061,1.348922027885525,2.0966346239723164,2.930032116736224,3.3181538353306337
0.051320401184100424,3.4100570148239346,4.492609884222374,5.553699413346453,5.6567815436568525,4.78505182843209,3.575447250638938,2.3798325808157306,1.330002658594231,0.5496665698532454,0.2680243610972132,0.6266756124039212,1.1039168175551237,1.2890761961894952,1.2704075148192968,1.1767528917146646,1.0794713969599967,1.019898198459306,1.0241327037519954,1.1005447008490312,1.2279204763989509,1.388212540835525,1.5824406302973546,1.7392529485028285,1.6906207897443817,1.2779384030379217,0.5710348873286974,0.05056907327905066,0.1408036153528857,0.4769665473673708,0.5916498281180724,0.45916948377492145,0.23676699626865041,0.05841171917932574,0.018004641293527145,0.23039504307033765,0.7073674481821864,1.2932796425162105,1.9258425947174869,2.5526095400757765,3.0594015964584185,3.283833813713385,2.9918043668559844,2.0964811783437587,1.1660946259891083,0.656502225950249,0.4217289914664279,0.26738577616398296,0.118246831736726,0.006190336374918022,0.10972193565246631,0.6625814977804522,1.5403306783580184,2.3972944613873572,3.062696068963443,3.4245703860529573,3.359553044675856,2.781969208640363,1.7447882328823934,0.6784920964556705,0.272627757083428,0.43234257097081186,0.6340697321014412,0.7956013996742434,1.0243424012720876,1.3570365892208354,1.7271907732598883,1.981904272142626,2.0160072630940946,1.8659602941176674,1.610546990141593,1.3176546731165373,1.043434813800672,0.820777048930662,0.6363960644673291,0.44565389851382575,0.2619149273728279,0.1265755266543404,0.05127410332914168,0.05747788826408894,0.21585918054491335,0.6285683306211621,1.2027498160851207,1.4113863273759757,1.1240928987323564,0.8068067495976847,0.6847203106203029,0.7916609345427408,1.194172433102497,2.0135291424599795,3.1114472480009714,3.836927522812534,3.9564107584501333,3.8072180171456544,3.603805166258417,3.413708399142528,3.3097270246935566,3.4239206495857397,3.8640297862594672,4.41163723854025,4.464419036542314
0.051430434616108786,5.743658260800338,5.783430195580536,5.166000809885171,3.840883171745395,2.477938312297349,1.4380452973034006,0.6841537219548439,0.22528596776532678,0.2643257680875147,0.8752680881757792,1.2063526262499713,0.7168568776147075,0.2731683765028127,0.3426903406172387,0.843688221325873,1.4997869803424368,1.9975506345677392,2.1033823811219783,1.7277447982043448,1.0590998125662354,0.5472875718724126,0.33004677511653924,0.2578790369036361,0.23540959235102446,0.22638362772289194,0.19200495249960084,0.10417986536895983,0.029655828714809047,0.05580586060541285,0.14331318696213313,0.20459533635167013,0.18780093920746477,0.09622994909542129,0.005858739507278398,0.07731873445509874,0.3500554027681519,0.6416020023617512,0.8849470799774027,1.0991620721294213,1.319389179652719,1.6063536253247792,2.0078199322081725,2.4245525700668638,2.6451263998809886,2.6431539405881557,2.4838829130481774,2.2006438488248334,1.8258476438023916,1.3998542272989842,0.9593505232159595,0.6020389934441672,0.4687435360747209,0.5143720156852114,0.5902765568077034,0.5998125955867134,0.5102329359263188,0.38046973323607913,0.5284248747367196,1.7559899180544976,4.550179462129486,7.740377147436842,9.856238044172313,10.295651254088972,9.163459110736747,6.926162350358085,4.2778043351468655,2.2042412116709347,1.2373331800746674,1.0207939406909396,1.072650256491716,1.112591589928023,0.9659670779526439,0.5568262002119412,0.19828671124295927,0.5152856688428094,1.2288495383275504,1.684151510386015,1.7988612130551394,1.6951544826451383,1.4259783883560588,0.939753278257576,0.29783827593661427,0.17749828288893096,1.0066280426301915,2.0332151127468197,2.722896967113216,3.1735689087757244,3.5647984083961375,3.808863988030979,3.5203887635854656,2.6559172809518388,1.7796385853597585,1.1485035867582425,0.6934312088085534,0.3484348437688414,0.10835131682101672,0.0019664755430077734,0.09271791342863347,0.4677581467240385,1.0377294227316325
0.051540468048117155,0.8374726796970284,1.1194799352252227,1.5410238706819135,1.7922156495304686,1.6921935981691048,1.3726533256936433,0.9864442349866881,0.6337172206884641,0.45113789653762454,0.7877209519461407,2.0337842908898165,3.573382575586279,4.620971227085777,5.1174452628401585,5.123579689638163,4.587495696873364,3.442262134555229,1.8455324475597248,0.46929263770028434,0.17608939195162118,0.6094443934160179,0.7658194768348295,0.6842123280195512,0.9112758171198989,1.6752482665051112,2.534552733966805,2.543678091208349,1.5626257421348038,0.6456400909983974,0.2827309688920369,0.25837635921929397,0.33199863046457556,0.4410347726200505,0.69393188129962,1.167379981483522,1.4938529808934942,1.4139330440472127,1.131760733835105,0.8122587809960359,0.5203581330471236,0.3004532281056833,0.273679553756029,0.6466868104724572,1.2675472637266734,1.6604911671074543,1.6680895018075337,1.4145189279180022,1.1086672377749784,0.9593057255687797,1.1246430254416104,1.6218287643354445,2.3182360599321123,3.1692487077289915,4.186852924965173,5.284136935486404,6.2918115036685744,7.009451336572112,7.1561967864686915,6.374364586754515,4.926567277348147,3.8123750303987936,3.297248193480516,2.997121500163782,2.510575340376788,1.6318906142817275,0.674632596943278,0.4625008102629908,1.1917137006168514,2.2692501414939334,3.215816972850975,3.8303431811087085,4.054380204185603,3.8358503042031966,3.025741967881992,1.8061565986610777,0.8995677903545688,0.4885611556895458,0.340454991927442,0.3285179775435203,0.4562297487756537,0.7690807845033492,1.148704057782148,1.2077504181563734,0.9697138454066653,0.804367696390371,0.7747328579420684,0.7702737286370579,0.7032358577295637,0.5567635132161848,0.39454022365834557,0.3146283503750473,0.32071465101513597,0.36203143972998875,0.4164171664560283,0.49169065894076763,0.6320341399783941,0.9310970338292663,1.494229934393102,2.2462724741648334,2.7991143525410176
0.051650501480125524,4.710478224009208,4.513657291261183,3.5966213847758763,2.1829025810956284,0.9910443802786113,0.27936959241790016,0.018506735531472997,0.3493556170121073,1.6849167631889066,4.040476064953186,5.459487599854887,4.653949889126506,3.2911349112160555,2.3380589356906545,1.8482768157743823,1.7428399993243597,1.9991832323916328,2.656175200243409,3.6460026547624627,4.404051382371515,4.315884231029098,3.7107494593826718,3.1315597989171557,2.7814977329665833,2.6966324734294798,2.831184609358178,2.9580659983930264,2.7625461966592586,2.317526513984621,1.919095668552937,1.7148465743983081,1.7685473557398133,2.184134691149841,3.143656924533499,4.529902716469867,5.2891311701014345,4.9470883862398995,4.074231931743297,3.0596962489131942,2.0527735846159985,1.1243862051695555,0.38524704728585524,0.05508582875135153,0.1272374319973114,0.3182735772241146,0.5299776548653071,0.7828528390078979,1.084317161825847,1.4444865387030743,1.843791875871552,1.9965911083092742,1.590519303627558,0.9059954693547685,0.38164171444622746,0.25730891497762354,0.5793585040630093,1.196800230163691,1.7278033099439754,1.6284057403310397,0.8863526332842611,0.2833005112599399,0.13382848712272197,0.23460157657003858,0.37419636585651145,0.4918260787495048,0.8342025062858455,1.7919941020124148,3.1898750305810686,4.464957946185963,5.2562432674499915,5.407777175937722,4.861257037001338,3.6198995044138926,1.927300438071668,0.5918332537191598,0.08920080320548508,0.023735127692099792,0.12888483441721715,0.39332893032595684,0.8273888926816582,1.3453869652773371,1.5935767015690505,1.1548518361973967,0.4487456185071462,0.0902584254216362,0.13549666330621668,0.4604631979572788,0.9956616238160156,1.7019925215061127,2.3803990681247504,2.678623647295404,2.6121761000567965,2.4171605100854454,2.1990281296481173,1.9922539274389928,1.829664862114632,1.7469263763744087,1.7717966812092285,1.9049596881868796,2.089513224589647
0.05176053491213389,1.1675333020280363,1.0871561080812537,1.0228439462137258,1.089906441977302,1.2663709655146211,1.4356228467877041,1.5359201536530254,1.5646392936407796,1.5177558891966028,1.2815090102967792,0.7423883699217081,0.24203822157394794,0.028089486775962447,0.015577375510085274,0.11728698652654242,0.2858637381276804,0.4790514064333541,0.6332926086138555,0.6402973570830957,0.43269006260352416,0.18923990677911967,0.11920724733230484,0.21438162583514023,0.39152524165164865,0.590473501630677,0.7751420660469152,0.8811549175681153,0.8036642041697941,0.5681742997182129,0.31600696565905717,0.1332113294853517,0.037580540710632285,0.015034145273353807,0.03444847961463238,0.04662539890582197,0.0316587679762078,0.051986771738900706,0.15184273176888882,0.33383786954852473,0.5951719087086474,0.9305822844248713,1.2601880492324893,1.35785380989303,1.183938573612234,0.9830099424985267,0.8543790068492101,0.7884106794823497,0.7571309418899728,0.7137877650360359,0.6108125625497718,0.4699559112291268,0.3812367920264044,0.34732242019977455,0.3240634101047521,0.2973195541336638,0.2586766951877987,0.18837466365792882,0.09046904862141565,0.08966146923533977,0.3640196156221394,0.7819475809204833,1.078728058258784,1.1578303925996278,1.0172486907953795,0.6906689199717219,0.3217146416926218,0.1678901761051878,0.2780285519783903,0.46987270288494065,0.611538836902391,0.6564466896197743,0.5899644658402959,0.4118341474112531,0.1735560700725175,0.048295742325368034,0.1532491525502746,0.3942008858930156,0.6661209619365784,0.9293174396173252,1.173828118203951,1.3716175992017974,1.4014572658595248,1.1542519422877204,0.9017090138179302,0.9160662361756677,1.0956424479919518,1.2546714935215422,1.312772941251938,1.2664479398370982,1.1287458897821543,0.9465151275661478,0.8004870731735628,0.7156734351395718,0.6695232564704365,0.6409321138182793,0.6350522061302342,0.6878403523753585,0.8427539073324499,1.0784128758244798,1.2635477770244699
0.05187056834414226,2.907659260536458,3.6240398115180237,4.179003927710434,3.964639436100169,3.1593759846854534,2.3253114650185562,1.7467546954686224,1.5539636309341462,1.9237489207937797,3.0746396796837696,4.671888854158969,5.86688381028361,6.664899506128445,7.2836403057739565,7.674879162959738,7.720456033381004,7.327510733592868,6.389185354727488,4.78383786205776,2.8021143186724142,1.3711604502396804,0.8627871242192415,0.9077842578968411,1.10957455884204,1.1771641693448838,0.9091458812036817,0.38154494283442614,0.03600869246595472,0.03953330624730179,0.1407426489677144,0.1848772859526943,0.1710609242427057,0.12490283897955201,0.0670292077424794,0.09261188778937463,0.2984310037059868,0.5359211166084792,0.677578388134057,0.7258515189652578,0.7214101278244899,0.718268682117176,0.7678740592664111,0.8352719900192359,0.7997830349369778,0.6667719994986308,0.5270882282413288,0.44870546101843983,0.4911336745456981,0.7868267124632154,1.6420627564011507,3.2561594631092996,5.090460203055085,6.5571791202469365,7.564589273650199,8.075949182607529,8.007804996623358,7.271905249842236,5.710168976358499,3.3386214873980298,1.186341694753505,0.35885316163087316,0.5267939288835176,1.0140230317069474,1.4205825482013883,1.4962445645544205,1.1601368123962426,0.6816935123383662,0.3996486434845522,0.35779496519757575,0.4912017534102247,0.7194650184842167,0.862235817732799,0.6437711083511956,0.13292748094333826,0.3226132623042551,1.7998928378633388,3.924472616051509,6.069266704946593,7.853359815541617,8.903291206931112,8.65344377099941,6.483858400851441,3.2240500303665334,1.0950213912742623,0.44694285808049156,0.48646583480367306,0.8115039388106768,1.4849744127538167,2.849770480503373,4.990733286467726,6.911952895512423,7.768188008535234,7.834302513041283,7.479965845037943,6.853307844865953,6.040194959800421,5.132748466814115,4.187488466242704,3.210715298583488,2.3062373529490268
0.05198060177615063,0.4252746344671807,0.36399623339611203,0.3923060947257673,0.5996734224457779,0.8986690637471098,1.1167703716532007,1.1280773426619035,0.8744957704536116,0.47842305564984544,0.45801021050087,1.3271631393587018,2.383972981038863,2.895108293745582,2.946791023350578,2.7594619239208127,2.470761405282863,2.1394404177987076,1.7586841072705877,1.3001873758576756,0.8390315676176177,0.5588435517049314,0.468020014903999,0.42430519273181294,0.32417703281955834,0.1719372653468453,0.1389256378238634,0.5129340113159312,1.2492357546101969,1.8700681978500282,2.160663006444754,2.2109040573306245,2.1257056438073727,1.9253197191603886,1.5152551937238743,0.8314594167229195,0.3064569078919241,0.2732898615110526,0.46261522376592,0.658351577067239,0.838837646515535,1.1024864765297828,1.559940792847968,2.02844923506733,2.11485493595252,1.907610904003891,1.6556716170603518,1.4156826052124127,1.1313402484614965,0.7425215839389748,0.309348163456367,0.08727313513297069,0.2448342209516174,0.6318858755226218,1.0759781977589058,1.4765354393430286,1.724963785912151,1.67687003531612,1.2368468056116078,0.6856075082712608,0.7111502763807839,1.238938497920908,1.5551577991663954,1.4044604920515265,0.9325646930138364,0.38240641820043825,0.03717770171342745,0.0844957446257278,0.3347237636108848,0.5045261631791195,0.526437747698212,0.46318992177719365,0.4059987608260131,0.45093450703218213,0.6678830706567003,0.9693148552119257,1.2229140131957363,1.4642049921973201,1.7212936447463811,1.9587178428247412,2.106957738731811,2.0351682582534107,1.5595394720592652,0.7947160377356747,0.2563627201490431,0.08535446471759821,0.10145995521446476,0.1665134270235431,0.2130802150978233,0.20220394436324451,0.13727681930879163,0.09780815840181135,0.1339982907208676,0.21879726028793153,0.32809997595875534,0.4605984274693479,0.6267736331817285,0.8370879349795662,1.0731896822773153,1.2330655729779407,1.1877811502342357
0.052090635208159,0.5058699068989785,0.4168427865530634,0.22848577183668106,0.09930916233482374,0.20709311576221334,0.535415654782142,0.9625387648909219,1.2852224784492956,1.17066791578988,0.45593535302116805,0.03751961574237023,0.7992042979166276,1.925718515322784,2.6383988250505896,2.7504306027673615,2.3498272717183117,1.6519393870869024,0.9211637525308204,0.4119090708024203,0.2557460711407628,0.26133081710143474,0.19735902359325402,0.1147670055951521,0.1276709003221018,0.2528063533664613,0.4228480567744619,0.5383190088075479,0.576979790946863,0.6402860449013986,0.7718656615938891,0.9183689216684036,1.0145255953515848,1.0104249561947092,0.8410522915545404,0.4649879888616184,0.12255475482911246,0.04815732373299498,0.11783132817276586,0.17734122767556643,0.16471907865670699,0.1598229644602309,0.4780988289229581,1.3907486951339512,2.40658470799675,2.9725613136862914,3.130022793024332,3.0193736068657886,2.6702939839601614,2.046750641896229,1.2185468991436836,0.6040825833646638,0.5341964256401498,0.6929509057470236,0.7677133309508676,0.7115011351364963,0.5491512415107864,0.3034354529737474,0.06286024710471452,0.09495177621439063,0.5769886017353959,1.1144955163868964,1.3096456244189072,1.1390045691322546,0.7361616572851382,0.2913870694672648,0.06643020790502825,0.23389019776100586,0.6129104475485575,0.9234195762095578,1.0440246094606713,0.9602493770854638,0.7188635466530867,0.43650689824354894,0.2938371308919648,0.37037286915964174,0.5672936236070533,0.882246751321311,1.3880463424985812,2.0992746243082223,2.9182259917846167,3.5134543373829032,3.240813604522389,2.038542537222534,1.0556253138322524,0.6860214662720618,0.5593576106255531,0.4625344722518112,0.34897336361485165,0.22818536410888998,0.17540263179101118,0.2608599697576858,0.40756608238541053,0.5200753486310162,0.5705750796996119,0.5565958029006772,0.4810046504593583,0.3619163406548103,0.2612680500103152,0.2908016873619874,0.4749255692333552
0.05220066864016737,3.438688917179911,3.2527601640769856,2.801901406345722,2.159597239465875,1.612331586254955,1.2494590877377951,0.979956732226805,0.6841470419765358,0.31050044671970767,0.0675877351037453,0.3380260803653478,0.8725195349951524,1.2434381984319844,1.4139821987426693,1.4146174511720138,1.2695029397384832,1.0921605269582335,1.2097756509831383,2.140046220836664,3.774905037464782,4.6557529488061045,4.068729695585215,2.8155732605393324,1.7550193396942197,1.2837237010759908,1.3724976636751434,1.540795599754511,1.2244298558151157,0.5938568235757518,0.1431292860027453,0.062194515611797584,0.3279358669428472,0.8368851561935124,1.3990170762020753,1.629307610278716,1.3369737098527228,1.0292392913243338,0.9992963395901806,1.1957777171706518,1.530332835855226,1.8704544417813151,1.887777587034956,1.2490841012532539,0.44234683524107055,0.11308958437182356,0.18558801385307463,0.3770109584321204,0.47604525446335133,0.3817359214830189,0.16446061049115804,0.023930387215399602,0.0011327582838269368,0.010924223282094308,0.0970121203756431,0.3263745339683827,0.6550643118204293,0.9239883608988739,0.9599724709345192,0.8040488106717034,0.8075348917823398,1.0208548556138717,1.1194801167018207,0.9916857215518808,0.7454105590207896,0.5198486685045068,0.4114377850400661,0.44547108556084875,0.5484718506405315,0.6282865326958776,0.64588492992864,0.6009342135808174,0.5210482231099646,0.513658193842712,0.7846250107520096,1.2647677423991792,1.5249085135910418,1.4851786853284812,1.2947782086442632,1.0387948492335992,0.7460074657150076,0.443182501681149,0.22200831018410147,0.23726669187719482,0.43914872764361385,0.6049294640767059,0.6545879271556789,0.6251582626627017,0.6032854224163439,0.8487509661921263,1.787338859694644,3.2294296707123533,4.334904405770249,4.784914755500898,4.670044151183745,4.122698914175307,3.302828244176396,2.408888219903125,1.6174611229735296,1.0303077362117867,0.6840896074078958
0.05231070207217574,1.8501966173225703,2.0634163071623917,2.3442773481883097,2.473264728567439,2.3820405008729137,2.169120254423265,1.910198208750823,1.637489935161712,1.355812634307698,1.0194243866917492,0.6131783043833596,0.3004875192249314,0.16044228347751835,0.14776186648293324,0.23073017117713482,0.3833656535955737,0.5503279244631953,0.6408563695331099,0.5712148190194193,0.4030362852993625,0.37251058292903994,0.5440797442318505,0.7685706346513678,0.8831377000706817,0.7743474141161052,0.440587716276572,0.0918542243145386,0.007994400117731835,0.13407636644934387,0.24206938462141014,0.24898455775566772,0.18701219371864994,0.11906441382638859,0.08634154184703152,0.06401354892214575,0.022004801824502918,0.027199303100399363,0.11314131946564789,0.27056535610686727,0.5212614289847519,0.9672209364984622,1.8081896618923936,3.062952211772995,4.173155712306705,4.744739137743824,4.906012947585174,4.835660477602806,4.578258399503372,4.017279480525756,2.968553251553921,1.6036521917389617,0.5824520148156069,0.1372500116127438,0.026908634290306953,0.052687300150274875,0.12126930113414465,0.18674113465343922,0.23435395893224575,0.2921382003045673,0.4061464298265305,0.5630100254810831,0.7437858260361513,0.9989117397028898,1.4157897677149625,2.0139990127741028,2.5483662107913436,2.5997349858299517,2.197391357068451,1.7058480296402025,1.2950352538813303,0.9423531592463141,0.5696540177343032,0.1901076908919009,0.20623680964388358,1.1846701651477978,2.612970275793408,3.614284553611273,4.058955191654427,4.197774855855799,4.293724580659219,4.449277880513397,4.437258092092709,3.982022898208405,3.4345886415464797,3.0280112689099816,2.580567549528373,2.00597907026844,1.4135084735730443,1.0519071226592023,1.1097479705951663,1.3149990839849917,1.3036379742620674,1.1241340840932739,0.9101277976838206,0.7080245156935736,0.5174166037112535,0.3339992416007775,0.1787763592383714,0.12353151574717189,0.22362308238958406
0.0524207355041841,9.13011076861937,8.697644596689887,7.414958493354567,5.383236218918515,3.533794663092194,2.3021881825188335,1.5932915765523015,1.288153159156052,1.3734550647990866,1.787070383768153,2.0825760254833257,1.9344188034549257,1.6358078538951462,1.3959525779826412,1.266241948604752,1.29423618662268,1.5627534235451321,2.179763456320953,3.1314530095347917,3.895437055490661,3.771756746478749,2.9582503371198228,2.053188364347782,1.3871922705911088,1.0641889176314383,1.08119832685582,1.3536830794198664,1.6749218828997443,1.8744493151170514,1.9883374697673006,2.1204670413592366,2.350791847013415,2.7814254557414295,3.602633139664736,4.802398790894106,5.530283896901427,5.315621794968455,4.615977959375959,3.7762491471255792,2.949231064490298,2.2041994328183394,1.5290184632190504,0.9101220866231492,0.4655132671689014,0.24558251855427127,0.16010942061249656,0.12369793918283056,0.12148316212983286,0.3273866463058396,1.204450520000912,2.880110172259654,4.349673102548115,4.912021007920064,4.786007861131818,4.26388945482375,3.487169863919648,2.522299368842832,1.502919442218958,0.8928660578832283,1.194715887280662,1.9376640308396238,2.3976899485125935,2.451879474748444,2.238755928417718,1.8639119451698176,1.3811721883065537,0.9157948115308102,0.6267338300270859,0.5380259408436903,0.5895993797620785,0.7068250548136704,0.785089567413172,0.6800563162920246,0.3392356071242493,0.05200206314331809,0.06710348294262049,0.2064043588527229,0.2984650498294026,0.31517433285991203,0.27787597920189816,0.21998685888346053,0.2553179133533609,0.6691205121779268,1.6454441585929886,3.032296416073494,4.504900407592668,5.703199922900042,6.319884600141792,6.067001332956601,4.793972162184649,3.110150160109947,1.9130632677011887,1.313435525653772,1.0688710652654465,1.0099147594430133,1.0532376148866796,1.145593096997074,1.2185928382359392,1.1764333389860855,0.9884057775528803
0.05253076893619247,0.8559435797020455,1.2642914835886565,1.7814419967454376,2.1611089066083724,2.296327680601105,2.269133632447515,2.0878067716508704,1.6409316599422876,0.8691245449922644,0.18854004624411747,0.569830213993562,1.9486356357912267,3.39024699065559,4.589625797488133,5.541667846827384,6.220165152641412,6.549197514706793,6.3590914149519815,5.318008425546595,3.3823406104146607,1.5000152784426126,0.461535036012314,0.16686943020050035,0.4286220106139715,1.3111747882206448,2.9297243093617387,4.786272076881041,5.575476258313678,4.976411714544661,3.8910569730154863,2.968690229148025,2.4217530284565356,2.3091100829615674,2.6119510448963656,2.983326088490503,2.82360415953721,2.350061208656649,2.00449756424304,1.8314290395759616,1.7526053562038444,1.6780379604272226,1.4510406971040966,0.9352567997689962,0.4332171362560426,0.3361909787148001,0.6003125770267765,1.004561341886676,1.3053748042286715,1.2383872583915283,0.6823308570816293,0.1144912052773895,0.2701505034346849,1.0334030871159892,1.916168008963772,2.642480136867983,3.111256288596933,3.3234984421625997,3.325712797075673,3.1505975082848665,2.8895910989963216,2.730638384848381,2.6842318102802025,2.5857027073716488,2.2978308892626482,1.8288206236288955,1.3954963970871808,1.2767885128972989,1.4406056010696515,1.6675529305834542,1.868363256677297,2.0874448116641475,2.434256594237991,2.970620234189894,3.4013345228538707,3.139579183632338,2.410932796783334,1.816934422518422,1.4437531640549126,1.1589750945739896,0.8442509868193212,0.4512414442305759,0.09838126238620544,0.0627384109637508,0.3370898593492206,0.6317087184846613,0.7920862972753595,0.8208444638851407,0.7669908224986318,0.6782469710125337,0.6149872522996784,0.6370967667619302,0.7339207965338482,0.8643510607550593,1.0107245398601612,1.1623678949522898,1.2868322221831718,1.3024240550906796,1.0823430410881913,0.6072294142171396,0.16700481562471753
0.05264080236820084,0.9444801227251903,0.7205306082260453,0.46544504510803314,0.2674412858116031,0.13443905883792348,0.06252270175015875,0.17103019569053063,0.7339025960782904,2.1454944624198125,4.386321596837891,5.8256500327689364,5.239984034318696,3.8401468655523265,2.528939517718713,1.5103809881326158,0.8529007455286571,0.5885218036305296,0.6567048291438734,0.8626723258788416,0.9367651467449594,0.8194932107513225,0.6893966143160848,0.6454279278074667,0.6933906055645068,0.8334074336670503,1.042144342919547,1.1609060672263039,0.9929989515922634,0.6653929400987889,0.4196022307997094,0.31564120286786135,0.31380003869741974,0.36519577017911525,0.40705325307784623,0.3615577564505386,0.3041651913780838,0.38572599202141683,0.5581787544595623,0.6953008649521847,0.6869201076834874,0.4884576711380017,0.20563224999484891,0.06882511368485512,0.14402398193910465,0.3635361412941944,0.7201036628838017,1.15367451405806,1.4703830200425239,1.3919235114326463,0.8383777189359549,0.2979690137486184,0.25762988679557897,0.45867677698818216,0.583809942563589,0.6011952740515085,0.6029557456132044,0.7084798674172894,1.0475243219342312,1.696523446106109,2.4235294152013553,2.7742149559331217,2.5876487078959727,1.956377756941856,1.0946084107342609,0.3263143211016821,0.016830346779967482,0.26505259516365604,0.7346977891094718,1.1463892258860033,1.4751845055511663,1.7649647233490025,2.0272551631399063,2.181962581329367,1.98423174963097,1.3149262845323653,0.6339283050747386,0.320007085655291,0.3370203596016845,0.5376516222798119,0.781451416643111,0.9202650605130157,0.8077842767798621,0.5521308656762596,0.5257401301558823,0.7002602020973876,0.8011784387158186,0.7296762307761446,0.5463537922081454,0.360945743194244,0.26756369265734886,0.24953999605359253,0.2170818337736819,0.1546750220613134,0.0944968642568961,0.06884336625207853,0.10694903484787563,0.24075856299267281,0.4923312852298676,0.7969623534091865,0.9620319561182579
0.05275083580020921,3.018424154227483,2.688761240686679,2.2233593357865966,1.6429184361455704,1.1118557165948753,0.7007099118817424,0.39062495583783374,0.20314523008129323,0.28576547641050065,0.8238456571307899,1.4699531738571394,1.5599039273176507,1.2622496118235764,0.9438743986821504,0.7576804090439471,0.75915909298405,0.9871751031718193,1.5359827548520157,2.5996256884104163,4.189850048551153,5.724867490996607,6.658992235605916,6.963958474477933,6.845578555566586,6.599079426327365,6.496786811696767,6.5275059126337425,6.341604292358272,5.867208505219567,5.373010214335059,4.975033107272272,4.586262051046291,4.010914236417941,3.0059814813598,1.668573722873488,0.9702437759630036,1.348159465601889,2.2798488257794896,3.387270546749947,4.491913421293924,5.420569713169723,5.779795834758982,5.0203805380045825,3.534925084069701,2.345556518027904,1.7628617922162404,1.6959896608409286,1.989226763810245,2.401345331114142,2.540525341450795,2.089728778653279,1.3653397732939654,0.853871594953521,0.5945569513581325,0.4716837022586218,0.4076112026905811,0.36538067724438295,0.3765492584439509,0.6254951357919549,1.2778160040635762,2.0746056552678427,2.6484724658418313,2.83629510740133,2.589156130198993,1.9322460190177968,1.09111119430841,0.538163578327184,0.4470743783244118,0.5393569177545947,0.5893348566733235,0.5503039166805788,0.4478071783038215,0.3328260261290877,0.30001195426580185,0.4396631228289272,0.7535098668183755,1.2256086092486123,1.8411387702078383,2.5798298154222996,3.4212819709426574,4.237818408904027,4.542977890453666,3.8811443354167436,2.954499613183558,2.561886148364538,2.699520767909579,3.119656308337772,3.577229912097443,3.740807981965572,3.2344511196176895,2.2675051725370907,1.5267507917331011,1.175204549117753,1.0215007967165683,0.8935810602271488,0.6919999285560134,0.39131585005423486,0.08823692048172524,0.016299786119633473,0.27165581997186444
0.052860869232217576,0.1535090783563649,0.054976361963759615,0.00012349440237661996,0.0599530173830344,0.21293545884065992,0.38194920589319287,0.4981348367575836,0.5362193133840055,0.6759104094227106,1.4922806840489156,3.16678283802887,4.443323209674138,4.66505058823416,4.181605086445645,3.3572232200949386,2.445340165286751,1.6409097122720633,1.0640635522844288,0.7362121130760686,0.5670689082600888,0.4231737246566403,0.29741602562304414,0.23475945061902692,0.22131775820561847,0.21675792032495153,0.2064998067608052,0.23593559144715698,0.35896172486587447,0.5236086586063539,0.6482481713650561,0.7112009112958505,0.731765701283449,0.7555625130016876,0.8355803332195506,0.9195686173977828,0.8019070536564982,0.5095801597836085,0.23127065302612712,0.053149572506691216,0.0107329727895868,0.16701313100564288,0.6207308787086837,1.2624316540964766,1.6586645475450037,1.7139542690728193,1.6323831995026374,1.5263597783588503,1.4258067053955092,1.3508274544545547,1.3285379308045795,1.378277890350288,1.5310114580025855,1.8395376969660764,2.31435407575865,2.8964528607915487,3.472035125716428,3.879753398797198,3.8679942564444207,3.146758425265993,1.9519417796325473,1.0627034230161172,0.665974910480477,0.4889907961251502,0.33810359938896783,0.16701589779422452,0.02584723924471214,0.025150161285694864,0.23582779812910648,0.6367955737776532,1.1568187361522655,1.6782968299594752,2.030077539278372,1.9865075459804749,1.3879874771318033,0.5819635296926174,0.19429639552825761,0.2336210146127922,0.43256408957785125,0.6524973522803934,0.856417162088247,1.0309853365602648,1.1470806441301191,1.2137576044148657,1.3433200214160979,1.5411549511222065,1.6121539706596362,1.3377808294451605,0.7178206775258611,0.30775525081713995,1.2321546934427614,3.545293861422664,5.575284891796244,6.369409896106466,6.073120152868996,5.120247269673644,3.941135079734967,2.8962965203814433,2.2193746814947017,1.9511547461247012,1.923513762921608
0.052970902664225945,0.30933791918803544,0.14133235343007458,0.2945859113955047,0.6484464555940642,0.8965098072193184,0.9533626170230323,0.886529948002866,0.7336886582060707,0.4771622843203246,0.23286860768092757,0.39464508002314536,0.780829247195638,0.8251568540793061,0.5437071884196846,0.22087866841590525,0.11097566009190217,0.3258248442138764,0.7501219306247972,1.03022384048989,0.8592494559250761,0.4903545670054595,0.3535895629582202,0.5054003761252432,0.8905589112878091,1.5732712601903767,2.7053001035784723,4.184549827126558,5.32422835241262,5.657949157597768,5.463672764638958,5.077260752822523,4.6047152241432645,3.99109733572854,3.087799170196416,1.8802578736752675,0.8763136511808877,0.42004854214873766,0.2891674651173693,0.2940450735746168,0.3728258258683541,0.5014561207878546,0.6141703370580259,0.5747035564253433,0.3999187173324984,0.26735688726003803,0.2302693003977965,0.2606425662529071,0.3281966037124344,0.41655077044042654,0.5418810787226453,0.7402579464941741,1.0120965151617571,1.365219675292142,1.8476294535444633,2.489971111167894,3.282509933236115,4.1760464459191375,5.0002097378582135,5.251019831823742,4.405133735740266,2.9282053150821175,1.642119232939734,0.8483293600714107,0.5505343881956886,0.6616623302952643,0.9794440536282842,1.183700688002884,1.1436156737393286,0.9886574528150871,0.8299264221848665,0.6845438818513377,0.5239133966917918,0.33628001064525853,0.2784932720362685,0.7113288477263375,1.5825657809516191,2.37780535765868,2.778836415054322,2.7329194946227404,2.2987934474974185,1.5931959131651257,0.862407145838505,0.45364336332849176,0.35369530059246646,0.3014119473886309,0.24272131631096455,0.21445035443562868,0.2284453740591354,0.31409501966116177,0.5343210539146559,0.8422573148187019,1.093349376590759,1.2545575175113068,1.3691574870597418,1.4893318959788673,1.6805356826637166,2.033067680825426,2.6242079794007536,3.3423323007563304,3.7724939504375548
0.053080936096234314,1.5287532691401609,1.1364489166419725,1.2827704970204425,1.8060305179205631,2.1682740752006744,2.118475706618409,1.7462867073461559,1.245072214094523,0.7919281877521771,0.47208924863596724,0.28381425261979404,0.2090189363433006,0.19476186663590897,0.19703019783704814,0.20625452656510662,0.2341460714217565,0.3128582607235151,0.4979907720470009,0.8218641420725303,1.1280871673233248,1.1261061725527086,0.8458812754899252,0.5324721949106463,0.3220722504291715,0.2228791175323176,0.20004600801104475,0.25690391994326095,0.4523709775109456,0.8101399867330318,1.2757517046510392,1.7350873977110273,1.9928124587472207,1.7661294080283123,0.8936170162553732,0.04449075992999974,0.33993348805608387,1.1460719578276726,1.5606156221903509,1.5927618244941124,1.523756216181343,1.6349649353964408,2.1578134957411406,2.9352232998946874,3.2624491732849137,2.909775158099384,2.2061233573902195,1.4152494937363702,0.6682280316176877,0.13110751618688618,0.1448822632715774,0.8998521551442558,1.804205470224696,2.244393548057824,2.250063935794436,2.055387974327238,1.8558371897872843,1.7796940414562241,1.8998701147626025,2.2593382963168223,2.7729748039806643,3.1723911299044936,3.32146212866587,3.307426912997474,3.275518837533785,3.264096132315119,3.0928561583659993,2.5612623768324263,1.8399291662444104,1.226967452595512,0.820831858947607,0.5840770732921585,0.43359462368540574,0.2937625249677569,0.18571279222540954,0.2620810370163506,0.5591830601055628,0.9201916109598414,1.2233697001871398,1.424697717184614,1.4872761710695026,1.3143797522525034,0.8238803004913762,0.37435281676754956,0.5710384149967699,1.2863198630641484,1.9998315641640574,2.392249259426254,2.3988289780211387,2.076954888420011,1.5451085684308823,1.0229298381252019,0.6745452269398998,0.4767911600828892,0.35925813275125673,0.2801707186073113,0.22746679557088842,0.2319992616694053,0.40893584453371146,0.9170349606601025,1.6487905487505716
0.05319096952824268,3.530176369225428,3.975622316006652,3.938877294610131,3.250675108539693,2.371101391780462,1.6835365963897773,1.223167974892826,0.9330495187411296,0.9027463042489695,1.585203892836277,3.2936600054272507,5.0582122119754835,6.043336995193427,6.288920397155255,5.971274126916779,5.235389748951246,4.244270598943133,3.1929094519066163,2.3096549772312707,1.8072884540785676,1.6517331201090402,1.5917805106389613,1.4854122919617692,1.3324030934670192,1.221828828289213,1.3227260284986069,1.8352944646206828,2.806431077945732,4.017589249762597,5.1803819859105555,6.009775882968508,6.195130202210564,5.485810885491507,3.9629590256212666,2.5310606187579197,2.347648981240195,2.925760286074487,3.3703599969864064,3.4852216758022405,3.3532375556439282,3.062984751771645,2.601949952043059,1.9199980295438936,1.2178888262515208,0.7378509527295511,0.4726798336228406,0.34472250778503233,0.3000661451722048,0.29272949025226525,0.2915934521447573,0.3224872789322944,0.3758480355467439,0.3773919058841525,0.345189354536551,0.344494880907682,0.4074762290338942,0.5481138714376605,0.8172172193109462,1.273741535731256,1.741259262403426,1.9105761527753156,1.8422200482585767,1.811086079660467,2.0148485748270577,2.4774166954406858,3.013665026934775,3.3822658394565837,3.603106391039041,3.8487705695039383,4.197646649397881,4.652632192783043,5.177333987244133,5.601664982913777,5.497872340852599,4.665867022546953,3.750618817910145,3.182148612561212,2.770172901108209,2.2559179696794516,1.5372930178986208,0.7112046531432644,0.16067446854678252,0.35213008442316873,1.029032468912763,1.5866742576618609,1.911410335336291,2.2165458412502663,2.7703913899141885,3.760715894577594,4.950966215089453,5.576938694553892,5.410511743592381,4.838236822441574,4.088544028557479,3.190933163207397,2.1531768872264365,1.0820163850740907,0.2992115790398622,0.30440716821826674,1.1492725781324387
0.053301002960251045,1.235104289309581,0.8981773742068052,0.7513901144903979,0.7389358517184469,0.7323306288960125,0.6947932242734317,0.6538163506903455,0.628235284389937,0.596988096934142,0.4972263625014542,0.3131839769250956,0.16444787605126304,0.11293913918319418,0.13010140729626976,0.19385648308629191,0.3019918969205521,0.46430806973903377,0.6959385897135075,0.9764507318483375,1.1533613202704573,1.0505273562924295,0.7601191859118266,0.4844624630931283,0.3131092292625679,0.23036827968782259,0.18763735445450494,0.1720044924976002,0.21961243119216398,0.3390429529291514,0.4925625910562048,0.631531586449894,0.7052274871114692,0.6770054092213565,0.5427203093850644,0.3551120669219706,0.2227874520526744,0.17089854327993081,0.15309377165329852,0.14651933273920778,0.1461088574094463,0.15068198657842855,0.14708922368656746,0.12873677037369344,0.16945875919459977,0.2844465082436705,0.37980338744015796,0.39694627753551176,0.3243617725536137,0.17160078436370127,0.02266221624837578,0.09754148689234522,0.49152096603371875,0.9900928736918454,1.3929271880721945,1.615880641657411,1.6164432759261111,1.3625701034452924,0.8669582937351015,0.3566297422731653,0.3043172781953606,0.739262670768644,1.1923119180933752,1.4068204771770576,1.4514368727548628,1.5250496593785425,1.6831751012226068,1.681141870822045,1.3772444881107861,0.9571791659864683,0.5937051035626856,0.32612062875835757,0.1393438905917253,0.037817277798105994,0.07979042806369256,0.2701028190940834,0.43211295517353804,0.44703806018133035,0.3647713533279936,0.28694260501487334,0.2841092030711689,0.34346546120017074,0.33510639745444465,0.16732189973655362,0.05275662036332913,0.15852897550485562,0.3858647017736898,0.6197159883856939,0.8430854112865585,1.0839089686933594,1.314830107709123,1.4406760390796851,1.4648549704497378,1.468011374300863,1.4887508207215052,1.5353511341085033,1.6240513217212567,1.8001551416099169,2.135788269170646,2.6526268664363934,3.186549038919708
0.053411036392259414,6.692170101680011,9.896824799209343,13.173739461325164,14.740761027146208,14.47824938683773,13.516647059491122,12.504439037384616,11.541888229159348,10.436073101052903,8.584305504361845,5.62335771981041,2.886183669138881,1.2774992776497471,0.4634225236236221,0.09175849801362135,0.0013042494179221645,0.06276890727290961,0.11598764013512589,0.11092138991137482,0.2630799302800928,0.6042710836979707,0.7277610522231948,0.5023220291592292,0.204648184714305,0.11210342232813503,0.22875593348447487,0.32204290293515725,0.265795231026582,0.19241495999452246,0.2209350081082565,0.43554273180542774,0.9702933766374197,1.9432506104840492,3.211229330337001,3.9455665032483567,3.443298836763559,2.5388228627002856,1.8880589036168605,1.4536253631543763,1.123022643000404,0.8660802060028208,0.724571488709387,0.7417367608044166,0.8155273465185807,0.8210801445537198,0.7735170093883954,0.7312167854512823,0.7253961117505201,0.7542601061698607,0.8044434600885251,0.9111660535071329,1.1438620054549202,1.4636541388815865,1.775747991160991,2.0314235660674194,2.2218577220881888,2.3305071530553234,2.2529214350684343,1.7773380171351751,0.9569754982478931,0.2949735367442413,0.024786417619670743,0.017462716884466024,0.09940781307880456,0.15474221065886634,0.1552929301820993,0.15599657580168574,0.202071213734328,0.28523032288389794,0.40791335579593146,0.623562913879811,1.066393010712394,1.9757053478298807,3.4460908365580267,4.769144895193273,5.126726862329428,4.796066678326715,4.299006134582031,3.8574318365346003,3.4989256181296007,3.140003499590844,2.595557641501106,1.8552674269531635,1.3287797528794925,1.1460582883299388,1.0986206033527075,1.0775978621944422,1.103469858960062,1.2233852966555245,1.4321259236833699,1.6421963381751463,1.7939857135014379,1.887545795702139,1.9117494788260927,1.8513127193937413,1.72334239888201,1.5969148855864073,1.5879221238450525,1.7987001433804959,2.1748305733820983
0.053521069824267783,2.3646453106275365,2.000036018777059,1.5302382261585763,1.056835186435857,0.7351990388778545,0.5754916257343211,0.5114028684473065,0.47933366858110504,0.4245045065308658,0.3054234681696107,0.1510726213080877,0.05486445661580283,0.0262434223739527,0.033897445106931864,0.07685756489476409,0.17264370385141092,0.3120108543196022,0.41029891430911747,0.3444565386804865,0.21262132025805489,0.4048856971996236,1.029220338515092,1.9154022451574981,3.013625660937646,4.419239178287271,6.138712511004828,7.6482304308956826,8.08595414025773,7.591975014514149,6.999784777902101,6.723959048112042,6.802976041362855,7.1084310547945835,7.1742506996632125,6.018412438625625,3.6764946803645824,1.7637990038744453,0.7635156297210721,0.3127111984242567,0.1154793553389584,0.03239807051841757,0.03325867110537173,0.15830275789027554,0.38729773126373057,0.616132084449228,0.8280768736793322,1.0997821704904955,1.5172219178478126,2.1100771736832766,2.7278020648706205,2.8991981541094685,2.318674204506642,1.3647042569091636,0.5187583661281464,0.04823784537965291,0.10845528927085785,0.833006958638373,2.335585646557988,4.369511553283169,5.883032592895661,6.171924600892959,5.681571584610438,4.850106766246475,3.7310782118582764,2.2861457238411713,0.80587018660383,0.030715532054361262,0.2607916431036672,1.0363950166133076,1.9051212936217996,2.7165122142286053,3.5460382750635078,4.561492628098753,5.618820032557238,5.9154584525571385,5.2066867059306565,4.247881358318167,3.537392585956807,3.1584171816268602,3.046811451007273,3.0131699858149017,2.644341138527758,1.7536681876280278,0.9990355457209644,0.797353111194768,0.9437162223285959,1.2378821009308267,1.7396985056960526,2.8258985863826376,4.831960306135218,7.050200494617242,8.35273156656468,8.61506377119659,8.182383306013051,7.3214384244583774,6.203725042873513,4.972489194362898,3.793117672793763,2.8860687866756227,2.404961955117488
0.05363110325627615,2.062457067951455,2.7685010452767456,3.5613526850104362,3.8517052331267645,3.433224614963409,2.620476293426451,1.7350213965128929,0.9690443938867611,0.4285846730334562,0.13911904641560438,0.033686527547494724,0.05069093922818155,0.22392677540924355,0.6143220488393315,1.2725426940337854,2.1881465656923464,3.1780393619905527,3.748868695378052,3.1945260537631595,1.5715645869871495,0.3030627567905931,0.13614924298187417,0.5558673392132601,0.9733557950781316,1.0651293917306077,0.7395537373915714,0.24636151348616817,0.1117654757524303,0.4683022407901708,0.992373762358302,1.4432218043959628,1.7565577304433935,1.92714892272915,1.9051757200069495,1.5809932936026576,1.0863498015433064,0.7628644637938561,0.6746522133808891,0.7645754556277738,1.0153943280240547,1.4138400718528503,1.8157901073836782,1.9198307902225895,1.7750470424203173,1.7430135230080077,1.8577589731431183,1.934499568942466,1.7890006172715291,1.323628352480994,0.6445414500255914,0.13153813365643333,0.01055732507385624,0.06210703598565395,0.12056483229412777,0.22244966789152343,0.45585595841215265,0.8844722582353811,1.4937780675484005,2.024203880280057,2.000076607047635,1.4483265951437496,0.8432356867489548,0.436833364100524,0.2565070975555845,0.25088205076163067,0.3412524864860242,0.4619646823541406,0.6150958131206793,0.8589837633212699,1.2690593068581455,1.9513192917891897,3.0859648569782117,4.90003261117036,7.271074180271134,9.197854332296064,9.940396976780416,9.876026826558874,9.417778617497683,8.710749501850367,7.777499013937455,6.530767848239639,4.8454906726979345,3.019873263588614,1.739922103324695,1.1191981566060842,0.8574125403552533,0.6984637698113139,0.5012154336483652,0.24176849510860604,0.035852914985674056,0.012495117325349601,0.10328145942224957,0.19558075631859323,0.2654350348971915,0.3314999164015666,0.4224959994707026,0.5732902997187312,0.8123588940759408,1.098520729973031,1.274579794358964
0.05374113668828452,2.0100999738336514,1.398668139412919,1.1012062913018756,1.2962330617688147,1.7620594380543335,2.17824315991796,2.3861672576942294,2.3349602501235553,2.0191290312743657,1.4540485009904947,0.768275035717642,0.2617733636349643,0.033735548347659336,0.013586460643207546,0.16299053732420415,0.48630409975239286,1.0099055643852792,1.7744040996466828,2.766943277346815,3.7409189506247937,4.372920401053363,4.730841484994754,5.018193670643879,5.254367774803803,5.281346397536069,4.811380606855991,3.6518186756079647,2.1957401630148374,1.1078008811624613,0.5108959424398232,0.21541065689681574,0.07699890381345499,0.026631325725243862,0.03391391765192135,0.07088030181209512,0.07266289021967,0.044760652296592415,0.08168317557481755,0.2534501025352601,0.6227335678249136,1.323590470922794,2.520342262533019,3.915332927355018,4.659646772703844,4.634127847164184,4.3353667094000645,4.13166192239969,4.223310727553721,4.689907656972617,5.357035438057814,5.662810203294776,5.253703399028243,4.457930280663503,3.6155563606407135,2.8383691614230298,2.153230310575945,1.551616071420221,0.9932637596030114,0.46972482202654303,0.11577504159151311,0.04606190232462833,0.16677274496812514,0.35003887193926153,0.5208877224515601,0.6213005641913555,0.5903277895975578,0.436224732245774,0.27486250510814497,0.18556202063919347,0.1505099986220611,0.11163277809700907,0.041029192475362374,0.06907116598798448,0.5600447331253877,1.5699247612755713,2.4837052976922394,3.025504520718348,3.3560456319057153,3.6250974504768987,3.8729255992100016,3.945778687987091,3.390377630549906,2.078598519320073,0.915220878257025,0.41779722909550326,0.32035928583260076,0.3306243180517202,0.3057642308293174,0.19755950372964604,0.0719806611314838,0.08208466729546793,0.24576379619395716,0.46407945526440597,0.6758936692390523,0.8638058694215933,1.0325648925757072,1.2050880228522387,1.4041254027514918,1.5855979506784776,1.6151549133454535
0.05385117012029289,1.2203024833686673,1.428710969110689,1.6169746488410859,1.6545557437095693,1.5361369212924973,1.341924462802186,1.1163552864443358,0.8643756524494131,0.5895288921559206,0.348963760502336,0.2436623124079507,0.2381047828423117,0.22227175620978873,0.17374736560355114,0.11123050218792586,0.053217175925838904,0.011797402224260097,0.002597636684282924,0.07052625851210222,0.271728514842907,0.5344118360893236,0.7028708735676735,0.7450927595262239,0.731266594640089,0.7609659693176423,0.9275110041919036,1.200300125768241,1.331194457054473,1.187588498895635,0.9342510568762457,0.7525196846332995,0.7277757491733982,0.9267276929588931,1.5267942522875493,2.7085370298197957,3.975335032034322,4.6431475103098725,4.777743767218227,4.612404263236827,4.233205179728893,3.5646347345421137,2.4502841467590195,1.1223972500115151,0.29656937407354916,0.0516296222768171,0.01598107525284729,0.023409167487384967,0.06456481835321405,0.19297259322742524,0.509977150721301,0.9810658278109928,1.3152567509971629,1.3710045858203337,1.238610012990817,1.0253916809632413,0.8068203826337643,0.6460317884845377,0.6403269823874478,0.9479848106156616,1.5628666041571868,2.125704781709868,2.3907682601751152,2.4226548496425377,2.4448056001957803,2.7706395640852954,3.586173353341887,4.487193489187301,4.801426430331132,4.422243826494764,3.596395801541343,2.523074946823786,1.358283168179259,0.450118642295994,0.5888438395657444,2.295336677799574,4.615604928154665,6.446509909908798,7.480146024565388,7.688531408370161,7.056694364749815,5.570420090391192,3.41497315935052,1.4227719120399924,0.433720961501176,0.22042075086023696,0.2978241398187052,0.46491000037172336,0.6520345506308152,0.7945869707576568,0.8375066586855175,0.8162276310443917,0.8118990402911328,0.8391880823233587,0.8852339722821356,0.9565516764144897,1.085657395214147,1.3238113961691453,1.7055284018808112,2.143516799579348,2.380060444990325
0.05396120355230126,1.5267621359851449,1.8767571112435464,2.2510812774781908,2.4813266450866722,2.5564628682858013,2.5497121791851973,2.434314876249272,2.0877631709263693,1.4255916766935877,0.6236149711765613,0.12908562717040456,0.05599050185160867,0.14905488527181288,0.28167343785153626,0.42332699967974746,0.5687963653543733,0.7809750639524082,1.2789687102855467,2.392795835816903,3.9612467713724158,4.945991360798643,4.834780616922422,4.099194108613969,3.2847185735759217,2.661445105231041,2.2545971154494677,1.9199708754666953,1.5005704325008284,1.0162222323216146,0.5888869374313402,0.31289936778229777,0.23910405761500625,0.38066831994063316,0.7375334701756548,1.2393132977561823,1.5673655996210316,1.5463388089958632,1.3596308837835713,1.1722757458794613,1.0497833879414065,0.9803008165857253,0.843486197668666,0.5029021382071946,0.14151901803834074,0.00389615036235295,0.040276398347360465,0.127125086171385,0.1870322247303043,0.17500891414048264,0.10759818074378368,0.12218637286110341,0.28048202435867353,0.43767922178662816,0.5177028858814141,0.5522500424264771,0.572888563303359,0.5770973302822856,0.5400438668198347,0.4473197260148766,0.34871790017004906,0.30538986583089356,0.2910252233933499,0.2668629572903526,0.24177399138482883,0.2552147695261363,0.3332980583057787,0.43374437329062576,0.4769925258213242,0.4469862005172484,0.3853833697295173,0.33828884141015175,0.3214142735706984,0.2962632861788611,0.21546081622678723,0.19798078374536163,0.3984614623098432,0.7141274720244775,1.0094053061502248,1.2482425279944527,1.4183553871170522,1.433902250467038,1.1203591584967376,0.5608654959392102,0.25720967769938086,0.350816720527467,0.5707395952514852,0.6826159740410314,0.6020869759426749,0.36411389247996695,0.11732274461577352,0.012749495356532374,0.020153973699533093,0.06231453286996364,0.1320492398875424,0.241992927175574,0.39039378691367416,0.5739112117681633,0.8284309448225184,1.2206970132986674,1.6742401797450077
0.05407123698430963,2.5375915513858627,2.923965409598715,3.1386519113848177,3.029817767474507,2.8586641491283693,2.929831084370769,3.313826444759228,3.8550293351994793,4.116899399886211,3.497607539083185,2.2035271840316644,1.4077023760515672,1.2883590844751716,1.3817836016058465,1.4229421982019634,1.3382802487727514,1.1504002195685323,0.9190561664416399,0.6901817822700194,0.4781658033098255,0.3027628987306312,0.18753781988992613,0.12511698339307348,0.09587038380517345,0.09409673508053595,0.14771556257464274,0.30321606830908693,0.514278564313718,0.6405585444752214,0.6294861023182902,0.5176317206764491,0.36810630697818786,0.2994223264172362,0.5140794744605927,1.0304884019190397,1.3401831123276489,1.2158219620349549,0.9395331835209267,0.7105167208555467,0.603052869518486,0.6699396719222414,1.0365233413846648,1.8409742659493122,2.855856410881088,3.6893777470482316,4.325309265083586,5.0162175691530075,6.069845470755138,7.666601039644317,9.403212587378839,9.922018564872417,8.503755260254401,6.202673892708926,3.981417618456307,2.163335122487223,0.8966340913224498,0.28394860843096786,0.3015196993978907,0.6692389180318425,0.9187442529285168,0.9197033426702402,0.8641196284330538,0.8156302078907033,0.7178815135197909,0.523927686258542,0.2690864713287635,0.08844315559250143,0.08399901753335094,0.22581041438121843,0.41626833748794806,0.5273051124027044,0.43255243845806635,0.17096969604926984,0.23741759371791937,1.2051968082035047,2.5740214138376323,3.538549476469962,3.9816996048403577,4.142202774436702,4.28015792161419,4.529172049092846,4.7160478158761485,4.422352462525288,3.727871318165263,3.0668422473479287,2.5746424922510687,2.2472083972513746,2.1586357691302336,2.4983812104716026,3.367341375735696,4.3686499924168,4.983071144467195,5.150283205409981,4.995226071988057,4.620644516854862,4.1259974131343204,3.6252940137209277,3.2104593635547394,2.8934156828112383,2.6152308709804717
0.054181270416318,0.6227396022454422,0.3996517384687087,0.316263988483179,0.45849737650111533,0.6771388526520606,0.8202325853682975,0.8823407099988527,0.9276114354437692,0.9736599488223331,0.8985335473425349,0.6185321022750914,0.3701850656403386,0.2641907536161284,0.20193097702457963,0.13288512787323692,0.07818154677877384,0.07652478341507038,0.15254991632645112,0.3453439496304517,0.7055419882716458,1.0719548024928829,1.1168818078833378,0.7841767608161101,0.35418947177667337,0.24733978259237055,0.7670268416450978,1.6795868740777002,2.1678869337333846,1.952638326688122,1.492136107618993,1.0958388332081328,0.7786275748099957,0.5019644466127222,0.40747059313483774,0.8585420528442711,1.6864277100163825,2.1455695100409478,2.1320891554765424,1.9001668662516902,1.638297970525983,1.4458119362220703,1.3278270141681106,1.1882665310193181,1.019608225668183,0.8928183301900264,0.7527278121124288,0.5280606429164197,0.23734438636696806,0.04845646709203131,0.33747862240060217,1.3616984953764375,2.6088931456629525,3.4432143666338657,3.830235877362196,3.939091082316172,3.865857407797513,3.6339887895566827,3.249209228735212,2.7859468804983734,2.4550942186291764,2.368722459505123,2.37511976418254,2.2791516517684522,1.9413995800808503,1.3217114550419014,0.6767013448890602,0.5420405414754143,1.0474405520381207,1.787339428158106,2.3880568175214534,2.671141995457022,2.57339304220283,2.1178547326097736,1.5077517480571418,1.1424918776659945,1.1427179163122057,1.2686094396566787,1.3488408797387856,1.3282207867575997,1.1771794140944325,0.8617829109578177,0.4436210604337875,0.2818494155683822,0.6180575247754734,1.0904533062334971,1.3120689948033524,1.2044480926801246,0.8710820519808319,0.5076610296329516,0.36214694127950225,0.4645801562792153,0.548437495259197,0.481018677248782,0.3268741683912364,0.1993090719067636,0.21506269137880046,0.5001408676837318,1.1724663112737068,2.1797498134685847,3.0848628432007077
0.05429130384832636,0.4923657197139072,0.9426833216696335,1.7826719798715096,2.823107875284317,3.7914895711178196,4.640271771769171,5.3932183826730515,5.9718016622490895,6.131728207610595,5.440262620146,3.7915617508685937,2.163092754811809,1.2790098122391054,1.1324114069789566,1.6722572939634641,2.908073444486894,4.782101846247788,7.007969344001183,8.786950429828742,8.922618007539588,7.425633718416428,5.706670944708449,4.543114797142542,3.9186078733663736,3.6587735484834165,3.596952688079193,3.4988436023702807,3.1690795780308054,2.7098753086548983,2.310630670680099,2.022456050232246,1.8266772148407489,1.684660017342229,1.4906237527065094,1.0685715649222804,0.526927453216971,0.2318124534345513,0.22903627613088134,0.372723042724774,0.49398302501080754,0.4397055554585803,0.24599058829905235,0.3872253996044589,1.140574496489463,1.9144635859323795,2.2581940289023494,2.2754740850912154,2.258091330812387,2.419347203774907,2.7410764162847845,2.8975229287386286,2.6808030419655484,2.3227198071246344,2.018272746595468,1.7686736361175348,1.5170618223693066,1.2230570308541628,0.902750090637425,0.6653412031856984,0.5997483522916522,0.5720921993866676,0.45209946981728316,0.28748746280996434,0.15944740662093165,0.09730238067611652,0.10082295175435245,0.1493444048712129,0.20833334570940684,0.2911585278759055,0.4601539189137305,0.7682055798725808,1.206491476217643,1.658785293500836,1.862697870124109,1.6010828212378327,1.1004047832997796,0.6819814419916608,0.3981187066345677,0.20593293929066037,0.09917121414212117,0.11497090158717962,0.24075523502470828,0.2858296004968738,0.15661047961512783,0.06588540596917404,0.11816743803113863,0.19315392711614107,0.15687662360279395,0.0745591725247949,0.2335498958112356,0.6866956028397468,1.0722078181922217,1.2235394084101785,1.2388267696988875,1.237533367589618,1.2799535520170258,1.3757995513220425,1.5204029041473168,1.7267377784923998,1.9872302050988622
0.05440133728033473,11.489041478040233,10.080461652311032,7.866855469370374,5.167283578978558,2.9055808003680106,1.3946418062450494,0.48134027788561984,0.06948779684287437,0.29235035946393717,1.2509426477133037,2.0275961128516227,1.5793433646682984,0.6523412481411498,0.10101864249742755,0.2273478992844913,1.187425368630957,3.129695444626131,5.989428927343763,8.748009605962237,9.055367568980174,6.292046871387303,3.0428992902757277,1.0197661981215462,0.18337350511084569,0.00998519635264973,0.04618121569963707,0.0849536978944067,0.1410615110180445,0.21828117469248098,0.28970784300243774,0.40476448852730884,0.7070760278802555,1.491953700830947,3.2534428022282453,5.999069048534327,8.068475487723482,8.472697803103602,8.019032013014881,7.313971262058926,6.483266786642963,5.443574313194818,4.056605630825841,2.4950090621655137,1.3608973999358762,0.8454023887403714,0.7379453026757388,0.9132581310969048,1.3175304818464344,1.8577313691421136,2.387445201763262,2.754126366599407,2.9214302773287657,3.001125737547938,3.064716587833125,3.08389473405465,2.9652687731406133,2.566945124144513,1.7714209557608194,0.7547328493696354,0.11705803822828476,0.06154520038694358,0.16417673834085267,0.16480789334779528,0.08700572915391512,0.02467631109429917,0.026259968342957404,0.1082240975550301,0.33074263297091244,0.7394236096808982,1.2690402124951239,1.7606696826478085,2.0422102835120333,2.042128543526086,1.9050892040755447,1.8217540163554573,1.6644383704118841,1.3190035638118995,0.9047164736312234,0.5587829291507577,0.33434794290021824,0.21929657454348456,0.18017895170858228,0.1797062828231336,0.17258574336805807,0.14392749996785237,0.11563833083563767,0.09264795196062506,0.056482871026223264,0.024079664275902052,0.06832066593033127,0.18705368410777498,0.26909228947699054,0.2708642745573045,0.2208044992334683,0.15122230852614874,0.08416648223268486,0.04624627327428769,0.09759811334656798,0.3381981664314471,0.7843421697628221
0.0545113707123431,1.6975267938577845,1.431944845950276,1.0002012362315897,0.5531576246521276,0.2697752586352973,0.14423167008731147,0.08865828613731502,0.05857115559616235,0.11323858583101885,0.3666936516303388,0.6736363461657486,0.704697022044179,0.5015389376922343,0.24558028889285274,0.06124887626924579,0.05423113036795906,0.32074102384235753,0.8978552006407421,1.618714025395141,2.0287761945268508,1.9650938358895382,1.9272187856701777,2.3626116137103157,3.4147890920660737,5.028455690946038,6.770286582003235,7.563160735253338,6.626064956050056,4.830965940565568,3.3210494536112027,2.3669087328135494,1.8369681387896921,1.5739305847364604,1.4321040909239635,1.238860405286973,0.9518478489446555,0.7455574825202412,0.7097272641596505,0.8566967345133458,1.245346430363995,2.003397776362363,3.1757104230582023,4.287726553366871,4.597197510172961,4.152594871606047,3.383300849009526,2.54740729376421,1.7787560270401928,1.1434071681647389,0.6645530080402507,0.3938753160583931,0.377475278621578,0.5300626139550112,0.7389895554117666,0.9482654792774171,1.1294583467886625,1.2652503359368117,1.3648689548530866,1.4767422733704842,1.6244982054255477,1.734149522137937,1.7470762883691162,1.6982035908087187,1.6823064865973019,1.8370345309769471,2.2875460726399246,2.9077207074147498,3.335467212745088,3.4159665547430427,3.232267242958484,2.9067912942718093,2.561978794842719,2.3632345824941967,2.476341744180921,2.7994393607194032,3.003673953202004,3.0044384167914577,2.8608717590725674,2.5591081167418377,2.0198602399400554,1.2248817673249646,0.5202343112325759,0.687978670680054,1.7538829282561348,2.7417594902985885,3.052583574870882,2.732206600171056,2.0368439090739185,1.210274777702385,0.5459460226443351,0.3023333203310773,0.38551238607900656,0.550265329990057,0.6729141241179846,0.7201154181267639,0.6978738548511941,0.6495616405034362,0.674040014889536,0.9016200915191359,1.327526766872096
0.05462140414435147,1.994312858504897,2.5673368533075416,2.950866773485934,2.910900868447417,2.6185466011235006,2.3621358785244047,2.276523130626715,2.4225787443347477,2.9040550798433786,3.7638745619595335,4.492364910898928,4.4747561645872524,3.9070630199355603,3.107345830677811,2.22466356346647,1.3680205468752358,0.6440323045114281,0.1555301311308723,0.006368543619175857,0.22204826664639724,0.6348936593008004,1.110299526735125,1.7315547186913383,2.6982460451232475,4.262076452413309,6.531224051469286,8.82318801122533,9.639286603350419,8.590506864453575,6.6294076774093105,4.511975122705911,2.5603112805144512,1.0090726801369547,0.25945263042496863,0.7750940545247695,2.0235069795502048,2.862598633472234,3.1251924504436945,2.9845256897863788,2.526791077312833,1.9807505978281226,2.026218305345779,3.4368312127352403,5.589565524437803,7.0899746849229945,7.520287025243401,7.056738010706108,5.90646778612346,4.237431099445882,2.3989343809682473,1.1793650497630772,1.11040758621712,1.7062448089804405,2.3444470265063218,2.78219308698975,2.981463299755494,2.955522775828141,2.7053233953198084,2.2254895657195384,1.6218233557016906,1.1067183665399687,0.793187374475987,0.7233495016166158,0.936628211449608,1.4088352547062,1.9202012377614426,2.1061704678896285,1.8941182548784357,1.5418572579694851,1.2715147640157367,1.1942762626818955,1.4005238291050068,1.9975464140575838,2.892700642776121,3.4675157038264195,3.319036650532317,2.7962890073535873,2.2254122264376335,1.68465526902368,1.166837987361955,0.6784377594840437,0.3055821892754443,0.2010345281912199,0.36087768375720186,0.6112009675488164,0.816450257268961,0.9279500601276714,0.9953028353984917,1.2150829122292073,1.8576575412209306,2.8130977851917964,3.581363459841784,3.9346771996733465,3.9139391223635447,3.578094825092348,2.956144479663607,2.0936795477141774,1.1383883012982796,0.4216679424440874,0.2564940190324742
0.054731437576359836,1.2273664425768644,1.3527367803379782,1.4446483220593789,1.3744957529844024,1.1680115123124057,0.9376951801403696,0.7612496873912765,0.6695247740582638,0.6322850505986999,0.553450594833099,0.4155413951412149,0.36565490794293554,0.42970038549684375,0.5123139625309097,0.550012593962752,0.5439851802874478,0.5465155518738689,0.626522447929782,0.8062592079657994,0.9709814730290615,0.9507552655897126,0.7727144894491383,0.5663916712322031,0.3873252189202623,0.2274707553422747,0.08211284578618158,0.008604070566372907,0.07292440684818399,0.2122609432087811,0.3148816056562697,0.34090285159339495,0.3096984456511873,0.26776106984385006,0.2749041779742851,0.37132564190792305,0.46942345519112166,0.4516429239233869,0.3604666137070876,0.27841034581646423,0.25006006061379615,0.2889905475403181,0.3724818030742233,0.4410956407443094,0.49308263307956746,0.5656064462874817,0.6184479557761465,0.6053578059774348,0.5619510258645677,0.6248732116758539,0.9601159947165961,1.4908443993380835,1.8037135814033436,1.7184941066725814,1.3964514322539414,1.0118394873759504,0.6623677503039874,0.39415288739263094,0.23025956431417002,0.18861408609823752,0.24930562752034813,0.3163302543254663,0.30534123914378597,0.21475368921304744,0.13016311799437258,0.23444049949600795,0.7339268347885262,1.58013606661746,2.4596502943286076,3.2218364681072593,3.9266874058693317,4.67336418377333,5.55669462756127,6.599171640817071,7.4420400224654415,7.3603506926773505,6.4921165770281775,5.706965997302011,5.406934570047781,5.573829908068863,6.018181772751492,6.277759638733768,5.483912469463302,3.3929281517354712,1.4263237000785105,0.4518723774716164,0.12069848656210035,0.025846255641873952,0.002154369043784836,0.0242045973113374,0.12264260657189152,0.3010823390430981,0.5066017142273893,0.6981401425530002,0.85240857613801,0.9364061876079746,0.9077321964215378,0.7376284741632035,0.4562395662911582,0.20176680676513842,0.1373211567163138
0.054841471008368205,0.23344356288966847,0.3811031872990356,0.6718362989137016,0.9821884591133518,1.1357980990884107,1.0901519794714054,0.8949166169603177,0.6294226888186397,0.42481233859265244,0.45913452902038215,0.7130101350090825,0.864360512137989,0.7882865488528652,0.5765551775922393,0.33485191965386557,0.14769589969278923,0.058890067541219074,0.046863892621847925,0.04391652818181751,0.03963393325520131,0.1112561557607997,0.25011141400964065,0.3765169358130653,0.4750261571285659,0.628246243510813,0.9920989794862871,1.6425471897528707,2.327665968923821,2.712771330453529,2.7880222624637563,2.690079106164079,2.510516442620744,2.2819155365464288,1.9914750509785832,1.6475314774126506,1.3720512675905625,1.1853915796159458,0.9523858565595487,0.6021598173619613,0.1982624639094593,0.011679736749296706,0.5815148859447573,2.1079556013118266,3.473443957926636,3.6769660529362618,2.962184639330267,1.9072974743178805,0.9162158916744617,0.22379979912356676,0.005015658308341827,0.3214101445906085,0.8789027136310522,1.3131175318465726,1.5390646555847218,1.5963598941209651,1.5218125505554414,1.3407991325757385,1.0900781177466765,0.8531276713597911,0.7025395100773992,0.5752647545597863,0.4570765727677958,0.45908623069817095,0.6198084447518666,0.8094337706569901,0.8133557992182362,0.5843740726808803,0.31495630035524036,0.14365344009322245,0.07731722722010081,0.12060037257183284,0.36730281479436816,1.0290856540132862,2.1856320837768366,3.2374815959255665,3.5441267133290344,3.3310972434404094,2.9516673109947207,2.490701837686191,1.9192086371673611,1.2736331750446348,0.7988211110206517,0.7827270828147862,1.023758851404014,1.1497155177061653,1.1362097104023843,1.1091092368406237,1.1468303178927015,1.2543795059831202,1.3524023556326823,1.334908363342029,1.2159994548666808,1.0662485955220395,0.9129872901961035,0.7635100508921284,0.6303561196129221,0.5261136364065636,0.4487212846841542,0.38673276025344233,0.35021334761640666
0.054951504440376574,0.4679040230432722,0.6083629722583513,0.7129385780164479,0.7204752927894046,0.6672023283859513,0.6178504339885961,0.5953710919491959,0.5774586982960545,0.4784348168652081,0.2122248061171145,0.017869675279340313,0.2601887808767082,0.7607211804709111,1.2115105161438595,1.4860669309700865,1.58552591252776,1.572500213278079,1.5162976862933746,1.4324438815393767,1.2595156962971554,0.9828401848457649,0.7290710001774898,0.6244245947118927,0.6920624681777505,0.8544094437088675,0.9613402742167337,0.8597680220053371,0.5613901655570019,0.26086599668641863,0.08535148761914382,0.036700363672505926,0.07435631118503037,0.15477735191012879,0.24481808559642076,0.31822717057827177,0.35831374797178545,0.3896589133515064,0.43360261690750806,0.46883354100039165,0.44250126251531907,0.3026042452019433,0.09445896289040745,0.051776772804072786,0.2706835044370117,0.48654298055888145,0.5389533805597281,0.4820172560403009,0.44056551232852487,0.569196046569628,1.0105053999784865,1.6801567769869237,2.273174517613889,2.7339409409644637,3.14699723013089,3.4395080854310764,3.41230501488523,2.8514734483378015,1.6965582935110233,0.4258842105205877,0.021364322167367427,0.5304012577667332,1.0031580958735722,0.9414215924181113,0.6099097398730801,0.8281929646115677,2.4535260500953706,5.110637015597676,7.185882016414328,7.847396417464766,7.337094616901247,6.089004527370353,4.419203537525922,2.6265574574182793,1.1745203406441223,0.5042047567330195,0.44078398116755485,0.5429844028041468,0.6480743841159661,0.7564422797411853,0.8808496472820622,0.9916488040719286,0.9991451802865766,0.8588282823818357,0.7007187631094471,0.634550357695394,0.6653308324448349,0.8001203787822113,1.094450920322823,1.638532335031123,2.405904413722771,3.0829138776724094,3.4226832610615805,3.4818811594783723,3.343940949255403,3.0140854495250573,2.474083114944225,1.740631414034223,0.9245334481907778,0.2800205130046521,0.04982444522010076
0.05506153787238494,3.980204685037937,3.569560133253786,3.075389410279011,2.5356837792091103,2.068871751428969,1.6982373817279768,1.3546742217844714,0.9606465421397097,0.509802326185428,0.14510409151063094,0.07477568018291858,0.245925829926421,0.45597019790930454,0.6235168350803738,0.7390286248865455,0.8206992531420583,0.9164142191391987,1.1088306514614135,1.500446994370634,2.121318115289333,2.822338856247643,3.372049678962015,3.5450605570491347,3.164778895343593,2.2429995001946517,1.0947123779799943,0.29191478789375747,0.20603473223850977,0.5815833224123739,1.0441959719737743,1.478864696521203,1.8734838241487815,2.1681760128700804,2.1585926337956334,1.5823796912281674,0.738931342291323,0.22568271721212943,0.048752067111136485,0.021715537536830875,0.06812956721231864,0.2186091100630267,0.5649552443315105,1.0859318125305255,1.5476644530134436,1.8631359613492482,2.145061711856416,2.483792893497259,2.892419562954586,3.277881276218598,3.3846068651693635,2.978415525519722,2.33283699433292,1.9042573544009125,1.7476953076508925,1.6996296303599947,1.5985996046822497,1.33583837839973,0.9097264247235431,0.5930615762758782,0.8555980022531754,1.5913909062127438,2.154902082049447,2.1570263610084806,1.614340634789659,0.8227316350400488,0.22277823485470383,0.06707153725676136,0.16147560563219368,0.23963912299635595,0.24826247518043273,0.2521361189579204,0.35948478597819605,0.7151017396232268,1.3629119819378852,1.9717032223924453,2.1924379403464767,2.1196649741786464,1.947884800924363,1.7759277299911131,1.6266939623330994,1.4423792428392601,1.090706734715003,0.5855439664325741,0.2075647804971802,0.052710204035969,0.010635100877304585,0.01285989674300134,0.06679880371316024,0.21863915334570452,0.47169975838058875,0.6983794434854258,0.7917010598907528,0.786891701280579,0.7441731867067714,0.689281671439871,0.6219678055934705,0.5283019663811407,0.39904770158187486,0.27141534375982956,0.2390644647365944
0.055171571304393305,1.8992422932985225,2.1462849059313807,2.1634168916551837,1.9069344302690376,1.5967231598950657,1.4161261368388425,1.3941123563181492,1.4684474932864338,1.4830292892175736,1.1803663718049602,0.5597485102725607,0.1433154517723511,0.15382214112683165,0.4405883997697387,0.8665313743392928,1.3431449133812332,1.7838689984680798,2.0720311628383543,2.0436004406778654,1.6108748056749609,1.0023918797025202,0.5221237947123587,0.22837251718471002,0.06731891260744942,0.002285081732536848,0.029107647884721474,0.152971690522467,0.3444422509429976,0.5426202514854441,0.7078564428699932,0.8254440175387247,0.895580682949185,0.9281840667940401,0.910826841801525,0.7778332840159979,0.5375885011016668,0.3290822793741118,0.1982601215466897,0.11498952707875741,0.05850716530213949,0.030638998135733952,0.043559085104537175,0.10424998608939934,0.23325686641551574,0.45122978322972135,0.720949037895621,0.9527647011049482,1.0253717743477293,0.8346362420258808,0.4435210809594989,0.19002027740824093,0.2814759131166056,0.483008926152004,0.568386404306616,0.5093590701017103,0.3617022601218379,0.18926678715521225,0.05157437405940616,0.011214324372208434,0.08054566162344598,0.17017975760171403,0.21528546555172381,0.23956805530702208,0.3024823344230629,0.4555083169790617,0.6872853213487367,0.8815423542802081,0.926023574943664,0.8202361647723238,0.6201502497393596,0.4052899282433941,0.3119146318416589,0.584506544134723,1.4661527154347282,2.609807401148694,3.2011872643924626,3.164552669481137,2.943319328025153,2.8957633816800157,3.2426203690495465,4.093518651031062,5.197951564206184,5.760488036866829,5.4777437093222225,4.860379928190692,4.182040695336836,3.3947929476385994,2.4055803599978605,1.255127219246846,0.3087286758372011,0.013339906344617382,0.23157730287981046,0.5516302427945213,0.7863256559443697,0.9096804508707638,0.9264857948594188,0.8252981693177892,0.5886091307885966,0.26925039326121536,0.04712475451612609
0.055281604736401674,2.026501998855781,2.432939632429147,2.92127063547386,3.294784098073621,3.4382220377924853,3.385298739608457,3.20236148124754,2.947051077015585,2.662167030288791,2.3269244141476926,1.871222128776466,1.3872956702338044,1.0027636991977589,0.7087137780890527,0.47650472215483886,0.31296140797048017,0.2415615071290479,0.2646459854343511,0.32177423394951876,0.29979404488166994,0.1827498423223034,0.07828164244182405,0.03505120556374459,0.025000292647197952,0.01497802674080744,0.0025527655326743857,0.004888278487048165,0.012190260889184129,0.005346577241693271,0.0017505723373186005,0.016228134058209897,0.036628930813885,0.0568994233963016,0.13833348179245966,0.40982364792707787,0.8239646589727355,1.1448710180053867,1.3057309528697354,1.3418613008209437,1.267350651577528,1.0653291310095234,0.743460371281159,0.44688478227006695,0.370656513888241,0.508062890323123,0.7612981980257525,1.0710279767901307,1.4068426907812497,1.7491598669178803,2.037962260391424,2.1094348542637706,1.8779172410893317,1.481565412589899,1.0461150006708895,0.6194412059428699,0.2543721380252412,0.045761221646513625,0.11280653569075272,0.45470044112306895,0.7309963231082249,0.6280436286672735,0.3247912482911694,0.14392299156332916,0.28030837072035125,0.7453671539466107,1.2660377539026917,1.4138276642962404,1.130618370869026,0.7095743811609609,0.3677979386643376,0.1857798700043683,0.21777101317639355,0.5618046886608754,1.2538494521924939,1.9198422362397878,2.067167433293338,1.7596263079285974,1.2839554215078623,0.8351424943727507,0.548694405651533,0.5285151925019699,0.7166689213793669,0.7620071741018583,0.513009513471106,0.23084214362059416,0.06606307076360707,0.018663251591428502,0.09675498374598782,0.36634778381271504,0.8677961045891424,1.4288720335171867,1.813263847363968,1.9953115471839502,2.046630111924632,2.0130038647880153,1.89993029098668,1.676832846960461,1.2945696506270112,0.7747590744008067,0.3177006297884521
0.05539163816841004,0.32213488677561486,0.11350446628800856,0.11030587274601712,0.3326484819000955,0.5958081800515417,0.7394597323091211,0.7471975768011394,0.6834421296870592,0.6065604510195097,0.505182530912914,0.39621528919566235,0.43900675746517337,0.6650938155826787,0.9714412466147735,1.2674515080654003,1.4823882792308862,1.5443952838203623,1.37020945015945,0.9111888016742962,0.3406967807357543,0.040269217069892206,0.10846002482952216,0.3463299556393408,0.5658867596844359,0.6641659390284314,0.6219622536688997,0.5038609547704966,0.41465116467301716,0.41293682986615204,0.49270900111156507,0.6306365248698355,0.8086700477360778,1.0193599830331725,1.2568473553001611,1.4820077530170113,1.6903659734256091,1.985641231048824,2.391395111668723,2.8689120495849654,3.439342238406141,4.181954943369206,5.053692588265807,5.612954436123718,5.470117647213489,4.919162638911916,4.3034365199031015,3.68198922466762,3.02146383444557,2.3417698376221896,1.7597061256626758,1.4038230230162283,1.244276008534172,1.1423002846980437,1.0061115122148172,0.7986462064998514,0.5210542088995209,0.22467248883935015,0.04805882072724705,0.21322802009015984,0.7358461839806356,1.2104405743376994,1.3555153370443476,1.2433265329675975,1.0958036443590462,1.2178824329555145,1.8545013541156417,2.7713905376838133,3.3877700111266957,3.5111913123767673,3.3052932570097173,2.9293508814330558,2.454287157840257,1.9173671147620506,1.3841272423973363,0.9504268301857254,0.6383100872972163,0.4145282620530199,0.307039996398693,0.37092392161800725,0.6011484110273347,0.8634540994818044,0.8920587248290035,0.5788939682901708,0.2257245898012033,0.05136374566788614,0.006688744042714287,0.003904552963386897,0.01711771281706904,0.12164909429445699,0.4682219855718313,1.038453029294641,1.5760316541873594,1.9317508606494567,2.1109698780153128,2.142219481246177,2.03561527535888,1.7886202446200088,1.403806787788046,0.9362944920892072,0.5322360529348903
0.05550167160041841,1.2322767264834487,0.4062381304333183,0.12815677522677338,0.5558091328966939,1.3142100865258344,1.951998131948247,2.2159022581710137,1.972554367516049,1.2847215102372742,0.6227781412774639,0.5611549390724067,0.8176244182787317,0.8816254820602625,0.8074878953743264,0.8162717209600749,1.0375620146291693,1.4701073227309926,1.9666067906335412,2.214907352602848,1.9516556879231006,1.4606778725922749,1.265313685148991,1.5047590104478923,2.0756923598187957,2.8096438381790216,3.4298338043251886,3.5460313938907286,3.0234998022627364,2.245511797560594,1.5825417597905647,1.1090316717904056,0.7747070949469164,0.5087413965192136,0.24452302340723794,0.05580971347984917,0.24415302447106033,0.8486156989231713,1.6237427141154788,2.3910174442053025,3.0203969045607675,3.329224713311549,3.040872258048401,2.1028715348830724,1.16122225966883,0.7873102980445092,0.9110715029665405,1.2957350826203107,1.7486664660870637,2.0402477864270887,1.8733693667245166,1.2462391754291111,0.7155321069361842,0.5916908345874493,0.6885372472840153,0.8091548124595916,0.8791037878684652,0.883249063639635,0.8257388855985005,0.7444296992369067,0.7119361930090855,0.7237369042645216,0.7035514980877334,0.635705169893968,0.578536266738238,0.6263554599174916,0.8594172221965836,1.233362789005415,1.5596526345315855,1.685770913250734,1.5681954616914775,1.2322331145767842,0.7754667747719659,0.42629877727611665,0.4930303151942455,0.8855583662690861,1.075350494640382,0.9408277903744758,0.6780523460596273,0.42061785442335936,0.22126637126942075,0.1076653241044271,0.10163774162174095,0.18908430695502718,0.3129074691972008,0.4507166187250947,0.6237480812805061,0.8669207380564061,1.217045630590304,1.6728815465226956,2.1040786266600717,2.313180677044677,2.312635460147225,2.234186758239904,2.1168888872850524,1.9298141674776639,1.6424026100656886,1.2603831732914206,0.8375139868234988,0.47384483396013566,0.26507180873410763
0.05561170503242678,1.1180361981142222,0.7279243286271814,0.9796632507053279,2.035282898588117,3.5574592783853713,5.249491744110337,7.149655402764048,9.469347425711142,12.155722516427643,13.8495769700317,12.168082815499217,8.066689977194807,4.4152696837106955,1.991232766251978,0.5972466503486583,0.06532172722821147,0.3041976073775702,1.1383932963677665,2.081875902617079,2.324636512017496,1.6662751234405981,0.8999374732099875,0.5940603361036666,0.7357537449516476,1.08407189871586,1.3483775509767404,1.2888435970784553,0.9478607988599106,0.6313704821444959,0.5093618379120488,0.5736403721448549,0.8242635739654437,1.3795794132976171,2.4687036663364235,3.9789276765999375,4.9524581582319005,4.977924514612532,4.569086740090445,4.050957040661945,3.463110617845433,2.7310401446202754,1.7862320688207078,0.831599079611433,0.3019746133840282,0.21730348979310862,0.32709289330070407,0.5079462638169224,0.7225681413896617,0.9126801574571186,0.9898664088185969,0.9495962471694765,0.9242240120259818,0.9687397876455716,1.024218134993394,1.0487152396469193,1.043813961431724,1.0278666914804648,0.998989175129573,0.900542180002334,0.6809214501246579,0.41950209186309484,0.22104206809838559,0.10432622498463816,0.05135080397437961,0.05983096909460281,0.16420295154099546,0.36750706394831967,0.5670722292050937,0.672886099840361,0.6944160339363274,0.6933335693132289,0.7342135253800808,0.8562770009597657,1.0177627804568765,1.0575056964380418,0.8868049831709374,0.6006880175483943,0.31874148463357765,0.11917270421344742,0.049405577458586265,0.1397866096425617,0.36778584043177276,0.5969078330525609,0.7626634394925367,0.9979556138151007,1.420893598944045,2.068364245985129,2.913198744546428,3.772157859404901,4.178347187418354,3.8096495433246167,3.049765346810418,2.3584628718585674,1.8377261093502875,1.4391722157744935,1.1202775105014804,0.8736103670644946,0.713321404723377,0.6474266896466422,0.6459881978505421
0.05572173846443515,0.5116493976856036,0.8712917351398669,1.3419363078959778,1.7288365664129066,1.8786335801158254,1.7796384819070192,1.4532228673141374,0.9333073247752414,0.35726515806292747,0.0270379924976131,0.1041586225270556,0.22661580791160615,0.1594752542971355,0.03784913101296474,0.024355033971733598,0.1978988113061115,0.5626636886845563,1.0685606840088508,1.5940319203103337,1.9033547671804456,1.8154153549632088,1.4294529710197856,0.9565185486023153,0.572468428989762,0.4217108972011997,0.5642990936839825,0.8223403835627311,0.8435429521072049,0.5851038098481113,0.30294127786289543,0.1517710635881659,0.11642579786818333,0.09380238921456961,0.01772386115066535,0.10056117025697622,0.6613601587091167,1.3958736011907213,1.8637686430882563,1.9832128367900594,1.8426787490251313,1.5386083262305241,1.1494789392237181,0.8131619708981099,0.701627240899836,0.8177828234149344,1.0448740623306654,1.2704961439507867,1.398190380211436,1.344912358176765,1.063440556617276,0.6308995732060347,0.2746962151064806,0.12177932077220056,0.1316994728038646,0.24310517243402932,0.4189793924951977,0.6340715425677309,0.8559669721172046,0.9995406376982339,0.9262238610250746,0.6434318130137983,0.3320594463043677,0.12465379126195554,0.05135875751173144,0.09866986904640919,0.2878668293103365,0.7005774846031163,1.3669563848975248,2.2067653412039814,3.101226382272873,3.9306336137436833,4.555419755169671,4.731215592356177,4.0795618430035825,2.655484618450904,1.3277887151005747,0.601562686821973,0.3100388479378055,0.20141827682831268,0.14523334660334877,0.09846005458682755,0.04176707107123158,0.008346579461723168,0.17015605539678288,0.6441191311558646,1.3573595662493496,2.1510665118647765,2.8670960629232622,3.3636254558172594,3.496720268343954,3.228771115943394,2.736508626842706,2.1967874106712273,1.6713890380055085,1.1774771761826726,0.7370670955657485,0.38980331181205397,0.19564211806316595,0.2174201302069258,0.4382714144238059
0.05583177189644352,0.8826929785456424,0.8544526988294012,0.8288506324788041,0.7971861573873327,0.7803946423107524,0.7975029888528953,0.8669380533511072,1.001892342372672,1.120644984458637,0.9466548330997477,0.43731393783364947,0.1721909384498241,0.336972901378789,0.6769880580802877,1.0238529109971526,1.3198394512214462,1.5085026947393838,1.4631270862038983,1.042782614580445,0.4008576399321339,0.0549931622911744,0.22365799304325504,0.7219377631954736,1.3457797773524736,1.9254274765891557,2.229890615336925,2.0199797666219252,1.3934854962474985,0.7873639830682596,0.42704489926413647,0.2642783254232988,0.20305143670762973,0.1833515875196034,0.20712724335277383,0.3444383605782443,0.5464691404787599,0.6072969743786909,0.4953976765653857,0.31479725813311515,0.17368413422566845,0.17501072351219268,0.4236257197675749,0.9104512902189987,1.3959567101870312,1.7037402858538537,1.8728252678378228,1.991909143411879,2.1131997475688324,2.207932393648449,2.1107780804162184,1.6577696144227276,1.0481623428252849,0.6029122962211096,0.36742375919197656,0.26286193612623854,0.22338341409602838,0.18991242777534859,0.1114124446557426,0.09541591024687417,0.5600055908000922,1.7481195149528816,3.4153763383660394,5.33196867153105,7.458682732932981,9.671615401886866,11.325760581422989,11.530254493281046,10.357706751963345,8.642967924421482,6.916851766597424,5.313548490877875,3.8365692857241545,2.490667982362606,1.3861446724193864,0.767597340669285,0.6309397774950513,0.6596220745716601,0.6414907795018041,0.5302066306157608,0.350713263612156,0.17597671665574388,0.16846655340827774,0.5094580943385296,1.0652561173371016,1.4745434234451111,1.5744073748254335,1.4312695280201373,1.1882517926455538,0.9994106469403391,1.0034899705975386,1.1870408279801952,1.3790054407634382,1.4805187127431818,1.494673664157763,1.4553251918117778,1.4075357584573602,1.4015048545491533,1.4715181452840678,1.6061712295229458,1.7460825523115469
0.05594180532845189,1.8108569493387836,2.0984206193645774,2.2959908012204324,2.2008777241071047,1.8481785444596266,1.4125845241767194,1.0221489047774817,0.7803694056628491,0.8898939451661487,1.7318752747284112,3.2815529893065833,4.532340594209601,4.951892544384323,4.8143242837127325,4.454182801149191,4.089749941839925,3.8311805618430825,3.627586672767478,3.2160812651150468,2.379648031315675,1.4468848667116314,0.8906422322445825,0.7543454629862645,0.9279118219161505,1.4146140663211693,2.2909035024280326,3.3994766858729735,4.164820723661884,4.261398348671076,3.9721103899750565,3.643688314807274,3.4243121927895843,3.295649293999071,3.088167920782236,2.5989238930331773,2.020916892237813,1.724119354634114,1.677567315471552,1.727100535724664,1.806877888957031,1.9165701313661119,2.0190627637495218,1.9487812334119983,1.630781241806005,1.2570342016958969,0.9931135543042878,0.8874266047077046,0.9715834726598809,1.3151739590225846,1.95776967180702,2.677895979562318,3.079629941853277,3.1093838869296584,2.941135571671039,2.671720879126178,2.3154583222103,1.8586824462886713,1.2999720139032964,0.7240287431453324,0.3199646287720609,0.14865981400521944,0.08801226684228836,0.04829813762293512,0.013326143206626617,0.017545484767569185,0.14616280836401113,0.4541357213229624,0.865920813424299,1.2642997221248544,1.573635503273222,1.7253766682914062,1.6274091266812292,1.210398094223898,0.6331729147113068,0.382854319710251,0.623596891428837,0.9857189846678,1.197562556640426,1.214016988896567,1.0595212150114808,0.7453680961201055,0.3261555635299846,0.08315289997213546,0.3083399126663111,0.8309083907163696,1.2959827140032807,1.5120912612469992,1.4429142025475121,1.1196862980684232,0.6590383657345436,0.2887987893783879,0.13367134692812943,0.13468798406736437,0.21981551021957293,0.3677533490084348,0.5939365637991708,0.939538896321425,1.4494925771711864,2.086322584706786,2.6352544009432295
0.05605183876046026,1.2733052176218553,0.8023097894253798,0.8661104813199355,1.3271700472567052,1.7343581352672373,1.8302269167846625,1.6395697102921956,1.2900147276470293,0.9106297990766882,0.5909006439090931,0.38122809614724834,0.30328691909464056,0.33760634384231036,0.463390029872814,0.6726162734879717,0.9579140306126873,1.307185726832045,1.6885108105592441,1.9948737620475319,2.0283749089771708,1.7339732777019776,1.3069038051595534,0.9037037570192963,0.5584120502660628,0.27571462158423987,0.0820126153688769,0.004641290165408861,0.005219352208362329,0.02051670064911298,0.06653598611946697,0.19771185344448514,0.42378834675851174,0.6613302384255966,0.7380049952119926,0.5924755292120103,0.494936745986633,0.5592340421710915,0.6118918214423182,0.5743314936004544,0.4633252856525464,0.3010934861400649,0.11225857301078715,0.0008206695703129912,0.08941012774459206,0.31582853660878196,0.5795035942034272,0.9097840000017279,1.4279373638173758,2.247875886600624,3.2784345278903,4.001693061381746,3.965073531794383,3.420123995548039,2.7752845733893765,2.1990765723363896,1.7228223099453286,1.3318611070236832,0.982253699211731,0.6296526692944203,0.3208450016249974,0.1578411435926721,0.1275110713381114,0.15169061737484024,0.18705941470340526,0.2401134064133814,0.349963705450076,0.5389671836242116,0.7750949053592564,1.0148505295390402,1.2358862191239792,1.4277727637844113,1.5862880332456895,1.7000700638844044,1.7043898911577788,1.524320339167486,1.2733788085528024,1.1383506922259545,1.186044012262199,1.4390284861756257,1.972422333404633,2.9174390242184223,4.219473620998643,5.191459979905242,5.115091989681112,4.207519193036551,2.989965336448254,1.756741693721639,0.6766332906038462,0.0493108849824972,0.3416824954878789,1.5132547272635415,2.766240804119983,3.565749050358228,3.902059810749112,3.940650177816569,3.862252412997078,3.827341614687343,3.9341094074900576,4.132461633953076,4.206938983798833
0.056161872192468626,1.8566861375230517,2.0748858780017057,2.287991659497025,2.4485859828902394,2.617163351242491,2.8777761253425487,3.2535970216167134,3.690623546938113,3.995620562827456,3.727426171010653,2.6213117471472067,1.3806941545741822,0.6259823834828764,0.2852744173324536,0.15675295180285978,0.11588498466482454,0.10027115748812471,0.09241395421194286,0.12042876959626587,0.23250837694111715,0.42936402141972946,0.6891293367805063,1.017328513496744,1.390150550865058,1.7142298449150195,1.8472548551092862,1.6807129419543356,1.2944889057646143,0.9183881474089373,0.6625289348534369,0.48897843412752995,0.32916035374675984,0.1777334578300462,0.2392007352962102,0.9267454073586852,2.044373960873107,2.7334872140216335,2.7914129081435815,2.4944145947504315,2.093221532273962,1.7013610015194114,1.3084780461740453,0.9086319541838171,0.6449159899305072,0.6233045985949778,0.7999567576390126,1.1252849229097504,1.6137193102856129,2.3077422945818733,3.130190620788887,3.7263206497020334,3.8019657592193843,3.5302312957137403,3.179404528923888,2.872253312704793,2.6704862602052915,2.640121389019479,2.845691399809909,3.2677815608014296,3.7117381604152575,3.985256737717031,4.064812144467417,3.95320221163692,3.635663105268784,3.1304477864267657,2.5208329387001913,1.9342815761344863,1.4462708369697967,1.052838368401586,0.7339310614495018,0.4729713896601753,0.25252876743427183,0.0911098094439982,0.12097101434421949,0.49373657207816657,1.050683354673082,1.521262078646352,1.864591085781543,2.1552467498617314,2.4161060339277567,2.5288352784602273,2.2180686833468983,1.405085552390459,0.5907746110406643,0.159549455267967,0.035387845978292656,0.07152728540046323,0.23342128129348932,0.5783597176506835,1.1206920560632294,1.6602224061711992,1.9760355822997093,2.0625917208242996,1.9834596415365229,1.7622371108683437,1.3993564194428623,0.9278449870799101,0.4998111412580016,0.42640135059729556,0.8980029965533975
0.05627190562447699,3.772767209778728,3.171432089108693,2.219838671893724,1.20172719671905,0.4932224077293506,0.15316950855073594,0.04609137327064669,0.03390199032726953,0.029777283347811937,0.011935147967050313,0.00892522065536908,0.03136882532505404,0.07981766890358775,0.18332684107500732,0.37008635690508496,0.6413124987807073,0.9685049624830516,1.293061892587346,1.4994891078530272,1.434688128406,1.1304434650077997,0.8460607759694434,0.7637183148525116,0.9063364138316949,1.1978600504736092,1.4631040153027706,1.4520113451768677,1.0938430919802644,0.6448772908335282,0.32784648349414747,0.16472709005631267,0.10173230294491833,0.09322757866180291,0.1259948334657629,0.20209223461548032,0.2643068351550229,0.24250081899003237,0.1639305227749747,0.09150731931665379,0.06896675820521114,0.11895814997505134,0.25744020530388484,0.5094401565408889,0.8973226067658356,1.3939746895836589,1.9347029074877102,2.4586914026921742,2.8948449905402702,3.0976612453984975,2.825764568883633,2.0330831353234364,1.1944004315396852,0.7277771306398285,0.6427347410283007,0.879969541973108,1.454469750338793,2.3996270406214966,3.6048679584910306,4.5009740123069495,4.265811937606937,3.083586997947683,1.8829662334130983,1.1014748167491095,0.7244390578580163,0.6202112848011783,0.6348994669329346,0.6212824362380467,0.53430696933193,0.4331174268584934,0.38160710554269467,0.42353882644430174,0.6194399094647355,1.0730037769128544,1.8181372232992226,2.5467906075519755,2.8666967979526423,2.8167739674454566,2.6063782064253007,2.3477566726916828,2.0478087612190117,1.6346963044510363,1.0283839751775652,0.3738051639441722,0.05169359624500789,0.21453544190528573,0.7925414121353679,1.7607769608955766,3.168177276108907,4.895296100626267,6.21969382875746,6.235651320269674,5.186879058600785,3.9202485449865305,2.8423684759360257,2.0055742327233252,1.3777961862911199,0.9550470264151832,0.8112736800895958,1.0840913233840297,1.7652916048727425
0.05638193905648536,3.9497427421808604,3.2910408489003573,2.2910253962258467,1.2818935169499261,0.633954176445374,0.3737748008226103,0.3622415706466846,0.47774752869758275,0.5945273571926015,0.5162824639907343,0.20906694090874395,0.008732681841861014,0.0723559146232151,0.3269260318616794,0.7269618033873356,1.2599663744918048,1.887730333992277,2.497570882986078,2.873587674837112,2.8524936021893095,2.6715777111902836,2.711811344511552,2.9961063198277897,3.2881424172226486,3.3120587463685474,2.9022393809385716,2.1665785768336634,1.479361275928989,1.0764365706167813,0.8957107283899082,0.8406505154334923,0.8888239775806186,1.0782184676203916,1.5194838139602076,2.3431117145499454,3.460986791055639,4.656994299078999,5.83770749905994,6.838463951888098,7.2979864503718845,6.677294266137967,4.59164808714758,1.9117740509380268,0.5789125768992784,0.815721905447875,1.4508112939181679,1.7528177806355998,1.6230706522747926,1.2511460558432954,0.8977469906847199,0.7746028159595545,0.9173180531533517,1.2078087675238145,1.5349175497578944,1.8203632223011639,1.9693189757658274,1.8415320837057807,1.3057140647597194,0.5156516619585059,0.09462984686988128,0.30505463761989293,0.6521258738855784,0.7537357507562591,0.6466071641122598,0.57984170801347,0.7703447105416262,1.192365221956102,1.6482791186403276,2.031002413318589,2.321904321000095,2.4942711524372156,2.5000433066909844,2.2821885428733957,1.827850609535325,1.3108971732710446,0.9772994691755724,0.8469311793262876,0.8418718596186228,0.9231061129277712,1.0553216704455144,1.144161453781878,1.0350704955252619,0.757302417857727,0.6461716038456425,0.8229420287813339,1.1204132201116108,1.3650216996091329,1.4393653933745563,1.266693764880727,0.8754216020795706,0.47160117926745976,0.22578240763097276,0.11277121109487113,0.05603019158775919,0.017326624783423956,0.0012020171165964843,0.06149641304861059,0.3155440845263505,0.8883041631659577,1.704850139925659
0.056491972488493726,2.085931909402022,1.8934510889427432,1.5970160280579542,1.2499788580306301,0.9403839697686003,0.6885209206853345,0.4741379277584465,0.3050959649686717,0.24888936893593214,0.37329976524299185,0.5891410901252768,0.7402739717109386,0.8379123283967955,0.9322956664551653,1.0267789786622776,1.1088692653752308,1.195200965524601,1.3837216950242164,1.8544701153588516,2.628639356766203,3.3044420348019616,3.517213273090516,3.3141650770988003,2.8883053136965984,2.356885444443082,1.7298407249516765,1.0239889633411108,0.4170869539539285,0.08738640953174368,0.0006024419301867562,0.04295636929219933,0.13638647326517336,0.2413685957630967,0.40697741093299195,0.8697815486225899,1.718356279648704,2.56398899540712,3.1560302967246825,3.4926547962931904,3.5828037055330997,3.3588378271602193,2.676620369557319,1.5846138729550643,0.6126336998156898,0.14394449123940542,0.060148415220683454,0.12482169423586989,0.17153280608968124,0.1302966531218652,0.059556517036246724,0.08296847992491987,0.17985374825242167,0.2356352830750712,0.23107304145077895,0.20214620099807987,0.1767492545439787,0.16939674082402034,0.18979669771029517,0.23089234504687742,0.23691296388224686,0.15903353610342605,0.05064163418489857,0.0357984454369231,0.24933987129736768,0.748077182262755,1.3469452066844179,1.6708153344730712,1.6213643513752873,1.4309301519922977,1.2821328009475985,1.202660574630401,1.1460360764501334,1.0808684784516172,1.0679884069104024,1.2162490859871435,1.4894236795437146,1.7476445510732306,1.9059693337825092,1.9421299121842084,1.8620411817222928,1.6717721829848449,1.3696823737128443,1.0119479580670672,0.743227878171903,0.6361533934424353,0.6559397105101752,0.7414872834268558,0.845470935879408,0.9568332210428498,1.0923517921422103,1.2249235641011553,1.2853243001795254,1.254573553438937,1.1520489496304178,0.9910292220586074,0.7718788285529359,0.5039345088331517,0.2619794162657698,0.2396472118162765,0.6038291335690168
0.056602005920502095,0.6684434101508981,0.7274102588586753,1.0004034378852134,1.4595470062942102,1.9312272977056735,2.27576764718363,2.4620053124103554,2.529368994358553,2.573541298140942,2.8204308981214137,3.5980549356231286,4.852062354113652,6.1954774726647415,7.384879161210402,8.272910654932085,8.68943178582849,8.414015134841287,7.202604753453982,5.008178160244438,2.512128042624259,0.8834278298309582,0.37859900180137945,0.4539118256377294,0.6904045057582239,0.9988906692205021,1.5337077455649322,2.4443511460320564,3.469156547005948,4.1565031680324624,4.4535084409768135,4.582434951566522,4.772805160388967,5.199901284589388,5.861049228736768,6.220678519463737,5.6016596338419955,4.417814786240984,3.307641216047955,2.3720323982868807,1.5173079917742038,0.7180089848140861,0.170839514128737,0.2486522319791923,0.9107291022035581,1.6260144863155777,2.0609341139218933,2.158548804176097,1.9507014915194676,1.4979101712170737,0.929784639071034,0.49573871914834544,0.3749370110935226,0.4746423099350579,0.6460001653852087,0.829138665053301,1.0144133756910418,1.202005816960561,1.368258482411352,1.4140907454467893,1.2245696354308022,0.8990326705814546,0.6607859660522577,0.6098910323927931,0.7154506661752137,0.8554540747955254,0.8662123747030659,0.6892851424864703,0.4457633375975486,0.266161720771595,0.18781360206638598,0.19330252071463663,0.2459438978937402,0.30682710811766617,0.3351201856474729,0.282028697004354,0.16442555896065564,0.07078051941330928,0.05726097628215133,0.13376708312789254,0.290036157859976,0.49960659020177733,0.6915535580968915,0.7477162565033846,0.6548012092281831,0.5682833957710314,0.6781667348268823,1.194345101327622,2.441693820610234,4.816053411462287,8.11599491023377,10.885453860437654,11.970051249706733,11.638416931369518,10.455577943057833,8.699863833090253,6.512565297218323,4.104984507080959,1.8965650111495223,0.4997619436127942,0.2497131960519055
0.056712039352510464,0.2916781160417706,0.5877927413564142,0.9617414964204649,1.1797719967308908,1.1099706544315442,0.8290737115761418,0.47304892192695724,0.16071212939360355,0.008708470571343186,0.12196887032471446,0.3954444214158244,0.5007615034214241,0.3744197446367705,0.17841495717990052,0.07579039053080797,0.20769428919699576,0.694346558022518,1.5718751484485352,2.5857150378866613,3.0475425125938833,2.568543937866875,1.6765390822074946,0.9420317803834074,0.5123210526792155,0.33030966517511834,0.2890293760891135,0.27777611432266835,0.24663040651081103,0.23839007893600853,0.30499011569013146,0.44857727943172043,0.627632272087259,0.7769187148471607,0.835757571049238,0.8135424963901342,0.8380421470275576,0.9882305294420114,1.2251596717607225,1.523652316121859,1.9043744329753614,2.375085168778368,2.7860523877371803,2.7641384667478937,2.193745108325326,1.4510064910219427,0.8285859465118712,0.38762815922018734,0.12306164888791461,0.04893830769500373,0.17490661953321612,0.3895741352624571,0.5058308095836459,0.5157127310378244,0.5399655683807542,0.6763010382084049,0.9884858455391138,1.5252688777133199,2.288588868489704,3.0804617338623723,3.4391966993652776,3.1666975715271266,2.545219519524887,1.8515662780803388,1.2397850860944863,0.8661621449214117,0.8874007821997454,1.2579487804758454,1.7038251175649373,2.0442248082294645,2.261941145867826,2.3492440903147314,2.239786294438144,1.8745476725498913,1.3989399202851163,1.219105415496741,1.509566570494463,2.041454589793978,2.5746465686407762,2.964359995254896,3.0894273485042527,2.799203300976608,2.0029522884119793,1.0314220596512893,0.47040141845595496,0.3731521934921106,0.4674020232887063,0.5498057545626066,0.5167607613841849,0.3895683065982252,0.35700037489281844,0.5735788280515652,0.906994778129456,1.164255141575572,1.2758435222696531,1.234835212537984,1.0514202066880483,0.7662967218746113,0.48885741258495236,0.3889284462389663,0.526790661993902
0.05682207278451883,3.193938678830682,2.468235413535578,1.6155530633540545,0.9286839319849695,0.5732172808013085,0.4492966063515468,0.40632354290844863,0.3673861974696188,0.35362165820501607,0.5146136386360153,0.9953519794014025,1.6137204624149166,2.125637437357492,2.4834375797630117,2.6941295008857917,2.7541531072056293,2.65621265150374,2.3867523114826152,1.9236617548198833,1.319387176508624,0.7802387297059848,0.4601877364553088,0.3389994044849965,0.35597428114370194,0.47953587230141875,0.6883682466647658,0.9372472598007435,1.1765562397776712,1.4202194301566844,1.7160565976781512,2.084487223785373,2.5314807682025546,3.069938075651641,3.643443363484127,3.899669957146598,3.4629460327849086,2.704662423604123,2.1146864943304386,1.8065629068633258,1.7563821391027132,1.9309740172288672,2.2330078439958636,2.424049101701203,2.371121128492424,2.2284038516191105,2.1124625357135414,1.9932591669099382,1.785317630493298,1.425440459257668,1.0189481281894266,0.9525090611129324,1.4221695839953796,2.0355203591200803,2.384256304573102,2.359877080897726,2.0220969774435082,1.4921673830889637,0.9625710323328239,0.7391892877050754,1.0166794969726303,1.5265957269273558,1.9146697475103127,2.1183875121525304,2.232337986193045,2.3717356663598244,2.6119734433026114,2.919350878593748,3.161128747435149,3.2216786628581344,3.0384625045331206,2.58188810826376,1.8683082347337554,1.0185595101028888,0.3407116416240645,0.15740892975041662,0.33941642428630986,0.5475991445525977,0.6781390065659151,0.7760158011370885,0.891147998632016,1.0237690068992733,1.0812918346691054,0.951871192310217,0.7319384586925006,0.5734122012574865,0.4821259156307842,0.41394552449606165,0.34001344121806887,0.2590853372508869,0.20194052355318734,0.1914727629263582,0.1974545356966224,0.18388111524155548,0.1450141525354378,0.09165172937888602,0.040445525011162546,0.01633871067143354,0.06004259344633337,0.21451262671542362,0.4546444907071802
0.0569321062165272,0.2076294187848148,0.39767526294394373,0.8133284157606632,1.2295244711969338,1.4020039598922658,1.309661812613528,1.0517301996684865,0.7215533441060415,0.3865207936692134,0.12624993673190002,0.024539883046838636,0.03239441841617275,0.04433573386531616,0.03828792591757777,0.029677907535793625,0.030978688471790965,0.04564933625012496,0.07214895065524432,0.11389201022012674,0.17698220573020312,0.236592508838261,0.25391789395332875,0.24067433034909663,0.25121297380598895,0.36908615803928224,0.7616782046461286,1.621816693644706,2.754323883266551,3.5674466036804757,3.7899556303931945,3.5895018058427843,3.25305608760641,3.0217534902705165,3.0177709443038445,3.129532662232267,3.0932170043612417,2.91655340188099,2.7479310792254688,2.6308823604484477,2.564312417008212,2.5345776927644454,2.469030608393665,2.259027059430262,1.9916189625711593,1.924023936525151,2.2010511576589002,2.866425295359121,3.955805394750289,5.46445927196452,7.109651335470368,8.146795356772046,8.120157209346234,7.463492486296738,6.673930899102998,5.934653664582773,5.313264112534613,4.852255405751202,4.510373043134388,4.075102219594944,3.336731453056046,2.4655268672455124,1.7534747792627223,1.2834731206579826,1.054765442117478,1.0801746028148396,1.3109012629475,1.5361669680093706,1.5510308951962082,1.3616948581672952,1.07377449392309,0.7536241740224215,0.4193912867971022,0.12280670099041548,0.06804425835557172,0.44576947855158927,1.0000030110218698,1.3520245966952906,1.4234285283711192,1.3013535301741714,1.08111587098465,0.8271823803811588,0.6030988043121456,0.5078867652238823,0.5862648685958047,0.783150086124992,1.0393921460311841,1.328223574701607,1.6672373604272044,2.0816960525745967,2.4683297592417377,2.5891703009135796,2.3967812110062363,2.0553670965576902,1.693489344709349,1.365526130700689,1.1021669658330397,0.9353510341332958,0.8979919458593487,0.9979918664000119,1.1658451054197876
0.057042139648535564,0.983044919532267,0.9248319666153314,0.894565988733075,0.9378161879285668,1.0531241286110693,1.1919863423530486,1.2934906980893468,1.309215991486815,1.228573339200118,1.0691168400472568,0.8759462730763414,0.7680056985090736,0.8021883485662037,0.941268124724407,1.149278918450672,1.4239631345194537,1.8091956342038376,2.410152299368683,3.3379432420319675,4.43989769335963,5.164933599905625,5.136669216472089,4.440775944489821,3.3286100055550585,2.0473528354283115,0.8717284959728768,0.16737761443938923,0.16459447270338834,0.6541030732150034,1.3169550497614897,2.0416797716452493,2.8258701845682785,3.61254814702033,4.109306314276848,3.772021735079216,2.6516533931828423,1.5990464530817576,0.9573858910858857,0.5973327644235731,0.3706947092214938,0.18972966480619763,0.04158662913788359,0.034137286717641886,0.27432265058254257,0.6846781862723805,1.1332605111866056,1.543605557347148,1.8817158860659142,2.1491348726520307,2.367812063835088,2.504140955531401,2.4580298869530295,2.216625827370452,1.8628005751512797,1.4759726054140967,1.096916445646808,0.7245872351145649,0.34730064424242063,0.05361270605011691,0.05594869291829164,0.334668329447387,0.5871194349714001,0.6335165242737707,0.5227466624271144,0.4468013790467206,0.595879539156044,0.9312829167554255,1.2115608466183652,1.313397046512355,1.2867258758380422,1.22976826811103,1.2326169581448458,1.3522108046033698,1.534321942915594,1.5803980693205153,1.429840934329126,1.240787458553005,1.109123791681315,1.0186646198027627,0.907295540024544,0.6977547223576476,0.35993691318595794,0.058079223344664345,0.03808326452945214,0.3081205367424677,0.7454116142895442,1.2409972550134507,1.686076242646499,1.9317428871643558,1.8233434330551728,1.4119439300366123,0.9652222283069154,0.6419825220764702,0.4516963059262685,0.3795287340688288,0.4306382035458462,0.6284074507143835,0.99909911797348,1.5134588902992012,1.9984436456527976
0.05715217308054393,0.35579586649238787,0.2322758261988396,0.6377673200204554,1.4775605144663726,2.295564404861435,2.774799402097124,2.881580258267503,2.737261116372331,2.5387729898252727,2.496150516138,2.673447852596971,2.94116705610385,3.2057813053014246,3.426124604989073,3.552235320130588,3.54755284022262,3.406890317415797,3.141980877187226,2.764791598125204,2.337927458058333,2.0167879109318982,1.8900493508785379,1.9112034902844077,2.025038713662563,2.227549599174904,2.517572509826891,2.782856438080854,2.8018663641083026,2.503377886647471,2.0127515276050536,1.447058317497441,0.8649979603234029,0.3414458198343017,0.07766543752383356,0.33072206627698386,0.829772216748732,0.9843202869554515,0.7867928616256216,0.4955100005677469,0.274738432599228,0.1801999680555373,0.1799465599471901,0.17010155045461722,0.11694528382369496,0.1442178443570213,0.36955999255456745,0.8012684228310912,1.3128144932951102,1.6260535431163468,1.44848516557992,0.966134860190161,0.9330423592735235,1.6723221982315872,2.8971250444774026,4.281607411909606,5.629495746841932,6.796250037449561,7.531162327651679,7.370691841898827,6.143137335799186,4.585063132105895,3.40198373900985,2.615454022403333,2.00358711723237,1.4500500171699948,1.0427854608296057,0.9134637312641831,0.9768802213583789,1.0429268709688666,1.0178104786128137,0.8944259535772693,0.7073571482108026,0.5270597997138936,0.4372849725075361,0.45170431776633296,0.5161029336995154,0.6168671056208375,0.7642616846079143,0.9351284304680758,1.0425024445607438,0.9211993543811966,0.4682777245001408,0.03736844909160914,0.14075549717322158,0.6212306700877234,1.0452019454352983,1.1668856150589757,0.9188145295312934,0.41885504750286856,0.05387431481199496,0.19680733602704728,0.7165571321206182,1.2893034389224525,1.794592429968703,2.2634426992745644,2.776551473432773,3.4177039443711106,4.204931099982742,4.948281844458222,5.242786797831751
0.0572622065125523,0.9675824310507103,1.0313106040772162,1.1144314003622444,1.1957410679374343,1.2983369352136311,1.4807398260787958,1.821293506825941,2.430082851681663,3.384247966148493,4.375223912436984,4.527537702556115,3.7050778077051834,2.702676932386984,1.9197009758877825,1.3609363488230564,0.9612226814326136,0.6727490701722234,0.47503458153858874,0.3939606639648828,0.4902802372330734,0.7301012066580105,0.9618334167057417,1.0959919143537515,1.1509790042783639,1.1895015667072317,1.2662540043996262,1.3931278574250259,1.5414467205528601,1.6961750522251375,1.867212206288348,2.0571023439018195,2.256291978164027,2.43588805981568,2.497634692857763,2.2656325630815295,1.781450188183026,1.3695246380363468,1.1542687611414812,1.0652146704298804,1.0017571229037838,0.8572872404819148,0.5566672141249566,0.20846750123190053,0.036557763656779374,0.018930521515851822,0.022768687989991678,0.015893824205762696,0.017078776105966115,0.04714186121550182,0.12685467234601777,0.23308285826574157,0.2737083313460282,0.21178245445123686,0.10704135253418892,0.033630870728492954,0.027405139943528462,0.0640553866897805,0.06668361824844134,0.015019393195502228,0.11968186739434102,0.5919623387776771,1.2939009214237247,1.9545406764002744,2.3637088241720763,2.368861632661287,1.9282324268920747,1.2551630114919408,0.6832535042753436,0.33630823613591604,0.15542732052322764,0.06459555904848724,0.021226134756914865,0.004363040792617525,0.00025910877259048884,0.0013678587550129643,0.009539016405746455,0.034350958119696594,0.08532253568451083,0.15841703234096624,0.22648089615160394,0.24576675525036445,0.2103047460408525,0.25226431962150764,0.5088916255910945,0.8617949247683965,1.1001654297961474,1.1261325611173676,0.9746674013052699,0.8256469459257435,0.9903565310866168,1.5829511046221634,2.2902970699541876,2.8078729753525664,3.056552991327628,3.047235620327112,2.7974329024387967,2.3328639682087617,1.739014154947602,1.230145270859567,1.0579551399325162
0.05737223994456067,1.4097470487725634,0.8736280020439152,0.35036733676152576,0.1358004110862165,0.37419112835879764,1.0569669530197765,2.269794102187496,4.306531646116717,7.491783347844972,11.229058481977878,13.192990043438197,12.492005995879689,10.90769129340217,9.55361087766079,8.466547589410615,7.370762300167386,5.9624609429765565,4.04069400643661,1.8267926649684796,0.2650408090936814,0.11122875920285016,0.831600816352241,1.5875495006980163,2.089500649306298,2.422244669419999,2.7556175250627635,3.1406301208547482,3.426931874964223,3.500104060762569,3.432539051630379,3.312482054390818,3.142985646174203,2.832729579695053,2.209385314893287,1.263923883048243,0.5038768014602615,0.2822201134102629,0.38486268349703645,0.59013950954284,0.8214438829461825,1.052144479649029,1.2191390554074661,1.2015175271822736,0.9733556780442626,0.6698397187851204,0.4120977936524987,0.2519216353932421,0.20483709081333343,0.261288388528788,0.3681894066308341,0.425432642141285,0.39963545988656335,0.37547049355157497,0.41882942625269826,0.5300240225474014,0.6717400343850564,0.7709590666280259,0.7071144364403804,0.3973726178586295,0.05368337305605325,0.05850004593678038,0.4311765196572539,0.9260124647912653,1.334757109143494,1.5451624911536614,1.5132965504524534,1.2740164948202843,0.9433667319315802,0.622527693684002,0.3487312112840955,0.15490101418178262,0.17643833513509957,0.7493850318431016,2.1717833928101364,3.867124789169971,4.714557852813788,4.559295299025326,3.8673078940146968,2.983347570875065,2.0767545241096905,1.2597691930271235,0.6618937912703728,0.368850952692673,0.2845570796100953,0.27992934755987825,0.31432955506504934,0.35215557333153696,0.35053821376174304,0.3118237133980097,0.30899693032928216,0.39397417460599266,0.5035937062116239,0.5675783373182538,0.5830509221141681,0.5830774715681801,0.6162616019756301,0.7540249604774236,1.094510938542029,1.6915438250557044,2.388214092514939
0.05748227337656904,0.8841356501364617,0.3333628508770428,0.115911927790075,0.3339598400107419,0.7626393892617581,1.1186707651388383,1.2806263845192625,1.2739932657293447,1.19934602924645,1.106961411664792,0.8737667706115602,0.4632183663726553,0.11299664441481953,0.03800339282124726,0.3321054574554725,1.0029768796586458,1.9652590530922238,2.980217597720226,3.581711335168244,3.3167356749906567,2.416184383118289,1.5533209097518708,1.0034797792099253,0.7014261743736832,0.5530035208147392,0.5973057393628042,1.0485263569298013,1.9804811711679466,3.012553738174459,3.7108077726828657,3.9180453953535217,3.651292045426803,2.9750907796151,2.0125169165429133,1.1600455353935875,0.9785265120945493,1.3853630841871734,1.9414077918671149,2.4563200372781173,2.9099316180091854,3.268905979496288,3.3486870525901296,2.916689933175131,2.159244302955444,1.5055218620619006,1.0806974293207874,0.8070430302051542,0.5986317558680605,0.40764946886072256,0.24419817693115195,0.18371686847042024,0.2503047292013246,0.33772265803187546,0.347954321132777,0.2673001810411063,0.15216508534189968,0.15187646393569068,0.6001055482064209,1.9737287975221915,4.221537563211077,6.352399418778336,7.602861072869458,7.944124661589534,7.595614073608339,6.74334391117092,5.554199192139974,4.342418922022092,3.4568603893783902,2.9615260809772375,2.6886277874585187,2.433881813097589,2.0329293486622295,1.4036954978002878,0.6634323762485574,0.1546334945695097,0.018683391655727407,0.05286857847333322,0.09343376739824295,0.11584945108970997,0.15469964497516067,0.25531796027594006,0.4350055513610975,0.6304350819710592,0.7684718875688574,0.8824371726263689,1.027066520670837,1.2052916834069722,1.3808905393459716,1.4890385975102396,1.4487109412225088,1.259691606681514,1.0441466988277448,0.8971317356901941,0.8356449314704936,0.8570625030947822,0.9791388519797272,1.257186377164014,1.77458915865724,2.548677261652512,3.374133323968452
0.05759230680857741,6.852235618461963,7.518225071818095,7.401193060170882,6.314299259721686,4.778979396679237,3.3111592454849483,2.079231302433141,1.1249719171412857,0.5851961125672401,0.6903430930001815,1.2724207380747607,1.6174032388402404,1.4763803885452718,1.079710672825807,0.6517510883677058,0.3201763088108258,0.12566137577539488,0.03356480964065554,0.003767378092510116,0.10656401547984487,0.4365558970448326,0.8885240997312611,1.2902295023812191,1.5911931882319448,1.844757075557375,2.1179272479511466,2.403934377954938,2.6214976659215536,2.7410211851034583,2.7858052823714416,2.7131584152733694,2.3951980261885253,1.7029362445436893,0.7222155011247449,0.060370154278183694,0.32895074698350985,1.069928509245713,1.6516783988179495,1.9809883787398117,2.1883718040534372,2.376745140483262,2.5035938463128216,2.3998421355902275,2.0655456153908087,1.6989870728735639,1.3787450348163226,1.0625371000560904,0.7065553052357489,0.32516131589831393,0.04096642918586359,0.06462592021801852,0.44513836765089,0.9869737025555118,1.5226772991162512,1.993192706461066,2.38627375402698,2.7058012185203855,2.933796307180277,2.9425771927554347,2.5414746494431695,1.8144529105759968,1.0807830369461646,0.5438195750120182,0.2516572221227916,0.17097687858694477,0.2294457251216072,0.3631256829509669,0.5426620839062752,0.7355049468225705,0.8811788821975093,0.9137055534220723,0.8012893077679406,0.5878731741768067,0.4203748932193684,0.49154169647181006,0.8507950663278486,1.3898447023872917,2.0413324633270897,2.8561435188068383,3.9773551760576913,5.545175074909516,7.35489260226174,8.522638298724944,8.456999476388098,7.648029745510117,6.681459333121289,5.775034288242943,4.93424984595128,4.078184937198567,3.159993512038092,2.321617975665923,1.7552791652936723,1.4602692998865208,1.3300621341868804,1.2738723746276626,1.238096109789517,1.2047146061035177,1.19972089979114,1.2941708346126712,1.5373347401465973
0.05770234024058578,3.0340155729635305,3.632133031900769,3.9390733706886754,3.7207812248475376,3.120998054687192,2.406485634373209,1.720895087110623,1.1123991960655146,0.6054235697770969,0.2415501601897827,0.07895866016481295,0.09688237279554054,0.2029824745326281,0.34719832430792485,0.5187718824008829,0.7024745384968412,0.8463430362681055,0.850129456913696,0.6249500735408726,0.28021771803081985,0.19805013726266682,0.700782618562981,1.8075078033029996,3.2300738223327303,4.362364675697887,4.41912270294992,3.093247624785187,1.308892900459396,0.2678126575603825,0.07346974243012867,0.23837963302654946,0.4021243637826624,0.4292440310904716,0.34661124040856084,0.356001901720072,0.6886410047319664,1.2475260282184433,1.8097692339153768,2.276958611129865,2.6154548191138405,2.780758467515043,2.688903693403654,2.325913201268626,1.9281250712472093,1.7388774011913941,1.7588434615356905,1.8757500945980934,1.9648801591281138,1.8850086072101226,1.5017781923112796,0.8889955897665949,0.4215354356641052,0.32722714089688304,0.5294072869076213,0.9047131574101427,1.3808095437197696,1.8954711511944515,2.311428721797194,2.3672612774047197,1.9449814337599554,1.4013770587965293,1.1144156676846484,1.1252030993333826,1.309121764909526,1.4920971183600225,1.4879940206581648,1.2342283363397974,0.8746031471954352,0.5676397289845331,0.35810907457595953,0.2299036260479026,0.15820377368886784,0.11622482871927566,0.07134623244092325,0.02282256128290577,0.027977564717983044,0.13001285651234568,0.33566931534059125,0.6387195596091142,1.009341803504114,1.3454467892841606,1.418465446060105,1.0578678061757856,0.5243106965591138,0.16782660545993053,0.0262436556122716,0.01192407889840505,0.08878652214231816,0.2997404715218717,0.704291370729607,1.2365657071610665,1.7375960576026914,2.1480035063304697,2.497984356209562,2.82838269052203,3.172419572115847,3.553521602839534,3.9553599632834135,4.262801428551569,4.299577350860067
0.05781237367259415,1.3364886257994277,0.6561998657004146,0.3664748825261483,0.5959578367856059,1.0695227876402083,1.420440086736027,1.452504083772813,1.125613565081926,0.5435534100072932,0.08292591269619301,0.3197265183435189,1.2090371616153663,2.167473867369389,2.8864239253214556,3.2903822155801885,3.3489382053318146,3.0470488525821597,2.4080256608023,1.5457399857860339,0.7375500706688527,0.27781252982918,0.19398013327325517,0.3904105847652419,0.8595837529814613,1.6472630484240243,2.688928728224676,3.603584328526995,3.880744265406242,3.5263164349762546,2.948098754903532,2.411787610562577,1.9837694731399018,1.665896097112511,1.5105054014243589,1.7027383597013726,2.3266725058249134,3.0770454764276063,3.6272579885579472,3.788351432237615,3.4034331351006846,2.3850052615752677,1.0049502355797144,0.18910630030990505,0.5886523398625663,1.553387128028604,2.222398165121383,2.300406160710264,1.8591014291487555,1.1117741908834078,0.3886788576334117,0.08985580309749792,0.2683603834377595,0.5457606702778368,0.6521126813954198,0.562411931358044,0.3565103428919458,0.1787092994265435,0.2958025918203492,1.0542030740935326,2.3701032423646717,3.456414553760224,3.7450839524778123,3.2743683861084754,2.3236825717689706,1.2653926326187561,0.5498834441063397,0.43033330809822806,0.6753424318177123,0.9131741684473745,0.9924061537539544,0.9307000142698717,0.8005952825473124,0.6758266703393,0.5748369218730428,0.4490573082658534,0.3099854628392558,0.22180340797201215,0.19667031851419475,0.22040482963602825,0.30156688684591476,0.4883592900217449,0.829313027123749,1.2475438693508438,1.5533617611206942,1.6682728122791672,1.6427555971393248,1.5765493325159676,1.5854196788459787,1.766429352514432,2.095875464412235,2.3633388416515797,2.4105757174856843,2.279292909869606,2.0511586765660677,1.763837624271802,1.4261283262310311,1.0434901472462843,0.650739749843788,0.3541291475801969,0.29250503072120787
0.057922407104602516,0.12794169816045692,0.35469713259309366,0.8646223810177535,1.5178413389584922,2.0294380631552316,2.2123872708939936,2.0006888469709665,1.4293544430776686,0.7088050243766956,0.2586753977012497,0.38459098430525535,0.8201952421390905,1.2003612308468181,1.4452298220052757,1.5707926783017987,1.593324435668904,1.529153772486474,1.3914093078854768,1.1815252150683386,0.9224451296135446,0.7044967270493588,0.6068479552539664,0.6293390720590771,0.7347139562061554,0.8857799132917977,1.0633592967186534,1.2750830386242906,1.5590527272586223,1.962652604882355,2.4836310141111846,3.054874409473427,3.570142462292017,3.8929323268688014,3.8499089066345684,3.3336270871245524,2.6101795215044055,2.0870808843274364,1.7953590740171088,1.5920858287152437,1.3746582430038292,1.1101863704263415,0.8496319067757027,0.7013109054709813,0.6721010213135531,0.6561991686463635,0.6042220703668197,0.5202450073952979,0.4027789189396931,0.24954485061637677,0.10690717128715022,0.06856536904691962,0.13545388157748114,0.2156350041400228,0.28850158530107733,0.3904206162069712,0.5311894845496333,0.6683596272045689,0.7349291383678642,0.7043850122320627,0.6290090035527374,0.5626923296860178,0.5159029455952985,0.5063045310955883,0.5595362962243973,0.6828139544319602,0.8449883458503912,0.9792842676937489,1.0395009544400036,1.034249699975966,0.9950099855050019,0.9490280925720036,0.9050937555047713,0.8301005795399089,0.6537524124133993,0.39455417555663824,0.20453490517814218,0.14493798890730897,0.1579104659749092,0.18367953133357215,0.19875770105842272,0.20866912253697575,0.22715584436742361,0.28520557113498823,0.45964277004849413,0.7732425578329354,1.1550053790811123,1.535621381424983,1.878406819314421,2.1265845748206793,2.161408264475614,1.9291983800832018,1.5733792073339548,1.252905587563137,1.0185417617118315,0.8685108011423069,0.7953136782229064,0.7934530257440677,0.8499907828104752,0.9268986915642891,0.9624276362006354
0.058032440536610885,0.9788202786006773,1.1330526625745212,1.1471914731625736,0.9512980561180563,0.6269658208462543,0.3023210930890919,0.06792048419457011,0.0077188076867150245,0.23663512908103423,0.8045192953482561,1.4247533703173036,1.7041086002040826,1.6655359787387656,1.48023842184555,1.2429560963121111,1.0014774915249602,0.7843602889112956,0.604076649726565,0.46557659070936114,0.3790719104379797,0.336891922681207,0.294051188198261,0.22006231003819854,0.14155125354020276,0.15351514767432756,0.4101076767429516,1.0008539809913566,1.715643565668613,2.1795701636248594,2.252848788398111,2.004738408491877,1.549554558555368,1.0310928394953895,0.6727480957931999,0.7004280311583232,0.9697669191593683,1.0913609404554871,1.0020874686934278,0.8358557953519018,0.712663210115242,0.7209760638332857,0.9296254837451311,1.3133948748788167,1.6635122872230605,1.79473756638082,1.7369328281847907,1.6401444307014976,1.6489319944231324,1.8107156168210865,1.9879065632713133,1.9163738229371576,1.557609169302892,1.1427209532423839,0.8189081545284372,0.5995155422600141,0.4636509699338853,0.3869366849124681,0.3308484375369419,0.24626768490916637,0.1306296033258236,0.04568524856479681,0.02178675399900508,0.03785629192061628,0.06532183072198179,0.0857565056405013,0.09902908585376961,0.12883357152305674,0.20451984553099564,0.34529065900847067,0.5780395500723849,0.9670892204745148,1.6517299379636785,2.8588507375728294,4.680785029273771,6.585466814600863,7.821001271417069,8.345570515557753,8.470004902294972,8.358377687335942,7.944205060883994,6.898291895531568,4.828636337461548,2.227825908556679,0.4982676609126193,0.02136040941112074,0.20559403700721895,0.5549309444335043,0.8391657307299897,0.9415651882981284,0.809317840572331,0.5318837112380885,0.2832035223909922,0.13981500094929875,0.09083971766738574,0.11395738878145009,0.1974641958339601,0.3368885722713952,0.5223472236758737,0.7129145508515052,0.8289354833543867
0.05814247396861925,0.4244739165014278,0.5570367681755035,0.7380993213813573,1.0010183925432061,1.3370994859189396,1.6771092717456872,1.9170882183606321,1.9366148182042247,1.6277378326900414,0.9918042603440728,0.3405594202978392,0.08748190643692132,0.2078400962990484,0.4628537619823302,0.6940509668811692,0.8373949284477132,0.8951310137376479,0.9311171758141896,1.0697385558430845,1.4091968445992549,1.840606206050384,2.136416486810851,2.2076850659354528,2.096204214779673,1.8676807545327645,1.566253475015998,1.232367533943797,0.9402085404447785,0.7531715824659797,0.6608591422812188,0.6123828045861162,0.5592789259361101,0.483886470702685,0.47164371178937475,0.7596862382795286,1.4030121491834382,2.0688279749350698,2.5666208159449075,2.9180073106646116,3.115022614704062,2.9792940806980677,2.205265496964929,0.9499247389125692,0.15571895470875002,0.2443824100886248,0.7726138160253093,1.2810203947009247,1.5224619685786405,1.3648600401816924,0.8692776674268052,0.4632793301103425,0.5475653619500627,0.9616946034546118,1.3729801931698058,1.6314152752455606,1.714724883203633,1.6421489481176916,1.4611126943691977,1.295894621593424,1.328106734441228,1.5685527766000777,1.8345081944316954,1.9764950074261654,1.9398135923133413,1.7442118654306187,1.478728501547971,1.2682579078609766,1.1872102705552319,1.2247277678209751,1.3209590328155658,1.4093775864178644,1.508132500250652,1.8963276390272834,3.0957010285074547,5.036063281388915,6.606824990046729,7.0672016557070565,6.558375708845656,5.506638583743339,4.303302253801966,3.253343096027482,2.561848834120468,2.213504120105731,1.971257422562345,1.732037892470525,1.592667088352806,1.6595163664888593,1.9822402471734393,2.519120249530516,3.026982535138287,3.160432232443097,2.89036075832024,2.4416796638115836,1.9619575434389198,1.4921113790864882,1.0436156914553045,0.6375652220007194,0.31468448456928494,0.1276360860251459,0.09686965593004213
0.058252507400627616,1.7903568744746785,1.2580651013815256,0.7160962976182164,0.3044322764744437,0.08568114334533679,0.014521341302703805,0.03644201861004108,0.1319825459423035,0.30479648411258026,0.5290663886995572,0.6774872679980211,0.651201191782253,0.5206108426115407,0.3741667953433161,0.24892782663442817,0.1584278394517313,0.11166482885146206,0.11550802854633042,0.16401116137539196,0.22351512723454672,0.25688524404657376,0.2676180317996474,0.27656621121101277,0.2889964756958608,0.2949605257920321,0.2829351339316299,0.2647254900317797,0.28327580857803275,0.3617165779620724,0.4821929024763604,0.6282605083509254,0.8044343035149398,1.0181862830379194,1.2235467413453507,1.2617386727827837,1.045088172433315,0.7692066952535747,0.608993651515417,0.5959498873303157,0.7321847476827092,1.0275715056296963,1.424862183044378,1.7021451602362094,1.6850653296384892,1.4866817848339493,1.2578367801049326,1.0429750437969187,0.8627059466476443,0.8113293771634608,1.1019124295291887,1.8577133967322426,2.7434318999826033,3.287076084854312,3.3550111712694486,3.0229381169228926,2.4041457946734153,1.630184766709331,0.8879209730754876,0.42359636821993046,0.3412059536182148,0.4333133991740348,0.5493907024183402,0.8010974832122912,1.3675004348914812,2.285447143187686,3.2492515639172224,3.720839974089713,3.532155702670917,2.9783754466631183,2.3520432106709284,1.7905967813788297,1.377218291118894,1.2115993933844023,1.2947461248192107,1.3227271611751974,1.0394184962618271,0.6103818051807901,0.2603703011732418,0.07082748648111219,0.06032371284832674,0.27043400068337975,0.7755173017993766,1.5302089441560238,2.266471633546519,2.7802861794521876,3.068710775085019,3.2026440125727063,3.228871851646043,3.1220793525567943,2.806287319376002,2.3125103882748377,1.8199381357118338,1.4402601830618689,1.1637880712598536,0.9436596930248908,0.7379329628167386,0.518745359837626,0.28542102842384315,0.09013518486213212,0.02292312515495717
0.058362540832635985,1.7473035490143416,1.9837256208730247,1.9800616255424937,1.7169745883629965,1.3768195013795737,1.1140825861896233,0.959711860910948,0.8833956040066198,0.8511732225736122,0.8277119843010067,0.7508709979917859,0.6157553249184943,0.49189103947421553,0.4179558319355881,0.4043113454196216,0.46171264908841436,0.6012107634428443,0.8111081618533909,1.008560355775741,1.0314258412754682,0.8256334797377145,0.5704295152158139,0.4636614745628957,0.5827628630499121,0.9064684113055373,1.3295184021781767,1.6624419899475786,1.7614270539499175,1.708603079204856,1.6804307852016154,1.7633093246085372,1.9606220330464639,2.2228498172508315,2.4029743564673343,2.237090830236332,1.7012352807655735,1.177697113147753,0.8796720407655395,0.777304139769606,0.8070380661522766,0.924893480219241,1.0735923430324505,1.1490725326878881,1.0937691647087315,0.9767063618350288,0.8655027477251604,0.7510677095797169,0.5786221848405981,0.31678642697242854,0.06907142009586856,0.08173806057072645,0.40204927021800885,0.7523100979652265,0.9116017558825458,0.8467566986803001,0.620440278379444,0.3316242635341698,0.10055351528084117,0.04629726019770519,0.17964811726151564,0.3540649426519746,0.4709188195476779,0.5701732848995612,0.7461538850536232,1.078643173028886,1.5437420785124203,1.9563392726152848,2.1458543818735225,2.1180651966356856,1.9488668966300544,1.6782775321075007,1.3058196197522116,0.8305375914840329,0.34241720514350443,0.09330848919997982,0.28804366191274955,0.8960221548069266,1.8142126171470883,2.985327995896864,4.378620942281712,5.85348072115367,6.866879750263759,6.630075157264641,5.313213726533696,3.8921604797693363,2.8468537519973607,2.1400890968186337,1.608962292508543,1.1248804762186235,0.6578510417932358,0.29364923689697764,0.0950411224009283,0.018455735240081813,0.0003888023744294302,0.006191460088085282,0.022957825143850173,0.04947886989288902,0.09489474581439424,0.1771781070586906,0.30281317316290973
0.058472574264644354,0.41385572660515774,0.18132072940300945,0.017661937622382225,0.046125643818642016,0.24809217413949822,0.4986146761512843,0.6991048556640419,0.8243029590777999,0.9438280077614001,1.2347193732458805,1.7739268439746316,2.30202335671329,2.6007228875600212,2.6670202283584015,2.5401750877437044,2.247324243177983,1.8196732447603743,1.3079241817855571,0.7940179270314002,0.39061577059190694,0.1777337758078238,0.14009325289310356,0.20575114185905424,0.27635028741031564,0.24532824926462324,0.09304812773263567,0.001732257679643896,0.19699150935719575,0.6101467475501235,1.0034561319910347,1.2398956362581488,1.279302844947637,1.103124852631378,0.7119983233106418,0.25823563937332106,0.0811948400943848,0.27211045262888867,0.6486099607480785,1.0888766027240369,1.5517300099494509,1.9543228378602924,2.044430530072607,1.5627306884349785,0.785669353637627,0.2383505247785118,0.028136014942735942,0.012816291480276808,0.07364154579132404,0.17307673546351732,0.3414097365923462,0.6180467367310193,0.98491148567678,1.4221399950370226,1.9421351649613547,2.527302828845778,3.096907793745787,3.506208102841944,3.546145801260115,3.021343226822417,2.0542290544437867,1.1382144667608243,0.5633860797907883,0.28312669815948754,0.1878353701390787,0.21836823279555004,0.3474219182685075,0.5237195689699322,0.6818499107535945,0.8045802790079826,0.9048547194667212,0.9713522013616476,0.9542171939287157,0.8022125315797145,0.5498783941901464,0.3510602322235898,0.2833958164282102,0.2621986570779135,0.22779010772101765,0.21551998815485257,0.305775091090271,0.5544654552309053,0.880989751860053,1.025540819109961,0.8824750585632788,0.6336255495984544,0.41697581510069553,0.255093405315942,0.14810725035498168,0.13771258891410992,0.3135389258466631,0.6932276224220791,1.149311110086801,1.563117877768325,1.8990983359107976,2.156710925912168,2.3373186783954454,2.4321212435396347,2.4099307420081564,2.220099711336956,1.8602398836744178
0.05858260769665272,4.584390629672815,4.089601476583484,3.4929363590108173,2.938514563741735,2.578103110901908,2.432766854901149,2.4607508430736926,2.6464713876800245,3.0100631975693055,3.459001945278963,3.591455999765573,3.168415782689205,2.4535838447731146,1.6957455052184711,0.9915998647313249,0.4107167286518704,0.05845123235414702,0.08200094399658074,0.5817247395209807,1.347495297143617,1.8562287871200391,1.8999638516255464,1.71244148971484,1.5752709189555154,1.6864763034109347,2.166881494190616,2.9586857369943345,3.766060716525955,4.383259688909466,4.880162925118924,5.3383280190904765,5.694147768223147,5.755378292903018,5.260283335368353,4.132835120996307,2.89124620687774,2.0631454548654062,1.57306986357419,1.2206393397955189,0.9281140532217413,0.7007075310230888,0.6188413918218443,0.8446715997723376,1.4218980461990605,2.111029958145683,2.6105119465872004,2.7109046742248086,2.3065224428920965,1.4872167107839023,0.6893696989321311,0.49136510116044946,0.8915979978637495,1.3769623806739546,1.6877695294253847,1.8804994142590699,2.105146610447345,2.513789675144097,3.1970767479751245,3.9806904805951002,4.282489232478476,3.7435151313211485,2.6967185430852614,1.5886889133913074,0.6725672398180171,0.1151961090341043,0.016982017347037307,0.24463419325997618,0.4819628399675397,0.5689807045219634,0.5547866130823903,0.5457024297405269,0.6421943532308657,0.9543598111531821,1.5567310478517666,2.28094032041158,2.7828575166555853,2.960105439950157,2.9087865159155015,2.7084996577972418,2.3697941107861995,1.836133183607167,1.0732668540753834,0.34643399356130283,0.09758730291069762,0.33688154279943877,0.8114452264412202,1.3906708183278733,2.073287524066634,2.833119773011759,3.436506822665634,3.5521412195474498,3.1957636047464053,2.643323746367954,2.0754964505779943,1.550648437695319,1.0871438804088374,0.6999244491104563,0.40429858407036223,0.21268431095182455,0.12695367183828768
0.05869264112866109,1.555618872641837,1.968325281822832,2.2884703138890967,2.416233209251488,2.454946158394448,2.5918850383599406,2.9785854486627654,3.7381994499600344,4.915310568048587,6.184551301145485,6.752633799100832,6.421933764058131,5.759866982804104,5.0548575474066455,4.270805074571246,3.331919804999131,2.248552560384191,1.1656637404062156,0.36346800318591915,0.0982232550851096,0.2753922478509052,0.5329268556325799,0.6713051633241067,0.7176364936000785,0.8013310115659419,1.0726014504046806,1.5906075149530468,2.1771992792438435,2.5524651182930653,2.6239612134033656,2.4670634585032416,2.2176789089975304,2.043872118483745,2.108905444716375,2.427604260087739,2.73508792078698,2.811355258330587,2.6783428771502504,2.379680820968047,1.9202902812244151,1.3334259745719192,0.7810633468759515,0.5545242536674942,0.7226660570313117,0.9998005303894407,1.1577017339430642,1.157632383475872,1.0345891094230186,0.8215456026261452,0.5569441167185578,0.36166381045468443,0.39916608949446436,0.6763751808258295,1.068133259376616,1.4474273223202487,1.7077265691616983,1.749985849050158,1.511918760838399,1.088289182794668,0.7808931683078676,0.7400341472077329,0.7915737113959752,0.7750054718142064,0.6684605318395057,0.512730537358871,0.36607545546154596,0.2868723602743003,0.2904359007461657,0.34048343942918574,0.3880722452490636,0.38831483260697136,0.30911319361325595,0.1705614143668557,0.07120916699618425,0.09051817933548295,0.19915703642267651,0.3370898243336214,0.4535504460658302,0.5086621198158675,0.4786297316608258,0.35150447462705037,0.15543521409133476,0.013143390199596991,0.03253632437545007,0.15523274733321749,0.2572335200297004,0.2586420878119738,0.16311644366719552,0.10363290548526595,0.3181394021094853,0.8692331158114183,1.4967388021350123,1.9661962539624949,2.2255157551822218,2.296753203923723,2.211231339104,2.002726492073746,1.711530648007907,1.3860936943979618,1.0775323814049926
0.058802674560669455,3.323498248213361,3.047571812011911,2.483225079043745,1.7646883815619723,1.1454320324673881,0.7425841901141685,0.5504184517366717,0.5433456832588557,0.7083484162701165,0.9883671520530983,1.149765727547057,0.9823304557892867,0.6224861994617273,0.2929675445824292,0.09219250815393885,0.015012209074763345,0.004728690948722649,0.012871142910836271,0.10479362270908839,0.5122578671338432,1.3257194904226737,2.220407307733706,2.812135935452626,2.940944738471235,2.613354562148624,1.9179101977709447,1.065726217552088,0.3998072078077702,0.10179132479104439,0.050082714029856285,0.06899212491283314,0.08986658342591142,0.17019986179033286,0.48851383960492284,1.1546894567733081,1.816356332454347,2.077218480616141,2.036944362449352,1.9332432053567488,1.9151735315652985,2.0255858418350567,2.1649845939315147,2.1515383382390274,2.0146134671606295,1.9378882834364892,1.923990326598919,1.8585762132452415,1.6510880391508909,1.2551289316742034,0.7034286979527112,0.205747057011817,0.01316596897829731,0.10150757376263829,0.29370224125406563,0.4854985606979852,0.651813916204061,0.7858942051900561,0.8453967046038104,0.7391499790326598,0.4623610816148961,0.22142326266784082,0.20313695573327456,0.43453704039476626,0.883563076011579,1.4787531923808837,2.0292499451646715,2.2757854257057994,2.1491746150196183,1.7821299464290161,1.294341824785325,0.7471146594429644,0.2381182124827508,0.008294217827426167,0.3550766724433229,1.1204637925677163,1.6865351735290055,1.8531041856246269,1.8365871685640218,1.837927590275059,1.9441002575685093,2.1329503594534165,2.248701581612123,2.1210859946674105,1.8297003522153077,1.5400251565299155,1.290421649154603,1.0815231381359383,0.9196828639510352,0.8244017289071157,0.8614558208107919,1.0862288392330763,1.4236516386089784,1.7474490849040862,1.991759344067562,2.138707425055623,2.1849284922665824,2.1272048550435207,1.9586240749104487,1.6809913225452275,1.34098044677243
0.058912707992677824,2.608079026948515,1.8236326087824513,1.0544188010625741,0.5608658871193815,0.40158441640941134,0.4120669292832145,0.4338498550209768,0.4523478819043494,0.6106185542017873,0.9977267122123892,1.2759943872534902,1.1041042340986889,0.7105981637612283,0.40435174703630306,0.32100316601718515,0.49900802398141303,0.916551585000787,1.4613037835965164,1.8632819525179407,1.7811711696079118,1.239472677523339,0.6564987322084658,0.2818346745639972,0.09529736714343542,0.026621565627373722,0.08317509122117417,0.31321044091248756,0.6427360581332202,0.8973784879455898,1.013527496306065,1.0354047234987056,1.0076423967456338,0.9269955318906311,0.731402530228153,0.38503653056731946,0.07079251840443866,0.014268243395637722,0.22971860596296642,0.6822239978434174,1.3952439033851634,2.4172786544569576,3.64423634463155,4.5823289217576075,4.768307658230381,4.403139665941342,3.874378900683692,3.3198471714195747,2.713786801153474,2.0130968244436556,1.2702765688856756,0.6977543141724254,0.4931546534722933,0.6061643557498584,0.8679978713254128,1.1461911596453502,1.3426409136479205,1.366405253079102,1.142472616707105,0.702618350810895,0.28122842833986733,0.08291361593810298,0.044496822286365534,0.0410157292945207,0.029023954776263756,0.019767263963240484,0.04664275899476739,0.135758378000232,0.2775299471966467,0.4447530366432623,0.6213979930385031,0.8002721500207266,0.9610342659652235,1.0351441067403828,0.9156435765815873,0.6334143934573861,0.4155101415822437,0.37576645531527886,0.4679643728422319,0.6476444220432144,0.9177881739632228,1.2840928476462654,1.6534241215741663,1.8150372122584284,1.7199908717064063,1.5403712708635038,1.4072164902553759,1.3900698829786857,1.5701652555098964,2.0341976674869375,2.743344649620353,3.4327838068513987,3.883713004212845,4.119292436178803,4.214948161576921,4.172460217923751,3.9274548736886348,3.388671050990848,2.513031213864092,1.4458367329423103,0.5686822187230657
0.05902274142468619,2.28188068394763,2.730315675088491,3.1001764344195255,3.2441203112719745,3.1786576903462858,2.9974836264200837,2.741487779686932,2.4070864808105155,2.041899976469617,1.8555651980770542,2.079249164392402,2.5571849237420525,2.986645259901616,3.2846586381659546,3.4832436112067966,3.6222961557630677,3.7253358617241346,3.7834866222447907,3.7351764053071395,3.522764764999797,3.2410195200584027,3.07212542419706,3.095025291757599,3.3016742840206343,3.6507872787690525,4.024001731575058,4.171900947607755,3.9116446132501763,3.404555143688132,2.921215131817939,2.5484768648552207,2.2162366017196957,1.7815427685728622,1.1217021205162199,0.3897762857362464,0.06372484064155567,0.22830662045551242,0.5637278928994205,0.8853816494455236,1.1729902501870406,1.4433406949696717,1.664838867774134,1.7692834661094177,1.8003542684896638,1.8891063451648076,2.086292813103174,2.3755837336316152,2.708541258203361,2.951603705860515,2.8431337752844703,2.2224654645390105,1.3836886600079679,0.7339079782596077,0.36552964033031765,0.21425400300971384,0.24521691108013427,0.509638080723699,1.1600842287436302,2.315973546279277,3.637647094621926,4.3736442089319025,4.19670742322401,3.312329083602951,2.1007934081146913,1.009937601292633,0.4560302952571621,0.5163055194622317,0.8648031181382299,1.201385617856605,1.4323533191168223,1.5246329168412336,1.4062653643140106,0.9965995776346246,0.40573344528119076,0.0936900177322166,0.36675840542913696,0.994706444407893,1.650783096948138,2.149848396517212,2.356632576766241,2.0850184235402653,1.2388965444867903,0.32011458890179867,0.13026040224853216,0.6232691694715592,1.2760472156111702,1.8209299224170168,2.237265767511708,2.5292556301790117,2.6053470787129624,2.397787941639191,2.0406321192737544,1.713353834625583,1.4849116785841172,1.3541292921764898,1.303222970073095,1.310853453844513,1.3455465662334838,1.3599790366919822,1.3154120037415244
0.05913277485669456,0.33985158336518284,0.2510049901450404,0.16017914924999374,0.08853368915532572,0.047709388881987135,0.02940757790544105,0.019706576207083205,0.008125457885995212,0.011626913992843487,0.153866538886169,0.6413976819880337,1.4228635591680652,2.2269321619093496,2.897669562038343,3.3824356779978793,3.6361030800905394,3.5709637337233566,3.0432659500006998,1.9813771365040558,0.7469943369901191,0.07118109686166288,0.18581143488413054,0.7242613837721368,1.2795314307385541,1.5929789183084566,1.553899490922963,1.2655904321818476,1.0264892345770864,1.0181386993368282,1.1817055636140563,1.4351208551977963,1.7806420201772404,2.268103624383592,2.882022989422376,3.3579970388992915,3.371837531988067,3.09981178059897,2.8925482121016097,2.8913382176013855,3.1182858757385596,3.5074675277854186,3.775475862123991,3.4724417214504366,2.616330997945638,1.7578558296785463,1.2292332734710165,1.0484907675142459,1.1674610214035954,1.5641231891041596,2.1711929565364767,2.739338444535399,2.9889660581810316,2.9306983014561503,2.7144922237210904,2.4113839877553196,2.0245028997331556,1.547574842033742,1.0093834679356721,0.5264758904429166,0.27482390204609314,0.27540999973664365,0.3686428205585283,0.4212439734692308,0.3796190119006092,0.254106325550471,0.1328959637283305,0.12715333048203334,0.2411912239190734,0.3935008724887857,0.5321303718412693,0.6621974129873702,0.8202032962266884,1.034192704453634,1.2617749115563412,1.3866626036327874,1.371561878227324,1.2923616083045886,1.2165608435244202,1.1853667234055112,1.249941818435053,1.4765061112935678,1.8591835074250422,2.182391279922963,2.229117509598637,2.073695925440615,1.8602011013211097,1.6372508715149228,1.399513730145623,1.1371562911749729,0.8718563607636074,0.6687901828012904,0.5723589500264961,0.568223819215476,0.6269185807070362,0.7323216918021114,0.8837396870274494,1.0963450858661448,1.399140569608344,1.8032892335478838,2.2320852471693517
0.05924280828870293,0.9028544827623756,0.7250321750103984,0.5206149532759863,0.3484159727048144,0.30551458625084266,0.4373811264444325,0.7253143918678392,1.0931606111657795,1.3659826196195888,1.2706245428623015,0.766741051118774,0.27014206414277253,0.047202232186035295,0.05664241976050659,0.21120401088780202,0.43886283766218065,0.6846001865394032,0.9762909738674368,1.5133549732269602,2.497711088129812,3.660140250176794,4.431282180100046,4.561816817576936,4.14734326209649,3.4398991094238203,2.7587616955355245,2.3595537297662035,2.2191277460016057,2.104695527948256,1.910978022171579,1.6987739617373234,1.5545282056210803,1.5183931786694387,1.5410202355397873,1.4514283539176327,1.1504703508131424,0.8149416995214386,0.6147971067950109,0.5904949068398447,0.757966035761152,1.151056010924917,1.7489634044508018,2.321826951236854,2.5803048728889353,2.5408778884217607,2.3442550632453636,2.006611400980282,1.475620157944699,0.7894939676610986,0.20460782775030095,0.08751603927429534,0.4950913440278959,1.1343625928671122,1.7679653825452852,2.313174815575381,2.7582186846597447,3.1246903939252713,3.4347077733276494,3.6210192155900263,3.5202463848076393,3.1574002072377456,2.784756810013636,2.544423814738562,2.373283087804967,2.0990734583179327,1.5939045903105988,0.9529545339079478,0.421232822993719,0.12166500051143449,0.027529406512049395,0.07122462085178062,0.17859885822520302,0.25589546753094616,0.22047323057778376,0.10809781016189789,0.036848699311886,0.03104359857327582,0.050340404538684096,0.07464768442463755,0.11774952365334856,0.23099622844861575,0.51487605003179,1.0588295998251698,1.8028102486709776,2.5921248479187566,3.3207735608782594,3.9372074653978886,4.385156041027642,4.525726785866689,4.170895852188337,3.3892513823465524,2.567221924576074,1.9570571987103376,1.5525137890579384,1.2610565421041522,0.999596678811448,0.7231977624028328,0.4608402766078749,0.35511519980462647,0.5717684184516378
0.0593528417207113,1.447514943778759,1.3154959250216214,1.638786905344651,2.1580332099885076,2.503754291091947,2.5450996301855935,2.3686857077192474,2.132527779035558,2.012191277535653,2.171432883285922,2.586265372104725,2.9866209067065075,3.230910156424369,3.3600071441164725,3.4309719595001202,3.482163729632046,3.539138662066022,3.588756809186196,3.524710830264991,3.1954737032302813,2.655740548612879,2.155953953733297,1.811302492640345,1.55813470177715,1.2871828113368597,0.9300284561736584,0.517081768710697,0.1823829485475735,0.023190355152717765,0.003775990912452674,0.03326175773886191,0.03827831065695035,0.004647228671746727,0.06475682319527419,0.5312552007769514,1.4583725989658243,2.3776571493395107,2.9736053171463257,3.243739804177166,3.2318546645969954,2.9104066682098364,2.2405447871346964,1.4253854175593097,0.8955035453844121,0.7542460040514591,0.7799480208252801,0.8099815400484404,0.8236655510254902,0.8580649149457272,0.9115959146686338,0.9104292482335304,0.8168898663048076,0.6987656114720194,0.6253261676758666,0.6186278167662883,0.6821245718370769,0.8243957011840918,1.0575611651192443,1.355091098027628,1.6067102379207694,1.7145857233667492,1.6933936993843264,1.5799535775300306,1.377400977568117,1.0946423458862953,0.7920164602274667,0.5555355725086571,0.40917305214753674,0.3162957207465413,0.24682946109416326,0.19411804668142624,0.15764925995793005,0.12321016418154943,0.06463921455656736,0.007322669202542933,0.03987472169094576,0.18234635394161466,0.3652279207869208,0.5094514167570756,0.5717084197912716,0.5528534399261452,0.48500746416554574,0.4336045562118292,0.5011411543098443,0.7037308126503465,0.9158765892428173,0.9922754799753287,0.8583658833347155,0.5479418978075632,0.24894716802349912,0.20319580452995814,0.42820669125334926,0.7463305062769753,0.9997639504559306,1.095651782471158,0.9854855734592274,0.6821576942796677,0.3181382649468546,0.16925954363552054,0.4578933670644844
0.05946287515271967,0.16169542306120613,0.3268847177614173,0.5169742004894251,0.6423485278429291,0.6487210009383345,0.5529481580149987,0.40295895013390287,0.25607537941020825,0.18205422920228223,0.22395964624850875,0.2904602214412888,0.2544080336630191,0.16145207563094613,0.10903943079055617,0.14255668580504574,0.2759068196390384,0.5359096818046539,1.0184222792855069,1.895494029809135,3.1730249363899374,4.408276991751917,5.170539537667302,5.523623133999518,5.789349083075183,6.249658845311171,6.983810640003757,7.740709990951465,8.141316016322632,8.229458499195024,8.401804319389454,8.94987297996724,9.97470691415068,11.402374135011101,12.718066784573091,12.717941613516203,10.931827965749203,8.819742846433083,7.509700835181928,7.015570771766815,7.010747654554695,7.092019556817082,6.732571537567882,5.59309072437017,4.125437523859374,3.019198804440418,2.430070635156492,2.2415550581048644,2.3654214826689244,2.762335353674579,3.365074279527574,4.020414039019606,4.569666827509566,4.9659636904071185,5.222837123476818,5.345416967752933,5.316731987476188,5.077393484175648,4.4946345844234035,3.4365607803299687,2.093565290287491,1.0190880983700568,0.5355675235942666,0.6054513974414659,1.0960411648559913,1.8183758823223768,2.4397080944276315,2.6277930572476005,2.3992995485850956,2.035438955615175,1.7493375900775856,1.6185898210029668,1.651890584012728,1.8090187393527444,1.9629130212199195,1.9426233498845042,1.7308050451904626,1.4498215115201212,1.1892689442161035,0.9853065927818887,0.8525836225205214,0.7904637560826919,0.7704869745532581,0.746232670148741,0.7144667880087271,0.7065724884407671,0.73386263126079,0.8177002417349322,1.0495589295507588,1.589605181282642,2.465363392466166,3.310812720986864,3.706875898959088,3.6352000213078037,3.2893212389666897,2.84693581556754,2.4544004841497484,2.2652280518687595,2.44234624620057,3.05563028943969,3.885833877169721
0.05957290858472804,4.161769791819897,5.207352372698205,5.962930754221146,6.123073245726059,5.830880874488748,5.419985209959107,5.09524261429058,4.895790891612835,4.690035414195404,4.148425789790939,3.1090468389102375,2.0338416751658746,1.3267927065027527,0.9554536621372128,0.7843960748761762,0.7262975646498709,0.7341918253601617,0.7729044871972804,0.7988541875199233,0.7726943475109064,0.7055340352906775,0.6401799361862798,0.5949544478823547,0.5806682023997862,0.6472235892518805,0.9115052219115048,1.49543809471079,2.3348685749333815,3.1752793611828505,3.8214014677133714,4.1599064943823105,4.041145688574804,3.2872411042535226,1.9083267558748445,0.5152119939986063,0.03641025013144255,0.42767438313920814,1.0565091178249857,1.6303198249843003,2.127612652803199,2.5667248051515457,2.8784533854805003,2.9249345977307764,2.742654708794446,2.54325631097542,2.4336525564430125,2.3961911878135997,2.381350024760372,2.3415963653406644,2.2376300972290415,2.0677582252653894,1.9022726251980542,1.8138381783727857,1.7980163447515214,1.7986411526358626,1.7595374674397968,1.6695599890784054,1.6007356064140896,1.6737313508654605,1.8627048437639013,1.9358028342668345,1.7629963885369704,1.39655265162704,0.9342671999720369,0.48285891575153517,0.1704434591327968,0.08642825367446731,0.19873032444687136,0.42090432936456107,0.7079823773885447,1.0481166988265747,1.4049087293362494,1.641510778091059,1.5210951637564654,1.040759726921205,0.6530794342394688,0.7123961900640948,1.2420620223524388,2.203759980781116,3.6207019807049647,5.426438071989665,7.002715403630556,7.154675559813599,5.727544210610453,3.943296767832959,2.6426685482239503,1.9215590026315335,1.60075776558486,1.4523943659512417,1.2648389351034799,0.972177720173229,0.6921196257304547,0.5300466529416881,0.4977301654709306,0.5730870035220723,0.7434859631913002,1.021298777788874,1.443058023675548,2.0236189560608158,2.658607576526865
0.05968294201673641,0.36651997307490125,0.04072052453286285,0.0852820274069959,0.5131628658020995,1.0457175090521993,1.417389913174215,1.5512425179948781,1.4960270189589884,1.3194142076840176,1.0547080967654074,0.7664182805758402,0.5733156344072131,0.5000134382694037,0.4932941021050706,0.5029431686108972,0.4905988212641463,0.423934971703671,0.28665236887628803,0.1153665557613644,0.026175165676758885,0.10830742482781143,0.31232359378259644,0.5683656255773603,0.8844236695757598,1.312545724098812,1.8684805566561997,2.4192873343031396,2.700880802387315,2.6108727410539507,2.2929068727566784,1.9139671242582896,1.5696812995212637,1.318585255416358,1.2142812990460852,1.2780432689494685,1.4399822093465755,1.6268112855419692,1.8378379393402957,2.067542662077864,2.2573358573385094,2.276461430609121,1.96192845251027,1.3513335394211718,0.7907162807098054,0.4894008611325723,0.3882187753860901,0.42240158851126497,0.5865255467516977,0.8654379946138173,1.1633279762424296,1.3060816399540571,1.2149254399011813,0.9967928947546437,0.7698728427453605,0.573942190597765,0.4064311601566151,0.2628737957280752,0.16753768801735436,0.18386493329825146,0.3315820148157627,0.4857796703978234,0.5077835158074762,0.37894606365860833,0.1735746893486051,0.029683894925019768,0.10007648868119216,0.39712084368437955,0.7409214480369751,0.9708935062394801,1.067271415856561,1.1008807644891037,1.1838042152314432,1.4283125882380832,1.835844017600451,2.2082140281242615,2.3918776020773276,2.4732598420291945,2.5783710669867252,2.7593113462043166,3.008415022444134,3.2161575042288395,3.0774926065062664,2.328441016839483,1.305653562225888,0.5479977471804633,0.17113200073423496,0.05777860195478285,0.11551616196238657,0.32418722277944795,0.6635405644037642,1.0237866480876423,1.28592831030035,1.4401391580631486,1.5349249301726284,1.616486720171397,1.7270058632764385,1.9159224880485204,2.2330924667869656,2.682309756477979,3.1603130862559077
0.059792975448744776,1.2758395553563149,1.1238037446356266,0.8495923950758769,0.5183744828243574,0.24229856932760602,0.07636506251706209,0.02830549581705861,0.10153912053131861,0.2762606629013963,0.41840104121693483,0.3379469912291742,0.12854373129054283,0.04716406545220482,0.20925218947423507,0.6398320103740529,1.3356675643974516,2.2384013931238647,3.1593536642413005,3.7144761248004468,3.5342537291835314,2.8110592055960923,2.1673190419680712,1.986176996406287,2.383241313733837,3.3902531879443867,4.844889241509892,6.100758605707621,6.328422226125871,5.527636421696668,4.406090465631645,3.4846396926804455,2.9148036301380786,2.648446476518151,2.490528654912631,2.1097924451781727,1.4200490184422945,0.7943566761870149,0.4833189334307545,0.4991371685234389,0.8538192787768764,1.630282576797829,2.8321521964742216,4.058990105178712,4.704664345087703,4.685289386785232,4.26918785935617,3.624445214421351,2.8207076820369434,1.9691277074534617,1.2866472607341273,0.9722712711653055,0.9649702251183879,1.0379811562884236,1.0695873877470128,1.0479541995230583,0.9888178595779227,0.8937789048534092,0.7306347978703737,0.46202861864297207,0.16381492162359496,0.01483345137856539,0.06006196934986301,0.20009128193588374,0.3425829899778233,0.46798333901194505,0.6106943984398654,0.773597766848564,0.8944928574122176,0.9365735112949634,0.9303627539521809,0.9343169422044794,0.9992497945918972,1.1421178648659642,1.2986665933065378,1.32242088740878,1.155855710017843,0.8934513224967168,0.6327628372929076,0.415802418537903,0.251436990826492,0.1382441013704429,0.08207045911556404,0.09996035180281612,0.19119301052557747,0.3340051986253792,0.5185148996239298,0.743672445740492,0.993509154924974,1.2100322077272456,1.2905472760968175,1.1935869803601338,1.0234584384028316,0.8952784264079368,0.8383482381857446,0.8326188640962126,0.8529334023790569,0.8956727168124153,1.0016332400667993,1.2547312944255753,1.696617982630844
0.059903008880753145,0.7620373947822247,1.3009502540254125,2.326221796513241,3.58197246812919,4.68934427805582,5.431181781213254,5.703789977371843,5.397172667890477,4.4271157062484585,2.9908164097710155,1.8260583593333348,1.4711366892227942,1.6242570504289644,1.8821044134948601,2.084335068867241,2.1840202576310555,2.155181844227663,1.977127119662138,1.6611194353131808,1.2899482533971245,0.9692070873474524,0.7267788298956127,0.579285916841901,0.6318964890273457,1.0707662455002822,2.0666825926214996,3.518718402590336,4.872149134382818,5.6177091841664835,5.7481960951732125,5.440331605314291,4.763364350870646,3.7056723401652096,2.3480866904776767,1.106869263712823,0.5159136685877704,0.45865878865871057,0.49333887396186493,0.4409490619607708,0.3192166407903061,0.19322011550499482,0.1117041001822415,0.077081580775026,0.058012969069985355,0.03930804907495962,0.026763083778334865,0.03468416472600295,0.09257293108807763,0.25103840659315846,0.5547759102934098,0.9471356418169455,1.2476041904900046,1.354393112988981,1.317829628344919,1.2255546674681532,1.1459782884176328,1.1311717781000477,1.2202272396112253,1.4139576773103943,1.6349962178481363,1.7801967753101766,1.8100920694065328,1.7094353316603361,1.448027115172223,1.0234306240804454,0.5367339418837107,0.17261177810143657,0.019866357965407463,0.01735698742257352,0.08557882614919937,0.19260012482205016,0.33058688993527463,0.4777908058034428,0.5950557828353681,0.6878655750793667,0.8195309537639419,1.0061034892031877,1.1998626559791035,1.3466286177378581,1.4140957473372455,1.3974843611888388,1.3126575408830887,1.1679424086104344,0.9565739197721675,0.693879324309087,0.41454877629300213,0.16191625550945918,0.017600087743765824,0.12946906423367585,0.6070763316751391,1.2735748847010089,1.7771045801570968,1.982953277436787,1.9598286051677427,1.8068415872563335,1.6017129466693396,1.4129858356586946,1.3157693019730956,1.380345671923978,1.6087687557957215
0.06001304231276151,0.7773523430652103,0.7218685539314217,0.8351903720777402,1.0598284645144496,1.180615861218662,1.036811268461948,0.6542866591188444,0.23083099012795766,0.07580175960325684,0.443507736810256,1.1111843199101747,1.4750341672005052,1.3925707308532012,1.1041573500028525,0.8243376459344104,0.6598959783156143,0.6187227988876814,0.6215358267823013,0.5506762782435285,0.36828191152192674,0.1816469839701168,0.09049344055403274,0.08246342711615659,0.10324784639788934,0.13068789093824684,0.22631174381930177,0.49955867530908143,0.9014520000737658,1.188648887895036,1.2238939826834616,1.074047117225957,0.891202384137719,0.8353154827455158,1.014198148426967,1.306548925487696,1.3427925276698893,1.0531829569011675,0.685837631922655,0.39174353335248147,0.19269403836770513,0.07363374984702184,0.03816003574519391,0.12269858032840573,0.34596353796965335,0.6744154418891717,1.0648702234675536,1.473890441540147,1.8196308087743667,1.94732709456194,1.6888054905722274,1.124310121379587,0.6702804817938463,0.585521400759129,0.7908148462693545,1.1462982472966696,1.5768206942061034,2.039944478866723,2.4443068048969243,2.572727485583789,2.2296028102936285,1.5815697988198667,0.9674361685861979,0.522472466952905,0.23220380432420784,0.08128143316436301,0.10042655819683746,0.3030492527279776,0.6050839553151565,0.8741751513134487,1.002174386461194,0.9125355730046011,0.5870965255661577,0.16935141674530205,0.034283091925961476,0.44604238382423084,1.0968405923370013,1.5482290680747222,1.6820286228703065,1.5536261797458188,1.2258343623739523,0.7517844434639456,0.2820267882617221,0.14040149483256964,0.4820230765357276,1.0631815668902467,1.6167790281031247,2.040518979488429,2.304761482003524,2.3545637087986355,2.1129065911621945,1.6277221315093404,1.1037119857058368,0.6872050540932909,0.3991484992930865,0.2179078701250014,0.12996047761051358,0.1430355354984367,0.28755862290138934,0.5926910676673569,1.014647533619458
0.060123075744769876,1.517567603307843,2.3933788307573858,3.4322648743454267,4.165079493340353,4.332264724162173,4.042211659289919,3.492061611764153,2.7929408064783887,1.997534609907214,1.2552324288444687,0.8637881135425869,0.855907275668601,0.9496758353908106,0.9870208958598767,0.9645809833936331,0.9042268824569761,0.793099663693625,0.586019611345485,0.2832066485735493,0.049348939496252006,0.10592328283509923,0.43225062445461754,0.8415639739122083,1.2211385458168598,1.575900327068516,1.9229220886936347,2.123010364926767,1.9467029529975937,1.447499182147254,0.927627041105669,0.6059799685658739,0.5492876787598949,0.7310977419073037,1.0240326463166591,1.1598110994821131,0.9789214352579447,0.6975229255152007,0.5322348748350438,0.5158109282338614,0.6236825507636872,0.8276255354768876,1.0547429718013934,1.1547948154102314,1.0513531555806408,0.8549151412115061,0.6933230541330886,0.6168561335183429,0.6280684698884569,0.6994088127240488,0.7674276646929996,0.7629279801720925,0.7010858174923673,0.6686559830879546,0.7154035659360187,0.8327410610421312,0.9743269163777803,1.0592233196347758,0.9767821875044731,0.6694943875780153,0.30826441989611286,0.1793601450732495,0.304386348030914,0.49979315146721276,0.609719564202365,0.5705008362288887,0.41061884539753646,0.23139370313699942,0.12694050266253212,0.1249561980970951,0.22276564784541245,0.4412512960052055,0.8567401226134269,1.573921914081761,2.505169282400588,3.163760292189311,3.2299769103309215,2.9840665382734155,2.778862206373372,2.762620170807128,2.970379101427993,3.372676206973549,3.7751864213193227,3.7989410277333984,3.3454403932015633,2.749998332853287,2.2761775018754267,1.9670375710222139,1.7634409296652482,1.5654526570044722,1.2723587045983347,0.8855517029807779,0.5195276326108829,0.2535183876503038,0.09204542413167943,0.020694277490102175,0.03502112910535897,0.14131740251374367,0.34456143514675924,0.6178846077817417,0.8695634773607138
0.060233109176778245,6.04559279674753,5.596249435371197,4.881537404144631,4.024036724135634,3.2816661312630453,2.78914212589958,2.538467867062574,2.4722226754744323,2.5152035941603548,2.5412803297966207,2.4146044082937257,2.182814307988677,1.987488170188852,1.8605517185772138,1.7596260730675473,1.6339372938589325,1.4486459807443994,1.1964318942433974,0.9100027279175144,0.6694532706467677,0.5608033639599953,0.607192860095053,0.7857342848435664,1.0700314330988212,1.4138585392743719,1.6975477682698155,1.7260958614734485,1.4164243684273463,0.9465765446746676,0.5353126739206143,0.2701648433889466,0.17202153224700872,0.265141932949105,0.5508601633673283,0.8795311177818834,0.9934489685216712,0.8909462435615594,0.7492317779814791,0.6616297246481252,0.6522127111510074,0.7552909375046922,1.0760012657545228,1.7533701354744127,2.719350107441869,3.6546451440321377,4.291251648316235,4.530187676071635,4.370747566933982,3.845142258142955,3.0224335725763547,2.0902586132648944,1.322816904357767,0.8377053515228395,0.5684880087219342,0.41826826313577664,0.3164040487380452,0.2188694977278844,0.1294500551656442,0.13262117222877834,0.3124353941741554,0.5773502117201506,0.7598194600902153,0.8064752925550607,0.7540897223602766,0.662892854142253,0.5973238697010533,0.6137641892689281,0.7255252808563706,0.8937824323054792,1.0524773595601629,1.1225700447813407,1.024142690402851,0.7212487158735013,0.31176911887056147,0.03478477788859093,0.0334572465528187,0.2435569816007634,0.5660585702857727,0.9577086392452111,1.4169985150644289,1.9350928599948072,2.3956226313759528,2.559091517539406,2.377787807633331,2.0807315789770318,1.8367068410097935,1.6741721209991844,1.5609058397262232,1.4329173583074508,1.2161247708216767,0.911981948397932,0.6182265582426446,0.407915592841443,0.287928551340307,0.24309357618896021,0.26379652361222167,0.35142893799561037,0.5131861736599802,0.7382042556562822,0.9597136793323816
0.060343142608786614,0.4021828160143623,0.48869137402042323,0.6786016492412626,0.9146333533047561,1.1115351151914823,1.223104463082685,1.238904066651751,1.1484213329494317,0.9147155976101585,0.5215553852564214,0.14513918423093608,0.04570865703778301,0.21493801438581536,0.5012998193292746,0.7845804507465581,0.9728278907550764,0.9925612153353696,0.8372228435640389,0.6571038161387652,0.7230857819064387,1.0914329084287442,1.5112027618982886,1.819183663914714,2.073403874945387,2.397500031334182,2.8116603125294444,3.117206159649629,3.0430659412551893,2.6166201665672757,2.0995122281424066,1.6683347128001995,1.3733266524699972,1.2691218718017903,1.5420316336223654,2.362487386470852,3.3317210052741455,3.7768205542980664,3.580538788400899,2.960026403951622,2.128413983482235,1.2647243851735381,0.5995970491094667,0.39910360792437627,0.643000230518973,0.9847761637659854,1.1802191122493824,1.2034016352398345,1.1348132403683615,1.1228490352294178,1.4063888191804166,2.183737798426179,3.2998540902486657,4.3867470286842085,5.263440228794391,5.920533846665109,6.37643285821024,6.612653567486559,6.528162231664405,5.9512630607752355,4.904126720643934,3.8050763611466563,3.013981601164876,2.542856812530796,2.256066966019399,2.0187878329420714,1.7362236392776178,1.398467271556159,1.0798448975632953,0.8474506998275583,0.7208789091675248,0.7043858863097832,0.8003604121052584,0.9520641608528622,0.9623973978801572,0.6894937141464189,0.3690552553458591,0.25867692796990793,0.3316792321719934,0.4739882772117216,0.6204637805785966,0.7315865491441114,0.7399759753280797,0.599202176271575,0.4053359602497055,0.2813697121126415,0.24009607758116847,0.2399214520979862,0.23828031850534828,0.20909851603472623,0.16839928868312765,0.17203146191550847,0.24041282301642414,0.334722084543052,0.4098236365425559,0.4399388039597334,0.41995359687381595,0.3720747258792116,0.35904340285259334,0.4721078582112781,0.7401330938253576
0.06045317604079498,1.0784734767519364,2.0081880354186143,3.244162489422781,4.491526154698494,5.5090491161610435,6.282152859084492,6.900296256456175,7.435435543558369,7.832721277193514,7.691503690860895,6.528922207675274,4.784324769554655,3.272403107053687,2.204599120456675,1.4539440480630403,0.8902348389734931,0.4737606240890654,0.2877752320969649,0.5324527339632718,1.318226407920002,2.3350267454060636,3.066505263634331,3.269413032810927,2.9924335050119435,2.4312747305889784,1.8471236530748083,1.4683715559243078,1.3267693169880297,1.2717659590180166,1.2096878307140166,1.1627620057834502,1.1800324207718433,1.2875500319152546,1.4656226739532283,1.6321119225903937,1.7214517851643432,1.7801315340425796,1.8531523428995407,1.920868622276461,1.9506725219979733,1.931371964563139,1.8628778517194853,1.7226474066194348,1.4783313880134432,1.139962309130927,0.7616534708872353,0.420947377291033,0.2015360724762333,0.17346872933820354,0.3558384982594005,0.6471270178357047,0.8643634516552008,0.9401017515200015,0.9332619137367516,0.9084197141797946,0.9054664713822363,0.9715478623568145,1.2062610247556247,1.759154429359407,2.643904835550092,3.5572168495310943,4.137744890190732,4.203572688088766,3.71109144227943,2.7624611560570687,1.6891173005818254,0.9159110038416983,0.5668957945275196,0.45095353274481903,0.38392295195218423,0.31335068850593534,0.29372691819274804,0.46544310815039214,0.970654891306435,1.718130471293367,2.4131047851370666,2.9491498675342176,3.413014376366524,3.886099790378863,4.362954038038033,4.679424938847757,4.466633570614558,3.5270519991039264,2.3467829083330654,1.4581988258541718,0.8807748925799648,0.45913460093973274,0.13755519453379858,0.025368560307865377,0.3346887807919405,1.080314597966239,1.9416175863637668,2.6298320289624018,3.079826323769078,3.3425432435257916,3.4947060611648397,3.60548007535217,3.7069491363525997,3.753640447029623,3.632980443056664
0.06056320947280335,0.9388332081829778,0.7843713998607089,0.5677325759216741,0.32833984763116786,0.13013912755985071,0.017408808382525277,0.015079305381069155,0.13318440284600883,0.3351020480851695,0.4892072334533045,0.45952553250766764,0.31649113352218256,0.2005898650818795,0.14462121031478856,0.13243079785510153,0.15523499096868779,0.22713615361287898,0.3921969231602549,0.7044130079369826,1.1198695780827095,1.4163129150975466,1.4090168436590411,1.1385357075263587,0.7611751477180718,0.418426686467061,0.19128216197972772,0.09072998677308544,0.0798127316921941,0.13676934234526625,0.2807865076550335,0.5410539569354303,0.934260569330262,1.440169504932385,1.9120548128353383,2.0001857995735888,1.5443472417108655,0.9293700390620496,0.48339267298757155,0.23702653451619463,0.14305545751022225,0.17355689147351236,0.2901749466111911,0.39022624287573354,0.3803112220605225,0.29074599898129183,0.20044828697404626,0.16472741547358313,0.2402686574768202,0.5117665827398417,1.0318689946983803,1.658849064500372,2.1019662730206576,2.2586917819214376,2.2272072817107813,2.1134287827894296,1.9906814641471882,1.9286123913709357,1.9846684706536284,2.118991590326787,2.142370071395567,1.9385048807617153,1.6154222314362214,1.2952901902759442,1.0082292997960065,0.7571358110031141,0.5755570312773538,0.5015873176938975,0.5191175363366035,0.5859977878114001,0.6912875945295893,0.8653560088351104,1.1761873042778554,1.7144138669706839,2.4881647344567126,3.2505207304183883,3.674595035710503,3.717342925444815,3.5232298329794256,3.2210097008360323,2.87756029694981,2.5150868465637797,2.153283722944632,1.8555989195302605,1.66710675259069,1.5279110405779082,1.356051672088394,1.11991114162317,0.8266068985553872,0.5103567226665724,0.24268950579802298,0.09778885047542941,0.07201253991721868,0.10808508934829693,0.16899672130225207,0.2502422714582281,0.36783953849957723,0.5529781824860833,0.8444496750632039,1.251790399465747,1.6892801955592136
0.06067324290481172,0.9545428309058289,0.6516135007742242,0.9263861919881565,1.657142511777952,2.4444233982790937,3.01115199728156,3.3289653534331967,3.493025195455005,3.57662759618129,3.5044433520659184,3.1219537140513443,2.532124237515489,1.970603257018807,1.5086574586778165,1.1244733073510327,0.8020496401243405,0.5466968945787324,0.3713090967714132,0.28530968716920874,0.2973842368432438,0.41704083474466447,0.6371855823150405,0.9366156493863989,1.3013577568916042,1.7151829558360074,2.1069620567447664,2.3040270378208287,2.1488033853187516,1.7118744461905768,1.2063128217525843,0.7937202232744484,0.5821710213286942,0.6916849527227588,1.2584346159238466,2.2652615199948376,3.3396721834567984,4.151389373291345,4.727135654113542,5.155671893728474,5.4299644102255105,5.434115928080566,4.938346652222323,3.809214960243438,2.389797060942761,1.2073276445128391,0.4623624814639199,0.11936955706663346,0.09798803128004153,0.3113977195023518,0.6312569374585586,0.8855434144062146,0.9932113121123393,1.023086917536356,1.0438434781587518,1.0604111785820016,1.0546355674400592,1.0130324774205528,0.9217654237934018,0.7557537682295133,0.5168815427356068,0.28283320300054404,0.12890157885548212,0.06046035341049242,0.058976948474452125,0.12741882971647436,0.2716324402179069,0.4379413548956744,0.5324856120335731,0.5202561637872869,0.4358061838864927,0.33157317843290185,0.2559237830929652,0.27667284687774596,0.4977447200463538,0.9195841539441496,1.3168884071533016,1.5077632426784917,1.5121388004815168,1.4260736308979918,1.3261406399628788,1.2350397918660385,1.1026144827592288,0.8717973248528644,0.6165395719624649,0.4535900884527369,0.40465720557872625,0.4414196494882333,0.5331459583758439,0.6387647693462709,0.6913097433751328,0.6427469742229884,0.5264009262161325,0.4068557447833085,0.31761579009812957,0.26810092967047106,0.2668767142713546,0.337841202519069,0.5277756016591494,0.8809759813025917,1.3544873105388917
0.06078327633682008,1.2478681693941558,1.4543947017655354,1.7770486187107977,2.0886788731421424,2.2280838621507852,2.1115349904264713,1.751574710631091,1.2523152443009649,0.8475136192013893,0.906573276755569,1.5620386181247186,2.3216727546999465,2.737870466132948,2.806188875634951,2.6766099879460246,2.500152435321995,2.431624590658942,2.6428866289994466,3.243070279134041,4.038493216906743,4.521259538149484,4.427593938324923,3.932788996905503,3.3145330644880637,2.754829478524072,2.3027412572268786,1.8800457574162406,1.3947228989949052,0.8952691063959013,0.5014337083716416,0.2654560759421583,0.1702570738589301,0.19203246445672847,0.35201634965298484,0.6430766878381419,0.838091725055269,0.7248979991621036,0.41261133165446306,0.12321959146692403,0.02941761280001928,0.24238764554141556,0.7592171925299336,1.3514319509178845,1.7258833738925246,1.8649522465722257,1.915521223708484,1.9824634304565287,2.125496770029568,2.394009848301958,2.8158760362236825,3.3407768088170227,3.841095638619509,4.226040291765024,4.4626173058036045,4.508862884329575,4.292435520011518,3.7293469960170733,2.7960888322723214,1.7169299095209143,1.0327159774116588,1.0354268091422054,1.4081857651289689,1.7731070770205892,2.0544822913132275,2.3910338050347724,2.8756027481899684,3.3420181470082695,3.539938499868451,3.4451920348046237,3.20913038339584,2.979300200366867,2.812099253841672,2.628667705949669,2.2431978299249242,1.616277617093462,1.008497080005179,0.6225731159188725,0.4404472979674005,0.3853842906380271,0.41265017984570573,0.5089742614675246,0.6814776674759188,0.9636753253523785,1.360313736202334,1.7614619034195156,2.017762820797984,2.040324620267472,1.802916770016454,1.3325563796055957,0.7608061739286321,0.3146742735441886,0.10830546108239351,0.07333922376535051,0.11363092938535041,0.17875554617149447,0.24727313811635268,0.31043890920640127,0.3825269576858772,0.5199713690769198,0.7824671395408531
0.06089330976882845,0.08566132888145629,0.030747058589258483,0.03677123231455978,0.12584857128193422,0.2659067090455714,0.42596547742630475,0.6177630838578899,0.8839615611556065,1.2409370109214364,1.5565918196562263,1.5573821813429192,1.220687732959143,0.7907765460971707,0.4219210164153911,0.16905699133581342,0.07908435757029349,0.2004133009234536,0.5252975128257121,0.8951828204236978,1.0303651623934829,0.8571716483144683,0.6058488168192786,0.44997259335471956,0.39727807846796964,0.4180793920290842,0.5203591032654317,0.7326941810667253,1.0366054215771812,1.3639970064406859,1.6705999961661444,1.9514398506170738,2.224961904218504,2.5408485625190016,2.9514594922138406,3.3400501781583216,3.384473272590809,3.0551517817087004,2.6615819207214932,2.470945746132227,2.639648485908997,3.1918072005708393,3.8136046180834025,3.8350138157003837,3.0645260698408325,2.1283199350145368,1.5442184984931695,1.410409387080658,1.6836635104119573,2.3138207860049724,3.151655437312491,3.860008308725344,4.228748056700385,4.450125041578983,4.767013142568109,5.211959937127923,5.64843374818061,5.8287922707545095,5.437361603765373,4.3015331291797665,2.8052566813509587,1.6658160592409226,1.0935034620664048,0.8672436687945108,0.7856417436915587,0.7377351295104629,0.6556544389528607,0.5331493167171674,0.42101532172012845,0.3542042413615951,0.32610219747352553,0.3132184071629591,0.2934784587951399,0.2540419202648512,0.19897836622428902,0.15397151536095113,0.1473577254196324,0.18902478600861986,0.28497916662717054,0.4609317521184477,0.7941944923250619,1.4705504298049796,2.772909191938414,4.7404471926575145,6.842773531230413,8.457339249847454,9.246012621733735,9.062025224514624,7.897808033716757,5.915165656061604,3.598046674606452,1.711052920131159,0.6530421389902005,0.2197481205272813,0.08351073510703153,0.05483770192965984,0.05928704528523708,0.0864263897717427,0.17518222961148155,0.4011197255957843,0.7981631569815241
0.06100334320083682,3.9785848158060686,4.053631826396401,4.021028380323775,3.904431409650433,3.8492612023701462,3.984476024082553,4.3733930846168105,5.028910125313994,5.841889089768169,6.403407258705272,6.229021703936543,5.567541067942979,5.056549806987448,4.944114114771434,5.205169728734295,5.756190215863796,6.469766115811586,7.068571830653214,7.021846703670638,5.86993107006465,3.9992743597750033,2.3347293929466795,1.2936923115741648,0.7901715014863467,0.6564389405474739,0.797402415763914,1.1172025103869032,1.4071646890928415,1.4822353899442715,1.366555981770544,1.2105121148422264,1.192398340816142,1.569849819179502,2.7927573131183667,5.238620946972029,8.304978835171605,10.831160273442128,12.432305631725201,13.183753715224826,13.089329317207595,11.990867957832345,9.707627311530109,6.612156738731739,3.8775689361472585,2.2853694294135183,1.7011714767425083,1.7679057297818626,2.2992784720070136,3.249006256138432,4.466109459891246,5.422209828188221,5.573678756426218,5.0195731493929046,4.199653320915594,3.41385079069926,2.7950606918126106,2.396897584756377,2.2216675385559177,2.1840895418351955,2.097609616730803,1.8347942847343293,1.4378373059385918,0.9913768219461523,0.5564298529334748,0.2110112325532317,0.0558772390277365,0.11855518977589327,0.2978566486541773,0.4763462908943486,0.6016855330363595,0.6719183821975174,0.7460417952824944,0.9958738067578363,1.627415216249786,2.5301687092436387,3.2908617724383427,3.7569833294251644,4.057164843722196,4.335462034253943,4.712059355815335,5.352471521114923,6.474674903319585,8.13779915594473,9.999504256717309,11.516933664544856,12.223773414381789,11.81737248994705,10.20053546116127,7.561029270818866,4.582324483337398,2.291916610708171,1.1353008581975383,0.7556604307984208,0.6994338694684634,0.747406424466494,0.8575902411644241,1.0710217555426986,1.4457186530983879,1.977323559651753,2.5207162083114865
0.06111337663284519,2.3427776665201523,3.214818086131988,4.193101294969357,4.832901721579351,4.874351270386337,4.371573490456706,3.4983074657720064,2.4523530443757697,1.5098699644357485,1.0563477353023885,1.2388457600158709,1.5930577966882946,1.6978957722747705,1.5818334466341026,1.4404841139528464,1.4794158650446707,1.914933160110644,2.9533129356997807,4.573255853935942,6.14328259295755,6.758310313035607,6.323612981985044,5.44193386658888,4.633511328953782,4.144294102635771,4.027930371459886,4.17006032057214,4.348603210389574,4.442307201647051,4.485757249591284,4.515438023895785,4.486843114241408,4.272794945421698,3.7039056794567244,2.7850729891991626,1.9487171933327936,1.5786246789178033,1.6045810579907465,1.843021516017081,2.1715990366919486,2.4537857190731467,2.46360397346967,2.056889811370419,1.4941667048269094,1.1655383057111655,1.1543708551000678,1.3164379259222707,1.4250790599530736,1.235594247243411,0.6747264149343353,0.11125979146617873,0.04509683884979772,0.4411768424686961,0.9328821550391591,1.260081529358134,1.3097136441544668,1.050759410567415,0.5631091319295296,0.17146813898443475,0.38029534208729754,1.3135354936134427,2.5906166045297914,3.85378248063432,4.916243694804419,5.612950419470348,5.762978715051832,5.365812117954841,4.705366236572762,4.072194359941786,3.5640950337362396,3.1544962148547198,2.785929914115068,2.3997612794661585,1.9517829383221215,1.4710838786241884,1.0605502561891873,0.7737520369768759,0.5925643322470314,0.4878366900054688,0.44802595686612445,0.49937475815497134,0.7600225137723848,1.4561700365903776,2.713447657141368,4.3872043987200895,6.191077406957735,7.790631883415792,8.790315068713046,8.747483928468737,7.452517545579171,5.420268437843491,3.5594441932369087,2.2754424573854655,1.4716207476490126,0.9543406780701588,0.596577537997844,0.35302411250245486,0.25592764683984054,0.396649344705494,0.8277729982273054
0.06122341006485356,0.6432984510873931,1.092265162080138,1.6303258375573102,1.9567572172560312,1.8770893748893405,1.4488612777739092,0.8779746660909932,0.4490912343256319,0.5500262288075409,1.5588953695684182,3.2454431069933176,4.706056911526207,5.527904886266029,5.892571558658466,6.025682575757145,6.049236262224367,5.993534011100909,5.768934406250763,5.13129484028663,3.9012722058493385,2.4192297251830066,1.3109131857677843,0.8543058953625999,1.0113750408087043,1.6486502389378552,2.51404870328332,3.1592580900728064,3.21673085565119,2.812349259378966,2.3165847262101305,1.9292816927789476,1.6661770514308567,1.459973493222672,1.2092939761852515,0.8630004541817661,0.5456598600563354,0.4111222608607264,0.4606892331448134,0.6542950420538222,0.9978569722268089,1.5267997071030028,2.1942147041187945,2.7228295549173223,2.8185814701828007,2.560536990903569,2.206601979079662,1.907677327980074,1.702512197209101,1.5738965718496685,1.4639925741319717,1.29491686032719,1.049765318895947,0.7863733548375522,0.5461211157736214,0.33075553858581064,0.1395983752613606,0.011039190733818476,0.06745998320649811,0.5003978765156262,1.3329719180332742,2.228323060247074,2.8565874401874005,3.155687630451163,3.168080840860689,2.9107143690376334,2.4068610702387003,1.7859697189357937,1.240062660670719,0.8642946467301972,0.6440815623230995,0.5354079131111419,0.505610007496996,0.5345305444845425,0.6015533028080445,0.6841334171981134,0.7898444725259487,0.9675547158314128,1.2808070670278402,1.7924167348243676,2.5325142072339544,3.3839601451929155,3.9108176392060434,3.6002587794698213,2.6642887503534833,1.7917788231233243,1.285125874115934,1.1014859717051302,1.1329769011987498,1.2722896516062925,1.378850928580893,1.3305619633135894,1.1459397329064387,0.9280168361101337,0.744299940631655,0.6187884771075317,0.5649082848654114,0.6053850495216541,0.7751716803019115,1.0970818554661599,1.5259201638632744
0.06133344349686193,3.6351892844030678,3.9884697877280737,4.183952805703729,4.097173525946031,3.763689494009248,3.2805352006250654,2.693436617020365,2.0047935896743256,1.2629376504409044,0.695363892540873,0.5942385487702176,0.8015901372300004,0.9009219241133394,0.7656716400426715,0.49993993359170913,0.24440504116195247,0.09349273358630353,0.07048313193424494,0.1263602380387135,0.17948044058495366,0.19955559697303202,0.21618384477452243,0.25248036284452197,0.33946875630408835,0.5831598128763374,1.165433325538404,2.127032847645982,3.0553710043700057,3.384077148540671,3.0102935296432665,2.216032850440813,1.31554696920298,0.5405247551532026,0.09370659858503612,0.14886845897509945,0.6047370731380094,1.1211643553841903,1.553115529197933,1.9370340381241469,2.3053711653707696,2.6070258820818233,2.6808491548891693,2.39006499606571,1.886913357014053,1.4472807574034081,1.141514297130502,0.8971415168755739,0.641740374008137,0.3585888013582345,0.11260319976102943,0.014467507739279486,0.07151932484728045,0.1675968682358916,0.22343661156519254,0.23900441987927273,0.24625732833524433,0.28305476104641253,0.38442567815974793,0.5512100505657337,0.7003497753328035,0.7281185667068785,0.6405361399364952,0.5169083110961262,0.42241199115689415,0.3874720066896726,0.4151153164851065,0.48490415307189266,0.5648965652733745,0.6393895953159229,0.7203683923485049,0.8355385030461909,1.0062727208012732,1.2105709824196897,1.3363101940069582,1.243694781117771,0.9732939587115673,0.7054325716905975,0.5535797523601755,0.5504045071855664,0.7014065364449595,0.9672624667174317,1.17493621126701,1.0777874644487215,0.7155702277922644,0.36766762455763885,0.16258864220620398,0.07276187455816115,0.04896098546923279,0.0692247986155116,0.1284321824452254,0.20791873035934455,0.27745127311377654,0.32598479234531136,0.3623694473310989,0.40138547715303197,0.460628555749439,0.5643704154143394,0.7440041481979649,1.019049391511769,1.3539416033817415
0.0614434769288703,0.32311105532314865,0.7309478066465431,1.2343171042792995,1.5994829537808375,1.6646312926015652,1.4446728201006556,1.0329503717643145,0.5318174105049066,0.10052150087614392,0.048421528194384604,0.6053573293531971,1.4491711009810824,2.1135991319100014,2.4592110776891865,2.503941579235636,2.260195005755498,1.7216725178820467,0.9406419600658926,0.2005258060847865,0.07122367050049763,0.8473892087891322,2.048810959488818,2.981676287758942,3.272538331081967,2.8607588593121425,1.9258327072885428,0.9119459224816345,0.349973040579171,0.377773099577905,0.7143566742308661,1.062919935030606,1.2790802996658153,1.3572374379871877,1.4416478509301414,1.7664147855961607,2.270169695097652,2.537443126524864,2.3752378041900544,1.8720035583119963,1.177005940723013,0.4672844923586604,0.03308076280180123,0.1793824883264542,0.7908207844015,1.3988203521559242,1.7405568101976368,1.826075935387007,1.7522446316086877,1.617944605619426,1.5172186634349518,1.5350421306073012,1.7003253597009544,1.9604603405232435,2.244328020553067,2.5178238307849687,2.7977643635464338,3.1631888372664796,3.7635852600885693,4.737919492724843,5.970243947177412,7.073798867715174,7.815884262894265,8.204871939578405,8.250756966622083,7.852074121404073,6.904669372589112,5.579427335143818,4.316663734976652,3.4356584508686,3.000167693116801,2.9690897687823843,3.2978747215293582,3.893928955664397,4.439958261439766,4.439524948128725,3.814893325191618,2.9773959673515598,2.251537147905022,1.7303542891352595,1.4026139135796316,1.2162903476242073,1.0723904050368374,0.8652667942620744,0.6108364982878218,0.4169562291214307,0.35072839309751985,0.42576307973266964,0.6166376617181784,0.8424967237496005,0.9697636966848052,0.922975111364178,0.7799296357493576,0.6530800613931833,0.5806980091958541,0.5453776112764261,0.5101207747427252,0.43798181354765464,0.3142438792163849,0.1785232849187492,0.1239529493778949
0.061553510360878666,1.089424335482046,1.162442673614407,1.3435897388075917,1.6393808490570894,1.9956172255066744,2.315749990985007,2.4747495942395386,2.335590007513341,1.8142173048047128,1.0171753547019617,0.3264935752871938,0.02959177125364604,0.015143786671235093,0.09081743492186563,0.16876581875995114,0.22497423871627528,0.2522280495470897,0.2428029953451972,0.19280639343441516,0.12063161492471376,0.06107748929848866,0.02862556418179508,0.01755585997192834,0.014108471642621495,0.0032306791085448326,0.013122064342536908,0.15561399939523268,0.5163267450637776,0.9889153218322284,1.3754983262593288,1.5611019908523127,1.5283593072339259,1.3205277415235273,1.035228338621975,0.8166241836558796,0.7376921138384384,0.7200928318969267,0.6824240865221796,0.6028509517636008,0.47682760305046107,0.30330564432645174,0.1140783186618839,0.005080284393464335,0.049531115244693405,0.19465812672112523,0.34948839922879954,0.4661667774746257,0.5249583690855144,0.5154106837865382,0.4514397257251491,0.3848349820912012,0.3525909078178042,0.33238500241811286,0.29249187524476655,0.2285920535166786,0.15409261757713594,0.08469577989201874,0.03191840513716249,0.0065259488381684775,0.023179379249674666,0.09514349528326374,0.24579977258245206,0.5495441772550923,1.1591767347233715,2.252308330147641,3.8011663317590187,5.367270297778988,6.4484405370372615,6.950777443972428,7.07078310977819,7.017038251002637,6.915006861200382,6.764882502151366,6.367040975857373,5.481998588511169,4.278462428783063,3.1861944100293864,2.433472954597142,2.0385573404812978,1.9449002243185278,2.043342505073424,2.1018427210372974,1.8313903183713836,1.250528056252451,0.6662075302027525,0.2683951106796513,0.072160016951987,0.02703240892371207,0.06366374050099444,0.10395948420773438,0.09791065463445527,0.05844835135575747,0.021134991347195795,0.002160774317074273,0.0023818142997594073,0.020448359036864698,0.05922493474007776,0.12692038064794298,0.2304529388429531,0.35804033427421805
0.061663543792887035,0.08903545351351712,0.028817506263451587,0.036078975269870694,0.09647950554118553,0.16515612410565797,0.2169201215405098,0.2551284847298199,0.29166198994292136,0.3268989799027672,0.3340300224805285,0.2806138667801075,0.1953039103286251,0.14288181623435878,0.16079119151781068,0.26622531668682786,0.4750973375281874,0.8030211774434894,1.2377958004077032,1.665360973289772,1.8379108061368554,1.6068362979102786,1.1347782624901332,0.6632588170238833,0.3122456683791908,0.11630321270978575,0.07647826940065879,0.14477151728765442,0.21378877854820208,0.2133367275901244,0.18206710833921028,0.21192589082829352,0.39979191166280587,0.8396692840256359,1.555521045758674,2.291342487526901,2.5780478734865806,2.367849527313561,1.9658747150942764,1.5566988591283253,1.1806291859076328,0.8383258762004477,0.5423151753165038,0.32542513697563075,0.20824580446579793,0.1750097046582751,0.20429234173072397,0.2982378600494847,0.4866457797486629,0.8090421317125801,1.25239085986299,1.6699768795450318,1.8661144281701736,1.8002815687266451,1.5522411666645572,1.195392268084814,0.7796881953083808,0.36558497226192843,0.0629177026085402,0.025733983158546365,0.2875261158834904,0.6125781981651447,0.756104360079718,0.689498919019075,0.5054465914407701,0.3062689457170606,0.15506758482194793,0.059657221166030575,0.007656314197386984,0.010045060403549338,0.09671295671947185,0.2967360873192813,0.6227338058902879,1.0336310078508142,1.3738009792788943,1.4427817967760013,1.2538676366322123,1.0064164142026883,0.8403032623800437,0.7976532275417765,0.8738692360771336,1.0166724209728173,1.084501282862,0.9225037259930609,0.5987297133488693,0.3169274299208955,0.1522576564698327,0.07366309424553776,0.03923773485203759,0.02425515648409478,0.017574098938761,0.015050596335001738,0.015281934786931425,0.01757371703402836,0.0217235452040778,0.028475411099205376,0.04025820744494352,0.062369090594272765,0.10382964696463785,0.17362482591955433,0.2669989193099453
0.061773577224895404,2.3209040491750312,2.8252681692436563,3.206162833646486,3.3132237685658903,3.1287154942930977,2.6897525004468523,2.005092583332096,1.119444280840909,0.27898911742249993,0.028538150800574116,0.7392253369440617,1.9067282759052815,2.8433478045124296,3.363111022494788,3.5207790309872626,3.3825925670688775,2.9982053966486633,2.4464527196507793,1.9151796050031105,1.6830501513160743,1.809772382791265,1.986439227280235,1.9135316679568573,1.5383508106316337,0.9825440046620288,0.4423602211619136,0.10811447351883792,0.02970506599254932,0.07941237182050544,0.13295631236470606,0.17193639349381498,0.2453956655405022,0.45383936458533936,0.957635953746006,1.826099639937574,2.747465081776575,3.3367509847919754,3.585665301847939,3.6378953025683165,3.550379841350106,3.2369137945054196,2.534322312423439,1.5003814600918044,0.5797757923691443,0.10067681400409957,0.0025325337239342862,0.10777307665427134,0.28956063848194086,0.4660696217078531,0.5619372409771763,0.521253241207769,0.37904699368911593,0.23026570855066938,0.12516405180908668,0.0664401424105248,0.05082577659260607,0.09194024850380973,0.2274848340060219,0.4920700280164588,0.8264945998469293,1.0626511162854364,1.093660458927855,0.942565376207879,0.6876812541374776,0.4131505186045487,0.1929450384370246,0.06542931629853982,0.017710953373840908,0.023415356720568953,0.08789693446431454,0.26952495012349736,0.7022174080839659,1.5898912896470716,3.0089761281327885,4.538501840515518,5.528505980646031,5.819535723374031,5.623697126583073,5.134142867045222,4.4297390140821244,3.5147866917097192,2.4365784171470533,1.4535579389518005,0.8732883485438803,0.6802985968180255,0.6799702764129641,0.7651827326767363,0.945695986557498,1.275329663022521,1.73189243526746,2.1360880330634315,2.309444594550262,2.2423840716515935,2.018036180415632,1.7157174303700378,1.392371303389735,1.0863666003070045,0.8188774928517861,0.5987176740138792,0.43569257802101896
0.061883610656903766,2.5736524186758207,2.4407234355527434,2.202949098030064,1.8727617476720697,1.521360176169158,1.215001889869543,0.9886020535277908,0.8572300702144378,0.8223783103312095,0.8596143545968978,0.9142300288829699,0.9572803422879357,1.0070305080138988,1.0759009266102586,1.1584631469002096,1.248872287649898,1.3514685822561636,1.476303653848831,1.6128519956149592,1.6999393885297407,1.66885737436876,1.5255906578411718,1.3231511184826041,1.106016810009536,0.9104171694433543,0.7761424485349047,0.7299639495165793,0.741957829018976,0.7355889549179501,0.6590474094030587,0.5049825742078816,0.29834105474912986,0.12451833605886548,0.1958499062027989,0.7822733575976217,1.7917269378586953,2.755456219077283,3.419014452041819,3.7602314369195033,3.7361757889351916,3.201531679766928,2.083890087064842,0.8404363926979715,0.3161644379358198,0.7071932752331518,1.529035027224576,2.3008326055731203,2.7375085255281473,2.6530274524764623,1.9873163140837597,1.055411386522888,0.4493150653785805,0.3774861285790763,0.5977147387526526,0.8281521464291663,0.895451457773698,0.7200924004434186,0.3471841314707208,0.033756359204659005,0.1295560095221067,0.6302218150915287,1.1944683422594153,1.6074707036985774,1.8723601983654197,2.068516974920581,2.2363737710661997,2.342966202376109,2.356909046647185,2.3137696871877074,2.2822805700696347,2.3195708143484306,2.4490275847779763,2.616462106148006,2.625857171672089,2.2589754309838095,1.6052843321340688,0.9646024251199242,0.5033661392579998,0.22971373887151275,0.09569185120337241,0.05166122436657049,0.0600770148481292,0.09301972602247185,0.1296256097479155,0.15989555812338718,0.18445087975535185,0.21025099368453207,0.24874858913070746,0.3144674208777177,0.41293793490802433,0.5211199790603412,0.6020580251000512,0.6395419696349836,0.6364756105063699,0.5998224129550325,0.5371997766168404,0.4604205764657922,0.38996054153962845,0.3544484701137904,0.37421338139336213
0.061993644088912135,1.768316775522714,1.6209291412623286,1.3358858689029833,0.9869610543418108,0.68112163214182,0.4641688559409771,0.3317352177741764,0.2801354967316861,0.327457931529264,0.4752984167487978,0.641308398957197,0.7367503806801494,0.7794133682898666,0.8221326065763084,0.8983385419064879,1.0350032912015998,1.271823935019855,1.6666556695202497,2.2542547740904735,2.9318021167906174,3.450262090879258,3.656651497681876,3.57598276058517,3.2573632112076742,2.6947144615997995,1.8782139198772434,0.9464687987923722,0.24629583623005982,0.04043998499097441,0.294052932240556,0.8525832313068625,1.5950841233417057,2.4061974257648813,3.0486621050212865,3.130809828900436,2.5700274152308364,1.839557264104111,1.289305617319297,0.9366771423561271,0.7051798671054398,0.5360831342837982,0.40016287691837116,0.2919594730811687,0.22216380324136972,0.2048611547465457,0.25502610349491134,0.4010267044891642,0.6928376243588009,1.1773677765096469,1.7962111264002094,2.2773874293079768,2.3463931142581163,2.0549037848295155,1.6214219450203398,1.1890599237568844,0.8232257462549806,0.5863905242039192,0.5946265832866026,0.9798767673909241,1.6500611131396294,2.182367908037074,2.235961903489056,1.7927648314207942,1.0505305853404958,0.36269878513344767,0.11485393174104414,0.37902947600623693,0.8141405763956722,1.0889957258604908,1.1281620686400962,1.0014091465301591,0.8089407462322731,0.6570998054791115,0.6432188757859703,0.7843726930203223,1.008928759551067,1.278325679691017,1.6233438860570695,2.1057957784518337,2.797899432500304,3.7258710769197316,4.704206911120661,5.284772479154758,5.266913152468976,4.945817633384067,4.599076119078619,4.281948679817221,3.9497707774795456,3.5511401121467907,3.086751228167136,2.642703020620979,2.3064421863347278,2.0751554216213206,1.8955680607559862,1.7210028850376062,1.5246077328009424,1.2959358847352016,1.0403741028074867,0.7862299252859651,0.5851665974488787
0.062103677520920504,1.341719655703898,1.4303755012462,1.4683267059355176,1.4476111608227318,1.4075891958387685,1.4098374900902413,1.5383346801433293,1.9381462894366404,2.8310498668083786,4.305050996757975,5.84124953191784,6.684385019408552,6.762929523358991,6.363477798812355,5.662196584180427,4.721601045985147,3.5752695165353026,2.2952060326905923,1.0930381174006674,0.3699875458603835,0.40759991472842455,1.023412086246587,1.8292322954579627,2.538483143543965,2.9685391962894654,2.986099464441332,2.5527495877455912,1.8462521664739546,1.17553289203529,0.7089013554220644,0.43686931139321783,0.2937508716743489,0.221702838376907,0.18021719650990264,0.1505413651728152,0.13933254296552502,0.1562311855197223,0.203927934986392,0.29502622145236834,0.46066547923129403,0.7405008337638309,1.1254986533370333,1.4776019948405354,1.6418286685370487,1.6548107123481688,1.6380632265105945,1.6364435884487287,1.6161784398972956,1.5037685799328944,1.230894234343549,0.8320763535928626,0.4764315555283888,0.2854362050227032,0.24200205236351957,0.2818939078902804,0.3514302763815403,0.40842759799202577,0.41406897410023635,0.34314296231134134,0.22436273194683115,0.13795909344554383,0.1314763678962249,0.19850280812165122,0.31839370348188684,0.4714559257830576,0.6355249904111177,0.7898706170434018,0.926326652763075,1.0455599417185062,1.1453013601923947,1.2189685589612564,1.2584420516674784,1.2539165138822503,1.2092745074885536,1.186335928170359,1.2841696779771614,1.54925264988212,1.9831797203773842,2.586875598335591,3.3392873792206292,4.091504003418624,4.429310546394789,3.9136760919494886,2.7815627519276926,1.7032561838613578,0.9852382340931078,0.592391278730273,0.43176092049310727,0.45078672129000147,0.5957506631232251,0.7523363850320893,0.8119467301670873,0.7586927002387097,0.6298979801387636,0.46235258249122263,0.2840540101446225,0.1236079928785764,0.019158143594614964,0.014320268450964055,0.12341449107075782
0.06221371095292887,4.521557100840059,3.5947230509587498,2.5314581686607185,1.5820120207392436,0.9153270647896108,0.4988280540206521,0.22589019962530468,0.0457853606621881,0.023417118211592987,0.3013238542035066,0.8275685872700244,1.2509833905117407,1.4067040702922153,1.42717874311818,1.4775412763421618,1.6422688344657042,1.9419901031234303,2.4079684059597173,3.1692289204551183,4.373483315093336,5.842163108487823,7.037197361705767,7.514390848963457,7.151602509245577,6.066777586186012,4.493718800350921,2.778393341731867,1.3883220896580735,0.6521707291685711,0.5718572177369825,1.0099613430561654,1.8683938123752528,3.078936037463001,4.40031381009377,5.148376452500707,4.767843230996682,3.7804713190721726,2.946411175439512,2.515094743971801,2.466183186683402,2.702859968865259,3.004177401496197,3.029822511446305,2.671824548466445,2.188314772375558,1.8202736773513988,1.641133764602616,1.6555558522729363,1.8488511484152512,2.140390377693867,2.346316463744954,2.3336173482455083,2.1650434771689273,1.9522406475388543,1.7255654186828175,1.4514469452105188,1.084434084524564,0.6297413100743995,0.21833149058910625,0.056710884448162184,0.16291670764229357,0.3445727538734125,0.46160345691240146,0.4946892650520975,0.48257944951192877,0.4822612993578042,0.5394615602155587,0.662040746284034,0.834470301927191,1.047170975231604,1.297516401103026,1.5630932977142296,1.7498081945857107,1.6743248811867197,1.2605414587823178,0.7456503102953658,0.39087070815356506,0.23183847817230077,0.20329036904588052,0.28349837370589137,0.5202751268463672,0.9237773271862999,1.2996753699361718,1.4003730488143753,1.2405692832626385,0.9600574669506698,0.631647897648204,0.29289183335212254,0.04613563542283389,0.07539776487045796,0.4487159777944316,0.9682084162055785,1.3920961244991925,1.6162354320176973,1.6307431966739152,1.4568160414787126,1.1308492785339281,0.7156049496113285,0.3171154736383039,0.062265702191054755
0.06232374438493724,0.36421084609644355,0.32066535909299804,0.2982638159198856,0.3029435761656131,0.3524701279351499,0.47812475336799803,0.7304498984189761,1.1933689277936401,1.9729862842803727,3.0557465042003873,4.089418417723305,4.68777829427436,4.880512550826057,4.838096323035413,4.615595363342535,4.169150832438213,3.4242256820156016,2.363911310297574,1.1761797081743184,0.31998284738864413,0.12820886169924023,0.36584361301838136,0.5631698949933618,0.4699699641038675,0.16401889397837768,0.04955757667035292,0.6951127398199054,2.279298673906141,4.267345965605358,5.984525512981903,7.084294757284109,7.459857396596983,7.099143439197579,6.072348610331997,4.65102940008863,3.368066816251134,2.549518814671452,2.0597027787831004,1.6565593751231416,1.1930123884470505,0.6500583278480546,0.19104700817958184,0.12956615355063147,0.5740177546023016,1.217427579270859,1.674476521071142,1.7459551177085324,1.4526237560706106,1.0155338163791041,0.7506837768582578,0.8019568620237034,0.9772020046680533,1.0358007130065692,0.9262283857145436,0.6965413704329068,0.41897217410165843,0.2176747307415741,0.31879723808031424,0.9631468678172803,2.0182043631263276,2.8766012856573364,3.161932585700403,2.9933162339572217,2.6211294028411514,2.247475301418763,2.0337915377946176,2.027581041798407,2.0845095318629707,2.005084702855839,1.68859085658662,1.1513566863007807,0.5321238424981705,0.14488890963532408,0.4136062868605567,1.405481072129811,2.562876853599448,3.3656121877476095,3.708743107953778,3.661341214862288,3.2910160828879107,2.6577044148683044,1.8793020729980532,1.167034418006503,0.6809927808819379,0.40036019169624426,0.23721015001062998,0.13265248498800647,0.058759384546746556,0.010897747938212183,0.0045170921721682245,0.053220089410285644,0.14370648442486295,0.2515821254210828,0.3631324426130576,0.472624493019663,0.5731592369808662,0.6508660824089202,0.6829113357557071,0.6454493427304875,0.539700218299958
0.06243377781694561,15.580292046753655,14.989482542671729,13.352207540637584,10.961578022253997,8.5904255880363,6.785044010806581,5.714544064505045,5.399830498879549,5.839806659130532,6.8481820226901355,7.7991730163740245,8.144872570253458,7.980163121593024,7.571403720133559,7.027908074474243,6.34769576243206,5.4725376380447575,4.309856635741857,2.8516254314071245,1.469538154277675,0.882192025687597,1.4430334704615297,2.898904742720687,4.764961130879575,6.469717034447778,7.325567001491506,6.792062887320303,5.110138160285862,3.23394966793269,1.8403577205689838,1.0084093623730837,0.5769607288506383,0.39159408729932305,0.36218284485573604,0.4403375994991604,0.5428108368682432,0.5715334766684819,0.5350675883411544,0.5409788545452668,0.7268812757834527,1.180800991797012,1.7934403299032826,2.1985010740295077,2.1681973873170732,1.9039037861076402,1.6583339069279752,1.5042936549781967,1.4339699868817775,1.455666388326438,1.580215649421708,1.7271100419447443,1.7434420378228186,1.585446667654247,1.330143654678355,1.0565800582607305,0.804586849369311,0.5883882736514219,0.41676077761092933,0.306994351080548,0.2725569081881388,0.287082857412159,0.29864728761711296,0.27616685060113305,0.21815515408532055,0.14512096136485772,0.08901795110083503,0.07379827432463855,0.11046845865918595,0.21366209300650174,0.4066798857479295,0.7169530227962447,1.1720125149836709,1.7584207966057235,2.3020380375037424,2.4725753934421073,2.1637456165325677,1.6071648514860732,1.0324728419825355,0.5433748165499939,0.19006772854758855,0.018874134371493795,0.05449744569073154,0.2569702058136013,0.5568678987612898,0.9073146561043026,1.2576765170083937,1.5717017671016376,1.8859985326859772,2.3274557976729984,3.009727866674982,3.8356227104473466,4.549701511452848,5.005632875833428,5.189700116170918,5.108872679654526,4.750126658989772,4.096497784074791,3.1686294360662983,2.089457748436104,1.1126366204948837
0.06254381124895397,5.547435925730016,4.903043984998816,4.069893575166816,3.1625185695316698,2.3544627162095795,1.7044293783683138,1.1670087131864932,0.6838484897183241,0.26023285874369634,0.017764072120062854,0.102678848870167,0.4504575272674433,0.8959131401595152,1.4019729945485575,2.0195943236969844,2.797625106320823,3.7322015628299803,4.701532466216663,5.370853574798651,5.293891213161032,4.434654587994832,3.3016020679480453,2.335133077717573,1.6481308597612392,1.192100591008841,0.8918059404920029,0.6881695143125128,0.5500761061269954,0.46906262338541316,0.4408929221197219,0.4577997541662484,0.5103833403712816,0.5842980230141283,0.6469747396981136,0.6475508279820499,0.5809969217932004,0.5174873181173117,0.5125476009963488,0.5823348091237666,0.7334761813915037,0.9583974073802121,1.1858972263902956,1.2667854797104334,1.1302832955135345,0.8800313231384498,0.6324913843948055,0.42718051560405895,0.2704413749732127,0.1817230089884475,0.19890675632115878,0.3285963277205537,0.4977375176023566,0.6165045513261498,0.6481158169140452,0.59067858572445,0.4544322345951745,0.2713687255692599,0.12894407851347267,0.18881526424758657,0.5666541345672232,1.142692167006696,1.7053337257666792,2.1897395535136344,2.634512195763289,3.0451360784655837,3.3240449779150563,3.3516471935808028,3.144123511270403,2.821653968200448,2.4668655297971362,2.0856859705846316,1.6372117674416995,1.088864308817276,0.5393659290692989,0.28796423222013484,0.524003573437287,1.0820163950080761,1.69775352480946,2.206626436101476,2.511618406635246,2.49655900410172,2.03154676030999,1.2146723027165076,0.5061734432013316,0.266983767284768,0.4974990962049373,1.0393718624216988,1.7084416504342466,2.276981836867081,2.4766809213469654,2.205056857577826,1.671673571282026,1.1399591935944982,0.719343768992178,0.4176788807510641,0.2243158501823785,0.14179648846085957,0.18437032232243047,0.3495936506274782,0.5740379494035808
0.06265384468096234,2.263447845441753,2.398616879834197,2.4525247024385153,2.3944272396054984,2.2534939191011856,2.052208550580771,1.763072176635755,1.3329055286721563,0.7700184926270633,0.30412944850895257,0.3500160006343065,0.9450745267918645,1.6858142405895902,2.283567852874281,2.6833441495041384,2.9397509586706554,3.1379316007729368,3.346443192471727,3.555755179245613,3.6457759995917742,3.529893799181453,3.3234004246384172,3.2251050346946517,3.347001560300777,3.6548924608695637,3.9273831302034408,3.8107782212337895,3.1487902979957743,2.213882751847773,1.3737419671103872,0.783987825738995,0.4364476843561335,0.2658655557203219,0.18765483437003622,0.11898876615807946,0.044564374706005966,0.0163831279913186,0.056395437708137534,0.1480533063318364,0.26954801383692495,0.4005151546030313,0.5108764803302133,0.5594257698943205,0.5405860127822765,0.5125803892893467,0.5406734288825117,0.6414247959318155,0.7572118280914503,0.7599265013533653,0.5489362223348516,0.24002645625291075,0.10128951380084784,0.19172388063471607,0.3605119382383286,0.47980409377238653,0.5100748365892569,0.4685333621411291,0.4039068387391356,0.3829905384209246,0.4511345792026735,0.5884969347221,0.7606771140238759,0.9814398726502906,1.2877508993133684,1.669360129867472,2.00345789825164,2.1138414850854943,1.9565733066353943,1.634659749179034,1.2467645094213946,0.8281390410571736,0.4054889015653281,0.09935450726780072,0.163351967432236,0.7401323061228013,1.6057296548325461,2.4753718287958746,3.2698555403943956,4.0037197058640706,4.650891554893852,5.063619473917602,4.96044120326136,4.219344849952532,3.228654035266492,2.4354732454386463,1.886108157466423,1.4166885747282723,0.8963685338617801,0.36054566381134706,0.053065790963450564,0.1853579276335596,0.6131606643985861,1.0111933459721485,1.186198804719275,1.107723259569054,0.8349985636631013,0.47295047776737176,0.1534639204390079,0.004952954482413049,0.07527477101710363
0.06276387811297071,0.7640243203848948,0.42549271548831297,0.3487401428650366,0.536103231446504,0.8651784028377298,1.216025236216664,1.527844002597823,1.7543167669450832,1.807466928008279,1.591417673970161,1.1973058625900004,0.8880971265578521,0.7505497516140891,0.7097827913352454,0.7130571599235793,0.7680712500915154,0.9242610535598358,1.2558077135341288,1.8121801306534024,2.481795657319044,2.937798336549567,2.91357463823533,2.425386232384664,1.6821719554487777,0.9396663061949204,0.4002187736788761,0.13037181843743267,0.04162019346141179,0.02264580391340368,0.052230661100595356,0.14379003416259417,0.269755213066715,0.3431116832769567,0.26329706324289964,0.07368085071970254,0.022842438084900964,0.22365669054746823,0.5513265366040299,0.8800403112542792,1.1418515201644956,1.2759629324311712,1.207564635932291,0.9291985328647172,0.5944090975645356,0.37296633241984445,0.29971518254357915,0.3402320944476703,0.47953076958665686,0.7462757607306094,1.167765475097665,1.6543612281868127,2.0003660327013657,2.105659548716346,2.036348971307121,1.9002313417178391,1.7906568261741334,1.7978702200458883,2.011247775462121,2.4412694580980077,2.884134097304249,3.0470498393791092,2.8776107140674547,2.5223868903317945,2.1181777520140743,1.7275936578442856,1.3650266577366328,1.0470358103102952,0.8038469821437209,0.6405073682316905,0.5266851876104012,0.4256474439669707,0.3286830771461474,0.2906691958114987,0.4390142225896095,0.8512048095924004,1.3890767476469452,1.8210936722711455,2.012727149577529,1.9287903633220045,1.5919935236888683,1.0756247177101557,0.5245171672186651,0.15903821629133136,0.13392548835120974,0.392419947871155,0.7705612153796172,1.1242224949959274,1.3418473985386754,1.338360094504682,1.1181832247685608,0.8416585450043754,0.6894926620802115,0.6931282649235003,0.7858569189912918,0.8974987992478882,0.9779902218226265,0.9926031654340568,0.9260450947658788,0.8053594018513053,0.7123464881067888
0.06287391154497908,0.9160836491388974,0.9659798394540781,0.9171625173013749,0.7975393312885172,0.6920460830666887,0.6537270234601464,0.6612245442807065,0.6237081457189804,0.4280755328123478,0.11380109835848003,0.015040896800237282,0.3081337770422187,0.6990266354123656,0.889861065749498,0.8246619638769362,0.6159301033811214,0.4557712004826018,0.5508603752951339,1.0022412680687347,1.609461379278615,1.9627247278936824,1.9437935014046874,1.7744318356245647,1.6464534507352429,1.582401694934989,1.5108698026319258,1.38693615040776,1.256641927766214,1.187058383533527,1.1832178397248354,1.2103370526818462,1.2290595871317267,1.195484986262213,1.0594128314390496,0.8165618482283075,0.5859061656643437,0.5052540873924474,0.6117173727532923,0.9173894705609625,1.4613924898576727,2.2504014158121546,3.092011505692329,3.5285007515297986,3.2874847967652436,2.62925358043706,1.9214452837315357,1.3298308782698203,0.8838326717300239,0.573780646000731,0.3874420877032432,0.31036768003822596,0.3090907077444828,0.33403127607868255,0.3480325484296782,0.3362471537612178,0.29570692867966214,0.22664134123156832,0.14032703330801355,0.08825367810235957,0.1569065194416632,0.3519610492339612,0.5453337725480365,0.6048776204294659,0.5205593838198609,0.46150046713146414,0.6915995695715524,1.264264020208324,1.8851882183766435,2.238913167985113,2.232866919297195,1.9377970314237445,1.506241392705353,1.1677016630751682,1.169712718941162,1.540981380078593,2.0253469157926696,2.407547305928152,2.626488700171263,2.6500050881884554,2.416200103472633,1.8641530952113567,1.0633250576385578,0.34708445336055893,0.031052603901028136,0.02887411390510359,0.08707846973411904,0.07582609172409485,0.016568998001926755,0.03899597779092643,0.2914807750363802,0.7658492809312248,1.2756032827052897,1.6753135002309414,1.9500468796204111,2.14675064355619,2.320085957801659,2.5131902374957145,2.7411635393742135,2.9642862233204808,3.0846292101841732
0.06298394497698745,0.08314718064479334,0.06136291076274269,0.08696751012371379,0.16914349771284276,0.3040680988124111,0.47607358170024205,0.650755533195503,0.761026028202382,0.7155821520514529,0.497658332936255,0.2984648848283004,0.3144166822949631,0.4871187268666727,0.6801298313430266,0.8149553110343748,0.8432794911744033,0.7221506034759027,0.45102983358775045,0.1675427351361912,0.14586144354680503,0.45890663032053863,0.7772783745299194,0.7822087273394305,0.48521480030579217,0.1708937416607939,0.2187757774561253,0.8139092242692513,1.6549254137175764,2.2312482364454445,2.3837587400382128,2.2759189210594757,2.1041979999100193,1.9796233598718567,1.9134526825594622,1.8195925386031127,1.6208528023968034,1.390445528573422,1.248190148139807,1.2552518656929659,1.440622346555689,1.8140678098452951,2.306786663539577,2.718793761473883,2.888835502839,2.8861998496527557,2.8631217967871456,2.896246993840797,2.982842637793784,3.054520156037502,2.975889224005282,2.6340457225378957,2.117875775692008,1.6489626917165596,1.3544192402195578,1.2604615868505131,1.3886576906459027,1.8092433967956485,2.6283911601521703,3.833351314767368,5.035358822592125,5.657891378901713,5.512430385735958,4.779834825020019,3.697952289630048,2.4925307448636658,1.4238783679224254,0.7139696530777457,0.37727960644024117,0.2589694603809705,0.2128268564132783,0.16896919291269175,0.1238518361287063,0.13018112289128633,0.25478426946860466,0.47480922979805446,0.6867041749880111,0.8499027414715044,0.9960314672089642,1.1701166484092584,1.4131461348525733,1.7420231158220327,2.0895652531218953,2.28423984815863,2.2219535118643345,1.9785155972460367,1.671163082622374,1.37712598707403,1.1420704253912852,0.9882212952375962,0.9156990172079917,0.9058168763288861,0.9352123483713769,0.9891767736162949,1.0588721215982526,1.1343986149517866,1.2031711813958927,1.2538771161897282,1.2864778897154516,1.3237500430856113,1.4019948107766613
0.06309397840899582,1.2381333878293532,0.8142689365312942,0.6306457900002743,0.6823272805712464,0.8439606906585244,0.9795057627028555,1.0005046560352258,0.8582736045133652,0.5633823240410101,0.25536371215627174,0.14525648944421374,0.23484584631331148,0.3542067693147694,0.4120632754114497,0.40075167612553925,0.33665418132812835,0.25892302158531694,0.2716565757385667,0.5791546982187262,1.361890347770352,2.4735255869059802,3.4885385204016557,4.104498014735936,4.251394035379858,3.9854391850774435,3.425193439318509,2.7409070746154955,2.111835237779773,1.6186350769040125,1.2248881504518705,0.8696670905623678,0.5271400629057459,0.22220786814380486,0.037467129965904324,0.055501743588645,0.20224116820419144,0.31255321947808173,0.36049060874857225,0.42201473966216463,0.5718694572120748,0.8419110558106667,1.1831519837307127,1.4840914698366434,1.7271098749965965,2.0169191469836574,2.4010124456989113,2.8111153548125434,3.1001565628224927,3.0772357207689605,2.623084739047463,1.9052988262564858,1.314810713993925,1.0395961627309873,1.0122029933221444,1.158005294126882,1.4902127036868231,2.0867644152690255,3.005578108914059,4.065757583176902,4.679610741162813,4.361550091902841,3.3283600902519597,2.1232725961812395,1.1403994999200415,0.5667708069272976,0.40609660318696084,0.4816732458149665,0.5743909371089833,0.5928911581479,0.5575289845054737,0.5109871187501188,0.4783050140175039,0.4596956903434799,0.4303064968792544,0.3618794451873596,0.26204256885268074,0.163508274943335,0.09360054835131786,0.08510385135681005,0.20455662888510803,0.5594204782908448,1.2086983938949407,1.9592619160885731,2.4359580187684915,2.4878581284866,2.2123337582260065,1.753814181529992,1.2379610614230765,0.7790803592169394,0.4737091426258259,0.3400885240989165,0.2979095709204984,0.2626111918238965,0.20388392253905196,0.1264976395676591,0.04938738989750585,0.00669188586375251,0.061070415534919084,0.2997300630598243,0.7615198169235772
0.06320401184100419,2.1387278710684474,2.8270290924452586,3.375172479026576,3.5977832623538473,3.5132034975494832,3.2615611536396303,2.953740511304488,2.630302003954331,2.2882264921332074,1.9362500996963294,1.6395589760251803,1.4420880429693859,1.30364945597488,1.186030842279366,1.0967659930457037,1.0740985389990176,1.1777843645750325,1.4906461698277833,2.0831205883752713,2.86929468190632,3.5061835350667145,3.6412309029008143,3.184827060455868,2.28804752106714,1.249374888138551,0.4514808380107059,0.21179401711135595,0.48681885852882684,0.874409167809109,1.072681466524671,1.0660300499036606,0.9478277897262835,0.7614609653488013,0.47622464122681124,0.13682247783291276,0.007651010381679744,0.2688845302497229,0.8150778928787161,1.483189236831362,2.1551590299547523,2.6912200958499577,2.8599772119108398,2.479009717202646,1.7284459948167104,0.9953176063020587,0.4683860616178393,0.14920183145073554,0.01387997732899413,0.07129223894095896,0.3269026865302197,0.7029626653966249,1.0419175308101865,1.238692865947207,1.287736269111215,1.2194176683281126,1.0590217598269573,0.8228913420305677,0.5322431448430877,0.24247475050291717,0.050128019037087836,0.012325498929034538,0.09502302308424221,0.24403458597686997,0.4270861964649001,0.6082228826627479,0.7228552123978123,0.7118810616335695,0.5859652688752058,0.4140968598252827,0.27779320860741114,0.2814706026845347,0.5893277716956766,1.3743553768584282,2.51527974606814,3.3332544279182152,3.2676013697880157,2.560909890556004,1.7367892030679906,1.0972416206738274,0.7239937108602035,0.5867086333928762,0.5900742357808213,0.6012508388228359,0.5408599622620277,0.42541566911103756,0.29351032560399354,0.17879108039872968,0.13902547889356093,0.2616440895510033,0.5806920842209575,0.9566420988974959,1.1734662436333725,1.1534534677967934,0.9508109497894742,0.6512671940239966,0.3388235348097404,0.11037065798656882,0.09462224276477299,0.4243757432513165,1.1087272769919696
0.06331404527301256,4.842989067999794,4.479500711762448,3.7718945664948857,2.9247604321969223,2.212228640885641,1.771038834864569,1.6193113865326205,1.774099411712463,2.3265637837557187,3.3583554493264187,4.63234556825566,5.659575593116242,6.245269061468073,6.458685898830502,6.366551944713938,5.9807444455096,5.282202060582536,4.250014587093285,2.9501342738325897,1.679578974956626,0.840328343546569,0.5225525308576611,0.5230797014053069,0.6602691933773847,0.8673014639380896,1.1318416380834397,1.4224571298607136,1.6662330043238431,1.814839290326852,1.8885749614435645,1.9334260467410647,1.9847856479840178,2.064728829868582,2.1735306027771255,2.257007785232896,2.2381093435601915,2.138523825742205,2.044723026431315,2.0032498158131573,2.0018344107153627,1.9630854264179707,1.7447255060980307,1.2666524329583189,0.693226392482969,0.27126904695122767,0.0744112890848183,0.0451806908989184,0.1092011864868241,0.23202035386320677,0.4422017359307126,0.7800360657047981,1.1874796141484625,1.5481148045347675,1.8107490912759918,1.9860286148156805,2.098115024112919,2.1637196439655013,2.181600056849906,2.1338165743839275,2.0435488542325113,2.0361258045264115,2.2459004805562266,2.7011009018938688,3.3141671174353036,3.886149611915947,4.152873303141832,3.977012921534394,3.4883819297395346,2.907758406828098,2.3481713551824512,1.8244201436608938,1.3383626748858595,0.9352636099792467,0.6879281036157279,0.5896022306301772,0.5206811380697095,0.391628833497031,0.20971699471739755,0.04487405420578616,0.01767598945634009,0.28526700805546995,0.9032616389545441,1.5609560440181458,1.766281180773925,1.4656561134129225,0.972107710073676,0.5629136704637637,0.3776867754678957,0.45003056157330795,0.6908223131342258,0.8997403056179037,0.9394206378988873,0.8335154212538656,0.6600925679058834,0.46833710231692016,0.27935861105551535,0.11496184524296925,0.03090251734799689,0.1313230749558095,0.5020973123039735
0.06342407870502093,3.3369798252089278,3.0499045876045705,2.652950599528832,2.2496628551859796,1.9559668973250788,1.8040097519831553,1.7492638903061366,1.6968012990539714,1.5050558296864467,1.0586314982969414,0.4866477759811973,0.11125204796961886,0.04289984024485638,0.18473997953114954,0.4208563368965239,0.653243982786443,0.7875264745537729,0.7591001260592749,0.6396950501670438,0.733663691444173,1.3460185258821038,2.3926475221996277,3.5100918903503255,4.362146207592074,4.727384546777361,4.489972420863514,3.692275626643417,2.6294698933348486,1.6989097336349013,1.0958707635771643,0.8050654059944385,0.7635407558588981,0.9537614287235748,1.4020121128339738,2.0465302119741655,2.613871922339223,2.891888379818134,2.9267410737726327,2.8323984999500302,2.6872375560074975,2.5528706675667276,2.492901567912028,2.5486003984300023,2.6979789981784537,2.8772917073042485,3.0204290890155914,3.0557193187819367,2.9023871976295585,2.4981275395060636,1.8759920614387262,1.2365219918592434,0.8058796053841386,0.5983595489509006,0.4924852237251892,0.4017999785307167,0.30483254296578466,0.22747567863976084,0.24033783850926901,0.4331751195909713,0.7969223383177206,1.1500479050079002,1.3097615627007078,1.215240935670813,0.8917783192261758,0.4683524291611634,0.20102411151049235,0.28834114579021075,0.6326024854493992,0.9611402987571119,1.084154136716617,0.9587974555021799,0.6569378173642922,0.34085676281599075,0.196993303916775,0.26581244415718025,0.39858667585963514,0.48028783481990195,0.5132381784948855,0.5309331311825788,0.5486545245326677,0.5569733848880261,0.533433520179815,0.48882981782642176,0.48838739912042006,0.5614156915674676,0.6599478224776575,0.7207815533792716,0.711388214916146,0.6413996561350611,0.5626813720075063,0.5369052144916804,0.5778290879931532,0.6566190117000675,0.7495313290431577,0.8549302360219925,0.9896813889285998,1.1861763532946064,1.487814397427117,1.924028834175615,2.454073775883258
0.0635341121370293,2.137674110162301,1.780215692171236,1.2265309977945469,0.6361270912334116,0.20809867151230396,0.0315257736716877,0.08735775405427137,0.3025849118064454,0.56880204627373,0.7529636106587838,0.7848544364156146,0.7343128030077437,0.6894684185821388,0.6779982392864508,0.7135271036896248,0.830363596530551,1.1021043591570965,1.6611199131569163,2.6553059461107718,4.0089472805436,5.208964761642527,5.675004869256324,5.221423929905805,4.012987057933528,2.4127386826109833,0.9536190207782121,0.23537853081013854,0.46340919740400377,1.143606215385749,1.6193468440507992,1.5939531420602544,1.106102075365803,0.4190324509755039,0.06921645935387437,0.7709074763054935,2.585992871682179,4.621082584048983,6.206513598310271,7.259397968207613,7.834385788198639,7.836726493695273,7.0323599878915966,5.45024802361061,3.709094716134436,2.4318693929015938,1.7280858861413413,1.4256731052284057,1.321820833049079,1.231259364213349,1.0061903744560687,0.6394119330957212,0.298756370129229,0.11086806657757832,0.049435068401934415,0.052553920664503415,0.10969760375787091,0.28125258779164486,0.705521636989892,1.5425314804013495,2.744086329981746,3.9293882819213093,4.73922917053175,5.0758467149020445,4.970989674138767,4.473008520153843,3.674556096109987,2.779399099084544,2.0185470135546892,1.4936931421812392,1.1822642170757307,1.025395866740205,0.9745839199164243,1.009238539614666,1.1503077391805514,1.4239135347888396,1.7629924473272296,2.0233695845669897,2.0994598431576263,1.9624800437915804,1.636419585843989,1.1802040398815814,0.7075323778407524,0.39336586846374133,0.3418075924884267,0.4906508786128107,0.7420522212315993,1.0668378934067795,1.4959971740374804,2.058811729475612,2.6801790606146265,3.157697064877345,3.351213801139896,3.295619891262443,3.084497033662969,2.7819066221817925,2.4306640111740747,2.08797147396552,1.8531677098854245,1.8582682420500043,2.176113836258769
0.06364414556903766,1.3768754071183067,0.573489569160393,0.09233061302654141,0.037716553339528065,0.2740911798766723,0.5918617159384874,0.8758496629124995,1.1214490597417583,1.3688426036714003,1.5904258347437106,1.6397006222811343,1.449233027649638,1.1296712723251148,0.802161117399215,0.5374465642752475,0.3867107373026999,0.4038992518750143,0.6644335557737273,1.2757403234423637,2.3106678627492774,3.685937329271372,5.211612595938534,6.709272949803202,7.963606245168394,8.665779604361704,8.494949351949176,7.37553945761606,5.744369758966793,4.282141254226632,3.33156865296802,2.8530338056378115,2.691881035873502,2.723656895673954,2.8847900201432872,3.132523976387591,3.368373463626156,3.505951737311659,3.5638732059858,3.5925517174279062,3.58930559890487,3.4452575496553894,2.967083963978213,2.1469468104808125,1.4168358239964165,1.2511674146171095,1.767351574952168,2.86556915699249,4.372319782356346,5.960562475994884,7.008906801629342,6.863938874917967,5.612195207968767,4.022575203424429,2.6449394241521897,1.59581798897384,0.8326875548367764,0.33115297318594344,0.12931062677498253,0.27712370627774763,0.6861487885079015,1.0995423557729813,1.335038038566484,1.3793353218730542,1.2710081682989371,1.0404204302721165,0.7339786279150753,0.4382919763301506,0.234072736316133,0.14126416394999927,0.13569379810004403,0.18866455271016896,0.29062497870541487,0.4599913922778408,0.7071975694771416,0.966178864485228,1.1587473295941868,1.3136745424901497,1.509883019340259,1.793158605796888,2.1471750222056207,2.445533342707996,2.4148122009888757,1.863856802331217,1.0679010013092018,0.46642282033020854,0.1679548019243977,0.04774465696199835,0.009301878505566808,0.1362280625798546,0.6568174229647402,1.6219915103753615,2.7140436176057996,3.5708835162554915,4.035957268825678,4.098466099129176,3.807159306618802,3.251613231093215,2.578857417040438,2.004127883066143,1.744324043606922
0.06375417900104603,0.7628647194441309,1.2577832603212236,1.8840640934914703,2.4799904418382313,2.893658762228948,3.042092057254553,2.879744310448358,2.382001166473428,1.59051207294412,0.7198466244344093,0.14807923717971536,0.03245236661507718,0.18383902952082173,0.40782271774736717,0.6200990457776966,0.7778347471167047,0.8288715166758024,0.7096313172708631,0.4128417033915215,0.11430669726534004,0.12882017959992356,0.6138482196416966,1.5108607144754556,2.7218845026937877,4.130733335086613,5.450706540523373,6.147626648105287,5.827401826777997,4.739625014885574,3.469901723547597,2.3914088452089732,1.6132229707605903,1.1409477919377977,0.9799183526382588,1.1113660380094323,1.3807424313465178,1.6060126859059636,1.775955545804167,1.991772888658926,2.378250981601001,3.0382886999507472,3.9257869543434807,4.698607780519384,4.980533550867175,4.798887434630051,4.407784776712766,3.9633496452823005,3.4890737167862858,2.944159487644465,2.291826336725292,1.5883010364164147,0.9914224900826822,0.5988091465243154,0.37988856171979946,0.26419537820116584,0.19914222946549406,0.15353419297365004,0.11042939165789782,0.0662912563460217,0.03012520672516027,0.009233968389973517,0.002292435432630025,0.016105995090474674,0.07441581571909363,0.1996740565584148,0.37184058779051693,0.5173397063737628,0.5798774160123478,0.5687605967298567,0.5144052784603013,0.4286732223281939,0.3260557355830523,0.2795375076451709,0.4091250336909246,0.6887590869954007,0.8686674503291867,0.7853015847608007,0.5058038109626065,0.19516862012557282,0.030254139105575766,0.2040938253075535,0.8875018401463033,2.001263412532401,3.130171186884184,3.9783166910787235,4.5938292799395635,5.137059081353897,5.683897262952639,6.131053407547585,6.205612206610206,5.7351042604249285,4.907972436486087,4.044514068881876,3.315092286131969,2.7540459804731277,2.3513933381152334,2.0961553195366314,1.9822542818143272,1.9958457090441304,2.096687516577282
0.0638642124330544,2.2803326887896906,2.396824648179984,2.4766237052961353,2.450770480874953,2.3062545768754403,2.0902403585741136,1.8839627372060463,1.8046430316020474,2.0113675760058194,2.6000266525294804,3.3590192281520466,3.9029495551181066,4.135656717670146,4.177810486193806,4.131907483036237,4.042836074589117,3.919829698870511,3.740621704876655,3.4500800670931757,3.0146399161817654,2.5110451476574207,2.057952833063085,1.6719500284153095,1.2830773477876447,0.83565373017782,0.37692074711210194,0.0750651684782164,0.06566010639179994,0.27686454051273957,0.5378896291800633,0.754039336295067,0.9135241400540796,1.0333250968266332,1.1231046892877352,1.1581935039777695,1.0873580780310033,0.9039848087503822,0.6530959332104389,0.38796052375337736,0.19169373362427092,0.2551835133546981,0.9077342031429245,2.3303929796458243,4.108005024080139,5.553399089875108,6.3439299734872705,6.5164016346032305,6.23744507078222,5.692245928910755,5.047895079909803,4.447813024694965,4.00413823291134,3.7562062028758323,3.670686750503954,3.6951123063549547,3.7897208612193993,3.918381550839027,4.004022921221028,3.8837431085998935,3.406690184764498,2.6655180012126243,1.922964795379681,1.344168198118564,0.9754799661250966,0.8317867580279645,0.9130380253548409,1.159920687095214,1.461263960669771,1.7329053707265107,1.945445388019475,2.0944118571193617,2.1767211026759608,2.184488439721233,2.107639883199772,1.9495534775395986,1.7416822157596161,1.5213017074013222,1.3070042207955417,1.1024046438479078,0.9043076377770694,0.7050326685146188,0.49874131170738284,0.3004916864674118,0.145613073759978,0.05294239576324,0.024286809888949594,0.07608461840848539,0.2555307015535614,0.6225778029603393,1.1633257551827891,1.7017084659371522,2.0220506426561435,2.0572127932140254,1.8584347693697458,1.498068165992034,1.0426540024535775,0.5684390626307564,0.183433891286697,0.024728704820834852,0.18201068318987454
0.06397424586506276,4.204879366400465,5.010226056691452,5.8035895159158635,6.362103736490181,6.615162570233421,6.641077254163126,6.539970727199617,6.344504442680401,5.959805772659542,5.19227788386148,4.075477583502236,3.037969734177079,2.379566860854479,2.0815822345943045,2.051020579631514,2.2368558078637792,2.616460770550516,3.134612053934838,3.6219297680412814,3.8154765240973703,3.622702862588411,3.250025640426413,2.920530157204911,2.6914000287286184,2.498082670884135,2.2247019057618282,1.7946928799156519,1.2834393234501016,0.8641647351266811,0.6250845935153744,0.5451400835676745,0.5685769150188827,0.6328009538827857,0.6604569953245353,0.5831676291882449,0.42486037203324206,0.2824140050207238,0.20472638620762879,0.1958279466047236,0.26947262686475854,0.46926476074864004,0.839126101747724,1.3218078841539225,1.7241282126027877,1.8949759870954046,1.8258695260912114,1.5716389075386017,1.1935083578521548,0.7692433673230892,0.42465418211736744,0.30857167794414375,0.46633445801621254,0.8037490790568308,1.2134792539481343,1.635168324109152,2.0290381381078535,2.3470281435386258,2.515101019350586,2.4445913027376265,2.128841186965072,1.7228194266254384,1.3976388793276795,1.2055242336604313,1.1312959109633116,1.159984831188682,1.285573192817361,1.487356747554124,1.7286061244912643,1.9896024407240689,2.283948553470615,2.65124322621,3.141722827630947,3.759744372674836,4.335506301571677,4.551500315748686,4.340849816947027,3.9715919467485,3.670377036106603,3.4850686204703023,3.3513588531469574,3.138042531714702,2.72656147191602,2.233193338553506,1.9819818549891952,2.0091797678138086,2.0315861583144827,1.8350355163066674,1.4174729256074978,0.9181045657386585,0.5127626464661796,0.2896735756361539,0.19393119238208922,0.13716466993128337,0.09024385797489161,0.0718383578168758,0.11770575454849158,0.2653711639532482,0.5398864798780616,0.9214483626640461,1.3084306316018464
0.06408427929707114,2.458194565451916,1.6613512687289869,0.9251472116472294,0.3908282243226024,0.10651377850673324,0.025020949873499464,0.08284662408418546,0.23392964949016107,0.4258045854043598,0.5645308859280999,0.5656706434198481,0.4682296095262247,0.3668406739473795,0.29921253125828595,0.26041797378712456,0.23587602631739127,0.21146749086826505,0.17705690675859265,0.13359852996274124,0.09792433284284707,0.08868539164765608,0.11026079587290048,0.162928993869758,0.2535716169860244,0.38895433699703474,0.556604988164581,0.7060264329228562,0.7740999987561522,0.7542520812207403,0.7033101765089051,0.691831329417994,0.7876353840307996,1.0650829510630015,1.573932396340387,2.20149074518599,2.6417832828838277,2.763535170297089,2.7134349971620018,2.6374726509433217,2.5727308918581353,2.4648657712852065,2.2094027033274815,1.7720034901837785,1.298532985664008,0.9676903613932173,0.8166301679851541,0.7734927806315737,0.7310604402710449,0.603091503658582,0.4085077649088988,0.31067948739063533,0.43723400112018157,0.7033068804536773,0.9495204608803328,1.092045935150585,1.1229110677450236,1.0795418404637753,1.0373652225216479,1.0981974646346273,1.310432972389339,1.584938365953359,1.7959203784505753,1.9068993035488893,1.9440254960935874,1.932827807196932,1.8740839697994254,1.7630176929110835,1.6182480680264173,1.470205539290653,1.3333955716392218,1.1992217292766338,1.039738253436693,0.8221715140466949,0.5604746591001224,0.37134919749193085,0.39445666201682256,0.6650791442042377,1.1439966550535234,1.7806144677339988,2.5006924517633475,3.1233124369250285,3.2928610566880163,2.749562983362946,1.811270457017095,1.0246135752686854,0.5686062255763428,0.35711350676371856,0.27880322837067306,0.2658912198919067,0.28586398970942567,0.3229674207337209,0.36461309452826307,0.3977970358039998,0.4102617665476325,0.3907515715598204,0.3305144617207239,0.22930172041861574,0.10780643770358829,0.019762249226948955,0.03301439548570579
0.0641943127290795,1.2369121892507258,1.555196659624042,1.8468088990189468,1.9916234249103328,1.935109252183163,1.6908083800374154,1.295597116344862,0.8039297379365684,0.33116798610940695,0.0973777719670682,0.26762128714635636,0.6635135158374545,0.9868863712081948,1.1379433761947222,1.1500223124289386,1.0703805994518383,0.9225209329493204,0.7158728698843729,0.4852395321117305,0.3243473643237365,0.3178359610134212,0.43626578079878797,0.5903098855923393,0.7243580298119301,0.8131536132998309,0.8205036424683634,0.7022584265182895,0.478087203378038,0.2493314319043008,0.09823692770645658,0.035247834426490966,0.0297891817069822,0.04184024345624301,0.04318363013239657,0.04549859114071924,0.08508586419124749,0.1490686594790244,0.1966432120025445,0.22956861571926487,0.313502624253276,0.5781669409052059,1.155870533755507,1.9838335292859943,2.7347246788022463,3.1643209455014456,3.306082303785646,3.306510401968591,3.293706434237415,3.345576137505654,3.4676012584743985,3.585473562488607,3.634063923730451,3.63995244142083,3.6491534594699195,3.650913794667745,3.57801982694137,3.327992609246095,2.8038399785900796,2.0304343223304735,1.270249882501481,0.8014755332844574,0.5856908550794522,0.4311119356737259,0.2792850903602063,0.2431424865335959,0.45091023370118577,0.8412250740792523,1.1979203714914297,1.3953753932113686,1.4713698085543472,1.5324305868363552,1.6785929201181389,1.9642364877268952,2.339225034498328,2.6227701449478897,2.661136013726986,2.4650115098971948,2.1189096396045533,1.692640271449641,1.2369260876065367,0.8006559340331,0.4433191432841708,0.21536830755784558,0.11366064918839544,0.11241951741205795,0.22304977174683946,0.47992413474600604,0.8921391967015971,1.3800349420344966,1.7364648461839645,1.7679958066230699,1.5182999203088157,1.1842577686126536,0.9040205196247222,0.7216362664213627,0.6384270870405774,0.6494282832520909,0.754312561982044,0.9446283488094707,1.1719457186755493
0.06430434616108786,0.480797284958188,0.6375707658536343,0.7780722684400496,0.8348535589355156,0.775261674175924,0.6130587944819271,0.3900312854102986,0.17517057818659335,0.07157633929473278,0.15856493039360176,0.3398566790476803,0.40250586653336534,0.30167244384935843,0.1414487484930045,0.02599308555567224,0.019448717903069873,0.15184510646262409,0.41311805726030565,0.7182412697728179,0.8990089965283492,0.8458786600840199,0.641551712225497,0.4327110725522639,0.2875966343992607,0.2021285857285306,0.15134840499263788,0.12528560985271062,0.1323037338507743,0.17303406827185042,0.2307826695641464,0.28687464904188364,0.3258002514041971,0.32555115895840425,0.2573436027127775,0.13604436661754596,0.06656422695518585,0.1258202548504686,0.2855406934359137,0.5040925675464328,0.7738802992459258,1.0822385023255732,1.326498473144205,1.3161382183874795,1.008139327126477,0.6016415973789936,0.28496444575396346,0.10629040537822898,0.030771755818001092,0.007143179315069463,0.01622036944170179,0.09187989379039842,0.2593060832136675,0.4790371090500181,0.7079932452933553,0.9519190428992622,1.2526271212292959,1.6558485443425326,2.160110460805692,2.633702019223736,2.823877500974562,2.617380318867698,2.171635785155474,1.6886461445639638,1.2771214583953532,0.9725598754796928,0.7604902404381162,0.5972690161036285,0.4542334728458611,0.33625550419882155,0.2605705211363405,0.24340334896436133,0.30534113291393955,0.4769450735561223,0.7793071758006859,1.1753207576410938,1.577909332355698,1.9322146750806877,2.233154205126786,2.4883575238166733,2.6866285086715163,2.7629401765025103,2.589006840618341,2.1167672497122245,1.5629949321442647,1.2044037600030935,1.1150291835404427,1.2212188109346716,1.4010122901325495,1.5080165699067423,1.4124041060948958,1.1160154082738236,0.7652819700129748,0.4855121998212793,0.30377892863751155,0.19925151274899464,0.14812359503704978,0.13497893966487076,0.15134400371328816,0.19497791313172186,0.2700056359468655
0.06441437959309623,1.6704097778882234,1.3881949011953583,1.0856335164437612,0.7950946193234433,0.5564044004505271,0.3864807184299865,0.28890220257732024,0.27961327340322145,0.40642451108284255,0.7208930000192084,1.1597633118721733,1.5497431679901732,1.8211135377371754,2.022974067836614,2.211530394680347,2.410749142828686,2.610391017039847,2.7570202396536425,2.743631075795865,2.4663161891557928,1.966154575425508,1.4229161097862575,0.9721021682455877,0.6418209630799802,0.4034790509978367,0.22001686403329512,0.08111922723953512,0.010989168872010123,0.024639241236241574,0.09946362717677017,0.19891440527693188,0.29024230653736377,0.33996392914337026,0.31352644443612115,0.20915865813649795,0.09157853335003152,0.023253168549188522,0.007250836363987888,0.027120548540715442,0.07028032719207947,0.12103456865711991,0.15653776404041161,0.1664507651062194,0.1765979059782867,0.2202023857205273,0.3004798381462555,0.39877791810005375,0.4912897452210445,0.5497324815600653,0.5357179673540957,0.42775750746696395,0.27927980359999793,0.18857534973468032,0.2117395513440167,0.35507978117534905,0.6058470348078397,0.9451870509936074,1.344943159063911,1.763087905552772,2.166692352831179,2.5765981923864323,3.039313407993489,3.544621150014203,3.9820694238548002,4.14032436529973,3.819667354798691,3.070216276459494,2.20550317399144,1.4864658660507801,0.9628345906254859,0.572290443625323,0.2631264578413382,0.06332105018368962,0.07755310448531774,0.35654053068558894,0.7859148247029348,1.2163890854860202,1.591921383531206,1.9257249452384606,2.2473077421876737,2.5624062267376715,2.8263412052531045,2.982336789499566,3.0529215935796987,3.0948058652202195,3.1005284587904542,3.0230542586470706,2.8222307023025324,2.4852558157398064,2.0545098023380093,1.626905130799261,1.2682852709538288,0.9638258518722786,0.6753209109405028,0.39385828637780423,0.1499353236846194,0.009743374063760607,0.06473507702416853,0.3890672305640497,0.9453763212213323
0.0645244130251046,5.2770182669921715,4.246233775164603,3.1019354510427646,2.0367615508177663,1.219087101485777,0.6745114815618198,0.34080184776439376,0.14714096964120585,0.046291639012144496,0.017579526527361326,0.04552518774230796,0.0940407987306337,0.13045421889570494,0.1478780157461636,0.15161590665009123,0.14664338641578667,0.13501186574328586,0.11648609029023971,0.08971835046348181,0.05591573267867631,0.023320829348155152,0.0035785345540422283,0.009430663325127436,0.07110075981666829,0.26663004154106695,0.7343168058769444,1.5810397674507084,2.6855489853108665,3.728876393188699,4.5056015895916675,5.023955028311988,5.366986150873463,5.5511375814849995,5.424669487510025,4.737402712142678,3.577987405704446,2.430163027597147,1.5680922229953866,0.9577974084409974,0.5025589484045998,0.1671343097766844,0.005563415187570769,0.08537811488447741,0.31562275807340767,0.47535379736300515,0.43575363290152425,0.23547440564861305,0.044287251358435115,0.11557222110744558,0.6330587263693414,1.4107592137291125,1.934340563782672,1.9447880496378742,1.5967490058296818,1.1342761836559778,0.7186519835130787,0.4290083369687385,0.2906295384487388,0.2964176681622572,0.4272681054096093,0.6539904865087581,0.9131811624164929,1.1054023141621236,1.127575799935918,0.9293026728777953,0.5826229952664195,0.2674984299603067,0.11378009596390318,0.11082630531681148,0.18507124465042862,0.2735190259599045,0.3313687613874926,0.33181556001501933,0.2974896106149774,0.3089255391522401,0.39963210686798967,0.5001176369547978,0.539380845264606,0.5106610652105494,0.4527803269455069,0.41789685999547616,0.4546798057570991,0.5928179489731346,0.8201987310624517,1.0875108216127924,1.3349442179446103,1.5069185510020857,1.5565786060517188,1.4517416593340764,1.2073700991057763,0.9186395719457527,0.6951772021660906,0.5686741157407725,0.5115473807287387,0.4917137513608003,0.4930763904746096,0.5156874213177733,0.5730709746627672,0.6868286890593316,0.8669763913074195
0.06463444645711297,1.6362969618807524,1.642529085362092,1.6140222158386384,1.5679909228210094,1.5466204475203653,1.5867739093133462,1.7111187301125554,1.9305386776644402,2.2197162769481307,2.4576033250072937,2.470787479243777,2.2583676209589942,1.9731487970470782,1.7095977202153303,1.4809347448752808,1.2751844978940894,1.0809642307363359,0.8910378068891539,0.7040067284279039,0.5322547233356321,0.39814473278007,0.3065341769815213,0.23561849838219362,0.16019853564975065,0.08397573825441079,0.06203438702380034,0.16849317253247262,0.39945874474808585,0.6602961474903274,0.8886162773110393,1.1177748742637441,1.4597737528852446,2.0980300780439753,3.22379526481752,4.72158450124867,5.9645737835840915,6.536608718400607,6.645477067491178,6.6037274373644275,6.533349611358119,6.369691098411918,5.924286404576701,5.0875323945903235,4.072214948961642,3.215078993827102,2.6407743069724416,2.2968519558522438,2.1006185087877753,1.9929514968005744,1.9287060472974074,1.8701120289552893,1.8177422569928032,1.8140354337071223,1.8943050217543096,2.0657710798535853,2.316080879134262,2.6081224977935142,2.8450227774512418,2.8495405186858753,2.5029457551388057,1.9751092686145642,1.5961924832378958,1.5670061847128471,1.9277080205847141,2.574588379924979,3.209581951844221,3.4617837563365494,3.211989053901587,2.6379319536651185,1.962746259405564,1.3200448345996456,0.7763622754480225,0.37434959553300473,0.13563885573060266,0.036499902163179415,0.01747843403871294,0.028780172680479946,0.05115838576504072,0.09549873146995504,0.20156731279384654,0.4312681071644012,0.8275009846334203,1.3256639096524667,1.7576713359232985,2.007184312933168,2.0510774186863756,1.907179631212234,1.6471074073403704,1.4454791954326645,1.546491236348022,2.047033794137274,2.762493431285201,3.4499973103145,4.0054896289732485,4.434523347556391,4.778381429327103,5.074114354058479,5.328061896871626,5.490220494803106,5.463226033962814
0.06474447988912134,1.0004737141230085,0.4883047465103196,0.15399149833350861,0.1012254949282421,0.3010600881292217,0.6662698136331079,1.1481305221537044,1.7474590306453779,2.4331668014999597,2.978426924481978,3.0013505642034857,2.4651585380639918,1.7246089387745274,1.0561528295490705,0.5513300011696247,0.21890621914199787,0.044228496700742206,0.0028435622891288368,0.052729490305668154,0.13138249454748324,0.2073102084067632,0.3388404219953847,0.6378594301608194,1.2086686880912225,2.1023481487548756,3.215825926702151,4.190559690816442,4.624506495538939,4.517478299858115,4.2068214571172815,3.9568188242141167,3.8189813353937248,3.6798222734391963,3.314838726390136,2.5577198639851866,1.61005601027317,0.8626809643263036,0.426180152754281,0.19653561963188437,0.06546713255408791,0.0022743655975634826,0.08733237796587565,0.44085300908452707,1.0049832034497612,1.5446813360782998,1.9090809206209336,2.111615239356699,2.236448029792705,2.335549822055534,2.3525498046497897,2.1511153747602445,1.713760141787922,1.2091574178986046,0.7966969429997168,0.530307276556863,0.41105268863511857,0.4479890042390103,0.6846635144868192,1.1523847357494506,1.722282466939858,2.091623321697136,2.0613693894817473,1.659801308382079,1.0421247498847865,0.432830428693369,0.06419669041760276,0.01291683056296118,0.13791869731754547,0.26867689610354184,0.34858437594822206,0.39741172116277745,0.4324569254112635,0.42825330356672126,0.3440257479880582,0.21955424390174186,0.17433072136993547,0.26210225263836895,0.44221033820050043,0.6521741239890438,0.8384160540333251,0.9456383823035764,0.9164619370911089,0.7519971017897734,0.5530191352457852,0.41170268458453185,0.3387289444771696,0.30979770892925207,0.30678509999377773,0.3281779948414258,0.38199061198861056,0.46187999483875997,0.535448241333039,0.5673124472617365,0.5377633902307372,0.4421078269124212,0.29114508807889883,0.1218412859782144,0.01363874239799643,0.08455749909362131,0.4164306043612595
0.06485451332112971,0.8020487123443606,0.578755934909858,0.329263302095949,0.13487623013548333,0.03958698806817342,0.04433617461704804,0.15513525188936145,0.4159194738017845,0.8768431278861968,1.448213299869292,1.8228061234657855,1.8336932202702552,1.655097130547645,1.494569011588681,1.4432503793627802,1.513415542150666,1.6627850958013608,1.7856562465144399,1.7336646687901867,1.4542266695300765,1.126512613787405,0.9816104402790229,1.069038500616906,1.314172666679181,1.636285602373474,1.973812857696305,2.2722875786792933,2.509855391305831,2.7371888266148114,3.045192397397664,3.5132293788475497,4.202000255242297,5.1312861745398815,6.14455849367331,6.747281583808312,6.505094830207974,5.681783671854438,4.771977771751108,3.9496158633201484,3.15234183663994,2.2694580738204717,1.2971100851788355,0.4612163398694044,0.042617743409909786,0.03872156129034391,0.25225619716762276,0.5525276657567959,0.9405736029631397,1.5033585167165646,2.325898791243418,3.348610586638262,4.335753610697334,5.093319613879933,5.579619892169906,5.798221710078054,5.71648344016743,5.2600986286274285,4.366438589510566,3.141080569661686,2.00588299689404,1.4098005714704178,1.3769872811462491,1.6620570153576109,2.0672755666301703,2.4762685934198103,2.7783277292014104,2.874327356860584,2.753620752355338,2.482977748304579,2.125589588824405,1.7118624384828667,1.2631112368475852,0.8383463497287029,0.5773853017882375,0.6287828153115562,0.9646897456262294,1.416498368972884,1.8744538955612462,2.345381319238445,2.923510559864785,3.761758779498506,4.984021486946128,6.475851187520545,7.859765919208155,8.853615005932813,9.412990428599821,9.588459844131917,9.405885683615068,8.803789053908684,7.710220573502884,6.281176438109101,4.896328714659909,3.817354846134123,3.072110434895801,2.5909859409802127,2.310588753805256,2.198249168824707,2.241122576769379,2.4184388616094648,2.6675984628785856
0.06496454675313808,3.2401702999096447,2.811185240230138,2.2630378847883446,1.74942107543017,1.4173021862711688,1.3213605230089769,1.4612254853854283,1.8271337010489765,2.362114845474975,2.8429620020318924,2.942463609054189,2.6419967116687615,2.2308435730929093,1.9195533006755625,1.7659566925049288,1.754112717148728,1.8272929716836885,1.8846746929364628,1.795303029676782,1.496538037892729,1.111583860242116,0.8493032089816752,0.8180901650111602,1.0167823930689968,1.3702713800046313,1.7028971678596698,1.761714140104745,1.435157658866371,0.9136306135504534,0.4683148912755427,0.23100880991802902,0.23704025073999677,0.5499338307005424,1.3287169503817606,2.690768728868859,4.394894331650496,6.030989035156239,7.478523305943017,8.7854350765424,9.901881153989807,10.548937118575298,10.231810793230554,8.684843739254855,6.460811832478187,4.450517387531841,3.0423228374130056,2.1739584525828843,1.6748865387939456,1.4024110518087087,1.2416976651754505,1.1015812470119537,0.9551919217392378,0.837479686266567,0.7784028914886233,0.77745858355339,0.8203004075376287,0.8953001367684398,0.9978138715890597,1.1123233055172261,1.1862437510820394,1.1707329571707692,1.0990860976436088,1.0682650442562922,1.174783210768303,1.461100277126509,1.852625828411943,2.1669228790010653,2.2699806241895364,2.176726404035701,1.9761417139743278,1.7460575988479996,1.531378195861557,1.3406018997429698,1.1417541103849385,0.9019034036795326,0.6513061696201684,0.44498504120239885,0.29881852807522974,0.20677477749651327,0.17734322829193572,0.24301905301433488,0.42958203572708537,0.690986857866114,0.9184758763324468,1.0569984541005637,1.1208265348043298,1.1164036112125073,1.0153923923448578,0.8008286431653947,0.541925655348655,0.3749351972794582,0.35153403702432146,0.39554251293446707,0.41171404418448077,0.3530074172617907,0.22501658603930474,0.08445947223591062,0.04345988410701493,0.24631579981707916,0.7673589503352396
0.06507458018514645,1.4254487266486717,1.1452986803282958,0.8358315629787795,0.5853064342459983,0.44862420532525404,0.4413542381069672,0.5977942783105153,1.0300205651765604,1.9266519825402455,3.3313081718444097,4.767206728087218,5.6108794614818,5.82748370457054,5.696939765619093,5.3797181708134465,4.871616499828576,4.084265413474025,2.9550618572464997,1.6252357481543638,0.5541325524099685,0.16421952221618244,0.34302353162562377,0.6875833658211559,0.9701231830072511,1.1919855184645771,1.430078688801969,1.6878441187790831,1.8465929033607997,1.7905271055869205,1.5252692845936047,1.1345365700426133,0.7238453632126123,0.4454309009064272,0.5425425219622827,1.197025324150444,2.135202539129487,2.826795610776105,3.1015788421765893,3.0740515071973036,2.8526190168134105,2.455270931900075,1.8630656884064565,1.1588192964443667,0.563215864299212,0.22993716304899717,0.14591257493690865,0.2307028921006553,0.40433549581116107,0.5864894054268243,0.6883190584168853,0.6519637425399724,0.5149857704766182,0.36986404827375496,0.2703969599170031,0.2245178186142052,0.22669616796173003,0.2737322008874084,0.36506403865283693,0.4957440435012818,0.6555704548356366,0.8524563768481586,1.1276248721243054,1.5261535532269543,2.04879947796474,2.591045644971195,2.9183632895025733,2.8221685370558722,2.34831100859264,1.7327799402343207,1.1721526824600197,0.7447479357336942,0.44888181317517795,0.25011106726369675,0.11658536345786684,0.03839190775447765,0.008026721910855747,0.002860175221897648,0.010779916248935078,0.05179909129356315,0.1796310434757707,0.4703932139496961,0.9637104145692302,1.5447742791516708,1.9762947384236913,2.138933355671551,2.07915552346355,1.8936824492384934,1.6765940210378736,1.5146606747483202,1.4717789121453573,1.5499447255120018,1.6933428929454488,1.8508367914533026,2.002216228801351,2.1427715657789617,2.27318178606778,2.4013026077706376,2.544713777008752,2.7228950275847215,2.9342225560520556
0.06518461361715482,0.2083430804002726,0.19293057240167313,0.38211909894857465,0.7025326995886386,0.9960307638712217,1.1513228869462486,1.1516859849998786,1.04800439184554,0.9269246764281011,0.8813484055324028,0.9511666468385783,1.088782561588401,1.2281006691002605,1.329440136673134,1.367299983921389,1.3285443409783417,1.2206761761494076,1.0736119090024292,0.932412436470634,0.8446960361487967,0.8433751337996218,0.9284768854932742,1.0557201678438448,1.1356693285847312,1.0646357251524048,0.811800259440301,0.5056393029433275,0.3429760757516018,0.35427055515393274,0.4039169712498922,0.3875534418692653,0.324814566981458,0.36319461721155344,0.7501432287505185,1.6165306435391529,2.6296909346233335,3.2963484198831097,3.4965038189289466,3.325533595174394,2.8498422684116598,2.1002306930636934,1.1955888635587886,0.437758300617952,0.09053222563067989,0.08746246838342152,0.19878102293579283,0.2845570851668936,0.3159325870446433,0.3080618253524257,0.27490599338790045,0.22167996340714965,0.1599382039782936,0.10879705549856909,0.07857282968287911,0.06698207654024485,0.06700536868531903,0.07502957856890925,0.09842943028380427,0.16059109408754435,0.2873697349091577,0.4752582725954077,0.6941599684073484,0.9172282081887022,1.1192818135405431,1.2567140190157648,1.273779616291457,1.156963724920376,0.9669969351041727,0.7833096506132401,0.6498979979554553,0.5816414697620187,0.5901968167578567,0.6901088422136632,0.8596872486475673,0.9984820397274868,1.0158163304943262,0.9408577396325927,0.863301983334358,0.8506149750218145,0.9265394343691433,1.0540175121780342,1.1093218752042722,0.9533088502007915,0.6250945816631444,0.3142190428170326,0.1428593265339999,0.12573094966888423,0.23219293076689254,0.41026556513871204,0.5778570992212685,0.6531323109774634,0.62647375896992,0.5547485860616095,0.49674636284502666,0.49086298192703703,0.5675405583546087,0.7621680566724652,1.1140304199691151,1.6378087073306524,2.2696876946411213
0.06529464704916318,0.894873624155098,0.8550290421033633,0.7198329876684206,0.5450364890074331,0.41376288755553686,0.37294379404882655,0.42456638984578043,0.5436790431773397,0.6802578521011142,0.7473501253122773,0.6690758832029745,0.4839836635456772,0.29489470966114517,0.1619836730231611,0.10531999846309925,0.13428978711279785,0.26193456678302485,0.5177519039554537,0.9484340805963589,1.5479496789923872,2.1472633637296683,2.4946368080996595,2.4694060460166436,2.1291031415765973,1.6245856238974044,1.1163584736332701,0.72237659283705,0.4842269122995106,0.36905133367030263,0.3203518298838052,0.29775603357666536,0.28703986833360595,0.3148078982229299,0.46545027434309655,0.8290473199702347,1.3561743830447486,1.8840702532936613,2.3216035335456082,2.6413403976684755,2.7855405818165084,2.6323146769199908,2.0779134259368037,1.2627907540817123,0.5866380085679704,0.2841168490836784,0.26879933678228524,0.37187966987879517,0.488190561184316,0.5707298767014771,0.5938706565522646,0.5468243320322045,0.45288840700126043,0.35497610738900814,0.2789511302095853,0.2303836221460183,0.21118566417151144,0.2403892283427795,0.38025128283593435,0.7303934525067397,1.3059182887833798,1.9145080661620169,2.3172096762957977,2.4299044717047913,2.306606786937322,2.0760178383529486,1.894268601331796,1.8509985379143992,1.901107314830887,1.9352885123927823,1.8741065068594642,1.6844154986035462,1.3684066472023426,0.9705157154023633,0.5921939373702136,0.34562374787427425,0.24518128739889908,0.22029741449070875,0.22095294641405114,0.244208674809906,0.3071768243333782,0.41738852556089395,0.5413475504263233,0.6022407946730798,0.5580069464263941,0.4430799201608485,0.3065813767901377,0.18932807068863047,0.1404840594384903,0.2071558316681437,0.38310094294167074,0.5759139619286519,0.6866842912510572,0.7007158964546107,0.6616693134761019,0.6174034608786726,0.603128480506128,0.6443091537894764,0.7598421013759611,0.9560550968700114,1.2100727923399544
0.06540468048117155,1.3967996142373178,1.087179697687584,0.9170445405295581,0.9213645914180025,1.0448499901112551,1.1882178857134658,1.2585995425835321,1.18278528200098,0.9260392115172768,0.5558678112278995,0.2585276414100137,0.1463551713023524,0.15621744369779647,0.20106367729252558,0.2440375692471418,0.2737832001551569,0.2822329539065221,0.265660748442579,0.23880400768188847,0.23303604363866892,0.25679249434908163,0.28138481050131137,0.2893880518415972,0.29791215334543064,0.3319556467940982,0.39194890584028425,0.4490081286695269,0.47983148605027115,0.49475433646981104,0.5108508586406366,0.5216442197086707,0.5000291987000509,0.41556910502528,0.2656197539826622,0.11836417681321408,0.07328010913274557,0.1336099878925952,0.23055959359938258,0.31799071791507194,0.38137412376673513,0.4185170217891565,0.43221756848745346,0.4319434106354193,0.4277760532399556,0.4156132887401327,0.3788613558951918,0.3024023880144473,0.18879615619947238,0.08701478743501741,0.10907977220697676,0.3387572230058809,0.6769398356810092,0.9291005306005174,1.0194417374123432,0.9964554614623782,0.9365646864115016,0.8856183073901316,0.8385823384253644,0.7484981740890665,0.581500567103381,0.37341622902379984,0.19094146267140955,0.07826281941556722,0.07402032425636751,0.22755241798579653,0.560025201295878,1.0075023161174963,1.4550312581950675,1.8337128650412395,2.139896217411064,2.391774576126786,2.5929682159381975,2.7113377491623902,2.6873648276329196,2.513964478402132,2.2941413651466576,2.141076355311345,2.0938509222039468,2.1396347456045754,2.2324012598832956,2.269196409777544,2.0838159930879097,1.5941067007535985,0.9831609125529251,0.5052711705312121,0.2487516652007947,0.21438161327641675,0.43267166736147566,0.9576742048150049,1.7344503036989247,2.495762007233844,2.954891022482512,3.047271323717204,2.8684295697343414,2.5306720396106237,2.118306961522859,1.6964394108233385,1.324673063316429,1.0608122309718606,0.9439889383077128
0.06551471391317992,0.11379106555367101,0.34159190664693323,0.7028443846990478,1.1137604395752152,1.4718637999335435,1.7178016961714362,1.8292251402070665,1.795177314842566,1.6204674015754952,1.3710582629194576,1.1898926040639781,1.170385862155401,1.2787800106213547,1.4463890438574831,1.6242556840902405,1.7755407802611651,1.8620114159079575,1.8337674324940128,1.6327197575705426,1.2460006396099033,0.7740585021088504,0.36792658402815914,0.11148188246315682,0.01888800203242115,0.07091974808854613,0.21021880691362885,0.3303682076166357,0.3369480663638863,0.2373197587783104,0.10976842527902615,0.021628907521080497,0.02179429242342355,0.1779145829817114,0.58989070909085,1.2826330125460432,2.030514197371083,2.5305921284854267,2.695769790531444,2.5893003270135204,2.3255163517620514,2.103043068630621,2.235920831594048,2.9510750353397843,4.030070745974165,4.951914871767186,5.353497097060596,5.116575952542209,4.2655582012585125,2.962579379853956,1.5818076939831773,0.6274689220151247,0.3249848462918766,0.4526910909428535,0.7176927134285556,0.9900973097440576,1.2398727412669552,1.4422964931869728,1.5357874984050617,1.438707267486147,1.1480498595156505,0.7984661299602666,0.5153072455030375,0.3024620092076362,0.1238488580263445,0.018298877877622098,0.1259567679266614,0.5569130605002306,1.2467696340784045,2.042420395617448,2.862557454286112,3.7186363953296717,4.632502898089773,5.500530926671011,5.989262838498415,5.77525185088316,5.016359956006407,4.1723875867921185,3.5069831600792076,3.033537480138216,2.654383636356756,2.2390585655888118,1.6886155423482525,1.0583521612932847,0.5543176862323687,0.2901092742530187,0.22136919806707867,0.28456569325899667,0.46755763648798404,0.7877839361922476,1.2178996900151218,1.6361537257056349,1.9127349078941065,2.0101086552713534,1.9500731760647894,1.756097113839626,1.4448391926878061,1.0428642488554738,0.6086896344435199,0.2469155698712954,0.07735238328543427
0.06562474734518829,0.38386961456042296,0.2188529421537346,0.22710983410535218,0.3634176611179347,0.5361424359746333,0.6782332773283013,0.7696939265139459,0.8150198529883723,0.8146599947498773,0.7557916550324097,0.6455332036001236,0.5334181844968341,0.4580475140662489,0.42260449903917824,0.421421993601063,0.4575102539564079,0.5455770555689438,0.7063794989387321,0.9419010027394046,1.1890510658354732,1.3257747873833055,1.2764440947718358,1.0654449902100078,0.7745985644544586,0.5059760263065919,0.3514758642220093,0.33279123848499215,0.368585332245984,0.3665869804985692,0.3218498044117918,0.28955550592374935,0.3354974821285296,0.5287986303061495,0.9198056914547155,1.428229126384621,1.8000132281613959,1.8886505364888024,1.7800371524444523,1.595210793302613,1.3936440247340216,1.1913866599871321,0.9951986205949579,0.8314938951424127,0.7426929271208935,0.7494254015138284,0.8411356145789959,0.9895682196429745,1.1476040010037465,1.2464912009576021,1.22598821505523,1.1028089655152207,0.9771194426538613,0.9210262445928122,0.9258057676874557,0.949199220273717,0.9486461617059069,0.8833220631112837,0.7173011320389916,0.4524078635759473,0.17777921688795617,0.027941420850754906,0.06781778953252429,0.2999316879056656,0.7282761602250651,1.338180533687748,2.0209893686342033,2.5833988279642526,2.9020086866510875,3.007635781894764,3.001995480679684,2.9709982408992475,2.9538598447294433,2.9240149849699493,2.789404836374309,2.487839947532449,2.0980782440910803,1.7572006791039245,1.5481063496807979,1.5204888762241606,1.7420492155690928,2.301441483945473,3.205655071995926,4.198911882736148,4.871218349296655,5.059179159974373,4.863510862387542,4.4268803300251065,3.850707977870991,3.2095724856494776,2.586124377869214,2.070665998330901,1.7026818615949961,1.4501818102206951,1.257739514394706,1.0828876286268188,0.9022402988364316,0.7101640647765151,0.5205866303480926,0.368705866316656,0.2972487234034827
0.06573478077719666,0.21900619384115116,0.18473115472287682,0.1521252362200218,0.1308720745493136,0.13192731687939688,0.17080202148209436,0.276548707053858,0.4980213659450493,0.8781033664203161,1.3498630413567894,1.6746796350336564,1.6940189536523367,1.5004754949855332,1.2323797053958294,0.9546051474281882,0.6925146010841036,0.47958533454467495,0.3833592964065022,0.4886040114984966,0.7961735094892172,1.1343128193458838,1.3008131239362242,1.2483991801207517,1.0519405362608742,0.8072232261470063,0.5869727509910465,0.4355150856458275,0.3668812769099835,0.36328089945472763,0.38851762850305155,0.4028545637032019,0.36692566749259137,0.252549039826414,0.08756895481536829,0.004603556001141497,0.12396498598936094,0.36885182259712457,0.5955047485052142,0.7539020672312654,0.8635392883262214,0.9546184345152573,1.0324029411513462,1.070595913480844,1.050658231891158,0.99375186870084,0.9366237849447039,0.9133201956178191,0.9652054284058716,1.1424296168574966,1.4582384096788081,1.812658626553,2.038805370663802,2.0770865599533948,1.9919368062075582,1.8629574039357275,1.7366403196418698,1.629403010940294,1.532838878257005,1.416280718849752,1.2504977104687685,1.042478074198629,0.8159329277945965,0.5803907257844696,0.37122238605181757,0.31442811576229146,0.5971505731490263,1.2853162977878367,2.2245536253919562,3.218966913142168,4.199067515558216,5.193970138517857,6.205722783640243,7.037974290108129,7.206796663935999,6.342912350988139,4.79387184092999,3.2531600791289152,2.078804681244125,1.2907552712439798,0.8021808247570043,0.5308996513045628,0.41490988781984717,0.40291567046504345,0.4658670211367424,0.6101472861847788,0.8526499636539956,1.1908556429625108,1.5850737434132574,1.9393775490844276,2.1145943148145183,2.038065048314512,1.7940368618968223,1.5230350364372849,1.3018600888321175,1.1438897526630796,1.0382947708595556,0.9710908479787727,0.92905982906427,0.8968562650915769,0.8567771981203814
0.06584481420920502,0.09090746852489653,0.008157940925897647,0.07102547202263386,0.3021780086482285,0.6542044874066177,1.0679172969932733,1.5261582291419664,2.0710256442179427,2.7771315120136486,3.6220379674294287,4.36300404246608,4.790161653752759,4.97756869558473,5.081727496100995,5.1858761006289615,5.32302502231995,5.511000388372491,5.73628749287674,5.890939837446464,5.7617337532837665,5.219902064592038,4.388254233593979,3.481832770221134,2.623956789138646,1.8436555831750792,1.1431578499129722,0.559166956997689,0.16645315728179694,0.006701196257786109,0.06161913907093938,0.31412429581537765,0.8031732857446092,1.6296569353329498,2.8566011009397463,4.2284409542590975,5.149372205658598,5.373436407264776,5.192903072606307,4.939544838382801,4.7726836329149895,4.692595343456526,4.557764403685577,4.188497124059118,3.5886525044158524,2.9385683307729336,2.364780396403068,1.878318611291876,1.4433435225375328,1.0295383007647851,0.642684639018637,0.33470828989352913,0.15105063075518624,0.07237533959459408,0.049849040496703474,0.05829230477787663,0.10682205372018236,0.23474347230563838,0.5019743054675112,0.9423046927620643,1.4769744769212285,1.9453386886753983,2.2897818144735393,2.5949548339422464,2.9774038025901066,3.4927782413854094,4.061518761191938,4.473218884364441,4.551205410006538,4.27689693087343,3.7248109579544173,2.9721817573483276,2.0945150998305477,1.2272733092508865,0.6093921998697132,0.43456483017428477,0.6078671559618428,0.865478248969584,1.0409042909309612,1.0867630009088547,0.9972208248629131,0.7787317581807773,0.4839116763735306,0.24424511246464845,0.16389097313446735,0.194633947633307,0.22289927075562752,0.18797075199178315,0.10086511918901149,0.021721266900691805,0.01886095147378269,0.1047374042134242,0.22145267008383598,0.3112472893974459,0.3592830874935546,0.3771516536057121,0.3812856947065431,0.38439076445950965,0.3934327037484354,0.40907830334677325,0.426389374494776
0.0659548476412134,3.310452778119062,3.604972218757904,3.7322769189439717,3.6606160002499464,3.458444144788026,3.2052792464225757,2.9210647663440965,2.5561976521015346,2.018885686493949,1.2867520117074494,0.5706047431863261,0.14737133496560112,0.02798109874841549,0.060466237775417,0.12737854907498727,0.17993462116741502,0.21786928198896344,0.27617678258850126,0.4069157403728916,0.6237964612442398,0.8495025035743003,0.9802615828177692,0.9879010214275405,0.9208459332225793,0.8597343850031077,0.8770470555134445,0.9932685589482367,1.1647593268289635,1.349007910593323,1.5599250491574777,1.8437412798776331,2.2403830344118836,2.744731570202003,3.2186965772911047,3.3365613120620665,2.888029001621984,2.10843659693115,1.3340589479089608,0.7050224840968697,0.2625555540333191,0.08011877566375214,0.28214963762725254,0.892176240877815,1.6696794897537612,2.2897858743867063,2.591536788731263,2.547494330170913,2.1661336434797507,1.4912668852065705,0.6937263851433949,0.11985076179512581,0.0545012316743329,0.4479201390983523,1.0640561288799697,1.7173623161017375,2.3049968948533395,2.74649003869506,2.927571065464497,2.7126434741076917,2.107335315009323,1.379445700777124,0.8158853408319897,0.4976443080444165,0.3906316244738503,0.47749159691738724,0.7707798483210039,1.229634973526132,1.7210315096222952,2.1048552060731875,2.3008109828868215,2.267966685365225,1.96964719798233,1.3945774412058178,0.673561721986337,0.13506929020556968,0.0068914852483545775,0.1649770143371828,0.35184182337374054,0.41057515281141194,0.3182800853571973,0.1540740915583885,0.05688967327366503,0.1211294126655605,0.2877517793901446,0.43322983140094173,0.5038414286988606,0.5035140979427641,0.4501106160620655,0.3668151384046038,0.2864911166267504,0.23874190312244317,0.22521691572542132,0.2244710835841815,0.21591864303131195,0.18930979611796545,0.14358382925116692,0.08637337591740063,0.03585837407419299,0.019958639320490426,0.0627335198658074
0.06606488107322175,3.4222150308744883,3.705319695638201,3.8038448755512206,3.725590038524641,3.5827573832803705,3.4931936801851626,3.5159488312468854,3.634353673316603,3.7259118495788224,3.5624045621634792,3.033319697001319,2.373536655049346,1.8707926223351747,1.6041573615519018,1.5365956260402795,1.6183576960842887,1.8072239278730058,2.049071639769626,2.2441971372991842,2.253457606876999,2.009606533740586,1.5942904264564577,1.1361289660168903,0.7163408395911712,0.3775840808586886,0.1515168007324418,0.05216645165439009,0.049448419875202335,0.08693713264333217,0.13527887654176632,0.20121325169832788,0.30056765651140877,0.435673928815359,0.5840186887361711,0.7054874935351418,0.7779833084578206,0.8138633904117962,0.8273956305225446,0.8178987819440522,0.7783649840952584,0.7063043896315069,0.614046378503521,0.5319285906870943,0.4890198834093452,0.4939864104642636,0.5506785639277458,0.6824300150494104,0.9366002944828411,1.3516248425452042,1.863946195503939,2.2428591242200158,2.2780523363314256,2.026652920353989,1.7011589422063849,1.4688244065145406,1.425225762546893,1.6418125906141214,2.185459430887549,3.0425884524401425,3.962225747947924,4.527800234158452,4.517966004422209,3.991904692907209,3.1247366509141297,2.14414193326839,1.3207674414001311,0.8506163733359757,0.7209803732093081,0.789915875598133,0.9538537923008938,1.19544758509837,1.5371060336838474,1.9487002000646458,2.240768108185185,2.1463767557503455,1.6564059902086898,1.0387042842972125,0.5235366667016923,0.19324995556366464,0.038751395106561545,0.0010951941650005805,0.0004738573513258842,0.019573788163764944,0.15448839383683313,0.48796104416726194,1.0031107100553935,1.6392217118034056,2.3203232618792464,2.9177062381755974,3.243544728115607,3.1921310085517396,2.875355566702771,2.493631618168198,2.1607506331429245,1.8932047275465567,1.6627215083460605,1.4302534955815178,1.164118769387273,0.860318853237862,0.563072982176626
0.06617491450523014,0.6987685240982752,0.4815613517767956,0.32317659865169013,0.2842416984763199,0.3629757379853621,0.507919120229374,0.650595745686596,0.7126262192585745,0.6157038763459424,0.357564455142324,0.09866453095299454,0.004566971724185358,0.04890324651378366,0.12539672563954948,0.17262423277154787,0.17904175841951112,0.16100544643795106,0.15305286048482444,0.2029398847224524,0.3413092417492123,0.528092932316435,0.6714229439497986,0.7197091615774905,0.7055323288291999,0.7379719262275242,0.9675347940742431,1.4775728078828048,2.1422198831593082,2.6925401607744464,2.9520158272001153,2.8922128914986245,2.5381324192985026,1.9172327037329264,1.1131112083044639,0.3837431575908658,0.04794372009494116,0.11074689962427504,0.33531901302414857,0.551113350756153,0.704925720910313,0.8000524229626629,0.8480175052661492,0.8489132719555772,0.8149150477859226,0.792299190856891,0.8328877091556162,0.9619469552362092,1.1655205955933066,1.3804547169209207,1.4990212024853349,1.4395764369968234,1.2496560228384854,1.0592690498462622,0.9448057798928315,0.9054405323433659,0.9018695607660099,0.8770456494142885,0.7687727917260854,0.5523472884071048,0.3018517482557639,0.13731574066776345,0.07947367384943262,0.06296727256630313,0.052019126517909416,0.09755981464803432,0.3058006345838963,0.7138999017616539,1.2064464412349225,1.6091102615589201,1.80407323025203,1.7385326914157164,1.4002608308485305,0.8450549557282883,0.2766287341101826,0.004201428180417268,0.16194209536484352,0.619302348986313,1.2050113194949816,1.8228217472052917,2.403641894844592,2.818601432961858,2.84916914989934,2.3874193072240155,1.70922101125618,1.2115888492154874,1.01599800388612,1.0266543222169433,1.105246365834666,1.138265045884185,1.0622834521551416,0.8959987733185019,0.7167360350279837,0.5797955950337546,0.491470446464891,0.4349967527554669,0.39106135386898216,0.3433255321707103,0.2801450926438948,0.20037318008387198,0.1219257128612207
0.06628494793723849,4.69321323175411,4.594773365383923,4.471133002829192,4.346903101474701,4.287517276700764,4.348660420810452,4.549066058011849,4.8464134440873226,5.072531938395806,4.907933151629427,4.174850863906244,3.174611780967088,2.310748510901727,1.7081355818503394,1.3255939589677324,1.1099299161713438,1.0454939439179074,1.1553370580876274,1.4685824333764923,1.9451632840245947,2.443876586795154,2.83269681638038,3.0691410530677947,3.1395961245981376,2.995033161159837,2.5674359403249305,1.8772359876737528,1.1223192442600387,0.5437353289284401,0.22610989430535006,0.118111023319818,0.1391662589980103,0.2163570097462064,0.2754698011824145,0.2603317384689886,0.20668324224558451,0.2238979861110594,0.3747063662892051,0.65097126639474,0.9932220856074809,1.2701923945521993,1.2828109092830915,0.937406916071935,0.44332590476846706,0.10377035143868711,0.02468224724465611,0.17229289235220138,0.5114823785665774,1.021686332438071,1.6140095753834445,2.074233995321111,2.216790037741133,2.07885326003619,1.8226970026207832,1.5660941541303293,1.3462718404116867,1.1383576382706306,0.8760629482978762,0.5161491099927981,0.16847209857283263,0.08404783490089417,0.3971923585697614,1.0148614315118312,1.7108041386559045,2.2060781383796564,2.2846803101293696,1.9663807960472413,1.4898489346149473,1.07316378841144,0.7915367857571757,0.6317747538448587,0.5574903658939773,0.5263933411620639,0.4880289445749202,0.4113146065961224,0.3226329963181145,0.2689998935116442,0.27183909816303564,0.34329916902004637,0.5077945843751303,0.7779453454027189,1.0780746670547001,1.2215995589209088,1.1039162747964153,0.8363233932200418,0.583913066952269,0.45808831765508606,0.5541096005953555,0.9721375603405089,1.725953031264481,2.617582538306241,3.3443021800356876,3.7423522119133263,3.8112952557375364,3.606610280644146,3.1845466602910073,2.6006111026825636,1.9240112279871273,1.2508750888231543,0.6964426623883756
0.06639498136924686,1.6530706835136775,1.7432510373653727,1.7808601837870672,1.7745655561670026,1.7587051375716691,1.7593114713073632,1.782034954139969,1.8193086103448528,1.855044074667509,1.8636144760023237,1.8209195435103722,1.723924339520805,1.5840486075503775,1.4159664216984547,1.2398665551392742,1.0816667864765928,0.9665108095745633,0.9034664641383813,0.8652982487522426,0.7946597255702811,0.6614399503330455,0.497615855064037,0.3586330776615104,0.28761248629749525,0.30461768661630795,0.3920352491248876,0.4831663483152306,0.5025470233117483,0.44100017795820823,0.3490020153197022,0.2719044153612579,0.22676978729937747,0.21136439488546238,0.20612254326450577,0.17165993835814783,0.09039941668443871,0.015000548650530549,0.016203193442941848,0.12243141245842652,0.3093512413472517,0.49028631640044273,0.5252985272714052,0.34318767228918223,0.09118264211047733,0.0031481086580763475,0.1737866524687155,0.5611105207856152,1.0615836484352825,1.5160215971411997,1.7078424918561959,1.5066305246985592,1.0705764227430936,0.694920247441743,0.5029757690857084,0.4338077186901198,0.37152827404448696,0.23623698261831838,0.057612838333217,0.026882489755522883,0.36596402573578074,1.016123851909595,1.6749548458579717,2.1440865697653346,2.4054876042105957,2.4949127463001823,2.428454228717782,2.226926232256094,1.9482421781065158,1.6535755343732494,1.3695536832941495,1.100280511746146,0.8654173877087995,0.7274158751028563,0.7529288128887859,0.9037404808586993,1.0472718397084155,1.1124252129411387,1.1125307283569905,1.0665352732643292,0.9633027459176953,0.7717955142829191,0.49056224529229114,0.2147705513324104,0.07857730149880929,0.0964814528650716,0.1770095967571128,0.23122892580211868,0.21468319168937355,0.13357839529690238,0.045107805716657054,0.017028509213450057,0.05903466395950836,0.1270452883463816,0.18091513540446721,0.2085006283328527,0.21889897005372297,0.23107185467691405,0.2628171010543027,0.31801838448763736,0.37788259943516306
0.06650501480125523,5.082479917693466,4.999066888854985,4.62118080563473,4.0122356725056285,3.3643244722653973,2.87238073992932,2.698888297630324,3.017157615987516,3.9841974822793493,5.462955112569111,6.745116417146064,7.167881561471229,6.811492971290654,6.076293517959836,5.236206036376981,4.422370481281875,3.703235743600416,3.1274310619910484,2.7316112993077644,2.525759028239732,2.474883992508247,2.500861237574624,2.4909784972459112,2.3058847257684865,1.8272533536327509,1.0781985042534288,0.34318627242314254,0.02062894109521683,0.2135220229959008,0.6627108743235969,1.0554661624727626,1.2017497110368534,1.0357973199716604,0.6301575540226853,0.24511653085182616,0.1597187461175081,0.34715973840795455,0.5862233850624804,0.7157909072497285,0.6563641302208013,0.39592307221257794,0.07624514512421746,0.05099038847218383,0.6093270802221497,1.6503714965952359,2.8553776981614125,3.9719079059795126,4.853074321880836,5.372770837889102,5.379544252725768,4.828021323223965,3.967098894318178,3.160683729416599,2.5695370177935106,2.1504737474113202,1.7876283030997155,1.36598133749652,0.8287358154638409,0.28237160922003873,0.030130003833040982,0.27765583525251486,0.8471280599787405,1.3769721064809555,1.6084493609547714,1.4819562934816888,1.1284082652530727,0.759939053462902,0.5013305977441834,0.3479070734252413,0.25426038765426257,0.19984578543685583,0.20168099069243545,0.3115635779076633,0.5897770925642685,1.0245855544065907,1.4872567597018047,1.8248747003644954,1.9496939435040874,1.8539983184409323,1.6192383219833193,1.4247606413767564,1.4837719131407128,1.8368558449277277,2.249726852639865,2.499201696870413,2.5647675682445237,2.5083376224962737,2.3607675989953747,2.1081816203364268,1.7459355365249791,1.345851608730089,1.0202705127522327,0.820139613964351,0.7252273192544286,0.6948745986616601,0.696661167983033,0.7092683786838041,0.7165906165889316,0.7025902754320211,0.6539322188425915
0.0666150482332636,5.959177429896031,5.448677298075023,4.60392577154134,3.5819795411820237,2.624370618303667,1.8747914842506888,1.3528532344921014,1.0157442749591004,0.80859344863064,0.6944998983609617,0.6739832741252166,0.7720594813187354,1.0062583709767332,1.3817343482496305,1.8910148394650408,2.495786219566514,3.09327361779382,3.480320165302776,3.3927298284314817,2.7604352486297747,1.9662284683763518,1.5271388957814402,1.6016316946385531,2.006394211913009,2.4181510850213175,2.4998556973338633,2.080668006045259,1.347215837481691,0.6811402113087264,0.28189256309352007,0.11332536494774084,0.07523540899020185,0.11868366231689852,0.2706401285538399,0.5658640900451576,0.9223378982488328,1.1912279769553937,1.3128061775467734,1.301110449032718,1.1775893397670747,0.9637397705966315,0.7180077517021437,0.5602142829262168,0.584134521784462,0.7462639778165623,0.9194820676102228,1.0013737207852162,0.9587605245134144,0.8387652693452433,0.7597616966906723,0.836944106097001,1.0709775251026248,1.3761044439027779,1.7058288163547541,2.082026134089348,2.5576240983674414,3.177334546703838,3.9138417174427538,4.568766016419157,4.808264478194036,4.5084707153394215,3.923054089488287,3.3705693560196175,3.0114720723615864,2.8720033297570926,2.9171576857481036,3.112326150627962,3.4591342185026317,3.988909972485517,4.750129018675131,5.810402666885305,7.226332650643991,8.894252765789792,10.304232896339194,10.694950950745739,9.87282350636283,8.39236163164792,6.835346226105196,5.459749274407408,4.311419828882631,3.3942978802406603,2.795545270348695,2.6912538212716255,3.1276571585999737,3.897579522791319,4.741480524670268,5.49074103972279,6.0197621785173965,6.155963899054455,5.71903184849621,4.751460354487806,3.5859847489284538,2.543022991766681,1.7348034511666424,1.1394106860804307,0.706667031008145,0.40190576729333355,0.21147034146337976,0.13098323206648865,0.14269854092869672
0.06672508166527197,2.026464596595284,1.2632959734859255,0.5722391848600035,0.13512805906583614,0.03056774076807547,0.22125023420369505,0.6270931425532665,1.1499930039539557,1.6219845113391649,1.7836653459254335,1.5222227125137964,1.1155783578212328,0.9014164134886612,0.9703916179555625,1.2521435440121285,1.6245173379488265,1.9385281327631116,2.026412517489487,1.7659269245243598,1.2246032671236349,0.6775036759791554,0.3289579513764694,0.15920534981550152,0.07856685175570359,0.05526693159034674,0.10711095087774396,0.23764460669537948,0.3990287024457535,0.5340342089960461,0.6303007387311012,0.7074749734017289,0.7799104577605042,0.8328709088220635,0.8126661370195503,0.6701617661376766,0.4670363527208648,0.34000865178067113,0.3417344024868043,0.431036360691229,0.5292074545497509,0.5435704405124397,0.41088845988001094,0.19445054323528962,0.07543123938767674,0.14788099621777925,0.339261352488367,0.5300816544174234,0.6505216972295654,0.6990611115538934,0.7160966962416051,0.7294580024977712,0.7184921183890091,0.6510713311196958,0.5282327756026286,0.3783278962432173,0.24246245983373513,0.1771584253041367,0.2612273618722712,0.5636424303445771,1.0388032182926448,1.4958856677468158,1.7842701585202425,1.9111048426689048,1.9591663740092988,1.9880184518957353,1.9909089092209433,1.9170311834276406,1.740144013212278,1.4822585831684751,1.1805509626241246,0.8723884435809839,0.6178621593206606,0.5192006983361132,0.6534199300210842,0.917819976418144,1.0826957157179515,1.061360736387907,0.933989192368181,0.7992515321699767,0.711033628215778,0.6823941935824076,0.6865112400365425,0.6556625790731287,0.5333905051047728,0.3343979227695461,0.12785815767875194,0.02299785157971204,0.20133898344917717,0.9138489493682324,2.2975516438076324,4.083642163562418,5.713464905029046,6.817885114046404,7.343172345537098,7.36037599770232,6.931767893983365,6.0933636728361975,4.898464174437743,3.4893770254871725,2.1361409162235785
0.06683511509728034,1.967687445654517,2.189124181277299,2.338658206894516,2.3531904121247296,2.210711485886659,1.9247951889944732,1.5264851447170742,1.0609509457408939,0.5972280928269096,0.23401332173648787,0.047978897546704216,0.014741401374952962,0.06608859371063737,0.18112402798093424,0.3793557144918459,0.6879986658126334,1.1239326642263987,1.6742489213718446,2.2565801519114204,2.7031307711896355,2.880097145911781,2.831838372168455,2.703705388032474,2.5954234079000753,2.5253377375598256,2.4604645314626774,2.366719653545572,2.2534807920292064,2.1649278182115816,2.135148150222006,2.174723445160149,2.279402596638281,2.4187015176994056,2.4963396949897905,2.3557516611964395,1.9506108635354409,1.4377760870515977,0.9685436924156927,0.584082082120179,0.2845757335442649,0.0832799890313548,0.005136755503216079,0.04206473684066919,0.12830618425781537,0.19691214826267106,0.22327014499725206,0.20569882924227895,0.15279744425699293,0.10328734405900102,0.14585641567640145,0.366773878184426,0.7308187854916867,1.0950662407150706,1.3513603797603904,1.4721778919672655,1.4703932627272693,1.3677371711560489,1.1938384710587187,1.0085866822959,0.9075705472186282,0.9578678595343053,1.1528880224430669,1.4723047680948282,1.9254044081037702,2.506315266002693,3.113226561105993,3.559022984722339,3.721083137043995,3.6187149096841105,3.3262596255788917,2.888540940451546,2.3177067498655677,1.6550608926091923,1.0716070051035935,0.8464555479802605,1.0824138374108252,1.5691962701217173,2.002504361248394,2.1583616281453937,1.9269288010609125,1.3558230462522196,0.7532045504294946,0.621640397387465,1.1582814976821338,1.9935304256238953,2.618555824031857,2.7341963748280547,2.309893541434245,1.575563499460838,0.9449589200109565,0.7495663065557049,0.9752305233553824,1.3852055790450992,1.785801789337164,2.0877686005326184,2.250342665200351,2.237132617392554,2.0127826413357672,1.582326350163994,1.049133764396523
0.0669451485292887,0.288532662909058,0.5643227634569995,1.1346328638426242,1.75174587912081,2.116245321955547,2.088430962133587,1.7201639083314433,1.181672139099336,0.7025808113289534,0.5096179104263202,0.6526324846701401,0.9213238931955041,1.1123361474093703,1.183353231645423,1.1577191327635736,1.0471110883010057,0.8436718740602162,0.5487859459509596,0.22490117733964743,0.019622739763952304,0.0618432293563667,0.3215399628154497,0.6501879424957369,0.899815621508681,0.9788477863489079,0.8738670010773256,0.6593132577000361,0.4558832289660244,0.34092058809824716,0.32510014651277747,0.40459205402953413,0.5880198067237683,0.8747490307154941,1.1979575935521132,1.3862292287660132,1.3072525372607986,1.049538813986908,0.7727177212411589,0.5429802673801298,0.36103393365396697,0.22104462713728718,0.13539968995276289,0.1269436337306315,0.203343306238022,0.35917232593174603,0.6038802750575506,0.968982729557765,1.4914383105301527,2.1738752094131724,2.9107189354885628,3.4635373162212604,3.6514391281064844,3.54858003656896,3.358722775573902,3.2326961902016524,3.246247823381781,3.4367741053437846,3.804319144486573,4.248926241584694,4.527446583581925,4.419786556033953,3.933270742708723,3.2077709077246963,2.360429012753764,1.4890832115769987,0.730869236784685,0.2310391910316471,0.032714073648484845,0.06679745009619226,0.2501487045822345,0.554097856800586,1.019237212935788,1.729120887972642,2.691559357009971,3.6850263655823627,4.400889056417367,4.763969969598132,4.906990110232104,4.966621157133816,4.972321793403099,4.79273259803774,4.165701602280191,3.0060230349584534,1.721483363700815,0.8176757078416834,0.4177467090595731,0.38299392806408705,0.5463658598602499,0.7792249969453838,0.9791979788015857,1.083918608565883,1.1033452278827953,1.0900142884419148,1.0818008929267544,1.0849997578549573,1.0834201352700277,1.049974598380318,0.9608576759281242,0.8186598915735727,0.6734535472780295
0.06705518196129708,1.2060123828236182,1.6348608998297347,2.0577666663590564,2.3891396120332984,2.600357105687045,2.7192919554711112,2.8057705675946853,2.9697521446309296,3.4160402880875043,4.365676016669541,5.723040063078586,7.021099683895598,7.948158583004359,8.508299379277256,8.78233509133863,8.784962011389936,8.433454947305705,7.564181218576196,6.057105457551668,4.111238008038868,2.299930666299592,1.069445548531646,0.41896369322377824,0.14054869335617914,0.05905672466530956,0.0712309148222387,0.11285714162431644,0.1437611097492397,0.1559262971160675,0.16360351976465728,0.18039524926517805,0.2169842761087623,0.29868917153249963,0.4813539055519658,0.8204546014815894,1.2813988982758542,1.7532725617306868,2.167042196171763,2.499663789256948,2.7163100968871814,2.744854819983034,2.502184173446479,1.996553980379278,1.393526093839225,0.8750018382806933,0.5027302337383281,0.2650602242812922,0.163384446910796,0.24389436568354422,0.54957467546707,0.9965492149737437,1.3603911986117199,1.4858999585028205,1.3885966125135465,1.152260831274556,0.851854300782844,0.5554805114502867,0.3534552920575195,0.36007177288160647,0.6226639294442703,1.019289060440527,1.3670340764868127,1.585267500542327,1.6842742880698107,1.692728427969412,1.6261382097403445,1.4929822163372888,1.3063346262268833,1.0786140143287921,0.8181399366920392,0.5517831918332707,0.3766888091245219,0.5097506288386813,1.1987330122254432,2.389184138590843,3.615990476875636,4.466788684381558,4.85204509375646,4.852375955577258,4.571575866529378,4.109706417452646,3.5893491004222486,3.1610519276586366,2.931326533322591,2.9168767391966393,3.1144081672199397,3.554914557425709,4.278516203550601,5.244032657290685,6.218403462970637,6.846547133245483,6.9562334088076145,6.653797960006775,6.114455147408422,5.441038925024785,4.669376412350041,3.8137522766289056,2.9083897925482085,2.041849920800177,1.3577438813260432
0.06716521539330544,0.6931618203681217,0.7297428671907734,0.7463067372105501,0.7467245450522932,0.7463685948091985,0.7615596870534134,0.8040126308478035,0.8784196334867056,0.9705841717528079,1.029673533716937,0.999090476611126,0.8956090062158715,0.7841931834593954,0.696419232860554,0.6220470884606363,0.5324830252318642,0.40227010565522375,0.23958258858023126,0.12478456610236191,0.19010388209700205,0.47891436179970326,0.8732212979832653,1.2304145461041638,1.4845409128812894,1.610990131104451,1.5731912513238122,1.3404100068893228,0.9675960258666592,0.5931305587939597,0.3224286759522117,0.1780485210029319,0.14270764477326767,0.20036676204174553,0.34205064337601415,0.5419223075433902,0.7503292286324722,0.9503440699533513,1.1817340685193907,1.5016412750375525,1.9550278156711154,2.5387754151416875,3.1291010191133646,3.4741302487490433,3.410274346632164,3.033988886887547,2.5411305100927177,2.055565211259316,1.620965343461749,1.2409381815810754,0.9082424178634632,0.6272083122138634,0.41738451141856353,0.2884158564387243,0.22795720125033464,0.21333132254695186,0.21811464783964632,0.21159453997741634,0.16843182423985456,0.10327775368796087,0.10010344377612933,0.25186663687108607,0.5732121702996449,1.0380891097766172,1.6500483825429457,2.4274462404378223,3.3173080177633714,4.1479802940707415,4.737409469198941,5.028521724981353,5.084526000889386,5.028729215922064,5.012266286767285,5.156966043014776,5.413582896096529,5.509180226432349,5.250595153017589,4.761871662680492,4.295078094638548,4.05053385501671,4.165936669418424,4.687301916669126,5.398472001704875,5.729683825725664,5.249263891744203,4.143595494803611,2.8423136251080092,1.6251676191614137,0.6651225307399817,0.15910937778427944,0.2841658770733378,0.9673016458515205,1.8484412982570724,2.5956187181906767,3.0938083506883105,3.3712470199940685,3.4975456952877795,3.5379032159036123,3.53538927042834,3.4996798934116295,3.408787994396613
0.06727524882531381,0.04176537652101767,0.0023654959537648926,0.06459690756145633,0.19621286284855521,0.36124055396864024,0.5612173467536223,0.843955601692019,1.294508846565737,1.9951444743064257,2.881119763257581,3.607403705777491,3.84913540674168,3.653168436243365,3.2493250544152206,2.827880887319972,2.5274305224934013,2.478371594051931,2.811434943614401,3.574863026048234,4.559136499035839,5.30584630523512,5.484175725116073,5.092186571102102,4.2766100945663705,3.1876796514838164,1.9993165512265034,0.9588509719078694,0.29530231667984297,0.036000930065065245,0.028128457854017994,0.1096901538812124,0.1778979850173825,0.17240261591620623,0.08420693863588792,0.003386876652983555,0.05602373970218381,0.23604621264519787,0.45193341234553513,0.6594019256457759,0.8650271646529579,1.07955714756479,1.284104271628727,1.4372065340126399,1.5308881687025009,1.6068782319054724,1.701327108586127,1.8134027991213408,1.9159999113619288,1.9782564758237347,1.9940813453827275,1.995096160506217,2.001990793397275,1.9731371437799976,1.8469693445872282,1.6083711437741264,1.320245582585277,1.1482800539924132,1.3728893671467992,2.2652349232136433,3.7089674027248387,5.0309118155677375,5.575924142293704,5.183313535428537,4.057394800305822,2.58081356041475,1.2317262458862999,0.38635639552231055,0.08324070205083585,0.09940248063990073,0.2093499727703384,0.3010559961992855,0.3664282950009312,0.47845531556403564,0.7462107990436414,1.1848281197337744,1.6404334330395574,1.9464220081442238,2.0570831973984305,2.007231719572419,1.8368399966886282,1.5518492614943926,1.139103771573832,0.6561752329066165,0.26863811921436853,0.09454988761413725,0.11092086875825707,0.23564821368949768,0.40063215350269504,0.560061012569283,0.678460209149677,0.7381549110652733,0.7555200994407792,0.7662791893886427,0.799838042712551,0.87535731041553,1.0101930249183306,1.2257906311514062,1.5433503261038768,1.961455376784622,2.4210544591458683
0.06738528225732218,1.2370568968007378,2.15559430605142,3.247308867633022,4.226242121856498,4.859767641980416,5.079925762808682,4.93141885122637,4.486240604037783,3.7969696739016903,2.923178362642661,2.0241595150757976,1.2983919293598296,0.7994878162150796,0.4702316855611824,0.2562775862726557,0.13191093982079063,0.0827629251938196,0.08862040192287773,0.11841927308705069,0.14397071651820104,0.1577568229016356,0.15866016840728073,0.13151779074137707,0.06823158628729983,0.009413654034992896,0.06912109806352468,0.39379195797775857,1.0246746162924305,1.818321045691607,2.5699604112562873,3.1437121100432144,3.4699192205011493,3.489439119524645,3.13183663855917,2.4203538189281275,1.6211449416932922,1.0395243805100818,0.7356457848128355,0.6188122787850774,0.5970791057549398,0.6071172790513023,0.6027982962495163,0.5599196045139494,0.4920413598277245,0.43260132373512844,0.40385424905771317,0.4173604746032464,0.4867879446394483,0.6267314836970304,0.8319540423543282,1.059323394035847,1.259213171658507,1.4265492381199072,1.5923598431603898,1.7937971249991027,2.0702618408786475,2.464207773584972,2.988952222950419,3.5418799167264146,3.8644094577350177,3.7550736520075483,3.300188580797472,2.738260410768404,2.2487755666991225,1.89614833902561,1.6438033392783797,1.4146330059984025,1.183450881210451,0.9963986785938741,0.9150723552112373,0.9766855386793998,1.1830570226269748,1.4863313162824958,1.7775288894926067,1.9464110929420504,1.9941439466293533,2.0176857495080283,2.1117311423766956,2.3470439794306697,2.7768106884790167,3.3763601685910825,3.9072349843942424,3.948618205593915,3.353038684880714,2.450079588476539,1.6147203292219374,1.018750758344304,0.7206915992991529,0.7606457509068839,1.132237599022699,1.6970709306264289,2.2381844196304175,2.624571939302655,2.848091999535271,2.9572554922513365,3.0129605277365403,3.077933456642632,3.2097781278438853,3.436587211991473,3.7176846595395467
0.06749531568933055,0.36836779162916666,0.5676421602370172,0.8541430324145785,1.1598292092210265,1.403987632702813,1.5371631959614602,1.5442873701201334,1.427868090531662,1.1966497579400044,0.8776303567982116,0.5507526121894994,0.3203082678731765,0.23171795952306104,0.2774189641897058,0.44571274359844143,0.7387706940895276,1.1641979868474268,1.6960148488407387,2.1947572582904114,2.3802055518180407,2.0526114393837425,1.354401044064623,0.6300173781014826,0.14768922981404847,0.004430872776570033,0.1190386985601557,0.27338903721776275,0.3035470225520614,0.2861487820906052,0.42477127578092144,0.8429181917592211,1.531445721047548,2.3469995353506707,2.976073697546889,3.0407931602339624,2.5278292781368785,1.864225628709622,1.367856252647047,1.070634845278789,0.8981604586164104,0.7783091754996881,0.6694875988288752,0.5724511585860099,0.5078168429787283,0.46783512107653535,0.42582063299171785,0.38792052073685,0.4234832736790949,0.6544288883322906,1.168755500024339,1.8592803167495098,2.4232600919612373,2.650780702569244,2.568739140873108,2.3127619933812005,2.0207705871631543,1.8253687030818748,1.8789368990712552,2.3395450839094116,3.2525383735622784,4.443827441840456,5.6412694201452025,6.613277012017348,7.133893256084886,6.977149570435646,6.081248529349814,4.727769175298142,3.3922423387135954,2.389812716568324,1.7834929022649568,1.5206191893048209,1.538763399226888,1.765775532443461,2.0503443822445186,2.1694403626022907,2.023436909458978,1.7208696054031545,1.4180316243714393,1.2131517559250424,1.1606974803257522,1.29738199634064,1.616494799311932,2.0082345684690814,2.3151062405916,2.4933115273046162,2.6208788538386014,2.8102862131239634,3.170222519147142,3.7638431285469456,4.5131061003542365,5.176752183696936,5.550317634388387,5.631673356719253,5.534988732323828,5.365537522709184,5.187063617893695,5.0340416863341995,4.921972663073822,4.8434333734876995,4.759567226240748
0.06760534912133892,0.5568972524080835,0.3312149244435793,0.16478228286320679,0.07656067549790968,0.05319000427410554,0.07534654555897542,0.14662305651273713,0.3133373971638435,0.6778514842465181,1.348169368313503,2.267163032878241,3.1818432067929177,3.8972554543099913,4.365012206340535,4.5840164218817705,4.544736230331989,4.226574808208258,3.620184801696177,2.7911221703751514,1.954513340602513,1.3787186186425842,1.1351416855299576,1.0914513519916196,1.110041457366184,1.133785504535896,1.1477629246640608,1.1267701358500128,1.038671956049229,0.8906833017260296,0.7305647347681367,0.6047750537744989,0.5360885082539956,0.5182744824238118,0.5103139180737163,0.457078480000849,0.3567551304769028,0.26429938373910006,0.21052445939297193,0.1858831297545993,0.16978022347645302,0.14566597693479683,0.10620208060885751,0.057898015498565866,0.017736716415719764,0.00026435690321130614,0.01352018356505511,0.06353083369454517,0.15578424750776204,0.29171027255987475,0.4560066217841651,0.6018662160615363,0.6764134083262601,0.675813855302982,0.6446258194545834,0.637432501612689,0.7028866987868286,0.8854141496595491,1.2168355541388387,1.677362731414693,2.1652680486608915,2.5903204426097934,3.004527726990533,3.5437505735027024,4.2767482362175455,5.097126556225477,5.703852335860625,5.788207954097378,5.304040495564514,4.4471580593363145,3.4347512550130235,2.4112765568152046,1.4872375669636682,0.7820765868595044,0.38649469076380033,0.25987110179079154,0.2494981956814448,0.24985788702532402,0.2460554821557752,0.2551732372582649,0.295846613962144,0.3875253264923479,0.5457868730485661,0.759768838621442,0.9854487012333902,1.1847311240650642,1.3466603460071773,1.469856748860571,1.546262371260986,1.554223089074223,1.4653468260919016,1.275499491133244,1.0228614996604475,0.7557890423279582,0.5028431046092403,0.280038272520205,0.11183494314522405,0.04901226608590655,0.17613767332308838,0.5868829436783739,1.3006350857180529
0.06771538255334728,1.235165589722803,1.055842034297085,0.9926983205335048,1.0765463388633505,1.2825982443551418,1.572979181984459,1.9363574278218438,2.3798076440854774,2.864033261862237,3.2201119816083184,3.246507446391311,2.9908200535222225,2.6855876812203547,2.4761538333645485,2.388530352102502,2.403918074218296,2.497480663687642,2.6412453782816794,2.7949570319708537,2.9164658972024484,3.0043048466603612,3.104085672501934,3.253002701372693,3.4486368987217757,3.656997815176974,3.82214900150672,3.8771109552748904,3.776125408693278,3.524692837893199,3.16030482378199,2.7166340493418644,2.215105458447712,1.674868601061969,1.1338968248496626,0.6739437726031763,0.3810243536795571,0.2481891218968417,0.1978930998534216,0.16694121412286073,0.12648750665650008,0.07540890874755851,0.04221258987728528,0.06953434629638003,0.15725866179468756,0.24676849113843963,0.2855562247378211,0.2682859860207973,0.22354117291186365,0.18575510678424106,0.17086201165239853,0.16473056196691474,0.14268219458970066,0.10226814347450698,0.06279979989446424,0.046310705424728434,0.06946992845717537,0.1424319577996126,0.26366803922590987,0.40879708992265495,0.5339380518597259,0.6168220786611197,0.6836835589160216,0.7778778178069741,0.9215854731101265,1.0886275857533867,1.193984111916091,1.1491973166125447,0.9516959423219434,0.681343555731486,0.42625953745377737,0.24410021836538637,0.16108169675155964,0.17040844990691142,0.22897683772864316,0.2876374677798332,0.34147294499059777,0.41898500207061345,0.5391478219104568,0.7021121236223783,0.8916828723707337,1.064547276990024,1.1431607719194858,1.0688242246415192,0.8872033481847811,0.6984412118486474,0.5487160988716189,0.43326604974076577,0.33911625625006697,0.2607948961080896,0.1992071181317489,0.15660880203679672,0.1305439566840293,0.11209781507287225,0.09029708434537989,0.058106038806582036,0.019517371332994235,0.00036673686615045636,0.06075218576664474,0.29163095687656515,0.7623548700649172
0.06782541598535566,0.3369709407348026,0.8021139580273059,1.4359066076117903,2.1006912435186766,2.661552311800548,3.063484746256347,3.3259687258417294,3.4872050097067415,3.522143844845234,3.3048589027889737,2.7736100776887187,2.1156529183786126,1.5705778690804697,1.2315023849603037,1.1017667631768737,1.174824375332112,1.4509133268845642,1.907034769773096,2.4304141102087087,2.7937962480556853,2.8213206575244096,2.5814975796879622,2.278890947688899,2.055863218448828,1.9463302693059168,1.8998183212421287,1.8145276496664768,1.6180165915465836,1.348659946201218,1.1174008698122642,1.0240605788410655,1.1452440268697623,1.5607060286266665,2.323742793047014,3.3049474496117694,4.14597284660898,4.63626090864629,4.898920835263196,5.138053746038846,5.469002858945228,5.879989478709373,6.206664480157501,6.205581951572074,5.793244787025889,5.115953729542732,4.335129120042803,3.5112724426354953,2.6604004354980835,1.8407359546938078,1.1993786637548705,0.9045601477550166,0.9713788046415076,1.2454344149512584,1.5809501568595379,1.9219709445490518,2.2614740358871677,2.588458037059212,2.844615097555761,2.9015345205210554,2.6382555887493213,2.1036055628029913,1.490377019143703,0.946555181101851,0.5233726172102984,0.2288382279415762,0.06206871752583794,0.013759530022834074,0.06143409974871648,0.178194591500422,0.3439074286775354,0.5455066009559052,0.7660608212435983,0.9642359213210349,1.0629734369768147,0.9991250563015484,0.8028909463752905,0.5668060954468215,0.3637769902264295,0.24165520722235834,0.2555832132521923,0.471218654689227,0.892668258650468,1.353493354333964,1.6152359685489635,1.6325518884468802,1.53712475003264,1.4625209707691573,1.4896532199983248,1.6615401945028425,1.9759690245495838,2.366745245103329,2.7455201622450676,3.069636771953036,3.343702832187052,3.585878418730168,3.8106486308136973,4.026092735743925,4.231461492182868,4.410575779247353,4.530399448779271
0.06793544941736401,1.8779479304298412,1.0366581033373101,0.3812197534725893,0.05089529930304645,0.026121619264033637,0.17917004829723154,0.37390843871761936,0.5009776979888033,0.4816582146937593,0.3289639858216771,0.22530152157231823,0.370857768975516,0.7746458630517915,1.3344175551750685,1.958298876079751,2.5717105412479064,3.0842428606650456,3.374354689624281,3.336890875288865,3.012607560929855,2.6308817501262762,2.386630639637955,2.266326115822061,2.150311572017044,1.9610877734644807,1.728978844659041,1.5817802319701713,1.6373916982552619,1.8794333000223682,2.188837020919615,2.459032815191245,2.6340160669914736,2.6784698803234614,2.5447159615644384,2.2055519824872167,1.754605829098335,1.362713451259858,1.1216858144857231,1.048907742169704,1.1630486080837248,1.4984655576118038,2.03810706286246,2.616675996930471,2.990941284993892,3.0636102114069663,2.9099314954306514,2.6396431387499466,2.3265823594893043,2.0167546142881876,1.7524379593826014,1.5735345705935484,1.4909607886742686,1.4776477271427022,1.4914034564220897,1.487358992731637,1.4156650583766732,1.2271794672578018,0.9048117959337696,0.520689984555409,0.238878417876737,0.1643628651425308,0.24169433614572636,0.388854940186217,0.6121618946531588,0.9612098745807703,1.4126689592823294,1.8247230792616158,2.053936818821507,2.0760128468250465,1.9536486761147573,1.7511168717643706,1.494862214844808,1.1824302098600366,0.8329266344541834,0.5315552020676682,0.35763527561471925,0.2844400498987671,0.2266456577498654,0.13470914582344934,0.03699916315969344,0.05149657649381931,0.3486187730983271,0.980612855968274,1.7246433365334357,2.2746701053305194,2.491117307347584,2.377880215168211,1.9900664671942574,1.4169839964134578,0.8111494528304902,0.3535392441610743,0.12647949787857057,0.07822847551233682,0.11960251502400904,0.1953237375222657,0.2928358334824962,0.4337663057551772,0.6664483139712503,1.04764128841489,1.5952141768066583
0.0680454828493724,0.6032985611170351,0.6056849902111642,0.6112645101539663,0.61754326522697,0.6250181729952166,0.6330646412722258,0.6339199746666508,0.6070819237873326,0.5228883419261746,0.37998185907579723,0.2516964358718244,0.21842895113457653,0.2687420304970081,0.343279710653974,0.4012989548163157,0.43432330703294814,0.46691570332959254,0.5647179546635307,0.8263668953449016,1.3044868610684164,1.893726051694381,2.377720912702395,2.5904017866852316,2.4650094760548082,2.0126389687484476,1.3383883416965179,0.663154002061718,0.22451581801285614,0.08966944043017754,0.14935048894807695,0.2727899087212977,0.38797983173847966,0.46843415887481044,0.5080256413435367,0.5203640758391438,0.5409488536128142,0.5934076150605714,0.6691439561365842,0.749464100557118,0.8233565518540431,0.8924279617983971,0.975912543834191,1.1082421926272243,1.3106984338980017,1.5702921162580317,1.8635597306113112,2.1826046656961826,2.5310528578208356,2.89629829570692,3.213789362548301,3.379789263150308,3.357011905444415,3.2270692780907457,3.0934789304008006,3.003767522109197,2.9535730462361642,2.9057079514712694,2.8012424676809475,2.5978020595923983,2.3600597239504655,2.2718202927766407,2.4575682054755057,2.8530487072453914,3.238258189223953,3.3226159119102734,2.9127058644111288,2.1141606157324837,1.272384706303451,0.681433012305489,0.4680479513982351,0.6885291528395403,1.4169456490636354,2.693976035978797,4.300715413409103,5.644687576365392,6.226936821883508,6.093878136195986,5.574632496272129,4.920583601350376,4.2346873968238885,3.5281015304206242,2.800306518331996,2.120293110659536,1.6037727192974454,1.2838779731293695,1.099331191791219,0.9788727421261075,0.8768438973369475,0.7657672762919104,0.6309834810357731,0.47809677691658237,0.3300440945534826,0.20664661667162101,0.11509849873015142,0.05662147706888278,0.03489937480167378,0.06214381451986516,0.16337451586663504,0.37305585994481927,0.711587771903707
0.06815551628138075,0.16361183070525864,0.15435449808722962,0.31046985962399504,0.6422396503458233,1.0892018001218446,1.5651558204965683,1.9828524751959526,2.2329909585587537,2.1717005817283415,1.7332860072692586,1.1516735849108668,0.8315091261363049,0.9298866606983529,1.3602025747473874,2.0007281498723666,2.75265609173745,3.4945427701509706,4.0126506848473475,3.9981312131331697,3.2853130158837915,2.2003874514720887,1.3587093952988971,1.0894443424446107,1.321440487560879,1.7895351392013055,2.178840901228844,2.2309742631348835,1.8964477762017349,1.3654536825289536,0.8669193428975016,0.5087352622130712,0.2926512580019339,0.1790862201405982,0.12814469708211498,0.11552032430345872,0.12555707316945566,0.14123032478719325,0.15430137467198726,0.17275545389889088,0.21888759292434623,0.33005031472956514,0.5483187020976226,0.8710014559015441,1.2110722120165416,1.4649595559777517,1.5980079516460322,1.6373505251880385,1.6257983491832102,1.5876691794854525,1.5161992881411221,1.3978246697998506,1.2568039135931524,1.143839715658134,1.0829597692820803,1.058350281809112,1.0311375097923106,0.9540500675010207,0.7881502200727527,0.5382252746014774,0.283241909755688,0.11772031048281006,0.051663715889818,0.03300952373724368,0.03632242482095313,0.10698584145383161,0.33786249708970156,0.7771285302232619,1.3651520763965663,1.993000649023281,2.5776472226867235,3.057612763665016,3.343110856673553,3.2863345939054107,2.7682591518261246,1.916975135551985,1.1005036125824013,0.5730849298588723,0.3410182063997836,0.31462896416447605,0.42186538837328097,0.6168574027709157,0.8381511900306826,0.9907117238944382,1.024929971004711,0.99827367523256,1.0062148189695577,1.1236720330056944,1.406512922731061,1.875439822204394,2.451909565571651,2.9445206944881415,3.19081199748578,3.175917376696456,2.973894089598066,2.657302790396837,2.2726921785217447,1.8538747302805145,1.4430153127361258,1.1070859344639947,0.9292844112775958
0.06826554971338912,0.6073958631114685,0.31461065239826536,0.2164610478263777,0.3323130031931979,0.5848763007781463,0.8702751451106528,1.1126966037293125,1.2646161432352314,1.2901507406309063,1.1794414237772084,0.9945249080909618,0.8357361216212313,0.7444970669646692,0.7088500635919998,0.7152613593468278,0.7649942475302307,0.8676404608074789,1.0226305548590773,1.1871738890854733,1.2625429783152997,1.165958379672053,0.9222700496539985,0.6273300755924186,0.3638702860404726,0.17766120388861048,0.08240511136305707,0.06119176956901562,0.07817843586654753,0.10767691111091464,0.14850356853405242,0.21541017418160782,0.3341610807264325,0.5440001630614553,0.8812053616198957,1.3132226948532018,1.7048635837282724,1.9499035782156542,2.056190888617677,2.059630689190121,1.9544102792554952,1.691186483111398,1.238615250290361,0.7022280362004388,0.31953586436949777,0.24196421864028017,0.44280995644097815,0.8344816211787712,1.3542142590022472,1.9432942599562497,2.474536622914845,2.749706373122077,2.6674993111270817,2.3343372153471815,1.9202782719144496,1.5220420668185977,1.1700707239124402,0.8859018004478033,0.7329575317995282,0.8293028180852323,1.2576753340918843,1.93306906559092,2.667347985217967,3.3330514396468702,3.8663620302332897,4.189658206485752,4.209251939917769,3.9175583256937534,3.450040968298849,2.9808435400581015,2.608206830500812,2.341874716425203,2.132207135117139,1.893154092511162,1.5456909624680206,1.1065989323791914,0.7016578629783315,0.4310689152517004,0.30097510881976863,0.2819422281847392,0.367808227196997,0.5837193558727416,0.934365533691247,1.3292063360480615,1.640422063260141,1.8561618288826496,2.057477669906101,2.306374228682269,2.600685114143621,2.860889691931359,2.9483930318889553,2.7735430668387497,2.397854775118977,1.961839355721105,1.5610753839611122,1.2243714035804334,0.9473724096894153,0.720881898649376,0.5464168365334547,0.4433984937154207,0.44114045174802324
0.06837558314539749,3.5718730242503294,3.0609378625753942,2.4339557201873347,1.8058204184754463,1.2935827700140576,0.9583475293071808,0.8277360460309665,0.9471211452376572,1.3951139176197922,2.1902640615451467,3.1315452379392514,3.921583288649212,4.470042955637983,4.8505341911446225,5.120478626341915,5.2608676538023085,5.183710643695968,4.7680541499047395,3.9659118564795435,2.970462708351619,2.1754237210938725,1.7987225611388555,1.7236006178479506,1.7326901534605312,1.7108212092448578,1.664555646448934,1.6402160411710311,1.6498052496845004,1.6858494281803373,1.7699682891769972,1.9499345073733345,2.271565188308784,2.7458324151134437,3.2747484014642034,3.580116564219356,3.3921402424317875,2.768900749943609,1.9596979059695452,1.146039163880123,0.45359623512705977,0.04832504471888151,0.12720781664157826,0.7132959061976913,1.4940267708490398,2.092096986557143,2.3932840980359398,2.51311732906184,2.6338352889249923,2.8869496340598375,3.247197008989272,3.482930525425398,3.347531385596961,2.8431282029202327,2.155275247357156,1.452329399895074,0.8292605287786259,0.34424333643597094,0.05969603858615955,0.047567837632742166,0.32753399056973515,0.806881871401922,1.3581180822274148,1.9139289770325902,2.428730970077228,2.798907396423031,2.8683140721338996,2.5614876700724234,1.9871150326783937,1.3470887645893674,0.808177386582049,0.49584738148830454,0.5514298939045527,1.137722231560312,2.2852938311995903,3.673754404191576,4.8112501416096345,5.489844559613991,5.806946244723715,5.918714479609442,5.916042934203068,5.806395816229562,5.5390069920224905,5.1033504089754915,4.6149105825246695,4.1958709733757065,3.842601594150006,3.4732021230692856,3.0087984961162797,2.418422215872101,1.7605995375618306,1.1790119086607689,0.7907313944095945,0.600281802318968,0.5463511461685353,0.5718104329854793,0.6453667490538085,0.7554784512681698,0.8978956781366497,1.0610193208593943,1.213483245826952
0.06848561657740586,2.2463924360528473,1.7779049587499876,1.3178128398414204,0.9425317821476111,0.6910851749391922,0.553339347016522,0.4952654266734319,0.47754085003879104,0.4584936853258775,0.4023553101172874,0.3080356339288905,0.21256979381185495,0.14490103158772927,0.10803040919378216,0.09508166719841063,0.09913947142351734,0.11482417256172364,0.139955670539344,0.1791610617623969,0.24231745453287648,0.33026330545619437,0.4252286959027162,0.5036165160295902,0.5506223591406746,0.5629107576253988,0.5464011947582195,0.5150875201426264,0.49068347009405155,0.49834773728441517,0.5603197484327801,0.6956013270214032,0.9229023567125278,1.2524823146521544,1.645444399145244,1.9586785248015048,2.021432714207007,1.822491238715382,1.470835357531353,1.0495442385131295,0.6090290079845991,0.23401788079601002,0.07736359114912761,0.25646633079138836,0.6735957713377483,1.0840679856616904,1.3380287345738235,1.4409621496601102,1.4712572811176896,1.4986689738764851,1.532121893982894,1.5174956958877754,1.4139655122400612,1.2551689380443956,1.1054256044072939,1.0064663962128775,0.9735371992478025,1.0055259853338532,1.0831237106887193,1.1567580403610458,1.1589588599924272,1.068402392851995,0.9397862632121766,0.8490273772911003,0.8530733015164943,0.9873178564430772,1.249595673122547,1.5784277899685744,1.8856491249245002,2.120834389302642,2.285416515259339,2.4020436111260715,2.480575545628733,2.4925143876120712,2.376844426539429,2.1167044873875955,1.8037212167985928,1.5602205121640333,1.4512709553186673,1.4968914670966607,1.7035604125503185,2.0518548182714307,2.440382823609696,2.6842493501922413,2.6863325904665127,2.546668272653447,2.4178310084270205,2.3867529848404074,2.4731112319392627,2.6315387991865324,2.7438531111322373,2.6803273665307987,2.412776582300842,2.0161274486218255,1.5756250831578027,1.1425769707093034,0.7465002563936799,0.4161484874857785,0.19030768045467633,0.11141723357361856,0.19430897498088373
0.06859565000941423,1.2383996247639761,1.326802763145632,1.358160931586465,1.3052315756656927,1.1648243960164224,0.9467053181695702,0.6670565779341716,0.36166816803301355,0.10633650801444881,0.0007223982560516645,0.06635269706989369,0.19397219942738828,0.28562003213790965,0.34414037783189116,0.41951444972382557,0.5507852635981778,0.7391947333920242,0.9326090414250158,1.0264718601115996,0.926175708603731,0.656545114149888,0.3532465106374192,0.13460675960395382,0.05531169642746981,0.13875834842869716,0.38513316365629907,0.7425274541804845,1.111342941249816,1.4236918248072035,1.6885439157477482,1.9391012600818058,2.165500128467191,2.277031320554672,2.1144807826949474,1.6035556509914617,0.9585273236733299,0.4939263472263681,0.29685766280065373,0.2873943541893383,0.3762606086792387,0.5100652008894522,0.6710619566606912,0.877941287955279,1.164889017987212,1.5385941137986514,1.9762124750047405,2.4578262972940883,2.9754148631078747,3.4988906074310195,3.9267705873138756,4.1186163171822034,4.049558105180138,3.8489419610963944,3.633727222428903,3.408527679685366,3.100224954575892,2.6271934685790703,1.974373766892576,1.269646527441689,0.7546465984241684,0.5490995469782639,0.5153652189392568,0.4534213560998832,0.2880810285582438,0.08895496500502807,0.002694939234206682,0.12834251473739772,0.43593023488170396,0.8338614520778291,1.2762563721488933,1.7937431529736823,2.464727446592861,3.336265451185405,4.286806637906555,5.003691849386332,5.277090966389703,5.200703600700669,4.976369879314793,4.723510629902388,4.457703672873285,4.1211565721827235,3.6347034853235916,3.011077836484582,2.414394500351008,2.0090313918969285,1.839238645674544,1.8844322791827315,2.1164621904927428,2.4836223907542756,2.8674031754160554,3.1126444041402017,3.14831403249588,3.02403320766013,2.8228426601577223,2.5960255308827285,2.358871459409117,2.106963053372401,1.8331355114061816,1.5445084245241185,1.2739304063387313
0.0687056834414226,0.3537217612024969,0.3854159520112204,0.39984561971690596,0.41031028344002723,0.4456535990989191,0.540882526256796,0.7359864218612793,1.0829451164408943,1.6350023642001992,2.372002771471958,3.1210935441683456,3.6983233893274594,4.101914261112078,4.433758689200349,4.768313782892551,5.115458198583031,5.409844860462436,5.4898137640770654,5.117886798162846,4.162217844923864,2.8390387176120617,1.5823204569897504,0.6729045612155471,0.16385482843755456,0.0037866453228364507,0.0964303520702273,0.2957788424811678,0.44799938673204664,0.4892761836766429,0.4567140927281773,0.4107128836461616,0.39402252793334547,0.44331484638590773,0.5987025186839194,0.8557952560271381,1.104547369053284,1.2249902198630638,1.2104791759172717,1.1216265639021075,1.0106764553207668,0.8979538816330614,0.7770942861182794,0.6420833148016707,0.516517274277958,0.4404733798930167,0.4448733165048002,0.5638407379116374,0.8626055626031826,1.4387489008363024,2.3493441962358865,3.4698709308196176,4.501736631951452,5.234397276393239,5.675949692732708,5.931762880860146,6.086007533057906,6.152005670330559,6.035622097112201,5.538275703457892,4.530871751514335,3.1987592597850014,1.915325640120936,0.9185805077174657,0.2815145532979058,0.03866581301397299,0.21861486734286967,0.7693164194962215,1.5301348897843359,2.32619164074132,3.043266542454483,3.603670354062252,3.902958676236394,3.7815523814222853,3.126842862686186,2.100837745727338,1.1141222555535473,0.44863921562140185,0.11872390951405906,0.02785355621734685,0.08686943735279119,0.2288680054451162,0.3831776290854197,0.47192924751725784,0.462871420727185,0.3915021713724066,0.30547235957594615,0.22973412882546565,0.17549747563180595,0.15584610934996593,0.1888120096052425,0.28167739562066685,0.4172977274028163,0.5672825048733547,0.7094347230129965,0.8279135849581111,0.9066278248547545,0.9273898812042597,0.877147339753509,0.7653250783956687,0.6397259924196759
0.06881571687343097,0.238875269649958,0.442964588473833,0.8353014994334451,1.3413278050928363,1.8461357447453115,2.2569522648489957,2.5108529455671773,2.551370152165748,2.332115267151662,1.8966468622272494,1.4542951896699883,1.2148555455076469,1.1907634422483317,1.2946372164835946,1.4729562211389833,1.7254996750376124,2.0824517478276494,2.572763203964084,3.17290155109778,3.7592212161052503,4.1656885281576885,4.324222679955007,4.274843673040636,4.069291788958211,3.727814052415906,3.2585295930710663,2.6996616508090163,2.137712088367063,1.6565125912494743,1.2854865829950208,1.025297986497311,0.899831982207213,0.9758637543974195,1.310785053119471,1.794132980818827,2.1080862648446432,2.0675303672211784,1.786299353867458,1.4559808739025892,1.2118358312276571,1.1505038474114562,1.355139875384055,1.8551596839334197,2.5837964986426387,3.4607180134877003,4.497038215929106,5.7852027547997285,7.420645487188904,9.373423779950345,11.305708364567572,12.58400390243043,12.800978741723739,12.180194597397785,11.195341827216117,10.119406228134,8.981538643497753,7.68980687283183,6.169114900426845,4.53286764746611,3.1637064223506166,2.4008980023369944,2.153560273542901,2.062006156356234,1.8467604955487231,1.4358446530187383,0.9433163524982628,0.548274826162258,0.3322719010245966,0.2499870000062823,0.22881841591510454,0.24318834815269952,0.3215617193091311,0.5088673792878804,0.7939579757475089,1.0730797784857204,1.2519036261302783,1.3424779907512476,1.4027561799075818,1.4583090037742956,1.4862254923693836,1.4240582364521084,1.2039143774514875,0.8419144340039858,0.48005867995913754,0.24548459643771203,0.1390666975268767,0.0929570566581473,0.053771750004314604,0.021259182227891332,0.043661670487755384,0.16159277154721874,0.3508832250229305,0.5453607897470738,0.6910776712535188,0.759724148834045,0.7376702418648213,0.6207803884961833,0.4237712826529564,0.1997365410550339,0.04455250952165169
0.06892575030543933,0.01945152193092361,0.017915907145527425,0.1416901220627533,0.3437247072215418,0.5496793521775096,0.718429588788795,0.8517239398789511,0.9546542722367518,0.9838333038305166,0.850667262769995,0.5511986247539286,0.23778706526736093,0.04709369160579643,0.00455342283281718,0.10089232789345315,0.36139633752626155,0.867960058500177,1.7367514472600416,2.997349582634221,4.37579420619398,5.311387049722652,5.420525953319718,4.769537548708863,3.65584852503515,2.378829798155713,1.205577355730052,0.3835231073182998,0.04158994075383051,0.08215161135232435,0.2844247259375831,0.477751290089756,0.5816973863692632,0.5678885803594175,0.44614160618280113,0.3037162466896935,0.2960845874879311,0.510736429619087,0.9302390434113148,1.5276532687970792,2.295213366936669,3.179916183882871,3.988268467272222,4.420743649567487,4.351347609006855,3.975522558673616,3.5827155711182224,3.36161753110913,3.4027003241663007,3.7395744556963764,4.332299576847598,5.020213149558151,5.57934723078349,5.87549950721663,5.88665528645225,5.612636839490704,5.030173591128898,4.11194176128902,2.894059353668598,1.5850871830327735,0.5735111743969861,0.13101065000618836,0.158770207257761,0.3865344820398265,0.6213768696800969,0.7741174412554958,0.8136881442571711,0.7511079697811341,0.6285519584015498,0.48754775532959554,0.3477403499645966,0.21326232695607153,0.09145063968422576,0.010530449864888599,0.01717639055505851,0.1313472622189886,0.3097956641429213,0.4930089753897718,0.6595102719966469,0.822696391576199,1.0116744062899399,1.262076438513818,1.6019438582805134,2.006516910389537,2.357067987342823,2.491165017521334,2.2959082528721,1.7615115162206092,1.0159630443308978,0.3438310695467774,0.09684653165622382,0.42154585622966395,1.0936337574310075,1.7531107997891924,2.1790494829010627,2.311603138527659,2.1711543572973326,1.8104977493965402,1.3114993325178383,0.8001077754696208,0.4358096032660512
0.0690357837374477,1.533825238466636,1.1944664762536343,1.11764439853385,1.2548220901442224,1.5081849907760687,1.8053438535310655,2.1261823672339,2.4763761545869976,2.8343733812045127,3.1026807316817533,3.163364625622813,3.029379833967209,2.8177262532331464,2.6073496409405603,2.4162687307582,2.240822264701894,2.0773169800050444,1.921078975939306,1.7572185506600053,1.563649824276461,1.33579524863269,1.0965003409986356,0.8714583024335837,0.6731653848956393,0.5061658458967259,0.37391245189833117,0.2800231749510927,0.22570145101605318,0.2062795264905528,0.20996273324934758,0.21840251540565944,0.20905631050973736,0.16550662592897394,0.10553837931856648,0.11056178350103633,0.2739595941923793,0.5956295060469278,1.0149185737977433,1.504904914943239,2.085532650043504,2.778693365707877,3.532687720641111,4.181547600434492,4.560603152156709,4.654702396878189,4.548662525687317,4.315798031745801,3.998529274943679,3.6415421218009234,3.3161422240269682,3.0977805402103935,3.007536212731764,3.006650829175282,3.0512538604409065,3.116657811427846,3.1833308632246493,3.2188173029108045,3.1698025821268505,2.984210598357703,2.676827778404379,2.350042870888896,2.086934952245326,1.8777216868441642,1.6684124934099143,1.4230650706536179,1.1480961651965296,0.8809022520088291,0.6552290241171274,0.48551656894286505,0.3892880492691739,0.4209313568993961,0.6901259579875277,1.3250229712149955,2.326080049239125,3.4328061844390576,4.326046309401166,4.944480546720249,5.422510577419754,5.867842761313668,6.235474431989997,6.260792273433559,5.535363602716947,3.9725897098388065,2.197123194247257,0.9273453983520116,0.30324636479376516,0.09422896871790609,0.07218339936557847,0.12410670181700677,0.21537262465406387,0.3273433198689866,0.431595512543091,0.5056555660052175,0.5449438592841312,0.5574446274456901,0.5581220716665996,0.5692421840354432,0.6223154248393592,0.7528376112547731,0.977402701190113
0.06914581716945607,0.28758024753661077,0.2652275812726209,0.27171509908650815,0.334266355844292,0.46824667238938816,0.6754564646347551,0.9505128426625479,1.2746193787970987,1.584433298879011,1.7494873396173762,1.6700648857049347,1.4276844224334115,1.1897537092088737,1.0361117338903,0.9517487263479245,0.8803849017653005,0.7612794734265041,0.5640414513583505,0.3384677186094058,0.23177744962190214,0.37390929825973934,0.7341046440751842,1.1773410336528352,1.6024760160455547,1.9783789456542653,2.3042219890280147,2.5620687394689026,2.7133146248435667,2.7432360168808514,2.674750436061811,2.5301481785399558,2.3047051153977005,1.979556819040467,1.5708399510983404,1.1865669873128109,0.9744729166548953,0.9695595014947808,1.1043748698010394,1.3214274436705167,1.5985296445077164,1.9215048644668584,2.2610298904864625,2.575500389527142,2.8422852643111276,3.077844351729156,3.325775424575243,3.6410106131520603,4.073762646670685,4.630485767199634,5.205644894221437,5.5691816307834,5.538044882455629,5.144440834910382,4.53401678583663,3.805026322964538,2.983460976137866,2.0753606594055967,1.1437761669002875,0.38670708379832636,0.09010769791378545,0.3659444252084702,1.0345518129633182,1.8561941418654033,2.692419176148046,3.4446109271458005,3.9629857276456955,4.088737267881734,3.7868288234113936,3.1610409175692435,2.3520560679588622,1.4831078284546526,0.6872024618684223,0.15118368392525955,0.07136183198224827,0.45133868205965877,1.0086904764155051,1.4437614071726883,1.6581484172738512,1.691763384823132,1.6037181973757932,1.4168269699008837,1.1273437802473574,0.7721622548425573,0.4591520695157003,0.27213424183950163,0.2129646923619904,0.2591698527959874,0.4176748119250736,0.7207798983948999,1.1680857291496567,1.66588306192874,2.0710395335966227,2.300464390021551,2.3560101189459153,2.2810127620565606,2.128386605783088,1.9510604837032413,1.7987403559120174,1.7115212772099773,1.707452772072861
0.06925585060146444,4.3089506165498355,4.621435415038017,4.742378295204408,4.6955982377263235,4.599011025425475,4.585678424177168,4.753564974967566,5.148393939959936,5.71468879603441,6.215069047870849,6.33373329569991,6.018165502923734,5.480243056277013,4.888355562814488,4.274738893694315,3.6025323039938058,2.8298422404345214,1.9591459227000365,1.0883266677950798,0.4089293371910424,0.06293113078303333,0.009011708990255041,0.1184029321791119,0.31882631412432416,0.6064998503383072,0.983069408062815,1.391953074463268,1.7228540048518084,1.9052591388206213,1.9606177678729424,1.9500102728389266,1.9153856641110063,1.8620557379894196,1.7686631175618923,1.6265505319019302,1.4809187533519268,1.3868750625821027,1.3396414104990435,1.2827646910061032,1.1398985733017821,0.8482372999079266,0.4351317403693564,0.09648605902595969,0.0879468359733548,0.4872516986829044,1.1752489270466897,1.9713596110354359,2.688756484497855,3.119793441819665,3.07151391192716,2.5275526613191297,1.753152636401538,1.0764468394496964,0.6395880079854053,0.42727048885463276,0.3850630282358281,0.4734601520290868,0.6666535405452905,0.9174326865708886,1.119400119714782,1.154093376844203,1.0076515217583026,0.7924832508391174,0.6812907021692981,0.8335248807326019,1.2945842021353364,1.9283229757287244,2.5295904888184064,3.0070826117740213,3.4033731828488873,3.796586923593719,4.21198006444163,4.566267544395707,4.677106454836108,4.430606074285881,3.9624265671637517,3.5319610457027113,3.305921546443533,3.3445532665220292,3.6668249576476395,4.251358750746665,4.953577387415597,5.477318164574512,5.614138095361245,5.454187783745819,5.198663031477185,4.945372652499945,4.673527858033913,4.30765058470184,3.804809468855545,3.23001801882215,2.7136259457323857,2.3276473302067933,2.053061939400624,1.8327318810952797,1.620074692309082,1.4053236534231088,1.2304216509501031,1.1848224107505474,1.3542152901781255
0.06936588403347281,0.6897389104966283,0.4252007251861398,0.20755782184249344,0.07370980355846588,0.024802405284077695,0.049845171291327074,0.16703630299545807,0.44559275693098,0.9737330134495142,1.7298642933615311,2.4774910523832876,2.9782410913145196,3.2367812121886668,3.377842177354578,3.4778425285667827,3.529602481437321,3.4521200245154273,3.1172039277805723,2.448905343382361,1.60171390264059,0.9548803477741821,0.7610506658938746,0.9522243070007724,1.3199819963804962,1.6943852691548693,1.981598575555313,2.1522085966759406,2.2383220089914704,2.3196052425956086,2.4847230061041943,2.808348311234205,3.348561122309662,4.113728174291362,4.950641669023986,5.46236322111912,5.31368900502426,4.651423994127539,3.8515616616468247,3.1292287319735035,2.526900321133441,2.019239657593524,1.5802250338309811,1.2196116631628897,0.9758178936132857,0.868565840148976,0.882573216809478,0.9920338842480675,1.1808753174102595,1.443812097828622,1.765330297790043,2.0882493102205517,2.3286872846581184,2.4418654097597363,2.4387051358788217,2.3485925424394285,2.1947455891513563,1.9897114607673243,1.73735204190084,1.4442155713710123,1.142185020275064,0.8879819585850901,0.7229337160091382,0.6588322524762088,0.7044656611287711,0.876960940449542,1.1728244074131764,1.529796050993436,1.8461430663938614,2.045776616735097,2.105468426255722,2.0355080470746683,1.8555531353955832,1.5861217240995416,1.2620101182193895,0.9501549561566717,0.721047669563538,0.5988329735522595,0.5683439756813148,0.609438863746645,0.7098306862571975,0.8566054747099408,1.0168173952723911,1.1304642398095515,1.1491849639927338,1.078266061707764,0.9633249262642422,0.8705534262046117,0.8883522876546304,1.1117910387802947,1.5693113302370232,2.1432983961894365,2.6355364263346206,2.9242050944716014,2.9986049900465805,2.896131089277309,2.6609201726999028,2.34373940754781,2.0186732633933686,1.7907934663117893,1.7637685861154437
0.06947591746548118,3.5010183578491008,3.014026009456304,2.363364969321959,1.6821016977792427,1.0988489414302283,0.6661962560936538,0.37341287130004114,0.18880727075846196,0.08477456177635255,0.03797650845308293,0.02022656651519906,0.008924453929034149,0.00223427869465544,0.008349895434239337,0.030960354004763806,0.06704624270995319,0.11225234377709115,0.16844034916899828,0.24553464302086195,0.3464764614988517,0.4476830824975718,0.5148100607627009,0.5354977489576309,0.5188871862321591,0.4767968607092345,0.4168952905467057,0.3502573596342885,0.2945699167592219,0.25865159266797366,0.23096319746036711,0.19174526145068443,0.13745840806050535,0.11811711739473044,0.2820455310985999,0.8195578185321869,1.713941390726021,2.688566454297716,3.522752343635089,4.175924313501533,4.6690203920430955,4.970131380257505,4.957026409659791,4.521406946635817,3.7518128862902103,2.8871033995783324,2.093165360426578,1.4002968485544693,0.7887635490862871,0.28927950521658835,0.04078876061160126,0.21321173855872075,0.7910943887707367,1.5328464446482097,2.1886277365597397,2.6309938832500204,2.82668786773823,2.7902740300258437,2.579100506153195,2.3229882818720515,2.2275580209502657,2.469063940647903,3.083889296888701,3.997037486696989,5.063536584878832,6.047675057960026,6.669237505337695,6.797071673636838,6.576501053692734,6.283058734213589,6.118121485353178,6.150425889652136,6.324951192343972,6.453377800669126,6.26343787407906,5.6438628068431225,4.833105660739521,4.174201748230068,3.8352516328412998,3.8324945701395667,4.126388858839215,4.620117459917848,5.081531009697098,5.176134013426259,4.764002732929545,4.035554055998618,3.235970196129286,2.481089373715783,1.8043307452786521,1.236643332825065,0.8299978023787906,0.614376040111374,0.5500940436243128,0.5572453493391807,0.5740328453002633,0.5733724116841349,0.5540372243887298,0.535309906279583,0.5591262986335285,0.6874553031596834,0.9738206686243212
0.06958595089748953,3.4418151902381533,3.2518991495168605,2.8017204016474646,2.179442119103576,1.5127724313584676,0.8917604764465207,0.37869856272328867,0.07985081521740531,0.2099040017032683,1.014661301677341,2.452094598326261,4.106426033029641,5.6471328553042905,7.042907823539481,8.373661491502304,9.657244398850645,10.756106734197258,11.313747586649866,10.824779824095527,9.058753507975096,6.541572852542954,4.19334161409057,2.5208175916192337,1.5012699382550945,0.9112539212694075,0.5478210277433986,0.29859468769629194,0.1377820717275394,0.07464317226274084,0.11105932863115144,0.25088876692429785,0.5263212049735971,0.9983325151316809,1.6865515153913102,2.416910613802035,2.8443983779338806,2.8174438708723617,2.4844662049595314,2.04704132551353,1.6360145287607637,1.3282195593360522,1.169134366101087,1.1673313458494028,1.2954218226286398,1.5258223438662741,1.853211626664116,2.269338107628246,2.713904330104866,3.031771334479416,2.9986038060509856,2.497209081414482,1.6986058951420433,0.919611797839335,0.3559211432798256,0.060401564230551014,0.046954174154476544,0.3389267057602611,0.9257693223706223,1.6376306920499943,2.091417518825503,1.9815271110939718,1.4225237884804018,0.7889996955459176,0.36973302656939677,0.2292289730792135,0.24268838848839472,0.24616882421123365,0.18613602507270588,0.10697159166656864,0.05104432413648405,0.02443725437257249,0.03655983261608245,0.1674292982118191,0.5919031007826829,1.4448485030387614,2.630939820276723,3.903817280944141,5.069877644239081,6.01070452560418,6.581127359049424,6.521498977157458,5.549989878984304,3.781824371264854,1.939544191366869,0.6995485651526208,0.17510868428820156,0.16540327859629003,0.4603768127149834,0.8886853252754625,1.2647947750131685,1.4197583589571818,1.3171111933998016,1.0574957313319242,0.7670047841614169,0.5335534808977104,0.4148451944284732,0.46271141905346996,0.7333547397412941,1.268353170645515,2.040925772844697
0.06969598432949792,1.3334765550323913,0.8613114224491738,0.4256506128159384,0.137379030697377,0.06207629414044569,0.22809124190640848,0.6760313342412984,1.4762037741070373,2.6392855072623815,3.892436978256711,4.664235005595864,4.657433786144089,4.132214909174506,3.4672550479525666,2.8707216524147525,2.408506177509193,2.081116685859946,1.8602121420098998,1.6976530257938118,1.5367515773345575,1.343192462617928,1.1208481340801053,0.8849619702595084,0.6407686174212116,0.398505931546341,0.2078699281858093,0.16830305689088246,0.358543262723814,0.7396933285318162,1.1731801829574826,1.5099730120044101,1.6383321794159187,1.523788497083388,1.3110897543065023,1.3780334339785303,2.0229895037160897,3.092358572205094,4.232430980908293,5.226947062866052,5.973680090327706,6.356524242398586,6.2157907078408,5.5043914935510205,4.456584844902237,3.418507211808271,2.572571835801483,1.930082614253954,1.4493697583492327,1.1020762732604845,0.8785011336461318,0.7626581925279349,0.714400461459042,0.6873731232401705,0.6521387297931008,0.5942381088521006,0.5050248477212004,0.38104449952113334,0.23284000002559305,0.0957147598573432,0.01598554896658638,0.0015405077338557832,0.010239447463441591,0.008060524896044753,0.013253486602198801,0.09216281179931182,0.3157358987820236,0.6966369470813262,1.1792960194563562,1.7029364741207635,2.2458564986331053,2.8074074264648785,3.3555149672338005,3.7673306463166467,3.8356308111165474,3.4505617465536598,2.7765442616085183,2.090585021530112,1.5470226930570796,1.1736696321997233,0.9625843041491573,0.9284702958001583,1.112704731302258,1.5111322985451203,1.9911914866226146,2.359512355481735,2.492196968231248,2.359998469478742,1.9992628416196274,1.4992487511528176,1.001833443082842,0.6547261515575903,0.5164427597372173,0.5378810303094259,0.6363056614391426,0.750025733232774,0.8458517980269165,0.9122894209701918,0.9563576833146965,1.0031670521623977,1.0883688750639058
0.06980601776150627,1.3567909710228883,2.1052776811813336,2.9169494040486814,3.620756096601012,4.0886523705391555,4.277678990494299,4.2012828448521145,3.886088411841102,3.3488262088296756,2.633504241085407,1.895608762914451,1.3395606775997928,1.043561854398694,0.9665100086449377,1.0440419669155903,1.2140955159519309,1.3903125777225196,1.4390661341525797,1.2360219164052129,0.8554020063318889,0.6693145270544917,1.0417225172592637,1.983270183086171,3.182419755660795,4.200456249005631,4.680310118534188,4.573572760211315,4.188632001491206,3.885597375775504,3.78284688479413,3.8097338049785434,3.869536273515525,3.8892615354186293,3.787735583987721,3.4934359585296977,3.0725580408577833,2.725540339840915,2.5916009369335216,2.689998916748748,2.978416697781973,3.3710803698249237,3.7247732181694264,3.891533874997652,3.853399890612098,3.740642177885148,3.70376689375916,3.851091838262427,4.262528732898642,4.955298803966692,5.752813540805776,6.2229831388669385,5.984305508378142,5.084249621644682,3.8700017888341267,2.6657686726525673,1.6713687775648491,0.994797985622892,0.6705545967609187,0.6277312140564447,0.6835753123308339,0.686141510815458,0.6634773075241637,0.7460810250509323,1.0170740999289145,1.4385280351889917,1.841127366591462,2.022721687169259,1.9122557150822903,1.5944885821635384,1.1957348782328523,0.8054737133006301,0.4751560905515123,0.23889736297656403,0.11494946688838002,0.09093172299196098,0.13346126279306872,0.21577646233250686,0.3189349707330765,0.4225247114292195,0.5051748410356839,0.5488057392701607,0.5496800173433902,0.5379435287564224,0.5591792912692158,0.6105005229702091,0.6390588713964738,0.6017254366832779,0.4966411413971787,0.35524885929920486,0.22104720607037392,0.1257009940682781,0.07370355010755307,0.050691959287610805,0.04122624559895045,0.03638457214577224,0.03429815064736878,0.04185811944743896,0.07940837364910841,0.18304588439034575,0.39136008145343465
0.06991605119351466,6.962565923509369,6.861487343040667,6.443092846430523,5.767919632612366,4.994213236494039,4.256975418770438,3.6061817877763875,3.012913945233376,2.4120255275331344,1.7989462166271912,1.3154668530981664,1.1185222615165293,1.2030338379842438,1.4770984415412634,1.883294863074574,2.4169554462926994,3.091145637089447,3.8777293470170124,4.635830193175174,5.124774010974272,5.219640875449116,5.088130981604459,5.027026769540611,5.236624896649663,5.76613895618018,6.510752598912564,7.206234099078029,7.547669669138859,7.4130117644333495,6.889087081692228,6.0929285015359556,5.065266455972263,3.8142179319268865,2.463382429231605,1.3759300983014018,0.9183564670399116,1.0418122630665074,1.4356903554783558,1.8937168139165959,2.366023523456809,2.861708336919882,3.346003555254834,3.6768468094135347,3.6767375616538174,3.2854607743744753,2.5826711744293074,1.7132273067889756,0.8512432502756625,0.20713425918588785,0.004564753922753623,0.3428840363712627,1.053712838400492,1.8334341129986025,2.491785130555239,2.9813586004249175,3.2973731244245745,3.410051488910213,3.263890457283108,2.8576270065629537,2.360331258887276,2.041537890732428,1.9957823949139062,2.069001708965247,2.029013859585376,1.7315853604236304,1.2193110591838405,0.6944037137334419,0.3365755054413632,0.17324116220044675,0.1320468944494662,0.13907131255224045,0.15890481141833118,0.1883560033911137,0.23072267325958462,0.27183206978483077,0.2869543401782402,0.2677857126330681,0.22571759886158768,0.17710197560738644,0.13384969396385063,0.10247546897559166,0.08807667226626659,0.09683614775588562,0.1270286105277519,0.15846001431008389,0.16454070772069268,0.13459012584247274,0.08104330081845353,0.030400398525320456,0.00614887513277853,0.011342161358954462,0.028121787330183248,0.0372761710921796,0.03185295766272069,0.016055247284117547,0.0017131078688063038,0.00860511421141152,0.06625514046499673,0.20963803741438433,0.4590859490570324
0.07002608462552301,0.5124532759270852,0.574554608496901,0.6151164434987937,0.6322586092685937,0.6329859879876747,0.6249459526528647,0.6120530143350005,0.5950631572649513,0.5706248094257043,0.529351179958628,0.4668391863325127,0.39855184613757155,0.3462883684418512,0.32147562706941474,0.32945138901971704,0.377387477327088,0.47417130794136086,0.6179491476274169,0.7703269361114393,0.8457029521517024,0.7698156964854329,0.5591856888508083,0.3050434929332912,0.11384804647212078,0.08738015182154006,0.3025548923751025,0.7367047871031526,1.208716796040422,1.487209952153788,1.4656252941876728,1.185383296759415,0.7722227928141667,0.4168558628156805,0.36747246221737934,0.7760302425545229,1.4468350131466639,1.9998564323148882,2.278310580689699,2.345768781094638,2.297969800791962,2.178030928526512,1.9743633857328111,1.6667077323871957,1.2847166990056864,0.8988283477371879,0.5658607883441247,0.3168542702949647,0.1763977304949117,0.1664887392766368,0.27532224623333584,0.4215565199414579,0.49950782831904905,0.47940783711077684,0.41413059138825264,0.37830577552139916,0.44190360782653226,0.6743945392365984,1.1325363889480862,1.7928141698546776,2.470712011028108,2.9113622781310426,3.01746448673734,2.8678354203910708,2.5685636513304404,2.184406294054881,1.761055367073537,1.3519705238060822,1.0044943833962032,0.7358714324561627,0.5377654050436725,0.39422827674233824,0.29527288704144317,0.25173565681450544,0.30489510901022043,0.4882150177432339,0.7609725307549382,1.0306843686432139,1.2273531044126684,1.3166874740509957,1.2744915542405557,1.0779835185231692,0.7408013025448985,0.367386845768961,0.10707035354397804,0.016681646532002683,0.04807876530623558,0.1344623131539002,0.23058480286796787,0.30730114457504865,0.3444613323193721,0.33823800129564136,0.3054727149720246,0.2685728821121038,0.24081296062258098,0.2269398741660944,0.2302088003962323,0.2581616036780976,0.32558946168730873,0.4520637071315294,0.6491041400422185
0.07013611805753138,1.1004976975820322,1.0934268447425934,1.093997893359544,1.1014014261035645,1.112242541480277,1.1194499400444022,1.111486401143473,1.0683088173839679,0.9576490988326124,0.7559282056080794,0.5012368978495751,0.28094537193588837,0.13947139678050618,0.062491777195388384,0.023049166327784754,0.006134033329213877,0.010844834255938868,0.04485377641248085,0.11043065655987255,0.18304678231575341,0.21289331912729934,0.17052238202587064,0.08156800263320363,0.011063734571002416,0.022990857282994583,0.13494759282718138,0.2905535260495731,0.39800578655461283,0.41749274496004424,0.38207061358453576,0.3458389260305059,0.35256330172998906,0.43916094059348987,0.6297697593041263,0.8912205093691713,1.1170680982620655,1.2269189329476478,1.2276604195798466,1.1544873758335301,1.0230274873716,0.8311755563415325,0.5876982341257679,0.34233818819321366,0.16607376647198469,0.09190519208827658,0.10801632165125874,0.19690867579421573,0.35780221023086245,0.6001539905636757,0.9153485111820799,1.249708095482004,1.5346269034406292,1.754173104439285,1.9452156867502899,2.148518089000878,2.384630458625567,2.6516504577556352,2.915006462048006,3.0853682988766975,3.040708079539792,2.742486153522035,2.3042139087626663,1.9029654580995488,1.6856737128825705,1.7288000238040844,1.9915937760314928,2.312595234368583,2.5304565857413928,2.605200175412081,2.601524912942555,2.610479638185792,2.6983657791214353,2.87520006246849,3.069789291677217,3.164995152971219,3.105503514503017,2.921045685837619,2.6383226776777917,2.23419838995546,1.6654127434460657,0.950808332911155,0.28802343441338735,0.04207515307418892,0.4133057922390932,1.2071954312850988,2.093703272979207,2.8647016461433648,3.4279080005112843,3.7181128930038394,3.6763545589625224,3.3260550868593173,2.811291785639013,2.295403049953007,1.865587341959509,1.540142589298301,1.3113145120239347,1.1712051530569856,1.1176559665530037,1.1465426260736522,1.2363951401516222
0.07024615148953975,3.346058667896009,3.641908334543925,3.8228489164137036,3.8278355427575175,3.6708047272177473,3.4070528781527605,3.085916046228099,2.7304142594428384,2.340788623374711,1.921372951908555,1.5157500010406482,1.1820612382021383,0.934664376104519,0.7542770079551476,0.625435601852559,0.5477577620858877,0.5296826554864125,0.5762133255939961,0.6730974985793305,0.7794495095457877,0.8545907606167948,0.9007764209705762,0.961477188352227,1.0849401786033102,1.2893255552902152,1.5295513955600413,1.6943578271918815,1.6926946733295756,1.5571446780468214,1.405484565455112,1.330906090716216,1.366000652815986,1.505521469660656,1.727433542478762,1.9873931826384328,2.2116879754756,2.337861493167249,2.3523600127872535,2.2744609102103137,2.1323389735209313,1.952008680459029,1.7537836116666599,1.559810051622471,1.4016054845191195,1.3021874968724623,1.2522065413282701,1.2079114572021823,1.102150906317471,0.8714290444495291,0.5191822051905326,0.1733955721735089,0.006657511377846542,0.06878433339200257,0.27880142805709096,0.5342816846467556,0.7665252855080371,0.9362765262329532,1.0174771586745186,0.9905432067384096,0.8526464883116555,0.6344572729611953,0.3998403113162275,0.2419092539444596,0.29126762232936154,0.6911950682436006,1.486728576055334,2.5105287451905576,3.4681749163040245,4.157618211666233,4.543584650108368,4.675112573591467,4.5904712455068015,4.272288295545348,3.684154143857041,2.8873440544295295,2.064228720226529,1.3605347638951018,0.8021101216240092,0.366760331486669,0.07205345512325191,0.028318377894423555,0.4274581563808354,1.369388340304818,2.6311350368040025,3.778692685437652,4.482710550742895,4.613396097990821,4.187103681798736,3.333919355231107,2.30527039023745,1.415255578822879,0.8616953871267783,0.6371463847782322,0.6314927193052009,0.744637164172279,0.9164639136278111,1.1142620087106796,1.3144411861074716,1.4889013847465316,1.6020132430223726
0.07035618492154812,0.41339148392835456,0.4382268135698216,0.4422408901909104,0.4252945921185487,0.3970606107551206,0.37192350222072806,0.3681817181144956,0.4111891015625476,0.5253937176323824,0.6987511946737291,0.8578967638295065,0.9335043280450652,0.9265735048477104,0.871822027093811,0.7925263154926092,0.6955744609450403,0.5816471041940089,0.4573129353786878,0.3462739478701028,0.28548151973090774,0.29053499446907316,0.3302593653769324,0.35751226446951245,0.3495451800601678,0.31380279654391746,0.2749153388383674,0.26046957650774594,0.2854224325411634,0.34039192518032374,0.3963558102935734,0.417408207573307,0.3706539421468636,0.24648405817598784,0.10527719226186745,0.09862188344916495,0.3355742975659931,0.7315002433917097,1.1210384643536788,1.4046987507858464,1.5440018250253866,1.5193126595323774,1.3304936043632218,1.0353941148417587,0.7442185653460321,0.5344965859339155,0.40758592478003314,0.32656138302322596,0.26207993092631615,0.22715350629234116,0.3074151547531376,0.635355754658061,1.2685476460072616,2.121284789704981,3.0511000918541247,3.937400336985207,4.669086574769356,5.098084067072571,5.017571414482269,4.251950084544278,2.9107685910676193,1.490951993869352,0.49950158287334456,0.13402442050432292,0.38054755075143193,1.1319627626947528,2.1429123818993094,3.0358935637668383,3.508562984719004,3.4944173050049723,3.088087003823862,2.414933208234476,1.5991072140596383,0.8119162908295429,0.29392812424879067,0.21038860642611737,0.4570746090698367,0.7633998290582088,0.9340534218539642,0.9070120198959793,0.7090431193323983,0.44862357535511943,0.3387265529355299,0.606143784966009,1.2445534249326913,1.98072919216321,2.540167134606144,2.7956616006602903,2.733763179563981,2.402530663229434,1.9031942300241274,1.3818000734089553,0.9607385046762483,0.6762901505687566,0.500526816538137,0.39180025808517766,0.31814661136052397,0.2597448153849066,0.20736554706140373,0.16286615585150813,0.13864906358038565
0.07046621835355649,2.102558585942677,2.706504258661058,3.376647639319887,4.016935192421463,4.565513128182529,4.9958072272396725,5.264808737634348,5.258142516126759,4.789028331659905,3.7594575407065376,2.433902651922578,1.3028861209203844,0.594588837915419,0.23097518681115922,0.07082813941995571,0.026373744647239274,0.07043195162534864,0.2186335292256793,0.49655019413085877,0.8743344446687565,1.2215642792173467,1.3837563404836464,1.3017301030887587,1.0346584974841195,0.7228576690689149,0.539348667356927,0.6021358444005878,0.8679724858245471,1.1575098701447564,1.3177496564177973,1.3046091517547318,1.142496848919235,0.8759510415529047,0.5658088848906867,0.30028352756766047,0.14760443999301315,0.08990202497302865,0.06723473459369127,0.0487187771892702,0.04358868986171071,0.09230888547676007,0.253701509822427,0.5593758686591916,0.9552220911441719,1.325993437612875,1.5793356687516893,1.677371348127803,1.6195589912454755,1.42903020438939,1.1596264997808037,0.899887796613818,0.7295512665089382,0.662851342102861,0.6608293189859488,0.6773373113491818,0.6788698117505902,0.647582096519101,0.5913649432168963,0.5623857136666469,0.6453189443695448,0.8819748229300544,1.2255733826009931,1.5956371103870284,1.9248566266845089,2.147410438701827,2.1932673093973665,2.0326895695331557,1.7128823672462754,1.3180014389734453,0.9105911236744781,0.5246648107849037,0.20040340705559057,0.025852641338527913,0.12523461286098014,0.524886326149277,1.0385033467896956,1.403219099139213,1.4720890250064382,1.2408740111336203,0.8043374762296696,0.33969596484087045,0.09136980913080223,0.24467599966689485,0.7260124915933743,1.2589704809527793,1.6167257342433021,1.704512507010269,1.5148201525212908,1.1101624175074687,0.6336557953974966,0.2578184039275549,0.06514545734649106,0.01570052667636704,0.029966033786146987,0.05364219520290513,0.06411365600894275,0.056757277853256786,0.03564240883657017,0.011986403844644456,0.003988179996211468
0.07057625178556486,0.46923234779170464,1.030495188201225,1.9058289055575788,2.9473779426709057,3.9485599657913997,4.742272428303093,5.213540610574556,5.258059371749555,4.771766876923492,3.7777372325368557,2.6174648348093794,1.7558378083586859,1.3577850235217868,1.3154544444801561,1.4871690860692732,1.7914481386007102,2.1968575013810954,2.6801707081518678,3.163942543018865,3.470922085264105,3.402732025285616,2.9105111231901857,2.1281837713179685,1.266778248054922,0.5322559527020121,0.09109710347103236,0.023479857366550238,0.2596586434735915,0.6149433341987576,0.9358394808804369,1.181810776403903,1.3971438223993236,1.6510746583813176,1.9663439314316986,2.247307501244847,2.336253838133631,2.19727192290741,1.9203958888641282,1.5914652536221412,1.2585431312392963,0.9709027677151485,0.8079158191178917,0.8425115084873631,1.057220735266707,1.34595428296004,1.6072526155673228,1.7904340116428235,1.8763252840767064,1.8470253523280267,1.6786710801073386,1.3776689739573063,1.0214949957015798,0.7171468180092913,0.5245733406832732,0.4446854128506644,0.4453992032243033,0.4789102268235277,0.4928602959951455,0.4585893105721846,0.4123491130308593,0.43503010167209544,0.5585062682905186,0.7372666812375954,0.9004210390427074,0.9923967334172343,0.992056689508253,0.922704940203902,0.8344473409141654,0.7672350227756708,0.7342273235817843,0.7288527928067878,0.735349749831479,0.735208853425327,0.7110257068790481,0.6504169272486234,0.5503942665609299,0.41733845194742175,0.2645311797342574,0.1156200716815381,0.014939874029704665,0.03705254983857695,0.2679041259714661,0.7223905796190235,1.2794841771912655,1.7789503483799067,2.142615679257473,2.3646048167367844,2.4549476287090277,2.4089846399331907,2.216989366375067,1.9069035551559017,1.556552698633715,1.241694706778602,0.9946598670053945,0.8116495523696119,0.6736013537216962,0.5582576273149525,0.4458613034889895,0.3254751082806737,0.20341655989239146
0.07068628521757322,0.21874045715256746,0.520829399105051,0.9551378112553589,1.4571790071916582,1.953715967437533,2.4026719849537472,2.786898487240761,3.075295216911788,3.181403507199465,2.9859403734414163,2.4896631485837575,1.8887248882255208,1.3759395663227012,1.0065294240107918,0.7592983986902798,0.6082539104288175,0.5453506225203626,0.5755658316125698,0.6954259749812317,0.8690841928457768,1.0460973220190746,1.2235935295065694,1.464844429767694,1.8573330513112112,2.4656276023480297,3.2810818727768294,4.173359415052812,4.9334495303403445,5.429321308607848,5.673914486474649,5.730656549323343,5.614811912797789,5.264627131576238,4.580586651928556,3.574580868479466,2.5055958972787016,1.673906499213659,1.1522932297088277,0.8552244429798461,0.6843655724911345,0.5725365608524211,0.4833618763207426,0.412724385451294,0.3787397324108385,0.3914040321865535,0.44207527719281103,0.5208047158129149,0.6287888657657473,0.7710870535749677,0.9317528460517186,1.0553565378341736,1.081146363070571,1.0011975104457669,0.8544391212321277,0.6826414030963163,0.5112667340743907,0.35288005011778445,0.2148472569876247,0.10532638700460245,0.035684127920793035,0.01885760139052663,0.07073292176090407,0.21478173261705985,0.47210693086131555,0.8276016803985183,1.1998646212087005,1.4765646459324029,1.606948159000273,1.6341839449978037,1.6433929594283105,1.7132228064460118,1.8986076055297252,2.209105136280313,2.5710870338949827,2.8490660984285743,2.9711641326124894,2.9813268722188666,2.943546230047828,2.863090725550745,2.676732528601267,2.2793793966180305,1.6187495392409381,0.8556890073714928,0.3256677146308345,0.20711809611475973,0.4023550754586015,0.7186525062060934,0.9995578369555421,1.1398996480118633,1.086982829346811,0.8696425033797193,0.5885567400378379,0.3405988915114401,0.17138000739236137,0.08915528992903259,0.09079249517099343,0.17295569457901722,0.3297764448491722,0.5422778123125253,0.7679583576131724
0.0707963186495816,8.202208811435023,7.706778313870665,6.932514833942854,6.033414482190844,5.20974952426601,4.593132599791946,4.221216906727143,4.053829576206772,3.9654682070390543,3.751659952855302,3.2743950925846237,2.6234916741195686,1.9855037209938817,1.4565931152189475,1.0477416430546855,0.7497029075284892,0.5676864145780802,0.5295400446997949,0.6669222630965851,0.9606400874778965,1.3061591758978575,1.5856087685057363,1.7585778095780131,1.8519030364678926,1.9051323943864686,1.9402478064284832,1.960528546470063,1.9679507908420926,1.9775664826833705,2.0101152633213513,2.077625480211025,2.1759915508722307,2.2739971136115926,2.2963384333316395,2.149608544064967,1.8333543308460079,1.4711989578984308,1.1744125934174552,0.9716759314390185,0.8453068402640926,0.7671781586926483,0.7124273460669626,0.6685553319858936,0.6423184891472968,0.651546064200491,0.709572342323521,0.8188255325232624,0.9694678750374008,1.1350439376140529,1.2695362373624626,1.3260075727514493,1.2985184554199907,1.2298788359457309,1.1699261850278961,1.149756929664452,1.1887755260306887,1.3057153357924054,1.512979871499563,1.7853102843842885,2.032474679865104,2.15348154818241,2.1315334320129984,2.0212936969374007,1.8733779577446557,1.7061009201091755,1.523036721264607,1.337768676206957,1.1755892036342712,1.0560448754906535,0.9869461441620271,0.9779580636216004,1.0611464684671534,1.297236892704671,1.7257460022671154,2.2668141981904344,2.737332519483281,3.0119797352382904,3.0841350442449227,3.0000951297819567,2.80978070236266,2.568712247206857,2.358829162592708,2.2760626665302603,2.3625763988771693,2.581118976223144,2.8708868872287034,3.175780680392119,3.4220839394510816,3.5040686275453248,3.3306265045400583,2.922037803978216,2.4207623345959863,1.9681681893307235,1.6178833837968736,1.3549005694468035,1.1403146772053832,0.9365019409864723,0.7184400785170757,0.48320353197247673,0.25776413153664435
0.07090635208158996,2.213601985931934,2.0095210695457366,1.6679543230962517,1.2818116374292692,0.959095764948865,0.7708407812519039,0.750759374281865,0.9120163769602677,1.2308477946149277,1.5883506533926872,1.7841770006734987,1.714898642947176,1.4502957469576305,1.102827394005999,0.7432723934015628,0.41111308997676504,0.14504924185702697,0.005616772198195126,0.07383857692001045,0.3926994414526323,0.8815401223913385,1.3620225191300261,1.680962567136717,1.7612209542605235,1.5846636561214116,1.1942919944009263,0.7148105757121621,0.31292074762606403,0.0841047171551074,0.007767626288331292,0.01414021676144636,0.04661736685480637,0.07404335717498925,0.08594252276946798,0.09043310831097416,0.10046898772362643,0.11242679304799473,0.11339230397840971,0.09972395372416759,0.07955965860884824,0.06683630909578617,0.07336298642706668,0.10120511567995498,0.14288138652981955,0.18823364748011281,0.22635848864310307,0.24644454050999454,0.24636371831527773,0.24381808503337546,0.2727803961930454,0.350691826192721,0.44805261215817993,0.516824194111427,0.5380125376788724,0.524157793958264,0.4986704923005759,0.483756903797443,0.4976166838381697,0.5494953400949041,0.6263476921939626,0.6922201975701237,0.7214375117766354,0.7273398757631039,0.755674408047023,0.8532193655993677,1.0194297731672466,1.182031369109104,1.2496005106977643,1.1828053784838162,0.9974500247844412,0.7307785683487105,0.4319807719337709,0.18336694694699565,0.10392470003814236,0.26385971721245677,0.5826580733759429,0.8951633152920205,1.0893196177941342,1.13804396059649,1.0646484843664246,0.912965666342389,0.7333392506993224,0.5721625830610557,0.45699907908853926,0.3941951210276077,0.38814481971036247,0.45374903134945344,0.6051951604201469,0.830581113764823,1.0748768430461022,1.2646728033750123,1.365628365371141,1.3971453575698,1.3937031635325747,1.3747368875672232,1.3413315145304212,1.2830825571209188,1.185945944763477,1.0419440395060091,0.8613962205554844
0.07101638551359833,2.6911104825033583,1.905580451610413,1.2028345478289222,0.6605397824580226,0.3063857837808401,0.11360905834255433,0.03065177285056011,0.005664030142664962,0.006623082838435068,0.04428415844482097,0.15370503806680078,0.3222014143575963,0.48629560456892384,0.5951693427122875,0.6312967685122512,0.5964424314493368,0.500793459572486,0.3632759360979169,0.2176426438497632,0.10655115932841572,0.050881746431396285,0.036775701978272894,0.05688137188704138,0.15009541232416226,0.3916476772884177,0.8317581723051134,1.4041631720929215,1.9109291360378853,2.1731434253691577,2.1682351525946912,1.9859528875028678,1.7257730003826008,1.4508808158134683,1.1871543768793131,0.9391795154110105,0.7106410295921829,0.5085480913301615,0.33437439037502253,0.1895552367987058,0.0919976054872902,0.08668391101970895,0.22927104005918536,0.5272242204081212,0.9005745838640873,1.243762198318538,1.5014458727529039,1.6642401523419093,1.7292552815418212,1.6734552493562636,1.4603223541367398,1.0970589280553307,0.6819271463284531,0.3398764674577803,0.13180341026484818,0.05703064011802537,0.09640261991217819,0.23224413871961158,0.44027527298563407,0.6680272856234505,0.8375970193178258,0.9063449691844444,0.9079995025337261,0.9007567872704368,0.9099216107438589,0.9259307077177916,0.9325967835785864,0.9305961247198853,0.9291947828227775,0.9201212070329452,0.8717885384418131,0.7477651595892923,0.5352205843642864,0.27488107795564315,0.06625207015130907,0.002234780361062358,0.08202103186203707,0.23682882641296993,0.4164819191640698,0.6131558411782013,0.837657031334598,1.086807858926292,1.3100266806494978,1.412449427974504,1.3382638929522777,1.1281725597098855,0.8579615987541946,0.5790611503660084,0.32345035950927925,0.12647676551412548,0.028688506305787863,0.044644942943057674,0.13771351010467045,0.24663085729291995,0.3262754822529435,0.3576165527268527,0.33880067203771014,0.2773374930050333,0.18794100685724707,0.09343039754747251,0.02289608887024151
0.0711264189456067,1.05306963156907,1.1794153116383976,1.2427577259257605,1.248581677238935,1.2200680601269491,1.164178138301984,1.0522727362907205,0.832501781528678,0.4892694415127847,0.14310638241297813,0.03435454606806049,0.2696370109212078,0.7142383839161062,1.1857561033226478,1.586188945376737,1.8915586145508838,2.1053989007362413,2.217634271596832,2.180207581100934,1.936604625865253,1.5110019070258602,1.028468750218461,0.6132785386471374,0.31981686166449996,0.14832211655018418,0.07383561637435618,0.05698336871532353,0.05500540658658186,0.044956115241600744,0.035941909332175156,0.060310278746292925,0.16152795878879947,0.3773630917033992,0.6938960960550621,0.9902574363209703,1.1132383727380653,1.058758647499973,0.9510478121610496,0.8950154262574262,0.9283925008368469,1.0345731945407985,1.1561835747504197,1.225977013449686,1.2173099029177754,1.147804103847284,1.0355036827704935,0.8854612136083118,0.7169324923301618,0.5971937179271856,0.6422527763122137,0.9330668312095692,1.4006248438162954,1.8663828334383679,2.1927915413203025,2.3312231701457637,2.2783119042560807,2.0389936111062132,1.628961425830323,1.1150776210848892,0.6440745554710275,0.36259196576500086,0.2977198107610481,0.3852508442408206,0.5705421368408575,0.8368319588531243,1.1665728502974706,1.5004382462300325,1.7508745406354236,1.850410760746729,1.7709971477865114,1.5149180146407246,1.1147288319940634,0.6562452175198875,0.29205348570302286,0.16484314173749562,0.27475963260618075,0.4979611986472404,0.7236176859501702,0.9097306734559852,1.0569754510074765,1.1712083972593916,1.23764327569471,1.2213132046270452,1.1043190915035919,0.9091539288605409,0.6746320539675307,0.4361789695306228,0.23050482481969542,0.10158222340012321,0.08531657992021441,0.1738691262451801,0.3101147406350209,0.43465551354788584,0.5220517897679029,0.575682242779189,0.6103334059974597,0.6415354511584564,0.6805004666580542,0.7299434181844935,0.7802989200698405
0.07123645237761507,6.517865339860807,6.496342315803289,6.248200325175715,5.834768263269365,5.406091913628535,5.1159645991085085,5.070444622146447,5.29984177843134,5.694972006590889,5.951013183066248,5.754916431348999,5.138226688938817,4.390969994668193,3.717373637871699,3.1542972499985833,2.6485245530707906,2.1227933525556213,1.527433221803639,0.906813862014056,0.43284168597883466,0.2832962164457348,0.45348613333438287,0.7769620454203173,1.0817287034916716,1.2659428556040282,1.2991869856427376,1.2148663952946963,1.0899631165106145,0.9933662584820444,0.9492892813567492,0.9514529953785507,0.9907089059883201,1.0644416885494523,1.1642022976072512,1.248966386706655,1.2484367290565876,1.1235741843007512,0.8937543821001918,0.6073606867489847,0.3295724775682949,0.1513163985591061,0.16824104361777587,0.393341257824809,0.694983936661178,0.8947135626344801,0.9026822841132797,0.740117348296524,0.5135867519095593,0.4073369623695762,0.6496003184227939,1.3658986728876648,2.4219106471275107,3.537310358974552,4.536536466602799,5.397343454720912,6.150382437008289,6.778992920931893,7.1448271396553205,6.98222254561499,6.097208918754084,4.674072163293391,3.1916645978712164,2.02763222485387,1.3197713076480557,1.050709064656263,1.1031763148535796,1.290262494871684,1.4427482191712542,1.4866415811755262,1.4278021006841735,1.2976233618859812,1.1236439863232885,0.9273336336737829,0.7321524170680791,0.5660763334259191,0.448536778126719,0.37810557807945366,0.338019791824984,0.305812546860872,0.2586627005388141,0.1875836596182924,0.13361949501489095,0.20688377862198087,0.4997616608151407,0.9727954953290274,1.4850878547641941,1.8876061242817463,2.0746620242994402,2.0190020664757387,1.8011483738189706,1.5757106511095824,1.4581968339220952,1.4582411856131525,1.52263515769661,1.5947810778839835,1.634844155543161,1.6174215086746524,1.5272254797664035,1.3606026893826089,1.133273932775413
0.07134648580962344,4.827316563911372,4.0134669610842355,3.2826161000262886,2.7222203002902963,2.3748571034154202,2.257206060119918,2.4173634627542304,2.9597311163063758,3.959287530012786,5.211851084568173,6.118578031061548,6.188167955619914,5.491416890898779,4.391539801878601,3.204571104602656,2.1348411956840363,1.3108944738104513,0.8049909615942646,0.6145239991725198,0.6318771125408543,0.6862872312135554,0.6644759078237963,0.5546524131006075,0.39178434264912304,0.23289158379937858,0.1918290405721805,0.4454392264225709,1.110533373147567,2.0949529223244943,3.1480783619048114,4.022430351989001,4.537315684974798,4.558843381479653,4.018209633292978,3.043821283799374,2.0174455939430294,1.2751995161468292,0.8682008498751457,0.6969571393398578,0.6641236273720593,0.694088477799767,0.7092061467394705,0.6461795584548277,0.5102085572431139,0.3660159053846352,0.26622370330306155,0.22275101891596474,0.22503742381019048,0.2562692558049795,0.2947310185009122,0.31588371593442216,0.30837390775656126,0.28387966525195146,0.26334925554319716,0.2634464976106656,0.29833911461873686,0.3879849725887683,0.5595512111489735,0.8239569655846916,1.128079246477491,1.3564387411077445,1.4230360729443912,1.3245298901821436,1.105303498226532,0.8247730789382386,0.5510519517739204,0.3439497901116413,0.22619552801791604,0.18293881761236128,0.18810756000926998,0.22188179734204247,0.2696272144134054,0.3129195633768709,0.32657825921088535,0.29455981622549404,0.22908531999125845,0.1585314565714711,0.10255307484797119,0.06691663916924889,0.05131423427231288,0.05859789032542846,0.10198184440459436,0.2015622151551522,0.36435500316024166,0.572164432924841,0.7932104920704686,0.9952799755427636,1.1535895296966465,1.2651981793862428,1.3692839186315933,1.5414574989900844,1.841823920355425,2.275211536927039,2.8059790882952687,3.3841013487072655,3.9497366342365607,4.423518175993236,4.698315270852903,4.652782112087558,4.211528096816195
0.0714565192416318,6.008516984058518,7.020475036517021,7.8821709672514615,8.327193706910625,8.238519616281032,7.669633980992835,6.752389444290981,5.604948050654193,4.310142289654092,2.9938849058064085,1.8914833218024416,1.1889124160381286,0.8554889437311975,0.742520588976679,0.7170226119594393,0.6905844307786435,0.6082742159965103,0.44860841724082645,0.24615086451180518,0.10840248245931401,0.16036173943778295,0.44662359421066467,0.9309001767348971,1.5727419855612015,2.36289031757242,3.2912307749761247,4.281907260975479,5.1829707666134865,5.8704143475304065,6.336794454704612,6.650140861875934,6.86450931844286,6.951844875124067,6.769578674609036,6.16226531707745,5.220867990445581,4.279384981130329,3.5764562276488867,3.141427587840859,2.9039299187617913,2.771691405968958,2.656359669376376,2.5063863149579064,2.335195241683868,2.181065935718114,2.0417832488303267,1.8655684809948636,1.5892196895230153,1.2021369687298529,0.8193090223438261,0.6668678664139854,0.8945926380516941,1.4341630849992417,2.1121394568263283,2.796465025971817,3.4070499850859,3.8569600123266174,4.004281976346183,3.6882007187213492,2.910373220558712,1.9669963212636097,1.222725290200826,0.8242069490284558,0.728449409267636,0.8589793352480605,1.1796836674426765,1.6715855032181652,2.2877981902257325,2.958639782371455,3.6233013166935835,4.234492130154027,4.730273061318873,4.996266228549493,4.881916085247658,4.344840894459558,3.569853785225719,2.818443371263968,2.223800636614314,1.7784302423298926,1.4112989385600625,1.048067248457586,0.6593203552279023,0.29946606747289983,0.06730150360700388,9.401107700437075e-05,0.05609464158677381,0.1793608931622016,0.33762976888202195,0.5175543244139587,0.7057932929815003,0.8815431051039448,1.0297103986855356,1.1518393343292712,1.257982617289148,1.3542294520513567,1.4370981076464282,1.4923861099360203,1.4961787116950387,1.4212400938118788,1.2540556192455166
0.07156655267364018,1.2019262426795354,1.2971758077602935,1.3544516398255417,1.403250981487241,1.524313309797857,1.8383737877772555,2.5007715162447135,3.6777548331706345,5.409468252580531,7.325335597804264,8.652856515275822,8.939913477581825,8.437624669473259,7.60388362392084,6.7190874352469585,5.884280626634413,5.110045629864596,4.378589503178474,3.6929828564366467,3.1207542862913553,2.7744962414641887,2.7175434173142485,2.926085046434427,3.33990317528532,3.890838431019004,4.470177936575649,4.9016221508180875,5.017667008180504,4.788440465176236,4.311900040666468,3.6925496589620344,2.9779977184129205,2.1808078689444557,1.346654871262677,0.6199002593085744,0.17308257063353616,0.02787542278662123,0.07151139262415393,0.20356639692969478,0.383196426873014,0.5999425488048117,0.835706618360081,1.0516947025079126,1.2236475006083551,1.381951767628901,1.5994783605543224,1.9616846720057652,2.5492027492196603,3.399944627894625,4.422255761747753,5.348193572728482,5.904787420359233,6.0562228279050805,5.964492528727367,5.797239642221156,5.639802381578814,5.493516656711369,5.2832380848815985,4.88173099334229,4.212150180661515,3.3671253179128406,2.5370009530009963,1.834185093616549,1.264092959236747,0.798829279951133,0.4300928214909705,0.1712532694443245,0.031135504679503614,0.0028138660389779233,0.07863887689588177,0.2671356916885239,0.5944843784100888,1.077630989514183,1.6598731694212034,2.1756632590448968,2.458748761797057,2.4753952690765035,2.2929855980848384,1.9861692521431682,1.604084716557943,1.1913392593766492,0.8293022635808647,0.642437911483306,0.7143616370099846,1.0192529551838494,1.4785007073693672,2.0218470994009468,2.573412787242366,3.012663624423832,3.186820323745123,3.017531465323773,2.5873120733059665,2.061790573993223,1.5623414117980712,1.134882700925033,0.7816134418551333,0.49261294420084173,0.2627383308289025,0.09813439329056439,0.012656888098333102
0.07167658610564853,0.23790175718961742,0.20194896704257054,0.1745078831058875,0.15698184497541345,0.14844759008097952,0.15146585920254324,0.1760085820289903,0.2350354423798834,0.32782934636131617,0.4205886886500001,0.4641284298653847,0.45100017986009006,0.4190475100829314,0.4034586249318797,0.41784341665294733,0.4628668668507338,0.5366607391823066,0.6405977348249887,0.7811420114107974,0.9692828637825674,1.218831686301979,1.5388064708462,1.9130482908758997,2.275345754667292,2.502866172885464,2.460138798066312,2.1086060369636996,1.5874466853357987,1.1160135289517754,0.8235626763766102,0.7330630244603105,0.8610837765555162,1.2950489369722555,2.160422387315559,3.3987352169199943,4.579003639082113,5.223692449865097,5.209244862140282,4.660583644523732,3.7323509250189915,2.5725791426664553,1.407355495273443,0.5712007598046779,0.32005405516071855,0.6369045371562954,1.327562069066057,2.203155657008109,3.115788548987773,3.8920952707914114,4.296275820292966,4.1522331165922255,3.5516568797175654,2.8042511960212027,2.168297448710266,1.7444995068372782,1.546489630264258,1.5814107310425294,1.8874800766590207,2.5226317036488077,3.494008329140926,4.696673229463258,5.967491369073021,7.150245940702937,8.051476698593714,8.40458222196113,7.9960212840518174,6.8928820531824915,5.455755122432223,4.069061177957355,2.946284746238484,2.1625773638095187,1.761365299148185,1.7943820862422213,2.2299937075903196,2.8199330716304054,3.2186332687647794,3.2844965246227984,3.1216462779729457,2.917295986032153,2.844002334178701,3.044757620860298,3.6015375406870676,4.439487514714148,5.306928532374454,5.951444391855368,6.2457367811364755,6.139196935785936,5.605984833954204,4.677669997948331,3.525794245210989,2.455101374320965,1.7124672315718676,1.329173330526401,1.1842763385690356,1.1359238930544981,1.081186531039335,0.9617937683742215,0.7599813296121376,0.5001883207351283,0.24750769117133986
0.07178661953765691,0.3873975963498958,0.5631406730500519,1.1015809918326371,1.9294547772267479,2.8823583119563136,3.782547861980344,4.467082152730866,4.767807117146724,4.511647736940568,3.6443078862220886,2.4323277608962504,1.333733554671749,0.5935906995311493,0.1920254970902799,0.041640609701876025,0.0970276768654297,0.36697458152385215,0.8837764692738788,1.624799658900982,2.4057329059457593,2.909393459220696,2.9284158403758496,2.514587754607088,1.8776187171712555,1.2437369866648653,0.782752357201579,0.5606392007691482,0.5156481995575249,0.5221162806816497,0.4982013442681894,0.44001297653618654,0.40085007933610806,0.48680807908381624,0.848261387696578,1.5615800924823566,2.454716354967953,3.2277496323510366,3.7355532810899676,3.98387976414169,3.980401807053043,3.6660487507986423,2.973138944303126,1.9908627841680109,1.0205055012889273,0.3474075519050441,0.04348461387546436,0.01928779374081663,0.14348922351453752,0.3058754037382991,0.44349945395331775,0.5514168923065165,0.6592171961624435,0.783519835251904,0.9135888041520989,1.0288262177236325,1.1095991848779547,1.1370467159504267,1.0961490644000835,0.9925259637881066,0.8703157282232385,0.7861195590719203,0.7501891690875964,0.7249416369673881,0.6794981305687411,0.6299886080237416,0.6293843508325794,0.7068245205053942,0.8222067687459191,0.8994316597535709,0.8879241821178704,0.786899219086635,0.6374349827350868,0.5037713643089607,0.4477173961395279,0.4987851938958472,0.642296085418931,0.8410210877202503,1.0647566870795853,1.305113003243662,1.576294922824144,1.8986347510135198,2.2568057012670786,2.566215285721143,2.7310038129570446,2.736811378120833,2.623980058938264,2.4129491637325673,2.0943454444381597,1.6707952879187666,1.2057368373030855,0.8170477496325889,0.5906541596379035,0.5201984475605366,0.5422774994331692,0.5916048088609897,0.6210381563774555,0.5998491521357925,0.5118491777927135,0.36205638170558163,0.18727227164840804
0.07189665296966527,0.470125475481745,0.6848193670320165,0.9040178563372354,1.078743769029555,1.1934125105527662,1.2798371484191826,1.4024997039656817,1.6203662839300135,1.9099550283745095,2.0887108285355502,1.9312610589407364,1.4551161474969525,0.8986140353170313,0.4617202521751604,0.21912946659270138,0.16074274878707084,0.2251226188633997,0.31503442512925617,0.3307687306775762,0.2390775927814494,0.10832417236697657,0.025035722280472343,0.0025455994680705163,0.004415641502464005,0.008237682393007605,0.027223493405266086,0.0850900777478076,0.17946628229733386,0.2843976752159632,0.3885909367212076,0.516069082360309,0.7225799809018336,1.0878334124016575,1.6836814051537767,2.479569028220158,3.284456392155996,3.8967566587301126,4.2439254171015035,4.313846682454366,4.0709691301360635,3.472131021583512,2.5664127701951243,1.5873475228474705,0.8488072610750397,0.5073908384328712,0.5271425601301079,0.8226512346590146,1.347915711742013,2.0777333278057197,2.918229642000841,3.6366725189238465,3.967880927891868,3.8202385662177707,3.2866004677404272,2.5115479514228105,1.6329384016558106,0.8214813607394028,0.3489571523760165,0.5698491785788464,1.6616833386551182,3.304872288580104,4.86401122329066,5.877496512022202,6.201083246589681,5.8890540559035705,5.115131457174753,4.1393917832132034,3.2148289183693284,2.4838907382549076,1.9769418665423333,1.6746704277731765,1.5471144573553113,1.5439053382150272,1.5670284243151877,1.5048233800831152,1.3319668910251385,1.12113801140263,0.9525649718893867,0.8633012413612404,0.8521480966856668,0.8892334371419633,0.9215851570993383,0.9027782867769714,0.8404983011437314,0.7857738948368577,0.7762570415208604,0.8200302061506205,0.9095943647232045,1.026435175117878,1.1377237616223383,1.207600568412194,1.2223183715490145,1.1947108388884595,1.144121150218002,1.08187312080487,1.0114262191134566,0.9350111453076954,0.8611171671761371,0.8094751895745668,0.8070151609896987
0.07200668640167364,0.5126808703916782,0.6203782082172887,0.7127108050327983,0.7569620414539562,0.7371393950018279,0.6555208544970773,0.5237290559225235,0.36000901889719356,0.19977186746741885,0.10523477233306787,0.13185073138985054,0.27026843356037955,0.46870591711463655,0.6985247533474213,0.9708634808517541,1.3236872158604849,1.8080773981583753,2.4641790815220426,3.264659479611285,4.052633770219897,4.597086939127103,4.773826831488319,4.629737934631206,4.27936925838203,3.8143218801420007,3.2892447921067953,2.7490969444778783,2.251644255175813,1.8499276439344046,1.5607680186256636,1.3644612343360047,1.2207212050514669,1.0745292715130272,0.8655661150906342,0.5776582398025724,0.287852357020555,0.0937280332560444,0.012601944810640838,0.0005760895873212825,0.008401046420027855,0.007852567469008455,0.0008541354452301277,0.011518316562885893,0.053458449442200434,0.1091254100711343,0.14945019926469089,0.15678574542331347,0.12796675219937634,0.07261915021044296,0.01965167155877899,0.020111935420974465,0.12007454025098732,0.3237216027076886,0.5959596203644735,0.8860174412588248,1.1345161311452312,1.2687269665940355,1.2129049871619053,0.9474184317014299,0.600036997859381,0.41899264235431233,0.5802874016828936,1.090024190760145,1.8480818761329854,2.6925345820480806,3.4039634215723935,3.7722029349821837,3.7085857420338875,3.2606003616395163,2.5329137438863634,1.645823312161419,0.7727503538280328,0.19491615641984275,0.2335105510712931,0.9694243914443881,2.0789922832091965,3.127258532048162,3.8787843923468217,4.279058148062199,4.321804333477106,3.9808209629947195,3.2468470195090235,2.25553054123764,1.3050467222988738,0.623846814811649,0.23071297485911393,0.044743887692627646,0.0055558750436335525,0.09707670526982637,0.3110014601490432,0.6036028378661249,0.9025445688592816,1.1541874900857978,1.3423812560317605,1.4708984333866753,1.545241922726744,1.5671196693814764,1.5378282649733162,1.466344349494004,1.3771301937707578
0.07211671983368201,0.7516458819762387,1.1552701621289665,1.6178316298066058,2.047493533688056,2.3841528795785067,2.6437622639204275,2.9360616276364246,3.4708410212817964,4.5028491471211725,6.096263944946729,7.850610235154996,9.165569976044175,9.798425511511882,9.863037212162196,9.540077764323353,8.942397592230133,8.101327374557595,6.986522780622777,5.568133715550752,3.939131122280901,2.3686537542225397,1.1381496406488052,0.3747827013102427,0.09653928942981958,0.3093598447471649,0.9920912451586315,1.9897424916056297,2.99427167375587,3.7438057583598194,4.205137831050478,4.516025837326801,4.838341483598086,5.265037197477994,5.7582662927244,6.136430326638462,6.234280206832727,6.086594138002788,5.822698092336354,5.49449265342313,5.060895320365654,4.442023874006714,3.5961234242724536,2.608332961778269,1.6740138098038373,0.9432991348892128,0.4435363176883303,0.14701284771928344,0.04464524132794397,0.1593769384590474,0.5038157264152827,1.0128536652038413,1.5468007316606933,1.999571748136759,2.3615502911369366,2.675839914656449,2.9808496573670737,3.2780339608211846,3.5067840554902725,3.537422719118136,3.24806702989218,2.6673469227869058,1.9705495938483806,1.3179940222324993,0.7822391639295467,0.3874532202847267,0.1425162081036417,0.03298669855350901,0.014283680941034556,0.03514277785741656,0.06210000458951252,0.08158681899369778,0.09077575719921391,0.09025510628374987,0.08124093585960723,0.06582566773542212,0.04820025108609702,0.03468598746483708,0.03255849229687067,0.04991819695023491,0.09727666676599404,0.1877986194954921,0.32852074800099623,0.4996040262394077,0.6485520232385884,0.7228949507369751,0.6991714518377012,0.5828625281902537,0.4035509434447506,0.21271247823802927,0.06930575384223464,0.005588568456393479,0.006098452408462566,0.032243102855030695,0.057367069438327874,0.07586765923644273,0.09736846077553189,0.14270298361325823,0.2436739826608724,0.43894047009688947,0.7547261319543698
0.07222675326569038,1.2809235446122875,1.4199892763251845,1.58785923954438,1.7540412392641984,1.878219199105628,1.9224666803113806,1.857477574809952,1.6708337866749539,1.387541740566339,1.0927707166229828,0.8990629797186233,0.8483328854085298,0.8939465626892283,0.9783002293409612,1.0766732903840046,1.195560369412981,1.3642566439761867,1.6277889272480774,2.0267581996982535,2.5501438503406164,3.098241949238378,3.5239687967015576,3.706989908367598,3.5758443789155367,3.1099547974155413,2.3719079266801857,1.5435612577930256,0.8680405232826353,0.4906049395370219,0.39155636266931954,0.4758335413112761,0.6624578450156338,0.8944153767913482,1.1034620693021153,1.198212381159326,1.133387924967638,0.9624664499799028,0.7625015128378011,0.565654272307014,0.3721255042149056,0.18841036087269747,0.05771209427442139,0.05260524996705281,0.20980026387637596,0.4839550328763054,0.7842180446361003,1.023322138278983,1.132631786811836,1.0749024069010544,0.8826609055517732,0.683853542857304,0.6269065784699132,0.7601875943979708,1.034068959034329,1.3853492399107499,1.7781977864135925,2.189923044638336,2.5701287788421188,2.8047955904616475,2.7599544570988384,2.4267677718176084,1.9657795301360372,1.5590667559250557,1.2933580385758285,1.1605542352572138,1.101210772891847,1.0538002679971608,0.9881918437742108,0.9025358046153384,0.8047635076986782,0.7091710030131826,0.6482167279070865,0.678004017955194,0.8432564224749679,1.1069105871999707,1.3548172090010826,1.5042016146787314,1.554576730571649,1.5445143907950092,1.5032683909900684,1.4276447878508367,1.2819419316704284,1.037350329700324,0.7282624110472958,0.4336310048292526,0.20803053379808112,0.06611791735015075,0.004938676125826163,0.014966984514855761,0.07395116869982764,0.1437615948506665,0.18798409050683118,0.19204653414611778,0.16161197189068993,0.11075393213445821,0.0567008661849819,0.022093677309264013,0.03935879695952765,0.14930394894772486,0.38332145616754004
0.07233678669769875,0.18585627202380345,0.08401514382967976,0.03200691651899428,0.022386245637998778,0.03561390566330704,0.06482598184781464,0.1338782742087042,0.29827613629853494,0.6122195580484079,1.0417052610599908,1.413069778332326,1.5593920565897688,1.4773695251730095,1.2612759709501034,0.9941491570014036,0.7218187910123387,0.46759968890129733,0.2502072406494638,0.0927455173657565,0.013055666883015737,0.0023676629491289187,0.03005782455963298,0.07654378438286225,0.14914973631240735,0.2740036783654664,0.48125404161182334,0.7844402690324821,1.1596554001062065,1.5497782285934532,1.8895002046612681,2.113387309013867,2.14722799105375,1.9193581135093385,1.4265743649326106,0.8257361718903561,0.3684932849598263,0.15507903232515294,0.09061614995303821,0.05598483927150996,0.013156138037769726,0.036564619478750414,0.310856641944033,1.01029685310087,2.0749514676171033,3.1862007599670643,4.000713611148607,4.322902991362715,4.120069291671595,3.4956226025607973,2.675398042773322,1.9476284535385353,1.503529148726333,1.3395343025372017,1.3551491124579613,1.4762663832039655,1.6807534585107902,1.9710788347307622,2.333122592198343,2.6884507461221667,2.8876228858293445,2.8123019291858458,2.479389715519634,1.9925399718866952,1.453366357030503,0.9505163438009171,0.5728722148993957,0.37916843692162133,0.3555000477960082,0.43322233543299093,0.5459983771331446,0.6654378343835591,0.8100556117098049,1.0378523787722942,1.4031838899172775,1.8770212419810173,2.332270829394614,2.641291200482138,2.739355622588809,2.5987405278737654,2.199667626933175,1.5584454116009452,0.819340425705045,0.2922016092957477,0.23417068797068916,0.5912227695241831,1.1008678317075404,1.5271023602164724,1.7397613244271797,1.6993631701888314,1.4465025035771462,1.0917089943584022,0.7573289926150538,0.5093001725754877,0.3536158869723731,0.2742114809686647,0.2609227413105683,0.31921169458281934,0.46969385672263503,0.7377677287647213,1.1284095441993383
0.07244682012970712,2.859792833034533,2.6675930623824486,2.4019197120481954,2.103602654042352,1.8175594680239338,1.5608926862004533,1.3168181511668218,1.0499461111310484,0.7379098733598562,0.41439085822275123,0.16865513363006784,0.05740349649826238,0.05573071255213083,0.11151028444135033,0.18962312210493973,0.2713913670765157,0.3421533665299689,0.38361634852906296,0.37605037127656543,0.31377274938585636,0.21985369569183075,0.1316579843312088,0.07145428475940924,0.03943065240092792,0.024484992538427397,0.01516723520035551,0.0072229974644881685,0.0056609399719551754,0.0177580975794285,0.04403777918683107,0.07699116335453533,0.10512029188086384,0.11733209530865335,0.1083450268467738,0.08489938961472193,0.0630688253031499,0.05488839148598291,0.06501487498461431,0.09729289767497944,0.15459271317478712,0.2304768986714999,0.30183539460582004,0.34011135935771447,0.3416074932186352,0.3338264896536564,0.3470370341402258,0.3958402025343028,0.4821544026226598,0.5983333041609801,0.7192262883306273,0.7982935102573708,0.795988653975721,0.7171003134558026,0.6037134518230381,0.504094251497984,0.45814366916205396,0.497357046858243,0.6436612038575826,0.8987957261873206,1.234420122010414,1.613943673966818,2.0327944066670565,2.51044121798261,3.035834725322,3.519641679018663,3.8030725590451637,3.757703957621809,3.392935132061388,2.8375907186661538,2.2447847683116477,1.741412400594527,1.4250763186608186,1.3503999010320382,1.4820265825817265,1.6827439069735268,1.8186756500710364,1.8603305073637975,1.8457689424916088,1.8059923548026082,1.7392159503329723,1.6180173814667969,1.4153442540669818,1.1475563151160677,0.8845162748372766,0.6882929122222936,0.5697308974848423,0.5101300611808174,0.48943311779642373,0.4939606811870271,0.51424522491057,0.5433309270198404,0.5783782220091022,0.621972403954269,0.6808389402619316,0.7646990221395192,0.8871619295228976,1.067534965632934,1.3301122125212088,1.6946021223239833,2.1528670322260695
0.07255685356171548,0.4672794896704613,0.35948851090764394,0.25104743796340984,0.16881334114110966,0.12589472144853178,0.11932113935445357,0.13896142936648578,0.17590203553307174,0.22695411838990234,0.2949683142728515,0.3801828859479503,0.46998997904846046,0.5460318110185818,0.5961748297332634,0.6143348695692814,0.5952164192505262,0.5319454046403719,0.4198260695496371,0.26907140239722893,0.11924427624031834,0.027634976738228574,0.029473650565547453,0.12340350937593014,0.2929107358550285,0.5210899634826667,0.7846070719701054,1.0446236976637675,1.2586224291807855,1.4084700771566667,1.5065204009622104,1.575867876014146,1.635035292234404,1.6949987451205657,1.7603073856614089,1.8336589798319063,1.9242164853211219,2.043388488611245,2.1870333041546526,2.326745253325417,2.4094498609733446,2.361988353042596,2.123490829247998,1.7145070853873092,1.2577207391237821,0.8818050595816009,0.6370062256555414,0.5130106073003007,0.4848943782916028,0.5309742130378546,0.6268458668353271,0.7386694656358697,0.8380442363165569,0.9251599759284928,1.0269059705949084,1.1812458046279712,1.4317215052358228,1.8264854511865973,2.3989644800373173,3.1087558750726982,3.7828505167870983,4.190508342091282,4.223205395043676,3.929617742276302,3.4173107868818553,2.7995515302330545,2.195540784860603,1.713412795825862,1.411022524665562,1.2905649795924374,1.333101533864717,1.5264838724165681,1.8643400178589304,2.319594916382894,2.812674875677845,3.231966146693206,3.5243252632799202,3.7317629680650835,3.9230629020537457,4.125780807174083,4.296906902118903,4.310245741930161,3.9962364326491375,3.302368932060454,2.4248066961973986,1.63592632352008,1.0501640677989077,0.6445059641265206,0.37544512167783783,0.23004902944195604,0.20938042377810123,0.2862452791759283,0.3955820856149303,0.4728445391186008,0.4843233978695768,0.4247052983274401,0.30756640456020456,0.16583011694071353,0.05927681896548415,0.07484398693612727,0.2975928505266233
0.07266688699372385,0.44542397913107445,0.20696028030246216,0.05356274881139145,0.0007023452744989313,0.01818050725480954,0.055704681072858996,0.07927611854087901,0.10240544545371837,0.20203897955114147,0.4721197160623725,0.8970636679086929,1.3274490446199851,1.6402707726880807,1.81874968470144,1.8975759773234777,1.9125352589952587,1.8892493069035112,1.8502267540042094,1.82592007071353,1.8549479389384769,1.9575420982869096,2.106581086596462,2.240987681933465,2.3013067785464636,2.2478614336334877,2.066921065729097,1.7845267899667083,1.4746592435403894,1.2270085917406945,1.1013313225343704,1.1255318239502419,1.3221015177844961,1.7122622572510495,2.262710361964519,2.8027002731395974,3.0863525212837635,3.020343273589869,2.6966575295647552,2.236088545734738,1.720577476677657,1.2206873161900653,0.8217121714193117,0.5886319145153093,0.49956517706629144,0.4656249985897446,0.42106265331378084,0.35760158222926863,0.29673099381682744,0.25651688641149295,0.23773358444779355,0.23253068072970368,0.24269509046343293,0.28007132047783534,0.35049078589874694,0.4467166967580544,0.5523458454260898,0.6464707411998816,0.7072483067125708,0.7184171709943642,0.6797118093771467,0.609196545313551,0.5293920329240921,0.45742514676843316,0.41043731794880645,0.4121546032326984,0.49160870892538555,0.6754814792862002,0.9817493158171713,1.4213017417934695,2.0018267151703597,2.7212596918909293,3.539666527305063,4.3292035784205085,4.85775161085378,4.921427249652049,4.545976116454127,3.947352982131206,3.320226321969624,2.750751800285631,2.2501844328593856,1.8003505717434665,1.3845524286057307,1.0111296741309919,0.7115358935276246,0.5071779764432202,0.3961803194253037,0.37149931640761114,0.43256284419062047,0.5751671065227087,0.7690600748178112,0.95442567858084,1.079771600783881,1.1377859446472187,1.1562452911676098,1.1718857792729402,1.218128063723454,1.3247491963027256,1.5184823977131274,1.8163235809344784,2.2084792882067683
0.07277692042573222,2.87747416174406,3.496910576202739,4.037679878470017,4.440062448014102,4.711121011094032,4.890680371054147,5.005716762096844,5.050082180477214,4.987760906251189,4.784110113278995,4.459927935863175,4.088110362626473,3.7231613695233965,3.38217317656225,3.075909302958939,2.8296993406625353,2.6883292691334613,2.7072307131120814,2.9136153757229994,3.237438511792411,3.4962251023729487,3.5086720634975817,3.2103893709902542,2.656962337892198,1.983951072695498,1.3750233651632646,1.0068111337938959,0.9601902287865184,1.1936566580633776,1.6385340684881713,2.2993650672237655,3.271289558187891,4.685943759763823,6.554502279840605,8.530591760513587,9.998567796284155,10.643863953372696,10.626091891121073,10.201187733027423,9.475818983169882,8.41382518672118,6.967738905588579,5.260732531826565,3.609514827649851,2.289528504883793,1.3718517592560524,0.794268831430082,0.4719176114270627,0.33559601331785877,0.32352701078961765,0.3748405441303635,0.45160547362294334,0.5620965659484108,0.7480837404827894,1.058990088016332,1.5374449057231643,2.2007698853845175,2.9913402515961915,3.7043005638968762,4.015659155350813,3.73083862399642,2.975892270219835,2.0392819099166535,1.1594621056743448,0.49116704136263806,0.12923352580423125,0.08954165996186647,0.3016965039554939,0.668829347665449,1.1323589757583485,1.6832499689011746,2.3296074820198513,3.0343320794263966,3.650379168197449,3.9636709071178555,3.8787102635490673,3.4944139423454597,2.972272146419075,2.423910375160341,1.9051724211830312,1.4540226320213345,1.12720722980358,0.9952249663132414,1.0703584839107354,1.2649433241702457,1.4571070488699518,1.5633307098477642,1.5546494301124771,1.4471753306800026,1.289944927627304,1.1427579576104208,1.042808788475939,0.9906698471639601,0.9661858594241753,0.947436863114132,0.9191290406537671,0.8768166955598123,0.8331253551089661,0.8238505472398326,0.9017252851562179
0.07288695385774059,2.8597710275957393,2.2950586574812766,1.960558130973427,1.9232397322850148,2.1383136864435306,2.4785437916497406,2.780614483047204,2.8638175438291724,2.559481382144554,1.837844943168548,0.95907734454603,0.3116902427790076,0.07319114777564886,0.19790359242221134,0.5896604249846837,1.1817966169310399,1.9258983447634266,2.7417142979282816,3.460376795190013,3.8438240781832884,3.7578268674553015,3.3135471666149265,2.754286327533957,2.2886939289358583,2.0789917638211604,2.2867507059641894,3.015171641297891,4.154343724167893,5.367763367231519,6.302724653932962,6.750046767022364,6.625196742386307,5.9040785981777395,4.645896754689258,3.118962663956083,1.7756934757707377,0.9018283527698197,0.45130374880366886,0.2519144053853589,0.1716044990014967,0.13900435616247397,0.12052359305893448,0.10474283131531005,0.09604087762347674,0.10911216578661549,0.16542073090579407,0.2952164044179532,0.5397326945032486,0.9398485423065682,1.4948644446126267,2.1127124313853707,2.6431038559356916,2.997798430759364,3.195960270551104,3.302882253263761,3.3710682650408543,3.4199571710856738,3.434768068086671,3.379056382969925,3.227793944167874,2.9939324893541914,2.711015056676331,2.424513295683953,2.2310701051814936,2.2778763458164866,2.6420428285526416,3.188266496949546,3.6238364101977454,3.7130552869320077,3.3844513483999368,2.688541570402134,1.7505436449810956,0.7896870138574836,0.13223775488939352,0.05571572740559279,0.5468955628664944,1.3526173847709524,2.2457924470096144,3.130811173490893,3.971629119162181,4.672965862645472,5.0060619672452695,4.727485678604162,3.879113759033894,2.8125009119799698,1.8632268035942674,1.178485297640332,0.7729144046477937,0.6021664767574697,0.5865445723107722,0.6271553053378982,0.6484440019040243,0.6279471741782399,0.5803034685705285,0.5296577062143494,0.499605276206603,0.5166256610353598,0.6154497154257742,0.8362912853942087,1.2046558498640736
0.07299698728974896,0.863646216268588,0.6000742504499628,0.41052703640687743,0.32083054368626457,0.3226766793124811,0.38267999334623554,0.4575731776768651,0.49885666569139125,0.45834818747568346,0.32326818198432394,0.1591840348459929,0.06127030723189732,0.060242070758473154,0.12872440477617675,0.23619907233044707,0.37186326813374676,0.5420961287845404,0.7606189358600242,1.0333816182117324,1.340487922517743,1.6358544910628292,1.87466809731915,2.031176280938155,2.0875774599746295,2.021749239702354,1.8145188980907208,1.4780550465722668,1.0784594549347006,0.7076353371878111,0.4287864479980092,0.2647963346493099,0.2256767297433603,0.33172168445764144,0.6069865656697981,1.0375383412409187,1.5563446760104274,2.127515140965257,2.813715153907935,3.7360024021522165,4.998949775821561,6.58963028502491,8.241689341031341,9.44404809224311,9.790781608674594,9.302538755398285,8.28487899824156,7.039841907012026,5.763702289321956,4.570144759387115,3.5316811660927465,2.702953469959847,2.108775881138297,1.7209249423445445,1.4733927710938122,1.2985302461005361,1.1442853447394994,0.9743465508620857,0.768874239942861,0.5349678191290808,0.31403391564414673,0.1553525508049341,0.07626014431013965,0.07153638051837494,0.15041237821013875,0.3399775132438949,0.6470668148916509,1.0260529098561442,1.4079891735527073,1.761013789096664,2.1085783060734298,2.5043811731659424,2.995382030770503,3.575934681185303,4.14593273099182,4.551716716496975,4.72736834878323,4.74367998013812,4.699055244578989,4.623430996447201,4.456396954937286,4.066577089847261,3.339935285757623,2.3556280084042815,1.428632151448857,0.8427991065388508,0.6543591897488363,0.778560371219896,1.1042612982760964,1.511488162028489,1.8603357421679187,2.0352664141486256,2.0194110382640122,1.887461495917383,1.7293078406419908,1.6044518858881691,1.5443036401540342,1.568278445800225,1.6936726872855958,1.9334569266442794,2.281078184273386
0.07310702072175733,0.6570808332212567,0.5858266961633525,0.45481317095234747,0.2908379937289982,0.1392319663161167,0.04457418204284477,0.04204491686834167,0.15423090861178557,0.3774761721910352,0.6583479654956435,0.9082234207394566,1.0816160851192533,1.208478627440963,1.3413445726022026,1.5136556859880528,1.7328494537921022,1.9787560925115946,2.1962716404959712,2.2987434926728403,2.2168019113868462,1.9737037935231578,1.6754767004335522,1.4174302247394768,1.24717979439277,1.1946747771768806,1.2877526373773829,1.5269197621643813,1.862791537443651,2.230092322887792,2.6033591808857413,3.0031185651547343,3.4594144401416846,3.960395714918384,4.393852475417441,4.556752798020959,4.342928204711399,3.8898782021386404,3.41727151737293,3.0501139216507847,2.815926966065082,2.6850923486468625,2.584700659720259,2.420528256674521,2.1352299728703477,1.7429458116631442,1.3018441925335855,0.886576034681576,0.5883512361513765,0.5027592469149065,0.6652727953849361,0.9684901335836715,1.2048129912897323,1.246079871662452,1.1192481357322703,0.9253400034392066,0.7618460822619209,0.7033755451977741,0.8011715682079482,1.0641139349597732,1.4265168865564162,1.7716860658067708,2.023487195353392,2.1808965696954434,2.2687035377186224,2.297021251927815,2.263675805342811,2.1750723225160513,2.0498936578463907,1.897899310577021,1.7025135288272986,1.4265219309478234,1.0416091691176568,0.5816398912429983,0.18697429870382112,0.037811087993369366,0.1760619998459346,0.4573030806180541,0.6878534078324242,0.7372081519071989,0.5745319824385673,0.3042488894227086,0.19888474086898197,0.5775995197233751,1.4818899168528017,2.578459135224577,3.4731213568189587,3.966017259509189,4.0648668863387085,3.9064293783943764,3.666805034644911,3.4674948996217254,3.3229393331953823,3.1797040259715605,2.987702772270879,2.7294013641605765,2.415151553421867,2.0744632100792715,1.752594540143216,1.5077071355991423,1.3976255406224034
0.0732170541537657,3.1383533333403792,3.1204721449042836,3.069407696033664,2.9232002917669915,2.642555259158715,2.2407279140613015,1.7830754474832613,1.3614643363922128,1.0512046272558904,0.8581907281280609,0.7081607226128545,0.5324303309314867,0.33828126439123957,0.17217169116766542,0.06869479478057616,0.03596586635932737,0.05715509654119862,0.09695561541150557,0.11744341191242308,0.10348529258195799,0.07274577744805007,0.04831122455057236,0.0319060140397369,0.014467532022084435,0.001827793494146556,0.026835085180534884,0.1372954194974474,0.36986343152649354,0.7454061573625008,1.2967313919339662,2.090495909181382,3.2141024786709447,4.70442891374326,6.386109586122137,7.755590976140867,8.308119804218489,8.060767906522297,7.397317160663976,6.595324050974013,5.696041840888206,4.610232825765587,3.2962248681961195,1.9296498863007034,0.8441279035694005,0.23538324678162934,0.03625813116173484,0.058169600897824025,0.14408027320180103,0.22968303206275156,0.3412247322678288,0.5381187811335612,0.8238976480438801,1.1285992582392983,1.381108758858877,1.5578589602954684,1.6723014532821892,1.7484031640154656,1.804675499150066,1.8570383926019467,1.9454511474514078,2.1612890404398337,2.628786907252408,3.4505187278399303,4.645178878775423,6.06339225311951,7.346675733435938,8.083664867762643,8.088015959947688,7.466045325819195,6.4466031349209905,5.241181887578001,4.037390446580063,3.04657295443199,2.4882696574738925,2.452365498688179,2.805742834241473,3.3325203210260548,3.9049928253657624,4.487632881937407,5.056492589291792,5.521158947623996,5.694943559543253,5.40855343141129,4.720981960530704,3.8888115035784927,3.110725856537045,2.4320786666733496,1.8214319977392057,1.253766714276397,0.7498768245765522,0.36422558255823634,0.132387714864126,0.041737895082350526,0.05454553654973559,0.13930816612876468,0.28172185898651153,0.48207838697091876,0.7477844860613592,1.0814979457426537,1.4650239115766
0.07332708758577405,4.089849823788156,4.003570287487207,3.9668109673254612,3.9869267378003492,4.055791289768998,4.145087213461454,4.199118847401149,4.121563106388592,3.7850338040477194,3.132969306707605,2.331680132056209,1.6853499691823883,1.3581432959870072,1.3250849408646306,1.496895621373751,1.788881995357323,2.1175271771167425,2.376704013283018,2.4394981527462094,2.2286049873779605,1.8117099811585406,1.3685976762069216,1.0484669217560048,0.9048046595330164,0.9223735629971788,1.0507023582222286,1.223136031526842,1.3785039678311126,1.4844271704977814,1.5397156522970235,1.5560003918811822,1.539585882562012,1.4808630611246585,1.3543465737925784,1.1452052000658375,0.8880928897539915,0.6455962635071039,0.4485485248780259,0.29130883015218473,0.16287919864709033,0.06962978584734257,0.03803376915192087,0.08534483743452222,0.1776431151822354,0.24185871084256338,0.22624870466431257,0.13763463171668863,0.044480991778066255,0.06361550343908944,0.31132677775829587,0.8021677600876523,1.3959430499001733,1.9091680713066423,2.249259435182854,2.413750493841674,2.4279267926335306,2.30937064212732,2.0684964963257104,1.7337460908404916,1.3764533419996452,1.0851304391829695,0.9029364932593722,0.8225241097208958,0.8340278382510586,0.9518222093262325,1.19982152126025,1.5801966071079387,2.0679215460783773,2.639483112976055,3.293875179537984,4.039102498379968,4.846890472620025,5.589837404988133,6.03295666815438,5.99910074423814,5.583157898540366,5.074060937257285,4.705213514165448,4.561801136529798,4.611113762764672,4.720800908469226,4.6704209840818285,4.271821861768302,3.5695439170823433,2.806617840377392,2.176173665415416,1.7225686449696196,1.4027695973152368,1.1532848252240706,0.9260311439266194,0.7063929814166996,0.5079268906790867,0.3471212083944618,0.2274221667249096,0.1419165325390376,0.08101118150431122,0.03733258891920132,0.008868667780287377,0.0019644873175279913,0.031680890016818924
0.07343712101778244,4.59949625750449,4.0170896341007705,3.234808259287449,2.41450098651655,1.7265047520402548,1.2786429843436196,1.1125223420978965,1.220437667125507,1.5292800037316565,1.8666727045309408,2.0286281491820484,1.9552428322074957,1.7473573384836754,1.521907541229358,1.341351499869717,1.2285070897234915,1.1903554234721114,1.226029377438557,1.320332453497071,1.4350924488026453,1.524661030949079,1.5790391791490133,1.6539727281276886,1.8749356247580764,2.424029229118551,3.46725139501161,4.98247521014447,6.636524912505521,7.967727466301238,8.715438502903666,8.89902303597933,8.669840759369334,8.160572435685415,7.422159736635921,6.480089159741624,5.455697803773875,4.529323703472274,3.7780688323811997,3.1556154867793387,2.5784283151679532,1.9972547210143217,1.4392171693098874,0.9976683578641113,0.7410263294811953,0.6388374959266615,0.6044737321884358,0.5712037302609624,0.5181065517778217,0.4581485077467565,0.41255999467760246,0.3849443548360999,0.3590688116757405,0.32425229061297234,0.2881025648296371,0.26377872417729903,0.2567721681529537,0.2616341973823571,0.26543455715522646,0.2579095391221061,0.24720696357590646,0.26507572078519176,0.3536356783290014,0.565245687104238,0.984288935718574,1.7207307345215326,2.8288258581134764,4.204727880415201,5.60907124502923,6.808359508272091,7.65595100140462,8.059759854621415,7.925845967501308,7.16557617120681,5.8176182846893925,4.185471305746139,2.7082098731089954,1.6399686179359232,0.9730780391179162,0.5875078787732215,0.3668684247210508,0.23011485325965833,0.13262740595281375,0.06362974589612462,0.028454740790136098,0.020266040095694493,0.018941503149880985,0.012625905478628503,0.010811055166201877,0.04093142827913893,0.12864238891992388,0.2699057468265328,0.42624763120412407,0.5536673227594207,0.626728547374783,0.6380203767682289,0.5897589542960205,0.4909782425185083,0.36097831226601157,0.23399903608084718,0.15566727618163673
0.07354715444979079,0.29638013950256725,0.15270906599255105,0.07822952964176828,0.06276468040348683,0.0764385246236776,0.09512774705529481,0.11850274635618552,0.17467826161265404,0.30972244899059076,0.5477876327493924,0.8410021596209778,1.0996235003755506,1.2821059146832718,1.411650528121828,1.5385305924292056,1.7191327030576518,2.0125933135163705,2.4684492875634785,3.0799670444402287,3.7190782462654886,4.160966064104738,4.242565801848595,3.9624322218152255,3.420406541900341,2.730152596009646,1.9917345310749053,1.3024509469804617,0.7507936943625054,0.37761985896015043,0.16187679196895735,0.05702146817543906,0.03459083928554165,0.1081578299041571,0.32697935532014005,0.7052748213083595,1.129311586906735,1.4173909668218105,1.4703647838966183,1.2932609141390663,0.9509411798637628,0.5713539452066069,0.37016380499244805,0.5850885859359507,1.3015989605876261,2.3925985510145855,3.6555251049715234,4.920485638888833,6.028509403774417,6.76754773075627,6.885656759051399,6.268858984058228,5.130466318489173,3.878457212720515,2.803673144130755,1.9865688325100515,1.389807212891939,0.9488139273764937,0.6145328230990705,0.3698471067954388,0.22526706617163994,0.18819501262251406,0.23908308963593497,0.34946798465615786,0.5099113725650077,0.733469313220698,1.0345171606977266,1.400932780859813,1.7925134512445307,2.1689935185381035,2.509400773847168,2.8048083235299504,3.0372242134906258,3.162969704989536,3.1313505740913277,2.955119387318152,2.743949426572404,2.6191349098920993,2.6277769463256337,2.7452453109447585,2.903110185518073,2.995902613301076,2.897093403407323,2.544646291146465,2.0352438936175585,1.5491671665150333,1.1949141641318082,0.983947567819006,0.8882142588192824,0.8781128312542099,0.9274106535809504,1.0076071913676217,1.0910512801842076,1.159272776309258,1.2024866731408872,1.212622912996348,1.179354302843754,1.0920536692785012,0.9470580462707252,0.7584683440746132,0.5653386093994911
0.07365718788179917,0.28496007106770266,0.14345621155158653,0.050774483334979005,0.01619877809236739,0.03557109947357147,0.09943292763467892,0.19629374441333866,0.30265566180496234,0.3681458757074593,0.3325509567594015,0.19926784379369208,0.06232426227954141,0.0130043034797146,0.07417183413243328,0.22053342713593183,0.40765578876023667,0.5806631992744306,0.6775423758547483,0.6480126445966814,0.49509347427607464,0.2940146670074708,0.1337125243197823,0.04737094633107817,0.016568163005161948,0.012654417084174877,0.02478832854467104,0.06640659300213232,0.1599950392140489,0.31321510689854626,0.515083582041158,0.7503774447756838,1.0074148528622429,1.2740945815738753,1.5329989352513895,1.7682954425535482,1.9839623352991353,2.2052965041089774,2.4594536100900584,2.764794787587376,3.1239759297291467,3.500748286026043,3.7921123527170644,3.8543421655148675,3.60776754287375,3.097648804198787,2.4340449888226687,1.7221400330654022,1.0506921381774594,0.50280969083864,0.14937446605836954,0.014649610279737458,0.05530496678182443,0.2038519020062038,0.4251930963115251,0.7175205170745008,1.0797714518419408,1.4801958414215066,1.832270715460843,1.9966166972632449,1.8577078740450255,1.44487197743999,0.9240199546289122,0.4601908714750707,0.1496393785098594,0.03472217310282772,0.10442307464419025,0.28165327095320924,0.4589608822454215,0.5649262837388073,0.5888877251274852,0.562439140581939,0.5382439225943818,0.5761098814416331,0.7148885916014363,0.9259132344335624,1.1107626785485287,1.172756391991008,1.0711787145737894,0.8188465476107575,0.4730935202083277,0.14574170570861325,8.382201190875211e-05,0.16327254678640707,0.5889828729913882,1.08435352467034,1.482468872991559,1.7156977627050973,1.7784691783049116,1.6866697689194727,1.4709111749677595,1.1844711326397543,0.8898410940338378,0.6285003546407488,0.41243182853300686,0.23941470197740555,0.10912274780153605,0.030896075117707228,0.02413137135650488,0.11031071434938156,0.2941948272012355
0.07376722131380753,1.0039431570027348,1.2293511348930237,1.4211231139023812,1.551745568329059,1.6139849481163255,1.6110384698078564,1.5391138160837503,1.378427850281658,1.1062043148940481,0.7428012739624305,0.3856255351007143,0.14121036783960245,0.0362648938650717,0.038441921349468146,0.11419771770361867,0.25021184191784634,0.44943581408126115,0.7168313830132902,1.0358066074953838,1.3493252625424899,1.5855167534017154,1.720202660887526,1.7925303182282208,1.8603961918382759,1.9542462792530164,2.0490565675893317,2.063617449112847,1.9156263634902495,1.5983368503651663,1.184540761408435,0.772119312340819,0.4585026359614212,0.3527456450359853,0.5586653420344583,1.062261679502107,1.6431755370051333,2.052444323744177,2.2284223847535487,2.2494446089823015,2.208291046637171,2.1627497066092656,2.1377194215192055,2.14448468380143,2.198850147248252,2.3195841355708984,2.512473779479287,2.758969520871411,3.008568691484099,3.1706577493967467,3.1285866329992196,2.814259795174769,2.293346413124092,1.7222607189003722,1.2198973344223494,0.8213324436588819,0.5135558274274871,0.27703187561783,0.10865359716813364,0.02558836633313845,0.04216722908788446,0.1359306220213995,0.2608571389621087,0.40420844051799876,0.6143336872645718,0.970988844388133,1.5063754269342933,2.1304834089654894,2.6577826984363666,2.919043692396454,2.835220590781431,2.429439924804623,1.8382904864223686,1.3302140146445798,1.235289760698599,1.709144284248003,2.572829914707082,3.513360563745405,4.345682817882108,5.0259842069175535,5.536543879298466,5.792073676838331,5.634852571963157,4.984768534080786,4.018375163132991,3.0562328520021143,2.297534449228914,1.7682328856774603,1.4136274287307553,1.165950462219228,0.9689214504347158,0.7895372324733215,0.6225619412892713,0.4800116799462287,0.37650517205525824,0.3239412322609211,0.33267976428453677,0.4120132907729874,0.5663774847322491,0.7862852560187925,1.0375777409013718
0.0738772547458159,6.138951584087025,8.798687320147831,11.476611588300901,13.675140368959438,15.104370802007306,15.749364225292062,15.73378478733842,15.12822415620709,13.831521611913214,11.709357895773243,9.004403194338133,6.366504136448271,4.283471253574059,2.8214743911039113,1.83620775376823,1.1737444205770489,0.7328913718979772,0.46127282614115417,0.3301699067488023,0.30242339364703175,0.32092941560077604,0.34045054303594213,0.3598842360946162,0.4120653952539259,0.5318599129280425,0.72541988737693,0.9509581210735816,1.1380471200036721,1.2459685395667714,1.29503109503194,1.343302270141623,1.4559137160094962,1.686272963847276,2.0383268349922057,2.4056918220178773,2.601774613284079,2.5233883011551246,2.208119407640157,1.741572768638657,1.2023671575252828,0.6756240491534381,0.26863230052380643,0.07461790989859127,0.10232285343098886,0.2738023628985281,0.49918751102048486,0.7281240385260919,0.9516639470661349,1.1841579282588859,1.437249899971683,1.698695802357021,1.9458362631289423,2.183709688442506,2.4536232871281376,2.8128910964987397,3.3196484323277264,4.018919271361357,4.900266772507865,5.818653420735588,6.474555641160382,6.60329393297026,6.205499163470752,5.488657396144755,4.666845573960588,3.8807862240132245,3.2138108118139974,2.707953484381848,2.361971979131712,2.139238003621677,1.9885270580500396,1.8577982444336842,1.697362832786752,1.4666020998608944,1.158219112743949,0.8214554850678152,0.532930958338642,0.3376068169935998,0.24046548607428792,0.23520429139627824,0.31607555899812356,0.462161066989178,0.6124431338310704,0.6780288187184439,0.6175670920065244,0.4772216036875525,0.3307389548339137,0.22578584346370756,0.18714721041088175,0.23170917730704685,0.3637247994717809,0.5588998396647528,0.7701672195979137,0.9578771563092022,1.1071024884667613,1.2212657315221807,1.310695680100956,1.3860282225320597,1.454768007529386,1.5182348882153354,1.5695408465648486
0.07398728817782427,1.6522910487524767,1.748702575942147,1.8356730283165141,1.9246309349085264,2.0402850691560412,2.2104190832864115,2.4547331432863078,2.7668830849919526,3.0806500956392906,3.2550034012230764,3.1695912109352724,2.8644437813245878,2.4906961585283613,2.164711789572603,1.9298284326904198,1.786583825061124,1.7149517260571967,1.6766876753433155,1.6144263143813675,1.4737874689940935,1.2484651351977847,0.9881504110278241,0.7484592684466258,0.5536840210083869,0.4019032441851635,0.2838137436855002,0.19617286584620855,0.1438187376854351,0.12931608013729365,0.1420134589687943,0.15798976742477802,0.1507135893914643,0.11584083739560183,0.11086098264897246,0.2561050809867691,0.6173635534489784,1.1003734438964012,1.5389857465559926,1.809934158863241,1.8442151794985886,1.617163203259846,1.1781403427674404,0.6764844292349868,0.2858129490894325,0.07745569003828648,0.010177847419027037,0.010974289687092059,0.027829634377120226,0.036314791939688756,0.030858720874334514,0.017243835444201897,0.006339732927577772,0.008014316082311596,0.029871037777815364,0.08086496325027723,0.17431932782379148,0.32597046171521993,0.5416808043121372,0.791493736683462,0.994305363303471,1.0653740040149096,0.9975043997801842,0.8697835973926887,0.7943742044539931,0.8631320642552073,1.0929940426117508,1.395863152684527,1.6331240534955784,1.712985227456634,1.631413344909725,1.4565050843141092,1.3047252121409616,1.30938824459647,1.5494850198155423,1.9705967736565604,2.424044845317131,2.8057745801014553,3.106131765692032,3.359363778374666,3.5970446571496044,3.8314549414383543,4.055949087745641,4.265017099166076,4.482040207844008,4.741700911891835,5.036306732093924,5.295818055796086,5.40519411073161,5.239672785496375,4.734102617803715,3.9616133285544826,3.108696717274343,2.341341472447793,1.7244250780862909,1.2478901212196307,0.8804842501798245,0.6024932486598673,0.418108537558003,0.353697243069194,0.43870858446770233
0.07409732160983264,8.653146066808423,7.902127416539748,6.935766844396566,5.871181607922796,4.851665607898937,3.9707067393538704,3.255948473000003,2.690560241004598,2.238323130475528,1.8677830372374193,1.573164139085828,1.3663815685514815,1.247392423453285,1.1965803194758984,1.1845569056729917,1.176951382692611,1.1341639121682054,1.0161795810939767,0.8033797273285338,0.5276331693390903,0.2679857976160904,0.09157340836297836,0.023873415143261172,0.0928846532732943,0.38065337025672785,1.018276419673082,2.094010700226999,3.5266658927835155,5.072095003647416,6.480953819668074,7.594085619734107,8.300551913170677,8.471628820651958,7.992466184433171,6.955617816122158,5.794334781757483,4.9837913600247745,4.687677226744111,4.814715907062834,5.183107781093428,5.55441296004224,5.6380624048558525,5.225728429872341,4.381215425057013,3.3845264619311473,2.48344160895597,1.7794591299027276,1.2722548553557493,0.9242427898142273,0.6927681322447018,0.5405328952386301,0.43992107873033565,0.37520177320305875,0.3415128214882234,0.3431341435902235,0.39356994738360535,0.5164770485006195,0.7421190665765179,1.0882092681597255,1.5247734973521345,1.9674568397255774,2.332223128906461,2.5813783252417917,2.7163259703707507,2.7661684320602906,2.7917601201159172,2.8730345881397676,3.0722924854940707,3.4154078077544936,3.904633817312774,4.525133618734677,5.2144376938349435,5.804810672305779,6.0267152606650765,5.697790035542887,4.94430314166211,4.09842569945276,3.422449598622263,3.0164571712276373,2.876004545344782,2.9535007294345488,3.185084842861996,3.4973190282116686,3.8056208296364753,4.011149866619194,4.009859045584954,3.7192914792485197,3.1150390728630795,2.2702658376788643,1.3710241018908471,0.6436130039552139,0.2128105765962855,0.050522981988207455,0.05740611303720923,0.14807680530074332,0.275110162384141,0.4192324922238319,0.574971028846388,0.7402129712244274,0.9094865710480908
0.074207355041841,0.05947541889570785,0.18535113104367382,0.41859645564071934,0.7145588837294565,1.0269955149621282,1.3366446272947765,1.6497660545916097,1.9719154089719164,2.2693543068087028,2.4505591435277365,2.4309622377713365,2.2320106799145027,1.9511958352170617,1.663580137606976,1.3954942160430956,1.146700432196027,0.9105320732179266,0.684354028547035,0.47588898829694626,0.30421320190996887,0.18798955227574876,0.12893896338754765,0.11201506563330325,0.11837200617870833,0.1329219758628766,0.14377542014803799,0.14081391475148625,0.11935368643211203,0.08486433427734809,0.04937780177387839,0.022792508203576832,0.008184778710784222,0.0023452760250507855,0.0012450614269002335,0.013137588803008473,0.06900119090399756,0.20901823087582064,0.4637293377382077,0.8565505316898446,1.4075624978268766,2.1130111965055174,2.903048017878776,3.636092088117299,4.1953363521833555,4.59265565428083,4.942264719810052,5.372098270922715,5.969289180769451,6.739790002728815,7.554143294187605,8.153085350822192,8.31203712565881,8.009628698989207,7.370752199961594,6.512810816157096,5.48712064765898,4.308839246858647,3.0238068186824227,1.7804388311414614,0.8200360376990111,0.3022668955794133,0.1526752921929512,0.16186079748458104,0.16802186542656244,0.12942298220567316,0.10202865943240708,0.16324389749883894,0.3347460725026872,0.5732973091895467,0.8142731590119128,1.003396745733651,1.1005150973340503,1.0795029127823372,0.9478858985861365,0.7708987570929328,0.6423851514629813,0.6197236574739516,0.715717055586833,0.9446660388613101,1.3610786279101306,2.0580485909455044,3.094464791029055,4.361665919293243,5.565945909386644,6.433006089796114,6.857114021239672,6.851874836831714,6.4717345065215754,5.793836565212329,4.938001509729725,4.06559753039868,3.3149407135212545,2.7383837121643633,2.3173049005014734,2.0153769000403017,1.8115638864683272,1.7072472472949565,1.719865865649743,1.867018422700116,2.1407290597309645
0.07431738847384937,0.43760590754705836,0.4268401707881946,0.39214027186072004,0.33889422846190576,0.277143991942955,0.21480874249892254,0.15605849574597458,0.10619136053367964,0.08029370509355084,0.10441975170798448,0.1919866240844893,0.3187711771979499,0.44342125615665845,0.5407589482355314,0.6056827384969763,0.6428072156339287,0.659964976304287,0.6681453497459291,0.6844852113237709,0.7314596623434941,0.8274591042386186,0.9784428512910016,1.1806306475990003,1.4222621498447854,1.6743180302695964,1.8833122463725416,1.9947714691664897,2.0103384815738736,2.0103163248223406,2.097411216926388,2.332192718882062,2.709085808453115,3.136305469901295,3.406853836972205,3.2671892161260705,2.6620788399079873,1.8336374446941568,1.0728036278190651,0.5416396940223154,0.31793273113273607,0.45757716610556365,0.9617579499780174,1.6912654676282362,2.3959669182237535,2.8930153924503497,3.1586494132924114,3.2559039886401937,3.241559108310398,3.12643506939704,2.884253814823314,2.5015899059184443,2.0263603594320827,1.5436970357896884,1.1135365976114138,0.7580046795058142,0.4932328911675337,0.3624284000852821,0.4455689642542292,0.8146710139744449,1.4237730502857502,2.0606541120084954,2.498337584633026,2.6597034113054434,2.599773971813747,2.4167407008415798,2.2071637447512185,2.05605355901423,2.0315791452714627,2.1874911942260624,2.5795276592159504,3.2780708894909063,4.345388644848862,5.743556339072376,7.204104643535974,8.270097660913883,8.63264632662268,8.341636663004763,7.6143351091549025,6.599250915643675,5.331807676623503,3.8278361526101308,2.243269265563763,0.9493605745369176,0.28929028851354627,0.2470729425351423,0.5237445307668855,0.8206065903006876,0.9647284613121692,0.905217260831036,0.6897022792663977,0.4271630997128912,0.21591835481398367,0.08948517007149669,0.0294265159482677,0.005982550128362354,0.0025023874370404572,0.022537019060154324,0.08991395975108081,0.24277329580169674,0.514352769950722
0.07442742190585774,5.514148227688542,5.814610526123417,5.8994786186094235,5.79291190318635,5.572396521265052,5.299963921387459,4.973180171520186,4.514741027905928,3.8139340249947655,2.8544877728311877,1.8376015724353074,1.0485603845027216,0.6011045456777765,0.4300411773915546,0.422862623613985,0.4873611546908189,0.5585816361338524,0.5935336042330976,0.5733379771505067,0.5094249775438263,0.43415813167224293,0.37302161884578766,0.3320006735347347,0.30877936864266625,0.2999305557475053,0.29497417202002735,0.2733407639463458,0.21895914984987785,0.13880240724738308,0.06021533595901829,0.018191471334040626,0.057869249931004,0.24969706375951992,0.6836962477742877,1.39453241311823,2.2719565241014545,3.1355539699063666,3.886394878021096,4.506030146397003,4.9691820255951935,5.196109556923336,5.088263568192759,4.647741986481901,4.046501272310227,3.500966566302635,3.1078522071347336,2.8285704301207755,2.563059666872065,2.225130056695043,1.808043404138713,1.414944313924594,1.1894985410239083,1.1944032720884439,1.3889496890467308,1.69568446241517,2.046081081877305,2.3765117413494132,2.5973065082884106,2.575419815051098,2.2022863895651725,1.5422231348913444,0.8650067681531762,0.49760263064015575,0.6897675795860779,1.5311747049241362,2.85158900288371,4.224334387149989,5.199402201810567,5.548016166006881,5.271571304320446,4.478985276461682,3.3236995645136123,2.0448514234486868,1.0170101275193284,0.6186072391437707,0.9483081197884732,1.7912445432637123,2.8807814223189614,4.07803068160117,5.354987278438747,6.669249830318201,7.80154285393634,8.334210264339331,7.97087515603155,6.840738072186089,5.327351745997321,3.767501810990914,2.3757469526176465,1.295350104783574,0.6176541440562596,0.3340235518391791,0.31641123985414943,0.4007925070034019,0.4797065971669537,0.5173394406411395,0.5197353692078692,0.5080030434355317,0.5063371213698535,0.53938441608008,0.6302046732241419
0.07453745533786611,2.5066954703681223,2.093316366509341,1.6580866048515421,1.264130586834289,0.9535013220816556,0.7423346755798835,0.6398426518587088,0.6640129701049658,0.8267678905754594,1.0838052555084745,1.3223813089395824,1.460673705459161,1.5213186057436237,1.574612227647772,1.6681860367804928,1.8031755351305638,1.9275397900724556,1.9361022396779721,1.710372833401322,1.2297527930758203,0.6560359751589933,0.21989338134668543,0.02769884819366174,0.034925529168007494,0.14264542377459571,0.2779170859437927,0.41682014623786307,0.5572889667272427,0.6812998552954654,0.7565437410367801,0.7677128911140388,0.7380100142729282,0.7298204685488514,0.8146969985575244,0.9961446428226952,1.1601612637728769,1.1763587952713008,1.0181951024847142,0.7462292249122215,0.45310293905149557,0.2425770218299226,0.2044721172741342,0.35510643850317486,0.6083060480289577,0.848897355146568,1.0189591172361734,1.121613299778142,1.1822875216588176,1.2189224886341348,1.228989111309488,1.1945459523187576,1.1058663210591169,0.9779545269869173,0.8390125498538779,0.7135037358600199,0.6199816144588911,0.5778233852529083,0.6109610102109495,0.736138427515654,0.9310712220261724,1.1180817559442386,1.2064984114407098,1.1488119981240459,0.9559891243377446,0.6919554964247994,0.456118609829695,0.33628684582758644,0.36132893073711186,0.5074525658410995,0.7396908480499861,1.0333985975521627,1.3606700337852329,1.6584420333584073,1.8192502570670273,1.7575818172343243,1.4997222508635668,1.1551813149911254,0.8142916640738986,0.5124161641725425,0.2588654487255062,0.07455774275768468,0.007052173415409159,0.09531360852383255,0.3063869892785986,0.5477745547332837,0.7487384829496462,0.8919062472901141,0.9874662893624995,1.0447113989601235,1.0627402339047314,1.0382528708407497,0.975832922809725,0.8855028597899913,0.7733875699004568,0.6392844496321904,0.48269925555893073,0.3132742778544299,0.16245861369547443,0.08973008735460986,0.16848229768414344
0.07464748876987448,1.2902942762493605,0.9338720478136889,0.6102238350867013,0.3570634244254616,0.18409793698232,0.0807614234405306,0.03727468463735524,0.06167517895567558,0.18505876196347762,0.4420859528325296,0.8247666688324217,1.270437641760768,1.7144726638256076,2.1226238579441077,2.4732125732135715,2.7318629506552683,2.8388429992284454,2.715148378499299,2.30541482853918,1.6587817151921265,0.9576891304958739,0.40361888921346417,0.090190439374372,0.010410145875640563,0.12170754652512364,0.3717393008520481,0.6895422578682261,0.9925818961142535,1.2283367591339989,1.4007782304009673,1.5513129491178463,1.725257387541258,1.9405147886075724,2.149380868531843,2.2308255554916627,2.093712576080743,1.78929104785182,1.44477283764437,1.1482537981127525,0.9328037117542279,0.8112849389715312,0.8020048013921476,0.9240181389094326,1.1724490451296037,1.5171678429190758,1.9310639912286733,2.4042751424353073,2.9267797301101965,3.4525782798772586,3.8746415858789,4.065875241744602,3.988733460181384,3.7331925926047203,3.421418928176636,3.1200824485568233,2.832528891117813,2.524437385373345,2.1508476429492775,1.6903905761426696,1.1829682613863441,0.719614388601534,0.37094703063006107,0.15278744691969917,0.06180584255674853,0.10269476307568604,0.26665355404585595,0.4962554161900361,0.6957462306283604,0.7825956586511575,0.7221924791245601,0.5325649533816483,0.2851232925134865,0.10147095865224273,0.10470855861777986,0.3144946278206885,0.6131525837809116,0.8688887811916655,1.0500073175111593,1.2183776920349902,1.469164820662157,1.859204441338882,2.3206374253317192,2.634882607598858,2.5959065796112037,2.208868026566166,1.6437522265501714,1.0792393266519225,0.6395613316643365,0.39228304520530455,0.3388899262370329,0.4077245788948136,0.49543255645949086,0.5327302405812178,0.5042528418833961,0.4256593124393954,0.32214500678632985,0.2234102358879518,0.16757536395300385,0.20235272042863636,0.37144120827624555
0.07475752220188285,10.017970195306319,10.847595307570469,10.98733908197893,10.36698977290381,9.13676559746728,7.540085380186769,5.816382190815423,4.219368078946044,3.1031703820282472,2.888013668801811,3.714309510983963,5.188970738500213,6.7525444367633645,8.099962602932248,9.164290632542354,9.931522729449565,10.321999393991149,10.186906274718332,9.457453152676374,8.408190118066269,7.694633007815101,7.891245695198188,9.005147668234834,10.425356422328134,11.150876892409718,10.26694134108899,7.672083836699379,4.3703718485228045,1.6978911626339166,0.34521510130872274,0.24364350849147032,0.9683684128658269,2.011877012512778,2.8820159185528316,3.256816440503194,3.1962700647363294,3.039131395040134,3.049490765177406,3.3015307994266525,3.764132423698759,4.3457959345571195,4.876660988615353,5.1362350944092965,4.988733779231857,4.477426052307975,3.7537105098065067,2.9692212701056464,2.2385067655636774,1.6413542108229946,1.219476764169835,0.9643961916576534,0.8290275135286989,0.7730749802094836,0.7939444989664045,0.9213552745669084,1.2025615635847005,1.6860000260754604,2.3786432459653244,3.1593010983581835,3.7287455454601997,3.7693620388918196,3.213529497545015,2.265246033516336,1.2284472911250532,0.4010577527863716,0.020558757683847902,0.17432692608539796,0.7562572499884599,1.5556611910177436,2.3719752219656765,3.042045084665067,3.4067370648525905,3.304840545142312,2.672793522448929,1.698298133915854,0.7679673220549114,0.18312849684628146,0.01277465356831163,0.1660988179784498,0.4787312002452836,0.7426889454358361,0.7613262620837261,0.5027157191316358,0.19493243253029813,0.13511424714238052,0.45202515364604906,1.099577680900172,1.9344150662529707,2.739552028598423,3.255363266836486,3.3065382823567524,2.9290940749720713,2.3165202120632857,1.6602675129935334,1.0712127345851494,0.5952275390014325,0.25209306737465714,0.06214799869851221,0.05405539363260562,0.25052373006302536
0.07486755563389122,12.731844173464626,13.280881214555514,13.16488772035768,12.435308522264092,11.311200248475506,10.012785366153464,8.650766761568354,7.216695261893513,5.657520977554511,4.025042362979158,2.5604875008879073,1.504320928717863,0.8790819381268901,0.5661110061713407,0.4686413421899377,0.5703710632807782,0.9176364043718055,1.555840322995112,2.4122346702350974,3.196359287337072,3.5274818302560296,3.264505831688735,2.6075364899091444,1.887151512723496,1.3735962636382752,1.2150644675891147,1.411585091905956,1.81605494841625,2.2323805787854005,2.543072562423713,2.7300850249321016,2.8126512942055357,2.7941751985516894,2.6552883317615463,2.397685396876746,2.0913423581683257,1.8330998212491734,1.6696848877537658,1.598124190733452,1.605273272123763,1.6871325090234275,1.8411767180387542,2.043369239867079,2.2397718123377848,2.3728120958471295,2.4108336514700897,2.3545280592638855,2.2347176294072666,2.1117921929204995,2.0597705921165548,2.1126340953648506,2.2121166937341474,2.2432028983312327,2.123218770096312,1.8382391328886782,1.4281871302522715,0.9722787740630258,0.5883542914963579,0.41739227238743465,0.5488037643396844,0.9282945028643432,1.393975433083521,1.812482184738945,2.1353619752890585,2.363761745302994,2.5032524599947963,2.5449060761733944,2.475459090968611,2.2972300714002287,2.0366187132767615,1.7444037059531279,1.4977292390522798,1.3943270118502389,1.5097917257101174,1.822128865616935,2.202194383218797,2.512506561108494,2.6793367263704035,2.6727500908120305,2.465187582124354,2.027049523556955,1.3821070181821413,0.6854150262213037,0.17920646424072736,0.01698619977790226,0.20762216308312936,0.714346936519314,1.5209977258428318,2.598610998602247,3.824581076647619,4.970817867085198,5.830389506630385,6.342554728063483,6.571771756631828,6.617535006317953,6.5617759910401885,6.459357667868232,6.3420020381867435,6.2202045446669505,6.0842691418114265
0.07497758906589959,0.451046960376934,0.550874550512707,0.7433087838610817,0.9764332996737152,1.1758840772378567,1.2758763781845694,1.2375656842748624,1.0634949316014826,0.8239949971301102,0.6666583319022856,0.7249813835551966,0.9811232535639846,1.2976986374010278,1.5541056625811964,1.6946163914212582,1.704033712610247,1.5808794638961896,1.3309268187693646,0.984525785329741,0.6233063415218565,0.3674861796673098,0.3090743905890924,0.4716654610125209,0.8307749521014975,1.331547341563604,1.874542052180069,2.3133521650649738,2.51980015389461,2.4717400048831006,2.2473311298368035,1.944045315204007,1.6293803132244173,1.348681425115068,1.1544806059717432,1.1099474135627447,1.2395778316416053,1.503241124141943,1.857145409440761,2.3082247018448356,2.9078252829196454,3.710553554831712,4.7074204904584525,5.76845026890831,6.6875009051680925,7.3104809186968955,7.586733556362932,7.521106172965754,7.125179916971973,6.410784908886633,5.427793733584038,4.3185592814908205,3.2931880448905235,2.5005364037486273,1.9531357148547888,1.5740705832857587,1.2687309300892,0.9726694343729503,0.6995481552978909,0.5886674998228578,0.8579748067211981,1.5934241906165942,2.6007996514963927,3.5359229966856596,4.106602116085374,4.1689438582694045,3.761703845479035,3.078940627976742,2.3478409612552693,1.7062096989195246,1.1875576081805639,0.777215702308618,0.46131871385760803,0.24295763405440116,0.1279840977705128,0.09697597598470085,0.1031405546365154,0.10533909772081702,0.08881250599075981,0.05792950044407286,0.02543835196118922,0.009369629349028592,0.030690956911016032,0.10093693440065651,0.20611383232545963,0.3122864327694829,0.3876309114282341,0.41346121633722116,0.3849817871584227,0.31227962407588616,0.2198333051554258,0.13664185106601343,0.08002987072276152,0.050331317691334844,0.039972404347489665,0.043161395484441464,0.059817240473958574,0.09688794644536829,0.16949388851330335,0.30001336856077043,0.5099745102541223
0.07508762249790796,0.4703609176561743,0.32002811818488114,0.2026296588466505,0.17873163531446554,0.3023569703003224,0.6252560190236076,1.214479342503612,2.146313430049719,3.425007170699395,4.835054817288359,5.959386903795822,6.524965116321282,6.60158042939456,6.3948907656504,6.036293799307663,5.544277541266757,4.861139638805544,3.916929043369614,2.735193137795293,1.5363501471132865,0.6647004981926786,0.3198621154229671,0.4281713920704801,0.775524790547099,1.1621939117096052,1.4585562852633658,1.6073891078751472,1.6132726826764563,1.5163828383721767,1.3555360291603002,1.1486010727305764,0.8992699150178056,0.618426866089576,0.3468932611786472,0.15003238715275657,0.058497286392390206,0.031242539157461686,0.01415193880704088,0.0032198483454204054,0.05017712652782291,0.2310935547574471,0.5778605958690721,0.9978719545046114,1.2985185679145061,1.3382494680573311,1.117389382202013,0.7377765722213722,0.3387947943782437,0.06336315074944522,0.02233752896950647,0.23340396470506694,0.598937323064864,0.9918893386185837,1.3510777148425472,1.6799192059355303,1.9948580207230948,2.2846664576466242,2.490825912969581,2.5189061822599994,2.30474345934057,1.8918555524456193,1.4019649203578621,0.932711831220534,0.5287449017649443,0.2202378770306714,0.042666947428472164,0.009985576343012418,0.08559293980143719,0.19930098473851712,0.28907844415215467,0.3259296852907862,0.31838001830434065,0.3063265223980779,0.33799068695451406,0.42655522664071466,0.5300710643946037,0.5910105167031079,0.5807496214037032,0.5032219099959684,0.3807664908127172,0.24686538758371254,0.14510976171818638,0.11628496678774466,0.16578702283381946,0.25094339080800254,0.3134704452547403,0.3171341732211898,0.26523362002318657,0.20220346909613138,0.19286475649875226,0.2748386013009684,0.4245309124225171,0.5800824061721632,0.6868457948738713,0.7156333301805239,0.6581342550872444,0.5217287441679036,0.33228025763737445,0.14135748365113257,0.024915995150614836
0.07519765592991631,9.6581447505073,10.27776352263071,10.319651868139069,9.718134656336867,8.565248985885763,7.015257310490963,5.212865030940083,3.309956753209649,1.5597156570881237,0.36811833472090927,0.06657208087475336,0.5634845994781728,1.4504158277503134,2.3741977746341814,3.160183595761284,3.7391319070237827,4.066666671994578,4.0898217060726685,3.7701361480182167,3.1589886331440935,2.437885975828526,1.8186929866408161,1.410267830420054,1.2096187332396202,1.1634925524119595,1.2013915567529945,1.2370759724621108,1.1855300383460017,1.007940354210958,0.7328989413806334,0.4319033407405576,0.19033909478429145,0.09295369851499297,0.19238959538386652,0.4393209081303869,0.6726906176229149,0.7635837558703725,0.7157704291812206,0.6007971557002952,0.4792447592321333,0.3812407360918685,0.31603743428008657,0.28626576944152704,0.296039371453921,0.3502682629435975,0.45538096842377906,0.6251544450991424,0.8802775450384485,1.2302245614209195,1.6402935837974832,2.0209988320841203,2.284619633052745,2.4134964978812246,2.441649270474738,2.38676757090743,2.214637530686894,1.853191291025211,1.2609872877537456,0.5508773901434568,0.053740473792618745,0.11517083184981125,0.7771510230011498,1.7736117520196315,2.7518058003766224,3.4166938962822804,3.6057131616890943,3.3464075498504835,2.8176607792429063,2.212691735306709,1.6425505252623855,1.1385456923002282,0.6994814844426022,0.33597812746501055,0.08900522381349517,0.00033505682618682883,0.06009797663341091,0.20991311441001456,0.3948728558716783,0.5925970985451176,0.8084228550222021,1.0579837289536858,1.3449642762440146,1.6465084647585646,1.9340661704264346,2.212702868013425,2.520695595705283,2.8976159146960305,3.3572218120819466,3.865423570830221,4.330403951210788,4.640697498413753,4.741636671427436,4.663033961611597,4.4740901210367925,4.235950261529369,3.988913634595203,3.758874428794875,3.564685630048475,3.419775075934831,3.3279289394323026
0.0753076893619247,2.3472847055715054,2.4188151186950564,2.368565493624663,2.2235202678610704,2.037326142425888,1.8555754885583666,1.6957081614470173,1.5451858790451738,1.3734017252682662,1.162638042358039,0.941962527608614,0.7681056100691518,0.6703541861666724,0.6408909516936074,0.6595038520042761,0.7084465943571695,0.7732670996162675,0.8396993884027323,0.8946674115582128,0.936747553078805,0.9896399699868211,1.1003430834363852,1.3230604937763548,1.7047847059204946,2.2650975432068066,2.9575408903344798,3.6425825806431313,4.142101457577059,4.360513820000171,4.329830611310277,4.140680057496867,3.8682040083473734,3.5497147888817473,3.198713399923846,2.835752174201558,2.5057177266607225,2.2523931372762225,2.0925789128290773,2.0276795660822176,2.0611742497199277,2.19822753954416,2.4304884855794,2.7233420928650807,3.0303765620124015,3.32473428702395,3.604701851698575,3.869821617535269,4.091948809348103,4.195736372751959,4.073476028552763,3.6655520284453393,3.0468473058583987,2.384082977320167,1.8094302602885843,1.3722611321828215,1.0728177694814687,0.9025500173424253,0.8614435332107852,0.9493159370396252,1.1350020194744017,1.3401768768291695,1.4783744554802556,1.5048116147671817,1.421920146038194,1.262705005731279,1.0773927302198143,0.9177861656578817,0.8188667571727497,0.7932092045581434,0.8405840558130541,0.957374278376828,1.134788435066987,1.345707719099557,1.535125305734551,1.6452373578012207,1.6670913541793333,1.6465219035542955,1.6364401207793757,1.6608782089397836,1.7074275454998689,1.7304639961600141,1.670896748009464,1.5096016767370428,1.3067755326089023,1.1476504245653747,1.0646944012451027,1.0367844462936753,1.0249747052116611,0.9930082705031215,0.9173644581360808,0.7984400320509385,0.6607450041046902,0.5341583578163331,0.4368339219738426,0.37419507183727774,0.34612005152742026,0.35328409155553536,0.4004845191653356,0.4964429882099815,0.6483473357320731
0.07541772279393305,0.9779300749003923,0.7392132111847398,0.5153294175669358,0.3312900035515412,0.19493874333076736,0.10117327465250878,0.04864493642136622,0.05592359432014654,0.16310042038023323,0.4011856789479377,0.7422715175516107,1.1052483827089288,1.4200818982713042,1.6504622563826903,1.768762375527402,1.73812234967389,1.5208292214853119,1.1167910271599832,0.6261665924463568,0.27116484748401404,0.2748827764517686,0.6833871538585412,1.369170011167796,2.1737840805326787,2.98220854743768,3.700219286294745,4.227188950815895,4.494646515825412,4.52788682933264,4.427984118301637,4.2909176717787245,4.148223964093418,3.944016166928611,3.549615760931371,2.871702796503196,2.00857967903419,1.1976508332576326,0.5962749940727482,0.22464082863538687,0.04750652393828986,0.031265866709250176,0.14293089719231647,0.3245609263568757,0.4956444119975283,0.5957218108884611,0.6114506011901842,0.5652300023071734,0.49718110660798054,0.45691597842093795,0.49351128682720624,0.6302936784259164,0.8429854468198416,1.0780971098286734,1.2915729101669333,1.4605383858876217,1.5713353007375392,1.607375200219179,1.5473682232106674,1.379829544811402,1.1310690283995024,0.8731949854385949,0.6918099371075916,0.6701473061497758,0.9150147554360925,1.546479212457944,2.589960786255699,3.857753254690992,4.997763945526615,5.684984134169579,5.747223470170786,5.174412408552477,4.110847938968633,2.8710138624599066,1.8921219658844168,1.511489120247098,1.731973967436593,2.3064261028627033,2.9997460083470173,3.686770705862202,4.291677772171413,4.7066145268552475,4.775268247184757,4.40263077486583,3.6995253508075443,2.9119088812122413,2.2107714051034537,1.6328660749701687,1.1557254040692133,0.7687903859167218,0.49325595091290253,0.35272655235066674,0.33320541383019464,0.3850643945849321,0.4574448067208288,0.5199360466320206,0.5625526649971654,0.5885725751189776,0.608847154624337,0.6378949946888112,0.6891803910369826
0.07552775622594143,3.1500458901400696,3.2447770891269587,3.3387596135489925,3.4230214486015575,3.480123248010382,3.479911412246441,3.3810611318522534,3.1402293187061394,2.7356240242366563,2.210171325472372,1.6847543704709953,1.2707687720867957,0.9815929478757931,0.7617652380309528,0.554927318734262,0.33785880496690485,0.13219794263023243,0.007363599857182165,0.057424561766152876,0.32645858713951165,0.7334020055207224,1.1205677767177857,1.3915592450772234,1.5694622219277687,1.753313759170134,2.0436452798129237,2.468411048806799,2.946041231059917,3.335867527089293,3.528499287522657,3.4781901310912726,3.1837563083810556,2.6806155524846864,2.0649819637546285,1.5019097175264513,1.1324395546905734,0.9595372182019725,0.8950622578548146,0.8755669317663458,0.9007102565640044,1.0137288462426315,1.2575937473551746,1.6180037918749217,2.0071602916623856,2.32654613808405,2.5314726243647616,2.6309935931806097,2.6545604941683285,2.6237608466699642,2.5403541202862243,2.3969368402552362,2.2015083426263087,1.9818146400454555,1.7648049410833837,1.5663108707538413,1.4015928297378497,1.3006076010338936,1.3090482807258517,1.4523582917376452,1.6662107883312127,1.790313082694368,1.7015705413578923,1.4388030334869104,1.1843219491781865,1.1621990305031402,1.5165132001692323,2.227090783658103,3.1561261137181362,4.1901054037875705,5.321271046924744,6.6177632088189595,8.12709039402224,9.740138482025925,11.093653366462595,11.723750405383926,11.455501689523869,10.519121227779292,9.259048885485432,7.887895057809162,6.464317722330852,4.979948415010772,3.4773202334903854,2.130262082425425,1.1569277640168971,0.6309967047486573,0.4615293017197825,0.5147809585715915,0.684130073931435,0.886311027827526,1.0471848877481442,1.1143565973437124,1.0804698908880672,0.9758991147387517,0.8368792692072724,0.6859001425517451,0.5322467305298983,0.38046606462680677,0.23873480515417833,0.12423593417071566,0.06182401619826278
0.07563778965794979,1.4299885571772168,1.832631861273116,2.2217419937667695,2.563364598626792,2.8476478727247767,3.0766124498710363,3.239011297107826,3.2897538804904394,3.156116545919991,2.804826019782655,2.331930773952828,1.914540017582164,1.6545977631824687,1.5434593063137418,1.5317364139406133,1.5783881711046512,1.6579765735776353,1.748337836148955,1.8155526266491309,1.8151804695764624,1.722414254887833,1.5590742913343492,1.3771624998902139,1.2254607819805599,1.135378336841158,1.117940822455237,1.1563477923690444,1.2033139591614137,1.2020194546252958,1.1165286862248736,0.9439999010598582,0.7171958896903423,0.5186734683504677,0.49113616722341535,0.7729810762121693,1.3543789313133996,2.067573999994016,2.759266993434292,3.373906070064219,3.8966046107110137,4.284019198859771,4.453741014598218,4.355349172149675,4.056968205175243,3.716961875129225,3.4733292180295208,3.386500686052533,3.443655083503988,3.5710788864686944,3.6538767196910125,3.5986598230132083,3.4126619282281596,3.192708705417695,3.0305583264223253,2.9560079945126465,2.9414502098604953,2.918105417133539,2.7874475545016923,2.454814378356006,1.9083416251295773,1.270211671256943,0.7110750339079608,0.32516552029582757,0.11711150190813152,0.052135570138730034,0.08649249978783291,0.17731615797214373,0.29387249697767853,0.42809687536651103,0.5944334447232745,0.8208158359481929,1.1307926260969952,1.5096226436373554,1.8710610616443755,2.0912304320016064,2.1192839381258635,2.0213498905321807,1.905401739539075,1.851141285544691,1.89811447219498,2.0515647931294345,2.2742378628204754,2.476813887345821,2.552828779976778,2.4457901247031524,2.166788802632135,1.7626141398305948,1.2922574387897072,0.8257016352847732,0.4430971993958754,0.2090392459440162,0.1362821987183308,0.18713482396973152,0.3104476709610788,0.46901058541308466,0.6430218952828658,0.8225365841618527,0.9987945754117478,1.1573409351560466,1.2755791439297832
0.07574782308995816,2.228924103459741,2.940043723049307,3.6030813620059883,4.086126518459856,4.306132624020627,4.236675150158972,3.879033337978637,3.2423820906065686,2.3715184233119286,1.4175421619581192,0.6295147288151877,0.17731015873543085,0.04242933513308221,0.12049370895972063,0.3346275217494033,0.6591614874925491,1.0992315979348664,1.6570631730988932,2.2880952878454077,2.8740087522417825,3.2732738004232558,3.423822841571202,3.364897061982179,3.16848798691344,2.8852822483227882,2.5410804083724474,2.160467959551027,1.786603081422059,1.4723374743425954,1.2564346526345838,1.1587277345546372,1.1910577374126095,1.3544881560284137,1.602827265896656,1.8051577288992522,1.8143580192461046,1.61278412640079,1.3136087640501857,1.0443691898699092,0.8866903335447878,0.8777956364730949,1.0189468744592862,1.278702050966496,1.608378553215284,1.9688192218040774,2.341613311828275,2.718996944834182,3.085582172593118,3.3985145555766625,3.5808600432371143,3.5613004370185677,3.3477268509148055,3.036257581608203,2.734450755951446,2.503271318018172,2.35767168731746,2.2859482716448536,2.2600930607089973,2.238424333804199,2.1776320159922222,2.0605234288760927,1.9059467968606512,1.7427661940757877,1.5882964561382695,1.452573920315489,1.3472446501721984,1.279558288334431,1.2371506204172582,1.1841537307935823,1.0743099548231931,0.8723586918019907,0.5803623787703659,0.26386349982747853,0.04495698187742791,0.020898461147610174,0.17174088056942302,0.3888701430481708,0.5755086472004466,0.6875691704811263,0.7159683654543313,0.6642364029860283,0.5442762019134352,0.3856865637589817,0.23274338160393926,0.1181230915937691,0.04803294872063768,0.013026099428235094,0.0010663254504365172,0.002140255221252559,0.008958164616118473,0.017501175321125235,0.027029200708427455,0.038462757025647165,0.052352487293770955,0.06794978053196947,0.08331296927682719,0.09600589871546196,0.10438842603589582,0.10944940956794304,0.1161126707237732
0.07585785652196653,0.9860459945551332,0.8555298929847179,0.7234460913299018,0.6104529632333044,0.5340310202476336,0.5098964519384028,0.5574345744005412,0.6977850526363293,0.9318030179521153,1.203063938241955,1.4053910386322017,1.470388553070333,1.4168928432497148,1.3012497072735718,1.1660734885052337,1.0305021956361893,0.8977345857133083,0.7639094206904257,0.6271594487932073,0.49520364592842625,0.38376852956894913,0.30806796421120836,0.28401308658162994,0.33585348000257476,0.48894919214805466,0.7434950603088999,1.0506406226038039,1.3268713017196463,1.5070862295118324,1.5753704033556966,1.545767513931177,1.4351704703210046,1.2594180845367247,1.0472821268992891,0.8471177580146126,0.6984085312852772,0.5979676364793265,0.5169178761419252,0.43530244674268775,0.35094076450760125,0.27439164025408896,0.22478032956517963,0.22344246004421375,0.28211931609920576,0.39811636361710695,0.5632132921789792,0.7716747712947524,1.016070970379327,1.2731327807492991,1.4924735480904594,1.6134624753360998,1.6126323510012777,1.5220801551455554,1.389547464770746,1.239375144856063,1.071101556490975,0.8804703930699644,0.6877967367545478,0.5609694244706626,0.5957487993109172,0.8308857379394683,1.1865852653276627,1.5102034869836292,1.6565111576626463,1.5428958498262475,1.19511401565601,0.7510426162551137,0.37713954702954167,0.1678055244676965,0.12343721505761139,0.1891178438092874,0.2944696123311014,0.37742452161693024,0.4010918707583243,0.36478830152412517,0.2950002032139169,0.2193298752929928,0.15132402398539743,0.09328075129788868,0.04404313635035046,0.007646415163157436,0.0064600201482873845,0.09087387522445609,0.321557556594337,0.7352431408137418,1.3424261625080594,2.1471549957657237,3.1393839595830775,4.24674653310085,5.291877212202319,6.046312304240211,6.377953656293144,6.321990909701438,6.003850905986546,5.539980179818199,5.001560430664864,4.421833681344799,3.8137651933418324,3.1865460361965114,2.5599906286338876
0.0759678899539749,0.04512870925835762,0.11184521619682172,0.26459355839671295,0.47930430027121346,0.7177118903912549,0.9400518155214583,1.1071291151529814,1.1763968450810156,1.1091052883044552,0.9043235398172332,0.630485707847941,0.3830761409300817,0.2088763466291696,0.10076582938782354,0.03654554528463919,0.005747244049147373,0.023942008487523987,0.14301136784000798,0.4410826806219911,0.9619616372115075,1.6365795270939618,2.299549990100791,2.794462040054472,3.0286594928107435,2.957341853781186,2.5774990430122062,1.9636436497779943,1.2863612834202123,0.7430905210738336,0.46676332398441595,0.5238730120569807,0.9734642777519231,1.8859127432493759,3.2446445266474386,4.767500920651115,5.957571145368309,6.506522433814635,6.470928196546015,6.039001319330272,5.332206257795885,4.398519274371474,3.3060907069677516,2.2233353742204196,1.3652264940316365,0.8491134679292649,0.6555249902179718,0.7059214110204255,0.9276578697631217,1.259654400155421,1.6273888333879323,1.9361297829616593,2.1145925430622126,2.159830472482767,2.1159681178520784,2.0216833419034033,1.8828865421506757,1.6725417204793005,1.3497892701930554,0.9081781559186335,0.4395212654432858,0.12545381775004172,0.12030558526916064,0.4708988815965226,1.1417914606510025,2.041897016831533,3.0161131194906456,3.873192287862321,4.470351741114435,4.761635057369792,4.76248824193528,4.497633470478078,4.000138591532135,3.376056630240112,2.8736776742044188,2.7947702918681756,3.2257979715960374,3.9289904959357242,4.534417954295515,4.748106767256995,4.431465993785702,3.631847271496018,2.615010489385182,1.7983642127442803,1.476419848715958,1.6009827335824676,1.9100147110379984,2.159459151478321,2.207888320006439,2.0130244046254466,1.6261973534958134,1.1722494867512225,0.7801671255409609,0.5134149801212873,0.36695056313509267,0.30609388538917626,0.2957033199871467,0.30891986653280845,0.32615797836254395,0.33314850182861383,0.3217085868322581
0.07607792338598326,0.15383065623601497,0.09127758070685736,0.14398880814665788,0.30401979135702123,0.5390136270420673,0.8132652100740484,1.0955192694383267,1.3485125488812149,1.517158302588844,1.5476661649591972,1.442914072489279,1.2733365927219795,1.1095789616887988,0.9820134214197831,0.8993133430029288,0.8724354544355789,0.9206694148457529,1.060640879671222,1.2798106747322442,1.5131639209527947,1.6703476526963834,1.7108863649161923,1.6743719682052822,1.6369546103270507,1.6609354476008495,1.7709110394371779,1.94972914653335,2.1554525865454095,2.3553152105035395,2.544922916011067,2.7360489052373462,2.931191853996341,3.098698396750648,3.159185100758864,3.025487884623372,2.7056197154237913,2.3246169100096195,2.006745387824893,1.7945941632493325,1.6607721015898653,1.5410007603798177,1.3726871146543649,1.1514501030979727,0.9594144090092216,0.9126618619634591,1.0910394875112999,1.5213527240112403,2.181331897306893,2.976086908435569,3.7031635145165898,4.100411769412907,4.0213547512582775,3.5461469987809973,2.873482586868697,2.1671421070758248,1.5138328285803035,0.9540181033962666,0.5173096987299178,0.23106689565359864,0.09358404868810016,0.04929342365465806,0.028802074177024448,0.018223946773719458,0.0697241439292222,0.25085206565074586,0.5764279973493499,0.9767569036459561,1.342241577603046,1.5965675808500452,1.7200035275670849,1.7259853138556716,1.6366423219938089,1.4784579160138518,1.2925930156791081,1.1362273629663404,1.0563335333727186,1.063862816285945,1.1399174646160442,1.2529560080876059,1.3628345106867032,1.4178021457627183,1.3676939596696016,1.2070589695784,0.9997959831408941,0.8231404368970011,0.7014914958497078,0.6137063782680136,0.5339244211532604,0.455379563045699,0.39045231186563517,0.35444710165437576,0.34857990160284424,0.3595657404286004,0.3716103406624637,0.37459045759617837,0.3645515502167196,0.3413205341695749,0.30659293476816135,0.26334366602879233,0.21636684695226477
0.07618795681799163,6.756336465448171,6.134743727022939,5.384705074183301,4.614686209424804,3.9339011582497814,3.4056879453925424,3.0404243730249703,2.80633928872699,2.639899406352749,2.469857583730145,2.2677211333499616,2.067861789932248,1.9172735675979178,1.8337602417981371,1.812134973933352,1.8399030541863057,1.9002693976991971,1.9653666434131414,1.9914449792866837,1.9344280499998023,1.7865623983216674,1.5882638237981352,1.390693824209975,1.2200085262901974,1.0785384425290685,0.9667543077035993,0.9011216203905082,0.9089017599935192,1.0035307801960758,1.1721304313183414,1.3848703896701418,1.602484697039499,1.770044409003168,1.815290600172997,1.689488264721845,1.4364642633604423,1.1749533974748796,0.9971867879314958,0.9273409714644009,0.945745328846936,1.0115970673880161,1.0741209734903796,1.0925285626474224,1.060374960039561,1.000386527083623,0.9331444316589534,0.8587918292829062,0.7613458695530538,0.6236166376158077,0.44637002562108985,0.26077951263155863,0.11260893828018124,0.02735355828280971,0.0002425296142989358,0.015036208474468366,0.06141239698100497,0.1399384223826386,0.2579793005684768,0.4162877087002563,0.5894278882795956,0.7239985517197752,0.7705169594514824,0.7133234078663678,0.5718767441308011,0.3908380969660863,0.2249996144457678,0.11246127892137574,0.05472251647634262,0.027661215220806504,0.009594360145486638,0.0010937759681407795,0.03255769131361034,0.15873078950868114,0.42467545866486256,0.8075300462780876,1.2044403601104372,1.5006635085580597,1.6267694936691752,1.5559237140532283,1.291490843051126,0.8873619029163881,0.49151629854549245,0.33108471120619015,0.5654884895242204,1.1638109331916027,1.985590591333208,2.9143595579600725,3.8816818854601918,4.815370337080624,5.601663707102429,6.125570259433553,6.355693214782235,6.356994866416206,6.219415815919353,5.997597698752373,5.700664491755332,5.307803289252978,4.78873664755629,4.1265810460783925,3.344116740877776
0.07629799025,0.6396072089635354,0.4362817788447904,0.24364243531440644,0.10309079296449684,0.03308789608355487,0.023900820635485428,0.04822922651135299,0.07509564433454366,0.08138463476187276,0.06190728313802655,0.032936365719159866,0.01824648732187737,0.030507850214112647,0.06972319857295817,0.1303836842877484,0.20383055877124612,0.275281894172184,0.3205316176376862,0.3114066518822255,0.23838599562921203,0.13275117284715035,0.04902142668231935,0.022507389633843848,0.05790063573297887,0.1512220683542005,0.31130331794531285,0.5588282619430638,0.9019211188471564,1.3146538301899722,1.7416664727267046,2.110312858950201,2.3291490345093444,2.290792423355063,1.9252329813902835,1.312700776502007,0.7040709876597845,0.3201093791232362,0.19635351935074538,0.2563795415707474,0.42608649647003716,0.6798942571103079,1.0420169614502552,1.551263756862003,2.1992639645586536,2.9053844733170897,3.5548638692972925,4.04197154456572,4.283419480329126,4.2217427059520345,3.8469755482132904,3.233766281571486,2.5328662952082572,1.8852609172809076,1.3530658626187868,0.9328162845986968,0.5998112539040991,0.33618957487518125,0.14079209220739594,0.026565446458695272,0.004298803870135195,0.06395159546593443,0.18176407017777896,0.346934914062283,0.5697583497746845,0.8628979721581799,1.2145156564899884,1.5793629920930305,1.90148277992807,2.1425348406577736,2.28445375331756,2.3129190781189903,2.2042278101611217,1.9328277400373641,1.509490103702459,1.0200560718931457,0.5913001249418038,0.30236604844973686,0.1555017817415627,0.11612520169465256,0.15835742716721604,0.2948904677420909,0.5885089745343427,1.114610249635757,1.872444578948073,2.7536232868307677,3.617156983443196,4.356725184023865,4.901842829573771,5.197542734014576,5.213071786521348,4.982957494567002,4.616644150283243,4.239140758358605,3.929351596096465,3.711180759853023,3.5745588501802557,3.493313379437978,3.4319427886295344,3.3473035726446585,3.1949093156670494
