period_days,time_minus_start_0.00000000,time_minus_start_14.56571204,time_minus_start_29.13142408,time_minus_start_43.69713612,time_minus_start_58.26284816,time_minus_start_72.82856020,time_minus_start_87.39427224,time_minus_start_101.95998428,time_minus_start_116.52569632,time_minus_start_131.09140836,time_minus_start_145.65712040,time_minus_start_160.22283244,time_minus_start_174.78854448,time_minus_start_189.35425652,time_minus_start_203.91996856,time_minus_start_218.48568060,time_minus_start_233.05139264,time_minus_start_247.61710468,time_minus_start_262.18281673,time_minus_start_276.74852877,time_minus_start_291.31424081,time_minus_start_305.87995285,time_minus_start_320.44566489,time_minus_start_335.01137693,time_minus_start_349.57708897,time_minus_start_364.14280101,time_minus_start_378.70851305,time_minus_start_393.27422509,time_minus_start_407.83993713,time_minus_start_422.40564917,time_minus_start_436.97136121,time_minus_start_451.53707325,time_minus_start_466.10278529,time_minus_start_480.66849733,time_minus_start_495.23420937,time_minus_start_509.79992141,time_minus_start_524.36563345,time_minus_start_538.93134549,time_minus_start_553.49705753,time_minus_start_568.06276957,time_minus_start_582.62848161,time_minus_start_597.19419365,time_minus_start_611.75990569,time_minus_start_626.32561773,time_minus_start_640.89132977,time_minus_start_655.45704181,time_minus_start_670.02275385,time_minus_start_684.58846589,time_minus_start_699.15417793,time_minus_start_713.71988997,time_minus_start_728.28560201,time_minus_start_742.85131406,time_minus_start_757.41702610,time_minus_start_771.98273814,time_minus_start_786.54845018,time_minus_start_801.11416222,time_minus_start_815.67987426,time_minus_start_830.24558630,time_minus_start_844.81129834,time_minus_start_859.37701038,time_minus_start_873.94272242,time_minus_start_888.50843446,time_minus_start_903.07414650,time_minus_start_917.63985854,time_minus_start_932.20557058,time_minus_start_946.77128262,time_minus_start_961.33699466,time_minus_start_975.90270670,time_minus_start_990.46841874,time_minus_start_1005.03413078,time_minus_start_1019.59984282,time_minus_start_1034.16555486,time_minus_start_1048.73126690,time_minus_start_1063.29697894,time_minus_start_1077.86269098,time_minus_start_1092.42840302,time_minus_start_1106.99411506,time_minus_start_1121.55982710,time_minus_start_1136.12553914,time_minus_start_1150.69125118,time_minus_start_1165.25696322,time_minus_start_1179.82267526,time_minus_start_1194.38838730,time_minus_start_1208.95409935,time_minus_start_1223.51981139,time_minus_start_1238.08552343,time_minus_start_1252.65123547,time_minus_start_1267.21694751,time_minus_start_1281.78265955,time_minus_start_1296.34837159,time_minus_start_1310.91408363,time_minus_start_1325.47979567,time_minus_start_1340.04550771,time_minus_start_1354.61121975,time_minus_start_1369.17693179,time_minus_start_1383.74264383,time_minus_start_1398.30835587,time_minus_start_1412.87406791,time_minus_start_1427.43977995,time_minus_start_1442.00549199
99.39214979085,10.00739485966674,13.657576198826398,16.66953043696401,17.788105340880577,16.404317487427072,13.009586781241488,8.685568755840064,4.373866683936915,0.584823312284014,,,,,,,,,,0.7545879768820178,0.046031959482112285,0.3249727197767569,0.6236940984083315,0.9850304930806627,1.4542663426071099,2.059786365251671,2.832696859439921,3.8052702343591505,5.006261052613711,6.452598397382459,8.136388524487648,10.007018238625308,11.950433408524074,13.771679649789162,15.191487089326818,15.869494615327966,15.460308986293706,13.691050213379691,10.417297877211201,5.5460023923164625,0.01704210977590502,,0.09939523000325164,0.09579515159404282,,,,0.1319209363770852,1.0208963255012662,2.223262902496611,3.932379450037261,6.395086180283634,9.765027508785598,13.616418914220784,16.333120271881974,15.880351069792809,11.65903294197707,3.8401064418737696,,,,,,,,,,1.428245093447102,6.398524808316831,12.27269949959694,17.644695145114067,24.65104602507179,33.73920946332627,45.06441539902223,58.59885142457629,74.28492321988216,92.40782712136462,114.09766434930332,141.58578473109839,177.98793329874445,228.06098589890732,298.9015034887653,391.4173986790154,483.94106502894346,534.5425343202733,516.4523369955443,443.35392409377437,350.764120623101,266.70142242434116,202.5606777384982,159.2126234015869,140.69501373445775,202.13133713643796,178.86405022531892,32.21831129430859,16.352200348936538,14.835054620091872,18.655174093122817,23.315602299468836,24.025132226983416,23.700855191853506
99.66939428120105,10.017480654996284,13.632697369221429,16.60760620751653,17.711761306727045,16.34908509804642,12.999114894764665,8.722251868737352,4.447012358468171,0.6812901981462557,,,,,,,,,,0.5754896605670169,0.047106249759711824,0.3396228726575692,0.6433161281931079,1.0084777230638347,1.4817295667421773,2.0912712246132665,2.8678236240397013,3.843097835746727,5.045116716043169,6.489981629781952,8.169073481273722,10.03152897059737,11.964064121967853,13.774093814529058,15.18658734689101,15.866784835889039,15.474700424833165,13.740356949427811,10.516648122295324,5.692824605704692,0.17197238776640084,,0.10763886732921996,0.0965071319426506,,,,0.15787234536111447,1.0530258896608495,2.263979377585461,3.983444005541773,6.455576393869252,9.828171546470628,13.670999773984446,16.38020837824223,15.94421651754655,11.766534328268008,4.024860714292373,,,,,,,,,,1.4794746778682575,6.696728951138548,12.508892939979129,17.906183163953003,24.942664482623574,34.0465653458711,45.37243093530293,58.90908588028254,74.64307611972359,92.93730000949225,115.02923278203723,143.26359281682886,180.81298857044558,232.3374599873576,304.6245064992132,398.09595013126847,490.68378321715335,540.6277999461428,521.7308122223351,447.9161559255908,354.59767552571054,269.74797763913955,204.8144691017022,160.51177330055344,139.00051621249588,182.68816479197747,151.7728427732845,28.208460275671403,15.254511845074228,14.6541053767599,18.63655266602275,23.304020709496776,24.02073991123761,23.700439208123285
99.94663877155209,10.027008425322329,13.607524247898061,16.545915991925163,17.635942582572845,16.294101261245615,12.988301719492219,8.758088753472089,4.519030514979124,0.7765038546602787,,,,,,,,,,0.42823871995913776,0.04857890491454074,0.35448919236099896,0.6631095196933907,1.032084532157997,1.5093271543501288,2.12284931640397,2.90298623777753,3.880890789851897,5.083862635449506,6.52719050291958,8.201550328136005,10.055848057943372,11.977574798933592,13.776486920676627,15.181719946178111,15.86400844903064,15.48867902901698,13.788631310113976,10.614100016664759,5.8365915599003655,0.32370989573095094,,0.11600050516543864,0.09766196126465727,,,,0.18402375970918355,1.0853873444241544,2.304923111401785,4.034669389847991,6.516076802913735,9.891130667215483,13.725301782476299,16.4270068569621,16.00760385843755,11.873171154781295,4.207680280710899,,,,,,,,,,1.532389918046632,6.993266198039917,12.743655165974777,18.16560987257436,25.22998227908558,34.34708246965683,45.67164895285633,59.21031444033161,74.99473902780258,93.46573167135509,115.96775797303503,144.95890039458945,183.66916710060835,236.6593081605891,310.3945110559577,404.7884321911361,497.3688502739666,546.5822399038061,526.8501161820043,452.34324402809006,358.3438012467998,272.74739280154444,207.02565042842699,161.62008167132336,136.176773704311,160.69277630338996,126.06084678477697,24.584447714038003,14.141892363463976,14.43377133534491,18.6089994574716,23.29143059922445,24.016239957428873,23.70000537579703
100.22388326190314,10.035994121895357,13.582078810063656,16.484477758261058,17.560660858211126,16.239378309560976,12.977163741269441,8.793098266782046,4.589941061837622,0.8704865772316871,,,,,,,,,,0.3102455759507494,0.05054899566960087,0.3695866223982792,0.683073495920496,1.0558490159657292,1.537056656573412,2.1545178445652717,2.938181874393633,3.9186466764861514,5.122497274827549,6.56422471981807,8.233820004521512,10.079977128377978,11.990966763327108,13.778859212149586,15.176884659064942,15.861167657500372,15.502254023321727,13.835893365675824,10.709688005910918,5.9774183257764,0.47260449919548286,,0.12447673886055699,0.09924041367525419,,,,0.21037564855484703,1.1179796221016411,2.346091640740368,4.086051923336573,6.576583617604552,9.9539032106066,13.77932595748763,16.47351759916119,16.07051641413394,11.97895088615386,4.3885983995860265,,,,,,,,,,1.5869538535268528,7.2853008117175575,12.976637782904538,18.422830034600747,25.512903638144465,34.640776514102036,45.962271125859644,59.50294056061275,75.34041727547512,93.99352711085174,116.91330639893613,146.67115110537327,186.55481191482056,241.02291826145733,316.2047015482671,411.4839138905793,503.98242238690233,552.3924192797556,531.7995198417385,456.62727953575904,361.9968259667125,275.69537332990336,209.1884840188175,162.52141925774686,132.33565712060508,138.7127797235937,103.40549981275383,21.365523156718563,13.04159877512934,14.174420143430973,18.571390424650424,23.277546410524344,24.01159404088556,23.699549004390416
100.50112775225418,10.044453369524726,13.556382151688263,16.423308299573687,17.48592672646139,16.184927707278344,12.965716836004633,8.827298841293569,4.659763492086243,0.9632600573390062,,,,,,,,,,0.21928695871349094,0.053107566259483624,0.38492962969673117,0.7032072688728698,1.0797692542641575,1.5649156213642446,2.1862740266518266,2.973407738110358,3.9563631181972734,5.161019143169303,6.601084017293547,8.265883461474882,10.103917799224764,12.004241322423823,13.78121092936111,15.172081258130016,15.858264605196739,15.515434424655796,13.882162849436622,10.803446745199567,6.115423658377983,0.6189409670946007,,0.1330647158937883,0.10122595606454513,,,,0.2369284704777498,1.150801626436351,2.3874824856707546,4.137587936243534,6.63709309451691,10.016487569693764,13.833073328501417,16.51974248877503,16.13295750301498,12.083880877486735,4.567647399896456,,,,,,,,,,1.6431239672206617,7.570039101563079,13.207527471770884,18.67770610030298,25.791344691729932,34.92767917341195,46.24451347776468,59.78737203678389,75.68060611005522,94.52106936111585,117.86591031910972,148.39972071242317,189.46810713214205,245.42433637640943,322.0476658434033,418.1706938435426,510.5100001949735,558.0445981619645,536.5682801748603,460.76042785419907,365.55111130262287,278.5875865979247,211.29716680549694,163.2018051864018,127.63619192226366,118.39525279268838,84.34719399076675,18.540085966302357,11.974899944238214,13.87728059564135,18.522616774685623,23.26206354584683,24.0067599319533,23.69906483689939
100.77837224260523,10.052401465796464,13.530454515838652,16.36242328794001,17.411749742268707,16.130760092518216,12.95397628924818,8.860708493094405,4.72851689381583,1.0548454062322836,,,,,,,,,,0.15347756505013968,0.05633721044346078,0.4005319564023501,0.7235100314618675,1.1038433116859638,1.5929015943295937,2.218115094482269,3.0086610639165055,3.9940377800761047,5.199426793843562,6.6377681651622655,8.29774166106563,10.127671677318782,12.017399767087701,13.783542309282026,15.167309516692045,15.855301378812198,15.528229047753992,13.927459166605855,10.895411081401303,6.2507287414145605,0.7629422848829822,,0.14176209480075697,0.10360444547528204,,,,0.26368266495945303,1.183852231546898,2.4290931499963855,4.18927376932625,6.697601536721424,10.078882190195149,13.886544936206706,16.565683402399788,16.19493043953527,12.187968378336839,4.744858712667519,,,,,,,,,,1.7008556405285837,7.844869704419302,13.436052116056691,18.93010887835276,26.0652334897846,35.20783749996501,46.518604964027965,60.06401929782818,76.01578948512847,95.04871897626194,118.82556728423219,150.1439155332758,192.4070738265982,249.85925862782227,327.9153867643425,424.8363079834727,516.9364678260229,563.5247875413975,541.1456871619847,464.73495924297924,369.00107070431426,281.41967642521763,213.34587770643682,163.6498352996018,122.26638866063827,100.51361914393514,68.74565030313468,16.079372495978056,10.957165982280484,13.5444260480656,18.46159984339501,23.244657438592448,24.001691055913135,23.698546964504995
101.05561673295628,10.059853380935142,13.504315318736468,16.3018373266,17.33813847923383,16.076885317631003,12.941956815346218,8.893344829339231,4.796219960167803,1.1452631774374369,,,,,,,,,,0.11124360440839975,0.06031209846148362,0.4164063883310652,0.7439809489587477,1.1280692383532551,1.6210121195559546,2.250038294768606,3.043939117829265,4.031668369551959,5.237718823972406,6.67427696545581,8.329395575824638,10.151240358921854,12.030443371981718,13.785853585494747,15.162569208856882,15.852280009423513,15.540646510396881,13.97180140211382,10.985616024974274,6.383455838603713,0.9047743254200752,,0.15056700808035875,0.10636387092364627,,,,0.2906386420401393,1.2171302805612119,2.4709211216537676,4.241105774506632,6.758105293871526,10.141085569706325,13.939741832036589,16.61134220914088,16.25643853360462,12.29122053653777,4.920262901364053,,,,,,,,,,1.7601071648235658,8.107506322456825,13.661986026610368,19.179918148146477,26.334509957630637,35.481313203421465,46.784786072171464,60.33329380235477,76.34643898066793,95.57681360277883,119.79223968454545,151.90297099165042,195.36956639252364,254.3230246072565,333.79923777259387,431.4675451573318,523.2461413560532,568.8188120062791,545.5211138737747,468.5432804698532,372.34118846759117,284.1872787342013,215.32882870761938,163.8570497737414,116.4240538372334,85.23905626342807,56.15738010394917,13.946809674889384,9.998484841404398,13.178713610712277,18.387306800049874,23.224982384017746,23.996335953830787,23.69798872033489
101.33286122330732,10.06682375826474,13.477983175519558,16.2415640001839,17.26510058361526,16.023312487976323,12.929672576174141,8.925225055868262,4.862890998987539,1.2345333881344527,,,,,,,,,,0.09129617732845802,0.06509845864522235,0.43256454554469764,0.7646191501769779,1.1524450704670715,1.649244740416298,2.2820408897233797,3.0792391971365993,4.069252636172323,5.275893873807951,6.710610251649805,8.360846188199305,10.174625429636396,12.043373395783034,13.788144988255397,15.15786010955381,15.849202474033316,15.552695238427722,14.015208327444606,11.074096711456235,6.513726881789546,1.044551448321348,,0.1594780292670758,0.10949413317568522,,,,0.3177967701537726,1.2506345839303261,2.512963873047674,4.293080315490331,6.818600762270479,10.203096256908962,13.992665077707809,16.656720770468535,16.31748508998763,12.393644401842849,5.093889691200855,,,,,,,,,,1.8208466569188406,8.356120276560864,13.885154084331951,19.427023200750142,26.59912580256331,35.748181912506936,47.04330744743852,60.59560653940806,76.6730128465201,96.10566762398012,120.76585433887978,153.67605030817356,198.35326949043466,258.8106126923086,339.68998339787316,438.0504712870967,529.422827059796,573.9123790959969,549.6840693675639,472.17796736047325,375.5660392811637,286.88603831272906,217.2403190556576,163.81821945855614,110.29987329681711,72.41200461297532,46.06250878391345,12.10384997788752,9.104546512972698,12.783682665535224,18.29876679825482,23.20267009290645,23.99063763083863,23.69738254761064
101.61010571365837,10.073326915213443,13.451475925643127,16.181615923078567,17.192642825920995,15.970049999097812,12.91713719942179,8.956365984828707,4.92854794214204,1.3226755394734422,,,,,,,,,,0.0926004398415062,0.07075552201577535,0.4490166996368253,0.785423718619479,1.1769688308577066,1.6775970003572525,2.314120157645314,3.114558630617108,4.106788371371923,5.3139506261086735,6.746767887902556,8.392094490020568,10.197828464335755,12.056191081385396,13.7904167445466,15.153181994573831,15.84607069706728,15.564383470588476,14.05769840637844,11.16088835256471,6.641662028702235,1.1823426451356434,,0.16849414415991165,0.11298685698355294,,,,0.34515736214142223,1.2843639174143708,2.555218861318958,4.345193768359758,6.8790843849213035,10.264912850784953,14.045315744771347,16.701820940079944,16.378073407714016,12.495246929407937,5.265767997408634,,,,,,,,,,1.8830612606778057,8.589450441097172,14.105434654303325,19.671323297329714,26.859044371624215,36.008532406252925,47.29442855134108,60.85136663446908,76.9959551624228,96.63557187124049,121.74630212607296,155.4622433496523,201.35569565273704,263.31663749473813,345.5777849521631,444.57046275104557,535.4498896923538,578.7911550583804,553.6242540661038,475.63179804390853,378.67030821141606,289.5116265998283,219.07479181350845,163.5315341575339,104.06485901027926,61.7319861365412,37.97375848822927,10.51329689350751,8.277596545385931,12.36342015234986,18.19508713551317,23.177327925015494,23.984532767600605,23.696719836859064
101.88735020400941,10.079376844826447,13.424810657902661,16.12200478594768,17.12077115014056,15.917105572367317,12.90436379643579,8.986784042289443,4.993208354535895,1.4097086358875,,,,,,,,,,0.11433344532724873,0.07733694838379447,0.4657716212920234,0.8063936838299104,1.2016385295012857,1.7060664436678066,2.3462733934839464,3.1498947787420737,4.144273408226437,5.351887805515575,6.782749768305108,8.423141481985638,10.220851027093213,12.06889765611045,13.79266907813428,15.148534640607776,15.842886551822776,15.575719263153273,14.099289799624637,11.246026177069158,6.767378225029874,1.3181779054868838,,0.1776147260877566,0.11683523113662483,,,,0.3727206594658905,1.318317019736355,2.5976835285415656,4.397442522141924,6.939552651553086,10.326533999829605,14.097694914177026,16.746644563765123,16.438206779511955,12.596034983110977,5.4359259524913135,,,,,,,,,,1.9467690479894297,8.806880263910212,14.322761165011112,19.912728034984525,27.114240462694493,36.26246582133503,47.53841635952596,61.10098006027639,77.31569510755591,97.16679339617643,122.7334376608686,157.2605656575548,204.374183630282,267.8353496889573,351.4522120490588,451.0122495547574,541.3103308882015,583.4408466235803,557.3316172243314,478.89778667230405,381.64881101869844,292.059760391155,220.8268919152854,162.9986814018042,97.86285293811167,52.86625469916281,31.47628425906244,9.14098726943783,7.517331462063191,11.922403038414798,18.075468944017818,23.14853677503509,23.97795078256389,23.69599073084083
102.16459469436046,10.08498721774476,13.398003735026608,16.06274140046905,17.049490720710946,15.86448628912255,12.891364979625493,9.016495275838725,5.056889442819621,1.4956512034591,,,,,,,,,,0.1558190276352645,0.08489276596376633,0.4828364605863865,0.8275280131878687,1.2264521640103272,1.7346506162297046,2.3784979093825083,3.1852450338555482,4.181705621197238,5.389704177928426,6.818555816144225,8.453988173155143,10.243694671123727,12.081494331908422,13.79490220962113,15.143917825278773,15.839651861866573,15.586710494341206,14.140000368287136,11.329545361767702,6.890987806003939,1.452054541273305,,0.1868395150326569,0.12103387240697899,,,,0.400486814676724,1.352492589903378,2.640355301847733,4.449822979348792,7.0000020986316365,10.387958401271758,14.149803675839857,16.79119347927977,16.49788849124863,12.69601533872584,5.604390932521649,,,,,,,,,,2.012034060931795,9.00847534362941,14.537122290153352,20.15115761127403,27.364700091336093,36.51009484186666,47.77554410446137,61.34484845116402,77.6326463325032,97.69957529846928,123.72707901690838,159.06995767682884,207.40589756179133,272.3606384673997,357.30226041930905,457.35996875363765,546.9868775893049,587.8472882689758,560.7964160271407,481.9692173715734,384.4965146877635,294.5262213389195,222.4915247544547,162.22481070465682,91.80765653427697,45.502469913362575,26.23358727645323,7.956468263320674,6.821669433329213,11.465330018254893,17.93922192544893,23.115848583135172,23.970812718067734,23.695183884692636
102.44183918471151,10.090171384594564,13.371070817823348,16.0038357423045,16.978805967302815,15.812198623355018,12.878152879399728,9.045515362149818,5.119608063832623,1.580521307395239,,,,,,,,,,0.21642214344760072,0.09347186898333446,0.5002166613866205,0.8488256043827777,1.2514077201054232,1.7633470662484905,2.4107910352004778,3.2206068203370437,4.219082925863005,5.427398549883564,6.854185983174158,8.484635580463415,10.2663609387257,12.09398230556366,13.797116356499007,15.139331327169682,15.836368402391455,15.597364868532122,14.179847676157168,11.411480953082034,7.012597171889977,1.5839432668688562,,0.19616860040798528,0.12557871008227628,,,,0.4284558722009904,1.3868892841991185,2.683231593477467,4.502331556489896,7.060429309349326,10.449184800293242,14.201643128226216,16.83546951622322,16.557121821397327,12.795194686949454,5.77118958249838,,,,,,,,,,2.0789849666543017,9.194979747594704,14.748560715578975,20.38654298032564,27.61042021597804,36.75154287772921,48.006090067553075,61.58336801889415,77.9472064264883,98.23413660433518,124.72700749980581,160.88928420683405,210.44782704799175,276.88603686159996,363.11637646861675,463.5972284543189,552.4620802178067,591.9965343088098,564.0092758022788,484.83967816090524,387.2085580454511,296.90687609912993,224.06391425958685,161.21838522385062,85.9837121568621,39.36908420240837,21.979506370148094,6.93309837069714,6.187373113117659,10.996954616942308,17.78577766394092,23.078783463065328,23.9630299301301,23.69428618189067
102.71908367506255,10.09494237877529,13.344026888857583,15.94529699236009,16.908720627481262,15.760248472996329,12.864739160680475,9.0738596145084,5.181380732773806,1.6643365686568918,,,,,,,,,,0.2953793300349539,0.10312512152503044,0.5179159101346728,0.8702852787862257,1.2765031720763311,1.792153344966211,2.4431501190155993,3.2559775947459397,4.25640327864079,5.464969767931742,6.889640248903287,8.515084728240533,10.288851361233835,12.10636275888765,13.799311733202803,15.134774925857316,15.833037901517056,15.607689920242882,14.2188489908084,11.49186777995928,7.1323055696710265,1.7137938893661167,,0.20560240728535367,0.1304668882971078,,,,0.4566277475637619,1.421505712855978,2.7263098007528903,4.554964684556282,7.120830913596663,10.510211989255101,14.253214377938027,16.879474495922004,16.61591004050776,12.893579636286647,5.936347840811533,,,,,,,,,,2.1478378346631946,9.36777401133214,14.957170517753319,20.618825895228067,27.851408424206394,36.986943237175915,48.23033642451321,61.816928567248276,78.2597564728418,98.77067219127173,125.73296747377455,162.7173340963812,213.4967882111078,281.4047301554215,368.8824889629789,469.70718256234437,557.718420096546,595.8749550002536,566.961250777281,487.5030945621498,389.7802723285445,299.1976969600124,225.53965935722553,159.99092953520122,80.4490800600507,34.23932958290059,18.506123186639773,6.047844518579401,5.610528358507842,10.521930601258292,17.614701117722802,23.036826462328417,23.954502560341812,23.693282396222656
102.9963281654136,10.099312919586529,13.31688627563035,15.88713357637082,16.839237787353238,15.708641189831221,12.851135038939514,9.101542990300983,5.2422236311277945,1.7471141797965821,,,,,,,,,,0.391541831112217,0.11390909804672283,0.5359361183234825,0.8919057759204845,1.301736483242261,1.8210670073570812,2.475572527606388,3.2913548459457864,4.293664676499307,5.502416718018572,6.924918619888304,8.545336647752153,10.311167458974925,12.118636858921104,13.801488551158162,15.13024840193619,15.829662041551098,15.617693017904234,14.25702128350304,11.570740358944505,7.250204009857297,1.8415405120519446,,0.2151416858742561,0.13569668381036812,,,,0.4850022051718796,1.4563404364200903,2.769587305976865,4.607718809476168,7.181203587914291,10.571038806925593,14.304518539315305,16.923210231319135,16.67425641070463,12.99117671580854,6.099890962838672,,,,,,,,,,2.218923605175785,9.528801699829922,15.163093220419807,20.847958833364082,28.08768258311033,37.21643829907653,48.448568146923755,62.045912602081344,78.57066068577906,99.3093527550196,126.74466624558136,164.55282020493667,216.54942581795876,285.90956759807614,374.58804814908694,475.6726162570334,562.7384253940396,599.4693357196907,569.6438847608068,489.95376260615365,392.2072015574215,301.3947827656385,226.91478769767141,158.55668818435214,75.23958444751295,29.92791410751238,15.651832149317098,5.28093905992728,5.0868963507849365,10.044678273413979,17.425699985391343,22.98942399367298,23.945117763445115,23.69215479064436
103.27357265576464,10.103295415672543,13.28966267325663,15.82935320287075,16.77035992024862,15.657381608116395,12.837351295813312,9.12858009843863,5.302152614351325,1.8288709200407618,,,,,,,,,,0.503026186603438,0.12589043169010525,0.5542774371114989,0.913685749188346,1.3271056064179847,1.85008561280419,2.5080556469125512,3.326736095213409,4.330865156657595,5.539738324865927,6.960021129042671,8.575392376747615,10.333310741230289,12.130805758125021,13.803647018833477,15.125751537041737,15.826242460193045,15.627381367385816,14.294381227936352,11.648132792470715,7.366374342946057,1.967106195489647,,0.2247875040762881,0.14126743724386864,,,,0.5135788348239543,1.4913919618283746,2.813061476255258,4.660590392540025,7.241544055427396,10.631664137712367,14.355556734042041,16.966678526866538,16.73216418519278,13.087992377774802,6.2618435437118904,,,,,,,,,,2.2927209156432276,9.680473916483107,15.366512631013546,21.07390480346966,28.319270456716463,37.44017868976373,48.66107196224071,62.270694533104766,78.88026612177727,99.85032481526076,127.7617740099835,166.3943796520588,219.6022165408489,290.3930776003248,380.22007252274494,481.4760419660688,567.5047946372654,602.7669781332116,572.0492710873262,492.18638093206135,394.48512256334885,303.4943799327315,228.18580552886132,156.93221429649267,70.37327872626727,26.28514435128314,13.291092191131634,4.615490591568479,4.61216173836025,9.569277293548499,17.218631787968594,22.93598003036515,23.93474767128295,23.69088264773205
103.55081714611569,10.10690196875015,13.262369166608565,15.771962899569719,16.70208892353509,15.606474071913807,12.823398294258173,9.154985206727607,5.361183219335007,1.909623169666393,,,,,,,,,,0.6268243340488601,0.13915061234523107,0.5729383018147135,0.9356237629934274,1.3526084843962063,1.8792067257593321,2.540596882478599,3.3621188963294824,4.368002796280098,5.576933551355171,6.994947834955597,8.6052529590225,10.355282706203983,12.142870594575477,13.805787341788827,15.121284113873116,15.82278075169945,15.636762015309298,14.330945197840583,11.724078661564832,7.48088851481329,2.0904070536620085,,0.23454124295828624,0.14717949610699133,,,,0.5423570271413797,1.526658738221506,2.856729663247252,4.713575910796858,7.301849085761915,10.692086910899512,14.406330090763948,17.009881178425395,16.7896366077804,13.184033000139861,6.422229540281429,,,,,,,,,,2.369895116337561,9.825561973537559,15.567648586482074,21.29663703529818,28.546209293673748,37.65832246903776,48.8681353737709,62.49163996329291,79.18890245909732,100.393710756932,128.7839238610519,168.2405743765658,222.65147342523997,294.84748656602096,385.7652033468127,487.099805383042,572.0005266000175,605.755802167219,574.170111132606,494.19608166992913,396.6100645120171,305.4929033445374,229.34974264809819,155.13591042885383,65.85467928810284,23.190699351256182,11.326162792220247,4.0370992700113195,4.182099430195909,9.099388631702976,16.993508666235552,22.87585220452567,23.92324706724114,23.689441721691498
103.82806163646674,10.110144377585586,13.235018251940023,15.714969048212726,16.634426153627746,15.555922461216257,12.809285993273688,9.180772249165324,5.419330671653005,1.9893869237044433,,,,,,,,,,0.7585366606195524,0.15379084359493178,0.5919155034661998,0.9577182913304191,1.378243050451133,1.9084279163862932,2.5731936598764,3.397500835652858,4.405075712159009,5.614001397913949,7.029698821219879,8.634919443993784,10.377084840992339,12.154832492151225,13.807909722721421,15.116845916210279,15.819278467992484,15.645841852125953,14.366729263507484,11.798610914323088,7.593808014469567,2.2113557880687456,,0.24440459501330397,0.15343416819309796,,,,0.5713359481456621,1.5621391525225994,2.900589202842835,4.766671857419782,7.362115494941306,10.752306099888186,14.456839744714514,17.052819973168372,16.846676912422048,13.279304888942761,6.581072292308327,,,,,,,,,,2.451344568861652,9.967087713916325,15.766749758861854,21.516138554982938,28.768545388420527,37.871034329429165,49.07004574149727,62.70910506151069,79.49688183925869,100.93960890449733,129.81071187404802,170.08989202642144,225.69335162625902,299.2647414738044,391.20976689261715,492.5262008276078,576.2090551444546,608.4244474843036,575.9997706862883,495.97845979325143,398.5783277622293,307.3869568943217,230.40419144185842,153.18754490709412,61.678470192091595,20.54798244176005,9.680651816571041,3.533501527503366,3.792680139374354,8.638205494821218,16.75050007460005,22.808348023747847,23.91045075936614,23.687803603289368
104.10530612681778,10.11303414220277,13.207621857961673,15.658377417942395,16.56737245926861,15.505730216879726,12.795023962189608,9.205954833170559,5.47660989260918,2.0681778050135855,,,,,,,,,,0.8925220738048214,0.16993620316900196,0.6112042842390182,0.9799677178750879,1.4040072288717047,1.9377467611865455,2.605843425108729,3.432879532179433,4.442082060390248,5.6509409019039385,7.064274195776677,8.664392886285752,10.398718621564216,12.166692560723408,13.810014361515726,15.1124367289279,15.815737119722817,15.654627614966966,14.401749187300757,11.871761751666044,7.705183521497462,2.329864681290567,0.03957761623857695,0.2543795651041356,0.16003368415358818,,,,0.6005145132388403,1.5978315248179655,2.9446374147751047,4.819874742042426,7.42234014526741,10.81232072144142,14.507086837347519,17.09549668949263,16.903288322766635,13.373814280576694,6.738394542908778,,,,,,,,,,2.538255725475415,10.108219092025374,15.964085684050946,21.73240165125674,28.986333619130424,38.078484812432066,49.26708942404612,62.9234360138277,79.80449876462689,101.4880936269254,130.8416972626926,171.94074719931368,228.72385546743638,303.63653627976123,396.5398442369796,497.7375949938263,580.1143873779087,610.7623730901008,577.5323334591822,497.52960063075534,400.38650189642794,309.1733534441975,231.34733913799948,151.1077661690084,57.83256411516328,18.279345428463806,8.294561291141637,3.094254306096738,3.4401313137100846,8.18843088836381,16.489933711376498,22.732721509690244,23.896170628651447,23.68593498712215
104.38255061716883,10.115582468283383,13.180191366377462,15.602193197239128,16.500928213154218,15.455900364438504,12.780621394526712,9.230546246722502,5.533035506083921,2.146011076753084,,,,,,,,,,1.0227656770604816,0.18773786146558066,0.630798453276613,1.0023703375427946,1.429898935525567,1.9671608436097654,2.638543644996071,3.468252637583687,4.479020036041289,5.687751137012863,7.098674090265028,8.6936743453332,10.420185512741861,12.178451896337831,13.812101455284374,15.108056338011574,15.812158177287753,15.663125890266006,14.436020418239329,11.943562511956305,7.8150547543598154,2.4458480843369834,0.08442028212256086,0.26446847400988066,0.16698116824154557,0.0015632904834475259,,,0.629891360874697,1.633734103581611,2.988871602169388,4.873181091066026,7.482519945182667,10.87212983493494,14.557072515982469,17.137913096926656,16.95947405173108,13.467567343960564,6.894218458286893,,,,,,,,,,2.6321690817879606,10.252176092207405,16.15993818327503,21.94542723974598,29.199636965749942,38.280849544949405,49.45955098158031,63.13496854877184,80.11203004656849,102.03921547153902,131.87640261677765,173.79148305266204,231.7388468649097,307.9543421615987,401.7413482929984,502.71655787711774,583.7012432915909,612.7599536421384,578.762651007378,498.84610523356724,402.03148275994806,310.84913396089354,232.1779925395818,148.9176354077765,54.300520719444364,16.32219591429937,7.120513455865471,2.710460835233996,3.1209665885371947,7.752277984764038,16.212295153134566,22.64817066623594,23.88019235358154,23.683796829990463
104.65979510751987,10.117800271740357,13.152737631867241,15.546421024456928,16.435093341973133,15.40643553681366,12.766087121430074,9.254559465425979,5.588621845203146,2.2229016542932354,,,,,,,,,,1.1444448154750095,0.20737158709644013,0.650690519337008,1.0249243594240136,1.455916078458451,1.9966677546474578,2.671291807542432,3.503617836247312,4.515887872811822,5.724431212648987,7.1328986593859804,8.722764884985558,10.441486968186572,12.190111581400318,13.81417119841761,15.103704530562165,15.808543071795487,15.671343116169352,14.469558085750704,12.014043556204205,7.9234505149249275,2.559224440132509,0.1281882279123773,0.27467396452175424,0.17428061637445288,0.012597532888704476,,,0.6594648262381348,1.669845060791184,3.0332890510378534,4.9265874479370675,7.542651849115188,10.931732541610712,14.606797933452006,17.180070956054287,17.01523730108226,13.560570182603636,7.048565646770106,,,,,,,,,,2.73505893657757,10.402149377509058,16.35459234672289,22.155224134441895,29.408526011471373,38.478308498777594,49.64771243891026,63.344027531798375,80.41973479902154,102.59300132522255,132.9143142252031,175.64037330015734,234.73405514844023,312.2094415688662,406.8001075894945,507.44599941922155,586.9551948845121,614.408571006398,579.6863883733055,499.9251133054109,403.510488348338,312.4115855912567,232.89559468115283,146.63819444612423,51.063386562488304,14.62588739959216,6.1208837190606955,2.3745358490497277,2.8319937840078313,7.331488685201754,15.918226706322695,22.553836303490932,23.862271806634546,23.68134339419697
104.93703959787092,10.119698183448175,13.125271001521892,15.491065017026505,16.36986735492836,15.35733799598585,12.751429624690717,9.278007159480218,5.643382958823229,2.2988641165892587,,,,,,,,,,1.2555651788222737,0.22903044383178303,0.6708718366015137,1.0476279109359168,1.4820565585265477,2.0262650934117987,2.704085422284912,3.5389728452713753,4.55268384268819,5.760980273338787,7.166948080277213,8.75166557313406,10.462624430392967,12.20167268485803,13.816223782621496,15.099381094803547,15.804893195985677,15.67928558472321,14.502376992720027,12.083234155611889,8.030388919232612,2.669917889755676,0.17089430105250997,0.2849990100598027,0.18193688079912473,0.023682162150175743,,,0.6892329152794674,1.7061624869895082,3.0778870297261554,4.98009037339737,7.602732857307318,10.991127983838217,14.656264247765401,17.221972018434354,17.07058126103447,13.652828836571256,7.201457177183,,,,,,,,,,2.8494310395304363,10.561231591509049,16.548327244007304,22.36180823712865,29.613078430975794,38.67104527555735,49.83185260772711,63.55092662421798,80.72785447265608,103.14945460185787,133.95488248940995,177.48562461009877,237.7050882970497,316.392965982732,411.7019561459196,511.9093101758703,589.8628026490857,615.700699613499,580.3000647768685,500.7643234205818,404.8210733863855,313.858258445437,233.50023303869148,144.29008172873986,48.1010473473289,13.149261238296388,5.26562147816509,2.080006288033666,2.5703088959236213,6.927365583247869,15.608525931189476,22.448802882829924,23.842131141933223,23.678521157087307
105.21428408822197,10.121286554096878,13.097801333736761,15.436128799367236,16.3052493708035,15.308609653651299,12.736657049362906,9.300901700557391,5.697332617851289,2.3739127170517924,,,,,,,,,,1.3576834841784997,0.2529098719249463,0.691332759986408,1.0704790429641569,1.508318270057151,2.0559504676976648,2.736922020625643,3.5743154144749103,4.589406255588838,5.7973974981286345,7.200822551898717,8.780377481341603,10.483599330677892,12.21313626237356,13.818259396965146,15.095085820083652,15.801209905099194,15.686959443871023,14.53449160796579,12.151162383265325,8.135877799939626,2.777859509446195,0.21255394430669308,0.2954469258070599,0.18995566075573442,0.0348068265402141,,,0.7191932794772105,1.7426843863518553,3.1226627883219282,5.033686445707777,7.6627600156283915,11.05031534437749,14.705472621772211,17.263618026528572,17.125509109862772,13.744349284356879,7.352913596574808,,,,,,,,,,2.978443715975681,10.732359203006284,16.741406518103755,22.56520165711663,29.813378468742982,38.85924641920993,50.01224646648417,63.755968001846355,81.03661292519935,103.70855545521006,134.99752243226624,179.32537941844802,240.64744559190288,320.4959372234109,416.4328286200429,516.09050409894,592.4117472152027,616.629984206535,580.6010887365171,501.36201027544155,405.9611424499674,315.18698086505094,233.99263912900435,141.89320503430838,45.39318774149687,11.8587137444278,4.530589559305812,1.8213429391687783,2.3332814969077718,6.540812825447508,15.284144107522193,22.33210216455782,23.819454603524775,23.67526758444708
105.49152857857301,10.122575459149738,13.070338016545001,15.381615529536944,16.241238143639098,15.260252090916136,12.721777215966846,9.323255168583753,5.750484321398513,2.448061393939981,,,,,,,,,,1.4552076998483816,0.2791847358139658,0.7120628062880491,1.0934757356992282,1.5346991015318154,2.0857214945306617,2.769799156145812,3.609643326379384,4.626053459007771,5.833682099990721,7.234522294428648,8.808901684487614,10.50441308918689,12.224503356507453,13.820278227917534,15.090818496877167,15.797494517705822,15.694370699243454,14.565916058288074,12.217855011777914,8.239915262149047,2.8829882256886896,0.253184859651942,0.3060213823826998,0.1983434986347489,0.04596044432230049,,,0.7493431917276862,1.7794086718238966,3.1676135580358915,5.087372260845758,7.7227304153709655,11.109293845650278,14.754424222841527,17.30501071363234,17.180024013529444,13.835137444667174,7.502954947333142,,,,,,,,,,3.1260599616076057,10.918261267784622,16.934069009763665,22.765431774830333,30.0095164106949,39.0431007575048,50.18916459619655,63.959442128777155,81.34621652381695,104.27026101669455,136.04161430720433,181.15771916694823,243.556531672675,324.5093120751634,420.97885974086574,519.9743613466705,594.5909539205712,617.1913086471374,580.5877870607861,501.7170387468391,406.9289614902968,316.39587296847725,234.37417954216272,139.46647536650633,42.91994647155282,10.72667869532166,3.896294006961699,1.593818538661386,2.118535406727882,6.17238195441317,14.946184580635503,22.202720564158085,23.793884111770726,23.67150975156877
105.76877306892406,10.123574703903156,13.042889985425555,15.327527924694673,16.177832087092,15.212266577058449,12.706797632319326,9.345079358421403,5.802851302779171,2.5213237803009436,,,,,,,,,,1.5537529184631242,0.30798063958457295,0.7330508174557645,1.1166159048053885,1.561196936278384,2.1155758006978784,2.802714404903039,3.644954396180361,4.66262383764903,5.869833325230795,7.268047548671631,8.837239260422345,10.525067114889978,12.23577499688611,13.822280459390512,15.086578916774181,15.793748316481615,15.701525215782269,14.596664120255285,12.283337418668037,8.342490371562972,2.9852514535279404,0.2928067074591014,0.3167264221003818,0.207107781203514,0.05713130876317248,,,0.7796795237822035,1.8163331604020563,3.2127365505664476,5.14114443268045,7.782641193031217,11.168062749014974,14.803120222539727,17.346151803812482,17.23412912532355,13.92519917811594,7.651600783693835,,,,,,,,,,3.2972402725382626,11.121410465075318,17.126519549661523,22.962530263880783,30.201588052350214,39.22279877404129,50.36287267011724,64.16162758177352,81.6568542758454,104.83450565784031,137.08650431231283,182.9806679737413,246.42767196584165,328.4240299289014,425.32648688378646,523.5465688985563,596.3907081036184,617.3808545557199,580.2594272252213,501.8288745602915,407.72316763274944,317.48335828346376,234.64683865649005,137.02760278338354,40.66234165478771,9.730435175599878,3.3469079732374647,1.393388245554907,1.9239273175348859,5.822319565894605,14.595900486973548,22.05961120022614,23.765014713018065,23.667162803192518
106.0460175592751,10.124293828611394,13.015465740560746,15.273868285394466,16.115029297507576,15.164654087405427,12.691725504962003,9.366385786442727,5.854446535361685,2.5937132134844525,,,,,,,,,,1.6585408016115843,0.33934531878282154,0.7542851221961683,1.1398974074967136,1.5878096531560617,2.145511023262821,2.8356653657109296,3.680246471706274,4.699115813058033,5.90585045290297,7.301398575473807,8.865391289631503,10.545562805594354,12.246952200377004,13.82426627277569,15.082366872473488,15.789972548947532,15.708428719201883,14.626749211908386,12.34763350117733,8.443583952107906,3.084605500172106,0.3314408387716723,0.3275664778831777,0.2162567455503072,0.06830720190093688,,0.015394948934015173,0.8101987256709002,1.85345556863192,3.258028957462917,5.194999593125691,7.842489530076226,11.226621354047625,14.851561796327239,17.387043011842746,17.28782758551643,14.014540288840731,7.798870187680506,,,,,,,,,,3.4981884361504334,11.343971182699422,17.318920047108882,23.15653208695028,30.389694166626658,39.398532011604594,50.53363099511969,64.36279092092164,81.9686979845069,105.40120127739765,138.13150541369717,184.79219674051203,249.25612943436587,332.2310630724532,429.4625545051217,526.793856664483,597.8027590026982,617.1961487032489,579.6162327349002,501.6975914065482,408.3427771354771,318.4481733002937,234.81319347920962,134.59295186121955,38.6025273523332,8.851169009763215,2.8695177962009435,1.216588899057209,1.7475251845763349,5.490614389698775,14.234690864937233,21.901711604210313,23.73239001104309,23.662128247991404
106.32326204962615,10.124742113664187,12.988073363568127,15.22063851877196,16.05282757580298,15.117415320351586,12.676567750226026,9.38718569700816,5.905282738270244,2.665242744250173,,,,,,,,,,1.7734970778805754,0.3732285930312447,0.7757536919603314,1.1633180480365615,1.6145351272151511,2.1755248100638616,2.868649660404765,3.7155174333627747,4.735527843245986,5.941732794227274,7.334575655155717,8.893358854912258,10.5659015479492,12.258035971256037,13.82623584698457,15.078182157774197,15.786168428163672,15.715086797305142,14.656184384554194,12.410765602157738,8.543169469349571,3.1810157723018357,0.36911005839818334,0.3385463949318436,0.22579948945482264,0.07947551661995104,,0.041335004012929576,0.840896807566908,1.89077350840604,3.303487949501383,5.248934392274484,7.9022726526964195,11.284968997828503,14.899750123252884,17.42768604315216,17.341122521026293,14.103166526036896,7.944781784488301,,,,,,,,,,3.736664620441724,11.58773920971265,17.511380998055873,23.347474481359146,30.57393997427635,39.57049250754033,50.70169410239344,64.56318660239779,82.2819024265405,105.97023761337388,139.1758982822396,186.5902276967911,252.0371225788409,335.92146919066545,433.37441903397206,529.7041267477676,598.8204102920995,616.6360982451536,578.659391168556,501.3238743828677,408.78719140933555,319.28937480496023,234.87638123180358,132.1774521569928,36.723929224927396,8.07323155177894,2.4535375881927535,1.060453993644515,1.5875875418776155,5.177042125452508,13.86409370979998,21.72796798113876,23.695497749513038,23.65629207254561
106.6005065399772,10.124928584820317,12.96072053370809,15.167840160649545,15.991224448182761,15.070550713562334,12.661331004922022,9.407490068827858,5.955372381954171,2.7359251454951448,,,,,,,,,,1.9010823936197976,0.40947905718718275,0.7974442871632217,1.1868755821255381,1.6413712303023062,2.2056148201944334,2.901664934088247,3.7507651940685705,4.771858422313785,5.977479692011667,7.3675790869469875,8.92114304105486,10.586084717462638,12.269027301377397,13.828189358480769,15.074024567553364,15.78233713337973,15.721504901171356,14.684982314861413,12.4727544485157,8.641213976051803,3.2744568216188124,0.40583841653276603,0.34967145526965304,0.23574598594674648,0.0906233862264842,,0.06742331915188818,0.8717693245543329,1.928284483145459,3.349110676089299,5.302945498518097,7.961987831543775,11.343105054235041,14.94768638566093,17.468082593768457,17.394017045103123,14.191083585421692,8.089353757328098,,,,,,,,,,4.022380544881187,11.85406772521612,17.70395353214583,23.535395950343844,30.75443461987279,39.73887226150726,50.86731038500467,64.76305692935045,82.59660554909256,106.54148258035686,140.21893234726647,188.37263937792778,254.76584459994217,339.48644557297,437.0500527268175,532.2665735531593,599.438595491816,615.7010130855209,577.3910547040487,500.7090196770988,409.05620101852696,320.00634488077134,234.84006045013368,129.79455744162934,35.011295870496845,7.383552161386225,2.0902522092046927,0.9224417925322721,1.4425444188938743,4.88120697188562,13.48577427317227,21.537366633415914,23.653765761125168,23.64952268012082
106.87775103032824,10.124862018451475,12.933414543574973,15.11547439663042,15.930217185760561,15.02406045939952,12.646021636681338,9.427309621220765,6.004727693614298,2.80577292061483,0.030211794084912123,,,,,,,,,2.04255397869573,0.44786127953368593,0.819344589273524,1.210567719599922,1.6683158315863487,2.235778724463891,2.9347088553662015,3.785987699176009,4.808106080066594,6.013090520078666,7.400409188438122,8.948744934542162,10.6061136785171,12.27992717033627,13.830126981320912,15.069893897750356,15.778479810653057,15.727688346263422,14.713155297441675,12.533619103549634,8.737679097080454,3.3649122592604903,0.44165102668494544,0.36094740531431097,0.24610710185965354,0.1017378203857882,,0.09364502971667119,0.9028113647681858,1.9659858844541755,3.394894264716186,5.35702959865149,8.021632381459307,11.401028933239967,14.995371768903993,17.50823435027235,17.44651425701851,14.278297110619002,8.232603861762742,,,,,,,,,,4.36748730687914,12.143774794021486,17.896622119065096,23.72033527607698,30.931290656111123,39.90386273572885,51.03072177973767,64.96263203715179,82.91292868341513,107.11478263272168,141.25982697032578,190.13727202935914,257.4374836120351,342.9173844673251,440.4781449290207,534.4717925266216,599.653936746146,614.392614880618,575.8143330354039,499.85493045469383,409.1499876001301,320.59879350001825,234.70836649131488,127.45624656731725,33.450693169252695,6.771170603740672,1.772458547032781,0.8003744300922562,1.3109801779492591,4.6025792571200626,13.101506962263874,21.328972732596633,23.606558560414562,23.641668647580314
107.1549955206793,10.124550946815559,12.906162314275415,15.063542082187508,15.869802823127218,14.97794451958353,12.630645753934516,9.44665482025965,6.053360662508471,2.8747983115236435,0.11143804116116836,,,,,,,,,2.198354999295104,0.4880901761502961,0.8414423142589241,1.2343921248320437,1.6953667979659182,2.266014205838218,2.967779116560557,3.821182926382865,4.8442693816293625,6.048564682698696,7.433066295040055,8.976165623248995,10.625989784388718,12.290736545632708,13.83204888718456,15.06578994534382,15.774597573429975,15.733642313442846,14.740715238133605,12.59337693432616,8.832522032292049,3.452374565925718,0.4765739078096955,0.37238048665648144,0.2568946202269513,0.11280584598041063,,0.11998302090069986,0.9340175413719994,2.003874989337517,3.4408358204701037,5.4111833979709765,8.08120366118812,11.458740080216202,15.042807461062068,17.548142989750048,17.498617241773346,14.364812694484975,8.374549439536342,,,,,,,,,,4.787151145522067,12.457028630706553,18.089298058339875,23.902330570132868,31.104623539040524,40.06565438760702,51.192163490628054,65.16212990945628,83.23097677332719,107.68996315444225,142.29777274154765,191.881933425155,260.04724377772135,346.2059289684971,443.6481991611548,536.3118754736035,599.4647857736834,612.7140324253149,573.9332787028482,498.7641089545426,409.0691236622223,321.06675865981464,234.48586242822418,125.17305850798161,32.02946165343113,6.226863308172351,1.4941824715687964,0.6923862215402015,1.191618336284012,4.340528908454048,12.713149669401266,21.10197595759884,23.553174935175537,23.632556311099744
107.43224001103033,10.124003663326425,12.878970410123902,15.012043761812233,15.809978175922547,14.93220263915629,12.615209215566683,9.465535884805295,6.101283045126915,2.9430133063463213,0.19183484828389777,,,,,,,,,2.3684613207131995,0.529873062560902,0.8637253028708222,1.2583464142047034,1.7225219943228756,2.296318959857604,3.0008734339126804,3.8563488856320114,4.880346927055215,6.083901614024563,7.465550759454553,9.003406196157101,10.645714377270938,12.301456382830615,13.833955245408909,15.061712508321683,15.770691503090994,15.739371849949752,14.767673648191087,12.652043595049282,8.92569655804916,3.5368448209922136,0.5106338486671491,0.38397747025509515,0.26812126640088235,0.12381465119329192,,0.14641796049957914,0.9653819888321352,2.041948958077525,3.4869324256396053,5.4654036203655165,8.140699073084134,11.516237975247844,15.08999465267239,17.5878101797546,17.550329069817977,14.450635880360155,8.515207431929179,,,,,,,,,,5.300172771766762,12.79320870604125,18.281813883553774,24.081418376582153,31.274551136715147,40.22443623438409,51.351863751581526,65.36175642174608,83.55083861657945,108.26682887628692,143.33193290054896,193.60440508460675,262.59036721398945,349.34402878678435,446.5506244607548,537.7804906244572,598.8712461356042,610.6697834109211,571.752864972522,497.4396448432562,408.8145702414115,321.410604051625,234.17748636799968,122.9541542513802,30.736151297355114,5.742843356631253,1.2504543582188652,0.5968797062749901,1.0833082625110377,4.094354714024755,12.322610253965916,20.855741658762923,23.49284693735503,23.62198718378203
107.70948450138138,10.123228227823065,12.851845052823583,14.960979687254676,15.750739857449767,14.886834359746489,12.59971764022853,9.48396279242988,6.148506370247863,3.0104296468058145,0.2714145060359416,,,,,,,,,2.5526309680314045,0.5729480006177973,0.8861815835176626,1.2824281500297583,1.749779283578131,2.3266906950288337,3.0339895477677485,3.8914836190005184,4.916337350934558,6.119100777535418,7.497862951152004,9.030467743076906,10.66528878829973,12.312087625718185,13.835846223021482,15.057661385654574,15.7667626494741,15.744881870357808,14.794041639577172,12.7096330271291,9.017154010309138,3.618332370634552,0.5438582925970148,0.3957456942926898,0.27980073780539133,0.13475173091526632,,0.17292837020928936,0.9968983639301902,2.080204832860428,3.533181139419887,5.519687008408835,8.200116062805492,11.57352213244809,15.136934536459465,17.62723757826394,17.601652796779277,14.535772163265406,8.65459439264706,,,,,,,,,,5.929515678601494,13.150743659552182,18.473918820822497,24.257632842130967,31.441193253549176,40.38039544933673,51.510043625436985,65.56170540926905,83.87258711759755,108.84516432132784,144.36144488298996,195.30244886561044,265.06215650278335,352.3239952131763,449.17681946202276,538.8729458940358,597.8751763425822,608.2657427884346,569.2789565122602,495.8851999228438,408.3876724232,321.6310142898454,233.78849625192672,120.8073987011918,29.56044388831514,5.312518628779143,1.037130191373678,0.512488205943436,0.9850135317866207,3.8633094575494518,11.931806102759895,20.589865183046552,23.42474078210583,23.60973523768605
107.98672899173243,10.122232471815968,12.824792135198019,14.910349834889036,15.692084294395235,14.841839032185842,12.584176415331287,9.501945285226338,6.195041943874096,3.0770588353112243,0.350188995132452,,,,,,,,,2.75056138880448,0.6171100415827901,0.908799404113141,1.3066348302928417,1.7771365265034147,2.357127133190911,3.067125222745999,3.926585200580226,4.95223932199782,6.154161665482903,7.530003255866217,9.05735135438064,10.684714337580825,12.32263120646483,13.837721984769201,15.053636377263546,15.762812031366979,15.750177157555346,14.819829921580817,12.76615747642527,9.106844234796089,3.696854451979569,0.5762752410558762,0.40769310596964037,0.2919477372596047,0.14560503143459416,,0.19949073736113196,1.028559851933842,2.118639537250061,3.5795789977477535,5.574030323454042,8.259452119001677,11.630592099283767,15.183628307078768,17.666426833650057,17.652591463208537,14.6202269910343,8.792726500265632,0.015581279222256727,,,,,,,,,6.7024196058761785,13.526931301136013,18.665275450904417,24.43100496677385,31.604671172503092,40.533716988859325,51.66691683693395,65.76215875648596,84.19627955026203,109.42473427967947,145.3854219932671,196.97381390923692,267.4579976219292,355.13855457913917,451.5192477889944,539.5862341101953,596.4801737096263,605.5090982126299,566.5182732174846,494.10498932951924,407.79015275111846,321.7289877580588,233.3244131821292,118.73945645033912,28.493070001998138,4.930296024212338,0.850748335341247,0.43804388722536874,0.8958016751287508,3.64662108556376,11.542618979501546,20.304225911296033,23.34796018854458,23.59554406842923
108.26397348208347,10.121024003711979,12.797817234427132,14.860153922248694,15.634007741668709,14.797215828492956,12.56859070572997,9.519492875503511,6.240900854059514,3.14291214177435,0.42816999770807507,,,,,,,,,2.9619787043142383,0.6622224917071932,0.9315672303904277,1.3309638736403977,1.8045915812396323,2.387626009847986,3.100278247899458,3.9616517363464916,4.98805154271806,6.189083798343215,7.561972075090214,9.084058120738641,10.703992334222116,12.33308804577364,13.83958269314903,15.04963728398366,15.758840636982788,15.755262363751436,14.8450487989305,12.821627527914265,9.194716492376573,3.7724357876978076,0.6079131744332026,0.4198283075550728,0.3045780098311471,0.15636309229072687,,0.2260796682032845,1.0603591783133266,2.157249876601352,3.626123013286802,5.62843034573816,8.318704772993025,11.687447455906751,15.230077160863726,17.705379584644252,17.703148094332125,14.704005765389905,8.929619570240135,0.24108163511862576,,,,,,,,,7.649407329448655,13.917752020016382,18.855457732933196,24.60156194726624,31.765107217055036,40.68458324961154,51.822689637040746,65.9632865053946,84.5219578296729,110.00528431345042,146.40295520276166,198.61624390485775,269.7733830983921,357.78089950550316,453.57150346919167,539.9190593516793,594.6915392606471,602.408293270655,563.4783476395029,492.10375940267875,407.0241025729079,321.70582716630616,232.79096428038557,116.75589611398601,27.52572531754063,4.591422362272684,0.6884143697567934,0.37255049001845497,0.8148350538390299,3.443510122506586,11.156848441307355,19.999036588543365,23.261552771534877,23.579123998067118
108.54121797243452,10.119610214005347,12.77092562485216,14.810391423753726,15.576506296439389,14.752963753264272,12.55296546209829,9.536614851370363,6.286093975621928,3.208000610157343,0.5053689080967982,,,,,,,,,3.1866829890567536,0.7082152712411558,0.9544737097671568,1.3554125990774655,1.8321423024708465,2.418185074470302,3.133446436851872,3.996681364018498,5.023772748911017,6.2238667242751715,7.593769825587555,9.110589132868178,10.723124076365504,12.34345905303349,13.841428508437778,15.04566390752762,15.754849424416284,15.760142011577095,14.869708171614565,12.876052157725264,9.280720310394363,3.8451081630898214,0.6388009888276966,0.4321606070547814,0.31770838319805245,0.16701518316995814,,0.2526680829104314,1.0922886263526688,2.1960325395054108,3.6728101755826823,5.682883874500593,8.377871598446738,11.744087814492817,15.276282295578548,17.744097460312574,17.75332569982112,14.787113842970227,9.065289066501759,0.4639744881569077,,,,,,,,,8.80084659105091,14.317694714214985,19.043950553431394,24.76932662443133,31.922624334672513,40.83317375486429,51.97756069618515,66.16524698029225,84.84964879200811,110.58654129285881,147.41311507246152,200.22748464080942,272.00393517347845,360.2447372460226,455.32836524264343,539.8718439294015,592.5162243683982,598.9729594090963,560.1674765581671,489.8867624413385,406.09197139447303,321.5631279432967,232.19402601701532,114.86129878073548,26.65098936074887,4.291854619453164,0.547708128586987,0.3151600210003272,0.7413626170151382,3.2532035997090913,10.776167677953792,19.67488287407964,23.164520094790863,23.560149165636258
108.81846246278556,10.117998280431602,12.744122290312843,14.7610615856812,15.519575911378588,14.70908165449232,12.537305429012415,9.553320282205657,6.330631974749867,3.272335064772964,0.5817968431301911,,,,,,,,,3.424567563360954,0.755074985903144,0.9775076018876465,1.3799781999188443,1.8597865402015707,2.4488020907547092,3.1666276279253447,4.031672252911835,5.059401709331939,6.258510018584434,7.625396938913212,9.136945481292921,10.742110851224242,12.353745126470052,13.843259588717508,15.04171605044658,15.750839322092423,15.764820495286646,14.893817536557881,12.929438802311388,9.364806273200923,3.9149099957019198,0.6689679476290841,0.44470007390339106,0.3313568115147027,0.17755143378700786,,0.27922745147357486,1.1243400609547982,2.2349841003542807,3.7196374514176456,5.737387728121756,8.436950211046934,11.80051281858825,15.322244910178979,17.782582080027016,17.803127273563707,14.86955653629682,9.199750112652147,0.6843086108764986,,,,,,,,,10.178786152361285,14.71962344254608,19.23015096476744,24.934317043834728,32.077345703348556,40.979664869021754,52.13172102402544,66.36818692677025,85.1793644817849,111.16821396444045,148.41495379747386,201.80529180089584,274.14542876061756,362.5243344570787,456.78583884101266,539.4467159523405,589.962760176019,595.2138376592923,556.5946673192859,487.4597285998535,404.99655433244624,321.3027646160727,231.5395688604773,113.0593669938089,25.862248596233698,4.028153751406827,0.4266084024197244,0.2651528263659773,0.6747123458086083,3.0749458145983666,10.402085549031332,19.332747912651882,23.055831971149654,23.538254695606128
109.09570695313661,10.116195173067318,12.717411936057294,14.712163440394551,15.463212407168895,14.665568233835948,12.521615152745856,9.569618024013732,6.374525313503252,3.3359261163457674,0.6574646519782845,,,,,,,,,3.675624079910154,0.8028314791239122,1.0006576793006952,1.4046577116350465,1.8875221380825655,2.4794748368438997,3.1998196842515245,4.066622603779274,5.094937225273869,6.29301328319059,7.656853860941798,9.163128256101645,10.760953935118426,12.363947153293907,13.845076089904845,15.037793516090721,15.746811229205063,15.769302082107169,14.91738599133845,12.981793444211826,9.446926747445557,3.9818859057427276,0.6984436469098912,0.4574576001398281,0.3455424227915811,0.1879629548317378,,0.3057280685219137,1.1565049588842553,2.2741010231096728,3.7666017853801974,5.791938744286162,8.49593826816213,11.856722142463505,15.367966204578876,17.820835053444817,17.852555793460315,14.95133911470178,9.333017502771371,0.9021314620240581,,,,,,,,,11.780970416365456,15.11472208764276,19.413371270343013,25.096546137795386,32.229394362528296,41.12422953925792,52.285353913472775,66.57224166292693,85.51110244602656,111.74999355225087,149.40750737021665,203.34743896290183,276.1938139702138,364.61455776615355,457.9411865375389,538.6474778265905,587.0411711760705,591.1426914170581,552.7695796207938,484.8288352056567,403.740977776767,320.9268753557632,230.8336039946648,111.35303146862863,25.15362497381645,3.7973975735208256,0.3234317698885722,0.22192055081739903,0.6142842407732125,2.9080062820485377,10.035917862890566,18.97401733418953,22.934445504928593,23.513034036058407
109.37295144348766,10.114207659383686,12.690799000239615,14.66369581988224,15.407411484304307,14.622422056373205,12.505898988789077,9.585516724666983,6.41778425421897,3.398784167846971,0.7323829255563932,,,,,,,,,3.9399405159896213,0.8515443971927368,1.0239126041003555,1.4294479733525032,1.9153469312360039,2.510201105498769,3.2330204938685445,4.101530648646358,5.130378130159997,6.327376146103206,7.688141051406293,9.18913854672458,10.779654593516714,12.374066009845423,13.846878165773845,15.03389610857251,15.742766016158921,15.773590913757866,14.940422240063064,13.03312071369477,9.527036539768146,4.046086294077008,0.727257993786265,0.470444967582728,0.360285569810442,0.19824194825860483,,0.33213936399643906,1.1887744456258813,2.3133796663530064,3.8137001006783837,5.8465337801788895,8.554833468513005,11.91271549047602,15.413447379424431,17.85885798048973,17.901614221218207,15.03246680519832,9.465105711848713,1.1174892278850506,,,,,,,,,13.554955911887498,15.492561002281349,19.592844097255387,25.256021534975545,32.37889286954955,41.26703706315351,52.438634906786,66.77753524102044,85.84484603498458,112.33155439281725,150.38979785796758,204.8517257512985,278.14523797366707,366.5109095670249,458.7929435137517,537.47955643001,583.7628746074868,586.7722116569503,548.7024634828176,482.00067380662273,402.3286833923312,320.4378448886111,230.0821327366268,109.74455346361492,24.519910475685627,3.597109126239868,0.2367827946691308,0.18495156665011211,0.5595437591600194,2.751685272502737,9.678769728440557,18.600461472851627,22.79932919945415,23.484036599717733
109.6501959338387,10.112042309239465,12.664287664983346,14.615657368615794,15.352168734220932,14.579641559851416,12.490161109096508,9.60102482904148,6.46041886380795,3.460919420113539,0.8065620055189205,,,,,,,,,4.217696105401957,0.901291735401355,1.047260788450105,1.4543455829125844,1.9432587435265525,2.5409787042189644,3.266227969801696,4.136394650637957,5.165723289140433,6.361598260901679,7.719258983445604,9.214977441710227,10.798214081078012,12.384102561740006,13.8486659679835,15.030023632720845,15.738704525012299,15.777691008190812,14.962934601541521,13.083424005307906,9.605093486374829,4.107566933291754,0.7554411970570264,0.48367492158649517,0.3756078846062022,0.20838180545034513,,0.3584302454750284,1.22113933896403,2.352816289688291,3.8609293002158833,5.901169712717847,8.613633551839634,11.968492596440532,15.458689635871595,17.896652451335587,17.9503055021611,15.112944793317276,9.596028905855775,1.3304268622010356,,,,,,,,,15.36693606466544,15.84133037336115,19.767729569025516,25.412745502049248,32.52596298251571,41.40825288115121,52.59173178167293,66.984180617901,86.18056470917801,112.91255460455683,151.36083578927733,206.31598609273124,279.99606597957256,368.20955853851166,459.3409208467096,535.9499360726594,580.1405675658642,582.1159160498896,544.4040941712744,478.9822152772851,400.76341060481576,319.8382859901447,229.2910991674314,108.23562133424166,23.95650783672723,3.4251976934441863,0.16551341775469217,0.1538185202774242,0.5100156512010345,2.605317344379433,9.331529402239575,18.21419371207238,22.64949218894566,23.450765861476928
109.92744042418975,10.109705499807918,12.637881867063165,14.568046555774398,15.297479649789937,14.537225063475645,12.47440550907791,9.616150584033308,6.502439017965132,3.522341877264073,0.880011992862115,,,,,,,,,4.509155361083052,0.9521610653797834,1.0706902483720147,1.4793468455547854,1.971255384233614,2.571805455306406,3.299440050130703,4.171212903795242,5.200971598683319,6.395679306221459,7.750208143164097,9.24064602851375,10.816633641695118,12.394057664008557,13.850439646100982,15.026175894048327,15.734627569933718,15.781606261559443,14.984931019841547,13.13270560822859,9.681058975505511,4.1663885762636585,0.7830237695767174,0.49716125203026335,0.3915323365542758,0.21837719208610776,,0.3845694668903745,1.253590199307869,2.3924070615597293,3.9082862679534363,5.955843438830405,8.672336298572539,12.024053223008949,15.503694175373775,17.93422004639173,17.998632565051782,15.192778223893738,9.725800951471022,1.5409881247277597,,,,,,,,,16.985684585034072,16.148275778625138,19.93712464978078,25.566715020018485,32.67072537030271,41.548038392662875,52.744804555427336,67.19227983283382,86.5182143526891,113.49263679221599,152.31962264289325,207.73809651978766,281.7429011000651,369.7073644639781,459.58619518137453,534.0670756826004,576.1881039007782,577.1880435054386,539.8857048645458,475.7807733278444,399.04917773049993,319.1310197921668,228.46634636804464,106.82744031360004,23.45937736820463,3.2799102232121005,0.10868983389490186,0.12816769633616376,0.4652781752697941,2.4682732684907642,8.99487274071462,17.817606415018673,22.484018290743514,23.412678097242477
110.20468491454079,10.107203420446032,12.611585308183823,14.520861686855941,15.24333963520863,14.495170776227154,12.458636014331622,9.63090204347304,6.543854405281147,3.5830613519186483,0.9527427561539368,,,,,,,,,4.8146622431807815,1.0042433580057282,1.0941884607363033,1.504447716473992,1.999334644081827,2.6026791958680686,3.3326546980404688,4.2059837328884,5.2361219861678725,6.42961898524597,7.780989029193735,9.26614539329221,10.83491450854066,12.403932161237883,13.852199347625225,15.022352698710222,15.730535937672606,15.785340450463435,15.006419077308456,13.180966849082461,9.754898405097224,4.222616585761972,0.8100365419615436,0.5109188822720362,0.4080832941072519,0.22822411887620472,,0.41052601743408035,1.2861173867018907,2.4321480685365726,3.9557678705760297,6.010551875780276,8.730939529507662,12.079397161058449,15.548462199469807,17.97156233629124,18.04659832191975,15.271972201816531,9.854435425468722,1.749215618482136,,,,,,,,,18.11800230715709,16.400348789485594,20.10007467625347,25.71792199590292,32.81329935017294,41.68655079460127,52.898005505270234,67.40192419142521,86.85773759271505,114.07142878672956,153.26515343158192,209.1159844660217,283.3826028938774,371.00189701931714,459.5310854096104,531.8408119382278,571.9203630920919,572.00344567649,535.1589178570135,472.403966769168,397.19026192005236,318.31905514276133,227.6135765338186,105.52081497865825,23.02498966573271,3.1597913574336793,0.06556549837489173,0.10770994366552465,0.42495769091721086,2.3399607120472705,8.669276383637852,17.413288526884667,22.302104104225577,23.369181979791932
110.48192940489184,10.104542077480657,12.585401464897156,14.47410091470033,15.189744015316089,14.453476804767627,12.442856287135806,9.645287072922633,6.584674531263159,3.643087470233724,1.0247639394101826,,,,,,,,,5.1346349126716655,1.0576289473681375,1.1177422328617064,1.5296437376972476,2.027494290593026,2.633597777751546,3.3658699018573826,4.24070549321972,5.271173409477661,6.463417025204161,7.811602152274437,9.291476620702747,10.853057904113756,12.413726887709874,13.85394521801047,15.018553853473922,15.726430388056404,15.788897234495565,15.027406010089997,13.22820824582303,9.826581578931245,4.276320587883508,0.8365106873686527,0.524963966890118,0.4252865902276655,0.23791999767741198,,0.4362695236516228,1.3187111243675425,2.472035326106573,4.003370959484434,6.065291961549555,8.789441105485555,12.134524229090289,15.592994909584572,18.008680881886548,18.094205667902294,15.350531792738947,9.98194562378,1.955150825730505,,,,,,,,,18.514771619584693,16.585048994234093,20.255587025422265,25.86635360851019,32.95380265329646,41.8239429411376,53.05147920316376,67.6131944545563,87.19906412546375,114.64854442074409,154.19641937231168,210.44763649311327,284.91230438525133,372.0914482948473,459.1791169223482,529.2822502951586,567.3531133551742,566.5774769458469,530.235675082784,468.85968089206267,395.1911780972514,317.4055672620269,226.7383151305248,104.31622418871046,22.650283898118943,3.0636506383249853,0.03555918984271133,0.0922129445485678,0.38872363761260387,2.219824004661706,8.355037251014084,17.00393115226684,22.103099860686,23.319639278038427
110.7591738952429,10.10172729893278,12.559333598126162,14.427762249958786,15.136688044362588,14.412141160922236,12.427069832707362,9.659313354370942,6.624908722266072,3.7024296767592575,1.0960849696348733,,,,,,,,,5.469561176859272,1.1124050848254539,1.141337592544522,1.554929969933815,2.0557320627324978,2.6645590674093054,3.399083675068549,4.275376570420613,5.306124856591166,6.497073176875726,7.842048034834642,9.316640793711938,10.87106504029126,12.423442667536403,13.855677400689768,15.014779165683407,15.722311654510724,15.79228015910425,15.047898726185004,13.274429671098147,9.896083045322927,4.327574151524864,0.8624777572305272,0.5393139991346666,0.44316959156401203,0.2474636828613169,,0.4617706571460567,1.3513615685290048,2.5120647910061473,4.051092373128228,6.120060655283082,8.84783892708196,12.189434272636559,15.637293506831162,18.04557723423809,18.141457481094438,15.428462023753905,10.108344570246917,2.158834142759421,,,,,,,,0.016563573333478018,18.095799760565637,16.691388010987,20.402646785024572,26.0119927850824,33.092351218224934,41.9603632234859,53.2053625634892,67.82616103137678,87.54211104862709,115.22358433983042,155.11241063309754,211.73110638981703,286.3294273736947,372.9750389198321,458.5349742262947,526.4036460213694,562.5028712237786,560.9258843638116,525.1281687189248,465.1560283172641,393.05665707800995,316.39387593707346,225.84587915209863,103.21388853046217,22.332631333882567,2.9905357475687158,0.018237274805225388,0.0814946399210451,0.35628390801188353,2.1073432559322374,8.052295824876895,16.592228803629553,21.886551152674375,23.26336693651083
111.03641838559393,10.098764739154895,12.533384762365225,14.381843571032011,15.084166914268224,14.371161768777048,12.411280005220906,9.672988390814034,6.664566129340004,3.761097239129165,1.1667150640399742,,,,,,,,,5.819994556905172,1.1686545775219517,1.1649597038722546,1.5803009202632319,2.08404566482812,2.695560945686599,3.432294056327198,4.309995380242565,5.340975345174995,6.530587214099428,7.872327210585256,9.341638993413506,10.8889371183758,12.433080314793143,13.857396037095517,15.011028443240333,15.718180444620181,15.795492658810405,15.06790382599846,13.319630523495919,9.963382382930403,4.376454495609008,0.8879697279683811,0.5539879291256822,0.4617612714147728,0.2568554981600688,0.017681876407935348,0.48700153995950685,1.384058884175958,2.552232375103169,4.09892893969649,6.174854937800464,8.906130934305727,12.24412716368008,15.681359191819443,18.082252934615948,18.188356622402633,15.505767884034539,10.233645025068464,2.3603049134798626,,,,,,,,0.08634299050788256,16.990242601518286,16.71086143097966,20.540234204359322,26.154818803608332,33.22905901219982,42.09595546851339,53.35978490210399,68.04088417553942,87.88678320062917,115.79613684927216,156.01211914598727,212.96452308169063,287.6316958689498,373.6524177631461,457.6044429162998,523.218277458273,557.3867598037306,555.0646989268898,519.8487725907612,461.301309665864,390.7916230602774,315.2874234961418,224.94134945003017,102.21383048474935,22.069803752647307,2.9397108641747107,0.013299493423745803,0.07541764978298915,0.3273806204331622,2.002033040046276,7.761060920730097,16.180784348278227,21.652239142443534,23.199640818680844
111.31366287594498,10.095659883396463,12.50755781450745,14.336342633488822,15.032175762384202,14.330536471399125,12.39549001361997,9.686319510743239,6.703655731988733,3.8190992525891696,1.236663236962626,,,,,,,,,6.186550815920592,1.2264551049252246,1.188592811188969,1.6057504667363032,2.1124327597543155,2.7266013075292412,3.465499109439424,4.344560368340755,5.3757239221756965,6.563958933290504,7.902440224123383,9.366472298845057,10.906675329150376,12.442640633653461,13.859101266684494,15.007301494576277,15.714037440724258,15.798538060783427,15.08742762536549,13.363809904974984,10.028464438601056,4.423042225414986,0.9130190588539837,0.5690062939614133,0.4810922865200114,0.2660972495476573,0.03707555638547606,0.5119361396141936,1.4167933263193535,2.592533960830302,4.146877480176633,6.229671812180186,8.964315106310023,12.298602800081373,15.725193164472278,18.118709514494224,18.234905935422336,15.582454325436506,10.357859492960403,2.5596014619023033,,,,,,,,0.13477620226032036,15.456563191062076,16.63828587214643,20.667343608005186,26.29480801371275,33.36403787994474,42.23085885501342,53.51486800538124,68.25741418401196,88.2329735069659,116.36577879595137,156.89454147448572,214.14609829071102,288.81714750813717,374.12405528871,456.39434216260275,519.7403137664326,552.0223677835986,549.0101294831705,514.4099750545573,457.30397438932215,388.40117067569963,314.08975279271937,224.0295470259253,101.31592765332243,21.85994639890613,2.9106394130061513,0.0205677247701157,0.0738845505901151,0.30178628840498894,1.9034408126547704,7.481234097608364,15.772024891966886,21.40021642616357,23.127701420525664
111.59090736629602,10.092418052285684,12.481855422355881,14.291257079015118,14.980709678790047,14.290263037206513,12.379702927204663,9.699313872509391,6.742186341848149,3.876444644372475,1.305938306491647,,,,,,,,,6.569904737027785,1.2858789118754232,1.2122202104979403,1.6312717811611817,2.1408909613805633,2.7576780616048397,3.4986969233364613,4.379070010051917,5.410369663413209,6.59718815296137,7.932387630538521,9.391141786818515,10.924280852930396,12.452124418517274,13.860793226959048,15.003598128647152,15.709883300561856,15.801419588802878,15.106476180959286,13.406966802772015,10.091319522312245,4.467421099070125,0.9376587613397682,0.5843913610451312,0.5011950577113703,0.2751922250193216,0.05574193630951188,0.5365506459813654,1.4495553261979273,2.6329654181541877,4.194934811793946,6.284508304423332,9.022389461116006,12.35286110502033,15.768796623847608,18.154948495556667,18.281108246303106,15.658526263080656,10.481000231026867,2.756761123528962,,,,,,,,0.16507989403820464,13.759486265881462,16.472359284364398,20.78300336079496,26.431934667126107,33.49739741942883,42.36520784649839,53.67072620799779,68.47579159788671,88.58056333396729,116.93207648480181,157.7586817230993,215.2741338847136,289.88414283656016,374.3911307456477,454.91244900624235,515.9846793962138,546.4276111404239,542.7784604264448,508.8243139757747,453.1725820818232,385.8905417925973,312.80448542032644,223.1150131137802,100.51995946134859,21.701555158747826,2.902970627157563,0.03997730070428902,0.0768338905877834,0.27930037759709747,1.811145181852029,7.212632384395496,15.36813415836121,21.130835527700775,23.046761838492596
111.86815185664707,10.089044406228554,12.456280072803505,14.24658444388779,14.929763713159423,14.250339165990056,12.363921681017606,9.711978468602288,6.780166606279383,3.93314217792784,1.3745489008204306,,,,,,,,,6.970786910305618,1.346992666210846,1.2358242448348686,1.6568572515256283,2.169417826302941,2.7887891298381486,3.5318856120286033,4.413522810166509,5.444911673173923,6.630274713251933,7.962169995034335,9.415648531754584,10.94175485961904,12.461532454143414,13.862472053490041,14.999918154919776,15.705718657964745,15.804140367605372,15.125055317977427,13.449100274080916,10.151943564304817,4.509677825057271,0.9619224803345445,0.6001672861008227,0.5221038544389524,0.28414518239904546,0.07367201256799907,0.5608238226050948,1.4823355818013213,2.673522623046065,4.243097751836206,6.339361464197579,9.080352055352062,12.406902026446616,15.812170767961502,18.190971389697697,18.32696636364277,15.733988575895104,10.60307925636948,2.9518202756981076,,,,,,,,0.18246294100651833,12.092550479540744,16.215839637189667,20.886296385197415,26.566171846992404,33.62924488389104,42.49913213938992,53.82746647828485,68.69604740475582,88.9294228503306,117.49458662884291,158.60355447558365,216.34702885828082,290.83137236120297,374.4555134690401,453.16741585200594,511.966917450311,540.6205992943079,536.3859542012956,503.1043143573156,448.91576457853415,383.2651022557519,311.43530036377865,222.20199282701407,99.82564779147425,21.59345767102439,2.916529471717987,0.07157052710368259,0.08423684039127967,0.2597462334745975,1.7247541197917977,6.955008510794381,14.971004677274419,20.844767055725033,22.95601825445828
112.14539634699813,10.085543949726148,12.43083407970342,14.202322167014652,14.87933288119525,14.210762494629098,12.348149081026085,9.724320129819764,6.817605011890592,3.9892004570091695,1.4425034643374954,,,,,,,,,7.389980262201379,1.4098573374051482,1.2593863180501799,1.6824984056569006,2.1980108448831626,2.819932446853501,3.5650633145435684,4.4479173026949885,5.479349083805154,6.663218475460716,7.991787892553582,9.439993605520913,10.959098508764216,12.470865515771203,13.864137879941756,14.99626138337945,15.701544123606297,15.806703427631767,15.143170659959488,13.490209631799752,10.210338239364843,4.549901891445023,0.9858445880699925,0.6163602875317495,0.5438548831766918,0.2929623265287275,0.09086566425684386,0.5847373258209251,1.5151251519836972,2.7142014774014536,4.291363121868046,6.394228365670145,9.13820098401168,12.460725536543121,15.855316793626603,18.22677969902905,18.37248307837549,15.808846107136123,10.724108353427443,3.1448143669240305,,,,,,,,0.19143037693606768,10.564014695382294,15.875304039607675,20.976380659189786,26.697492483597717,33.759685109220364,42.63275662553179,53.98518851010256,68.9182032422886,89.27941139678099,118.05285733174026,159.4281877480991,217.36328588911002,291.65786131400597,374.31973865481854,451.1686826071583,507.70305398297387,534.6195072549314,529.8487594911888,497.2624291029493,444.54218911998004,380.5303187424036,309.98591327676155,221.29442210616307,99.23269201622288,21.53479811979345,2.9513095799643336,0.11549214400869144,0.09609439002671787,0.24296835740052433,1.643903174060971,6.708068264525856,14.582210735548257,20.543004992025608,22.854663128691303
112.42264083734916,10.081921535602103,12.405519591436947,14.158467597548855,14.829412170673777,14.171530602484308,12.332387809117725,9.736345529331603,6.854509887969279,4.044627929630221,1.5098102634681643,,,,,,,,,7.828316033204542,1.4745280011210258,1.2828869202052395,1.708185837832689,2.2266674316418356,2.8511059593254706,3.5982281948458716,4.482252050628207,5.513681055310962,6.696019321588181,8.021241907413712,9.464178077278325,10.976312949614695,12.480124369249712,13.865790838093025,14.992627624539812,15.697360285811603,15.809111710170054,15.160827660564012,13.53029462970123,10.266511063036207,4.588185427475537,1.0094602913825643,0.6329988389833491,0.566486379686076,0.30165127736871344,0.10733089515711045,0.6082759859485943,1.547915553364303,2.75499793033975,4.339727752333954,6.449106108428604,9.195934380228056,12.514331631201784,15.89823589628609,18.26237491588839,18.417661163677003,15.883103664875966,10.844099081061598,3.335777945263212,,,,,,,,0.195180855276607,9.217054152618385,15.460529222930623,21.052509070859607,26.82587044259922,33.8888204656622,42.76620136797494,54.14398482029614,69.1422716027667,89.63037786424198,118.60642910140264,160.23162594251718,218.3215174170238,292.36297209203127,373.9869780500055,448.9263849350249,503.20946511807637,528.442455074724,523.182825806391,491.31098332719836,440.0605228375766,377.69173590521046,308.4600565562192,220.39591767733427,98.7407988843063,21.52502549242822,3.007468940497955,0.17198651597894823,0.11243501546570066,0.22883000495889771,1.5682537176130324,6.471484922490078,14.203000931087777,20.226857343172693,22.74190120117727
112.69988532770022,10.078181869147633,12.380338598182057,14.115018002107153,14.779996547120835,14.132641016507236,12.316640427902904,9.748061186660504,6.890889409853047,4.099432891892013,1.576477392279623,,,,,,,,,8.286668874904565,1.5410535070228448,1.306305657432642,1.7339091401235336,2.2553849150630425,2.882307625235103,3.6313784417390216,4.516525645693223,5.547906774947481,6.728677153881349,8.050532632949768,9.488203013334328,10.993399321179675,12.4893097711641,13.867431057866678,14.98901668947086,15.693167711427412,15.811368072892048,15.17803163709587,13.569355645411322,10.320475464251546,4.624623098102812,1.0328057534314088,0.6501138822063856,0.5900387050903035,0.31022103066664447,0.12308298683361527,0.6314280459605074,1.580698859136046,2.7959080007925445,4.388188487545691,6.503991818494397,9.253550415070366,12.567720329512081,15.940929269860238,18.29775852284772,18.462503374870565,15.956766022477126,10.963062779407048,3.5247446857477365,,,,,,,,0.19579900634589562,8.055929187136778,14.983602012827083,21.114047981604074,26.951281670480974,34.01675083262623,42.89958158903395,54.303940850859384,69.3682560383975,89.98216108084642,119.15483589296848,161.01293278494023,219.22045119661072,292.9464043708804,373.46100606525357,446.45126007814684,498.50274867310213,522.1073956847314,516.4038250311058,485.26212254989065,435.4793987866407,374.75495396290955,306.8614603652679,219.50976971496826,98.34970768835625,21.563885126068527,3.0853281490982587,0.24139639339595675,0.1333127476935895,0.2172110779845836,1.4974912614705145,6.244910923706547,13.834307578970579,19.897921478380916,22.61696827892925
112.97712981805125,10.074329512185848,12.355292938915037,14.071970571601012,14.731080959119641,14.094091216073075,12.300909385344402,9.759473471548404,6.926751602211946,4.153623491687522,1.642512777859667,,,,,,,,,8.76595069334126,1.6094759677718897,1.3296212795436724,1.7596568402634267,2.284160526885278,2.9135354130331907,3.664512268751297,4.550736708103992,5.582025456822638,6.76119189438895,8.079660671164648,9.512069476997855,11.01035875228713,12.49842246895074,13.869058667350675,14.985428389826177,15.688966946756752,15.813475295765683,15.194787805536784,13.607393859675172,10.372250838530626,4.65931203210047,1.055918231087275,0.6677390625815541,0.6145544456764619,0.31868191293042997,0.1381436052482268,0.6541853542842031,1.613467798843876,2.836927801271757,4.4367421910445985,6.558882649431006,9.311047297360808,12.62089167326311,15.983398106596217,18.332931992727527,18.507012449350356,16.029837919025542,11.081010576476658,3.711747416916302,,,,,,,,0.19458991992630584,7.065850112714546,14.457906206696926,21.16049385769924,27.073705380879588,34.14357359524851,43.03300766963658,54.465135075064005,69.59615136729592,90.33459020812502,119.69760617920997,161.7711942338807,220.0589352791518,293.4081929180822,372.7461618699139,443.7545516584831,493.5996017574846,515.6320119489135,509.52708033547646,479.12776503728634,430.8073837250563,371.72560688746773,305.19383473447806,218.63893689820986,98.05921110113572,21.651413403181387,3.185371105223807,0.3241631267857204,0.15880558577663853,0.20800628097063223,1.4313238442862009,6.027987079857704,13.476769263391255,19.55804475117735,22.479152593330287
113.2543743084023,10.070368887034558,12.330384308121685,14.029322427708925,14.682660343293648,14.055878637544858,12.285197019207994,9.770588607741875,6.962104342269358,4.207207732289703,1.7079241854818876,,,,,,,,,9.267102810091153,1.679830039453921,1.3528116996828552,1.7854163477979057,2.3129913909694304,2.9447873007106242,3.6976279140000226,4.584883886304768,5.616036341493174,6.793563484516971,8.108626632387422,9.53577852844352,11.027192361647096,12.507463201024416,13.870673792829058,14.981862537895836,15.6847585185655,15.815436087327429,15.211101316820885,13.64441143041545,10.421862585530814,4.692351784406351,1.0788362294653908,0.6859109899665832,0.6400785163006912,0.32704553247442614,0.15253989786283925,0.6765435097311272,1.646215858145317,2.8780535626874486,4.485385751324333,6.613775783545086,9.368423273515333,12.673845726456266,16.02564359692585,18.367896788612637,18.551191106499644,16.10232405976018,11.19795339454284,3.896818146477342,,,,,,,,0.19235408165134832,6.22496869216706,13.897133129809937,21.19148737278562,27.19312526449351,34.26938366121839,43.166585159044956,54.627639106862176,69.82594388011451,90.68748514667315,120.23426404608236,162.50552134250026,220.8359423844494,293.74870316120155,371.84730806904736,440.84791478621656,488.51670558044634,509.03362353691057,502.56750271010304,472.9195584801445,426.0529478043625,368.60934132355413,303.46085285095216,217.78604355266134,97.86917201772276,21.787935494313185,3.3082480927002287,0.4208282511637454,0.18901420243007877,0.20112351289578417,1.369480506069003,5.82034967581717,13.130762493676341,19.209272333508007,22.32781832579325
113.53161879875336,10.06630428039747,12.305614262256764,13.987070628997897,14.634729628962962,14.018000678587102,12.269505561348886,9.781412676673794,6.996955362945833,4.260193475826441,1.7727192235641527,,,,,,,,,9.791085944756286,1.7521419705569614,1.3758540016905145,1.8111739101597135,2.3418745118516138,2.976061274779535,3.730723640042719,4.6189658567133085,5.649938695567547,6.825791884596284,8.137431134941213,9.55933122457888,11.04390125790934,12.516432696896675,13.872276558809963,14.978318946668015,15.680542935149441,15.817253091300204,15.226977294042522,13.680411660214963,10.469342134297474,4.723844333466147,1.1015996753403479,0.7046695278663534,0.6666582672192489,0.33532472829973403,0.16630361193223622,0.6985019578973514,1.6789373775309469,2.9192816600661793,4.534116087898643,6.668668433183054,9.425676627407274,12.726582574836536,16.067666929324467,18.402654363863117,18.59504204762823,16.174229116467576,11.313901956301384,4.079988086132952,,,,,,,,0.1895756195715638,5.510592954481913,13.31443293712516,21.20682446139184,27.30953070468684,34.39427349626892,43.3004147940525,54.79151781297335,70.05761154732797,91.04065695155285,120.76433031093288,163.21505305908283,221.55057362902795,293.96862459299894,370.7697865874313,437.74332270870195,483.2706184640495,502.3291039909206,495.5395352424837,466.64884112807545,421.2244363104673,365.4117963618449,301.66613562263865,216.95337858037422,97.77953668522264,21.974066082308013,3.454781239335344,0.5320363872270484,0.22406089639763554,0.1964824667633572,1.3117098488993146,5.621635820278238,12.79643859387997,18.853785365463285,22.162430657202723
113.8088632891044,10.062139847161172,12.28098422594574,13.945212176715602,14.587283742505857,13.980454702241351,12.253837141836533,9.791951621060816,7.031312255934877,4.312588446648741,1.8369053484340918,,,,,,,,,10.33886744193015,1.8264284000824675,1.3987244323246326,1.8369145801570694,2.3708067631018492,3.0073553291698993,3.7637977337050827,4.652981323454963,5.683731811307404,6.857877073453059,8.166074804813945,9.58272861891834,11.0604865397288,12.525331677292346,13.873867088055164,14.974797429897762,15.67632068747339,15.818928893511492,15.242420870278414,13.71539915588305,10.514726959143749,4.753894114461264,1.1242501114791412,0.7240581143098531,0.6943435941051068,0.3435335185253043,0.1794702581470991,0.7200640396982169,1.7116276489623237,2.9606086389996933,4.582930157683783,6.723557842118862,9.482805680256089,12.779102325433705,16.109469290182,18.43720616213779,18.63856795590776,16.245557727860145,11.428866790817818,4.261287675599078,,,,,,,,0.186542521949693,4.901952884456278,12.721776633731242,21.206463912983597,27.422917980579797,34.51833317661436,43.43459252681262,54.95682942713598,70.2911242272584,91.39390825763844,121.2873236605842,163.89895895000447,222.2020615830898,294.06896212132074,369.5193723972196,434.45297611147186,477.8776778185378,495.53480815297263,488.4571051275347,460.32660743406717,416.3300435601526,362.1385842728486,299.81323758561206,216.14289589755012,97.79034434074471,22.210713037080325,3.6259724028298415,0.6585394319194252,0.26408875066669346,0.19401341098069316,1.2577786846317753,5.431487383244827,12.473762475772071,18.49383340363293,21.98258144804145
114.08610777945545,10.057879614108732,12.256495497938388,13.90374402027339,14.540317611425012,13.943238040780104,12.238193792924216,9.802211248405413,7.065182474710574,4.364400234595496,1.9004898689077752,,,,,,,,,10.911405072482319,1.902694886942429,1.4213983769105116,1.8626221961379674,2.3997848756280034,3.0386674640457154,3.796848505894423,4.686929018094631,5.71741500623103,6.8898190479855455,8.194558275342029,9.605971761459564,11.076949295828452,12.534160854265497,13.875445501613237,14.971297802200871,15.67209225037265,15.820466029075572,15.25743722666145,13.749379978862859,10.558060588617892,4.78260808945818,1.1468309142648476,0.7441241182512817,0.7231870509332904,0.3516870500125402,0.19207833745106762,0.7412369939265689,1.7442830093812727,3.002031242637105,4.631824961674705,6.778441287031866,9.539808790541045,12.831405106119192,16.151051863675523,18.471553617412923,18.681771496323254,16.31631449994014,11.54285823927762,4.440746605842597,,,,,,,,0.18342136130725054,4.381145335160887,12.129550322712692,21.19053123134463,27.53329143935271,34.64165045653254,43.56920956047977,55.12362566607615,70.52644387494142,91.74703371503361,121.80276180621355,164.5564418297726,222.78977263528222,294.0510254943407,368.1022257247887,430.98921604968274,472.35391160660333,488.66650992989474,481.33358329138173,453.96347820233586,411.3777890306541,358.7952722928832,297.90563420050523,215.3562161215717,97.9017335142216,22.499084043271196,3.823013582011094,0.8012020331929471,0.3092609592739442,0.19365612889036085,1.207470767806522,5.249553817745534,12.162550649658131,18.13166558163917,21.788014432691128
114.36335226980648,10.053527483541,12.232149256832917,13.862663062418713,14.493826168159817,13.906347999330519,12.22257745286745,9.812197234413402,7.0985733374680215,4.415636298158792,1.9634799506908016,,,,,,,,,11.50962663436496,1.9809341535365668,1.4438503182243152,1.8882793758268879,2.4288054260744456,3.0699956845502494,3.829874291393983,4.720807699364612,5.750987622721597,6.9216178227475975,8.222882186896888,9.629061698569748,11.093290605061435,12.542920931317742,13.877011918854526,14.967819879151058,15.667858083820054,15.821866989798105,15.272031630334244,13.782361785280218,10.599392609546536,4.810095855694615,1.169387537365197,0.7649192358014972,0.7532439653260015,0.35980155072906544,0.20416864305701066,0.7620319168169581,1.7769009300550735,3.043546439011381,4.680797551872178,6.833316079069996,9.596684353938917,12.883491065178012,16.19241583164853,18.50569815400422,18.724655315621217,16.386504006340687,11.655886460527467,4.618393841573242,,,,,,,,0.18030339803217177,3.933212419552671,11.546364688900393,21.159318637095613,27.64066461979355,34.7643108492125,43.7043523918953,55.29195184680825,70.76352475199297,92.09982043469842,122.31016265180813,165.1867402828289,223.31320865093136,293.9164169516409,366.5248433582784,427.3644413454297,466.71495960579654,481.73935020543746,474.18175140776833,447.5696751769636,406.37549577056376,355.3873655377383,295.9467105668332,214.5946292740641,98.11394508570895,22.840696214475194,4.047300004552341,0.9610083631599747,0.35976028829647827,0.19535899509438254,1.1605856109352333,5.075494117383513,11.86250658000739,17.76946485493467,21.578648604796026
114.64059676015754,10.049087236823235,12.20794656656223,13.821966164137265,14.447804353621995,13.86978185930746,12.20698996959831,9.821915126322265,7.131492030001446,4.466303967554993,2.0258826206120806,,,,,,,,,12.134404464842936,2.0611240271700306,1.4660537793953592,1.9138675245148022,2.4578648254822864,3.101337999488555,3.8628734486401752,4.754616152886475,5.7844490276346825,6.953273429540022,8.251047186581673,9.651999472869136,11.109511536478369,12.551612603511831,13.87856645750741,14.964363477407018,15.663618634248934,15.82313423174978,15.286209471879788,13.814353954497895,10.638778667641384,4.836469793420262,1.1919677846346315,0.7864999311472731,0.7845725558379254,0.3678942862838203,0.21578364463777122,0.7824636825251947,1.809480100749307,3.0851514484772515,4.7298450384263955,6.888179565490862,9.653430803288792,12.935360370894562,16.23356237349698,18.53964118659111,18.767222042273033,16.456130788648398,11.767961436435188,4.794257643006943,,,,,,,,0.1772330967607627,3.5458591342353682,10.979039180596441,21.11328125189938,27.745061309698194,34.88639771892333,43.840102860574774,55.46184700495,71.0023136376416,92.45204844426827,122.8090454726099,165.78913106257573,223.77200791622604,293.66701726905507,364.7940096528925,423.5910311390753,460.97600457913126,474.7677945654619,467.01377600297474,441.1549999605474,401.3307711141914,351.92029110486345,293.9397515650486,213.85909829578947,98.42732211770571,23.23738875684649,4.300446096270399,1.139070220530947,0.415788638650171,0.19907816955056853,1.1169373787263404,4.908978115973835,11.573252191674888,17.40928918936613,21.354598349499593
114.91784125050859,10.044562537838715,12.18388838167386,13.781650149273679,14.402247120509031,13.833536881643271,12.191433104263476,9.831370346145551,7.16394560851176,4.516410447704722,2.087704770694245,,,,,,,,,12.786523859167533,2.143225064431402,1.487981252326237,1.9393668579468504,2.4869593083837724,3.132692419958177,3.895844359482655,4.788353190891736,5.8177986119083585,6.984785917003029,8.279053927932722,9.67478612312815,11.125613149391361,12.560236557583757,13.880109233695862,14.960928414836717,15.659374335928705,15.82427018294482,15.299976301804053,13.845367705066602,10.67628046564327,4.8618452549235025,1.214622115934368,0.8089279276355353,0.8172340505292394,0.3759835219424063,0.22696695746762532,0.8025508291644115,1.8420205077613276,3.126843771018778,4.778964596946859,6.943029131377454,9.710046608579214,12.987013211153233,16.27449266605974,18.573384120242345,18.809474286438203,16.525199356716392,11.879092977067305,4.968365586935018,,,,,,,,0.1742259015077325,3.2090585036564003,10.432711259615964,21.053029660648573,27.84651652066355,35.00799238251179,43.97653820330481,55.63334401377648,71.24275004115364,92.80349115398923,123.29893209988975,166.36293135357772,224.16594536788946,293.30497037852945,362.9167477965045,419.68127313558585,455.1517132847215,467.7656003821718,459.8411892755949,434.7288171091437,396.25098969575777,348.39938340919497,291.8879334202988,213.15026319929657,98.84230641181759,23.69133877110001,4.584304594048678,1.3366365072922164,0.47756667959510746,0.20477689266275456,1.076353857477599,4.7496872938846755,11.294354926211003,17.053022687617528,21.116188844010633
115.19508574085962,10.039956936360058,12.159975552379112,13.741711808896012,14.357149436382889,13.797610309831963,12.1759085346215,9.84056819383593,7.1959410023604775,4.56596282112265,2.1489531620722135,0.03362789511390524,,,,,,,,13.46664427862454,2.2271778464224705,1.5096041136007479,1.9647564398957549,2.5160849225184236,3.1640569579409097,3.9287854289289124,4.82201765193508,5.851035790176157,7.0161553502206315,8.306903070630097,9.697422684160397,11.141596493440678,12.56879347205558,13.881640361984243,14.957514510664348,15.65512561238647,15.825277251049302,15.313337865636486,13.875416196977936,10.711965759426898,4.88634079661091,1.237403990122649,0.8322707551952985,0.851292806014922,0.38408849130464023,0.2377628959609904,0.8223154155679805,1.8745235049037121,3.168621213169631,4.828153475929404,6.997862201414198,9.766530276959895,13.038449793052113,16.315207883516972,18.606928350444473,18.85141463993761,16.59371418895538,11.989290725676394,5.1407445871149315,,,,,,,,0.17127943374551519,2.9146563570312822,9.911022784781682,20.979319192294838,27.945077364977298,35.129174218213265,44.113731113662126,55.80646970382327,71.48476641583025,93.15391583269452,123.77934810808044,166.90750088371107,224.4949321146234,292.8326667550102,360.900271855833,415.647297943203,449.25618710005205,460.7457927079964,452.6748762033669,428.30004121451776,391.1432787374485,344.8298707834301,289.79431666732756,212.46844571713902,99.3594316659467,24.205080304314247,4.900989125560338,1.5551041357803976,0.5453335224312732,0.21242486667472282,1.0386754957232778,4.5973152199478164,11.025350202245226,16.70233856099653,20.863965346852172
115.47233023121068,10.035273871338815,12.136208829420296,13.702147905419103,14.312506286525618,13.761999372804297,12.160417858316,9.849513850362728,7.227485016754101,4.614968050726905,2.2096344287637755,0.10107548681693977,,,,,,,,14.175252136609277,2.312899937435631,1.5308925301210643,1.9900142340553353,2.545237519359215,3.1954296248700844,3.9616950848731385,4.855608400609122,5.884160000382688,7.04738181032617,8.334595280211955,9.71991018672565,11.157462608661906,12.57728401734549,13.883159955416307,14.954121585634821,15.65087287786269,15.826157831061723,15.326300137187033,13.904514619156965,10.745908351916782,4.910078456245863,1.2603702501170984,0.8566023610473807,0.8868164259886167,0.39222937270086855,0.2482161085513215,0.8417828542696422,1.906991876594419,3.210481914277822,4.877409004241705,7.052676241718602,9.822880352775824,13.0896703425352,16.355709197292757,18.640275263130633,18.893045676233154,16.661679732620737,12.09856416353212,5.3114209140161766,,,,,,,,0.1683806345462933,2.656019929284506,9.416343542810738,20.893036381867695,28.04080382084501,35.250020779733674,44.25174980584543,55.98124498283141,71.72828837484799,93.50308409354207,124.24982400022043,167.4222438740302,224.75901426325814,292.2527257687156,358.7519400746089,411.5010197655529,443.3029219041863,453.7206483566459,445.52506746863645,421.8771277552333,386.0145055645563,341.2168633595773,287.6618404824295,211.81365433586694,99.97931303332712,24.78152678008045,5.252900645318433,1.796030430159244,0.6193464038034656,0.2219977105732921,1.0037545121860092,4.451567727852831,10.765759459307938,16.35867471988363,20.598695224403997
115.74957472156171,10.030516674114374,12.11258886872269,13.662955176493613,14.268312676596693,13.726701287622484,12.144962596027137,9.858212380715766,7.258584335375046,4.663432982563953,2.2697550813013425,0.16797987464614797,,,,,,,,14.912603894164958,2.4002825069250395,1.5518153568403923,2.01511716954927,2.574412745647878,3.2268084301899336,3.994571777810767,4.889124327249658,5.917170703400811,7.078465394117664,8.3621312277997,9.742249657436137,11.17321252555215,12.585708855881204,13.884668125567105,14.950749462182639,15.646616538794953,15.8269143128657,15.33886934949688,13.932680261072605,10.778188084027418,4.933184077687533,1.2835815556768977,0.8820037915171932,0.9238758779917756,0.4004272742447455,0.25837128909211216,0.8609817263120944,1.939429892289083,3.252424371832109,4.92672859860332,7.107468761711231,9.879095417619382,13.140675104033388,16.395997775962424,18.67342623471223,18.93436995040886,16.729100404071772,12.206922614574777,5.480420213933755,,,,,,,,0.16551038156048783,2.4277424945018735,8.95000225369075,20.79518316858325,28.1337693738609,35.370607913570865,44.39065808218944,56.15768495594861,71.97323490913884,93.850752389217,124.70989638746575,167.90661081513832,224.95837106896954,291.56797720511406,356.47920984160845,407.25408358165396,437.30477675389716,446.7016874979606,438.4013377071162,415.4680674750529,380.87126728248796,337.56534223554894,285.49331833709834,211.18558963860585,100.70263280783037,25.4239969454454,5.642758189085254,2.0611470899706927,0.6998803473651771,0.2334764773984872,0.9714540671174987,4.312162901988849,10.515104171756558,16.023221701329604,20.321361926142647
116.02681921191277,10.025688571537854,12.08911623586712,13.624130338668481,14.224563635105381,13.691713262030618,12.129544194491048,9.866668736826162,7.289245522946599,4.711364348457708,2.329321510228506,0.2343473505464193,,,,,,,,15.678658203687418,2.4891866251137724,1.572340028995761,2.0400412190524957,2.6036060361339173,3.2581913799249063,4.02741398054045,4.922564347643263,5.950067382651318,7.109406213676935,8.389511589825592,9.76444211866678,11.188847265139625,12.594068642203297,13.886164982587534,14.947397964616652,15.642356995312834,15.827549088573688,15.351052022991443,13.959932567360005,10.808890821166576,4.955787685701846,1.3071028704072385,0.9085639537233139,0.9625456069269814,0.40870422837131637,0.26827295883905594,0.8799435834314651,1.971843351576138,3.2944474655588523,4.976109770993458,7.1622373160137895,9.935174090405068,13.191464340123066,16.43607478516719,18.706382632111943,18.97538999916473,16.795980589031934,12.314375249920747,5.647767527494351,,,,,,,,0.16264651647552414,2.225402333960207,8.512505421518043,20.686859443598618,28.224061524627892,35.49100987755554,44.530515403808366,56.33579904607248,72.21951860756847,94.19667251622494,125.15910915834343,168.36010005997105,225.0933124350866,290.78144215462623,354.089594690325,402.91781883312865,431.27395080462503,439.69967206152995,431.3126085685673,409.08038403099675,375.719882534838,333.8801499183109,283.2914349188277,210.58364991097164,101.53012188210705,26.136244472879465,6.073634488054162,2.352375781669649,0.787227771318599,0.2468472243452043,0.9416474931854113,4.178830928682525,10.272916329686465,15.696921804814943,20.033150601657713
116.30406370226382,10.020792689018764,12.065791410380529,13.585670090849042,14.181254215688066,13.657032496843637,12.114164029419735,9.874887760414465,7.319475027749187,4.7587687685809765,2.388339989470196,0.3001840645867512,,,,,,,,16.472995948744668,2.5794392570174427,1.5924324512323367,2.064761488247558,2.632812607717446,3.28957647527704,4.0602201878549335,4.955927402728521,5.982849543726827,7.140204395994967,8.41673704777027,9.78648858846533,11.204367839050231,12.602364023081353,13.887650635256833,14.944066919312021,15.638094642728756,15.828064559555635,15.362854990355368,13.986293174243556,10.838108433080327,4.978023913610721,1.3310040104687981,0.9363804669657761,1.0029036434895058,0.4170831965937637,0.27796531247474604,0.8987027429385934,2.004239619351677,3.3365504799904353,5.025550135910641,7.216979506357148,9.991115027455347,13.242038331196499,16.475941387534327,18.739145812798608,19.016108340804866,16.86232464283019,12.42093109220096,5.813487307579754,,,,,,,,0.159765859574257,2.0453691560472067,8.10373278375709,20.569244584340947,28.31178215449242,35.61129945863119,44.67137696381321,56.51559111429396,72.46704587964284,94.5405921277373,125.59701463330596,168.78225922433273,225.1642757932822,289.896313471522,351.59062363351234,398.50319953620686,425.2219678656453,432.7246102301086,424.2671560734828,402.7211346412299,370.56638524829157,330.16598202438195,281.05874425502395,210.006936996651,102.46253654621455,26.92249134126651,6.548997070866339,2.671845415096408,0.8816980075951858,0.2621006273335139,0.9142175821779249,4.051313854211163,10.038745926583323,15.380477708532792,19.735425605287418
116.58130819261486,10.015832053493398,12.042614789843032,13.547571117552726,14.138379499215631,13.622656188194085,12.09882340829619,9.882874185763082,7.349279184072669,4.8056527539567435,2.4468166795793307,0.36549602970183553,,,,,,,,17.294727288714608,2.6708289987891747,1.6120568859977134,2.0892523151517874,2.662027455185595,3.3209617112742276,4.092988916220563,4.98921245829452,6.015516714016105,7.170860082602009,8.443808287902481,9.808390080476624,11.219775249578571,12.610595637611192,13.889125191035925,14.94075615491111,15.633829873016865,15.828463143071454,15.37428541762162,14.0117859265205,10.865938763974672,5.00003248670394,1.3553602635969528,0.9655606147804697,1.0450317053031977,0.4255880851319743,0.2874921214548353,0.9172960802540738,2.0366276505828984,3.378733125199803,5.075047417406841,7.271692983483038,10.046916922599195,13.29239737514572,16.51559874260162,18.77171712482291,19.056527475247336,16.928136890633006,12.5265990197581,5.977603436680776,,,,,,,,0.15684556982269449,1.884649896078017,7.723104368695102,20.443578602057595,28.39704774360822,35.73154808791864,44.81329376258349,56.69705958041348,72.71571718095521,94.88225525446089,126.02317470013953,169.17268638769625,225.171822400468,288.9159359954253,348.9898030785346,394.02081064785597,419.15966793612336,425.78576630499026,417.27262175395714,396.3969134575284,365.4165202588923,326.4273802081083,278.7976689709516,209.45426241931628,103.50063011621349,27.78746508615439,7.072755575309826,3.0219111432699055,0.9836166962192976,0.2792316328364244,0.8890559239135717,3.929365279882136,9.812165984031084,15.074368512003575,19.429700705169854
116.85855268296591,10.01080959631467,12.019586693840122,13.509830091971754,14.095934595751576,13.588581529651359,12.08352357306969,9.890632642415373,7.378664214617525,4.852022708888277,2.5047576308683444,0.43028912624528165,,,,,,,,18.142385291644704,2.763101624785741,1.6311758435888042,2.1134873776984806,2.6912453487312678,3.3523450754904633,4.125718703451305,5.022418504680071,6.048068442331994,7.201373429209411,8.470726001030615,9.830147603855979,11.235070489754845,12.618764117332194,13.890588756121673,14.937465502529667,15.62956307625005,15.828747278373212,15.385350820970354,14.03643687376572,10.892485588900104,5.021958764403607,1.3802530883170936,0.9962224098510314,1.0890152880837585,0.4342437720026413,0.2968966880858404,0.9357628235812233,2.069018004268425,3.420995555392758,5.124599455812062,7.326375449020222,10.102578507281569,13.342541787057332,16.555048006747157,18.804097906855336,19.09664988402106,16.993421627669186,12.631387770702323,6.140139243700883,,,,,,,,0.15386407512834938,1.7407663149405754,7.369718402037629,20.311143488917505,28.479989437822365,35.85182595121118,44.956312684610985,56.88019754352718,72.96542724159274,95.2214028327887,126.43716192571681,169.53103108841498,225.11663309274715,287.8437867206434,346.29458151216966,389.4808204413096,413.0972050458403,418.8916752396513,410.3360270789065,390.11385738516503,360.27574070581403,322.66872627988465,276.51050060628916,208.9241538162179,104.6451188061366,28.736439948917447,7.649316091491638,3.405175092440029,1.093325015767251,0.29823914070519836,0.866062293898128,3.8127500161167833,9.592775605791415,14.778871067879098,19.11760335069544
117.13579717331694,10.005728156065949,11.996707367735233,13.472443678859605,14.053914646341477,13.554805714197656,12.068265702747944,9.89816765780748,7.4076362328408285,4.897884933322543,2.5621687864280482,0.4945691063628207,,,,,,,,19.01380650227345,2.8559555441723776,1.6497499762840384,2.1374398078927292,2.720460833427558,3.3837245468602735,4.158408108375398,5.055544556467353,6.080504298543083,7.2317446053467,8.497490882255198,9.851762163202281,11.250254543417583,12.626870086324406,13.892041435505345,14.934194795963554,15.625294641984587,15.82891943217156,15.396059078740885,14.060274244281313,10.917858551311003,5.043954344141679,1.405770904702325,1.0284957852579488,1.1349437435992584,0.4430761461146888,0.30622184410160774,0.9541443546468984,2.1014228462975684,3.4633383850483535,5.1742042140605875,7.381024657313389,10.158098550673216,13.392471898919645,16.594290333125034,18.836289488227205,19.13647803028198,17.058183119437096,12.735305946819771,6.301117520227858,,,,,,,,0.15080171461348243,1.6116578922558054,7.042461873206625,20.17324528636953,28.560752963187447,35.9722020930867,45.10047657644472,57.064992902712795,73.21606529768984,95.55777323951051,126.8385606396102,169.85699510882182,224.999503540987,286.6834550881498,343.51231708952986,384.89295858622256,407.04405071640764,412.0501611627977,403.46379068249,383.8776540757611,355.14920707232693,318.8942374683533,274.1994009115352,208.41486175630962,105.89664118588195,29.775281857043925,8.283643462105658,3.824508780699639,1.2111787078735488,0.31912571253913996,0.8451440864032752,3.7012437113179133,9.380201497624068,14.494084574188003,18.80083477304394
117.413041663668,10.000590481298982,11.973976986304532,13.435408537240207,14.012314824664037,13.521325936094064,12.053050915885038,9.905483659825046,7.436201245248949,4.943245625147697,2.619055985039873,0.5583415981932008,,,,,,,,19.905999927871918,2.949037302557903,1.667737979093006,2.161082310863528,2.7496682308246507,3.41509809461427,4.191055710499725,5.088589652173817,6.112823873207575,7.2619737940156375,8.524103630729114,9.8732347584821,11.265328385281059,12.634914161317408,13.89348333302993,14.930943871896092,15.621024960568619,15.828982103365735,15.406418438130851,14.083328395250202,10.942173075488402,5.066177729700809,1.4320099896731056,1.062523926863455,1.182910340538112,0.45211215888513984,0.31550998801298163,0.9724840188318224,2.1338559410011317,3.5057627022986058,5.223859783527843,7.4356384171833,10.213475859781871,13.442188059337795,16.633326871603785,18.868293188967872,19.176014358824673,17.12242560191365,12.838362017349935,6.460560536290747,,,,,,,,0.1476411830615313,1.4956046819020443,6.740096912549024,20.031197314173447,28.639498389153637,36.09274451293062,45.24582432529576,57.251428477860664,73.4675153263145,95.89110283221189,127.22696798519206,170.1503330472894,224.8213390556609,285.43862356234774,340.65024821048775,380.26649958167036,401.0090023654416,405.268359244617,396.6617479376883,377.69355182424636,350.0417877488492,315.1079627748628,271.8664040428153,207.92436704058764,107.25571050535366,30.91049702019174,8.981332568872062,4.2830771119823545,1.3375468505465762,0.3418973008302705,0.8262157898110609,3.594632466856872,9.174098326883724,14.219956643846245,18.481127988898344
117.69028615401905,9.995399233203642,11.95139565720488,13.398721322959629,13.971130338548488,13.488139392622411,12.03788027297852,9.912584979296517,7.4643651536396485,4.9881108824280656,2.675424963986746,0.6216121099049652,,,,,,,,20.815007515767366,3.0419373069245594,1.6850964998170672,2.1843872871985344,2.7788616428125144,3.44646367735653,4.2236601096722435,5.121552853945055,6.14502677720954,7.292061191341049,8.550564949426247,9.89456638496485,11.280292981006722,12.642896951793519,13.894914551445614,14.92771257009434,15.616754424344323,15.828937826876478,15.41643751609277,14.105631737387093,10.9655502461227,5.088795066328072,1.4590754917010456,1.0984647629257025,1.233012303607212,0.46137988887889125,0.3248031561032693,0.9908269473742242,2.166332631268422,3.548270079242535,5.273564389283374,7.49021459359161,10.268709279556107,13.49169063326186,16.672158768712666,18.90011031985224,19.215261296103225,17.186153281747135,12.940564322638833,6.618490055616923,,,,,,,,0.1443678351934968,1.3911658662619442,6.461326637936973,19.88630490663364,28.716399743666912,36.21352025127186,45.39239093789398,57.43948213070384,73.71965628382199,96.22112649439477,127.60199493378641,170.4108526759606,224.58314899100276,284.113048641359,337.7154671197492,375.61025115616684,395.0001959936455,398.55274030004654,389.9351724452234,371.56637111053743,344.95806099088713,311.3137803625581,269.5134195720897,207.4503886054027,108.72265911699024,32.14928371126493,9.748689730033142,4.784363730643035,1.4728103317665895,0.3665629946895368,0.8091985012147358,3.492712446158097,8.974148233185748,13.95630938694351,18.16020586201435
117.96753064437009,9.990156988196233,11.928963424310766,13.362378691079755,13.930356431363307,13.45524328572137,12.022754778772882,9.919475852421241,7.4921337572937015,5.032486705579676,2.7312813617648883,0.6843860335763311,,,,,,,,21.73576130983908,3.1341860002487865,1.701780061339305,2.207326957087046,2.8080349578832573,3.477819242313643,4.256219925747897,5.15443324724392,6.177112641398744,7.322007006234849,8.57687554491153,9.915758033156024,11.295149287274477,12.650819060089196,13.896335192474446,14.924500733608747,15.612483428731416,15.828789176497422,15.426125293907008,14.127218632259902,10.988116645766748,5.111980944167491,1.4870825818565054,1.1364926282225998,1.2853508252442856,0.470908619979612,0.33414312258367207,1.0092198936826897,2.1988698071796633,3.5908625788947903,5.323316394659335,7.5447511091881285,10.323797692974857,13.540980001716541,16.710787167586847,18.931742182439343,19.254221250260866,17.249370336443263,13.041921077653768,6.774927350399086,,,,,,,,0.1409698868873301,1.297130646986195,6.204844118818608,19.739851905835256,28.791644485430233,36.334595464937784,45.54020761919538,57.62912688611422,73.97236234781586,96.54757818429826,127.96326725776896,170.63841508417568,224.28604080061726,282.7105424340923,334.71489652425606,370.9325472257467,389.02512252219356,391.90913756615913,383.2887990375119,365.50051753720896,339.90231814373794,307.5153959188725,267.1422362290222,206.99039216894718,110.29757420172469,33.49958649522376,10.592825410225277,5.332197380695889,1.6173599716175244,0.3931347784467225,0.7940194774341038,3.3952894835597394,8.780059743603866,13.70286438687591,17.839741298276344
118.24477513472114,9.984866240447273,11.906680270902942,13.326377298123365,13.8899883832743,13.422634823515116,12.007675384475311,9.926160423130115,7.51951275511355,5.076378999485136,2.7866307207040273,0.7466686489242179,,,,,,,,22.6619451335865,3.2252507640168946,1.7177409993364992,2.2298734849731594,2.83718185989868,3.5091627247743085,4.288733798258486,5.187229940540185,6.2090811162341595,7.351811460057473,8.60303612711997,9.936810688739554,11.309898251852834,12.65868108149893,13.897745356863737,14.92130820894521,15.60821237314891,15.828538766599486,15.435491104947882,14.14812526031115,11.010004139077557,5.135919270331454,1.5161577604286638,1.1768001209173777,1.3400310432097269,0.4807289336168792,0.3435715250719391,1.0277110851562337,2.231485863163903,3.6335427584772964,5.373114305037215,7.599245945708004,10.378740021121635,13.59005656154074,16.749213207923276,18.96319006911911,19.292896611149178,17.3120809145461,13.142440375391338,6.929893215587905,,,,,,,,0.13743853744032852,1.2124788405157951,5.96936780730267,19.593089067083795,28.86543284040825,36.456035489665204,45.68930185057977,57.820331053768534,74.22550316279742,96.87019148632041,128.31042645844295,170.83293460952007,223.93121379756124,281.2349549222139,331.6552691835225,366.24124498871987,383.0906471814247,385.3427751380697,376.72684793002026,359.4999959278639,334.87856800643567,303.71634192677556,264.75452629136447,206.54159977833024,111.98022400591807,34.97015174022623,11.521759482775122,5.9307787213555745,1.7715942382625998,0.42162729982593566,0.7806117197566126,3.302178696912101,8.59156629282514,13.45926578348698,17.521321392348963
118.52201962507218,9.979529404334206,11.884546122731175,13.29071380418233,13.85002151240341,13.39031122174307,11.992642989884896,9.932642745383722,7.54650774771885,5.1197935755535084,2.8414784894954725,0.8084651268907415,,,,,,,,23.585871799655685,3.314533879430034,1.732929418942824,2.251999103657568,2.8662958394519986,3.5404920477521045,4.321200386091065,5.219942064997626,6.24093187142916,7.381474786294702,8.629047409138893,9.957725332516628,11.324540813671085,12.666483604372896,13.89914514444281,14.918134846222557,15.60394166176468,15.828189252578417,15.444544615145832,14.168389457502034,11.031349590725293,5.160804208101965,1.546440340824725,1.2196001709271154,1.3971619759911504,0.4908728156039121,0.35313001218783263,1.0463500912903407,2.2642006437422943,3.676313668771789,5.422956770747711,7.653697145195953,10.433535223227194,13.638920725131266,16.787438025934108,18.994455263161406,19.331289750366615,17.37428913581246,13.242130190151636,7.0834079827298915,,,,,,,,0.13376802874905508,1.1363491252898033,5.753666354098348,19.447224444122625,28.937977011289455,36.57790488894652,45.83969746719904,58.0130583502503,74.47894408959195,97.18870016382789,128.64313064488945,170.99437855942358,223.51995267259485,279.69015700858256,328.5431103955536,361.5437257322704,377.2030313919604,378.8582975956451,370.25304968516673,353.56842536556815,329.8905422097492,299.91997777807444,262.35185054121115,206.10100042731537,113.76997384041287,36.57058265662495,12.544540257520406,6.584706792102465,1.9359165006762575,0.45205764474514787,0.7689135898717357,3.213204106683754,8.408424504913489,13.22510097309531,17.20641695685717
118.79926411542323,9.97414881682574,11.862560850940742,13.255384874893744,13.810451175869389,13.358269705095363,11.977658445440929,9.938926785414681,7.5731242394902845,5.162736153725636,2.895830025637544,0.8697805330914471,,,,,,,,24.498390308349062,3.401371927187065,1.74729317426773,2.273676237039982,2.895370207883721,3.5718051218869946,4.353618367177357,5.252568774165301,6.272664595602075,7.410997230230175,8.65491010699923,9.978502940355282,11.339077902889068,12.674227210218431,13.900534654180332,14.91498049930985,15.599671704023455,15.827743329901518,15.453295795667731,14.188050518343521,11.052294501560805,5.1868411790776365,1.5780841350678905,1.2651283383895129,1.456856406369898,0.5013737781785286,0.3628604106526565,1.0651877082592085,2.297035377949605,3.719178849263427,5.472842588983177,7.708102811022597,10.488182296682337,13.68757292018602,16.825462754303786,19.02553903875692,19.369403021296975,17.435999091375116,13.34099838071194,7.235491533346262,,,,,,,,0.1299556521230017,1.0680133401700513,5.556575258979007,19.303415744541542,29.009500269980524,36.70026748802559,45.99141473414232,58.20726802169243,74.73254645853893,97.50283871212167,128.96105536008983,171.12276672825428,223.05362082392824,278.0800244377029,325.3847232735166,356.84689892993646,371.3679566216579,372.4598004019343,363.87067068722945,347.70905496594116,324.9417014861714,296.1294906610625,259.9356637065915,205.6653619234162,115.66569119133624,38.31139130889891,13.671378352698508,7.299003978128509,2.110731759518797,0.4844451160830201,0.7588684546215931,3.128198263495139,8.23041235471991,12.999918679821072,16.89635840039541
119.07650860577428,9.968726739803937,11.840724274884083,13.220387183285998,13.771272770731953,13.326507508460919,11.962722554192606,9.945016423898982,7.599367640567509,5.205212364422911,2.9496905977947425,0.9306198311328757,,,,,,,,25.38884090994882,3.485037045316009,1.7607778750824457,2.2948776209759303,2.9243981139880715,3.603099845616288,4.3859864381981595,5.285109243664291,6.304278995926644,7.440379048630911,8.680624939467085,9.999144483136043,11.353510440970094,12.681912473797496,13.901913984231072,14.911845025922894,15.595402914937864,15.827203731627382,15.461754887359016,14.207148963013504,11.072984545101763,5.2142479203021885,1.6112593678615497,1.3136453595717388,1.519230701617224,0.5122669978828298,0.3728049098236967,1.0842758596090536,2.3300126025478365,3.7621423188187006,5.522770704618357,7.762461108664883,10.542680277005646,13.736013589450067,16.863288522152928,19.056442661071074,19.407238759146807,17.49721484390609,13.439052693374704,7.386163311876256,,,,,,,,0.12600171026551876,1.0068555851236325,5.377007356500775,19.162764581319887,29.08023594430484,36.823186392112035,46.14447042113835,58.40291496707223,74.98616782650173,97.81234291020628,129.263894350934,171.21817071570067,222.5336535512664,276.40842265776683,322.18617668477833,352.1572092198478,365.5905497475045,366.1508607018279,357.58253885949466,341.92478019593926,320.03524271415654,292.3478971541811,257.50732030945926,205.23124418737888,117.6656394618924,40.204043970448666,14.91379618523908,8.07913787929599,2.296442797274033,0.5188110140101331,0.7504243573346743,3.0470018853746117,8.057327296851835,12.783244345619504,16.592318425710275
119.35375309612532,9.963265362317994,11.819036164809042,13.185717411510483,13.732481734839801,13.295021878090145,11.947836073691924,9.950915458084204,7.62524326880454,5.247227750451788,3.0030653880822102,0.9909878858045249,,,,,,,,26.245078684000635,3.5647404869599133,1.7733269254180062,2.3155764219983324,2.9533725634200545,3.6343741056320975,4.418303314305733,5.317562670878049,6.335774797791217,7.469620509434933,8.706192627844194,10.019650926704239,11.367839340751958,12.689539963221177,13.903283231984206,14.908728287689264,15.59113571509814,15.826573224250359,15.46993235649666,14.225726266159484,11.093568983575926,5.243255583128443,1.646154848696582,1.36543995467295,1.5844045565578353,0.5235894699609898,0.3830062620803302,1.103667512176454,2.363156074144976,3.8052085616573224,5.572740209835441,7.816770266216364,10.597028237761164,13.78424319045866,16.900916454997493,19.087167386287692,19.4447992809905,17.55794042777147,13.536300764924091,7.535442338186424,,,,,,,,0.12190944004690131,0.9523551472742009,5.2139587360319455,19.026312495607304,29.150426310889284,36.94672398804892,46.29887787551322,58.59994986223445,75.23966223759591,98.1169503700337,129.55136027897086,171.28071305392925,221.96155116528524,274.6791926782957,318.95329570622823,347.4806458693037,359.87540949685547,359.93456819570224,351.3910693868203,336.21815956564353,315.17410662388437,288.578045457811,255.06808084386813,204.79501416591623,119.76736012430327,42.26099476294723,16.28479328936634,8.931037907929014,2.4934456902307414,0.5551784157023979,0.7435337136527758,2.969463505630663,7.888984424982447,12.574592924727442,16.295301558606944
119.63099758647637,9.957766802776694,11.797496244433509,13.151372252456833,13.694073547586106,13.263810072673651,11.932999717813718,9.956627603847688,7.650756351677097,5.288787768850273,3.0559594942714727,1.0508894661502066,,,,,,,,27.05358761295955,3.6396389161912803,1.784881599243841,2.335746353937379,2.982286440784108,3.6656257776500043,4.450567728867794,5.349928274643708,6.367151744454006,7.498721891442014,8.731613895773728,10.04002323182372,11.382065506518012,12.697110240047847,13.904642494102355,14.90563015016497,15.586870530378633,15.82585460175308,15.477838841436458,14.243824544950241,11.114199939725077,5.274109853312663,1.6829804335666672,1.4208319066578123,1.652500643100173,0.5353801799926386,0.393507997900185,1.1234166058567754,2.3964906703234017,3.8483825083927843,5.622750342454758,7.871028574597498,10.651225290414475,13.832262195272259,16.938347674716304,19.117714461662416,19.482086885819253,17.61817984917465,13.632750125462165,7.683347219660696,,,,,,,,0.11768490060386844,0.904072485804114,5.066511351534818,18.895038588615336,29.22032140676865,37.070941928820666,46.45464709316718,58.79831928475867,75.49288048759885,98.4164010817489,129.823185369079,171.31056615196735,221.33887206220075,272.8961379623919,315.6916544356822,342.82275435124177,354.2266335883974,353.81355580673994,345.2982902373533,330.5914315368244,310.3609860576365,284.8226181974936,252.6191182109812,204.35286253163403,121.96754343245462,44.49570064649845,17.799026717888903,9.861103705586316,2.702124628606016,0.593571952451054,0.7381530298979287,2.8954391318892627,7.725214705241385,12.373479264380904,16.00614011349494
119.9082420768274,9.952233111076843,11.776104193414044,13.117348411260446,13.6560437305851,13.232869364352341,11.918214158507963,9.962156497705605,7.675912028147021,5.3298977926934485,3.10837793192475,1.1103292484252858,,,,,,,,27.799705988896832,3.708843839870317,1.7953811588174589,2.3553617927233246,3.0111325343572686,3.6968527275006737,4.482778433237599,5.382205294945404,6.398409596710045,7.527683484017151,8.756889469048813,10.060262354136851,11.396189834069018,12.70462385937142,13.90599186655329,14.902550482798668,15.582607791286478,15.825050677734302,15.48548508975727,14.26148620395396,11.135031497323252,5.307072061970971,1.7219698090760815,1.4801754114287984,1.7236441467211963,0.5476802935053798,0.40435465481767335,1.1435779953851788,2.4300422798483536,3.891669511936554,5.672800482869486,7.925234387429275,10.705270584120246,13.88007109021289,16.975583299511488,19.1480851255709,19.519103854592178,17.677937086310436,13.728408201148493,7.829896162867921,,,,,,,,0.11333683072683155,0.8616376719450916,4.933833291694551,18.769858575957166,29.290177772460183,37.19590110045374,46.6117847873422,58.99796583976304,75.74567039190404,98.71043795351612,130.0791219935696,171.3079510669475,220.6672258104781,271.06301237885225,312.4065709896144,338.18864968098063,348.64784623750955,347.7900299020022,339.3058673059369,325.0465315081843,305.5983346838365,281.08413573330944,250.16152434050846,203.9008223294219,124.26188835149976,46.92260839533684,19.473004247204422,10.876201548528508,2.9228459976823276,0.63401758236217,0.7342426421539023,2.82479191666713,7.565863311718999,12.179426307902508,15.725495894256996
120.18548656717846,9.946666270674173,11.754859649704848,13.083642606712255,13.618387848267357,13.202197039649482,11.90348002748107,9.967505698771433,7.7007153504869565,5.370563112848032,3.1603256364598717,1.169311818942431,,,,,,,,28.467979335273977,3.771434487541908,1.8047630216522448,2.374397889889249,3.0399035633742746,3.728052812568896,4.514934196549469,5.414392992609178,6.429548132554396,7.556505586790848,8.782020075427424,10.080369244120973,11.410213210794868,12.71208136991306,13.907331444632474,14.899489158829288,15.578347931941831,15.824164275467394,15.49288188553849,14.27875353446601,11.156218599975054,5.342420243737983,1.7633836313868165,1.5438626857846676,1.7979621667353929,0.5605333643138561,0.4155920197381403,1.1642074018497075,2.463837681986957,3.935075318078568,5.722890149490306,7.979386120540092,10.759163305429338,13.927670375577769,17.012624443875833,19.17828060755832,19.555852450286732,17.737216089495345,13.823282316843043,7.975106984830145,0.002940747747955952,,,,,,,0.10887647924144894,0.8247408064157657,4.815177450304222,18.65162506454554,29.360257139280844,37.321661571043755,46.7702944549929,59.198828286733885,75.99787705686815,98.99880734441466,130.31894318953823,171.27313611285354,219.94826629422423,269.18350922604486,309.1031045114038,333.58303118682005,343.14222573351435,341.8657998659095,333.41512902899774,319.5851087529273,300.88837607082695,277.3649599121674,247.6963169314764,203.4347897077997,126.64495302237088,49.55710108729298,21.325285732789993,11.983643781031269,3.15595168291158,0.6765423570057414,0.7317664743589385,2.7573918396508637,7.410788081386325,11.991971385745106,15.453866723112721
120.46273105752951,9.941068200591404,11.733762211821833,13.050251572567378,13.581101508397127,13.171790400337983,11.888797917811893,9.97267869065214,7.725171286059741,5.410788939683098,3.211807465148403,1.2278416768136997,,,,,,,,29.042648008503445,3.826474311508524,1.8129629823540336,2.392830685486819,3.068592207772204,3.759223883586827,4.54703380555154,5.446490649000093,6.460567146853861,7.5851885093703695,8.807006444451325,10.100344847053233,11.424136515744337,12.719483314109981,13.908661322975803,14.896446055123864,15.574091388631691,15.823198215788691,15.50003996644442,14.295668266063442,11.17791571436055,5.380450080729314,1.8075130495063603,1.6123277986311515,1.8755829528947332,0.5739855623033652,0.4272673842845781,1.185361371221418,2.4979044149085916,3.9786060305784847,5.773018992603985,8.033482251069232,10.812902677902636,13.97506056535197,17.049472218552765,19.20830212839031,19.592334917965086,17.796020781306794,13.91737969864624,8.118997123875122,0.22200330757927272,,,,,,,0.10431741202009863,0.7931240346219891,4.709879153321398,18.541128848473036,29.43082507338898,37.44828252178969,46.93017644059043,59.40084166746972,76.24934315434511,99.2812595888949,130.54244310770972,171.20643531816373,219.1836849547664,267.26125132786126,305.7860540117801,329.01019841428433,337.71253183657143,336.04230685991485,327.6270903456318,314.2085431993618,296.23311303256014,273.667298202597,245.22444624874186,202.95054684462818,129.10999791719019,52.41538773694709,23.376684381873144,13.191144959552217,3.4017515762037864,0.7211741805355024,0.7306918138244562,2.693115401757092,7.25985809662549,11.810670863508973,15.1915967842091
120.73997554788055,9.935440757372723,11.712811441004272,13.017172058764881,13.544180362525163,13.141646764238596,11.87416838551311,9.977678883304252,7.749284719059075,5.450580404738303,3.2628281990473846,1.285923236590682,,,,,,,,29.508262999794447,3.8730310815941458,1.819915495751637,2.4106372212763088,3.0971911402663,3.7903637867939586,4.57907606446893,5.478497565727068,6.49146645102058,7.613732571052444,8.831849307272012,10.120190102972684,11.437960619696762,12.726830228196826,13.909981595556244,14.893421051920974,15.569838597911788,15.82215530268721,15.506969930330456,14.31227106835172,11.20027522082128,5.421475647424044,1.854683635296875,1.6860506599536498,1.9566349458786776,0.5880859212971877,0.4394298129725092,1.2070972367518054,2.53227063306439,4.022268070622061,5.8231867865640075,8.087521316136666,10.866487961628783,14.022242186896772,17.086127730499058,19.23815090010402,19.628553484824952,17.85435505671343,14.010707476343384,8.261583650102477,0.43866892306857236,,,,,,,0.09967529928142654,0.7665748562257384,4.617353155127863,18.439101024234677,29.502149588576163,37.57582216010572,47.09142799722252,59.603937435219656,76.49990919917872,99.55754951125859,130.74943739135006,171.10820674463142,218.3752041685812,265.29978219100155,302.45995886311647,324.47406789079554,332.3611327800709,330.3206516346476,321.94247590266866,308.91796195950076,291.63433716588446,269.9932081540079,242.74680191527077,202.44378714049859,131.6488248689059,55.51431492022937,25.65045442785853,14.50674681339001,3.6605152797370555,0.7679415599607671,0.7309891026972485,2.631845330945796,7.112952397589764,11.63510340779634,14.938889750962675
121.01722003823159,9.929785736977202,11.6920068632867,12.984400832557794,13.507620106371254,13.111763465965046,11.85959195102075,9.98250961483282,7.77306045221072,5.489942562346442,3.3133925448737473,1.343560830807837,,,,,,,,29.850405895121845,3.91020029600167,1.8255540277864317,2.4277956551628757,3.1256930606045326,3.8214703664710834,4.6110597949081225,5.510413064346652,6.5222458726889005,7.642138100546436,8.856549396477956,10.139905946651467,11.451686385232042,12.734122642288469,13.9112923556694,14.890414032496789,15.565589994217722,15.821038306483684,15.513682131133008,14.32860100119699,11.223445491291555,5.465829840741322,1.905259728955835,1.765561057263271,2.041245583459418,0.6028866074992083,0.45213042403243614,1.2294730816383677,2.566964953368267,4.066068130520963,5.873393420224727,8.141501911043516,10.919918452625348,14.069215780622457,17.122592082845077,19.26782812605456,19.664510360267307,17.91222278319442,14.103272685760928,8.40288327544321,0.6529785346022703,,,,,,,0.09496768689127301,0.7449204852810154,4.5370903050056715,18.346215735379953,29.574499739153115,37.704337615019284,47.254043344884465,59.808043585087226,76.74941382937948,99.82743692868375,130.939763484202,170.97885067995495,217.52457079638978,263.3025582035427,299.12910077231186,319.97819050445025,327.09003169896164,324.7016212894225,316.3617424223538,303.7142555243986,287.0936385056849,266.3446021258892,240.2642196435828,201.91014270879452,134.25161637791896,58.87107354656773,28.172444049562692,15.938702368852953,3.9324630282070085,0.8168733454153118,0.7326317439902867,2.5734702997010808,6.969958822310848,11.46487211071978,14.695823721551648
121.29446452858264,9.924104876622764,11.67134797148461,12.951934679566511,13.471416480151381,13.082137857603326,11.845069100635119,9.987174153246396,7.7965032084327435,5.528880391219009,3.3635051368144433,1.4007587124341794,,,,,,,,30.05646945160115,3.9371313319314183,1.8298114804579522,2.444285377902351,3.1540907318205536,3.8525414678534897,4.642983835802186,5.542236486072805,6.552905255396663,7.6704054356949465,8.881107445928585,10.159493307561622,11.465314666801493,12.741361080457555,13.91259369589821,14.887424882725238,15.56134600694485,15.819849944494706,15.520186563874843,14.34469491215982,11.247568612360473,5.513864339443713,1.95964918515651,1.8514425654094546,2.1295398274971005,0.6184432087606291,0.46542268261369757,1.2525476978855448,2.6020162899072155,4.110013121556643,5.923638885550074,8.195422686974107,10.97319348211954,14.115981899635662,17.15886637484509,19.297335000968175,19.700207735961385,17.96962780086947,14.195082271022422,8.542912363339388,0.8649720914797753,,,,,,,0.09021375542542723,0.7280230638274173,4.468654099233483,18.263093370415145,29.648144203465197,37.83388481525483,47.418013725869635,60.013084785762054,76.99769408865605,100.09068714121095,131.11328086685015,170.818807717543,216.63354993451728,261.2729418463499,295.7975070613616,315.52576927698817,321.900892336751,319.18571490018076,310.88510017015227,298.59809355710706,282.61241523091195,262.72325223531107,237.77748785387604,201.3452141395894,136.90678099546733,62.5027674422249,30.971181538637758,17.495307742726695,4.217755880954239,0.8679984594391433,0.7355959208954282,2.517884654024182,6.830772969306147,11.299605690032706,14.46236708897784
121.57170901893369,9.918399856572181,11.650834227085259,12.919770404748947,13.435565268840003,13.052767309340787,11.830600287902131,9.99167569816046,7.819617632459788,5.567398795988981,3.413170538283893,1.4575210572354713,,,,,,,,30.116437078618766,3.953055437985544,1.8326206967103211,2.4600871331085363,3.1823770182850026,3.8835749404173647,4.674847043398863,5.5739671914957265,6.583444458272446,7.698534923205553,8.905524190593262,10.178953109847853,11.478846310794518,12.748546060803834,13.91388570805617,14.884453490531984,15.557107056966727,15.818592859087218,15.526492738643174,14.360586780363928,11.272777710145466,5.565948885272868,2.0183084665528366,1.944336065975909,2.2216383593784355,0.6348150445482245,0.4793627058886166,1.276380536774306,2.637453676814903,4.15411011589202,5.973923264322998,8.249282348165197,11.026312415694598,14.162541109360154,17.194951701829545,19.32667271098688,19.735647785912825,18.026573922610645,14.286143086723783,8.68168693802379,1.0746885778599917,,,,,,,0.08543407076780438,0.715775568530541,4.411677268997998,18.190304054009555,29.72334986762479,37.96451835054303,47.58332745722211,60.218982512637616,77.24458571095904,100.34707140727375,131.269871221252,170.62855673699656,215.70391889597218,259.21419588178503,292.468955091582,311.1196773366146,316.79506391255916,313.7731679594623,305.5125334769278,293.5699402263036,278.19188336143355,259.1307954749189,235.28735412986296,200.74460245621466,139.60081212018608,66.42580346558101,34.07784766998533,19.184668375689977,4.516485272130307,0.9213456144717789,0.7398604281842752,2.464988153752611,6.695297275435054,11.138958954775465,14.23839460815301
121.84895350928474,9.912672301868827,11.630465062067188,12.88790483329891,13.400062302379876,13.023649210043468,11.816185934942819,9.996017382460566,7.84240829242867,5.605502608714229,3.4623932436231266,1.5138519660519214,,,,,,,,30.023586787552404,3.957314355670688,1.8339150504341706,2.475183141543093,3.2105449253322953,3.9145686415430085,4.706648291297115,5.605604560299888,6.613863355722401,7.72652691838595,8.929800366391811,10.198286272301692,11.492282155609859,12.755678095526438,13.915168483116723,14.881499745223605,15.552873552546647,15.817269593048202,15.532609543513683,14.376307006744751,11.299193834165818,5.622469612322833,2.0817479707550883,2.044942488074459,2.3176553830406945,0.6520654959473522,0.4940095792053018,1.3010316457908921,2.673306078846623,4.198366282500911,6.02424671290108,8.303079648517373,11.079274652291225,14.20889398713245,17.230849155150594,19.35584243371811,19.770832666529103,18.083064934156262,14.376461900007733,8.819222693429662,1.2821660373095023,,,,,,,0.08065032998122304,0.7080982788910579,4.365858504943441,18.128371288986486,29.800380418038184,38.096291316839384,47.74996998022538,60.42565518234552,77.48992340664685,100.59636740322459,131.4094385235938,170.40861279899767,214.73746144506012,257.12947847833505,289.1469776750097,306.76247592070644,311.7736050557684,308.4639755922298,300.2438202845499,288.6300690339607,273.8330863917975,255.568738956584,232.79453146718396,200.10394311816893,142.31816915027144,70.65505623092751,37.52606686769657,21.014385165923212,4.828662049924289,0.9769430179522137,0.745406514581199,2.4146857239717745,6.5634402009887145,10.982612699484363,14.023703068455172
122.12619799963578,9.906923784021984,11.610239880633964,12.856334811477122,13.364903455851511,12.994780967782031,11.801826433729143,10.000202273916855,7.864879681428677,5.643196590346751,3.5111776797481906,1.5697554669937506,,,,,,,,29.775041933922225,3.9493880884464363,1.8336291256850885,2.4895572305731526,3.238587640218116,3.945520440539289,4.738386470529707,5.637147990994815,6.644161837124553,7.754381784883955,8.953936710042527,10.217493708337571,11.505623031720729,12.762757690982365,13.916442111104201,14.878563536690093,15.548645884621909,15.815882562172506,15.538545096444565,14.39188165142125,11.326922360230167,5.683826068386088,2.150537383905993,2.15402421200972,2.417695965356844,0.670262354259352,0.5094256818753116,1.326561586236287,2.7096021890940776,4.24278881709007,6.074609444963989,8.356813387615547,11.132079623053414,14.2550411217549,17.266559822113443,19.3848453382798,19.8057645166952,18.13910459421943,14.466045392567072,8.955535001700627,1.487441595939694,,,,,,,0.07588510609397685,0.7049356984255742,4.33095938193674,18.077775624185172,29.87949495022847,38.2292551463136,47.9179239069396,60.63301828875875,77.73354114984355,100.83835966551752,131.53190906602848,170.15952496844682,213.73596230553702,255.0218392249032,285.8348693254776,302.4564322613612,306.8373067386983,303.25791452832465,295.07855069713804,283.7785771004292,269.5369048145152,252.038465240014,230.29970427329022,199.4189418545207,145.0411915003579,75.20275553666045,41.35142310060977,22.991145571531,5.15420518437396,1.0348180646350014,0.752217735070342,2.366887217272057,6.4351155129717,10.830273164815518,13.818026126179541
122.40344248998682,9.901155822642956,11.590158060875025,12.82505720737137,13.33008464957376,12.966160010312684,11.787522147314695,10.004233376755014,7.887036219015655,5.680485432161055,3.5595282077476478,1.6252355175592348,,,,,,,,29.372100041234827,3.928920156508157,1.8316994877439807,2.5031949695284275,3.266498574146482,3.9764282230198935,4.77006048969803,5.668596900647389,6.674339806527429,7.782099894429187,8.97793395891297,10.236576325970447,11.518869761743185,12.769785347743515,13.917706680969477,14.875644754463343,15.54442442140596,15.81443402502546,15.54430658625328,14.407331619926797,11.35604887824594,5.750426469868403,2.2253107141832222,2.2724043473270243,2.5218528335205797,0.6894781856755156,0.5256770203832615,1.3530313250389514,2.7463702131846643,4.287384866013865,6.125011712214413,8.410482406138907,11.18472679000804,14.300983113019013,17.302084785911887,19.4136825853403,19.84044545784772,18.194696634595957,14.554900162539763,9.09063892132473,1.6905514841192457,,,,,,,0.07116159529185448,0.7062538383768131,4.306801519545797,18.038958240240287,29.960946600403787,38.36345942307522,48.08716906384242,60.8409845404675,77.97527246653183,101.0728400140903,131.6372314082403,169.88187407957923,212.7012019588493,252.8942159850359,282.5356932112767,298.2035372282701,301.98671415814647,298.15456382750267,290.0161445311654,279.0153988789294,265.3040654910885,248.54123770844063,227.8035340814892,198.68541203923246,147.75005736693072,80.07704352686986,45.59057309544525,25.120205989673913,5.4929303763666395,1.094997015965593,0.7602798121667206,2.3215071865614347,6.310241657791471,10.681671178473781,13.621047987739512
122.68068698033787,9.89536988702905,11.570218956351518,12.794068911599018,13.295601849184738,12.937783785517931,11.77327341101389,10.00811363318926,7.908882252691429,5.717373757149894,3.6074491244311218,1.6802960066778503,,,,,,,,28.82029241055672,3.8957386238913703,1.828065546704295,2.516083811491131,3.2942714050902833,4.007289895614266,4.801669275155126,5.6999507246264205,6.704397182349676,7.809681626586894,9.001792850873414,10.255535027796004,11.532023160499442,12.776761560647714,13.918962280424783,14.872743286621837,15.540209502301126,15.812926049824013,15.549900102884624,14.422671801178293,11.386634540824113,5.822680608744828,2.306770451942275,2.400962791384242,2.6302025384124836,0.7097907080332401,0.5428335657093957,1.3805020935063617,2.78363763922778,4.33216144421305,6.17545378300377,8.464085580631707,11.237215644566087,14.346720571182313,17.337425125541767,19.442355327166783,19.87487759404555,18.249844760259816,14.643032726339195,9.224549204894227,1.8915310567535286,,,,,,,0.06650336979426572,0.7120377879672599,4.293263992456674,18.012324361145925,30.04498120515191,38.49895168575184,48.257682532633346,61.04946399973875,78.21495072289363,101.29960795569197,131.72537626008662,169.57627045667323,211.63495174540583,250.7494325383234,279.25228868150583,294.0055226230643,297.2221475341394,293.1533243650361,285.0558678675328,274.34031927955175,261.1351508347439,245.07820595761117,225.3066649456598,197.89931324579763,150.42280010886023,85.28015488661119,50.27979051514628,27.404755543201716,5.844538856362056,1.157504666613718,0.7695805052474485,2.2784646681382763,6.188741214459831,10.536561070037134,13.432415750712991
122.95793147068892,9.889567397708555,11.550421897617749,12.763366837945863,13.261451065662659,12.90964976179798,11.759080533536904,10.011845924909073,7.930422059349074,5.7538661213857765,3.654944663829046,1.7349407566805688,0.03796070843351862,,,,,,,28.129158275530326,3.8498712911853126,1.8226705118441884,2.528213241806891,3.321900121105864,4.038103390990151,4.833211771243214,5.731208916350191,6.734333897088722,7.837127368508155,9.02551412415757,10.274370710973832,11.545084035082478,12.783686818836808,13.920208995749816,14.869859018531226,15.536001431065316,15.811360478402971,15.555330457287733,14.437910161343977,11.418710863589238,5.90098968626456,2.3956900028097525,2.54062757722322,2.7428008821918106,0.7312831736612898,0.560969589988806,1.4090352048791144,2.8214309926947,4.377125347233054,6.225935918862192,8.517621817617053,11.289545705841523,14.392254116403354,17.372581915713308,19.470864707657213,19.9090630120447,18.30455264946027,14.730449520384726,9.357280306475953,2.090414812116664,,,,,,,0.0619341394300568,0.7222895067744486,4.2902809887444935,17.998246413723226,30.131835993664332,38.635777218172194,48.429438688330045,61.258364222967835,78.45240941338282,101.51847106589398,131.79633629703633,169.24335160359252,210.53896927854817,248.59019695479265,275.9872792481622,289.86387803757117,292.5437218096133,288.25343709675167,280.1968486168396,269.752986189727,257.0306077740361,241.65041116713303,222.80972848645536,197.0567905459301,153.03539546262914,90.80619178894368,55.45273433787656,29.845158977846143,6.208606717636762,1.222363998541372,0.780109487098418,2.237682974708852,6.070540420020208,10.394719434670076,13.251750310005978
123.23517596103997,9.883749727932285,11.530766193669784,12.732947923953157,13.227628355317815,12.881755428432342,11.74494379808118,10.01543307452828,7.951659846685422,5.78996701534648,3.702018998650526,1.7891735252025454,0.09622211999839952,,,,,,,27.311752476742473,3.7915537237225303,1.8154624320969774,2.5395749333109583,3.3493790638391103,4.068866673161946,4.864686940581053,5.762370947046509,6.764149897029225,7.864437514690687,9.049098517224545,10.29308426720644,11.55805318491925,12.790561605791986,13.921446911558531,14.866991831406652,15.531800468225972,15.809738887244645,15.560600991324067,14.45304679928472,11.452273989350868,5.985732187847048,2.4929131106543236,2.692359515896128,2.8596774982431303,0.7540447496416715,0.5801639957972275,1.4386918215822737,2.859775575366549,4.422283057413983,6.276458348931602,8.571090047038009,11.341716518770758,14.4375843781252,17.4075562267461,19.499211862381014,19.943003781382636,18.358823953815698,14.817156902757143,9.488846388610936,2.287236409234587,,,,,,,0.057477524621148975,0.7370257841126705,4.297839701106049,17.99706686965269,30.221738315970935,38.77397882948227,48.60240923479261,61.467590402599285,78.68748244797655,101.72924534857538,131.85012591035277,168.88377987509375,209.41499417766943,246.41910064677145,272.7430809166468,285.77986720465714,287.95136524770953,283.4540001305181,275.4380911157934,265.2529223843988,252.99075647134683,238.25879142687776,220.3133485633892,196.15421404848783,155.5619322682569,96.63850200789345,61.137202348902555,32.43808895046216,6.584575182140523,1.289595823284632,0.7918582268861482,2.199089498019706,5.955568759173014,10.25594380556135,13.078655812376264
123.51242045139101,9.877918205123967,11.51125113333397,12.702809131452362,13.194129819744745,12.854098295897662,11.730863463380139,10.018877846997958,7.972599754581136,5.825680865209565,3.748676241693992,1.8429980070182737,0.15410185371419052,,,,,,,26.383938187382316,3.721229219732184,1.8063953144800984,2.5501629079325157,3.376702971899313,4.099577743054576,4.8960937644035125,5.79343630551869,6.79384514195921,7.891612466742917,9.072546768625173,10.31167658272957,11.570931401829336,12.797386399356322,13.922676110524508,14.864141600696508,15.527606822700772,15.808062545573023,15.565713378243544,14.468072970772251,11.487278456872867,6.077244747563307,2.5993483855194586,2.8571275227862887,2.9808294631761223,0.7781708832539794,0.600500628835709,1.4695326620129707,2.8986951874525464,4.467640644371708,6.327021242306036,8.624489215007346,11.393727652027756,14.48271199440783,17.442349124453795,19.52739791860854,19.976701954446195,18.41266229839656,14.90316115476721,9.619261328935416,2.482028683813024,,,,,,,0.05315684313945175,0.7562763178617035,4.315978425716447,18.009100715483548,30.314904409869808,38.91359662518621,48.77656323784997,61.67704551048648,78.920004438048,101.9317555718745,131.8867808943415,168.4982401423379,208.26474412403334,244.23861804287165,269.5219107670913,281.75454378527223,283.444836934195,278.7539846384319,270.77848977857894,260.83953682457565,249.01579877477405,234.90418699402792,217.8181455515266,195.1882181133462,157.9748776782098,102.74673038437925,67.35062471769622,35.1755766424368,6.971742243265074,1.3592184134528087,0.8048198788173243,2.1626155207679925,5.8437586107959785,10.120051281568044,12.912727702049875
123.78966494174205,9.872074112287693,11.491875986590786,12.672947447041544,13.160951605740763,12.8266758961553,11.716839764712699,10.02218295097495,7.993245856448575,5.861012034115328,3.7949204472176583,1.8964178358140202,0.21160334310303616,,,,,,,25.363539858118866,3.639540378785769,1.795430308421195,2.559973703969227,3.4038670237702884,4.130234644286408,4.927431242949674,5.824404497921007,6.823419604888987,7.91865263315,9.095859616873353,10.330148538293798,11.583719470083363,12.804161671749876,13.923896673062798,14.861308194256063,15.523420642607674,15.806332370524274,15.570667414400097,14.482970090505416,11.523630551789399,6.175796800138382,2.7159562283331873,3.0358713038593024,3.106213815375611,0.8037636356679844,0.6220685615408489,1.5016176355649775,2.9382118319777897,4.513203659929308,6.377624678305644,8.677818275860522,11.445578695731642,14.527637611203746,17.476961670010926,19.555423995343734,20.01015956655564,18.466071281812187,14.988468482437982,9.74853872642613,2.6748236627131705,,,,,,,0.04899491263460224,0.7800818713973072,4.344784834387494,18.034637505043023,30.41153820853744,39.05466777065229,48.95186715624749,61.88663044265507,79.14981098027182,102.12583557954562,131.9063580732641,168.08743746442784,207.08991124003768,242.05110682870713,266.3257956992106,277.7887665484012,279.0237432018307,274.1522496490977,266.21684183128286,256.5121353475996,245.10582638614625,231.58734545949162,215.3247402053785,194.15573962302778,160.24544473151465,109.0837064350851,74.09410368064415,38.044034768862986,7.36925616416688,1.4312471247973317,0.818989175795031,2.128196037446419,5.735044944598921,9.986877145856635,12.753559440126397
124.0669094320931,9.866218689373511,11.47264000584421,12.643359882526243,13.12808990519725,12.799485782903774,11.702872914872069,10.025351040162306,8.013602160548398,5.895964823398599,3.8407556122698137,1.949436585898693,0.2687299498603853,,,,,,,24.269442273199093,3.5473125497265996,1.7825369395932669,2.5690065479235673,3.430866879917299,4.160835469137131,4.958698395902512,5.855275047543623,6.852873271776002,7.945558429049233,9.119037800319179,10.348501009157124,11.596418166460078,12.810887889571118,13.925108676962418,14.858491470320821,15.519242005242784,15.80454887943642,15.575460803002835,14.497708722724756,11.561181362918463,6.281557721137376,2.843724354141708,3.229447318724929,3.2357388547995507,0.8309319607885363,0.6449623309979658,1.5350053933911834,2.9783454005751238,4.558977027693224,6.428268614719871,8.731076183503816,11.497269258927407,14.57236188157469,17.511394919808797,19.583291203342466,20.043378636039105,18.51905447628571,15.073085017916442,9.876691907278484,2.865652576981649,,,,,,,0.045013870547347866,0.8084924724863524,4.3843943774652,18.073942956080916,30.511830190268835,39.19722624874074,49.12828487064104,62.09624416543192,79.37673893795107,102.31132857686823,131.9089348708226,167.6520947772863,205.89215879013474,239.85880870036308,263.1565812626229,273.8832139123634,274.68755300079533,269.6475557636817,261.75185916126856,252.269930756522,241.2608287316377,228.30892680518085,212.8337570966622,193.05405465665342,162.34406556451233,115.58245578392295,81.34495816511175,41.02333771637649,7.776111327553477,1.5056940105706962,0.834362327424567,2.0957695837710637,5.629365061759535,9.856273502589168,12.600748007507093
124.34415392244415,9.860353134603123,11.453542427130714,12.614043475308995,13.095540954953448,12.772525531798719,11.688963105095912,10.028384714604714,8.033672611278217,5.930543473791057,3.886185677977047,2.002057773856338,0.3254849661475369,,,,,,,23.120718641644736,3.4455300478145445,1.7676943722655565,2.5772635293580013,3.457698723739437,4.191378364649359,4.989894262870294,5.886047494608006,6.8822061412524,7.9723302760052235,9.142082057027157,10.366734865068112,11.609028260298468,12.817565513787114,13.926312196971324,14.855691275261057,15.515070906206335,15.802712139295611,15.580088930836675,14.51224757314996,11.599719721784629,6.394555172688188,2.9836267382437764,3.438553253144855,3.3692541072910487,0.8597918981322128,0.6692821092723453,1.5697527811769494,3.0191133398898367,4.604964927513258,6.478952854072408,8.78426188205552,11.548798966849244,14.616885464845222,17.545649925290245,19.611000645140564,20.076361164311834,18.571615427722023,15.157016820789039,10.003733930406604,3.054545873445214,,,,,,,0.041235012635950176,0.8415656224915562,4.434988766839258,18.127260058965422,30.615956271397238,39.34130261330144,49.30577771093468,62.305783862848244,79.60062671915827,102.48808739032962,131.894608825267,167.19295061036914,204.67311819947,237.66385057769162,260.0159405037195,270.03839782603177,270.4356122453081,265.2385778423566,257.38217931592607,248.11205231925564,237.48070052483223,225.0695083363205,210.34582761661952,191.88081288794226,164.24096740891474,122.15377242760188,89.0480414880904,44.08607657260477,8.191146927739753,1.5825674302825172,0.8509369217646229,2.065278074345537,5.526658373978038,9.728107951101887,12.453898315156604
124.6213984127952,9.854478605751636,11.434582471274123,12.584995288736486,13.063301036634028,12.74579274064998,11.675110505966568,10.031286521957576,8.053461090429062,5.964752166592226,3.9312145307988304,2.0542848601414656,0.3818716167994175,,,,,,,21.93585627696139,3.335306560406652,1.7508926744683262,2.584749776784242,3.4843593010127263,4.22186153882583,5.021017903915509,5.916721396068866,6.911418224358637,7.998968601792208,9.164993124656949,10.384850970260393,11.621550513549813,12.824194999712546,13.927507304319985,14.852907441101523,15.510907247664937,15.80082171343785,15.58454463903145,14.526532496875404,11.638965265718682,6.514623594162831,3.136559192393533,3.6636258536033774,3.5065388575397813,0.8904666382317963,0.6951337776534192,1.60591417898626,3.0605302979361704,4.6511706751054716,6.529677007979333,8.837374295785718,11.6001674579494,14.661209025689397,17.57972773276824,19.638553415061,20.109109135956313,18.62375765577582,15.240269879323316,10.129677592587695,3.241533224892176,,,,,,,0.03767865096044453,0.8793644882247998,4.496794480087389,18.1948096700657,30.72407674319145,39.48692374031743,49.484304482235025,62.51514508527939,79.82131455105942,102.65597470039471,131.86349705352245,166.710756841096,203.43438638403248,235.4682462266412,256.90538276892454,266.25467697757443,266.267157171322,260.92391670976104,253.10637568734356,244.03755469129172,233.76524901534802,221.86958947540626,207.86159253746098,190.6340690243422,165.90684110919818,128.68493937375277,97.10661301491737,47.197136120606,8.613048963458358,1.6618716553599657,0.8687118302559041,2.036666648206174,5.426866215975739,9.602262311780773,12.312626651241798
124.89864290314624,9.848596221392803,11.415759344992027,12.556212412409446,13.031366476451732,12.719285029584194,11.661315268266168,10.034058958716527,8.072971418413154,5.998595024817294,3.9758460037418892,2.106121250621205,0.4378930614507828,,,,,,,20.732126969935887,3.2178515475136824,1.7321340556536917,2.5914736321344205,3.5108459574549866,4.252283266865544,5.0520684001190626,5.947296325428606,6.940509544283556,8.02547384018115,9.187771740347678,10.402850183442087,11.633985680822779,12.830776796968646,13.928694066192014,14.850139782809423,15.506750825743385,15.798876605582594,15.588817989096793,14.54049553870534,11.678561933274427,6.641342332296984,3.3032431151780823,3.904707290890765,3.647289193052655,0.9230864057252639,0.7226288680495141,1.6435407121208654,3.1026077499284983,4.697596597173937,6.5804404596844694,8.890412318361623,11.651374380696677,14.705333233150183,17.613629383222573,19.665950599230886,20.14162451879174,18.675484653916513,15.32285011163138,10.25453543323276,3.4266435388653083,,,,,,,0.034363991800645664,0.921956052499829,4.570081217778618,18.276790566347287,30.836335253451175,39.63411257859628,49.66382148978736,62.724221899192635,80.03864474978089,102.81486324681715,131.8157356678018,166.20627649600988,202.1775233845883,233.273898241744,253.82626241196851,262.5322693258412,262.18132674363795,256.7021099293497,248.92296692063374,240.04542627777593,230.11420091872895,218.70959640688156,205.381704131673,189.31231062022238,167.3135836247568,135.04029335052343,105.37426063052717,50.31375728305373,9.040355926531008,1.7436064746287636,0.8876871152986501,2.009883521900346,5.32993168695353,9.478631412880652,12.176563293033167
125.17588739349728,9.842707062112085,11.397072241948043,12.527691962455714,12.999733644993452,12.69300004118597,11.647577523811034,10.03670447141685,8.092207355465604,6.032076114308902,4.020083877542016,2.1575702980639213,0.49355239658382255,,,,,,,19.52512555691492,3.094434647931337,1.7114340423099113,2.597446820910867,3.5371566740546156,4.282641897392272,5.083044854182943,5.977771872559273,6.969480136104508,8.051846430729455,9.210418640605763,10.420733357787904,11.646334509429947,12.83731134943572,13.929872545128365,14.847388095326586,15.502601317032292,15.796875201322338,15.592896025584517,14.554054024200745,11.718072271173027,6.773963955954968,3.484087721535069,4.161276828802556,3.7911035633381633,0.9577880882838034,0.7518843245708956,1.6826793159953082,3.1453536033666367,4.744243902413828,6.631242324879074,8.943374801410064,11.702419390135956,14.749258759588823,17.647355912079732,19.693193275575695,20.173909263960052,18.726799889477856,15.40476336675051,10.37831973881477,3.6099049650969333,,,,,,,0.03130903363604582,0.9694092030451761,4.655160236020862,18.373378940991472,30.952857833594063,39.78288790191289,49.844282563221434,62.93290703795858,80.25246198520095,102.96463600604804,131.75147914838965,165.68028160696105,200.90405029490344,231.08260034240976,250.77978736042007,258.8712639561176,258.177174153414,252.57164169693908,244.83042558455418,236.13459705281545,226.52720902592552,215.58988656359313,202.90682785139646,187.91448163353058,168.43508756118857,141.0643319527126,113.65017967350012,53.38624075679363,9.47146848494412,1.8277668029413294,0.9078639399828375,1.9848798497478728,5.235799517107159,9.357121944226854,12.045354406144778
125.45313188384833,9.836812171675238,11.378520343760334,12.49943108176483,12.9683989569821,12.666935440611677,11.633897386243664,10.039225457801145,8.111172602818336,6.065199444832429,4.063931881808726,2.2086353035792254,0.5488526574996392,,,,,,,18.328478670141763,2.966350110497815,1.6888225534424037,2.602684614657437,3.5632900997854233,4.3129358586129305,5.113946391060249,6.008147643535388,6.998330046536109,8.0780868185752,9.232934561196544,10.438501340930262,11.658597739425513,12.843799095182439,13.931042798367141,14.844652150357179,15.498458264217877,15.794815207223095,15.596762536886363,14.567109721216832,11.756972998829186,6.911335028596331,3.679001173363276,4.432048305130802,3.9374669514150833,0.9947145180639195,0.7830220258805669,1.7233716374044714,3.188771782484664,4.791112548844596,6.682081410925401,8.996260542423432,11.753302144217804,14.792986279556828,17.680908348966103,19.720282513824532,20.205965305990507,18.777706803707403,15.486015425644041,10.501042546933766,3.7913449016349423,,,,,,,0.028530484995450668,1.0217927431067693,4.752382465251638,18.4847273228248,31.073751972237197,39.933264064578744,50.025639080516754,63.14109205357441,80.46261354001054,103.10518634045361,131.67089967642295,165.1335511297478,199.61544747351343,228.8960399391897,247.76702750361022,255.27163226748698,254.25367744872892,248.53095190369157,240.8271861431781,232.30394585533477,223.00385849276768,212.51075294811886,200.43764357423967,186.44000115389136,169.2480431004081,146.58788832022532,121.68072939360279,56.359405062008506,9.90466332932508,1.9143422966847785,0.9292444795100349,1.9616095909471782,5.144415955642852,9.237651380884474,11.918663344095004
125.73037637419938,9.83091255816525,11.360102820957875,12.471426940190591,12.93735887101553,12.641088915685085,11.620274951797612,10.04162426795226,8.129870803841973,6.0979689711358445,4.107393696141061,2.2593195180071675,0.6037968202165498,,,,,,,17.153709005422137,2.8348830981600655,1.6643448353037233,2.6072059819778226,3.5892455813421615,4.343163664353986,5.144772158610622,6.038423260472973,7.027059333683777,8.10419545423741,9.25532023703738,10.456154974956545,11.670776103643485,12.850240466375963,13.932204877114394,14.841931692876525,15.494321060831474,15.792693587679372,15.600397815813563,14.579548093034006,11.794652332101192,7.051814173053802,3.887144115957528,4.714740759115637,4.085733887038004,1.0340132855610897,0.8161679938828817,1.7656527544167422,3.232861792593025,4.83820110798268,6.7329561746273505,9.049068272025378,11.804022299888569,14.836516468598544,17.714287717441195,19.747219375498805,20.237794562879415,18.82820881180414,15.566612002124558,10.622715650042352,3.97098999970826,,,,,,,0.026043701696335745,1.0791733109375141,4.862136313903737,18.610962905337388,31.199105736673395,40.085250762445256,50.20783999208128,63.3486674692087,80.66894956243605,103.23641811911159,131.5741864305076,164.56686893182152,198.3131530272328,226.7158009288405,244.7889228703402,251.73323850351468,250.40974934188245,244.57844441820143,236.91165226742598,228.55230718176657,219.54367281179853,209.4724282839033,197.97484642516858,184.88877680897724,169.7327117855817,151.43749926535526,129.1701394482503,59.174829375081444,10.33811119236896,2.0033169802911495,0.9518318338769367,1.940029383179886,5.0557286772413415,9.120146977800287,11.796171450743893
126.00762086455043,9.825009195085357,11.341818833903258,12.443676734723507,12.906609889296252,12.615458176963177,11.606710300035408,10.043903205404108,8.14830554517105,6.130388593989674,4.150472951208154,2.309626143263315,0.6583878032971446,,,,,,,16.010229788951882,2.701279397319673,1.638062213600911,2.6110337239555927,3.6150231895284812,4.37332391991454,5.1755213282745,6.068598361380568,7.055668066798693,8.130172793418776,9.277576402094011,10.473695096397,11.682870327727649,12.856635889183398,13.93335882573915,14.839226437388762,15.490188935133919,15.790506499734377,15.60377842173577,14.591237665067213,11.830409602572196,7.1931957053600035,4.106627585686721,5.005840307921604,4.235110711205977,1.075834932737667,0.8514511965422789,1.8095496976722905,3.277618265355989,4.8855066264364035,6.783864678707553,9.101796640636026,11.854579508950481,14.879850001972521,17.747495034709562,19.77400491388862,20.269398936161625,18.8783093029633,15.646558743701663,10.74335059884661,4.148866167393051,,,,,,,0.02386264274193504,1.1416131995623684,4.984845041897385,18.75218527443952,31.328986944113723,40.23885280137714,50.390831845385165,63.555522932425816,80.87132331198642,103.35824581017167,131.46154485114803,163.98102185489336,196.9985615536618,224.54336667989844,241.84629157052328,248.25584964185495,246.64424623751995,240.712494636342,233.08220352465787,224.8784774968233,216.14611947048257,206.47508899270255,195.51914718762708,183.26121245439288,169.87362845605003,155.44747778352715,135.80201152102194,61.77379285768477,10.769898867687584,2.0946688882384907,0.9756299414233888,1.9200984223880428,4.969686704255587,9.004544834943433,11.67757845691997
126.28486535490147,9.819103022429074,11.323667533661803,12.41617768963361,12.876148557333687,12.590040957792972,11.593203494554485,10.046064528213236,8.166480357794885,6.162462161200952,4.193173229799688,2.3595583336369574,0.7126284696063314,,,,,,,14.905439233359589,2.56671965776404,1.6100526219266929,2.614194589508315,3.640623741931449,4.403415327672804,5.2061930957570715,6.098672600015306,7.084156326042212,8.156019296813227,9.299703789283276,10.491122536223637,11.694881130158276,12.862985783638756,13.934504680895094,14.836536063892018,15.48606093314149,15.788249226060618,15.606876946179437,14.602029527578905,11.863457711448287,7.33265123951783,4.334174052919061,5.3003862136100315,4.3846377370191485,1.1203303323925184,0.8890018320285152,1.8550797573732218,3.3230304866631064,4.933024485583124,6.834804547172695,9.154444204569156,11.904973413696714,14.922987553301164,17.780531311297445,19.80064017403464,20.30078031097499,18.9280116403905,15.725861232353306,10.862958705368342,4.324998572154073,,,,,,,0.021999843930210414,1.209168072823942,5.120963574002177,18.90846352816811,31.463442385221683,40.39406987524395,50.57455881057738,63.76154736897529,81.06959139763215,103.47059454479798,131.3331958770164,163.37679785739365,195.67302312927677,222.3801231731537,238.9398374801037,244.8391446612376,242.95597652553062,236.93145634630605,229.33720148393505,221.28122108395488,212.81061530113553,203.51885899632887,193.07127232054137,181.55820986691336,169.66018801612827,158.4734750642865,141.27063576698396,64.10068581719052,11.198054857312775,2.1883697273607434,1.0006434928772672,1.9017783483941537,4.886240342266281,8.890789031299292,11.562602550731201
126.56210984525251,9.813194947713544,11.305648062840092,12.388927056583668,12.845971463637191,12.564835014339334,11.579754583664002,10.048110450010105,8.184398718128286,6.194193468602438,4.235498067848923,2.409119197046569,0.7665216280026861,,,,,,,13.844884537135165,2.432298844977238,1.5804108676350523,2.6167193659814827,3.666048821531522,4.433436692391724,5.236786681717966,6.128645645750642,7.112524202250668,8.18173542991618,9.321703130372804,10.508438119842047,11.706809222273778,12.869290563499963,13.935642470558747,14.833860213569611,15.481935900814745,15.785916106351678,15.609661783919385,14.611756996747141,11.892928916762944,7.46670585923783,4.564787855091967,5.591831451244229,4.533172247032224,1.1676470136478898,0.928948958220724,1.902248563033672,3.3690819094885462,4.980748260072977,6.885772919766318,9.20700941160866,11.955203642324992,14.965929793138805,17.813397550720072,19.82712619269133,20.33194055613314,18.977319161335902,15.80452498521667,10.981551045706501,4.499411642334982,,,,,,,0.020466408053967187,1.281884578836691,5.270974607214004,19.079832786720427,31.6024971031762,40.55089635549424,50.758962707574575,63.96662913698402,81.2636140078194,103.57340015289809,131.18937515699355,162.75498424098646,194.33784252916647,220.22736226423697,236.07015765323152,241.48272320675144,239.3437081821294,233.233667954615,225.67499527347726,217.75927545738958,209.53653152929473,200.60381334201332,190.63196360038128,179.78116428876442,169.08707809250717,160.40568253559266,145.31761684992674,66.10654456459352,11.62057807790507,2.2843845645657797,1.0268778455614962,1.8850331360452202,4.8053411269466055,8.77883082523107,11.450980190451846
126.83935433560356,9.807285846987801,11.287759556376702,12.361922114717615,12.816075239394163,12.539838125599106,11.566363601044696,10.050043141016253,8.20206404905437,6.225586261017761,4.27745095542291,2.4583117962527,0.8200700349644034,,,,,,,12.832467939076126,2.299011157514819,1.5492486009988948,2.618642940158661,3.6913007908987843,4.4633869261557795,5.267301332455505,6.158517183443896,7.140771796707061,8.20732166284349,9.343575155888153,10.52564266708563,11.718655308287023,12.875550636078808,13.93677221298594,14.831198484199938,15.477812465437166,15.783500467381675,15.612096911671893,14.620235455696777,11.917884358875535,7.591268530453978,4.791518533429781,5.87204364487384,4.679373619923496,1.2179241396998803,0.9714173066260142,1.9510479274942658,3.4157496549722866,5.028669575991612,6.936766405730103,9.259490586116268,12.005269804140358,15.00867738746391,17.846094749105884,19.853463998288788,20.362881524185816,19.02623517709682,15.882555455220935,11.09913846250149,4.67212906770704,,,,,,,0.019272010435213628,1.3597978676582725,5.435383849845069,19.266290097769623,31.746153732324416,40.709321094368384,50.94398303507626,64.17065618140688,81.45325513174548,103.66660917093769,131.03033224201505,162.11636596458942,192.99427866420928,218.0862850384111,233.23774944984083,238.18611367610822,235.8061757217501,229.61745811728002,222.09392662585495,214.31135635774166,206.32319852810951,197.7299816519496,188.2019774106746,177.93195380690784,168.15452692577406,161.1795266598606,147.76624355693576,67.75228725673914,12.035468868807763,2.382671545281255,1.0543389374579963,1.869828991570101,4.726941780415885,8.668627918285846,11.342465718194552
127.11659882595461,9.80137656580507,11.270001142305848,12.335160170721792,12.786456558136377,12.515048093401193,11.553030566370698,10.05186472904224,8.219479720949405,6.256644233205802,4.319035337688604,2.5071391500321596,0.8732763961515504,,,,,,,11.870672064364204,2.1677402870468616,1.5166939602988714,2.62000432484863,3.7163828016535136,4.493265052881254,5.297736320580205,6.1882869133194225,7.168899220918277,8.232778470146942,9.365320595021432,10.542736992210827,11.73042008529323,12.88176640204527,13.937893915582979,14.828550425276763,15.473689016212655,15.78099455200532,15.614141676610386,14.627262395672957,11.93732757563791,7.701736614041421,5.0054391266721945,6.131518175325702,4.821692277091208,1.2712857856751942,1.0165230945219283,2.0014534532163184,3.4630040059310447,5.076777969616848,6.98778103711904,9.311885913723586,12.055171484559564,15.051230996098656,17.87862389480775,19.879654610876827,20.393605051481725,19.074762973027152,15.959958031628643,11.215731567109144,4.8431737991602954,,,,,,,0.01842491843815102,1.4429290262422796,5.614714213723071,19.467789750404414,31.894391901360912,40.86932724380326,51.129557001991806,64.37351618857521,81.63838277136993,103.75017882225094,130.85632976063033,161.46172404852237,191.64354422121733,215.95800523016712,230.44301737040772,234.94878075081522,232.34208654109167,226.08115081836715,218.59233444506202,210.93616235301343,203.16991028715583,194.89735139841684,185.7820837035403,176.0129226916026,166.8683474393686,160.78193283052403,148.5451617595611,69.01123138511227,12.440761385323322,2.4831816480942535,1.0830332008563561,1.856134253846069,4.650996175540856,8.560143779138983,11.236830823740771
127.39384331630565,9.79546792016944,11.252371942475563,12.308638558869708,12.757112135383926,12.490462742384086,11.53975548591579,10.053577300449847,8.236649052677572,6.287371030781909,4.360254615849583,2.5556042343099987,0.9261433679067718,,,,,,,10.960787132223707,2.0392546027884655,1.4828908744274034,2.6208466463536118,3.741298798876393,4.523070212344548,5.328090945667648,6.217954550847565,7.196906596393403,8.258106330639546,9.386940175539761,10.559721903888486,11.742104243274134,12.887938255212228,13.939007573688041,14.825915532839359,15.469563684112948,15.778389447435357,15.615750596980536,14.632617675440482,11.950222043946729,7.793189553350814,5.1959811747364375,6.359861342553547,4.958364554678929,1.3278321061295162,1.0643686263383731,2.053421907924784,3.5108078980907,5.125060747799051,7.038812221927919,9.364193425682865,12.104908239927573,15.093591271049485,17.91098596797959,19.90569904206798,20.42411295822691,19.1229058085371,16.036738040525645,11.331340741517904,5.012568047664321,,,,,,,0.017932023541829815,1.5312824505441294,5.809498765757072,19.68423802156153,32.04716770688393,41.03089209204639,51.31561956178919,64.57509674067923,81.81886914361183,103.82407697040333,130.66764258214906,160.79183407078614,190.28680549162263,213.84355268294001,227.6862795929581,231.77013239709768,228.9501266954482,222.62306993620604,215.16855892830756,207.6323790664782,200.07592860489052,192.10587100707056,183.37306466009088,174.02685895726225,165.23977222006758,159.25199583007318,147.69521342403885,69.87056439868697,12.834556342143033,2.585858481110716,1.1129674753470233,1.843919300279003,4.577459306847053,8.45334702411269,11.133863899124139
127.6710878066567,9.789560697450062,11.23487107324001,12.282354641038353,12.728038728299921,12.46607991996513,11.52653835313362,10.05518290109706,8.253575312565689,6.317770251115602,4.401112148057554,2.603709983256505,0.978673558694479,,,,,,,10.103127728769925,1.91420663605877,1.4479980154070213,2.62121708840223,3.766053520193899,4.55280166366363,5.3583645348800815,6.247519826634313,7.224794054430997,8.283305727222517,9.40843462370032,10.57659820520042,11.753708465092826,12.894066582283116,13.940113169258353,14.823293244022235,15.465434321024974,15.775675013091476,15.616873177158183,14.636064014077403,11.955512515726756,7.860675419471269,5.351738590964816,6.546559029863576,5.087415989544317,1.3876279319330596,1.1150354593478666,2.106888388724536,3.5591164155386252,5.17350285111064,7.089854697318999,9.416410982937435,12.154479592164202,15.135758854780446,17.943181940125864,19.93159829496952,20.454407048538076,19.170666917077508,16.112900745242207,11.44597614002094,5.180333282624782,,,,,,,0.017798884522755916,1.624843181937133,6.020272232574126,19.915487391793256,32.204413264117534,41.193986919980105,51.502103450213525,64.77528547000942,81.99459087228644,103.88828204621447,130.46455697112688,160.10746475673108,188.92518237432853,211.74387682677283,224.967774210069,228.64952636190665,225.6289661458868,219.2415433356344,211.82094527396026,204.39868305260308,197.0404870142846,189.3554527914784,180.97571307830697,171.97696654122944,163.28508865697245,156.67599848152832,145.3581328928293,70.33160052832115,13.215053006472619,2.6906381255206613,1.1441489199522659,1.8331564570086378,4.5062872668531915,8.348210850837743,11.033369317572607
127.94833229700774,9.783655657270424,11.217497646114332,12.256305806703669,12.699233135312081,12.441897496294184,11.513379149216599,10.056683537255253,8.270261719360171,6.347845444209708,4.441611250297922,2.6514592903450724,1.030869530480935,,,,,,0.02250183744911846,9.297231309672611,1.7931361229274383,1.412187405486995,2.6211667885983885,3.7906524892799087,4.5824587881860035,5.388556443552445,6.276982486311622,7.252561735906149,8.30837714671752,9.429804664166957,10.593366693627846,11.76523342648372,12.90015176258821,13.94121066946817,14.82068293131474,15.46129847824365,15.7728398084025,15.617453739502084,14.637347728747478,11.95214961000157,7.899575967239685,5.46174680665145,6.6819752943833315,5.206675784625105,1.4506883094132752,1.1685759062937027,2.1617633093171706,3.607876298199775,5.222086721019483,7.140902483252733,9.468536260000935,12.20388502325911,15.177734378414577,17.975212773631362,19.957353364103593,20.484489110496977,19.218049506130033,16.188451346689316,11.559647690658814,5.3464902297658075,,,,,,,0.018029780296318323,1.7235742427312801,6.247560843857215,20.161330282901726,32.36603634249198,41.35857687909338,51.68893922690522,64.9739702127736,82.1654291692736,103.94278294922071,130.24736973687453,159.40937666278748,187.55974853853795,209.6598501540996,222.28766516623875,225.58627618949953,222.377263514158,215.9349065224698,208.54784700553287,201.23374534165913,194.0627944516987,186.64597572289654,178.59083051845008,169.86683261681716,161.02509712164172,153.1778283842312,141.75102297583737,70.40885015836473,13.580579336009281,2.7974490317060643,1.1765849242233037,1.8238199131630537,4.437437226870737,8.244712521380766,10.935166664030094
128.2255767873588,9.777753532369857,11.200250768398245,12.230489472925525,12.670692195742067,12.417913364191364,11.500277843630345,10.058081176500382,8.286711443153777,6.377600113558137,4.481755197251331,2.6988550093759076,1.0827338000556639,,,,,,0.08140211750391545,8.542034180192854,1.6764758227235363,1.3756426966417767,2.6207506840797787,3.815102003565576,4.612041091725929,5.418666055728902,6.306342290429743,7.280209791065288,8.333321079698344,9.45105101992369,10.610028161046069,11.776679796030871,12.90619416777138,13.94230002520613,14.818083896535692,15.45715338436079,15.769871020915925,15.617431275399966,14.636199724806113,11.939116804664078,7.906013929062771,5.517066412164191,6.758441085657904,5.313805289689825,1.5169605133097461,1.2250026681991164,2.217929264220093,3.6570254705348515,5.270792172453906,7.1919488368480815,9.52056672872545,12.253123969635412,15.219518459871066,18.00707942125674,19.982965235311916,20.51436091619438,19.26505675717237,16.263394983679984,11.672365096473339,5.511058868689526,,,,,,,0.018627770990293724,1.827414013380474,6.491870298885086,20.421492388557404,32.531920094638636,41.524620892987166,51.87605532135923,65.17103916231834,82.33127000455957,103.98757892440311,130.0163873814825,158.69832095433358,186.1915317327045,207.59227167603578,219.64604789787737,222.57965678406975,219.1936703806609,212.70150589442656,205.34762894012374,198.13623467297614,191.14203867927807,183.97728803971415,176.21922523731223,167.70039066225218,158.4844263544589,148.906618319632,137.13386960360285,70.12810508103472,13.929619216505872,2.9062119729589004,1.2102830181678748,1.8158856388885698,4.3708674213902405,8.142832891487192,10.839089938983372
128.50282127770984,9.771855029435839,11.183129543774054,12.204903084305073,12.642412789418081,12.394125439078271,11.487234394630589,10.059377748586291,8.302927606299026,6.407037716982455,4.521547223130989,2.7458999554648664,1.1342688402950019,,,,,,0.13453611093237808,7.8360233841269675,1.5645593517837995,1.3385571536373502,2.6200273038916504,3.8394091159860184,4.641548206107424,5.448692784643325,6.335599014350733,7.307738379322354,8.358138020332456,9.47217441219862,10.626583393714759,11.788048235143359,12.9121941614709,13.943381169477927,14.815495364538961,15.452995922613475,15.766754395117347,15.616739317866303,14.632336740753892,11.915458675922796,7.87724632308325,5.5123139003775,6.771227179103137,5.406343076713645,1.5863021627757379,1.284276447198226,2.275237847085555,3.7064926021121987,5.319596273251909,7.242986207821073,9.572499642052023,12.302195816405037,15.261111701946142,18.03878282560854,20.008434885667395,20.544024221774116,19.31169182565029,16.33773673314263,11.784137836580385,5.6740584302700325,,,,,,,0.01959476587011142,1.9362737016576734,6.753671649654292,20.695625690561705,32.701922888146804,41.692071584233716,52.063378083712834,65.36638102154714,82.4920042647226,104.0226794151136,129.77192524976172,157.97503827716497,184.82151422608592,205.5418703438207,217.04295468004597,219.628909543532,216.07683515889875,209.53970162078767,202.21866982821962,195.10482043626575,188.27738947131627,181.34920970146052,173.8617099430772,165.48187999256365,155.69074803292878,144.02368852934853,131.77771607483888,69.52386363324786,14.260835874638367,3.0168400614805466,1.2452507809106448,1.8093313068938013,4.306537135333581,8.042555982519282,10.744986752856661
128.7800657680609,9.765960829915775,11.166133072869789,12.179544112929666,12.614391836284353,12.370531658892606,11.474248749756937,10.060575146286592,8.318913284296766,6.436161667451111,4.560990522497054,2.7925969059976956,1.185477081369559,,,,,,0.18170107941864444,7.177364806773433,1.4576303376084163,1.3011313845665107,2.619058506588179,3.863581610638557,4.670979889967088,5.478636073134981,6.364752448140939,7.335147669061106,8.382828466219957,9.493175560384605,10.643033172265891,11.799339398013686,12.918152098941002,13.944454015709994,14.81291647664144,15.448822607761562,15.763474162369393,15.615305838041778,14.62546284534014,11.880308998476368,7.811977269839151,5.446694500879831,6.719183208827708,5.481768479234722,1.6584552924935743,1.346291498237535,2.3335065271681157,3.7561967121805315,5.368473232096971,7.294006195366998,9.624332017848761,12.35109989153623,15.302514690331137,18.070323918591793,20.03376328335731,20.573480767470112,19.357957840936194,16.411481610318678,11.894975167099842,5.835507394052642,,,,,,,0.020931596800259668,2.0500349613476856,7.033384916579366,20.983301277832208,32.8758782500831,41.860875228308196,52.250831840798895,65.55988515434298,82.64752789954764,104.04810389322246,129.51430668430996,157.2402577216498,183.45063336988682,203.50930842187284,214.47835968556555,216.7332470891805,213.02540657815342,206.4478701809256,199.15936469028057,192.13817533963646,185.46800157512166,178.76153469274547,171.51909940321954,163.2158025247967,152.67393622822942,138.6906141294246,125.93904618668238,68.63646441857247,14.573090716286906,3.1292388308071764,1.2814957480282794,1.8041362172546231,4.2444066935813005,7.9438685929523,10.652717524407073
129.05731025841192,9.760071590800683,11.14926045380132,12.154410058302545,12.58662629600498,12.34712998399637,11.461320846312798,10.061675226227004,8.334671506666638,6.4649753338772795,4.600088251048181,2.8389486015535277,1.2363609118948053,,,,,,0.2227932094314175,6.564008999973726,1.3558522917036295,1.263570874107455,2.6179091627201068,3.887627972294526,4.700336028781662,5.508495393987537,6.3938023964621316,7.362437837439208,8.407392918242024,9.514055181961963,10.659378271690528,11.810553931576923,12.924068326671133,13.945518455947937,14.810346283793848,15.444629562562266,15.760012972395415,15.61305316788557,14.615271178640196,11.832917182381351,7.710529610757937,5.324191873413489,6.60488584905248,5.537584199315512,1.7330166376436644,1.4108592590922218,2.3925157180941032,3.806046831817848,5.417394296662559,7.344999506871555,9.676060622935639,12.39983545997725,15.34372799159232,18.101703620828097,20.0589513875678,20.602732277646304,19.40385790627847,16.484634568901527,12.004886121975135,5.995423485820361,,,,,,,0.02263809600552416,2.1685477244665563,7.331360293433957,21.284002112202952,33.05359493479789,42.030971736216756,52.43833895789087,65.75144173582436,82.79774205647325,104.06388166756977,129.24386218870288,156.49469587809753,182.0797822653522,201.49518480092215,211.95218376322438,213.89185761532212,210.03803680439353,203.4244065901422,196.16812687400855,189.23497782222304,182.71301745692497,176.21403318267434,169.19220793766252,160.90687758615874,149.46521706669233,133.05965530296706,119.84287894117526,67.50926989185089,14.865457055451062,3.2433063881460082,1.3190253175423519,1.8002812252328173,4.184437452207894,7.846759946356751,10.562154693213161
129.33455474876297,9.754187945385715,11.132510782682322,12.129498447256273,12.559113167558262,12.323918397071429,11.448450611818451,10.062679809682457,8.350205257796045,6.493482041898994,4.638843526391027,2.8849577467946865,1.2869226800271392,,,,,,0.2578053763525367,5.993776921454481,1.2593187053279469,1.2260833839493848,2.6166467831684055,3.9115573497551184,4.729616634086232,5.538270250188011,6.4227486784594,7.389609070196715,8.431831880404543,9.53481399242485,10.675619461331307,11.821692475450758,12.929943181943058,13.946574358963565,14.807783739492436,15.440412493923521,15.75635182675758,15.609897951297746,14.60144592339101,11.772671512514838,7.574837970317176,5.152842153935246,6.434259749877253,5.571416724965276,1.809405048206445,1.4776904699873425,2.4520062051317346,3.8559417385991894,5.466327663794317,7.395955918856304,9.727681957414145,12.448401717746979,15.384752151104475,18.13292284105978,20.084000148350746,20.631780460817726,19.44939509874734,16.55720050112985,12.113879513704754,6.153823675544652,,,,,,,0.024713176986112174,2.291628316226474,7.64785686172109,21.597115914199602,33.23485712586355,42.202294667329134,52.625819906550554,65.94094190118186,82.9425532026051,104.07005167190495,128.96092860172655,155.73905598150387,180.70981052691383,199.50003824123775,209.46429894293385,211.1039088821581,207.11338422754935,200.4677263392138,193.2433898548038,186.39391422857676,180.0115698432684,173.7064535456588,166.88184682910017,158.55999558960326,146.09634987870587,127.26710500484782,113.67441591004965,66.18616286096929,15.137228438861483,3.3589336393189466,1.3578466545969339,1.7977486718707871,4.126591791024834,7.7512213730361825,10.473181953992048
129.61179923911402,9.748310504005634,11.115883154110502,12.10480683385591,12.531849488830579,12.30089490300852,11.435637964454894,10.06359068336424,8.365517477772064,6.521685074643026,4.677259428790062,2.9306270113274855,1.3371646945049882,,,,,,0.2868225155837744,5.464428087055959,1.1680629798545648,1.1888762912268451,2.6153410956709946,3.935379513120304,4.758821841859265,5.56796017509275,6.451591127644922,7.416661561467427,8.456145859696766,9.55545270520951,10.691757504859302,11.832755661871353,12.935776992380662,13.947621568253814,14.805227692458486,15.436166668818863,15.752470014789973,15.60575112581868,14.583664487572559,11.699117788746566,7.408261352286922,4.943332955720577,6.21576947262041,5.581130916273602,1.8868279148991698,1.5463765727540673,2.511677129188818,3.9057697799294315,5.515238403661332,7.446864240581747,9.779192239418265,12.496797786038483,15.425587690950898,18.16398247552703,20.10891050648766,20.66062700968541,19.49457246917799,16.62918423784551,12.221963934033505,6.310724175861424,,,,,,,0.02715491753892615,2.419057925449627,7.983018826044959,21.921928372258535,33.41942478308631,42.37477127378296,52.813193338928265,66.12827789293438,83.08187323410985,104.06666223348496,128.66584828524003,154.97402714347655,179.34152512886638,197.52435053770196,207.01453267638428,208.36855187455535,204.2501159417695,197.57626707231978,190.3836088004939,183.61368076116733,177.36278406822407,171.23852424954273,164.58882168176228,156.18017139183755,142.59887429695135,121.42952042769006,107.57748356820788,64.70951821333311,15.387921518257473,3.4760045880995736,1.3979665948921514,1.796522317133775,4.070833107054403,7.657246022661543,10.385693518139139
129.88904372946507,9.742439854752122,11.099376661635477,12.08033279928241,12.504832336204641,12.278057528787484,11.42288281348573,10.06440960018168,8.380611063194179,6.549587673467224,4.715339001894588,2.97595903053072,1.387089225636487,,,,,,0.31001495544714225,4.973713681957973,1.0820679044933272,1.152153938973848,2.6140635733502267,3.9591048051066235,4.787951910055049,5.597564732495353,6.480329591772687,7.443595513593594,8.480335365940093,9.575972031621601,10.707793160259754,11.843744115614633,12.941570075438198,13.948659899939608,14.80267687908549,15.431886890056573,15.748345052459758,15.600517936978616,14.561599874268667,11.611972235988137,7.215250055517311,4.707358461159949,5.959376382027495,5.564952432174705,1.9642497924753453,1.6163716685336968,2.5711847549413767,3.955408802153077,5.564088399896334,7.497712280740993,9.830587390415195,12.54502270537192,15.466235107806284,18.194883407331027,20.133683393340878,20.6892736011479,19.539393042094144,16.700590548526847,12.329147754626911,6.466140441333232,,,,,,,0.029960643940296197,2.5505815044095996,8.33684940607366,22.257616909245794,33.60703414539595,42.54832257767212,53.0003761688718,66.3133432063741,83.21561957279441,104.0537708236675,128.3589683281571,154.20028366882403,177.9756913248124,195.56854959975976,204.60267182234776,205.68492414833784,201.44690994340658,194.7484900263752,187.58726192004738,180.89298522659396,174.76578023661088,168.80995561719098,162.31392975878774,153.77249811730812,139.0034492218879,115.64241135028811,101.65748362745502,63.11871428784475,15.617273658916067,3.5943967107090202,1.4393915469932475,1.796587275374738,4.0171258086117145,7.564828605349166,10.299593406276946
130.16628821981612,9.736576564164604,11.082990398193553,12.056073951711666,12.478058824143359,12.255404323346237,11.410185059662822,10.065138279986737,8.395488867967122,6.577193038689887,4.753085253446895,3.0209564063576657,1.4366985062332691,0.02403075181233301,,,,,0.3276301148525388,4.5194170595049625,1.0012744837435492,1.1161150722909114,2.6128869205177843,3.982744086625791,4.8170072152728824,5.627083516589532,6.50896393270976,7.470411136943144,8.5044009116503,9.59637268076704,10.723727179813773,11.85465845391111,12.947322737879237,13.949689140570037,14.800129915679307,15.42756747200343,15.74395262465072,15.594097987258595,14.534923210658711,11.51112794024192,7.000928031509986,4.456153197167594,5.675479698348813,5.521589069510539,2.040367994561314,1.6869768930465934,2.6301422730522406,4.004726203178628,5.612836307815852,7.548486817698945,9.881863021181752,12.593075429822584,15.506694870799326,18.225626505774894,20.15831973069682,20.71772189632114,19.583859815641805,16.771424141291703,12.435439127778338,6.620087168645473,,,,,,,0.033127015450757205,2.685907170676518,8.709182681173928,22.603245269073486,33.797398399954815,42.72286348207807,53.18728366011486,66.49603273297885,83.34371524980568,104.03144379176238,128.04063976879104,153.41848445403298,176.6130336296098,193.63301244068228,202.22846638630196,203.0521528848467,198.70245707004696,191.98288125305572,184.85285161473075,178.23054859024742,172.2196752131239,166.42044146765505,160.0579573270745,151.34210217960086,135.3393003903807,109.9807736293708,95.98675764410252,61.44917001212432,15.82523568387704,3.7139814051201148,1.482127393681538,1.797929952909978,3.9654353097579778,7.473965158943487,10.214794774143991
130.44353271016718,9.730721177901897,11.066723456529106,12.03202792618056,12.451526104772123,12.232933357447331,11.397544595619275,10.065778410293783,8.41015370407865,6.60450433029971,4.790501155971952,3.065621708107139,1.4859947324927127,0.0758421551167401,,,,,0.33998298577108005,4.099383843575122,0.9255899926723443,1.0809504301450565,2.6118845224515312,4.00630867692044,4.845988248558621,5.656516151820552,6.537494026296139,7.497108649729063,8.528343011895844,9.616655359485025,10.73956031007375,11.865499286341166,12.95303527519498,13.950709044824812,14.797585290497986,15.423202216359202,15.739266531360114,15.586385321551498,14.503306404579183,11.39665452909022,6.7706606091535795,4.199467593980581,5.37401936136139,5.450340093499586,2.1136016176709833,1.757329682816453,2.688120897760622,4.053579126540353,5.661437532868646,7.599173573737776,9.933014418593629,12.640954821384218,15.546967419380676,18.256212625696392,20.182820430595388,20.745973540552185,19.627975761510847,16.84168966288596,12.540845987180287,6.772578297980877,,,,,,,0.03665010840771328,2.824706179057971,9.099653882784104,22.95775921183071,33.99020852706817,42.89830291678059,53.37382952181349,66.67624290161096,83.46608897633259,103.9997560834877,127.71121683759763,152.6292724645725,175.25423685432668,191.71806807177845,199.8916330242644,200.46935767362834,196.01546270221394,189.27795264330652,182.17890544883338,175.6251063534833,169.72358444709582,164.0696606431254,157.82167703695274,148.89410016304603,131.63378442105352,104.50083646788794,90.61079372653857,59.73184212145804,16.011960326317812,3.83462451363086,1.5261793925658236,1.8005379874972542,3.91572802490681,7.384652840262277,10.131219273263019
130.7207772005182,9.724874221393764,11.050574929588924,12.008192384437917,12.425231367459428,12.210642723536782,11.38496130624225,10.06633164699003,8.424608342358251,6.631524668648987,4.827589647446071,3.109957473167929,1.5349800648274698,0.12736965598308228,,,,,0.34744581030045524,3.7115435920768247,0.854895199317395,1.0468405557627887,2.611129867165575,4.02981028862765,4.874895610345137,5.685862292617488,6.565919762195226,7.523688277831283,8.552162184165285,9.636820772278234,10.755293291838738,11.876267214727402,12.958707971005788,13.951719333120106,14.795041355633863,15.418784388089959,15.734258638335413,15.57726855089368,14.466424894864636,11.268791301323068,6.529668689721495,3.945050226443856,5.0638399937874095,5.351181817880724,2.18210183984488,1.8264009476349041,2.744652515990232,4.10181481445865,5.709844231479626,7.649757193778947,9.98403653337032,12.688659644490153,15.587053161196588,18.286642606783193,20.207186395161873,20.77403016341871,19.671743824853653,16.911391698655265,12.6453760488102,6.92362701576876,,,,,,,0.04052549927509293,2.9666135238528413,9.507668866036546,23.31998362587021,34.18513432939761,43.074544019324584,53.55992601160831,66.85387181725373,83.58267520132918,103.95879094545705,127.37105622216077,151.83327428789414,173.89994718516766,189.8240002981252,197.59185832094033,197.93565304203253,193.38464824800946,186.63224277271758,179.56397695601865,173.07540976651424,167.27662364225966,161.7572784276683,155.60584536208933,146.43355814496493,127.91206939758052,99.24247481631643,85.5542700810641,57.99309061374285,16.17778708976705,3.9561869159300613,1.57155207622269,1.8044001895174062,3.8679713634162227,7.296889738352427,10.04879644663797
130.99802169086925,9.71903620047141,11.03454391090042,11.984565014791272,12.399171838390709,12.188530535592518,11.372435069036793,10.066799615023704,8.438855513219048,6.6582571351339235,4.864353631947352,3.1539662077369104,1.5836566286450895,0.17861512353341213,,,,,0.3504373301885394,3.3539247081995245,0.7890507408516491,1.0139538789053062,2.61069594834633,4.0532609582278,4.903730004545156,5.71512162300747,6.594241043730858,7.550150254620682,8.575858948230415,9.656869621250644,10.770926860127979,11.886962833008694,12.964341096410966,13.952719689124269,14.792496318720076,15.414306691641476,15.72889883267519,15.56663101619083,14.423960460602215,11.127934465974281,6.282729957467873,3.698555805053069,4.752335461953217,5.224818506301257,2.2437918100102476,1.8930034706514711,2.79923411718777,4.149271136433939,5.7580053364665265,7.700221229063956,10.034923968914244,12.736188560750954,15.626952469987565,18.316917272890645,20.231418516419815,20.801893378739347,19.715166924203086,16.98053477253479,12.749036811964944,7.073245759020656,,,,,,,0.04474834611886935,3.1112292202101406,9.932373760624872,23.688621377239077,34.381825652490264,43.25148435184773,53.745484046388064,67.02881939706859,83.69341415627011,103.90863961700076,127.0205163560384,151.03109975868097,172.55077329813537,187.95105041354634,195.3288018524063,195.45015074969336,190.8087524294418,184.04431758460217,177.0066462960843,170.58022688952275,164.87791028068034,159.48294786390792,153.4112001231718,143.96545394726354,124.19692575050978,94.23186592554109,80.82639810728062,56.25481472844398,16.323224293875732,4.078525188618726,1.618249152187304,1.809506484668338,3.8221337240233786,7.210674707901737,9.967463159563511
131.2752661812203,9.713207601978203,11.01862949492679,11.961143531944256,12.37334478014993,12.166594928973911,11.359965754470831,10.06718390906902,8.452897907384514,6.6847047728561515,4.90079598029044,3.197650387507983,1.632026515076533,0.2295803745563465,,,,,0.34941193968398526,3.024664023272804,0.7279026750660499,0.9824451115893916,2.610654659570218,4.0766729724121795,4.932492231816532,5.744293856101726,6.6224577877150645,7.576494820785563,8.599433826018348,9.676802606039397,10.786461744146772,11.897586727101611,12.96993490930464,13.953709757178649,14.78994823453028,15.409761247543459,15.723154983918649,15.554350993572804,14.375604054710646,10.974619527456838,6.033983626389077,3.463735064374562,4.445336133704378,5.0726903119827735,2.2964432035563584,1.955814718621148,2.8513341796513325,4.195777308136882,5.805866609155093,7.750548126267761,10.085670971394444,12.78354012395022,15.666665683522734,18.347037431343015,20.255517676103103,20.82956478456346,19.758247951387162,17.04912334702473,12.851835560497022,7.221446221471501,,,,,,,0.04931346807229045,3.2581202984300037,10.37262609009378,24.062254217951335,34.57991380185403,43.42901615387526,53.930413320812775,67.20098750359543,83.79825188701199,103.8494010108159,126.65995673288246,150.2233416529504,171.2072875016534,186.09941979320917,193.10209904350884,193.0119618647347,188.28653238791694,181.5127709264992,174.5055207759809,168.13834351377483,162.52656500958548,157.24631097346298,151.2384581165769,141.49464270853065,120.50861660884796,89.48410113375228,76.42535479959594,54.534769339675826,16.448929113084425,4.201492325902568,1.6662734031686055,1.8158478579858366,3.778184489013074,7.126007221084553,9.88716306459197
131.55251067157135,9.707388894363621,11.00283077740653,11.937925676825541,12.347747491291546,12.144834060260692,11.347553226311152,10.06748609418233,8.466738176596277,6.710870587270893,4.936919530642108,3.24101245833936,1.6800917816577627,0.2802671734718682,,,,,0.34484901720331856,2.7220122323464424,0.671287253045399,0.9524539858343314,2.611076190584379,4.100058790978115,4.961183182034791,5.773378733457831,6.650569924257785,7.60272222415638,8.622887341481983,9.696620423751538,10.801898667257001,11.908139474752785,12.97548965366395,13.954689139633192,14.78739499646348,15.4051395695337,15.716992911196316,15.54030194299543,14.321058628840374,10.809500115403704,5.786834722356815,3.242765680387528,4.147173076781743,4.896934259123842,2.3377928107591717,2.0134164440225306,2.900401106001048,4.241154812733314,5.8533707202553735,7.800719222532422,10.136271421223558,12.830712775349104,15.706193101591026,18.377003872243655,20.27948474547,20.857045963176517,19.80098977144278,17.117161823192802,12.953779364291472,7.368239361716257,0.20670332926815502,,,,,,0.05421542244397666,3.406823526805363,10.826968940103646,24.43934606218552,34.779013159596346,43.60702663098692,54.11462243364978,67.37028007482064,83.89714027289332,103.7811813837466,126.28973724709559,149.41057544738754,169.8700269001148,184.26927238314724,190.91136383005676,190.62019863776905,185.81676462506562,179.03622495446996,172.05923524778552,165.74856395377208,160.22171289960744,155.04699988698806,149.08831286707937,139.02582606820235,116.86487389567445,85.00557787095107,72.34179321792571,52.84698643318463,16.555686401173126,4.324938514964579,1.7156265879161103,1.8234162990164893,3.736094018032047,7.042887236263026,9.807846099897834
131.82975516192238,9.701580528256516,10.987146855673663,11.914909216404908,12.322377305916357,12.123246107091266,11.335197341941004,10.067707706441055,8.480378934311119,6.73675754681981,4.9727270891190365,3.284054836892399,1.7278544529611526,0.33067723216310746,,,,,0.3372426536561955,2.4443361465860973,0.6190349745661518,0.9241043485453745,2.612028436793969,4.123430966932671,4.989803826009378,5.802376024310998,6.678577396565828,7.628832719537325,8.646220020476084,9.716323768902997,10.817238346935719,11.918621645370171,12.981005558782869,13.955657394101776,14.784834327954247,15.400432542329932,15.710376357001904,15.524352801681072,14.260041919514629,10.633324687737787,5.5439405735811755,3.0366192130281098,3.8608500469666414,4.700299589383223,2.365696013947673,2.064351844201608,2.945873687266584,4.285218533262297,5.900457361430827,7.850714746888156,10.186718826078337,12.877704839346093,15.74553498405476,18.406817367788115,20.303320585093527,20.884338481077737,19.843395222538128,17.18465454070112,13.054875081030296,7.513635413577135,0.4145999844198353,,,,,,0.0594485792049621,3.556848857557371,11.29361002319197,24.818248911008205,34.978723001145916,43.78539827903559,54.29801902188629,67.5366032509363,83.99003703321269,103.70409399918005,125.91021756200023,148.59335914035665,168.5394945717867,182.46073708654626,188.75619113578944,188.2739761886667,183.39824579386897,176.61333041843687,169.66645239550954,163.40971172084622,157.96248458253652,152.88463788940334,146.9614325211121,136.56352515662408,113.28094506001769,80.79608396197881,68.56152340931047,51.20224350866312,16.644387043358936,4.448711958398092,1.7663093432170662,1.8322047479716144,3.6958336414811805,6.961315082100446,9.729468019604527
132.10699965227343,9.695782937023788,10.971576828961197,11.892091943512582,12.297231593246938,12.101829267991251,11.322897952670074,10.067850253559323,8.493822756377094,6.762368583549386,5.008221430371008,3.3267799112472423,1.7753165211827389,0.38081220968043367,,,,,0.32709194042307954,2.190118536886789,0.5709739965819225,0.8975036155113375,2.6135764331202407,4.146802064550335,5.018355206496226,5.831285524677918,6.70648016072084,7.654826568530934,8.669432390633691,9.735913333352471,10.83248149473384,11.929033799850389,12.986482838481919,13.95661403063602,14.78226377383903,15.395630400182146,15.703266968159364,15.506368324030088,14.192289169463908,10.446912534299258,5.307256461265282,2.8454009685022195,3.588265291770779,4.486024230851737,2.37830526720934,2.107198615955029,2.9871934352035936,4.3277781002384055,5.947063389327859,7.90051382853162,10.23700631561583,12.924514519549282,15.784691548991436,18.436478671586926,20.327026044668003,20.911443888979775,19.885467115891412,17.251605777868377,13.15512935830129,7.65764389886283,0.6200521536572257,,,,,,0.0650071926669708,3.7076835672942385,11.770407695598426,25.19721165961151,35.17862950969656,43.964009243273644,54.48050990250522,67.69986549755494,84.07690572131457,103.61825878234922,125.52175650638496,147.77223313090516,167.21616075516863,180.6739100473041,186.63615917390703,185.97241402035104,181.02979335396498,174.24276684080917,167.3258629215944,161.1206300879121,155.74801727636597,150.7588403857882,144.85845789482258,134.11205749103272,109.76969519805732,76.85054662753396,65.06749760021525,49.60853722019942,16.71600649799511,4.572659735060707,1.818321087554424,1.8422070427031945,3.657375653419215,6.881291355724552,9.651989954686366
132.38424414262448,9.689996537308922,10.956119798686155,11.86947167664464,12.272307757202856,12.080581762204293,11.31065490403016,10.06791521549753,8.507072181698254,6.78770659371488,5.043405298147175,3.369190041495978,1.822479946683567,0.4306737118240631,,,,,0.31489193170392105,1.9579561798012617,0.5269329688439256,0.8727425743673181,2.6157818230650896,4.1701845761759,5.046838428560913,5.860107056336277,6.734278185445303,7.680704039372051,8.692524981242652,9.75538980624302,10.847628816233367,11.93937649038348,12.991921690275182,13.95755850882997,14.77968069170355,15.390722706344159,15.69562428460955,15.486209469706095,14.117555763184901,10.251130393028625,5.078117578511926,2.6686336086269526,3.3304418065766006,4.257683684140306,2.374252530052836,2.140653263500977,3.0238184638974124,4.368639453296839,5.993123003609498,7.950094512411189,10.287126638037233,12.971139895308749,15.823662970935182,18.465988517994834,20.35060196280528,20.938363721783617,19.92720823568985,17.318019751777534,13.254548636075677,7.8002736427427966,0.8230606206026595,,,,,,0.0708854702334447,3.858797039170163,12.254866089799975,25.574391955054395,35.378307982893034,44.14273371145898,54.662001221791805,67.85997772516473,84.15771570652906,103.523801969971,125.12471150009435,146.94772015216992,165.90046403837934,178.9088568318057,184.55083158263923,183.7146373728209,178.7102461038851,171.9232425995252,165.036185643196,158.88018255449745,153.57745570508231,148.6692157931824,142.78000068857867,131.67551779106623,106.34175011126563,73.16045639781943,61.841238899146745,48.07153469375348,16.77158409120435,4.696628689831739,1.8716599270041465,1.853417866346344,3.6206933039607834,6.802816833718889,9.575378002930133
132.66148863297553,9.684221729552775,10.94077486872558,11.847046259761848,12.2476032359749,12.059501829516247,11.29846803606086,10.067904045047921,8.520129712884867,6.812774438372165,5.078281405845588,3.4112875603106194,1.869346658488499,0.48026329061364775,,,,,0.30112535664383816,1.7465565775260428,0.4867433706493198,0.849895515826765,2.6187023731456645,4.193590838616761,5.075254649361179,5.88884046567684,6.761971451848212,7.706465406754631,8.71549832313132,9.774753873936326,10.86268101099537,11.949650260246493,12.997322294502489,13.95849023485746,14.777082243254343,15.385698333614474,15.68740573661823,15.463733841688672,14.035619761523792,10.046870789223066,4.857338155231868,2.5054775271901604,3.087740728649442,4.019026425290283,2.352807923287927,2.1636190277910097,3.0552384373145407,4.407606609519684,6.038567960256752,7.999433782544559,10.337072158651962,13.017578918765787,15.862449379239637,18.49534762148293,20.374049166827344,20.965099498571433,19.96862133903125,17.38390061843326,13.353139149624715,7.941532791890219,1.0236238119757717,,,,,,0.07707763816713788,4.009646109673809,12.744141490356153,25.947871186858087,35.57732522290051,44.321442339709364,54.842398611895426,68.01685340461039,84.23244214422986,103.42085575549119,124.71943800912706,146.12032525553832,164.59281254668716,177.16561451036483,182.49975940417033,181.49977842993428,176.43846460201922,169.65349492582865,162.79616750750048,156.68725322052157,151.44995292028582,146.61536636333395,140.726641877213,129.2577626497325,103.00566727335739,69.71499704455023,58.8638400214255,46.59498613848579,16.812203518853867,4.820466342046471,1.9263225639976482,1.8658326954854787,3.585760791118491,6.725892394792226,9.49960284634055
132.93873312332659,9.678458898506774,10.925541145668456,11.824813562090597,12.223115501603932,12.038587730075957,11.286337183580354,10.067818168413714,8.532997816886622,6.8375749439539595,5.112852437050059,3.45307477349107,1.915918554743891,0.5295824436546639,,,,,0.286255127378489,1.554733705098951,0.450241420069783,0.829020663914213,2.6223915418559467,4.2170329499923795,5.103605067420554,5.9174856224392185,6.789559953156163,7.732110951662865,8.738352948548403,9.794006219955243,10.877638772507682,11.959855643583724,13.002684813424667,13.959408558453417,14.774465385732496,15.380545446090679,15.678566651076032,15.438796176256425,13.946284326305436,9.835032953951943,4.645313682423486,2.354893015738876,2.8600452191376124,3.773810559151959,2.313985781949497,2.1752875667691174,3.0809899462580126,4.444483624207445,6.083327821080196,8.048507593479545,10.386834860582853,13.06382941247578,15.901050856577726,18.524556676002902,20.39736847256977,20.991652722579616,20.009709155858804,17.449252473003167,13.450906932910224,8.081428835577999,1.2217379278254832,,,,,,0.08357800437356701,4.159680879993849,13.235061858565036,26.31567258875819,35.77524209744164,44.50000270956123,55.0216073543846,68.17040867839285,84.30106593435585,103.30955793128172,124.30628903056815,145.29053584202504,163.2935851238061,175.44419364007666,180.48248291581982,179.3269773905691,174.21333148717005,167.43228982613522,160.60458353463113,154.54074707680698,149.364671031391,144.5968889412201,138.69893028290576,126.86239892808173,99.76812346367099,66.50192187011807,56.11663864293253,45.18109064225719,16.838974899054644,4.944021801864784,1.9823042096167685,1.8794477487059944,3.5525532520757293,6.6505189530656255,9.424639394424052
133.21597761367764,9.67270841371843,10.910417739060271,11.802771477911536,12.198842059559132,12.017837744212258,11.274262176450234,10.067658985766363,8.545678925615688,6.862110902834718,5.147121046048829,3.4945539604896356,1.9621975031362129,0.5786326134124916,,,,,0.27071766985367124,1.381403036651631,0.41726962270788504,0.8101608695573159,2.6268981110223355,4.240522687926273,5.131890911477474,5.946042418332723,6.817043694421471,7.7576409612026245,8.761089391049309,9.813147524919675,10.892502788126812,11.969993165173273,13.008009390287619,13.960312769839065,14.77182686342723,15.37525148228785,15.669060267572094,15.411248887054796,13.849380032342326,9.616506903097502,4.442117144162541,2.2157542318201497,2.6469108459244826,3.5256549723709276,2.2585756611039947,2.175203807586594,3.1006715557929776,4.479076722496171,6.127330239967617,8.097290910264334,10.436406347767436,13.109889067648389,15.939467437602262,18.553616354418093,20.42056068417844,21.01802488118885,20.05047438891085,17.514079350115885,13.547857822491595,8.219968629870868,1.4173970911796259,,,,,,0.09038101824853192,4.308350871489779,13.72416097099187,26.6757823102057,35.97161625574751,44.67827981435559,55.199532550386444,68.32056246756086,84.36357366875184,103.19005152899669,123.88561460751238,144.45882173736376,162.003132503028,173.74458015118583,178.4985333221727,177.19538341505216,172.03375170868756,165.25842193658815,158.46023669595715,152.43959021967004,147.32078185082256,142.61337566397668,136.6973813353198,124.49277568548213,96.63410975272042,63.50821853728312,53.581654987705406,43.83081278963903,16.85301861135256,5.0671466835289545,2.0395985001268917,1.8942599354041425,3.5210467538751202,6.576697401023603,9.35046645169051
133.49322210402866,9.666970630011257,10.89540376163183,11.780917926346993,12.17478044831376,11.997250172251436,11.26224283982879,10.06742787179371,8.558175436553132,6.886385073882604,5.1810898583421645,3.53572737491606,2.008185341275091,0.6274151864080252,,,,,0.25491709393881884,1.2255760150689377,0.38767802173180854,0.7933445277720845,2.632265885879509,4.264071429967609,5.160113428993718,5.974510765549511,6.844422692218337,7.783055728429251,8.783708185382567,9.832178466486788,10.907273739014043,11.980063340172244,13.01329614834987,13.96120209660877,14.769163199310222,15.369803139791557,15.658837764944716,15.380942665639376,13.744767070170436,9.392160991796075,4.247584273943342,2.086925894079425,2.447683667662749,3.2779151201886094,2.1880890591398945,2.163304722464834,3.1139576921522294,4.51119657264289,6.170501285975162,8.145757757263217,10.485777850389185,13.155755443082063,15.977699107779424,18.582527307941824,20.443626593921714,21.044217445899935,20.090919713689726,17.578385224266274,13.643997461995367,8.357158425047052,1.6105935171537653,,,,,,0.0974813276806282,4.45511138818448,14.207727964072832,27.02617318532047,36.166004979717194,44.85613657279254,55.37607929689582,68.46723657401502,84.41995756769892,103.06248445934438,123.45776137402343,143.62563530735355,160.72177846471416,172.06673713932076,176.54743431644735,175.10415545702963,169.89865267533924,163.13071431819347,156.36195773502402,150.38272999652332,145.31746746032206,140.6644146046026,134.72247602139055,122.15197941198379,93.60712643252488,60.72060221830488,51.24185811778467,42.54415146641101,16.855451060856385,5.189696004384767,2.0981974184870493,1.9102668047373552,3.4912182835109076,6.504428561223593,9.277066407978582
133.7704665943797,9.66124588794526,10.8804983295143,11.759250851144818,12.150928238932394,11.976823334331913,11.250278994411538,10.067126176233158,8.570489713344573,6.910400182997176,5.214761471133584,3.5765972450222607,2.0538838770416614,0.67593149234875,,,,,0.23922021622617193,1.0863540524829827,0.361325205135917,0.7785866767198902,2.6385334684767137,4.2876900771164435,5.188273874422355,6.002890595179589,6.871696974317067,7.808355552177788,8.80620986737881,9.85109971928926,10.921952300068844,11.990066673858744,13.018545189881852,13.962075700583911,14.766470686840945,15.364186361605471,15.647848299098406,15.34772714114327,13.632337348266793,9.162833020924653,4.061385851872181,1.9673125479834361,2.26158984612772,3.033589584935787,2.104629207855403,2.1399261334532014,3.1206105325671545,4.540660664318915,6.212765802842436,8.19388127610317,10.534940232871302,13.201425964815284,16.015745802424433,18.611290165654154,20.466566981997488,21.070231872317486,20.131047778442955,17.642174010304398,13.739331307191897,8.493003896380694,1.801317701347781,,,,,,0.1048738333366632,4.59942993748053,14.681872184334434,27.364830791148343,36.357968147003966,45.03343436714376,55.55115286872244,68.61035577798343,84.47021540609897,102.92700915240535,123.02307212995858,142.7914116101719,159.4498209770818,170.4106065661651,174.62870351905357,173.05246299021837,167.80698433135535,161.0480181996208,154.30860493767273,148.36913508883652,143.3539207040682,138.74959036456931,132.77466002514038,119.84283229501914,90.68937225759414,58.125872325619895,49.08131126274099,41.32036441979001,16.847372419984467,5.311529058692365,2.1580912216006003,1.9274664946046192,3.4630457374241854,6.433713145938766,9.204424949973816
134.04771108473076,9.655534514264637,10.86570056244073,11.737768220458445,12.1272830346485,11.956555570212121,11.23837045666553,10.066755224392175,8.582624086380935,6.9341589236380115,5.248138453808527,3.6171657741674523,2.0992948889074476,0.7241828032120032,,,,,0.22395245075029324,0.9629220798008437,0.33807912016761155,0.7658902369014569,2.6457341071836242,4.311388981294594,5.216373497328365,6.031181855537821,6.898866579343368,7.833540736892773,8.828594973840406,9.86991195487353,10.936539139857192,12.000003661346858,13.023756595127288,13.962932674636818,14.763745381980646,15.358386324358662,15.636039052872212,15.311451602011738,13.512016507828156,8.929324775418198,3.883087019007385,1.8558884379950038,2.0878015692636698,2.795259457639099,2.010706183050298,2.105776393922802,3.120489131870937,4.567295748258851,6.254047803980857,8.241633792987342,10.583884004566317,13.24689792658516,16.05360740595154,18.639905534038107,20.489382616364136,21.096069600135703,20.17086120415266,17.705449564048926,13.833864631717956,8.627510178357447,1.9895586271303791,,,,,,0.11255374038950591,4.740792554328464,15.142602177055696,27.689781253852455,36.5470712793573,45.210033603345494,55.72465890551029,68.74984793051496,84.51435042968178,102.78378219962708,122.58188544547605,141.95656858241597,158.1875333175836,168.7761108712399,172.7418538010071,171.03948663887505,165.757719167347,159.0092126742698,152.29906385742026,146.39779553843414,141.42934561415154,136.86848461930234,130.85434305595115,117.56789322907389,87.88192393462477,55.71116281259562,47.08523356918604,40.15815326699947,16.82985632910986,5.432510255630553,2.2192683740893604,1.9458576805598624,3.43650791039173,6.364551723982117,9.132530792604447
134.32495557508182,9.649836822331597,10.851009583938712,11.716468026620248,12.103842470453861,11.936445239085456,11.226517039054096,10.066316317654014,8.594580853367534,6.957663957338882,5.281223348399456,3.657435141265816,2.144420126224637,0.772170332298576,,,,,0.20939458717554377,0.8545415995827899,0.31781773878770764,0.7552473503907705,2.6538956231916178,4.335177877562554,5.244413530470344,6.059384510413244,6.925931556420377,7.858611592455356,8.850864042433912,9.888615841637858,10.9510349205337,12.009874787297855,13.028930421249603,13.96377203950841,14.76098309546475,15.352387428561412,15.623355298841984,15.27196578305152,13.383765866204072,8.692399723432807,3.7121947109897646,1.7517141522427,1.9254840496963244,2.5650590640859834,1.9090283211245611,2.061880829703678,3.1135551661521204,4.590940287503377,6.294270901373131,8.28898689555475,10.63259933325694,13.292168491108303,16.091283751367296,18.66837399659832,20.512074252568063,21.12173205313112,20.21036258456532,17.768215683013853,13.927602533475824,8.760681902416895,2.1753039911705545,,,,,,0.12051660787480294,4.878709874358412,15.585916486453453,27.999120139524415,36.7328886464917,45.385794289880856,55.89650360316926,68.88564404076158,84.5523712617994,102.63296399854237,122.13453529481637,141.12150725570768,156.9351651726004,167.1631544977299,170.88639449943773,169.06441872012562,163.74985217320005,157.01320435746572,150.33224700158118,144.46772272262632,139.5429577734504,135.0206766202197,128.9618983619744,115.32946126290273,85.18490313757842,53.464110796749296,45.24000557700711,39.055814038770166,16.803941480641434,5.552509911497914,2.2817154893843714,1.9654395245685627,3.4115844838051506,6.296944694005962,9.061375428913037
134.60220006543284,9.64415311254724,10.836424521510516,11.69534828592228,12.080604212685309,11.916490719381716,11.21471855025024,10.065810733974102,8.606362279882354,6.9809179142122995,5.314018670038349,3.697407501215303,2.1892613094937268,0.8198952332755044,,,,,0.19578048024371497,0.7605431364392584,0.30042961188307726,0.7466407829432876,2.6630404130453726,4.35906582182139,5.272395177948827,6.087498537251881,6.952891964794676,7.883568434011035,8.873017611581064,9.907212044771502,10.965440297758764,12.019680525609358,13.034066701240581,13.964592740617071,14.758179385366127,15.346173291092216,15.609740475984413,15.22912072128675,13.247584306349706,8.45278349964942,3.5481948391504354,1.6539445671330744,1.7738278559661627,2.3446739784073936,1.8023014700397764,2.009504950086902,3.0998748857145455,4.611446865648429,6.3333587662157935,8.33591151938776,10.681076061568298,13.337234692272911,16.128774620019538,18.696696113543283,20.534642633600907,21.14722063914576,20.249554486226376,17.830476107282585,14.020549941750643,8.8925232382548,2.3585404463464568,,,,,,0.1287583958855799,5.012722808164037,16.00790279995528,28.291041664709244,36.91500639301338,45.56057663209733,56.06659390904045,69.01767835788559,84.5842918012178,102.47471840120721,121.6813507189217,140.286612000946,155.69294371342275,165.57162533522998,169.06183253213146,167.12646370579773,161.78240073936468,155.05892700923502,148.40709348318993,142.57794928326106,137.69398462084897,133.20574365677163,127.09766242381161,113.12958117359513,82.59762942410377,51.372963477004205,43.53313807928315,38.01135827576196,16.77062496857506,5.671404986914287,2.3454172789263024,1.9862116235318492,3.3882560133549595,6.230892263629883,8.990952897198692
134.8794445557839,9.638483672759632,10.821944506800536,11.674407038376431,12.057565958613612,11.896690408582481,11.202974795346165,10.06523972836145,8.6179705999198,7.003923393442596,5.346526907396837,3.7370849853117645,2.2338201306102965,0.8673585992292306,,,,,0.18329567608682001,0.6803179221129305,0.2858143435457334,0.7400453556582675,2.6731855244760707,4.383061134660745,5.30031960352828,6.115523925289496,6.979747873448092,7.908411581797209,8.895056220355306,9.925701226189673,10.979755920612334,12.029421339096459,13.039165442811486,13.965393644880844,14.755329550013276,15.339726740099955,15.595136281197858,15.182769684406408,13.103510128991866,8.211166729752636,3.390580979852707,1.5618313004216706,1.6320701381304668,2.1353607686219247,1.6930609969616794,1.950066762165778,3.0796171267717827,4.628684494374795,6.371235618473436,8.382378044216361,10.72930372640656,13.382093438255572,16.166079741626465,18.724872421530286,20.557088489764073,21.172536750094604,20.28843944854951,17.892234520495283,14.11271162508243,9.023037938709159,2.539253860902301,,,,,,0.1372755108326206,5.142407681738316,16.404840979999857,28.56386738910967,37.09302565379294,45.734241638361695,56.23483771999415,69.14588844739825,84.61013111146346,102.30921236730842,121.22265551632914,139.45225079727618,154.46107464686824,164.00139608248637,167.26767341770352,165.22483861076464,159.85440451248542,153.14534112751764,146.52256864332838,140.72752901443278,135.88166570330654,131.42326148177878,125.26193482212719,110.97005085906939,80.11875830032245,49.42663917092389,41.95321831596773,37.02260935688377,16.730857256094023,5.789079760809916,2.410356510259839,2.008173957513414,3.366503916095901,6.16639443380735,8.921259564185089
135.15668904613494,9.632828778657396,10.807568675753206,11.653642347494472,12.034725436040521,11.877042723019933,11.191285576048742,10.064604533351108,8.629408016424343,7.026682963765518,5.378750523113871,3.7764697016463002,2.2780982530963447,0.9145614617516314,,,,,0.17207699841265245,0.613308599438953,0.2738830097151208,0.7354293772471119,2.6843428011919146,4.407171351939545,5.328187919246115,6.143460673643239,7.006499360698201,7.93314136096836,8.916980408375714,9.944084044470273,10.993982431499015,12.039097679156422,13.044226627260656,13.966173537558879,14.752428621294918,15.333029812536173,15.579482776752474,15.132769175709207,12.95162288131025,7.968209718647864,3.2388762305807774,1.47472187193201,1.4995075966166103,1.9379824116345503,1.583550900081479,1.8850487202567663,3.053047506151115,4.642540761383146,6.407826741862721,8.428356399763416,10.777271581487266,13.42674151563877,16.203198794611513,18.752903433512962,20.57941253855359,21.19768176197157,20.32701998390966,17.953494551036783,14.204092199889281,9.152229388224931,2.7174295924965883,,,,,,0.14606484901414887,5.267380726354315,16.77330482332758,28.81607351675091,37.26656562155001,45.90665173420434,56.40114408268132,69.27021526178389,84.62991330222641,102.13661562279204,120.75876796168563,138.6187755230616,153.23974323911497,162.4523255331278,165.5034222076362,163.35877331434602,157.9649252107362,151.27143351626185,144.6776636480122,138.9155367132013,134.10525287910897,129.6728047030586,123.45497827171772,108.85243024911506,77.74640434655998,47.614754826707156,40.489843253790895,36.087278261311646,16.685538595811153,5.90542643412512,2.47651397478577,2.0313268376155613,3.346310456914568,6.103450987883694,8.852293923148826
135.433933536486,9.627188694153835,10.79329616876157,11.63305230004809,12.012080402889692,11.857546097686114,11.179650690873482,10.063906359460871,8.640676701812302,7.049199163940664,5.4106919542115515,3.815563735488471,2.322097312319409,0.9615047900818079,,,,,0.16221310915522122,0.5589986833985091,0.26455853725143125,0.7327560525006166,2.696519090851772,4.431403182578651,5.356001174416186,6.171308789387251,7.033146513784321,7.957758101422576,8.938790715701982,9.962361154793586,11.008120466052619,12.048709985420375,13.049250208327676,13.966931119127446,14.749471358419004,15.326063754514932,15.562718514846349,15.07898001954812,12.792045170711587,7.724548513692292,3.0926496651965767,1.3920570226678324,1.3755033986426157,1.7530535800797797,1.4756534820213922,1.8159181982553079,3.0205191853286473,4.6529237609631835,6.443059020137459,8.473816181116055,10.824968623034982,13.471175594555111,16.24013140674944,18.780789638659492,20.60161548457427,21.222657034851952,20.365298577783566,18.014259773332547,14.294696139916633,9.280100654853944,2.8930527755441027,,,,,,0.1551238387512796,5.387301823973407,17.110257084167834,29.04631593747,37.435266529475044,46.077671380441615,56.56542339504931,69.39060320520937,84.64366740336261,101.95710032484251,120.29000055117677,137.78652226625695,152.02911531166947,160.92425978752482,163.76858433610067,161.5275108208031,156.1130464037914,149.43621683240934,142.87139506347094,137.14106799735634,132.3640104763138,127.95394714420631,121.6770188134445,106.7780514488223,75.47824980426594,45.927629530759894,39.133546653751544,35.20302243752459,16.635516728889343,6.020345657402894,2.54386846590216,2.055670853467022,3.3276587343875472,6.042061484830508,8.784056405947023
135.71117802683705,9.62156367175836,10.779126130807526,11.612635005838344,11.989628646812365,11.838198986037018,11.168069935325143,10.063146395642258,8.65177879848362,7.071474503213213,5.44235361250191,3.8543691496559522,2.365818915705535,1.0081894903279844,,,,,0.1537460432674885,0.5169004843720999,0.2577760491725528,0.7319848468933805,2.709716509250782,4.455762473950215,5.383760345133926,6.199068285617431,7.0596894284466325,7.982262137626277,8.960487682736265,9.980533208870698,11.022170653030434,12.058258685392135,13.054236111026439,13.967665002204994,14.746452242161135,15.318809024735762,15.544780680501594,15.02126853119402,12.624944464563075,7.480801858186251,2.9515285427208857,1.3133670986194728,1.2594897041232698,1.58079077249236,1.3708645442031082,1.7440625812204755,2.982460810897884,4.659763752897902,6.476861489919076,8.518726773396839,10.872383618703251,13.51539223490515,16.276877156164183,18.808531502391425,20.623698019470577,21.24746391293551,20.403277688900264,18.074533709376638,14.38452778646775,9.406654545730907,3.0661086200289334,,,,,,0.16445048135638465,5.501877440301139,17.41313246660218,29.253452190532204,37.59879251155056,46.24716769108142,56.727587608206086,69.50700019221553,84.65142723204403,101.77084073394477,119.8166597740833,136.9558116516987,150.8293382084947,159.41703339378486,162.06266639317508,159.7303074645112,154.2978732618965,147.63872911539391,141.10280441325273,135.40323909391944,130.6572154102023,126.26626217713543,119.92824615463988,104.7480298458863,73.31163936337069,44.35627126178182,37.87572443335369,34.36749092684131,16.5815856886708,6.1337469778004285,2.6123967682225975,2.081206820296001,3.3105326660265284,5.982225256203612,8.716549208038455
135.9884225171881,9.615953952935131,10.765057711588197,11.592388597457045,11.967367984784879,11.81899985979627,11.15654310207759,10.062325809717628,8.66271641932178,7.093511461761423,5.473737884979046,3.8928879848724756,2.4092646429488624,1.054616404795866,,,,,0.1466736960630923,0.4865411882358154,0.253483168036035,0.7330727910976653,2.7239327527913266,4.480254185129353,5.411466324391559,6.226739179529635,7.086128208497829,8.006653808438058,8.982071850116363,9.99860085488373,11.036133614207223,12.06774419407803,13.059184230472782,13.968373708539637,14.743365469669278,15.31124530118738,15.525605254133362,14.9595077747543,12.450534866651926,7.2375785630619776,2.8152071374357734,1.2382680137381494,1.1509670284346982,1.4211632797132752,1.2703041206990449,1.6707419469660905,2.939362395945806,4.663014501243992,6.509165904717689,8.563057485422581,10.919505139749662,13.559387893691348,16.31343557267929,18.836129466501728,20.64566082189736,21.272103724561813,20.440959749445284,18.13431983039343,14.47359135948292,9.531893665892582,3.236582719764455,,,,,,0.1740433912104867,5.610862705485374,17.679903946635527,29.436559625823918,37.75683430378311,46.41501104670522,56.88755042772131,69.61935770020271,84.65323125359416,101.57801289371726,119.33904590962084,136.1269491830177,149.64054173371485,157.93047042096862,160.38517682671778,157.96643306496642,152.51853227811233,145.8780333024238,139.37095772030003,133.70118660181743,128.98415726324902,124.60932302881514,118.20881414785035,102.76327593380965,71.24366210842489,42.892352351338516,36.70856126887762,33.57835839681818,16.524485539805774,6.245549202442031,2.6820736585024854,2.107935725579657,3.294916972917041,5.923941406383774,8.64977612553137
136.26566700753912,9.610359768453677,10.751090065639834,11.572311230053586,11.945296262716356,11.7999472087574,11.145069981138075,10.061445748806067,8.673491648181988,7.1153124911403225,5.5048471342042955,3.9311222601137548,2.4524360462250647,1.1007863114475231,,,,,0.1409532148835848,0.46744681485202855,0.2516402504330162,0.7359757121774927,2.7391614506015802,4.504882368174621,5.4391199129014405,6.254321490527502,7.112462965386952,8.030933456932926,9.003543758618742,10.016564737415175,11.050009964258695,12.077166913600395,13.064094430700306,13.969055666071027,14.740204949866675,15.3033514913894,15.505127195259563,14.893578912244559,12.269078848621044,6.995484841526677,2.683452787954131,1.1664570263179233,1.0495013345128326,1.2739420545880573,1.1747512018520763,1.597059525515311,2.891759988269458,4.6626542525854555,6.539907304287892,8.60677769194091,10.96632159648311,13.603158933487945,16.349806139544988,18.86358394941471,20.667504557508977,21.296577782277833,20.47834716530142,18.193621558715737,14.56189096944541,9.655820480356557,3.404461367869888,,,,,,0.1839018352333414,5.714062630698168,17.909128874340265,29.59494917130341,37.90911175094823,46.58107569893245,57.045227513344265,69.72763081562499,84.64912243658246,101.37879431913713,118.85745284819076,135.30022559694302,148.46283905932725,156.46438546750844,158.7356265779086,156.23517103638585,150.7741709674301,144.1532167324855,137.67494503681746,132.03406723187035,127.34413833094341,122.98270306442558,116.51884139735934,100.82450762543256,69.27122170647465,41.52817771500274,35.624960283016534,32.833350297188744,16.46490289355267,6.355680676445194,2.7528719188359045,2.135858675273643,3.280797163738383,5.867208815721999,8.583742403537194
136.54291149789017,9.604781338724075,10.737222352447711,11.552401081091515,11.923411355058755,11.781039540592287,11.133650360015414,10.060507339739893,8.684106540372722,7.136880014711439,5.535683698679944,3.9690739729441598,2.4953346504121345,1.1466999235195376,,,,,0.13650521666054274,0.45912386125825244,0.25222049873455693,0.7406493800765556,2.7553925472074265,4.5296501574766985,5.466721810724825,6.281815238374648,7.138693817764944,8.05510143022844,9.024903949056176,10.034425497381804,11.063800310644933,12.08652723280734,13.068966543474117,13.96970920608955,14.736964299531806,15.29510574642518,15.48328064883203,14.82337264610213,12.08088890009583,6.755131169877456,2.5561095231496203,1.097708364380022,0.9547194977192887,1.1387445438139772,1.0846917564771321,1.523948085743555,2.840219975053426,4.658686323340493,6.569024582988852,8.649856983924717,11.01282127697876,13.646701632088783,16.38598829556654,18.890895346559592,20.689229878995384,21.320887382889747,20.515442316334294,18.252442269847197,14.649430630116262,9.77843737923484,3.569731877090606,,,,,,0.1940257720366424,5.811332476054697,18.099972718368512,29.72817428097197,38.0553760856004,46.74524036154719,57.200536676173584,69.83177827373558,84.63914810272985,101.17336369368086,118.37216793607253,134.47591722795633,147.2963276026859,155.01858460781995,157.11352965512756,154.53581845630805,149.06395754609747,142.4633906417061,136.01387996450413,130.4010575269716,125.73647363658046,121.38597604903958,114.85841198244512,98.9322628545969,67.39109597275014,40.25664884143185,34.61847689784832,32.13026096365871,16.40347205251048,6.464079475337983,2.8247623626045955,2.1649768396444418,3.2681595181604832,5.812026146206687,8.518454594971404
136.82015598824123,9.599218874128777,10.723453736552699,11.53265635011762,11.901711164417854,11.76227538064833,11.122284023869012,10.05951168947424,8.69456312312286,7.158216428064031,5.566249893213249,4.006745099844244,2.537961953324273,1.1923578893250195,,,,,0.13321872156853642,0.46103860463701357,0.2552098582087644,0.7470505583740621,2.7726127064108885,4.554559767116373,5.494272609795656,6.309220441415843,7.164820891046657,8.07915807930796,9.046152962179868,10.052183771963898,11.077505253483693,12.095825526866205,13.07380036710711,13.970332560500188,14.733636840083472,15.28648547904126,15.459999175859215,14.74879075619347,11.886329044866143,6.517138257524288,2.433099422083558,1.031868598494744,0.8663036087271226,1.015074375354463,1.0003715254647565,1.452169220922195,2.7853238076081945,4.651139277178902,6.596461050480361,8.692265326310983,11.058992389036447,13.690012193348059,16.421981437632983,18.918064030860066,20.71083742615249,21.345033807552237,20.552247556719927,18.31078529474094,14.73621427210175,9.899746745712282,3.732382902423579,,,,,,0.20441589105685343,5.902577310241593,18.25220989252431,29.83603482559411,38.1954119490448,46.907388783854195,57.35339807224192,69.93176249181856,84.6233597721569,100.961900575917,117.88347184267026,133.6542863813807,146.1410898735494,153.59286627998839,155.51840365061508,152.86768609720528,147.38708059421876,140.80768965245352,134.38689916744178,128.80135356512488,124.16049091786421,119.8187163896854,113.22757628626299,97.08691228761356,65.5999869505848,39.0712257038258,33.68325740817788,31.466966162718798,16.340776652356993,6.570693512917783,2.89771387356708,2.1952913987419223,3.2569910696133237,5.758391849334567,8.45392042920113
137.09740047859228,9.593672575335782,10.709783387646416,11.513075258517764,11.880193621170973,11.743653271759392,11.11097075566721,10.058459885480195,8.704863396043217,7.179324099429704,5.596548009271622,4.044137596531245,2.5803194259659468,1.2377607922676723,0.0326862015851177,,,,0.1309566632126063,0.47259432304092175,0.2606065541396633,0.7551379467772118,2.7908057269833613,4.5796124960552715,5.521772787421372,6.336537114873941,7.190844316978195,8.103103758845469,9.067291338581562,10.069840194538335,11.09112538542409,12.10506215685194,13.078595665279176,13.970923859212975,14.73021559515993,15.277467386108421,15.43521600996644,14.669747730743758,11.685816153007435,6.282141732015703,2.3144217099508415,0.9688515728412678,0.7839844581720368,0.9023554445250123,0.9218476049197286,1.3823220932162295,2.7276538095467826,4.640066686053938,6.622164977834197,8.733973222460047,11.104823105332448,13.733086759229202,16.457784923686432,18.945090353381865,20.732327825992446,21.369018321850753,20.58876521532426,18.36865392227491,14.822245757241687,10.019751026649667,3.892404763422503,,,,,,0.21507365197024544,5.987750823825604,18.366202671480195,29.91857588704688,38.32903912754521,47.06741030191425,57.503734391515486,70.02754959579345,84.60181300456658,100.74458511592199,117.39163844927009,132.83558171308886,144.99719429075947,152.18702211737127,153.94977020403127,151.23009842485885,145.74274870434544,139.18527125829016,132.7931618797393,127.2341706477454,122.61553058808457,118.2804993595506,111.62635191904096,95.28867198943225,63.894562605273265,37.96588813453997,32.813982476896314,30.841431290145618,16.277351683245424,6.6754805668492665,2.971693458372372,2.2268034875680307,3.247279587421722,5.7063041758688,8.390148689817682
137.3746449689433,9.58814263361109,10.696210480661414,11.493656049282276,11.858856683087366,11.725171774044492,11.099710336323435,10.057352996136116,8.715009331575457,7.200205370084839,5.626580315329241,4.081253398273238,2.6224085128082493,1.2829091510934887,0.07930967384789044,,,,0.1295618105159594,0.49310711787700273,0.26842004973054095,0.764872999054875,2.8099529608878755,4.604808740898674,5.549222700832192,6.363765269254319,7.2167642332092745,8.126938827032603,9.088319618593635,10.087395394603234,11.104661291511063,12.114237469330584,13.083352165864866,13.971481127673359,14.726693289042302,15.268027475745225,15.408864341694352,14.58617248844929,11.479820960861506,6.050795173804266,2.2001494890585747,0.908632661378493,0.7075344693122361,0.799960411054421,0.8490351732474936,1.3148583467295314,2.667780576990612,4.625546481167082,6.646090122038065,8.774951884505727,11.150301611690399,13.77592142308804,16.49339807611266,18.971974644119683,20.753701692899114,21.392842175947763,20.624997596129926,18.42605140193904,14.90752889378598,10.138452805520144,4.049789763469584,,,,,,0.22600132469884254,6.066853475746867,18.44286059371841,29.976081614122606,38.45611398131379,47.22520036339911,57.65147104125759,70.11910944012942,84.5745672368645,100.52159778192828,116.89693475832594,132.02003861419536,143.86469596859573,150.8008377268839,152.40715541684958,149.62239356690253,144.1301901185609,137.59531530667505,131.23184940977308,125.69874297547935,121.10094567431928,116.77090130590412,110.05472472445796,93.53761591214769,62.271491170110224,36.93509773491089,32.00581552203346,30.25171620184692,16.21368578863299,6.778408225433173,3.0466663126677047,2.2595141410157686,3.2390135582875574,5.655761187208024,8.327149100985704
137.65188945929435,9.58262923111151,10.682734195857412,11.474396986763523,11.837698334951629,11.70682946471626,11.0885025448402,10.056192071103727,8.725002875432947,7.220862554745559,5.656349057204847,4.11809442019854,2.664230632097008,1.3278034204065132,0.12567165962486815,,,,0.12886291824956886,0.5217816095719565,0.278669106726586,0.7762205936538404,2.830033724974079,4.63014801586323,5.576622582846364,6.390904908863338,7.242580782873891,8.150663645405704,9.10923834219576,10.104849997708689,11.118113549047951,12.123351795930196,13.088069559778155,13.972002284559716,14.723062345984806,15.258141099437116,15.380877632331112,14.498010186348559,11.268868693350274,5.823771174905339,2.090423959462884,0.8512421139960189,0.6367603003271177,0.7072339308395037,0.7817475645852726,1.250100382688489,2.6062523103644746,4.607679912733378,6.668196221865299,8.815173408682048,11.195416158378869,13.818512244172652,16.52882018559776,18.998717212922614,20.774959628834598,21.41650660470078,20.660946978720904,18.482980946747755,14.992067452361592,10.255854877403085,4.2045325032722864,,,,,,0.23720203032262535,6.139930065524276,18.483583832093586,30.009064480771343,38.576530548566865,47.380661021942466,57.79653632277665,70.20641562101032,84.5416856177878,100.29311909748684,116.39962082228391,131.2078795991615,142.74363747311304,149.43409341664415,150.8900902211909,148.0439232546795,142.5486523562905,136.03702348108087,129.70216464271977,124.19432331354221,119.61610173503854,115.28949984317113,108.51264985810002,91.83368809483322,60.7274691062551,35.97376104307251,31.25435581842285,29.6959774622994,16.150223753917043,6.879453759984295,3.122595900846481,2.2934242386711254,3.2321821671211484,5.606760768099921,8.264932221796712
137.9291339496454,9.577132541181719,10.669353718889464,11.45529635644011,11.816716588191795,11.68862493788254,11.077347158438334,10.054978141698792,8.734845947031891,7.2412979419565415,5.6858564583928555,4.154662557602253,2.70578717619565,1.3724439914737472,0.17176898483022168,,,,0.1286809139658297,0.5576885183480079,0.2913785046821392,0.7891495246720757,2.8510256973980295,4.655628979520841,5.6039725387011075,6.4179560304584,7.268294114184481,8.174278578676306,9.130048048915004,10.122204625381373,11.13148272745273,12.13240545291104,13.092747499835134,13.97248513964713,14.719314890524158,15.247782989500614,15.351189959096583,14.405224104688044,11.053539167279572,5.601760150270326,1.9854460036680732,0.7967572973923284,0.5714953163954002,0.6235111302849832,0.7197291909717722,1.1882608154429193,2.543586252200391,4.586590149088056,6.688449458275709,8.854610954597831,11.240155114306267,13.860855263352866,16.564050515433397,19.025318350601225,20.79610222359212,21.44001282783666,20.696615618820584,18.539445736342472,15.07586518266339,10.371960325673507,4.3566301858312055,,,,,,0.24867978322081033,6.207066832074026,18.490194704752003,30.01825044664622,38.69022131204907,47.533701397109546,57.938861600542495,70.2894454827139,84.50323484003957,100.05932938940431,115.89994969090874,130.39931469590366,141.63404954873212,148.0865648755793,149.39811070657993,146.49405274131007,140.99740183485306,134.50961878405542,128.20333154285217,122.72018264844802,118.16037675926044,113.83587403248366,107.00005292729132,90.17671448367696,59.2592435535234,35.077194424656476,30.55559604935382,29.17246863724765,16.08736911098862,6.978603928112586,3.1994440493503924,2.3285344495890232,3.226775277196536,5.559300640469093,8.203509348156215
138.20637843999646,9.571652728627699,10.656068240885618,11.436352464676702,11.795909480509962,11.670556804357329,11.066243952685575,10.053712221252688,8.744540439915642,7.261513794468525,5.7151047203843355,4.190959686249898,2.7470795119700764,1.4168311933432376,0.21759824404057912,,,,0.1288349301164496,0.5997469791967139,0.3065738265166287,0.8036327679428121,2.872905290384502,4.681249467807602,5.631272544093899,6.444918622055422,7.293904380040726,8.197783994561215,9.150749277733562,10.139459895048871,11.144769388110051,12.141398740734335,13.097385599645744,13.972927391876876,14.715442748839505,15.236927302248665,15.319736393505288,14.307797596054419,10.834466241528302,5.385466705006683,1.8854650962847448,0.7452937165004595,0.5115921246854999,0.5481319194552019,0.6626816302513509,1.1294615571949005,2.480262258152233,4.562420555918982,6.70682287280889,8.893238927352,11.284507023969713,13.902946520065694,16.599088306293265,19.051778330173068,20.817130055109207,21.463362050136897,20.73200574888641,18.59544892034939,15.158925830854496,10.486772600046843,4.506082910184996,,,,,,0.2604395347735263,6.268388183898827,18.464861777388528,30.004560646155635,38.797157620885,47.68423809629814,58.078381462704876,70.36818011717176,84.45928497045766,99.82040854663661,115.39816737609583,129.59454183661202,140.535951815551,146.7580238074982,147.9307584077652,144.9721606986054,139.47572348455805,133.01234502251378,126.73459465695238,121.27560983781174,116.7331610492773,112.40960454890067,105.51683118184742,88.56641429974063,57.86363006209611,34.241090962916616,29.905883996635318,28.679539128123036,16.025486797414054,7.0758547139037535,3.2771710533035563,2.364845177175164,3.2227834096280863,5.513378378134795,8.142892421686517
138.4836229303475,9.566189949991488,10.642876958506807,11.417563638487643,11.775275075518385,11.652623691461882,11.055192701619266,10.052395305463518,8.754088222167,7.2815123496114404,5.744096022985623,4.2269876626821725,2.7881089812189974,1.4609652942984903,0.263155810221336,,,,0.12914800152704967,0.6467152456294109,0.3242735678455377,0.8196474608248567,2.8956479913313884,4.7070065327486885,5.658522444463549,6.471792661890755,7.3194117376558765,8.221180263616798,9.17134256699254,10.156616419965994,11.15797408422498,12.15033194362019,13.101983432527616,13.973326627637233,14.711437451223723,15.22554766726121,15.286453414633117,14.205736081403417,10.612336471780422,5.17560345764065,1.7907656497014037,0.6969948208616968,0.4569153652308352,0.48045176102094095,0.6102836368878443,1.0737515324965308,2.4167184081788613,4.53533270477085,6.723296737891959,8.931033161306546,11.328460666974161,13.944782070461569,16.633932781485253,19.078097408301254,20.838043689832364,21.486555461670605,20.767119578766824,18.650993621914658,15.241253157618067,10.600295595548916,4.652893951295113,,,,,,0.27248721896503403,6.324053165105856,18.4100209007273,29.9690903206801,38.89734976606124,47.83219559520957,58.215033872099035,70.44260435672429,84.40990927871981,99.57653579030355,114.89451283319568,128.793747248059,139.44935343783584,145.4482385220529,146.48758055665073,143.47763909524423,137.98292035998463,131.54446629645207,125.29521862000209,119.85991125477084,115.33385708882255,111.01027383732027,104.06285474576175,87.0024108982985,56.53752630914972,33.46148948895808,29.301888037955383,28.21563194096229,15.964905820307315,7.171211011534516,3.355735796114379,2.40235650432396,3.2201977221518576,5.468991422221599,8.083093945253307
138.76086742069856,9.560744353815041,10.629779074005116,11.398928225299894,11.7548114623807,11.634824242836531,11.044193177862063,10.051028372741767,8.76349113681572,7.301295819654925,5.772832524625667,4.262748324517729,2.828876901158809,1.5048465036696355,0.3084378466735038,,,,0.12945226935461487,0.6971939938710311,0.34447772529852194,0.8371745157893031,2.919228664662721,4.732896486300984,5.685721955529839,6.498578117569641,7.34481634820444,8.244467759078187,9.191828454297742,10.173674809135509,11.17109736066244,12.159205329117336,13.106540530464656,13.973680319280206,14.70729023575411,15.213617243156031,15.251279358919883,14.099069070317686,10.387886825454904,4.972882340257246,1.7016511094810962,0.6520207477983907,0.4073349507566856,0.41984948847379716,0.5622060130734541,1.0211224655265354,2.353348475767235,4.505504166113531,6.737858873596946,8.96797110424445,11.372005119921221,13.986358006713639,16.668583152668443,19.104275826889367,20.858843683147345,21.50959423802286,20.801959296420566,18.706082941460668,15.322850956802753,10.712533732046728,4.797070023563729,,,,,,0.28482980024116544,6.374251757795764,18.32829710392723,29.91308575698536,38.99084671339374,47.9775065738411,58.348760306807655,70.51270676006206,84.35518406505213,99.32788945489662,114.38921795779828,127.99710584032667,138.3742537642588,144.15697448492082,145.0681303011108,142.00989305845926,136.51831324888516,130.1052664920905,123.88448766422012,118.47241042840582,113.96187939838303,109.6374662581174,102.63796788031078,85.48424207851903,55.27792242210745,32.73474579636274,28.740566118936993,27.779280698185865,15.905921885008718,7.2646862592350905,3.4350958815373462,2.4410681389824744,3.219009987192255,5.426137097077637,8.024126904710494
139.03811191104958,9.555316080896365,10.616773795278428,11.380444592716234,11.734516755454372,11.617157118246293,11.033245152737681,10.04961238454536,8.772751002235239,7.320866392167681,5.801316362661205,4.298243490762313,2.869384564962673,1.548474974022505,0.3534403212521867,,,,0.12959356148323528,0.7496464492961417,0.3671520631446806,0.856197769298891,2.9436218072530336,4.758914948697659,5.712870665100063,6.5252749453986825,7.370118376496766,8.267646856699786,9.21220747642898,10.190635667229836,11.184139753794726,12.16801914766232,13.111056383107059,13.973985823891232,14.702992053238304,15.201108780302386,15.214154907930634,13.987852176934204,10.161901318312752,4.778003538215048,1.6184263475045797,0.6105363159350465,0.36271994350052017,0.3657327172886814,0.5181222942049787,0.9715225092905784,2.2905010151804017,4.473126146021949,6.750504906112093,9.004032000599995,11.415129820440875,14.027670477468048,16.703038626056625,19.130313814859566,20.879530579863964,21.532479540586838,20.836527068678933,18.76071996065372,15.403723074613085,10.823492033827222,4.9386215256443196,,,,,,0.29747532398689863,6.419201114483355,18.222430618327728,29.837920003918924,39.07773550310679,48.12011220531895,58.47950588949363,70.57847959140314,84.29518848742292,99.07464678073404,113.88250759704268,127.2047815929587,137.31064294049432,142.88399482943996,143.67196689331212,140.56834072123746,135.08124028002072,128.69404878035755,122.50170513235015,117.11244768144596,112.61665437929399,108.29076822332004,101.24199026958985,84.01136981541013,54.081908453196704,32.057506017534166,28.219137877337214,27.369106133813904,15.848799957445797,7.356302030734362,3.515207777544798,2.4809793603311947,3.219212569208216,5.384812626532173,7.966004696466819
139.31535640140063,9.549905264534688,10.603860335914941,11.362111128279679,11.714389093936305,11.59962099339187,11.022348396376126,10.048148285710448,8.781869612531594,7.340226230364842,5.8295496536716405,4.33347496211762,2.909633242365998,1.5918508037401955,0.39815902288789246,,,,0.1294352536820754,0.8024386891919523,0.3922076152021113,0.8767025532177201,2.96880175072038,4.7850569006654355,5.739968036130807,6.55188308991897,7.395317990675458,8.29071793459953,9.232480169245664,10.207499594512765,11.197101791340208,12.176773632148777,13.115530436813707,13.974240382335337,14.69853357350308,15.187994690919073,15.175023615226962,13.872169096529776,9.93520644943787,4.591642388990436,1.541379136576814,0.5726987383285439,0.3229332430274447,0.31754132972831234,0.47771612795346724,0.9248677086339951,2.2284797970572017,4.438401026833909,6.761238464033056,9.039197072387118,11.457824633099165,14.068715709387606,16.73729840908722,19.15621159011782,20.900104914775714,21.555212516865755,20.87082504210936,18.81490774656151,15.483873429244431,10.933176208826694,5.07756276436278,,,,,,0.3104329700055176,6.459141805072466,18.095209536355544,29.74506811271395,39.15814033017022,48.25996239527557,58.607219504661515,70.6399187929549,84.230004388669,98.81698371766346,113.37459957445698,126.41692793764197,136.25850249481974,141.62906083184203,142.29865584997614,139.15241305689406,133.67105653106472,127.31013512146444,121.14619299601914,115.77937976639153,111.29762014803406,106.96976832411264,99.87471832005117,82.58318939724808,52.94667947921096,31.426682093933415,27.73505961385156,26.98381225848613,15.793776736586878,7.446087591396268,3.5960269712180364,2.522088965788557,3.220798401301144,5.345015150343054,7.908741060570912
139.5926008917517,9.544512030774063,10.591037915236454,11.343926239238156,11.694426641519298,11.582214559719317,11.011502677818724,10.046637004769414,8.790848737927606,7.359377473450561,5.8575344937562015,4.368444521298178,2.949624180335456,1.6349740400145085,0.44258958041956864,,,,0.1288613530596816,0.8539014733294872,0.4194758897108635,0.8986735736430911,2.9947428044625273,4.8113167388915565,5.767013411028741,6.5784024836452195,7.420415361946532,8.313681373110546,9.252647067596854,10.224267186756688,11.209983992199211,12.185468997499349,13.11996209375775,13.974441118598813,14.693905193125945,15.174247127026797,15.133832473127816,13.752133501028558,9.708665337060307,4.414434721307027,1.4707616904006933,0.5386456504862223,0.2878272338249005,0.2747494467906207,0.4406861087773473,0.8810514280881114,2.1675453164401692,4.401539871152109,6.770071309555323,9.073449696421319,11.500079916905111,14.109490029727587,16.771361717551994,19.181969361694073,20.92056721328019,21.577794300822895,20.904855343906494,18.868649355997096,15.56330603091915,11.041592726975017,5.213912155820776,,,,,,0.3237131093985909,6.494334152223867,17.949410809673054,29.636082589038683,39.23222132413456,48.3970159699061,58.73185390318181,70.69702395072437,84.1597161239712,98.55507473998561,112.86570472739257,125.63368813661529,135.21780589741613,140.39193235215777,140.9477690868664,137.76155370272804,132.28713363763003,125.95286577627583,119.81729137988232,114.47257950108182,110.00422636213024,105.67405745037313,98.53592646622705,81.19903796160784,51.86953873615623,30.839429243252038,27.286001824866872,26.62218233745304,15.741063019783002,7.534079426193824,3.677508133732165,2.5643952190685204,3.2237609610686286,5.306741740682392,7.852350018951913
139.86984538210274,9.53913649863243,10.578305758337631,11.325888352314477,11.67462758604234,11.56493652423257,11.000707765117395,10.045079454267583,8.799690125134639,7.37832223695493,5.8852729588177795,4.403153933352571,2.989358603812721,1.677844682258491,0.48672748372585717,,,,0.12777878265448123,0.9024117872250976,0.448681970461354,0.9220920030727522,3.021419334082647,4.837688334132818,5.794006017160069,6.60483304701994,7.4454106643397,8.336537554635925,9.272708705232692,10.240939035163132,11.222786866290743,12.194105440245695,13.12435071108547,13.9745850394481,14.689097044687,15.15983806673447,15.090532519656204,13.627890804728594,9.483170494741934,4.246961268157747,1.4067733793806216,0.5084841214819423,0.2572405047932323,0.23686623517742914,0.40674870045489536,0.8399519519947354,2.1079171088599558,4.362759945447194,6.77702340263397,9.106775576419132,11.541886594098814,14.14998988989005,16.80522778319524,19.207587332060882,20.94091799207387,21.60022601326492,20.938620082859863,18.92194784004546,15.642025002224372,11.148748897205017,5.347692401999278,,,,,,0.337327365266491,6.525054717400781,17.787750533630625,29.51256966424173,39.30017305120985,48.53124081127374,58.85336579339064,70.74979825378361,84.08441038910854,98.28909267249063,112.35602695614037,124.85519565610183,134.18851909408048,139.17236824271495,139.61888502961588,136.39521877426935,130.92885940430355,124.6215988250218,118.51435809214787,113.19143540466364,108.73593403888457,104.40322890284236,97.22536847539118,79.85820243124411,50.847899140932746,30.293125309129763,26.869829035121633,26.283074790413114,15.690845949138671,7.620320746484586,3.759605294382051,2.607895799534542,3.2280942456973896,5.269989418548387,7.796845818545229
140.14708987245376,9.533778780329701,10.565663096117897,11.307995913470176,11.654990139154714,11.547785609305107,10.989963425431284,10.043476531067997,8.808395497719628,7.397062613060832,5.912767104850268,4.437604945994473,3.028837716531454,1.7204626859483185,0.5305681071171262,,,,0.12611888089477927,0.9464883051896597,0.4794203702570778,0.9469317514816395,3.0488057709434866,4.8641650913901096,5.820944973515745,6.631174688582815,7.470304074502656,8.3592868635112,9.292665614711593,10.257515726279502,11.235510914390183,12.202683138110835,13.128695600152454,13.974669034425531,14.684099007638533,15.144739409367094,15.045079485348548,13.499619744773073,9.25963523570665,4.089731914338317,1.349545753599538,0.48228131795811174,0.2309957062271335,0.20343583651163144,0.3756397554251463,0.801438496780406,2.049776633908303,4.322282314640083,6.782122897298741,9.139162908540714,11.583236219897547,14.190211889886289,16.838895861745527,19.233065699658127,20.961157759909486,21.622508762246994,20.972121350385983,18.974806248751168,15.72003459863803,11.254652942576657,5.478930641429951,,,,,,0.35128867767258865,6.551592988051334,17.612843804534336,29.376166896349822,39.36222276481379,48.66261393887952,58.97171591821142,70.79824844708646,84.00417604985172,98.01920852752843,111.84576328379366,124.08157453410507,133.170601015109,137.9701267261649,138.31158870284426,135.05287667156196,129.5956374184936,123.31570969385415,117.23676816204102,111.93535133477316,107.49221536809087,103.15687849849166,95.94277874456749,78.55992685806756,49.879283501103515,29.785351869958802,26.48458169119686,25.965419094947418,15.643291131460037,7.704860982260782,3.842272022479397,2.652587753112024,3.2337927462785876,5.234755169969733,7.74224287900828
140.4243343628048,9.528438981506644,10.553109165309255,11.290247387676475,11.635512535979078,11.530760552495233,10.97926942511543,10.041829116651218,8.816966556467356,7.415600670929993,5.940018968215256,4.4717992899410355,3.068062701915554,1.7628279669030473,0.5741067349274565,,,,0.12383816009977013,0.9848909917025993,0.5111417545633407,0.9731549971134127,3.076876550157744,4.890740011608855,5.847829298484488,6.657427305355163,7.495095771532351,8.381929685870382,9.312518327318678,10.27399784191673,11.248156627958956,12.21120224961518,13.132996025823845,13.974689876207007,14.678900720878387,15.128923079902552,14.997434478852737,13.367533714639258,9.038983751652225,3.9431706239295683,1.2991309011303878,0.4600574125445107,0.20889855671898738,0.17403665207424773,0.34711502998753146,0.765375878844641,1.993270516794419,4.280329552767943,6.785406070365121,9.170602538980075,11.624121052827293,14.230152803603099,16.87236524138013,19.258404661574545,20.98128701843742,21.644643643545923,21.00536122162784,19.027227635952105,15.79733922918823,11.359314073043741,5.607658572822872,,,,,,0.36561137334083527,6.574248304799824,17.427173902320785,29.228522505781694,39.41862843353164,48.79112153698839,59.08686911782661,70.84238477798257,83.9191039728996,97.74559135294624,111.33510392605947,123.31293974203466,132.16400406008145,136.78496574476853,137.02547179944378,133.7340078787287,128.2868866678044,122.03459068965644,115.98391338462916,110.70374612668648,106.2725535197825,101.93460466955258,94.68787358388866,77.30341918897355,48.96132366880987,29.313876980223018,26.128459899172093,25.6682117539412,15.59854462791429,7.787755266171506,3.925461615846054,2.698467445036488,3.240851421339624,5.201035961905801,7.688555744764443
140.70157885315587,9.523117201436186,10.540643208504257,11.272641258685269,11.616193034778613,11.513860106360307,10.968625529813062,10.040138077408498,8.82540497973044,7.433938457017407,5.967030565922549,4.505738679262331,3.1070347240587086,1.8049404060029226,0.6173385892205994,,,,0.12091839273975741,1.0167121905596292,0.5431613015073089,1.000707241467696,3.105605976549463,4.9174057544107965,5.874657918652458,6.683590783442211,7.519785936840958,8.404466409520357,9.332267372973426,10.290385959064498,11.260724488981015,12.219662913680654,13.137251205868909,13.974644221342173,14.673491597134285,15.11236114325719,14.947564709344958,13.23188178352017,8.822139979156688,3.807601921051236,1.2554939436565637,0.4417811745560149,0.19073795696468163,0.14828016967469942,0.3209500018193471,0.7316280677196816,1.9385139726342013,4.237123607596564,6.786917183905697,9.201088112214109,11.664534125268544,14.269809604813046,16.905635251590255,19.283604416425195,21.00130626310968,21.666631741135454,21.038341756598843,19.079215064262044,15.87394347710061,11.462742555323965,5.7339125508366156,,,,,,0.38031124058655935,6.593327056575064,17.23307015434092,29.071276743048532,39.469676577473926,48.91675892764686,59.19879437746587,70.88222093657129,83.82928685867753,97.46840809071497,110.82423237010927,122.54939753965682,131.16867455935466,135.6166432826879,135.7601327316985,132.43810475798517,127.00204116153546,120.77765054344326,114.75520187341962,109.49605323511912,105.07644244798675,100.73600855667166,93.46035248091422,76.08785747181777,48.09175885553351,28.87663941883451,25.799808811083135,25.390512370628983,15.556734812405017,7.8690639151651895,4.009127294538136,2.7455305147272018,3.2492656695843105,5.1688287577407594,7.635799041138635
140.97882334350692,9.517813533228205,10.52826447417113,11.255176028800838,11.597029916630667,11.497083038275766,10.958031504536097,10.038404264928234,8.833712423775713,7.4520779953841005,5.993803895901069,4.53942481174262,3.1457549287895508,1.84679985434747,0.6602588595006713,,,,0.11736611205312569,1.0414459248671795,0.5746992411392736,1.0295124033820162,3.1349680211991076,4.944154701422037,5.901429678556867,6.70966499884252,7.544374754062455,8.426897423823188,9.351913280148757,10.306680649808886,11.2732149697971,12.22806524926196,13.14146031043116,13.974528611399753,14.667860839255756,15.095025928873094,14.895444242700732,13.092949330615191,8.610015438662549,3.683239758085486,1.2185101446827096,0.4273684694968744,0.176287114577717,0.12580947980262416,0.29693922081404694,0.7000608310761062,1.8855942725511978,4.1928838492479885,6.786708283880149,9.230616208588257,11.704469313812032,14.309179493790785,16.938705272441744,19.308665167400225,21.021215984162858,21.688474127732583,21.071065001400285,19.130771610138815,15.949852120329224,11.564949779373983,5.857733653467457,,,,,,0.39540561001422897,6.609140161605125,17.032693571103252,28.906045481816864,39.515679945348474,49.0395304898011,59.30746486002286,70.91777399006462,83.73481907631934,97.18782344606001,110.31332546169628,121.79104582294408,130.1845532130064,134.46491766287838,134.51517666583754,131.16467133917072,125.74054955685476,119.54431396263054,113.55005762103747,108.31172037926312,103.9033866913586,99.56069409654673,92.2598993411191,74.91239552327386,47.2684332901995,28.47173432273828,25.497105484707223,25.13143986182522,15.517974099924833,7.94885191509864,4.093222398361731,2.793771833089129,3.2590313018363295,5.138130532283335,7.583987434326991
141.25606783385797,9.51252806403158,10.51597221667825,11.237850218652584,11.578021485100672,11.480428130251836,10.947487113747794,10.036628516274932,8.841890523124981,7.470021288002649,6.02034093727237,4.572859369252966,3.184224444823574,1.8884061388481344,0.7028627342941168,,,,0.11321162468302441,1.059024396747163,0.6049584249926128,1.0594687533860694,3.164936055293286,4.970979019812717,5.928143351291544,6.735649818467137,7.56886240899339,8.449223119580667,9.371456575785933,10.322882481248444,11.285628532941377,12.236409354989455,13.14562246160731,13.974339474541203,14.661997458518167,15.076890166099485,14.841054787131926,12.951058221338691,8.403496303745296,3.570179496333021,1.187966719453572,0.41668365322580203,0.16530553838375311,0.10629759542351859,0.2748953643289522,0.670543651243963,1.8345741429376676,4.147825324968889,6.784838938334724,9.259186469980566,11.74392140900516,14.3482599244516,16.97157474417934,19.333587125487977,21.04101666767412,21.710171865365982,21.103532989493623,19.181900369064937,16.025070151885334,11.665948320934817,5.979167720893493,,,,,,0.41091344155405773,6.62200084334946,16.828029196754706,28.734406135018,39.55697506513594,49.1594495253609,59.41285792327695,70.949064311359,83.6357965011604,96.9039997668486,109.80255349976399,121.03797446448918,129.21157550802886,133.3295478201397,133.2902155415017,129.91322310572613,124.50187479009821,118.33402119238878,112.36792006824338,107.15020919157806,102.75290117150196,98.40826810439503,91.08618370035964,73.77616808288599,46.48929337353166,28.0974000896571,25.218947059522208,24.89016882976706,15.48236054787793,8.02718841311988,4.177700586684212,2.843185462554459,3.2701445121844723,5.108938286189238,7.533135595006749
141.53331232420902,9.507260875225201,10.503765696301071,11.220662366970807,11.559166065926464,11.463894178750824,10.936992121438946,10.034811654263383,8.849940890884719,7.487770315058995,6.046643650618893,4.606044018138052,3.222444385004178,1.9297590682477919,0.7451454344467678,,,,0.10850763763951896,1.0698156259389862,0.6332317202830527,1.0904467381426666,3.195482533230331,4.997870725726487,5.954797649861823,6.761545101339274,7.593249089575414,8.471443888933461,9.390897785212353,10.338992015406093,11.297965630977819,12.24469530883474,13.14973673311923,13.974073127550218,14.655890295047696,15.057927130796879,14.784386502576284,12.806566453105562,8.203430026859209,3.4683935499459384,1.1635690421784817,0.4095436101371433,0.15754172609400138,0.08944566295172224,0.2546481213213173,0.6429510656315032,1.7854950180855105,4.1021572344198765,6.781375919478533,9.286801712359855,11.78288618405492,14.387048631869979,17.00424317715822,19.35837051285567,21.060708796689635,21.731726005988726,21.13574774302014,19.232604460803604,16.099602799793715,11.76575199971366,6.098265365856163,0.026440741323117863,,,,,0.4268554184518815,6.6322227028404095,16.620884064903382,28.55788590746782,39.59391970116827,49.27653807348552,59.514955121595456,70.97611550201643,83.53231635499712,96.61709693299892,109.29208033779807,120.29026564613424,128.2496721145568,132.2102935517743,132.08486807746556,128.68328677799198,123.28549371358936,117.14622758625696,111.20824368152167,106.01099487082762,101.62451098971341,97.2783403515568,89.93886190563886,72.6782954795011,45.75238445612818,27.752006440530728,24.96404010840344,24.66592610517984,15.44997933466589,8.104146222071199,4.262516039008688,2.893764620182972,3.2826018483337474,5.081249059736055,7.483258165356214
141.81055681456004,9.502012042604658,10.491644179238072,11.20361103036424,11.540462006701421,11.447479994514861,10.92654629120512,10.032954487726034,8.857865119076113,7.505327035245173,6.072713978252517,4.638980409617265,3.260415847632054,1.9708584395566817,0.7871022479576192,,,,0.10332760090911887,1.074582672303116,0.6590169510834718,1.1222898385178788,3.226578643272623,5.024821747334005,5.981391239171573,6.78735069998115,7.617534985912222,8.493560125262919,9.410237432062527,10.355009809150067,11.310226706343206,12.252923167795283,13.153802150102683,13.973725778333995,14.649528040489383,15.038110803559649,14.725438826531477,12.659867201993006,8.010611906375756,3.377731018674712,1.1449505982408728,0.4057239844230295,0.15273634822850754,0.07498113026851537,0.23604299420153074,0.6171635577587594,1.73838009119177,4.056081632615304,6.776392834760122,9.313468024166438,11.821360462044272,14.425543660048936,17.036710162065166,19.38301556639423,21.080292852424613,21.753137592141254,21.167711274182803,19.282887034677213,16.173455546584595,11.864375932630429,6.215081956038711,0.15902558101007003,,,,,0.44325404887434755,6.640118082593827,16.412889671394137,28.377952327630968,39.62689024968317,49.390826674790844,59.613742192087265,70.99895430988245,83.42447704938994,96.32727225563151,108.78206349120013,119.54799418361368,127.29876926188686,131.10691574726167,130.89875976490353,127.4744000946087,122.09089673833087,115.98040318613072,110.0704975393851,104.8935658397517,100.51775122280846,96.17052363848498,88.81757826107433,71.61788783736537,45.05584734593009,27.434043539448343,24.731191039758126,24.457987468212224,15.420904120761888,8.179801340589647,4.347623654761139,2.945501644144316,3.2964001811655645,5.055059945878809,7.434369729292744
142.0878013049111,9.496781636567071,10.479606937610239,11.18669478309555,11.521907676559898,11.431184402383115,10.91614938631456,10.031057811774138,8.865664778952343,7.522693386052473,6.0985538444810725,4.671670180201027,3.2981399178849014,2.0117040448872463,0.8287285661512862,,,,0.09776386147608317,1.074411249841681,0.6821069756818104,1.1548194087423684,3.2581939512398175,5.0518239872956565,6.007922748513344,6.813066461956483,7.641720290321124,8.515572223100351,9.429476038198105,10.370936414108558,11.322412191189176,12.261092967609715,13.157817689011969,13.973293528929991,14.64289926301448,15.017416039885337,14.664221307298506,12.511387208853142,7.825772022911014,3.2979213791960214,1.131685770258353,0.4049670138040827,0.1506257245824935,0.06265592036441553,0.21894008036339757,0.5930681026081784,1.6932371292808885,4.009792361096876,6.769969712729615,9.339194849546255,11.859342181187342,14.463743389806176,17.068975380376116,19.40752254140536,21.09976931553513,21.774407657629695,21.199425586651284,19.332751274884888,16.24663414818041,11.961836581763704,6.329677569095614,0.2870611217445937,,,,0.000459950454159817,0.46013377584435455,6.645996712201684,16.20550794809368,28.196005944489645,39.65627910360773,49.50235408751368,59.70920902528216,71.01761054158251,83.3123780322138,96.03468038569166,108.27265425002034,118.8112278429656,126.35878909506289,130.0191765982354,129.73152284935844,126.2861115927089,120.91758748281744,114.83603231171898,108.95416492754005,103.79742340772648,99.43216671864418,95.0844338633689,87.72196613644,70.59404884985608,44.39791463213759,27.142112076322032,24.519297438428296,24.265674549379256,15.395198298135389,8.254232492017966,4.432979250744058,2.9983879639058415,3.311536673522439,5.030368102526671,7.386484785738725
142.36504579526215,9.491569722284096,10.467653249475626,11.169912216866432,11.503501465876484,11.415006241117064,10.905801169777055,10.02912240805559,8.8733414213146,7.5398712840566295,6.124165155873424,4.70411495212107,3.335617669325319,2.052295678670041,0.8700199209707424,,,,0.09192571555810959,1.0706171204189872,0.7026255306060033,1.1878438671414726,3.2902960702929493,5.078869384467178,6.034390784420477,6.838692231555469,7.665805197420967,8.537480578045544,9.448614123631463,10.386772376584473,11.334522507233997,12.269204722497092,13.161782277650879,13.972772379036284,14.63599243479657,14.995818752540266,14.600754433692765,12.36158445468309,7.649562995577598,3.2285820436280512,1.1233044034908344,0.4069903087723416,0.15094539673053442,0.052244645542905394,0.20321287537331725,0.5705584500257563,1.6500610340250395,3.9634742022644023,6.762192550023931,9.363995055598943,11.89683045767649,14.501646566602533,17.101038615029914,19.431891715423447,21.11913866745536,21.795537228271222,21.23089267705089,19.382200405794002,16.31914465203545,12.058151796461242,6.442116921337832,0.410746877288583,,,,0.001161374795064663,0.47752109628026695,6.650164621864308,16.00003982650612,28.0133750328501,39.68249201551568,49.611166958086784,59.801349620488054,71.03211697016214,83.19611963772019,95.73947323174106,107.76399779641044,118.08002764858486,125.42965001280086,128.94683979003153,128.5827963025033,125.11798038753574,119.76508242824691,113.71261315950322,107.85874294298404,102.72208143874975,98.36731189186995,94.01969008660528,86.65164903614858,69.60587914893021,43.77690689687084,26.874914224943407,24.32734024591818,24.088351909287066,15.37291613428613,8.327520684689091,4.518539754733027,3.0524140744488633,3.3280087482289273,5.007170763984942,7.339617724735674
142.64229028561317,9.48637635987448,10.45578239882087,11.153261940595868,11.485241785956598,11.398944363229784,10.895501404411526,10.027149045000344,8.880896576819113,7.556862625198266,6.149549801525499,4.736316333779344,3.3728501654958336,2.0926331452272584,0.9109720231570003,,,,0.08593743465483632,1.0646464723890081,0.7209970892439009,1.2211716855017756,3.322850396856388,5.105949974712037,6.060793943740464,6.8642278515880175,7.689789904247391,8.559285586691024,9.467652206450715,10.40251823747514,11.346558065616009,12.277258424925844,13.16569479533759,13.972158230092916,14.628795962081327,14.973296106259689,14.535070448334974,12.210945090414791,7.482549007101788,3.1692293531169664,1.1193070740832052,0.41149592731861917,0.15343361904175298,0.043542886476294916,0.18874712514056877,0.5495352129954438,1.6088361431502116,3.917302247064419,6.753152826194229,9.387884982934189,11.933825645634272,14.539252328184773,17.132899761239063,19.45612339215116,21.138401391806145,21.816527322665518,21.26211453642873,19.43123769720745,16.390993414407113,12.153340849271824,6.552469271249983,0.530285916583382,,,,0.0019110685288526194,0.49544468997758917,6.652923307351647,15.797635601486057,27.831312120928857,39.70594548547647,49.71731944882261,59.8901620261005,71.04250923814071,83.07580294026756,95.4417998865862,107.25623332616797,117.3544481827852,124.51126698746373,127.88967067599026,127.45222578469573,123.96957595205845,118.63291058027852,112.6096574112198,106.78374210710614,101.66706602497948,97.32275052041709,92.97591459128017,85.6062416269763,68.6524792981778,43.19122887244859,26.631245396239166,24.154376691426258,23.925424293454817,15.35410381734641,8.399748795622493,4.604263393738652,3.10756951482966,3.345814055376353,4.9854652515119415,7.293782806219059
142.91953477596422,9.48120160456973,10.443993675564839,11.136742580205468,11.467127068742426,11.382997634809032,10.885249852905968,10.025138478071483,8.888331756281378,7.573669285061553,6.17470965332411,4.768275920211939,3.409838461599313,2.132716266675485,0.9515808010660162,,,,0.07993632862646406,1.0579814954172775,0.7378626549557832,1.2546265691595129,3.355819957952184,5.1330579507089045,6.087130826758797,6.889673165275579,7.713674610395337,8.580987646554702,9.486590802745015,10.41817453219098,11.35851926675103,12.285254045420672,13.169554073205585,13.971446889942866,14.62129821793995,14.94982672479678,14.467214129555884,12.059979605852245,7.325196518582481,3.1192923770102423,1.1191800698842616,0.4181791642371363,0.15783461850244,0.0363655521889064,0.17543974378101554,0.529905813552111,1.569538276565391,3.871441462516949,6.742946993338439,9.410884478981863,11.970329393703748,14.5765602318311,17.16455883740165,19.48021790552209,21.15755797585033,21.837378953004603,21.293093151811558,19.479866469541143,16.46218711661052,12.247424465284015,6.660808299265036,0.645883950364776,,,,0.002718596929251802,0.5139355594434116,6.654569128077116,15.59930643148897,27.650992136361502,39.727064197953084,49.82087282573296,59.97564826519175,71.04882575626128,82.95152961189542,95.14180656246708,106.74949417380907,116.63453787679728,123.60355186786865,126.84743643559742,126.33946359925736,122.84047789707952,117.52061313751312,111.52668985184965,105.72868598780084,100.63191516607945,96.29805554314584,91.9527329398679,84.58535072324506,67.73295243681852,42.639365590923916,26.409986713379986,23.999533894896008,23.776334056788077,15.338800408763436,8.471001179174353,4.690109875517086,3.1638428513919195,3.3649504388946365,4.965248982942703,7.248994141308635
143.19677926631527,9.47604550687321,10.432286375553806,11.120352778405325,11.449155766514005,11.36716493535027,10.875046277879184,10.023091449998915,8.895648450973,7.590293119145858,6.199646566213311,4.799995293568999,3.446583606261029,2.172544891128272,0.9918424398621118,,,,0.07407089636683215,1.0520603094726322,0.7539702400562429,1.2880623954068788,3.38916541710659,5.1601857206427715,6.113400050219426,6.91502801819087,7.737459518185552,8.602587156015703,9.505430426534431,10.433741790576256,11.370406500205467,12.293191532398385,13.17335889465801,13.970634078094573,14.613487577867302,14.925390910174148,14.397243524967617,11.909218245804999,7.177867040129484,3.0781287509046424,1.122409261209228,0.4267365870770391,0.16390150692436012,0.030545330779307035,0.16319780632399766,0.5115843275842197,1.5321365380598542,3.82604644279344,6.731675947589686,9.433016913639936,12.006344697798605,14.613570281053503,17.196015996052203,19.504175623814348,21.176608912023564,21.85809312590237,21.323830507744596,19.528090098909637,16.532732780126054,12.340424844505426,6.7672119653747265,0.7577484959644895,,,,0.0035938192120037946,0.5330271815731006,6.655392918989852,15.405936434170341,27.47351195915984,39.74627852909993,49.92189500972103,60.05781424683619,71.05110759825818,82.82340178392342,94.83963653443978,106.24390794061577,115.9203392931568,122.70641366558296,125.8199062175541,125.24416863934175,121.73027575229675,116.42774316680625,110.4632479970799,104.69311083060565,99.61617845455228,95.29280885907374,90.94977402725465,83.58857622856925,66.84640660124258,42.11987856300133,26.21009814184248,23.862003071972698,23.64055875104804,15.32703871000464,8.541363301725672,4.776040561996391,3.2212216659244097,3.385415902450093,4.946519481336338,7.205265675932677
143.47402375666633,9.470908112716742,10.420659800552054,11.104091194481985,11.431326351600578,11.351445157584926,10.864890441937591,10.021008691017796,8.902848132913293,7.606735963136213,6.224362378457467,4.8314760236123,3.483086643369553,2.2121189011635103,1.0317534208169519,0.02224569107914334,,,0.06849910242679669,1.0482164311089583,0.7700711593710047,1.3213752482587064,3.422845282876637,5.187325965654559,6.139600260049125,6.94029226022183,7.76114483284345,8.624084514256682,9.524171589699247,10.449220536827461,11.382220144568315,12.30107081204656,13.177107995975266,13.969715431614736,14.605352458299036,14.899970873800738,14.325230617782617,11.759205708083437,7.04081224514049,3.0450417185423246,1.128492254258241,0.43687298655061985,0.1713987644782432,0.02593123598288916,0.15193762011838555,0.49449126045880504,1.4965948878858626,3.781261325697013,6.71944448944165,9.454309177008337,12.041875949554221,14.650282951559367,17.227271534786695,19.527996953876748,21.19555469950656,21.878670843296355,21.354328587864952,19.575912022050602,16.60263778040625,12.432365676973069,6.871762346352664,0.8660881228060661,,,,0.004546946707649494,0.5527556722459169,6.655679796705462,15.21829494913609,27.29989117082553,39.76402214285574,50.02046009458773,60.13666966366031,71.04939839192747,82.69152191267322,94.53543009163673,105.73959662517044,115.21188939946616,121.81975882547557,124.8068512687393,124.16600632816373,120.638568748715,115.35386528549218,109.41888173016392,103.67656519883317,98.6194167672069,94.30660112851486,89.96667013026988,82.61551203360027,65.99195674971041,41.631402015555814,26.0306122135309,23.741034278443603,23.51760886786946,15.318846049574137,8.610921403072654,4.862018633383057,3.2796925490405595,3.4072085747148004,4.929274382615901,7.162611176642849
143.75126824701738,9.465789463611955,10.409113258237445,11.087956504087892,11.413637316092869,11.335837207313826,10.854782107730978,10.018890919095536,8.90993225515561,7.622999633166763,6.248858911909423,4.862719668229692,3.519348613990036,2.2514382225170206,1.0713105604368192,0.05798186391741925,,,0.063386806700334,1.0476391382568182,0.7868433388932425,1.3545104231496987,3.4568163545782307,5.21447169588438,6.165730143619192,6.965465747521887,7.784730762693395,8.645480121214542,9.542814801911234,10.464611289423031,11.393960567337338,12.30889178824452,13.180800067089026,13.968686511675157,14.59688135818669,14.873550978905671,14.251261905203423,11.610495186819008,6.914171618196325,3.019297543237479,1.136948449473553,0.4483070479252571,0.18010424793673085,0.022387251190274324,0.14158387517209192,0.478553277937148,1.4628735042451992,3.7372198553500025,6.706360779722107,9.474791659109572,12.076928980002203,14.686699216260843,17.258325907093205,19.55168234535922,21.21439584583046,21.899113103331985,21.384589376481067,19.623335741108193,16.67190985926525,12.523272150341514,6.974545454374033,0.9711117796168797,,,,0.005588603825407645,0.5731599650116745,6.6557091405713456,15.037048640074305,27.131073796019365,39.78072969119715,50.11664783544079,60.21222787626119,71.04374420685035,82.5559926494595,94.22932449607036,105.23667675585403,114.50921983355965,120.94349148114169,123.80804505003465,123.10464855334813,119.56496560275708,114.29855535057256,108.39315294811142,102.67860962264633,97.64120196290727,93.33903157645982,89.00305695381734,81.6657468695395,65.16872651475363,41.17263921033842,25.870628289630492,23.635931638581525,23.407025729415572,15.314244996404842,8.679762184805655,4.948009241826725,3.339241099033945,3.4303266740495975,4.913511442154552,7.121044218466069
144.02851273736843,9.460689596795078,10.397646062187087,11.07194739903338,11.39608717156042,11.320340003243391,10.844721038002929,10.016738840155606,8.916902252070281,7.639085926084958,6.27313797227355,4.893727773963608,3.5553705583477138,2.2905028329623343,1.1105110491368244,0.09297925551918625,,,0.0589063643440955,1.0513531420687088,0.8048486941369982,1.3874634297710655,3.491034423179582,5.24161630488444,6.191788441334441,6.990548344401622,7.80821751935354,8.666774377526197,9.561360570567059,10.479914561041651,11.405628124812571,12.316654342524824,13.184433752516993,13.967542810789775,14.588062903729416,14.846117993468264,14.175438866759087,11.463641854388849,6.797972716087318,3.000142516688128,1.1473268429113683,0.4607756759833469,0.1898107081800867,0.01979107000870555,0.13206887125693414,0.4637029109223871,1.4309299530368795,3.694045571554023,6.6925357976717255,9.494498211641215,12.111511098029208,14.72282056915928,17.289179733017125,19.57523229499567,21.23313286855919,21.919420901314535,21.414614860157773,19.670364828160764,16.74055713570262,12.613170949648946,7.075651039033355,1.0730282030916993,,,,0.006729892327016718,0.5942820051454689,6.65575473007765,14.862773194964488,26.96793084514435,39.796834630879026,50.21054311122758,60.284505785117396,71.03419343908129,82.4169167149375,93.92145394863107,104.73525952489966,113.81235716008098,120.07751369593086,122.82326333985792,122.05977359605106,118.5090843024114,113.26140015491974,107.38563521710587,101.6988162570231,96.68111658667351,92.38970779846953,88.05857367374523,80.73886511747051,64.37584970663298,40.74235886097957,25.729307311983806,23.546049007868206,23.30837951853732,15.313254005423655,8.747972525629702,5.033979653647031,3.399851926439417,3.4547684726720616,4.8992285402887825,7.080578174646586
144.30575722771948,9.455608545370604,10.386257531864429,11.05606258708134,11.378674448770177,11.30495247681904,10.834706995644561,10.014553148299685,8.92375953961971,7.654996619707389,6.297201349376797,4.924501876557089,3.591153517870793,2.329312771330019,1.149352489179621,0.12723656508889628,,,0.055235404639056136,1.0602141702236536,0.8245205188730118,1.420275384837592,3.5254552220607844,5.268753622094267,6.217773957361123,7.015539925123294,7.83160531792579,8.68796768448545,9.579809400723295,10.495130858498351,11.41722316200681,12.324358334082328,13.188007652491418,13.966279760750979,14.578885896353087,14.81766135254712,14.097878299350484,11.31919590442413,6.692134006058604,2.986818903308407,1.1592115911765086,0.47403700937709703,0.20032682780704555,0.018032930667605022,0.12333181808768907,0.4498782479114136,1.4007201855513576,3.6518521065301526,6.678082807184427,9.513466091958273,12.145631123184558,14.758649047881859,17.31983380957388,19.5986473508727,21.251766296947714,21.93959523065652,21.444407029271712,19.71700292951563,16.808588115023603,12.702090249107494,7.175172374658372,1.172045406646302,,,,0.007982459467393187,0.6161669604620374,6.65608502106813,14.695964455458464,26.811263481500923,39.81276716603154,50.30223536515562,60.35352369076287,71.0207966931615,82.27439677787038,93.61194956195129,104.2354509235513,113.12132311858318,119.22172569016287,121.85228432628267,121.03106605547636,117.47055189566339,112.24199713047048,106.39591343703593,100.73676854852465,95.73875358023568,91.45824556932364,87.13286297656542,79.83444757381709,63.61247158994107,40.33939166085189,25.605866997478216,23.470786025952677,23.221267440268353,15.315888000787787,8.815639223287132,5.119899379263244,3.46150866449832,3.4805322603677262,4.886423686719644,7.0412262081462815
144.5830017180705,9.450546338448277,10.374946992604887,11.040300791741128,11.361397697415622,11.289673572064931,10.824739743740325,10.012334526019917,8.930505515633117,7.670733473076284,6.3210508174329245,4.955043501513388,3.626698537289172,2.3678681466221634,1.1878329315987246,0.16075473201877435,,,0.052555790569266854,1.0749163388577068,0.8461715666583971,1.4530242893067027,3.5600355943063584,5.295877962965413,6.243685569285857,7.040440375540665,7.854894377174255,8.709060443991357,9.598161795031427,10.510260682669575,11.428746012558385,12.332003599834625,13.191520324259203,13.964892741315035,14.569339364028105,14.788173428574916,14.018712495269954,11.17769530524344,6.596470133268033,2.9785793001058685,1.1722254991972976,0.48787223597028545,0.2114778102537025,0.017014540353875493,0.11531820398709171,0.43702262537251235,1.3721993833937385,3.610743570475066,6.663116836723548,9.531735889624604,12.17929941238476,14.794187254644559,17.350289120860506,19.621928116665703,21.270296673664184,21.959637083863814,21.473967879584837,19.763253769719284,16.876011696151714,12.790059695718341,7.273206034935704,1.2683702469875868,,,,0.009358570603324984,0.638863450406304,6.656963544483014,14.537048865604444,26.661806653914816,39.82895232313108,50.39181802681853,60.41930514301566,71.00360666178074,82.12853533842154,93.30093933979069,103.73735187796711,112.4361348631815,118.37602605520782,120.89488868848586,120.01821676937564,116.44900428147285,111.2399540584231,105.42358351501264,99.7920609107689,94.81371599907119,90.54426865464657,86.22557109611533,78.95207217245239,62.87774995416962,39.96262693062979,25.499577434211485,23.409584520465067,23.145312006590938,15.322158901970731,8.882848762493937,5.2057402901119625,3.52419398569527,3.50761630782861,4.875095023785105,7.0030012647606465
144.86024620842156,9.445503001275236,10.363713775598528,11.024660752068318,11.344255485839316,11.274502245420866,10.814819045614799,10.010083644411113,8.937141560069211,7.686298226710981,6.344688135314482,4.985354164670725,3.6620066667812843,2.4061691471706452,1.2259509118315555,0.19353694763657336,,,0.05105275543880106,1.096007272242502,0.8700131662003843,1.4858142202195443,3.5947348139099593,5.322984176208355,6.269522236497066,7.065249594549397,7.878084919677052,8.730053058504625,9.616418253675857,10.525304528430874,11.4401969986665,12.339589954531961,13.194970283581279,13.963377089644286,14.559412616006481,14.757649807816222,13.938089239592351,11.039658435780863,6.51069936847019,2.9746990484607303,1.1860316827550188,0.5020863689442372,0.22310556647061452,0.016648084780990138,0.10797922799001393,0.42508432343551794,1.3453226690212554,3.5708150084424495,6.647754177839385,9.549351435995872,12.212527880154534,14.829438375456496,17.380546847727608,19.64507525581704,21.28872455651103,21.979547453524944,21.503299413755894,19.809121155219206,16.94283717696488,12.877110384639936,7.369851656761086,1.362208065497232,,,,0.010871186922796882,0.6624237950726888,6.658649412790788,14.386393177082963,26.520233053931317,39.84580816220947,50.47938791982797,60.48187678011627,70.98267800345846,81.97943461597258,92.98854816260602,103.2410583854609,111.75680519390255,117.54031195500616,119.9508596683035,119.02092273102677,115.44408600350572,110.25488878640667,104.4682520477433,98.86429840851119,93.90561673597003,89.6474086256861,85.33634784728234,78.09131466420627,62.17085599775004,39.61100939133871,25.409757042105635,23.36192522653036,23.080159436603992,15.332076097551171,8.94968710809116,5.291476721987588,3.5878896244922336,3.536018829704257,4.865240828576686,6.965916067718148
145.1374906987726,9.440478555366115,10.352557217871917,11.009141222464358,11.327246400771742,11.259437465587961,10.804944664877402,10.007801163375353,8.943669035282186,7.7016926028563955,6.368115046820203,5.0154353727883,3.6970789641565487,2.444216049785918,1.2637054837948325,0.22558865210631956,,,0.050914208758119944,1.1239075005264174,0.8961779482920569,1.5187643980909147,3.629515972372925,5.3500676874973285,6.295283007075773,7.08996749528176,7.901177171949317,8.750945930992726,9.63457927431113,10.540262884593439,11.451576431035534,12.347117190927147,13.19835600643471,13.961728110544206,14.549095301014349,14.72608957080495,13.856171604219288,10.90557679284971,6.434452903742402,2.974486489453763,1.200333707848191,0.5165081671322123,0.2350685542794458,0.01685531784108123,0.10127129018286854,0.4140162720957372,1.3200456990628868,3.532152912397453,6.632111906548838,9.566359697410183,12.245330011964938,14.864406197305058,17.410608376971517,19.668089495623757,21.307050520139306,21.99932733331539,21.532403642825052,19.854608977662657,17.00907425757874,12.963274826160479,7.46521169521425,1.4537624008445649,,,,0.01253404900670187,0.6869042859532662,6.661397920772664,14.244313384538984,26.387157274886192,39.86374412568572,50.565044658725945,60.54126815867809,70.95806721859232,81.82719644154307,92.67489777897242,102.74666165079697,111.0833427798234,116.71447931563178,119.01998313256082,118.03888700321579,114.4554500467915,109.28642895256,103.52953601261368,97.95309645020835,93.01407825113306,88.76730467741366,84.46484665688142,77.25174925467344,61.49097504381014,39.28353606619853,25.335768864177417,23.327324790574426,23.025478164497766,15.345646871227933,9.016239522442397,5.3770855643937985,3.652576406349248,3.565737947461022,4.856859513880167,6.929983113643222
145.41473518912363,9.435473018630498,10.341476662265878,10.993740972477065,11.310369047062197,11.244478213365872,10.795116365464287,10.00548773182399,8.950089286280054,7.716918305729156,6.3913332809486265,5.045288624144477,3.7319164970697924,2.482009228845893,1.3010962521456826,0.256917517304973,,,0.05233020074804593,1.1589314477472243,0.924741591239066,1.5519995973186795,3.664347324622607,5.377124538845325,6.320967022994158,7.114594005997858,7.924171364514411,8.771739464871597,9.652645351999578,10.555136233846536,11.462884608836447,12.354585079993846,13.201675930915906,13.959941087513963,14.53837746893491,14.693495574113907,13.773137517755252,10.775907967967715,6.367285603429989,2.9772909961959493,1.2148745239662941,0.5309893870908711,0.24724132971943838,0.01756672597711121,0.0951555351182411,0.4037757714599943,1.2963251561905393,3.494835773785763,6.616307431162041,9.582810652672947,12.27772087034585,14.899095123135497,17.440475309926242,19.69097163119069,21.32527515774889,22.01897771899793,21.561282587656233,19.899721216782638,17.074733041441977,13.048586904303368,7.5593911714309705,1.543234768817962,,,,0.014361767002477988,0.7123654803744653,6.665461228851585,14.11108289199908,26.263140067807257,39.88315952401103,50.64889003884969,60.59751157540466,70.92983252422485,81.6719221548087,92.36010680253919,102.25424822218736,110.41575237414605,115.89842300344796,118.10204762684549,117.0718186296115,113.48275763747296,108.33421171647939,102.60706246732322,97.05808048894123,92.13873230879766,87.90360345007007,83.61072459177528,76.43294920138514,60.83730710459852,38.97925331259131,25.277017157884597,23.305333030334594,22.98095744805378,15.362876784261767,9.082590405970796,5.462546335646797,3.7182342830741444,3.596771652159702,4.8499496279255006,6.895214669753417
145.69197967947468,9.430486405491141,10.330471457414475,10.978458786608043,11.29362204742191,11.22962348150471,10.785333911677837,10.003143987876534,8.956403640977104,7.731977021760427,6.414344552167322,5.074915409145813,3.766520345251521,2.51954916526656,1.3381234024856714,0.28753341664801346,,,0.05549253295617208,1.201308117958381,0.9557413472484014,1.5856427122431394,3.6992034831166447,5.40415142274327,6.346573523400151,7.139129070615632,7.947067731921879,8.792434063944512,9.670616979149896,10.569925052701441,11.4741218196848,12.36199337121568,13.204928459360428,13.958011294646527,14.527249636000333,14.659874730391351,13.689179093177211,10.65106909276064,6.308687782068126,2.982508836420187,1.2294344969838646,0.5454035442360395,0.2595138698928982,0.01872076187758989,0.08959744331797112,0.3943242282924942,1.2741191538330747,3.458934663540891,6.60045806939974,9.598757155595095,12.309717093401828,14.933510184358218,17.470149470359793,19.713722529223137,21.34339908278311,22.03849960944119,21.589938280303056,19.944461942836483,17.139824034136993,13.133081827027985,7.652497415047312,1.6308245050639356,,,,0.016369918266529494,0.7388725217537189,6.671089118663069,13.986939931265804,26.148692605683696,39.90444215531365,50.731027422757116,60.65064188153282,70.8980337278875,81.51371250572498,92.04429071417108,101.76390012672066,109.75403502133136,115.09203699242947,117.1968444213279,116.11943254399618,112.52567804577555,107.39788349695829,101.70046825791572,96.17888573156026,91.27921972038165,87.05595885428573,82.77364238435503,75.63448737152807,60.20906731032339,38.69725398387434,25.232944258871076,23.295530425938487,22.946306070734693,15.383770018226963,9.148823159626986,5.5478412436222575,3.7848423744968698,3.629117767270429,4.844509852928983,6.8616227721720096
145.96922416982574,9.425518727003162,10.319540957722326,10.963293464118223,11.27700404216544,11.21487227454346,10.775597068225899,10.000770559051253,8.962613410442836,7.7468704198362515,6.437150560687373,5.10431721094319,3.800891602749256,2.5568364552980634,1.3747877292799089,0.3174483829586934,,,0.06059450147579496,1.2512002831935718,0.9891906813932285,1.6198096950832797,3.734066358550535,5.431145710064223,6.372101845807014,7.1635726488202645,7.969866512691318,8.81303013232081,9.688494645455659,10.58462981144147,11.485288339633783,12.369341792930024,13.20811196069055,13.95593400938865,14.515702853436956,14.625238283094713,13.604501699190187,10.531430943546962,6.258097571180304,2.9895870118275942,1.2438288184189812,0.5596443411042319,0.2717907239881763,0.02026314218873426,0.08456646612878355,0.38562691016072403,1.2533875665373453,3.4245138280448364,6.584680656953123,9.614254783415225,12.341336885419066,14.967657050680668,17.499632911580438,19.736343131612735,21.361422930568292,22.057894007600584,21.61837276530153,19.988835318545735,17.204358139790877,13.216796068074311,7.74463980276252,1.716728666223484,,,,0.018575153420279527,0.7664954879916649,6.678529812010807,13.872094266981968,26.044280682837453,39.927967054569656,50.81156112666591,60.700696291033296,70.86273210088152,81.35266756077559,91.72756186899394,101.27569500497043,109.09818825647403,114.2952145211551,116.30416754922263,115.18144947767638,111.58388839230311,106.47709971643536,100.80939973504772,95.31515685591671,90.43519009410242,86.22403189985118,81.95326445545567,74.85593676151441,59.60548621696025,38.43667471952349,25.203027692060235,23.29752581952935,22.92125113079001,15.40832968165443,9.215020068002705,5.632955232184439,3.852379016417173,3.662773911647824,4.840539002417101,6.829219225241353
146.2464686601768,9.42056999096964,10.30868452333854,10.948243818830461,11.260513688960529,11.200223608665098,10.765905600260043,9.998368062457667,8.968719889151423,7.761600151534612,6.459752992735673,5.133495506054789,3.835031380163784,2.593871819090839,1.4110906612816292,0.34667655556715926,,,0.06783075892811954,1.3087215255342488,1.0250902230949503,1.6546066619402173,3.7689257691094213,5.458105470687008,6.397551424982148,7.187924715696029,7.992567949172559,8.833528074328708,9.706278837830833,10.599250974079284,11.496384433190096,12.376630052743003,13.211224772980998,13.953704526197463,14.503728779524883,14.589602071876131,13.519322766098677,10.417312878146344,6.214913450855356,2.9980252862034176,1.2579045289237032,0.5736238967883386,0.283990044219824,0.022146204119956842,0.08003569948699704,0.3776527177667698,1.2340922973359278,3.3916312911209534,6.569091188903989,9.629361671970486,12.372599999267228,15.00154203703093,17.52892792264626,19.75883445877779,21.37934735989245,22.077161921508992,21.646588100890817,20.032845600506192,17.268346655004745,13.299767300526273,7.835929494363056,1.801141984860493,,,,0.02099531186448623,0.7953097705117063,6.688030845707425,13.766733231987402,25.950328789798203,39.954095366363376,50.89059581022085,60.74771418355797,70.82399025133807,81.18888661379191,91.41002950800207,100.78970624452408,108.44820629705261,113.5078482399772,115.42381383842171,114.25759586544717,110.65707345776488,105.57152455206814,99.933512478313,94.46654773602731,89.60630159102894,85.4074905282304,81.14925893481589,74.09687097977924,59.02581000645425,38.19669336110537,25.18677750741806,23.310954303239473,22.90553691117132,15.436558083856054,9.281262201757205,5.717876013475406,3.9208218147187353,3.6977374628102258,4.838036017321484,6.798015601723661
146.52371315052784,9.415640202050065,10.297901520129809,10.933308678951981,11.244149662575934,11.185676511542423,10.756259273408007,9.995937104980843,8.974724355218337,7.776167851362341,6.482153520827933,5.162451764994007,3.8689408068719144,2.6306561089718823,1.4470342842710728,0.37523411788741456,,2.775817714075262e-05,0.07739728155630234,1.3739508823310644,1.063435610005465,1.6901287406941903,3.8037796742850754,5.485029485805215,6.422921789376975,7.2121852608142625,8.01517228730327,8.853928294407986,9.723970040347462,10.613788998312867,11.507410353345884,12.383857838006842,13.214265206266045,13.951318171104818,14.491319754925478,14.552986784097243,13.433870323069407,10.308978751784398,6.178506556403358,3.0073766537489846,1.2715373511676595,0.5872708861823475,0.296042542201125,0.02432831605871766,0.07598159245763064,0.37037397552020773,1.2161974921111331,3.3603394536164917,6.553804494749021,9.644138338530123,12.403527710316249,15.035172107310434,17.55803703356454,19.781197612714518,21.397173054532303,22.09630436521833,21.674586360114287,20.076497140030618,17.3318012602259,13.382034322225737,7.926479167419221,1.8842568735432796,,,,0.023649547909421857,0.8253964866665493,6.699839996047586,13.671027141709402,25.867224016103098,39.98317333415511,50.96823587273217,60.791736903198625,70.7818719974138,81.02246810135624,91.09179977394848,100.30600311224156,107.80408022724099,112.72983034887537,114.5555829367989,113.34760375040057,109.74492549618282,104.68083069332465,99.07247102846374,93.63272117502717,88.79222068751945,84.60600944886036,80.36129767916997,73.35686469425104,58.46930059166494,37.97652649084495,25.183733819849575,23.33547527738181,22.89892382441475,15.468456978946856,9.34762933799835,5.802594086374054,3.9901477054964554,3.734005520669467,4.836999960837065,6.7680232437744285
146.8009576408789,9.410729361870342,10.2871913196556,10.918486886874794,11.227910654639574,11.171230022193264,10.746657853809003,9.993478283462053,8.980628070641703,7.7905751369849385,6.504353804043549,5.191187452897676,3.9026210332210507,2.6671903173751317,1.4826213609408065,0.4031392267538357,,0.001423523328147932,0.08949142834605939,1.4469451075195368,1.1042228965468437,1.7264601720095922,3.8386340282900444,5.511917250963808,6.448212554940812,7.236354286726102,8.037679776251881,8.874231196980087,9.741568734167744,10.628244335489795,11.518366341630628,12.391024816371782,13.217231545583852,13.948770317212865,14.478468881155052,14.51541818747066,13.348381270545033,10.206633925552175,6.148232420645507,3.01724651583999,1.284628485143534,0.6005286731868447,0.3078904094349621,0.026773337588001617,0.07238368672150855,0.36376624002147595,1.1996697096680735,3.330685683509426,6.538933947101811,9.658647493166367,12.434142781615806,15.068554874804363,17.586963019370753,19.803433779721075,21.414900724680297,22.11532235972032,21.702369631805006,20.119794383404155,17.394734008475133,13.463636973140451,8.016402751617573,1.966263473477194,,,,0.026558468806094495,0.8568429284490395,6.714206247781135,13.585134138523516,25.79531974383823,40.01553139804233,51.044584858858386,60.83280755406733,70.73644224095379,80.85350952270971,90.77297573120947,99.82465088501029,107.16579817495914,111.96105272644334,113.69927733168929,112.45121068787375,108.84714405166282,103.80469910600195,98.22594862735193,92.81334864575231,87.99262194396994,83.81926997929003,79.58905628807763,72.63549404601868,57.935235637393845,37.77542708900207,25.193464534624102,23.370770662564365,22.901187427006434,15.504027782821304,9.414199897252688,5.887102741555063,4.060333020986337,3.7715748718717492,4.837430012044367,6.739253264593714
147.07820213122994,9.405837469124648,10.276553299135733,10.903777298999042,11.211795373392828,11.156883190829904,10.737101108145815,9.990992184879282,8.98643228153489,7.8048236094582055,6.526355488298402,5.219704030158252,3.9360732326850396,2.703475584367788,1.517855347779603,0.43041193480570356,,0.002720782131914328,0.10431207991431186,1.5277487208804068,1.1474521483627917,1.763675213608798,3.8735022857308956,5.538768969044373,6.473423416203277,7.260431806791722,8.060090667929087,8.89443718629931,9.759075397474337,10.642617430580868,11.529252628188479,12.398130636408201,13.220122054272448,13.946056401142302,14.465170101947647,14.476927338418655,13.263099399303567,10.110423441990788,6.123441873303535,3.027290832919192,1.2971014802382765,0.6133534999297463,0.3194862337051895,0.02945012459750245,0.06922438348049598,0.3578081258428577,1.1844780550547476,3.302712890721236,6.524591203529253,9.67295383955521,12.464469420118757,15.101698598944155,17.615708902982085,19.825544232723388,21.43253110826254,22.134216933836257,21.72994002148057,20.16274187144521,17.45715731138043,13.54461604488208,8.105815163554444,2.0473497431522327,,,,0.029744286107571138,0.8897430506711005,6.731380803431892,13.509204517017716,25.734939103554996,40.0514833923706,51.11974487649223,60.870970793761906,70.68776684196742,80.68210736417473,90.4536573893505,99.34571097886476,106.53334548182492,111.20140705046553,112.85470236396284,111.56815964879348,107.96343577875611,102.94281880254844,97.39362696541028,92.00811003879473,87.20718777980974,83.04695988918839,78.83221411758355,71.93233703071228,57.42290850786097,37.59268230588553,25.21556324147029,23.416543251065768,22.912117498095242,15.543271765599986,9.481050895670565,5.971398053689303,4.131353561036072,3.8104419549126516,4.839325458286901,6.711716550636427
147.35544662158097,9.400964519678206,10.265986841424384,10.889178785545825,11.195802543454587,11.142635078716868,10.727588803675228,9.988479386520122,8.992138218356367,7.818914853455127,6.5481602066174345,5.248002953046899,3.9692986039666027,2.739513204717001,1.5527404088313836,0.4570741071901488,,0.0039618237537637005,0.12205984589754278,1.6164020994079416,1.1931297375055225,1.801839485491775,3.908404622710968,5.565585532655392,6.498554134540344,7.284417842293715,8.082405216348134,8.914546666268334,9.776490505400561,10.656908722151092,11.540069431874226,12.40517492830512,13.222934977514212,13.943171940433949,14.451418287247805,14.437550760327133,13.178273175836562,10.020431400234376,6.103490885300048,3.037213503137618,1.3088992647402675,0.6257127750921624,0.3307919365570223,0.0323320754859324,0.06648873452900933,0.35248114779132317,1.1705942825979165,3.2764600819277545,6.5108859804010715,9.68712386603983,12.494533223713383,15.13461217825402,17.64427795669135,19.847530333181034,21.45006497213536,22.152989125025663,21.75729965202677,20.205344238469525,17.51908392248138,13.625013182596486,8.194832042519323,2.1277015825756327,,,,0.03323098195133731,0.9241980020056872,6.751618129634101,13.443384579477765,25.68637817152826,40.09132583407465,51.19381602942606,60.906272625711566,70.6359124942357,80.50835702797241,90.1339417301133,98.86924107627496,105.90670486621673,110.45078491051059,112.02166623713343,110.69819892264107,107.09351426644305,102.09488661859035,96.57519593650669,91.21669341787572,86.43560825465603,82.28877324822706,78.09045429180317,71.24697384918764,56.93162815012619,37.42761134406323,25.249647262052143,23.472515184268385,22.931517177745246,15.586190221834526,9.548257911137561,6.055478861421855,4.203184669804157,3.8506028262116323,4.842685686311373,6.685423764296214
147.63269111193202,9.39611050666532,10.25549133497715,10.8746902303781,11.179930905587323,11.12848475802923,10.718120708256354,9.985940456153392,8.997747096137179,7.83285043749132,6.569769579405649,5.276085674336997,4.002298373033794,2.7753046344417345,1.5872814262297956,0.4831493338144539,,0.00519047690589585,0.14293733064791286,1.7129478952333606,1.2412697381012274,1.8410114926133199,3.9433669561138807,5.592368495743025,6.52360452358215,7.308312418775632,8.104623676821006,8.93456004022779,9.793814529950328,10.671118642342883,11.550816960375066,12.412157304642797,13.225668546138278,13.940112551924942,14.437209319454594,14.397330585610066,13.094153322175194,9.936681520182928,6.087749212841351,3.0467631951479768,1.3199813854383544,0.6375834888351876,0.34177775102557884,0.03539671475784704,0.0641642544955159,0.34776957869044645,1.157992874153923,3.25196289162013,6.497925857100358,9.701225627717687,12.524361118898065,15.1673051392284,17.6726737022048,19.86939353249998,21.4675031131164,22.171639980140977,21.78445066429567,20.247606210460248,17.580526917721233,13.704870779381102,8.283569487660433,2.2075029887700817,,,,0.03704449203551253,0.9603167025192438,6.775177037817724,13.387820068137053,25.64990889330079,40.13533729242832,51.26689586718063,60.9387601914405,70.58094660236439,80.33235276543833,89.81392273755039,98.39529525147158,105.28585657961713,109.70907791296436,111.1999800218771,109.84108202027438,106.23709986576527,101.26060699553014,95.7703533999855,90.43879478236896,85.67758085554854,81.54441027786592,77.36346371254595,70.57898722908374,56.46071892209612,37.279563446183985,25.295355836961363,23.53842654424093,22.95920216024201,15.632784620550039,9.615895061998925,6.139346735850342,4.275801317322906,3.8920531273227565,4.847510172174198,6.660385346953829
147.90993560228307,9.39127542058154,10.245066173819977,10.860310530821613,11.164179216462163,11.114431311709229,10.708696590379871,9.983375952196775,9.003260114702917,7.846631914147695,6.591185214719913,5.3039536439163255,4.035073795078549,2.810851496796627,1.621484007431683,0.5086628383196236,,0.006452204362527544,0.16714944814760238,1.8174360620719652,1.2918947196282964,1.8812441506779238,3.978419851076888,5.61912003462913,6.548574431777409,7.332115561549883,8.126746304969702,8.954477710704401,9.811047939917728,10.685247616865343,11.561495410356983,12.419077361247185,13.228320980691658,13.93687397109779,14.422540181507626,14.356314655267175,13.010990226541349,9.859138843844006,6.075607759845021,3.0557298329724687,1.3303214875659688,0.6489507694894391,0.3524212534532903,0.038625310617887536,0.06224075148912642,0.34366032161084076,1.1466510972016244,3.2292540864867902,6.485816108451374,9.715328520248551,12.553981288903467,15.199787620903281,17.700899909068823,19.89113537292413,21.484846358882216,22.190170556125754,21.811395217501683,20.289532602565338,17.64149967315276,13.784231863562713,8.372143796616259,2.286936238339641,,,,0.04121290726560526,0.9982164715492533,6.80232179705897,13.342659217150613,25.625781723200543,40.18377783083799,51.33907885412658,60.968481563713276,70.52293716060167,80.15418761451072,89.4936914310693,97.92392409370851,104.67077855643284,108.97617777888448,110.3894576563428,108.99656757677755,105.39391952110147,100.43969176911033,94.97880494972951,89.67411783681675,84.93281029016511,80.81357720700534,76.65093306706027,69.92796271883132,56.00952037299111,37.147915983749265,25.35234843963954,23.61403404871883,22.994999938261618,15.683056737008796,9.684034997149736,6.223005938294896,4.349178185514231,3.934788053481045,4.853798469922637,6.636611522301677
148.1871800926341,9.38645924938056,10.234710757515897,10.846038597487656,11.148546248434577,11.100473833326365,10.6993162191937,9.98078642388181,9.008678458894114,7.860260820289293,6.61240870853611,5.3316083093885815,4.0676261563789105,2.8461555876370186,1.6553544890981269,0.5336413848721125,0.002251356371739692,0.00779419824405941,0.19490377813558138,1.929927750970104,1.3450361517684821,1.9225862114576833,4.013597402608499,5.645842899156827,6.5734637221925185,7.3558272903327,8.148773355533503,8.974300079119596,9.828191200798853,10.699296064985397,11.572104967631873,12.42593467812397,13.230890495769572,13.933452072403673,14.40740904626496,14.314556569562233,12.929031228966656,9.787712484507697,6.066484634572116,3.063940899292859,1.3399050481199801,0.6598065877834467,0.36270645869210766,0.04200252345401234,0.06071017359351002,0.3401427953958236,1.1365490466150656,3.2083640408550576,6.474659562792973,9.729503045951576,12.583423092098563,15.23207035492686,17.728960591414378,19.91275748779929,21.502095568613147,22.208581920599848,21.838135489410956,20.331128315800225,17.702015839798804,13.863139978997001,8.460671205554206,2.366182093004911,,,,0.04576669627654373,1.038023709995358,6.833323277202682,13.308055463127406,25.614227973185947,40.23688851146302,51.410455859899415,60.99548554154312,70.46195263369285,79.97395334146034,89.17333590112293,97.45517482830292,104.06144655747991,108.25197643506317,109.58991594259149,108.16441925452988,104.56370660509977,99.63185996380682,94.20026369006372,88.92237376727857,84.20100828592959,80.09598613152993,75.95255683401294,69.29348895569755,55.57738698342565,37.032072642170604,25.42030320580187,23.699109839765605,23.03874909399776,15.73700876790013,9.752748896297337,6.3064633682076305,4.423289758201729,3.9788023236783627,4.8615501990626075,6.6141122998517465
148.46442458298515,9.381661978559203,10.224424491132437,10.831873354100212,11.133030789317274,11.08661142694133,10.689979364529103,9.978172411414512,9.01400329878182,7.873738677283697,6.633441645015201,5.359051116660498,4.099956776059564,2.8812188801164256,1.6888999375940195,0.5581131837825952,0.013029118740940093,0.009265476251746504,0.2264109564738066,2.0504983058408808,1.4007345711153871,1.9650835352089275,4.04893616456353,5.672540355089909,6.598272249668848,7.379447612952153,8.170705080962056,8.994027545448892,9.845244774695221,10.713264399526043,11.582645807357212,12.432728820472194,13.233375304627542,13.929842890550148,14.391815366584044,14.272115683500468,12.848517832795379,9.722259302738674,6.05982992520562,3.071257692195979,1.3487273628700254,0.6701486075356963,0.37262298421532747,0.045516082376311204,0.0595664688339588,0.33720883226051235,1.1276696732430536,3.1893211814632525,6.464556482720905,9.743820572646943,12.612716970539351,15.264164640885156,17.756860002827793,19.93426160122516,21.51925163348756,22.22687515235634,21.864673676378455,20.37239833294887,17.762089315709634,13.941639058760655,8.549267630284913,2.445420024107168,,,,0.05073895128912902,1.0798746412818092,6.868460120447425,13.284169848567691,25.61546186708225,40.294890953711764,51.481113672833146,61.019821447979545,70.39806184007986,79.79174038676581,88.85294134731276,96.98909143541694,103.45783430732253,107.53636609865033,108.80117453948347,107.3444056466408,103.74620075724303,98.83683759294098,93.43445001832313,88.18328102434417,83.48189339490081,79.39135487768385,75.26803328780478,68.67515790941786,55.163687871590945,36.93146169751386,25.498915467980368,23.793440357318733,23.090298633603364,15.794643431493753,9.822106479258546,6.38972850211308,4.498110414621319,4.024090152477003,4.870765030829722,6.5928974785387675
148.7416690733362,9.376883591245857,10.214206785209232,10.817813737320995,11.11763164215885,11.072843206968463,10.68068579692319,9.97553444613314,9.019235789880378,7.88706699121667,6.654285596765021,5.386283510511387,4.132067007728718,2.916043528670926,1.7221281461001414,0.582107796863114,0.023426014674408562,0.010916978978333974,0.2618850937398036,2.179239556087917,1.4590396131000534,2.0087801919196906,4.084474181343,5.699216119374517,6.622999835576966,7.40297651810114,8.192541729763432,9.013660507833865,9.862209120209254,10.727153026877652,11.59311809425974,12.43945933978716,13.235773624060846,13.92604264274095,14.375759965369875,14.229057041059999,12.769682898418056,9.662588363570828,6.05512925841305,3.0775716410367515,1.3567917784234649,0.6799791769767517,0.38216528562483665,0.04915648723766706,0.058805456405342585,0.33485258617936,1.1199988017750708,3.1721524002278008,6.455604465172305,9.758353085556566,12.6418943484833,15.296082316681403,17.784602629285036,19.95564952696421,21.53631547686472,22.24505134174316,21.891011993148723,20.41334771366978,17.821734215169283,14.019773292439474,8.638048407907977,2.5248284521273,,,,0.05616566004300543,1.1239161153987227,6.908019939434151,13.271173147836455,25.629682298178434,40.35798693810959,51.55113453801418,61.04153893157458,70.33133383768384,79.60763781503813,88.53259011869592,96.52571476644458,102.85991362566811,106.82923935570312,108.02305595231991,106.53630018090156,102.94114772603669,98.05435746437034,92.68109141392411,87.4565651126571,82.77519080434895,78.6994068692807,74.59706450130945,68.07256510294334,54.767806471420506,36.84553438041791,25.58789638574815,23.89682528964998,23.149507361552903,15.85596405414326,9.892176023217786,6.472813324498133,4.573614525896352,4.070645223767699,4.8814426732852025,6.572976650327296
149.01891356368725,9.372124068285727,10.204057055718485,10.803858696582594,11.102347625028363,11.059168298043264,10.671435287643542,9.97287305066421,9.024377073357785,7.900247253102462,6.6749421250999985,5.413306935143608,4.16395824098444,2.9506318722474343,1.7550476283535508,0.6056560433276709,0.03348921042841792,0.012801668364608635,0.30154421690599326,2.3162615712314576,1.520009978855166,2.0537193941050615,4.120250158117951,5.725874290270807,6.647646240441128,7.426413967094311,8.214283544601,9.033199362130302,9.87908469233182,10.740962347006935,11.603521982884075,12.446125775044525,13.238083679562338,13.922047751844357,14.359245124795056,14.185451242525128,12.69274787928792,9.608466012772904,6.051906234516342,3.082800760672587,1.3641081548049108,0.6893044517769628,0.3913319636644733,0.05291673380584894,0.058424707090977794,0.33307045071205676,1.11352513977854,3.1568834339386456,6.447898357206153,9.773172932408938,12.670987520752243,15.327835723745931,17.812193179983808,19.97692316659991,21.55328805424688,22.263111590921373,21.91715267241237,20.453981588766144,17.880964835131394,14.09758698737074,8.727128038250996,2.604584997296874,,,,0.06208600686178961,1.170306480520591,6.9523005394713016,13.269247740437295,25.657074289367614,40.42635804756236,51.620595721319624,61.060687772369484,70.26183781255463,79.42173326892336,88.2123617560531,96.06508265798003,102.26765455298396,106.13048923395617,107.2553855195157,105.73988102438351,102.14829921480155,97.2841589916441,91.93992223375425,86.74195838678463,82.08063215289943,78.01987099868805,73.93935634715989,67.48530981182581,54.38914018804941,36.773763322811234,25.686971663043412,24.009076593508723,23.21624329176036,15.920974644383401,9.963024386934597,6.555732251588487,4.649776553909308,4.1184606666799635,4.8935828552593215,6.554359203749331
149.2961580540383,9.36738338831877,10.193974724032133,10.790007193917166,11.08717757079854,11.045585834887117,10.662227608709792,9.970188739072954,9.029428276240509,7.913280939095166,6.695412780294451,5.440122834706312,4.195631902773578,2.984986436737687,1.7876676090526291,0.6287899069333778,0.04326578369145378,0.014974627316436633,0.3456107297456778,2.461694012872835,1.5837133831379258,2.0999442754489874,4.156302786968985,5.752519274647854,6.67221113482286,7.44975988461627,8.235930760114043,9.052644501400607,9.895871942316404,10.754692753474647,11.613857617875697,12.45272765397232,13.240303710764689,13.917854870453708,14.342274673756714,14.1413742399759,12.617920161969513,9.559621401633752,6.0497238530925985,3.0868863004153706,1.3706915404488538,0.6981336390509959,0.40012514105659774,0.05679205998327164,0.05842343092784334,0.33186098484482585,1.108240279240561,3.1435392099646102,6.4415301835280605,9.788352561722718,12.700029530763222,15.359437666876586,17.83963657595003,19.9980845068499,21.57017035290628,22.281057013978803,21.94309796415788,20.494305153585206,17.939795618901986,14.1751244241075,8.816619924164788,2.6848667373340316,,,,0.06854270625184135,1.2192165267063653,7.001611161825294,13.27858925137873,25.697810155672364,40.500165338678705,51.689569100668635,61.07731769322188,70.1896429705976,79.2341129268844,87.89233303593167,95.60723004327923,101.68102547055328,105.44000927016361,106.49799139656714,104.95493098878669,101.36741273102228,96.5259880104908,91.21068351372637,86.03919985327344,81.39795535215166,77.3524815015595,73.29461849766165,66.91299524368921,54.02710003537132,36.71564108320909,25.795880344784003,24.1300175773755,23.290383092503546,15.989679955739758,10.034717040954984,6.638502048950515,4.726571151979112,4.167529033860195,4.907185309171755,6.537054327282412
149.57340254438935,9.362661527863251,10.18395921688853,10.77625820379171,11.072120326932124,11.032094962180203,10.653062532912354,9.967482017014236,9.034390511617264,7.926169510695631,6.71569910183204,5.466732653794688,4.227089458594463,3.0191099365833627,1.8199980109822271,0.6515424449458701,0.05280277543224022,0.01749316044126846,0.39431188828795505,2.615687193456318,1.6502265131720677,2.147498534910079,4.192670230901499,5.779155714919118,6.696694068927526,7.473014148443555,8.257483600449683,9.071996315331317,9.912571317541833,10.768344633467649,11.624125134284089,12.45926449441115,13.242431977161893,13.913460905802605,14.324854072545135,14.096907056824906,12.545390571427188,9.51575228928402,6.048185054613891,3.0897896248127346,1.3765610397358796,0.7064783507655998,0.4085499061813386,0.060779711180638664,0.0588023702850024,0.33122484533858215,1.1041386914241391,3.1321441570780304,6.4365890815572495,9.803964254055435,12.729054038088629,15.390901368491203,17.866937936313263,20.019135615987263,21.586963391204325,22.29888873688582,21.968850134738886,20.534323660572575,17.998241117107643,14.252429706401225,8.906636109501768,2.765850468264382,,,,0.07558237281549676,1.2708305060735783,7.056273743961144,13.299407973353333,25.752050369187938,40.57954903653198,51.75812078552483,61.091478177226755,70.1148184326162,79.0448614647635,87.57257801626453,95.15218906118298,101.09999321513094,104.75769357229451,105.75070453756025,104.18123743665285,100.5982514392368,95.77959660051019,90.4931227763232,85.34803497873769,80.72690441363892,76.69697783526483,72.66256442344579,66.35522869922634,53.68111026002376,36.670678746549704,25.914373685666416,24.259482041850767,23.371811562402527,16.062085539246787,10.107318102945037,6.721141743851313,4.803973266728131,4.21784228232504,4.92224975277197,6.521071012497013
149.8506470347404,9.357958461387732,10.17400996635001,10.762610712944587,11.057174755279187,11.018694834426304,10.643939833835423,9.964753381876324,9.039264878839502,7.938914414952802,6.735802618648411,5.493137837917125,4.258332413526298,3.053005275518421,1.852049438930972,0.6739476994024572,0.06214724644438657,0.020416895806813936,0.44788028823038123,2.778412929323609,1.7196350172584844,2.196426967328938,4.229389756180758,5.805788418090623,6.721094441467731,7.496176578140934,8.278942276486369,9.091255189583874,9.92918326136139,10.781918367823916,11.63432465790747,12.465735805761792,13.244466764106473,13.908863045473487,14.306990493583516,14.05213542840734,12.475331099940426,9.476530958193647,6.046932508289382,3.0914893476871743,1.381738852715126,0.7143520548246508,0.4166138197311651,0.06487872314441452,0.059563696622755645,0.33116472397279945,1.1012177153442824,3.1227224804364035,6.433161239559449,9.820079845808644,12.758095175360703,15.422240417109672,17.89410256210296,20.040078639287213,21.603668217542868,22.3166078972764,21.994411465699386,20.57404241096207,18.056315946011424,14.32954660606871,8.99728701345916,2.8477129641227354,,,,0.08325593167273546,1.325347233565838,7.116624191180434,13.331930080275557,25.819944126316837,40.66462824703906,51.826310765558425,61.10321829193488,70.03743313287724,78.85406202102729,87.2531680833736,94.69998916246648,100.5245231883958,104.08343687685795,105.01335867444284,103.41859218852842,99.84058401741991,95.04474291194984,89.78699384397022,84.6682155038201,80.06722928103552,76.05310456095927,72.04291139095861,65.81162171610728,53.350607955694905,36.63840459471515,26.042214084682406,24.397313471730804,23.460421134885028,16.138197786565474,10.180890377328748,6.8036725332918,4.881958240513189,4.269391757097605,4.9387758698246715,6.50641805689418
150.12789152509143,9.353274161388809,10.16412640977128,10.749063720223482,11.042339731865288,11.00538461583085,10.634859285873494,9.96200332292641,9.044052463716449,7.951517084668083,6.755724849369316,5.519339833929592,4.289362313079413,3.086675546426188,1.883833160490587,0.6960406110365621,0.07134633754914549,0.023807887567188366,0.5065543617107897,2.9500652573290216,1.7920335346798528,2.2467759007497237,4.266497495899546,5.832422289271308,6.7454114684211675,7.519246922748239,8.300306982730957,9.110421505059264,9.945708212937078,10.795414331074989,11.644456305652337,12.472141090523468,13.246406389094954,13.904058783832244,14.288692896993021,14.007149361974355,12.407892912892839,9.44161009113587,6.045647774928498,3.091978728455979,1.386249467073406,0.7217696124275148,0.42432647991945316,0.06908972071598037,0.06071090929336787,0.3316852879514027,1.0994775396721792,3.1152983995719272,6.431329833130385,9.836770444954166,12.78718739436052,15.453468709842776,17.921135917422593,20.060915793479452,21.620285908926572,22.3342156440616,22.019784252296223,20.6134667455509,18.114034743292326,14.406518402964718,9.088681159794177,2.930631231116571,,,,0.09161907403116043,1.3829812719435912,7.183013652203705,13.376398636403698,25.901629616763678,40.755500681993,51.89419258922002,61.11258652103645,69.95755572137014,78.66179616558664,86.93417200018432,94.2506572135766,99.95457946138751,103.4171346016521,104.28579029428101,102.66679143116076,99.09418451680942,94.32119099743593,89.09205665808054,83.99949926287267,79.41868566748636,75.4206112292457,71.43538045888232,65.2817901971288,53.035042671260044,36.61836284408894,26.179174079459706,24.54336427480465,23.55611140873881,16.218023964490882,10.255495398475016,6.886117688600047,4.960501913782035,4.322168177829316,4.956763289804041,6.49310406636432
150.40513601544248,9.348608598461563,10.15430798975547,10.735616236424233,11.027614146694269,10.99216348017194,10.625820664249455,9.959232321450498,9.048754338710912,7.963978938590702,6.775467302537287,5.545340090432604,4.320180743851023,3.1201240302851194,1.9153610838382928,0.7178569361210291,0.08044733249195245,0.02773071924274372,0.5705788812430433,3.130861069419369,1.8675257736561137,2.2985935587033417,4.304028323721814,5.859062271690306,6.769644152354412,7.542224847479185,8.321577893884484,9.129495637080954,9.962146607055745,10.808832891491459,11.654520185936725,12.478479845920063,13.248249208323914,13.899045949106664,14.2699720996453,13.962042615964501,12.343204677519305,9.41062847514814,6.044049967821578,3.091263330278916,1.3901189834263241,0.7287468909312352,0.4316991415300839,0.07341473116315383,0.06224873483384075,0.3327931215909915,1.0989211773725949,3.109896347958595,6.431174955068474,9.854106137850039,12.816365301052514,15.484600388710376,17.94804360793583,20.081649360058716,21.636817569099275,22.35171313680931,22.044970801755518,20.65260203464749,18.171412121309462,14.483387720467077,9.180924899235487,3.0147827515083883,,,,0.10073276301977611,1.4439642038513232,7.255809788801932,13.433074399775682,25.997233993155174,40.85224239265382,51.96181307286925,61.11963060410507,69.87525446996105,78.46814387210782,86.61565595549321,93.80421759775614,99.39012487408114,102.75868289418305,103.56783861469218,101.92563562679325,98.3588322251441,93.60871064853401,88.40807710361138,83.34165000920802,78.78103489794594,74.79925226936638,70.83969647358303,64.76535452389689,52.73387601589629,36.61011244670199,26.325035395069467,24.697495062835277,23.658788702512627,16.30157224154917,10.331193476738608,6.968502457438344,5.03958072672096,4.376161628601085,4.976211566633959,6.481137457195892
150.68238050579353,9.343961741368464,10.144554154123295,10.722267284133968,11.01299690354638,10.979030610677365,10.61682374503144,9.956440850890493,9.053371563128623,7.976301381613136,6.795031476833883,5.571140058128888,4.350789333978926,3.1533541941879486,1.9466457326180224,0.7394331663872662,0.08949772263321437,0.032252607378618216,0.6402054689403242,3.321040707628354,1.946224641088146,2.351930363273223,4.3420158156199555,5.885713294859883,6.793791253064981,7.565109919482387,8.34275516105059,9.148477954484623,9.97849887392646,10.822174411128325,11.664516399117986,12.484751565618497,13.249993623521606,13.893822731005743,14.250840836261194,13.91691210017048,12.28137125162512,9.383216418487232,6.0418940255186255,3.0893589325546182,1.3933745563754616,0.7353004422638445,0.43874438400538285,0.07785701087316646,0.0641830252907919,0.33449666724096516,1.0995544318617403,3.106541132345605,6.4327735334256815,9.87215568607739,12.845663479356265,15.515649770587117,17.97483135644992,20.102281677467953,21.653264326234112,22.369101544928046,22.069973431189055,20.69145366710156,18.228462618035337,14.560196356709522,9.274122123284885,3.1003457120703466,0.02545036892011121,,,0.11066379540151586,1.5085459926607259,7.335398026497891,13.502236412950285,26.10687303949162,40.954907508774994,52.02921204095369,61.12439738495681,69.79059718257052,78.2731834936875,86.29768361411324,93.36069231353756,98.83112113030336,102.10797867600141,102.85934555764379,101.19492942363117,97.63431153324493,92.90707723702594,87.73482683897511,82.694437245765,78.15404375640976,74.1887868818599,70.25558806368643,64.26193965727532,52.44658126399521,36.613225951736325,26.479588042414893,24.85957397057395,23.768365630664764,16.388851707300656,10.408043746715373,7.05085396403387,5.119171819560053,4.431361551090656,4.997120156545088,6.47052645756834
150.95962499614456,9.339333557109674,10.134864355867714,10.70901589757594,10.998486919783156,10.965985199898338,10.607868305149964,9.953629376981283,9.057905183306287,7.988485804962516,6.814418861290949,5.59674119013633,4.381189753382824,3.1863696884208697,1.977700218045122,0.7608064520823773,0.09854527258900586,0.03744350524319362,0.7156931093890027,3.520868552433605,2.0282524259926458,2.406839192286412,4.3804922783065825,5.912380232018576,6.817851260316482,7.587901592718227,8.363838907585258,9.167368818611788,9.994765438959774,10.835439245890308,11.674445037947578,12.490955741532614,13.251638089052282,13.888387708764231,14.231313811051427,13.87185720028306,12.222472758914247,9.35900078877697,6.038968699238809,3.0862896853925483,1.39604393534424,0.7414472378474124,0.4454758238302602,0.0824208843310023,0.06652065421104353,0.33680616318762624,1.1013858529274296,3.1052580495593234,6.436199232252542,9.890986212000081,12.875116303404033,15.546631270601575,18.001504975548098,20.12281513204102,21.66962733012548,22.38638204659244,22.09479446525773,20.73002703849568,18.285200645690658,14.63698511190594,9.368373967475067,3.1874992114732446,0.06318065878259121,,,0.12148542529272152,1.5769964321444687,7.422182769519834,13.58418236800691,26.230650535936352,41.063527980874284,52.09642209768126,61.12693266910798,69.70365110952773,78.07699174179216,85.9803161677695,92.92010107058906,98.27752888814462,101.46491968319293,102.16015572178111,100.47448156752269,96.92041180490708,92.21607156076462,87.07208313116217,82.05763606105168,77.53748433792843,73.58897893462294,69.6827876338645,63.771175225783004,52.172642962402335,36.62728842435814,26.642629461761643,25.029476009008956,23.884760699497182,16.479872384888594,10.486104217129697,7.133201108397392,5.199253130916711,4.48775674128005,5.01948839510457,6.4612791084658765
151.2368694864956,9.334724010986394,10.125238053120416,10.695861122453879,10.984083126153497,10.953026449594722,10.598954122411385,9.950798357881036,9.062356232795329,8.000533586386323,6.833630935493651,5.622144942256609,4.4113837137848,3.2191743425945045,2.00853820836645,0.7820145281377933,0.10763808602328917,0.04337620616070005,0.7973086647009973,3.73063362994176,2.113741037488935,2.4633756016548096,4.419488825225483,5.939067867440229,6.841822369444511,7.610599192035821,8.384829224568508,9.186168582202045,10.01094672252286,10.848627745584352,11.684306188066268,12.497091865721096,13.253181119270852,13.882739879477441,14.211407738316074,13.826979032277798,12.166564066203076,9.33760960317386,6.035094345323308,3.082086490440858,1.398155090835105,0.7472044519271555,0.4519078666389287,0.08711159442896961,0.0692694090328606,0.3397335760702777,1.1044266800697657,3.1060729579039696,6.441522329300987,9.910662871535218,12.904757737980404,15.577559318765854,18.02807033711364,20.143252147642542,21.685907748865862,22.403555827438755,22.119436233441203,20.76832753845311,18.341640437281313,14.713793612096305,9.463778502040926,3.2764234403178416,0.1014083932725192,,,0.1332780565292243,1.6496066827549771,7.51658855845632,13.67922872635946,26.368657316850555,41.178113324565096,52.16346843048432,61.127281090770275,69.61448286621602,77.87964366837039,85.66361238659191,92.48246138294715,97.72930784603892,100.82940450324341,101.47011635345933,99.76410481490974,96.21692725003219,91.53547969400555,86.41962869591512,81.43102697020723,76.9311339052772,72.9995968623034,69.12103135792083,63.29269560306135,51.9115565422415,36.65189641906581,26.813963707371098,25.2070824493631,24.007897921030693,16.57464523730426,10.565431821819795,7.215574465239247,5.279803493578625,4.545335349861652,5.043315473497366,6.453403263949616
151.51411397684666,9.33013306666512,10.115674709108786,10.682802015801096,10.969784466603748,10.940153570609619,10.59008097551379,9.947948244303957,9.066725732544873,8.012446090338678,6.8526691697707385,5.647352773193448,4.441372968501722,3.2517721608238643,2.0391738958184438,0.803095643342549,0.11682467082973336,0.050126446001706154,0.8853273903673715,3.9506502575246976,2.2028322976799055,2.5215980218350293,4.4590354837886625,5.965780873651232,6.86570246062446,7.633201896544654,8.40572616590125,9.20487758817181,10.027043139671653,10.861740253994416,11.694099928522041,12.503159432371843,13.254621296142407,13.87687868656252,14.191141370407207,13.782379634141225,12.113674666055502,9.318676123436644,6.0301206004536185,3.0767855905512946,1.3997359133676137,0.7525892861231568,0.4580554947126519,0.0919351632632146,0.07243787872586568,0.34329252508702046,1.1086907702888837,3.1090122996077705,6.448809564623536,9.931248512381506,12.934621126835115,15.608448269710177,18.05453333860581,20.16359517393845,21.702106764959108,22.420624078961403,22.14390106703799,20.806360537146272,18.397795991135286,14.790660129578043,9.560430407862524,3.367299826795726,0.14026449548155695,,,0.14613001080453555,1.7266908891871302,7.619061143277337,13.78771056710589,26.520970018503295,41.298650366749584,52.23036864552106,61.12548598976937,69.52315835611516,77.68121265100142,85.3476286710885,92.04778865961643,97.18641682467705,100.20133260849352,100.78907731661218,99.0636158470815,95.52365680094766,90.86509284208573,85.77725154282197,80.81439576105488,76.33477475017733,72.42041356896415,68.57005917126916,62.82613997548566,51.662827937333596,36.6866570049453,26.99340066956497,25.392280234641188,24.137706443090753,16.673182167772737,10.646082471336243,7.298006183238342,5.360802727146403,4.60408488648798,5.068600414135115,6.446906590733502
151.7913584671977,9.325560686239378,10.106173792118243,10.669837645832118,10.95558989809086,10.927365782753444,10.581248644059091,9.94507947964563,9.071014691080558,8.024224668158778,6.871535025374716,5.672366144721269,4.471159312004864,3.2841673159612887,2.0696219612246476,0.8240884923412117,0.1261540029690314,0.05777300428072716,0.9800334505652477,4.181258743000072,2.2956782895917227,2.5815679356119148,4.499161320561575,5.9925237980853545,6.889489082521184,7.655708722398151,8.426529743010148,9.223496168285756,10.043055099858423,10.874777108949392,11.703826332321162,12.509157939872606,13.255957277095854,13.870804048182533,14.170535511406536,13.738161104386473,12.063808956794293,9.30184242914276,6.023924004995859,3.0704273499062062,1.400813973898483,0.7576188288970185,0.46393408582599016,0.09689826267149518,0.07603533565636283,0.34749819499432083,1.1141945066564505,3.114103069987326,6.458123953718372,9.952803315730032,12.964738968516636,15.639312305281134,18.080899866014978,20.183846673248446,21.718225570840506,22.437587996620056,22.168191295788652,20.84413137094699,18.45368101359102,14.867621400404486,9.658420635470643,3.4603111400663757,0.17988463402764737,,,0.16013837913189957,1.808587869766739,7.730068437368118,13.90998113032185,26.68764951267136,41.42510299448626,52.29713263538393,61.121589298693934,69.42974269832459,77.48177038100356,85.03241910445755,91.6160962925769,96.64881384491072,99.5806043863858,100.11689106160675,98.37283518577105,94.84040399186989,90.2047072003346,85.14474482517642,80.20753334499524,75.74819405894819,71.85120633393277,68.02961476287987,62.37115240093232,51.4259732110121,36.73118684042713,27.180755330895277,25.58496141578717,24.274120193975723,16.775496014607015,10.728111104713166,7.380529885261175,5.44223172699406,4.663992227989577,5.0953420456825205,6.441796567008179
152.06860295754876,9.32100683029089,10.096734775452859,10.656967091792621,10.941498390396221,10.91466231468808,10.572456908566537,9.942192500111158,9.075224104677718,8.035870658247061,6.890229954650757,5.697186521796292,4.500744579237191,3.3163641428841593,2.099897536383456,0.8450321502107655,0.13567558824696888,0.06639780323131035,1.0817204315360727,4.422826148951704,2.3924417603735524,2.6433500429303973,4.539894573981727,6.019301058283195,6.913179440986468,7.678118505135333,8.447239919162266,9.242024641704313,10.05898300660815,10.887738642401832,11.713485467012056,12.515086892971544,13.257187803100255,13.864516385416639,14.149613014931587,13.694424698751932,12.016946900939207,9.286762460576876,6.016405628012874,3.063055206119247,1.4014163359629561,0.7623099444357835,0.4695592597130678,0.10200809385448541,0.08007161080265945,0.3523672346111855,1.1209566832498659,3.121372728127577,6.469524558514063,9.975384419286428,12.995142679324962,15.670165329867963,18.107175753328946,20.20400910585298,21.734265363772415,22.454448777669043,22.19230924416655,20.88164532731617,18.50930886003635,14.944712439217065,9.757836044873946,3.5556415424048926,0.22041000549646533,,,0.17540996449888102,1.8956628627477177,7.850101309761576,14.046411013843972,26.868739022396873,41.55741190836361,52.363762479103656,61.115631440551496,69.33430015964072,77.2813868543694,84.7180355051451,91.18739574220004,96.11645620180855,98.9671211666818,99.45341259320347,97.69158711011784,94.16697684143048,89.55412381710795,84.52190669447333,79.61023561260807,75.17118378247277,71.29175672078453,67.49944556676923,61.9273818596598,51.20051819291752,36.785111295339256,27.3758470534036,25.78502260974604,24.41707754017237,16.88160054082135,10.811571741011804,7.463180570066495,5.524072549034994,4.725043630663751,5.123538977589248,6.438080480455798
152.3458474478998,9.316471457944132,10.087357137395214,10.644189443813794,10.927508925945173,10.90204240381155,10.563705550485077,9.93928773483424,9.07935495753715,8.047385386237387,6.9087554011903025,5.721815372615221,4.530130644690169,3.3483671308571448,2.1300161643940108,0.8659660093143084,0.14543952132998816,0.07608600414539149,1.190691851559855,4.675747131098473,2.4932965801299414,2.707012417276099,4.581262786814246,6.046116944398077,6.9367703933700575,7.7004298817278265,8.467856603393956,9.260463313408291,10.074827257170247,10.900625180508277,11.723077395295643,12.520945805016147,13.258311706959878,13.858016649964398,14.128398764486269,13.651269898147646,11.973045033320984,9.27310453843072,6.007488736761666,3.05471477628953,1.401569411088701,0.7666791861954166,0.4749467487497909,0.1072722755009901,0.08455696161533613,0.3579176372331191,1.1289983611972412,3.1308490428954485,6.483066209144325,9.999045519198416,13.025862342967717,15.701020858263973,18.133366738432404,20.22408491377889,21.750227340062768,22.471207618615434,22.216257227321776,20.91890762891434,18.56469247443505,15.0219663517957,9.858759023948213,3.653476579994795,0.26198815173004153,,,0.1920623237222472,1.9883093074747435,7.979674162621206,14.197386973666724,27.064261916668688,41.695494383191985,52.43025237450545,61.10765123714474,69.23689409122899,77.08013036543782,84.40452747953397,90.761696620106,95.58930053500502,98.36078524585915,98.79849943775011,97.01969957502185,93.50318773821785,88.91314846083125,83.90854015939847,79.02230329382722,74.60354051037348,70.74185048935804,66.97930275311452,61.49448229820094,50.98599812718419,36.84806361824013,27.578498894246252,25.992364476939656,24.566520955671066,16.99151041874593,10.89651753027343,7.545994515973093,5.606308489824674,4.7872247467178575,5.153189574239055,6.435765425418851
152.62309193825087,9.311954526926876,10.07804036116332,10.631503802768595,10.913620499628466,10.889505296144245,10.554994352204355,9.936365606002374,9.083408221952693,8.058770165162706,6.927112799973723,5.746254168612566,4.559319421230865,3.380180914979642,2.159993758072011,0.8869297180790083,0.1554965412995221,0.08692610017512757,1.3072616658970684,4.940444857550129,2.5984282570043487,2.7726266571021623,4.62329293273033,6.072975627564821,6.9602584488595545,7.722641272523767,8.488379644045917,9.278812472496634,10.090588242137443,10.913437043709232,11.732602175670149,12.52673420028325,13.259327921796483,13.851306351137984,14.106919634910026,13.608793462354063,11.932037781855223,9.260553380206728,5.997116543790863,3.0454530998256932,1.4012988502155004,0.770742731009681,0.48011228976988546,0.11269873990636872,0.08950193201291831,0.36416859905299764,1.1383426896707483,3.142559867042646,6.4987991690895175,10.023836448326922,13.056926446455746,15.731891895898574,18.159478415296938,20.24407650289114,21.76611268859479,22.487865712343872,22.240037546651145,20.95592341699026,18.619844327556873,15.099414145644436,9.961267083116022,3.754003100861847,0.3047738138183396,,,0.2102249163757687,2.086950629149457,8.119325228968197,14.363310269066798,27.274219181752567,41.83924403983959,52.496588602881495,61.09768582831494,69.13758686994538,76.87806750318774,84.09194247465982,90.33900676950131,95.06730289551108,97.76149990882297,98.15201160971434,96.35700413090761,92.84885332927979,88.28159149093575,83.30445294918644,78.44354182255802,74.04506534927427,70.20127751075783,66.46894121905517,61.07211266711451,50.781957333261886,36.9196841472105,27.7885369472355,26.20689121586095,24.72239670151201,17.105241209837597,10.983000803553567,7.629009186906297,5.688924161576693,4.850520644920233,5.184291928816284,6.434858299167942
152.9003364286019,9.307455993620888,10.068783934875514,10.618909280131435,10.899832118623435,10.877050246217221,10.546323097064851,9.933426528970848,9.087384858478911,8.070026295620766,6.945303577495907,5.770504384398793,4.588312858683324,3.4118102667426946,2.189846556605001,0.9079631213053164,0.16589808304407436,0.0990100047016923,1.4317547648606848,5.217372014187151,2.7080345094193667,2.840268034978256,4.666011533211714,6.099881172553752,6.98363977514573,7.7447508632780195,8.508808821921416,9.29707239034689,10.106266345029555,10.926174546820777,11.742059863100092,12.532451616378916,13.260235489700834,13.844387581865133,14.085204433561307,13.567088485158136,11.893839057475072,9.248811643241538,5.985250056311477,3.035318001946995,1.4006294649019893,0.7745163302593125,0.4850715342448523,0.11829563663385308,0.09491720422611809,0.3711403513884168,1.1490146846766547,3.156532830984233,6.5167687358881405,10.049802728112239,13.088361601754416,15.762790811257826,18.185516182382777,20.263986223308876,21.7819225836015,22.504424244898217,22.263652485032768,20.99269773412226,18.674776354103116,15.1770845389987,10.065432424159603,3.8574090869324222,0.34892982368064934,,,0.23004036812294087,2.1920419841135534,8.269616511395563,14.544594484011434,27.498586568441993,41.988530632993154,52.56274952593686,61.08577060216414,69.03643984430714,76.67526315004199,83.78032583087764,89.91933234300942,94.55041880909988,97.1691694481288,97.51381157765205,95.7033358449082,92.20379441151158,87.65926773259181,82.70945738121196,77.87376120560802,73.49556380504409,69.66983168524368,65.96811957925114,60.659936953383955,50.58794888046208,36.999619562454065,28.005789708095854,26.42851007267124,24.884654514263122,17.2228093398393,11.071073121738326,7.712263141179867,5.771905561713951,4.914915835489548,5.2168438370123695,6.435365797230667
153.17758091895294,9.30297581311794,10.059587351507174,10.606404997834433,10.886142802222476,10.864676516963533,10.537691569368901,9.930470912380853,9.091285816095294,8.08115506592863,6.963329151879961,5.794567497637002,4.617112942161224,3.4432600837216776,2.2195910805957544,0.92910620157967,0.17669632378050873,0.1124331342764036,1.5645074629129596,5.507011900142766,2.822325896679768,2.9100156464701588,4.709444762372676,6.126837553146512,7.006910211496039,7.766756587493067,8.52914384306736,9.315243318641535,10.121861941843562,10.938837999120622,11.751450509719003,12.538097606722861,13.261033570531882,13.837263043411385,14.063283820091609,13.526243467248102,11.85834406515128,9.237601031499032,5.971866045264947,3.024357563000136,1.3995851730281044,0.7780152751154717,0.4898399743540503,0.1240712433209403,0.10081344245468507,0.37885396224731854,1.1610409574252265,3.172794946616807,6.537014769260673,10.076985091162895,13.120192252664443,15.793729200357792,18.21148518711309,20.283816348017332,21.797658176662438,22.52088439184088,22.287104301682326,21.02923550623852,18.72949988892131,15.255003768605887,10.171321481040223,3.963883385461517,0.39462803279456093,,,0.2516658546610202,2.304071907510707,8.431133265798818,14.741662746381072,27.73731141674668,42.14319986057225,52.628705614882186,61.071939136306476,68.93351328512736,76.47178048309577,83.46972083437944,89.50267787805618,94.03860333643959,96.583699180851,96.883764229719,95.05853322348253,91.56783582587907,87.04599635512166,82.12337023269376,77.31277589580183,72.95484566891146,69.14731086294603,65.47660015625925,60.2576242081926,50.40353427717926,37.08752217924078,28.230087461475975,26.657130863848472,25.053247302202113,17.344232069399578,11.160785322873375,7.795795943312365,5.855240136630398,4.980394299221732,5.250842770696671,6.4372944077469025
153.454825409304,9.298513939268917,10.050450108848057,10.593990088131338,10.872551581663075,10.85238337960504,10.52909955439009,9.927499158274102,9.095112032364721,8.092157752278608,6.981190932972067,5.818444988855385,4.645721690152606,3.4745353784373734,2.2492440856399134,0.9503990213369319,0.1879442239832634,0.12729448503515772,1.7058679763560967,5.809879616344596,2.941526509442608,2.9819525602007353,4.753618538360732,6.153848668726769,7.030065288155343,7.788656109301528,8.549384331202637,9.333325487255108,10.137375400568846,10.951427704439315,11.760774165555418,12.543671743102331,13.261721450819532,13.829936068510156,14.041190203848616,13.48634142354035,11.825431285400713,9.22666300809298,5.95695514538299,3.0126196800319853,1.3981889645074104,0.7812543733236351,0.49443288274811564,0.13003388327822915,0.10720112857987338,0.38733110254831604,1.1744493829357112,3.1913721102365917,6.559571138149318,10.105418971579029,13.152440366408186,15.82471774308453,18.237390266361444,20.303569049672465,21.813320587918557,22.537247314234293,22.310395226635627,21.065541524153076,18.78402560254382,15.333195396770849,10.27899443078192,4.073615323204638,0.4420502758380838,,,0.27527461053063884,2.4235637861782036,8.604482914719394,14.954944256173,27.990309162550076,42.30307320142455,52.69441951151614,61.056223150160385,68.8288663408076,76.26768097764148,83.16016876949838,89.08904636981998,93.53181113008016,96.00499546324826,96.26173683880167,94.42243813647151,90.94080635441384,86.4416007540009,81.54601261638498,76.76040466916423,72.42272490733912,68.63351676732378,64.99414897076959,59.864848570760955,50.22828317561309,37.18304927988322,28.461261687976666,26.892665510089067,25.228130848028783,17.46952746022738,11.252187567756943,7.879648079120324,5.938916839390771,5.04693952082485,5.286285851679711,6.440650404808163
153.73206989965502,9.294070324733477,10.041371709466047,10.581663693461278,10.859057499955613,10.84017011355051,10.52054683838042,9.924511662202983,9.098864433594196,8.103035618884055,6.998890322422798,5.842138341197384,4.674141152360302,3.5056412664173,2.278822514582945,0.9718816650997797,0.19969556198374208,0.14369670137746768,1.85619688680177,6.12652334921221,3.0658747218423454,3.056165970085439,4.7985586007571515,6.180918360733704,7.053100251795393,7.810446807131823,8.56952981980221,9.351319101990782,10.152807080660756,10.963943961250004,11.770030879288479,12.54917361829441,13.26229855275998,13.822410642552873,14.018957618251873,13.447459041355295,11.794964575008162,9.215759158102207,5.940520092560146,3.0001517083584632,1.3964628832242392,0.7842479353867832,0.49886526406459913,0.1361918495666237,0.11409039048094542,0.39659377217923325,1.189268698362051,3.2122884923080273,6.5844650778946425,10.135133959977393,13.185125109366824,15.855766051265237,18.263235882798202,20.323246375460705,21.828910896362352,22.55351415418815,22.333527454916652,21.101620424473108,18.8383634362976,15.411680118025677,10.388504672647967,4.186794184613521,0.49138936462129734,,,0.3010575639427931,2.5510770557925557,8.790293252526345,15.184870023400311,28.257459534678386,42.4679477887929,52.7598461211029,61.03865246821908,68.72255699724514,76.06302441290114,82.8517089707132,88.6784393418179,93.02999648844711,95.43296570337588,95.64759902734859,93.79489574259523,90.32253861991792,85.84590843633305,80.97720986013321,76.21647050604427,71.8990195555541,68.12825492128748,64.52053573177511,59.48128928887068,50.06177309270022,37.28586248360822,28.699144489669955,27.135027579804863,25.409263516995807,17.59871433682226,11.345329383573416,7.963860874278681,6.022926181148273,5.114534526402156,5.323169825713875,6.445439840762865
154.00931439000607,9.289644921031108,10.032351660664506,10.569424966312248,10.8456596117208,10.828036006285801,10.512033208580482,9.921508813338926,9.10254393498811,8.113789918123093,7.016428713751007,5.865649040104115,4.702373407301814,3.5365829535013447,2.3083434485960415,0.9935941814090888,0.2120049614826709,0.16174613558663092,2.015867587156811,6.4575257508254005,3.19562400731818,3.1327473503384105,4.8442905739214535,6.208050427806349,7.076010096533713,7.832125758426651,8.589579743861957,9.369224342179601,10.168157332474195,10.97638706275883,11.779220699029086,12.554602848755687,13.262764443251537,13.814691422486797,13.996621571765747,13.40966590518424,11.766795336852294,9.20467124709829,5.922574100741609,2.987000172146615,1.394428022015464,0.7870097683457963,0.5031518164883914,0.1425533352711722,0.12149082383280388,0.4066639810630743,1.2055280193484268,3.2355658005268153,6.611716448561157,10.166153220172466,13.218262506446464,15.886882508339676,18.289026057073112,20.342850220013016,21.844430129324714,22.56968602996974,22.35650314028035,21.13747667010883,18.89252253721215,15.490475565951439,10.499898274120957,4.303608533130075,0.5428501045324502,,,0.329225094091933,2.687207991673938,8.989209779217692,15.431867706184226,28.538602455721094,42.63759632782161,52.82493273676831,61.0192549942292,68.61464204233182,75.85786887986231,82.5443788743081,88.27085691414896,92.53311340695221,94.86751837175412,95.04122273198693,93.17575441639038,89.71286898831609,85.25875090971448,80.41679139019186,75.6808004760646,71.38355161462215,67.63133457591566,64.05553382669383,59.106630736644036,49.903589147847136,37.39562715332529,28.943568032781936,27.38413184069097,25.59660596939284,17.731812243786596,11.440259705359628,8.048476416485624,6.10726027611653,5.183161924989004,5.361491036871715,6.451668537451174
154.28655888035712,9.285237678582819,10.023389474440572,10.557273069088964,10.832356983025353,10.815980353270989,10.503558453226097,9.918490994582621,9.106151440799785,8.124421890676668,7.033807492390133,5.8889785729359225,4.730420559673439,3.567365722432881,2.3378240572098297,1.0155765239559245,0.2249279111968335,0.18155289694816001,2.1852667063531044,6.803505416121665,3.331043820417674,3.21179261349957,4.890840016570107,6.235248638662801,7.098789599867096,7.853689725664798,8.609533431375452,9.387041358125295,10.18342649665828,10.988757296997854,11.788343673124874,12.559959077367493,13.263118842929323,13.806783753039717,13.974218875473492,13.373023802592872,11.740764711394517,9.19320102002447,5.903139377380996,2.9732105342340245,1.3921045280334814,0.7895531756445209,0.5073069018612147,0.14912636971670018,0.12941130860869687,0.4175633805482725,1.2232562615922673,3.261222401397885,6.641336885362516,10.198492864534654,13.251865083509312,15.91807410047752,18.31476429568581,20.362382296271758,21.859879250960873,22.585764030657803,22.379324388642303,21.173114530316706,18.946511192915786,15.569596120699087,10.61321338246188,4.424245352275532,0.5966503216075392,,,0.3600089005939681,2.832589926165666,9.20189197109986,15.696355430057167,28.833533665914906,42.811767066109844,52.88961919511467,60.99805669612723,68.50517703499169,75.65227079110743,82.23821406960477,87.86629786944853,92.04111562635734,94.30856301024005,94.44248216797828,92.56486567658537,89.11163747360159,84.67996357437862,79.86459061817263,75.15322562678458,70.87614695197054,67.14256864167822,63.598920311503576,58.74056243010926,49.753323817970994,37.51201183844615,29.194364006408883,27.639893817962083,25.790120876367155,17.86884139869766,11.537026915112843,8.133537481323858,6.191912879986205,5.252803954018641,5.401245402457192,6.4593420763532965
154.56380337070817,9.280848546761902,10.014484667444192,10.545207173984346,10.81914869122089,10.804002457835521,10.495122361554825,9.915458582666865,9.109687844480579,8.134932765659633,7.05102803571768,5.912128428525288,4.758284737484896,3.5979949187850373,2.367281547441292,1.0378684914253766,0.23852077583938308,0.20323088880003676,2.3647945084713182,7.165118456891042,3.472420547037495,3.293402271418401,4.938232458058865,6.262516741967373,7.121433362711665,7.875135143962712,8.629390094544283,9.404770268405137,10.198614903502907,11.001054946909752,11.797399850990537,12.565241976236328,13.263361635156183,13.79869367987861,13.951787447647517,13.337586124155015,11.716705746329067,9.181169783294635,5.882245774053951,2.958827016539082,1.3895116162699708,0.7918909618166828,0.5113445230349535,0.1559187603921311,0.13785982187001283,0.4293128407999894,1.242481453780227,3.2892722844846682,6.673328832215481,10.232161285191728,13.28594149242937,15.949346239050161,18.340453514504024,20.38184410429855,21.87525914982768,22.601749210306973,22.401993251148077,21.208538060425145,19.000336766932403,15.649052717773037,10.728479601112815,4.548888980814595,0.6530218829969066,,0.004725208691642484,0.393663964971058,2.9878926810044355,9.42900826521702,15.978734461383734,29.142000096532435,42.99018382692601,52.95383806269087,60.97508160156778,68.39421627866935,75.44628489256255,81.93324834973829,87.46475971661091,91.55395667849461,93.75601023921065,93.85125379359194,91.96208411591135,88.51868764530721,84.10938561853906,79.32044483152269,74.63358087595842,70.3766352052478,66.66177362209999,63.15047590090568,58.3827790410198,49.610576710245056,37.634687753041376,29.451363096310725,27.902229357974054,25.98977263810882,18.009822640486426,11.63567887836217,8.219087461863664,6.276879421727192,5.323442528557847,5.4424283886056415,6.468465787634634
154.84104786105922,9.276477473933218,10.005636760941158,10.533226462845946,10.806033824786777,10.792101631079799,10.486724723814335,9.912411948260841,9.113154028824717,8.14532376074657,7.068091713066677,5.9351000966673535,4.785968088974901,3.628475936272329,2.3967331121455064,1.0605096655716881,0.2528407976113346,0.22689783182128603,2.5548652612586817,7.543060171459823,3.6200585256981186,3.3776815988302458,4.986493421948229,6.289858472657023,7.143935852590479,7.8964581105133655,8.649148820771961,9.422411157017647,10.21372287224127,11.013280290433464,11.806389283953468,12.5704512495404,13.263492874929554,13.790427959303246,13.929366096123982,13.303397368297068,11.69444550581304,9.16841781021875,5.859929566972624,2.943892463466576,1.3866675893969775,0.7940354409420919,0.5152783073337771,0.16293804036776297,0.14684324878537994,0.4419319704983351,1.2632299272696268,3.3197238526946404,6.707684449822683,10.267158438475038,13.320496118291452,15.980702574353076,18.366095957847982,20.401236897895625,21.890570625419976,22.617642581617417,22.424511716895022,21.243751081304584,19.054005634475708,15.728852658672963,10.845717330570404,4.677719813774777,0.7122116867494911,,0.013733299097818936,0.4304705705457289,3.1538209494639653,9.671229500669542,16.279380601957147,29.463695027576787,43.17254611524638,53.01751485288401,60.950351803825114,68.28181279922548,75.23996427702559,81.62951376189643,87.06623875230149,91.07158992948216,93.20977176315787,93.26741627443795,91.36726733233544,87.93386653844694,83.54685991682773,78.78419508742925,74.12170490728755,69.88484968942535,66.18876954977742,62.70998495855868,58.03298040935478,49.474954352866185,37.76332828874837,29.71439447301677,28.171054196057963,26.19552710346622,18.154777373243125,11.736262978037177,8.305170302012838,6.362157028772149,5.395059294122135,5.485034986735164,6.479044738070743
155.11829235141028,9.272124407498854,9.99684528076778,10.52133012705062,10.793011483170389,10.780277191771662,10.478365331265937,9.9093514560711,9.11655086611344,8.155596082292314,7.084999885719223,5.957895067545281,4.813472779313097,3.658814201503961,2.4261958777240626,1.083539347058715,0.2679460873618734,0.25267527173602494,2.7559075683189826,7.938066807944286,3.774281142526963,3.464740798869588,5.035648437410985,6.317277554378894,7.166291448927678,7.917654376121399,8.668808563463873,9.439964070384711,10.228750710308411,11.025433600588926,11.815312026128508,12.575586636415578,13.263512797616364,13.781994064062099,13.906994279768009,13.270492759493191,11.673807086233047,9.154803606641098,5.836232360901336,2.9284482416551088,1.3835898624000842,0.7959984479997115,0.5191214951415091,0.17019142100298595,0.15636719417274983,0.455438576108713,1.2855253674466331,3.3525785215837196,6.744384390306866,10.303475080383286,13.355528668404624,16.012144800515053,18.391693113068442,20.42056164905632,21.905814373696717,22.63344510911712,22.44688170529169,21.27875715861475,19.10752311912711,15.80899942420503,10.964937074068622,4.810912738739312,0.7744825880924303,,0.023733788826780587,0.4707363284856254,3.331111299322558,9.929220524869336,16.59863416932874,29.7982530741584,43.35852930715972,53.08056827272976,60.923887477803085,68.16801832712062,75.03336039942684,81.32704065701178,86.67073012034702,90.59396862051055,92.66976037482948,92.6908504478284,90.78027586171183,87.35702456587047,82.992232931746,78.25568611003695,73.61744006954852,69.40062730703828,65.723379924676,62.277235487397384,57.69087155487447,49.34607000407374,37.89760856196367,29.98328529363606,28.446283527501468,26.407351290096308,18.303727505345485,11.838826145474211,8.391830433579663,6.447744545623999,5.467635682849234,5.529059691017069,6.491083717855372
155.3955368417613,9.267789293938009,9.9881097572926,10.509517367379376,10.780080776640219,10.768528466249197,10.47004397619294,9.90627746493913,9.119879218253212,8.165750925447965,7.101753906883373,5.980514831094773,4.8408009871039726,3.6890151582355286,2.4556868513177923,1.1069964886207215,0.2838956045582602,0.28068856947930526,2.9683646584472703,8.350917417757447,3.935432002626226,3.5546951695609526,5.0857230390300225,6.344777697859015,7.188494489335847,7.938719339075389,8.688368132698724,9.457429014204775,10.243698712549085,11.037515145548113,11.82416813530238,12.580647913868686,13.263421827499155,13.773400184877424,13.884711850755712,13.238897985687935,11.654611511386792,9.14020307000607,5.8112001090664505,2.912534170279028,1.3802949907478763,0.7977913523969308,0.5228869327645498,0.1776857497517385,0.1664357971879811,0.46984805934372875,1.3093877117765735,3.3878291108943723,6.78339643150749,10.341091951307954,13.391033742882533,16.0436724515185,18.41724562058381,20.439819010171984,21.920990971535417,22.649157701775366,22.46910505814207,21.313559581952138,19.16089343066727,15.889492491103235,11.086138708939574,4.948635274622765,0.8401142183236846,,0.034847375327413464,0.5147981325252164,3.5205273932804175,10.203629637920587,16.9367884296771,30.145245056779412,43.547784933463674,53.14291049907298,60.895706905884104,68.05288328380541,74.82652309368838,81.02585773884125,86.27822786901694,90.12104590634227,92.13588995798094,92.12143928720315,90.20097311183797,86.78801543296855,82.44535461803993,77.73476619088453,73.12063227900629,68.92380846146948,65.26543165463467,61.852019120054514,57.35616268806789,49.22354347957597,38.0372049949615,30.257860216940085,28.727831580716103,26.62521310429134,18.456695383777383,11.943414888408157,8.479112716981058,6.533642545977435,5.541152972770594,5.574496477031979,6.504587226277602
155.67278133211235,9.263472078847132,9.979429725375491,10.497787393891752,10.767240826127665,10.756854788321162,10.461760451901839,9.903190327940496,9.123139936912775,8.175789474267784,7.118355121649754,6.002960876305201,4.867954900700019,3.7190842511836224,2.485222867613069,1.130919625126516,0.30074912519425223,0.31106687174061565,3.1926946246975247,8.782435794616475,4.103876180417213,3.6476652700114895,5.136742755429565,6.3723625951526275,7.21053931576344,7.95964804157439,8.707826185807653,9.474805950161564,10.25856716037481,11.049525188712792,11.832957673840285,12.585634899720848,13.263220586031343,13.764655227277816,13.862558779871211,13.208629057989187,11.636679485950488,9.12450857135891,5.784882241205397,2.896188476881935,1.3767987010701321,0.7994250730821445,0.5265870688388263,0.1854274728797235,0.1770515520777747,0.4851727532455047,1.334831880381964,3.425458012580893,6.824673965622727,10.379978908951934,13.427000386677697,16.075282688378252,18.44275317930046,20.45900927391094,21.936100860078977,22.664781205108007,22.491183531342806,21.348161343977548,19.214119604314476,15.970327152919289,11.20931072541532,5.091045378286561,0.9094036385572537,,0.04720901138022844,0.5630239311961887,3.7228529384571,10.495075516140968,17.29407635873999,30.504172822738852,43.73994106837496,53.204447483418384,60.86582651326878,67.93645677219246,74.61950059110673,80.7259921124058,85.88872500626532,89.65277489160512,91.60807548886699,91.5590678666755,89.62922529790451,86.2266960546747,81.90607832991518,77.2212870924549,72.63113092499766,68.4542369731784,64.8147549979917,61.43413110939578,57.02856922077379,49.107000998452236,38.18179493068183,30.53794093144597,29.015611191729917,26.849081059653482,18.613703723485003,12.05007531580379,8.567062385495307,6.61985333848587,5.615592349906424,5.62133878178788,6.519559456280426
155.9500258224634,9.259172706978326,9.970804724327092,10.486139425803099,10.754490763082645,10.745255499175167,10.453514552731061,9.9000903924788,9.126333863655798,8.185712901812519,7.134804866931793,6.025234690463565,4.8949367143431575,3.749026909463348,2.5148205353899162,1.1553468001642875,0.3185671967600284,0.34394305967234645,3.4293706047937693,9.233492492562535,4.28000155135595,3.7437770846839244,5.18873308709619,6.400035909835015,7.232420319391807,7.980435168913365,8.727181217921482,9.492094792493802,10.273356320875084,11.061463988774273,11.841680709601292,12.590547455555054,13.262909899745768,13.755768803338794,13.840574867487783,13.179692292872447,11.619832991896248,9.107627985939851,5.757330891629618,2.879447774405563,1.3731159235059467,0.8009100947555373,0.5302339536527312,0.19342260291150015,0.18821513815813917,0.5014211996373477,1.3618663268054374,3.465435121751916,6.868154339085239,10.42009400918593,13.46341162317431,16.1069700774346,18.468214447433404,20.478132330794583,21.951144326933548,22.68031639267042,22.51311878633532,21.38256511959727,19.26720344173873,16.051494346017712,11.334429435494812,5.2382888831240155,0.9826657532927877,,0.06096949896777771,0.6158141619611714,3.9388817823543816,10.804131229773795,17.670655623522073,30.87446409892767,43.93460283420272,53.26507928472102,60.83426091247498,67.81878657111268,74.4123395401746,80.42746933176706,85.50221355299229,89.18910866498213,91.08623303652406,91.00362332572739,89.06490137932215,85.67292647470869,81.37426073100347,76.71510395474851,72.14878877859594,67.99175999878474,64.3711835082635,61.02337031917794,56.70781177672149,48.99607504753765,38.331056281022086,30.82334569638273,29.309533379245213,27.07892399382204,18.774775531593374,12.158853159378667,8.65572499293097,6.706380966346045,5.69093497286255,5.669579485266894,6.5360042779119425
156.22727031281445,9.254891122277703,9.96223429786657,10.474572691367163,10.741829729324909,10.733729947276206,10.445306074051528,9.896978000378189,9.129461830071536,8.195522370246493,7.151104471388385,6.047337758340485,4.921748624141824,3.7788485297198373,2.544496183940129,1.1803154888058909,0.3374110793989011,0.3794536734262298,3.678880893430776,9.705006914416067,4.464220207087518,3.8431621837444636,5.241719473627226,6.427801263265139,7.2541319832242355,8.001075051578214,8.746431552549325,9.50929540442453,10.288066445874284,11.073331799770923,11.85033731687008,12.595385489667171,13.262490807741978,13.746751217963778,13.818799443308222,13.15208441440267,11.603896718059577,9.089483694476238,5.728600219214826,2.8623470556829838,1.3692608250438674,0.8022564847836842,0.5338392408488689,0.2016766906275356,0.19992526235698252,0.518597373561177,1.390491399741433,3.507715520558835,6.913757043561167,10.461382535668907,13.500243969624222,16.138726359918476,18.493626938660835,20.497187624378743,21.96612148724215,22.695763957049078,22.534912381227503,21.416773245277106,19.32014545408333,16.13298048177841,11.461458155477157,5.390496533282157,1.0602333875255394,0.005288806486208471,0.07629716978317688,0.6736026338537342,4.16940447240026,11.131304955114738,18.066591705534968,31.25546747017552,44.13135303257145,53.3247004292712,60.80102295659201,67.69991913360177,74.20508502773436,80.1303134470935,85.11868459435625,88.73000033139981,90.57027976196994,90.45499483410163,88.50787299791175,85.12656978699766,80.84976170701003,76.21607520478729,71.67346190425414,67.53622795290914,63.93455398079965,60.619539214822375,56.39361620219989,48.89040426421851,38.48466720854571,31.113888895585237,29.609506919600182,27.314710782491247,18.939934026285062,12.269793791676154,8.745146364558005,6.793231200907431,5.767162039598555,5.719210893678536,6.553925220674827
156.50451480316548,9.250627267920994,9.953717994085563,10.463086427752646,10.729256876900802,10.722277488279543,10.437134812273532,9.893853487975585,9.132524657902216,8.205219030927397,7.167255255327619,6.069271561322684,4.948392823908784,3.8085544590202782,2.5742658094893045,1.2058625162560614,0.35734267238828876,0.4177388100629621,3.941728975844084,10.197949459563503,4.6569699556125155,3.945957877056486,5.29572725052126,6.455662217099716,7.275668921404192,8.021561670387632,8.765575332247252,9.526407594458894,10.302697770936927,11.085128871134884,11.858927577290167,12.600148960008843,13.261964568661298,13.737613449346854,13.797271058348583,13.12579277128348,11.588699317990987,9.070011573756906,5.698745811356408,2.8449197021962513,1.3652468433094864,0.8034739104985733,0.537414191046342,0.21019480143146158,0.2121785177555309,0.5366998637459861,1.4206975113050007,3.5522369105095994,6.961381761874026,10.503775980352401,13.537466935045531,16.170540212855144,18.518986913636166,20.516174104007675,21.98103226351432,22.711124500178656,22.556565761640258,21.450787698620015,19.37294480737754,16.214767286041422,11.5903463670295,5.547780578009452,1.142456905219822,0.027342834353769038,0.09337961303225807,0.7368565712271546,4.415190495959185,11.477016984169692,18.48183912783962,31.64644759174373,44.32975291231556,53.38320029671399,60.766123800889744,67.57989958890369,73.99778060138661,79.83454705101556,84.73812832920272,88.27540304230114,90.06013391636064,89.91307355692312,87.9580144174436,84.58749205923112,80.33244428095185,75.72406246895,71.20500957433536,67.08749443268249,63.50470640133223,60.22244385430165,56.08571357700609,48.7896333375008,38.64230584159521,31.409380604505774,29.91543792107023,27.556410049982667,19.109202550121513,12.382942240541976,8.83537255112267,6.880411529542014,5.844254856002015,5.770224724587188,6.573325454809456
156.78175929351653,9.246381086349869,9.94525536540279,10.451679880929593,10.71677136793923,10.71089748493286,10.429000564846362,9.890717186209924,9.1355231591668,8.214804024491672,7.183258530595071,6.091037576492869,4.974871500866906,3.838149977576942,2.6041450217548108,1.2320239721486332,0.3784244251059382,0.45894199227172644,4.218433470768683,10.713343716943482,4.858715907347192,4.052307358900571,5.350781595507251,6.483622252277571,7.297025914417813,8.041888664754214,8.784610509445159,9.543431112561507,10.317250514321874,11.096855447730894,11.867451580812446,12.604837877106329,13.261332667076484,13.728367123320211,13.776027172967648,13.100795661259378,11.574074495691796,9.04915999190742,5.6678241642279295,2.8271975043686686,1.3610867203652128,0.8045716566252227,0.5409696769942273,0.21898149590656815,0.22496926156494412,0.5557210221184619,1.4524631142229856,3.598916796399477,7.010906277657685,10.547190978574333,13.575042501493368,16.202397001562122,18.54428926687227,20.535090175170875,21.995876364261054,22.726398523111563,22.578080251300438,21.48461007827861,19.425599270645332,16.296831647028238,11.721028862777448,5.710230892922992,1.2297032158741095,0.05142782728552532,0.11242538700319878,0.8060754381733456,4.676965327636062,11.841572664129925,18.916220805980565,32.04658075915025,44.52934308344235,53.440463531135364,60.729572972347654,67.45877174803293,73.79046829307649,79.54019132422988,84.36053411766214,87.82527002409624,89.55571483820903,89.37775262006966,87.41520246450317,84.05556225848946,79.82217453091995,75.23893048806117,70.74329418643497,66.64541614483673,63.08148389635313,59.831893879132004,55.78384022581203,48.6934129271442,38.80365002285214,31.709626170689006,30.227229397047925,27.803989875670286,19.282604477568448,12.498343199857738,8.926449785750533,6.96793113803962,5.922194905885249,5.822612094079722,6.594207771528895
157.05900378386758,9.242152519305987,9.936845968528196,10.44035230554872,10.704372374513344,10.69958930698949,10.420903130263055,9.887569420708788,9.138458136282356,8.224278480931366,7.199115600444499,6.112637275665865,5.001186831250547,3.8676402813793422,2.63414899078088,1.2588351203107166,0.4007192316798105,0.5032100052411016,4.509527969541816,11.252268685468437,5.069952147018973,4.162359839956661,5.406907464279636,6.51168474468983,7.318197939483219,8.062049344102883,8.8035348375128,9.560365646211798,10.331724875882777,11.108511769879389,11.875909426636037,12.609452306942051,13.26059681919019,13.719024481313642,13.755103845024436,13.077062753312799,11.5598619225239,9.026888820905327,5.635892232051591,2.8092106910638344,1.3567925361811286,0.8055586426345094,0.5445161899264552,0.22804081437831425,0.23828951587025982,0.5756460997972901,1.4857524995688698,3.647649435504865,7.0621842637986925,10.591528204338667,13.612924590028626,16.23427852401068,18.569527409022534,20.553933647351904,22.010653261379503,22.741586415155595,22.59945704240433,21.5182415842884,19.478105167011034,16.379145473037372,11.85342488397229,5.877910599470571,1.322353979160575,0.07778382669302407,0.1336656172731641,0.8817880487847776,4.955381346504924,12.2251309650663,19.369405619861684,32.45495097271705,44.729644585644834,53.49637047602668,60.69137844663233,67.33657811275658,73.5831886437513,79.24726608033542,83.98589052695885,87.37955460486133,89.05694294971484,88.84892707583387,86.87931647067121,83.53065217889252,79.31882151028695,74.7605470351415,70.28818118341134,66.20985283528618,62.66473268524049,59.44770250544765,55.48773773002977,48.60139960058744,38.96837709144286,32.01442580819694,30.54478083773855,28.057417495582435,19.460163116465733,12.61604103638012,9.018424443520141,7.055800887812234,6.000963922008508,5.876363506139854,6.616574562250286
157.33624827421863,9.237941507861501,9.928489364419832,10.429102964833753,10.692059078503357,10.6883523311147,10.41284230806309,9.884410511873117,9.141330382181268,8.233643519669394,7.2148277593925965,6.13407212437465,5.0273409758127,3.897030464802889,2.6642923941942,1.2863303038861658,0.424290308573054,0.5506926989434939,4.815560756639989,11.815860999789301,5.291203490103209,4.276270662453906,5.464129515403527,6.539852937754347,7.339180195577065,8.082036702429418,8.822345862123747,9.577210816349886,10.346121035915212,11.120098073370865,11.88430122415761,12.61399237378198,13.259758977762585,13.709598341718298,13.734535422434696,13.054555596362995,11.545907991734385,9.00316847627182,5.60300703849193,2.790987966322518,1.3523757415104343,0.8064434398611142,0.5480638468400165,0.2373762652967055,0.25212889425610946,0.5964523917720386,1.5205134386620525,3.698302579351668,7.115042972388187,10.636671233609768,13.651058513159125,16.26616274740214,18.59469314461958,20.57270167941235,22.02536216624465,22.756688442361888,22.62069718569417,21.551682998957066,19.530457328150128,16.461675561273168,11.987437259210074,6.050851160906624,1.4208027750963121,0.10667514136028872,0.15735533857417094,0.9645473317990549,5.250981670487475,12.627668490109562,19.840884402363596,32.87054664745124,44.930160118633545,53.55079763180414,60.65154673205796,67.21335988783719,73.3759807290373,78.95578980990601,83.61418537549147,86.938210239396,88.56373975228995,88.3264938688967,86.35023821599607,83.01263637122047,78.82225717028403,74.28878283573877,69.83953897603111,65.78066722111554,62.25430203405884,59.06968651514218,55.197152940231746,48.513255787331076,39.1361636987194,32.323574206622595,30.86798778011376,28.316658998537743,19.641901603166165,12.736079792530044,9.111343003477666,7.144033288209602,6.080543957710184,5.931468844380839,6.640427796857425
157.61349276456968,9.23374799245555,9.92018511824632,10.417931130463016,10.679830671457193,10.67718594080087,10.404817898833453,9.881240774963471,9.144140680427707,8.242900249623315,7.230396293058974,6.155343580823916,5.053336075266361,3.9263255032767264,2.6945893650297728,1.3145428457833586,0.4492010544253268,0.6015427530368442,5.137094395377129,12.405317134165086,5.523027320902993,4.3942013936781725,5.522472024019589,6.5681299121024495,7.359968122723638,8.101843435925431,8.841040913011577,9.593966173231191,10.360439153954584,11.131614589461119,11.892627093913045,12.618458262944655,13.2588213361592,13.700102054513293,13.714354244472315,13.033228202018343,11.532066419428423,8.977978991608769,5.569225343760038,2.77255655167184,1.347847189966551,0.80723428826293,0.5516223984628326,0.24699081724899138,0.2664745570934354,0.6181084173499909,1.5566747077794962,3.750714052669055,7.1692808581122005,10.682485386032248,13.689380416114261,16.298023537510524,18.619776545354252,20.591390722505807,22.04000200452462,22.771704735408857,22.641801580419823,21.584934668368078,19.582649052447735,16.54438347933915,12.122951554841107,6.229046943487351,1.5254509593054622,0.1383916212971244,0.18377437598190824,1.0549219612402354,5.564156020304789,13.048938922569235,20.32994466306975,33.292258130320576,45.13037544013881,53.60361813443131,60.61008296002084,67.08915699637768,73.16888218582503,78.66577972375975,83.24540577523341,86.50119053268521,88.07602782132766,87.81035180262677,85.82785187373902,82.50139207445126,78.33235628488585,73.82351149075697,69.3972388681476,65.35772492489022,61.85004421096559,58.697666247045895,54.911837989148125,48.42864975036896,39.3066856578757,32.63686015546473,31.19674137597065,28.581679016207044,19.82784279104768,12.858503184969576,9.205252012846817,7.232642464259962,6.160917458718984,5.987917366285058,6.66576900104942
157.89073725492074,9.229571912922083,9.911932799344486,10.406836082461988,10.667686354460578,10.666089526276915,10.396829704209294,9.878060520179622,9.14688980532637,8.252049769268062,7.245822477991436,6.176453094803286,5.079174245673561,3.9555302360840208,2.7250534402873297,1.3435049444945868,0.4755148915619062,0.6559154015540076,5.474705160829183,13.021895551110159,5.7660155073283486,4.516319892210096,5.581958783886686,6.596518552558086,7.380557415330492,8.121461963538607,8.8596170961817,9.610631192184911,10.3746793675172,11.14306154486049,11.900887168508396,12.622850223475114,13.257786331420336,13.690549449087419,13.694590356188675,13.013027687948536,11.5181987026603,8.951309133651572,5.534603361474409,2.7539422326070877,1.3432171691499089,0.8079391127276995,0.5552012377161157,0.2568868944096713,0.2813111978155836,0.6405731681713798,1.594143552470224,3.804688235418337,7.2246651778288244,10.72881655847832,13.727816709859416,16.329830381312135,18.644765818997207,20.60999646045947,22.054571389678657,22.786635276800286,22.66277096402754,21.61799648465197,19.634672067186138,16.627225460948498,12.259835249519954,6.412449245877684,1.6367018709660262,0.17324940012002074,0.21322748072579473,1.1534838944604435,5.895087913089772,13.488428164435366,20.83564451284349,33.71887619581821,45.32976093572082,53.65470225356246,60.566990981397915,66.96400809810284,72.96192923971313,78.37725179542963,82.87953817249627,86.06844926186339,87.59373080028422,87.30040150574439,85.31204395637015,81.99679914917071,77.84899637792486,73.36460940170772,68.96115498433022,64.94089441120902,61.45181444314307,58.33146558811271,54.63155030522987,48.34725557420652,39.47961782757292,32.95406618478093,31.530927958054725,28.852440406517868,20.01800913208783,12.983354598796739,9.300198053177544,7.321644120155778,6.242067334715064,6.045697700090632,6.692599232834642
158.16798174527176,9.225413208521665,9.90373198118484,10.395817109091348,10.655625338002734,10.655062484423762,10.388877526877453,9.874870052741151,9.149578522035839,8.261093166691468,7.261107581477154,6.1974021065724765,5.104857573808406,3.984649349374003,2.755697510381066,1.3732475654214178,0.5032950886921587,0.7139681145470431,5.828982300303263,13.66691875430993,6.020796384847718,4.642800340337314,5.642612997188525,6.625021512567295,7.400944029503179,8.140884450296191,8.878071286668723,9.627205269306762,10.388841790791735,11.15443916169781,11.909081593546656,12.62716857072066,13.256656646251642,13.680954775262608,13.675271240199061,12.9938949681368,11.504174446576133,8.92315556186726,5.49919651980093,2.735169408073804,1.3384954307154198,0.8085655388572659,0.5588094085089382,0.26706637523140986,0.2966210619520225,0.6637954597789053,1.6328031693544904,3.8599925391384438,7.2809296215926205,10.775490067185013,13.766283499529614,16.36154810372966,18.66964717411006,20.628513747693244,22.069068595112142,22.801479887444916,22.683605901729248,21.65086786908517,19.686516495039353,16.710152317500437,12.397936947012589,6.600959818773368,1.7549530076286897,0.21159080470980574,0.246043333337128,1.2607906907398785,6.243692847733197,13.94530577528153,21.356786426500808,34.14909169596963,45.527773362589535,53.70391790846895,60.52227346837957,66.83795061041242,72.75515673321759,78.09022080283091,82.51656838712336,85.63994039674367,87.1167733941227,86.79654539934279,84.8027032628036,81.49874001279983,77.37205765237688,72.91195569830415,68.53116419986016,64.53004692541471,61.05947087519422,57.97091196457892,54.35605262674206,48.26875316893866,39.654634029749964,33.274968223167605,31.87042860431527,29.128903929863323,20.212422551173667,13.110677077180029,9.396227708164941,7.411055498811245,6.323977030200435,6.104797844445752,6.720919058226055
158.4452262356228,9.221271817969509,9.895582241325489,10.384873506740995,10.643646841847909,10.644104218688659,10.380961170574874,9.871669672966103,9.152207586671214,8.270031519642153,7.27625286134206,6.218192045721383,5.130388112516423,4.013687359465661,2.7865337696620416,1.4038003279363247,0.5326045644527131,0.7758602338862759,6.200527099844046,14.341775196861933,6.288036798850583,4.773823235026512,5.704457151433007,6.6536411762104635,7.421124184420592,8.16010283313915,8.896400121919262,9.643687717083106,10.402926513284068,11.16574765746722,11.917210528531463,12.631413688787834,13.25543520983414,13.671332637638367,13.656421569888495,12.975765476157052,11.489871573230294,8.893522035156636,5.46305926186091,2.716261141974735,1.3336912193051393,0.8091209081795727,0.5624556147309011,0.2775305941773842,0.3123840000315417,0.6877134259421719,1.6725103067748943,3.916353998143472,7.337772044438506,10.822309519016564,13.804686012708622,16.393136579341455,18.694404680705745,20.64693654468138,22.083491525001616,22.816238212519558,22.70430677595324,21.68354775612291,19.73817082535101,16.793109367346098,12.537085643380529,6.794423921096395,1.8805857309399452,0.25378302745650666,0.2825719001284788,1.3773613450900872,6.609547739724949,14.418373781208738,21.891891673354195,34.58149654159266,45.72385776745737,53.751131199896,60.47593202118954,66.71102073203225,72.54859815467486,77.8047003691039,82.15648165014038,85.21561811898285,86.64508136217569,86.29868766430901,84.29972082683797,81.00709957659242,76.90142292174495,72.46543216832464,68.10714607302003,64.12505643438617,60.67287452892066,57.61583633305408,54.085113016311816,48.192828289791194,39.83140700178053,33.59933527424952,32.21511870048617,29.411027917607864,20.411104312804067,13.240513306246026,9.49338753286379,7.50089533781205,6.406630594242461,6.165205170947016,6.750728526223795
158.72247072597386,9.217147679464542,9.887483161378562,10.374004579821118,10.631750094907748,10.633214139001401,10.373080440090481,9.868459676346172,9.154777746407621,8.27886589557744,7.291259565738341,6.238824330010201,5.1557678760886505,4.042648596518973,2.817573668191736,1.4351913885069845,0.5635056716077091,0.8417525604872284,6.589951733381108,15.047920986023897,6.568444190640568,4.9095753286368735,5.7675128826784015,6.682379617897712,7.441094357998084,8.179108848991524,8.914599995867299,9.660077759974268,10.416933598405086,11.176987244964124,11.925274147755943,12.635586032855603,13.254125197327308,13.661697923443096,13.638062987763446,12.958569908065389,11.475176425075597,8.862418667044402,5.426244880838795,2.6972392158920977,1.3288133002989526,0.8096122927550755,0.566148229332998,0.28828034629300725,0.3285775547319444,0.7122541966919126,1.7130931105027705,3.973456128669074,7.3948523837077955,10.869055736517895,13.842918032886214,16.424550440161596,18.719020127099757,20.665257850931265,22.097837683739083,22.83090970671768,22.724873775616828,21.71603457849654,19.789621890396766,16.876036384461635,12.677090066337447,6.992622989427488,2.0139520277400704,0.30021502991677285,0.32317947923886353,1.503644308626626,6.991812753144558,14.90601449449071,22.439176452712108,35.014586186660125,45.91744957604916,53.796206955827365,60.427967279149854,66.58325346909083,72.34228566777448,77.52070300264273,81.79926263993225,84.79543683995165,86.17858151047793,85.80673420914057,83.80298986679365,80.52176518436517,76.43697754348682,72.02492318967606,67.68898277959511,63.72579956933769,60.291889264422394,57.26607317150206,53.81850487585202,48.11917257148302,40.00960838312438,33.92692911298622,32.56486750129719,29.698767932425323,20.614074879828678,13.37290559502003,9.591724024011256,7.591183822077671,6.490012748650509,6.226906429654163,6.78202714315193
158.99971521632492,9.213040730717132,9.879434326968836,10.36320964066058,10.619934335115799,10.622391661691971,10.3652351412629,9.865240353623467,9.157289739581435,8.287597351699597,7.306128932922466,6.259300364196321,5.180998835680184,4.0715371886559,2.8488278649676086,1.4674473203174865,0.5960599619010467,0.9118068903605118,6.997877869201969,15.786881314145246,6.862768707322779,5.050249509207114,5.831800824239952,6.711238559815393,7.460851277122056,8.197894064718046,8.932667053797827,9.676374529967516,10.43086308201709,11.188158132193637,11.933272641166106,12.639686131322392,13.25273002800009,13.652065724217298,13.620213912314895,12.942234972061575,11.459983776038245,8.829861229794131,5.388805385651022,2.678124182360438,1.3238699863580339,0.8100465091571495,0.5698953034073705,0.29931589441308765,0.34517708186373214,0.7373338008080951,1.7543493652199973,4.03093624368912,7.451790863087914,10.915485765897607,13.880861344387924,16.455738780767625,18.743472873169406,20.683469635577506,22.112104144045297,22.84549361878824,22.7453068853657,21.748326253467184,19.840854847053446,16.958867568486973,12.817738106580721,7.195267034008321,2.1553578331863847,0.351291998609522,0.36824060665750896,1.6399764474826857,7.389147910928704,15.406139658223797,22.99653098327297,35.44676377601304,46.10797684932611,53.83900928902541,60.378379035520766,66.45468266345694,72.1362501416432,77.23824013630306,81.44489551697484,84.37935121736825,85.71720168360744,85.32059263817597,83.31240573631675,80.04262655289779,75.97860935441882,71.5903156645834,67.27655904951445,63.33215557054284,59.91638174244191,56.92146047006602,53.55600696172923,48.04748357669595,40.18890873657118,34.257504003224874,32.91953769076006,29.99207642005028,20.821353763854106,13.507895850213101,9.691283591168014,7.681942533544231,6.574108954166082,6.289887757660656,6.814813846449493
159.27695970667594,9.208950908975803,9.871435327696101,10.352488009400288,10.608198809300633,10.611636209407093,10.35742508098397,9.862011990863124,9.159744295788418,8.296226934993415,7.320862191023485,6.2796215388527745,5.206082914789892,4.100357046608092,2.8803061827980496,1.5005929899262833,0.630327931763466,0.9861854970536514,7.4249350064929995,16.56025153209399,7.1718053097538625,5.196044608608616,5.897340439940175,6.740219327183709,7.480391902884828,8.21644990860217,8.950597188051841,9.692577062114836,10.444714970931361,11.199260522256758,11.941206215190528,12.643714587771528,13.251253361852935,13.642451251730158,13.602889376209053,12.92668413313334,11.444196762729456,8.795870507071548,5.350791393441514,2.6589354181451252,1.3188691627542153,0.8104301318167255,0.5737045751939871,0.3106369787992474,0.3621559039580223,0.7628573308588159,1.7960453043447908,4.088383445794077,7.508166601368246,10.96133200179678,13.918385196139768,16.486644862266303,18.767739700349388,20.70156276561214,22.126287513687146,22.859988975399926,22.765605874707713,21.780420170318937,19.89185316416017,17.041531537989503,12.958796362281701,7.401986917757069,2.305042442128451,0.4074265109888446,0.4181258278324774,1.7865320123173698,7.799628460045727,15.916143980494315,23.56150299691032,35.87634609760389,46.29486269870188,53.879402164074804,60.327166355556585,66.32534102313714,71.93052118141537,76.95732216577788,81.09336395718942,83.96731617076098,85.26087075608488,84.84017222025129,82.82786587633218,79.56957571397552,75.52620860803768,71.16149895583851,66.86976210556118,62.94400623391748,59.546221387889645,56.581839721686386,53.29740340005282,47.97746485788613,40.36897760413716,34.590806438044574,33.27898494209665,30.29090235206722,21.032959366936677,13.645525545631658,9.79211252837793,7.773194398165685,6.658905474238364,6.354134690779424,6.849086977999781
159.554204197027,9.204878151050853,9.863485757095274,10.341839013891938,10.596542773068574,10.600947211033002,10.349650067194906,9.85877486952205,9.16214213597502,8.304755682255374,7.335460557804485,6.299789229185552,5.231021984831406,4.12911184897003,2.912017565045991,1.534651431612195,0.6663687493111653,1.0650505582892749,7.871758512792011,17.369697766049452,7.4963958452956545,5.347165125155327,5.964149840901045,6.769322801336639,7.4997134112591475,8.23476770292648,8.968386034665253,9.708684290080168,10.458489241363688,11.210294613218725,11.949075093542367,12.647672082725652,13.249699094651648,13.632869748662552,13.586100898130823,12.91183834195324,11.42772674782283,8.760471694180278,5.312252045536832,2.639691177088189,1.3138183114915403,0.8107695057298747,0.5775834789573487,0.3222428290022186,0.379485494415071,0.7887194034262545,1.8379151768948416,4.145337552344358,7.56351676014216,11.006301467578478,13.955345792767847,16.517205816856304,18.79179465871233,20.719526931817743,22.140383900843258,22.874394564340534,22.785770287142586,21.81231317920493,19.9425986159102,17.123951348975574,13.100009819696375,7.6123267238828065,2.4631536129672176,0.46902540883100097,0.47318420967723246,1.9432613713486995,8.22066488539861,16.432866898672653,24.13128725889168,36.30157145317507,46.477527849728666,53.91724997151895,60.27432769720232,66.19526015458773,71.72512715922335,76.67795848716237,80.74465118394119,83.55928689581847,84.80951862337515,84.3653838577906,82.34926976812385,79.10250695801565,75.07966791370409,70.73836482504417,66.4684816040764,62.561235859384404,59.18128035447926,56.24705591245893,53.0424837019146,47.90882603161667,40.549483597607825,34.92657490454278,33.643057478022,30.59519085941895,21.248908814171493,13.78583568597856,9.894256986042889,7.864963630514043,6.744389435991225,6.4196321783822325,6.884844257112378
159.83144868737804,9.200822393342513,9.855585212598955,10.33126198959827,10.584965490679327,10.590324101613453,10.341909908885214,9.85552926652262,9.164483972535244,8.313184620120849,7.349925240417888,6.319804793855316,5.255817860815773,4.157805028135064,2.9439700344608752,1.5696437201727034,0.704239963331628,1.1485635249047779,8.338987331357366,18.216956960754608,7.837431043072922,5.5038208453319974,6.032245584801646,6.798549370634551,7.5188131697217715,8.252838697217106,8.986028970987975,9.724695041707776,10.472185837345997,11.221260597949897,11.956879517976166,12.651559375163462,13.24807135127114,13.623336394680496,13.56985638993857,12.89761673866167,11.410493126828088,8.723693844429032,5.273234943849334,2.620408642167188,1.3087245342383496,0.8110707585336177,0.581539153688661,0.33413217774414755,0.3971356893901588,0.8148049386720335,1.8796617668402233,4.201289232204963,7.617336379276415,11.050075294739658,13.991585822759095,16.547352354967813,18.815608911561323,20.737350572459224,22.154388878101805,22.88870891701274,22.805799429257807,21.84400158144328,19.99307128160504,17.206044540529,13.241101693840932,7.8257364718615845,2.6297181311907525,0.5364712485271296,0.5337194269177545,2.1098204367391302,8.648935571837535,16.952567135442152,24.702722853639607,36.720609525471666,46.65539334076286,53.952418106592695,60.219861033870664,66.06447059674153,71.52009524554235,76.40015753368476,80.39873999875037,83.15521887767886,84.36307619251946,83.89614005633855,81.8765188875212,78.64131677924716,74.63888217762927,70.32080737278585,66.07260957759354,62.183731200951975,58.821433490410335,55.91695751167798,52.79104277841454,47.841282864533056,40.73009452364211,35.264539674817414,34.01159563223434,30.904882856370406,21.46921777677718,13.928866764794812,9.99776294270174,7.95727567624279,6.830548887985313,6.486364601404705,6.922082753259192
160.1086931777291,9.196783571861813,9.847733295499214,10.320756279492533,10.57346623493149,10.579766322271297,10.334204416094046,9.852275454318676,9.166770509396827,8.321514765086208,7.364257435157862,6.339669573810505,5.280472297168994,4.186439756990297,2.976170654332951,1.6055888430510956,0.7439971952355573,1.2368844305722497,8.827261325768948,19.103836211981125,8.195852378509937,5.666226347190572,6.101642456477427,6.8278988791909105,7.537688710352807,8.270654101703558,9.003521114346643,9.740608034638042,10.485804669100741,11.232158663946912,11.964619749000718,12.655377303790763,13.246374477284713,13.613866208646106,13.55416010017229,12.88393732360524,11.392423088688963,8.685569359818217,5.233786105036614,2.6011039764896156,1.303594574095674,0.8113398119605508,0.5855784515995691,0.34630327661771676,0.41507492388082995,0.840990271905009,1.9209580538182816,4.255681646922609,7.6690790603135115,11.092308449721836,14.02693403472589,16.577008477314166,18.839150577973104,20.755020794874465,22.168297445112444,22.902930290284228,22.82569235981844,21.875481121372335,20.04324955202409,17.28772320948951,13.381773454164907,8.041565498771106,2.804607878683923,0.6100971552356778,0.5999583912385806,2.285493506410563,9.080342147440206,17.470915160337412,25.272300009658483,37.131573275699864,46.82788334024527,53.9847735499292,60.16376397870904,65.93300185658427,71.31545144083032,76.12392681162598,80.05561281074415,82.75506790321812,83.92147537244676,83.43235489453997,81.40951666016859,78.1859038223924,74.20374854561427,69.90872298067303,65.68204037933177,61.81138141843642,58.466558305028336,55.59139646150851,52.54288095527132,47.774557370058176,40.910477543269366,35.604422624984394,34.384431413118435,31.21991465472614,21.6939002852722,14.074658716284723,10.102676176398937,8.050157152655677,6.917372854417105,6.554315793511424,6.960798858686338
160.38593766808015,9.192761622257965,9.839929610911398,10.310321233962132,10.562044287041543,10.569273320132515,10.326533399905573,9.849013700963058,9.169002442109205,8.329747123529156,7.378458327206799,6.359384891139831,5.3049869837116495,4.2150189364451265,3.008625492209506,1.6425035727784414,0.7856938152594907,1.3301711412287327,9.337218227573082,20.032211227798236,8.57265374076495,5.834600365608094,6.172353228679733,6.857370573384646,7.556337699920448,8.288205120518484,9.020857321816628,9.756421871991916,10.499345611379804,11.242988993114368,11.972296066542436,12.659126788005874,13.244613028698112,13.604473947795542,13.539012594279136,12.870717588415035,11.373451339676208,8.646133523983135,5.193949930006169,2.5817923730069605,1.298434836234787,0.8115823926866261,0.5897079463824347,0.35875391340137297,0.4332704878616966,0.8671445956320538,1.9614501803022102,4.307913885669493,7.718158664302855,11.132629760635874,14.061204873999845,16.606091194407348,18.86238457389442,20.772523295017706,22.18210398988919,22.917056647638994,22.845447878958357,21.906746979793873,20.0931101427215,17.368894116163514,13.52170506041911,8.259056880534951,2.9875018821588113,0.690154029710178,0.6720118192540665,2.469114698987328,9.509999095098577,17.983008910349135,25.836178159487034,37.532532852493446,46.99442806331767,54.01418544751487,60.10603390980188,65.8008824461046,71.11122060739619,75.84927293542562,79.7152516648948,82.35879007238218,83.4846490639892,82.97394399457484,80.94816841785777,77.73616883081219,73.77416634748113,69.50201025518287,65.2966706294889,61.444078030761425,58.11653493640094,55.270228166224946,52.2978039868226,47.70837791482968,41.09029936550686,35.94593708415088,34.76138807081946,31.540217568170572,21.92296853233049,14.223250860745631,10.209042235321416,8.143635787600216,7.00485138540099,6.623469065385374,7.000988261026743
160.6631821584312,9.188756479837217,9.832173767733181,10.299956210709052,10.550698936533049,10.558844548249192,10.318896672448169,9.845744270171332,9.171180457928815,8.337882691724962,7.392529090386105,6.378952047947144,5.329363541821335,4.243545183867106,3.041339586418566,1.6804023408257707,0.8293806045281742,1.4285785436819711,9.869490151591824,21.004023732040306,8.96888282091702,6.009164997040545,6.244388401789901,6.886963046113402,7.574757907477805,8.3054829841852,9.038032191122904,9.772135038138156,10.51280850177067,11.253751761538208,11.979908770548136,12.662808828572503,13.242791759776074,13.595174004818368,13.524410771238253,12.85787510241131,11.353519799109614,8.605424075197377,5.15376918664456,2.562488102782909,1.293251407440892,0.8118040425897654,0.5939339412194687,0.3714814307935088,0.4516887978163647,0.8931317143239453,2.0007618462225705,4.357346456818897,7.763952189808729,11.170642299862845,14.09419819336568,16.634510256543425,18.885272452357373,20.78984227510751,22.195802248802167,22.931085639670627,22.865064517374663,21.93779376920132,20.142628114565213,17.4494588227219,13.660555433854203,8.477343321135963,3.177845417402275,0.7767694518916618,0.7498269978324731,2.65899617129607,9.932269748099573,18.48341788888787,26.39021671229711,37.92153143408335,47.154466765797736,54.04052568715614,60.04666809574722,65.66813992044271,70.90742650144684,75.57620166197007,79.37763826909558,81.96634180861817,83.05253114963821,82.52082449305321,80.49238135589945,77.29201459608204,73.350037043152,69.10056997325565,64.91639916326163,61.08171487077088,57.77124611974546,54.95331148095766,52.05562306918982,47.64247933385793,41.26922647471424,36.28878771532968,35.14227966901049,31.86571750667652,22.15643266490551,14.374681843314628,10.31690640737885,8.2377403568821,7.092975603017571,6.6938072320801,7.042645916038765
160.94042664878222,9.184768079585703,9.824465378609716,10.289660574660061,10.539429481122003,10.548479465525661,10.31129404689312,9.842467421386761,9.173305235901635,8.345922455859663,7.406470886903231,6.398372325259195,5.353603520801737,4.272020822493702,3.074316915654332,1.719297114060157,0.8751054049267939,1.5322576734773892,10.424699642695744,22.02127759395621,9.38564211997008,6.190144718623549,6.317755921254599,6.916674178738927,7.592947169942183,8.322478980929995,9.055040062721284,9.787745894574083,10.526193138973927,11.264447139205778,11.987458181526954,12.666424507943384,13.240915608916193,13.585980303843721,13.510347915657496,12.84532805056002,11.332577274476817,8.563480817082539,5.113285003863308,2.543204561697351,1.2880500746033599,0.812010128438771,0.5982624765292492,0.38448274637287955,0.4702956786605918,0.9188120767640912,2.0385001860431493,4.403309044183099,7.805803986730779,11.205924180907,14.125699052736799,16.66216789749314,18.90777224356656,20.806960359560676,22.209385265274168,22.94501458391062,22.88454052566798,21.968615530740962,20.19177690162073,17.529313866057134,13.79796318788825,8.695444982385215,3.374808038427945,0.8698984268887012,0.8331344402206401,2.852874510585929,10.34085967084124,18.966259896857405,26.93001963576051,38.29660286037071,47.30745079094768,54.063669468572755,59.98566382103528,65.53480091706254,70.70409180524271,75.30471792408333,79.04275402010045,81.57767986844728,82.62505648306858,82.07291501236628,80.0420644915178,76.8533459089449,72.93126417032377,68.70430502957934,64.54112698054378,60.72418804148889,57.43057715664592,54.64050869988572,51.81615485238645,47.576603053347235,41.44692539117369,36.63267043033427,35.5269106628382,32.19633456100419,22.394300565208006,14.528989565725947,10.426313688394481,8.332500620367203,7.181737742832419,6.76531264334415,7.085766020612974
161.21767113913327,9.180796356193081,9.816804059896912,10.279433697864997,10.52823522660557,10.538177536641095,10.303725337450294,9.839183409842606,9.17537744694352,8.353867392043046,7.420284867103355,6.417646981973074,5.377708394481845,4.300447871891262,3.107560371876055,1.7591972750940357,0.922912759084743,1.6413547828254618,11.003455217545522,23.086033435279024,9.824089453455214,6.377765193481916,6.392460871516244,6.946501080666538,7.6109033561141874,8.339184486399477,9.07187502308148,9.803252675940039,10.53949928105572,11.275075289724356,11.99494464101953,12.669974990220556,13.238989682527748,13.576906196413809,13.496813783756782,12.832995720589862,11.310579122608466,8.520345264697857,5.072536875302122,2.5239543155012436,1.282836342195248,0.8122058510338054,0.602699337444224,0.397754373597954,0.48905665084926375,0.9440450335806201,2.0742630961419275,4.445110648635536,7.843031439984565,11.238029828674295,14.155477624142543,16.68895859557985,18.929838295624876,20.823858509316786,22.22284534721814,22.958840443998493,22.903873863765718,21.99920573310744,20.240528346812766,17.608350966582773,13.933547640885486,8.912269755533075,3.5772433655690925,0.9692674602155127,0.9213922064070689,3.0478893769990694,10.728975112299558,19.425313033849875,27.450994388715262,38.65579084328253,47.452846642197336,54.083495864272415,59.9230185106938,65.40089119579052,70.50123815932471,75.03482586321681,78.7105800283813,81.19276135022244,82.20216087845907,81.630135632506,79.59712862323998,76.42006951161967,72.51775329368462,68.31312038550723,64.17075719722929,60.37139587376459,57.094415884998234,54.33168554381272,51.579221451134934,47.51049722007492,41.623062964253535,36.97727234072764,35.91507548470714,32.53198257741178,22.63657762013196,14.686211110759153,10.537308748570956,8.427947256913903,7.27113119061459,6.837967216804488,7.130341986180001
161.49491562948432,9.176841244070795,9.809189431623555,10.26927495941297,10.517115486751024,10.527938231980572,10.296190359366648,9.83589248662212,9.17739775391841,8.361718466320715,7.433972169228154,6.436777253847256,5.401679558065706,4.328828039522413,3.141071736779633,1.8001095078977947,0.9728435431298867,1.7560103501894722,11.606346365147143,24.200401429855457,10.285437803145967,6.572251830946354,6.46850514522397,6.9764400264959665,7.628624329544462,8.355590991366363,9.088530909169686,9.818653486188314,10.552726643679382,11.285636369982496,12.00236851199441,12.673461520721652,13.237019236889878,13.567964358561698,13.48379472115624,12.820798938053583,11.287486902631622,8.476060323630344,5.031562671199728,2.504749143167798,1.2776154487854554,0.812396253820517,0.60725006101692,0.4112924436639878,0.5079372174195331,0.968691251783111,2.1076478758435546,4.482052114513345,7.874932221993,11.266491781265906,14.183289219316867,16.714768856234233,18.951421116794627,20.840515934777624,22.236174023253955,22.972559808247293,22.923062190526686,22.029557273334856,20.288852745335117,17.686457274369925,14.066910131035845,9.126616481720882,3.7836545401123094,1.0743154139255284,1.013734295987397,3.240609572183011,11.089548415490842,19.85416320320688,27.9484250220027,38.997169474900645,47.59013905304249,54.099888368308825,59.8587298536535,65.26643567953971,70.29888619473813,74.76652886134417,78.38109714192916,80.81154370212639,81.78378109964481,81.19240786334952,79.15748629126352,75.99209405141356,72.10941195563149,67.92692301956085,63.805194998074036,60.0232388852442,56.762652649625025,54.0267111470606,51.34465045415141,47.4439168361989,41.79730669736114,37.322271746917544,36.30655813973097,32.87256872279116,22.883266478723527,14.846382659043902,10.649935896885745,8.524111798246615,7.361150514017958,6.911752473859379,7.176366412671523
161.77216011983538,9.172902677371546,9.801621117453259,10.259183745334958,10.506069583191287,10.517761027558993,10.288688928923223,9.832594898718021,9.179366811715484,8.36947663468045,7.447533919176536,6.455764352546646,5.425518325255831,4.357162713487332,3.174851662093558,1.842037690116054,1.0249345952282267,1.8763580340292132,12.23393797122155,25.366531971683003,10.770954335637972,6.7738280671026185,6.545887086558978,7.006486390688181,7.646107910607136,8.37169012706313,9.105001314156093,9.833946294936041,10.565874898323855,11.296130529792205,12.0097301791545,12.67688542512211,13.235009658009648,13.55916669015736,13.47127380984841,12.808660449144618,11.263268025646596,8.430669999772148,4.9903986571458,2.485600078512279,1.272392382628143,0.8125862310005051,0.6119199431560832,0.4250927280437309,0.5269031458410336,0.9926152052612176,2.1382609308181246,4.5134408869940925,7.900793162933304,11.290823077833615,14.208874458231847,16.73947702041632,18.972467220282873,20.856910007617223,22.249361997745286,22.986168867537092,22.942102853502707,22.059662479655884,20.33671889615419,17.76351565362599,14.197635650085568,9.337181603264625,3.9921703050273685,1.1841371338659124,1.1089323355129341,3.4271199669879,11.415524173357175,20.246384247022714,28.417558397639723,39.31886468666182,47.7188340237332,54.11273543003441,59.792795924308095,65.13145849556967,70.09705556522373,74.49982957208259,78.05428596904653,80.4339847294258,81.36985484910082,80.75965461740941,78.72305173878206,75.56933003561326,71.70614962844151,67.54562187945658,63.44434759105184,59.67961974060745,56.43518027350053,53.725458043622304,51.11227493165735,47.37662389833046,41.96932510374318,37.66733816749789,36.70113181286547,33.21799304055293,23.13436679730374,15.009539397870528,10.764239043069017,8.62102656185566,7.451791489009336,6.986649578103837,7.2238310631763145
162.0494046101864,9.168980590011925,9.794098744651833,10.24915944851626,10.495096845314718,10.507645404952966,10.281220863429054,9.829290889091363,9.181285267324034,8.377142843063787,7.460971230280117,6.474609464743539,5.449225925670419,4.385452956494119,3.2088996539510957,1.8849827935800498,1.0792183432710825,2.002523574176101,12.88676413351196,26.586603845024744,11.281958371791193,6.982713327722412,6.6246011075883775,7.036634579690365,7.663351838086153,8.38747368781774,9.121279594307035,9.849128934013741,10.578943670485014,11.30655791149593,12.017030049157448,12.680248108155547,13.232966439473342,13.55052421769369,13.459231041375302,12.796505252039545,11.237895405247949,8.384219137531796,4.949079518559507,2.4665174500699085,1.2671718963731042,0.8127805351610016,0.6167140452965948,0.43915066154519744,0.5459207398138451,1.0156876515523896,2.1657281733123406,4.538607668583926,7.919900722421924,11.310520280571117,14.231959597697282,16.762953103769544,18.992918972662167,20.87301617161374,22.26239910470398,22.999663392619034,22.96099287890905,22.089513116360592,20.384094161608,17.83940500646444,14.325294808028158,9.542569664382201,4.200537493631027,1.2974386572911099,1.205382014140552,3.6031770649545036,11.700190416088004,20.595744265959944,28.85370151600585,39.619076252789554,47.83846179333137,54.12193096999296,59.72521530176956,64.99598301711373,69.89576497930615,74.23472995102009,77.73012690016628,80.06004260105423,80.96032075681653,80.33180018304776,78.29374087424354,75.15168978761066,71.3078776678443,67.1691278356141,63.08812416314966,59.34044321301287,56.11189402952876,53.42780215250942,50.88193344087242,47.30838753968495,42.13878809202173,38.01213241090289,37.09855848991037,33.56814799770152,23.38987497186723,15.175715421641536,10.880261656804889,8.718724582973753,7.543051120865881,7.062639376088952,7.272726839444107
162.32664910053745,9.165074915686175,9.786621944048216,10.239201468606284,10.48419661016259,10.497590851227786,10.273785981222808,9.825980696727731,9.183153759907198,8.384718027376096,7.4742852030835545,6.493313751289244,5.472803502570202,4.413699501114377,3.243214061581424,1.928942794547003,1.1357224354021946,2.13462364537914,13.56532133845483,27.862809485892576,11.819818049826344,7.199120632344312,6.7046372766560465,7.066877961464584,7.680353730555721,8.402933650714077,9.137358877061363,9.864199094247837,10.591932537877675,11.316918649536312,12.0242685507338,12.683551051831298,13.230895158359104,13.54204700165954,13.44764351287437,12.784260878302836,11.211347112345003,8.336753184309222,4.907638389906243,2.44751091924018,1.2619585209411548,0.8129837844465512,0.6216372008092372,0.4534613657282962,0.564957096559603,1.0377880017623238,2.189705652759416,4.5569244522538215,7.9315529664131015,11.325067169177592,14.252257039442183,16.785058671789823,19.01271444713522,20.888807852918145,22.27527426066806,23.01303871083924,22.979728961813937,22.119100390832923,20.430944535256042,17.91400063642266,14.449446135558263,9.741307972544776,4.406136018912004,1.4125152706395943,1.3011262435551272,3.7644311193574316,11.93752976789888,20.89642804352502,29.252326960089242,39.896099880767565,47.94857971507739,54.12737487517224,59.655987186309865,64.86003190522457,69.69503223225254,73.9712312852969,77.40860012872179,79.68967585552532,80.55511836905093,79.90877019815908,77.86947123452508,74.73908740423624,70.9145092679673,66.79735363609275,62.736435837556584,59.005616146695886,55.792691612821216,53.1336227622318,50.65347002924542,47.238984174111145,42.30536738019165,38.356306691410836,37.49858859475466,33.92291802366767,23.649783857400386,15.344943623586989,10.998046723793633,8.817239545654896,7.634927659580054,7.139702440176733,7.323043758386012
162.6038935908885,9.161185587889598,9.779190350000757,10.229309211934378,10.473368222325766,10.48759685887083,10.266384101664652,9.822664556693754,9.184972920873879,8.39220311349436,7.487476925142709,6.511878346451817,5.496252110920211,4.441902746370014,3.277792070551309,1.9739125952076602,1.1944693773806763,2.272764668699174,14.270060974328208,29.197336878559256,12.385945377875398,7.423253795109548,6.785980877991109,7.097208792383138,7.6971110477471125,8.418062192049943,9.153232070242726,9.879154322488473,10.604841028629949,11.327212869993108,12.0314461347054,12.686795813160595,13.228801449271808,13.53374404964407,13.436485642460788,12.771857626532698,11.183606037050758,8.28831797915412,4.866106887772929,2.428589516718033,1.2567565786067776,0.8132004692951834,0.6266940211581055,0.4680196725308363,0.5839803456710416,1.058806492895465,2.209889876560375,4.567823223210959,7.935072861197922,11.333939132728826,14.269466037257805,16.80564675660369,19.031787282973912,20.904256369910154,22.287975416532937,23.02628968226339,22.99830745658516,22.148414962688626,20.47723471798458,17.987174651808292,14.569638724684106,9.931865576688528,4.606021934069503,1.5272647852469328,1.3939245851737425,3.9066997516096293,12.122558362751045,21.143262319953735,29.609182557197727,40.148348894470864,48.04877500298118,54.128973470858625,59.585111512518516,64.72362715068502,69.49487423783381,73.7093342224089,77.08968567112308,79.32284340624659,80.15418813700113,79.49049162431504,77.45016194900248,74.33143871425933,70.52595941759598,66.43021386290634,62.38919563218284,58.67504742066415,55.47747311341775,52.842802514351455,50.426734235182636,47.16819764077424,42.46873693662242,38.69950479146108,37.9009606454155,34.282179041603506,23.91408247378647,15.51725557834874,11.117636698300858,8.916605712946392,7.727420609550924,7.217819113229881,7.37477092972578
162.88113808123956,9.157312539930853,9.771803600359453,10.21948209141915,10.46261103384143,10.477662925722012,10.259015045133793,9.819342700190818,9.186743373949865,8.399599017280746,7.500547470834044,6.530304357236945,5.519572715795608,4.470062755699398,3.3126297007754535,2.019883957999408,1.2554761810433748,2.417041587627311,15.001381162280307,30.59234758546655,12.981789318846802,7.655304175199532,6.868611941888829,7.1276181414562885,7.713621052094625,8.432851700425065,9.168891872347423,9.893992018907703,10.61766861948729,11.337440690076397,12.038563273879811,12.689984021349563,13.226690976566955,13.525623236232237,13.425729400247151,12.759228750907434,11.154659559915048,8.238959563656648,4.824515147041186,2.4097616772418915,1.251570195329873,0.813434958761249,0.6318889018146547,0.48282014796367173,0.6029598661946944,1.078646080064441,2.226027246844716,4.570814462144266,7.929822596664188,11.336608266528714,14.283273622202207,16.82456182134069,19.05006655259998,20.919330843110764,22.300489508521206,23.039410675297614,23.016724367593195,22.177446955144823,20.522928202411304,18.058796408828947,14.685415200400083,10.112676516812671,4.79700248920077,1.6392469277563353,1.4813722758167582,4.026264663881261,12.251617380603271,21.331928518572386,29.920400624096676,40.37437499463503,48.13866731811262,54.12663996651036,59.51258905872828,64.58679011583504,69.29530705986238,73.44903879827304,76.77336338584962,78.9595045462353,79.75747140541115,79.07689272137304,77.03573370449408,73.92866123802948,70.14214485771653,66.06762488967426,62.04631841946882,58.34864791343822,55.166140989399494,52.5552273860502,50.20158108603545,47.095819348282085,42.6285734464398,39.04136227215683,38.305400931607224,34.64579799299246,24.18275569799467,15.69268141503122,11.239073451815626,9.016857856116914,7.820530733457121,7.296969554849299,7.4278965349436845
163.1583825715906,9.153455704954041,9.76446133643394,10.209719526486547,10.451924404095385,10.467788554904395,10.251678633023849,9.816015354608883,9.188465735248927,8.406906644596088,7.513497901183509,6.548592862790279,5.542766191153932,4.498179256337431,3.347721809497524,2.066845454224986,1.318754028352054,2.567536617050308,15.759617894782368,32.0499503659976,13.608826491727708,7.895446927506099,6.952504745086579,7.15809581188698,7.729880770583517,8.447294786342985,9.184330783866365,9.908709434590799,10.630414734020553,11.347602217588056,12.045620462835936,12.693117374449768,13.224569404932188,13.51769123069834,13.415344551277697,12.74631060770869,11.124499234188232,8.188724013193665,4.782891859498489,2.3910352726992397,1.2464033123768163,0.8136915064461481,0.6372260279384744,0.4978571157442346,0.6218664792936558,1.0972239795736065,2.237922053837683,4.565504473041011,7.915218549732461,11.33254916043452,14.293355763864643,16.841639778502763,19.067476637926774,20.933998105438256,22.312802408312297,23.052395541738704,23.034975340237267,22.206185968512713,20.56798736548243,18.128732993594884,14.796315008301354,10.282167056991677,4.975744188234074,1.745794715163251,1.5610625013288177,4.120153195562562,12.322584726064026,21.459146921865685,30.182601700867192,40.57288757906304,48.217911164168015,54.12029487315199,59.438421552265346,64.44954157617994,69.09634594345617,73.19034446454606,76.45961299170679,78.59961895229554,79.3649104011176,78.66790302254124,76.62610871106021,73.5306741482184,69.76298404030105,65.70950484056029,61.70772088742809,58.026330468786426,54.85860004034468,52.27078667165446,49.97787109311791,47.02164841701733,42.78455680147163,39.381506733710154,38.711623216744094,35.01363235658837,24.455783942289933,15.871249680301158,11.362398217424554,9.1180311828732,7.914260050235146,7.377133788845511,7.482407807667488
163.43562706194166,9.149615015950607,9.75716320295361,10.2000209429859,10.441307699721598,10.45797325476184,10.244374687740018,9.812682743579634,9.190140613340022,8.414126891314165,7.526329263712723,6.5667449138909255,5.5658333189825875,4.526251640145922,3.383062099418769,2.114782428419873,1.3843079556760112,2.7243179744596504,16.545035481257337,33.572169802075074,14.268549009525525,8.14383670288189,7.0376272812652365,7.188630259944988,7.745886956988179,8.461384288267306,9.199541119543927,9.92330366944198,10.643078740857849,11.357697550342637,12.05261821757016,12.69619763544769,13.222442368421106,13.50995343340434,13.405298906670755,12.73304276308362,11.093120480458444,8.137657286828139,4.741264314313247,2.372417643633657,1.2412596972694523,0.8139742560580486,0.6427093798354265,0.5131246807474531,0.6406726145435003,1.1144728116721059,2.2454425334823465,4.551610519304098,7.89074640400025,11.321245340223436,14.299378783974538,16.856708068873782,19.083937117617758,20.948222613312456,22.324898872435824,23.06523759138264,23.053055652232278,22.234621095999323,20.61237356917555,18.196849742013086,14.901877994102325,10.438786342694696,5.138910763003254,1.8441749686971287,1.630774372670514,4.186363933112761,12.334982771575909,21.522817537668704,30.392987573770966,40.74277112278351,48.28619806363288,54.1098663899432,59.36261177011977,64.31190176164233,68.89800534598669,72.93325011521343,76.14841408527928,78.24314668867082,78.9764482215725,78.26345330990542,76.22121066863677,73.13739823164363,69.38839708829225,65.35577355045706,61.37332150187916,57.70800986240079,54.55475738107589,51.98937296306627,49.755470243529196,46.945491818472,42.936370611769306,39.71955812743716,39.11932846745834,35.38552966286167,24.733142818239045,16.052987191108485,11.487651529504406,9.22016126446672,8.008611827111908,7.458291751598014,7.538291015644248
163.7128715522927,9.145790405777245,9.749908848039075,10.19038577310513,10.430760294505086,10.448216538789843,10.237103032692804,9.809345087026513,9.19176860931723,8.421260643343167,7.539042592305909,6.584761532539681,5.588774788837617,4.554278965917023,3.418643132129968,2.1636769798218487,1.452136563061321,2.8874386040805673,17.35781631316644,35.16090932029568,14.962448906232517,8.400602747267957,7.123940701989179,7.219208511197368,7.761636054582134,8.475113275123386,9.214515021500421,9.937771670419425,10.655659951927298,11.367726775547268,12.059557075012343,12.699226627754681,13.220315438130116,13.502413921678784,13.395558579386536,12.719368065528371,11.060522294546809,8.085805094202103,4.699658439875836,2.353915629204249,1.236142954099368,0.8142872466204638,0.6483427382042932,0.5286167521629848,0.6593524486273858,1.1303413124053296,2.248524612692122,4.528972798282682,7.85597586225024,11.302196295580027,14.301001036114073,16.86958580785776,19.099362667233798,20.96196635894628,22.33676249108554,23.07792956612864,23.070960205281306,22.26274094163856,20.656047269165516,18.263010795795974,15.001648241913104,10.581039641462079,5.283323190720504,1.9317840273250226,1.688659771778138,4.224002359549378,12.28997093317667,21.522106006444417,30.549418687522802,40.88310015673692,48.34325848815869,54.095290757790785,59.28516363465442,64.17389039732431,68.70029896767758,72.67775411245925,75.83974615759603,77.89004821020794,78.59202882333673,77.86347559040671,75.82096473448568,72.7487558521271,69.01830575675326,65.0063525263715,61.04304046982096,57.393602769471755,54.254522415651245,51.71088212904265,49.53424998857127,46.86716451037431,43.0837027365377,40.055129120734755,39.528204613870194,35.7613270053211,25.01480278634562,16.237918876595323,11.614873158324153,9.323283961563229,8.103590565654676,7.54042334095011,7.595531444431229
163.99011604264373,9.141981807173126,9.742697923163368,10.180813455291743,10.420281569288083,10.43851792557233,10.229863492294363,9.806002601217019,9.193350316867123,8.428308776646821,7.5516389071000605,6.602643711647838,5.611591197783745,4.582259963172683,3.454456346969583,2.2135079621810476,1.5222317532611733,3.0569349058550346,18.19804997585178,36.81790798635076,15.69199853567715,8.665843350693363,7.211398728854091,7.249816074143681,7.7771241593296585,8.488475045294198,9.229244473107205,9.95211023012134,10.668157620736874,11.377689969131257,12.066437592391523,12.702206230112738,13.218194088724669,13.495075405850612,13.386088241208588,12.705232686611291,11.026706969285206,8.033212777941545,4.6580988465830675,2.3355355956498216,1.2310565332430017,0.8146344173490128,0.6541296891833192,0.5443270662575557,0.6778820158902213,1.1447946057875933,2.2471731195588935,4.497562422401739,7.810574334149991,11.274924998009304,14.297874862049133,16.880084006227364,19.113662974148703,20.975188784428664,22.348375636410193,23.090463613684644,23.088683517052715,22.29053364041924,20.698968131212485,18.327079692444286,15.095178128681141,10.707523057516012,5.406129210194955,2.0063541195901773,1.7333985836985677,4.2333076408965775,12.190226651067004,21.457467560704377,30.650471758177385,40.99315144161353,48.38886351959383,54.07651257801798,59.20608230399095,64.03552674365264,68.50323978181036,72.42385431181835,75.53358861005457,77.54028436505887,78.21159701057623,77.46790307226694,75.42529749144286,72.3646709143763,68.65263339514703,64.66116490997358,60.71679970390562,57.0830277331075,53.95780681155838,51.43521329328087,49.31408722855672,46.78648956642573,43.226245832129834,40.38782551627035,39.937926344003856,36.14085055026499,25.300728791202538,16.42606760875013,11.744102039134914,9.427435348718921,8.199201981829596,7.623508465246688,7.654113382932414
164.2673605329948,9.13818915277079,9.73553008312035,10.171303434171692,10.409870911872604,10.428876938717414,10.222655891952867,9.802655498812477,9.194886322339284,8.435272157273216,7.564119214399736,6.620392414832224,5.634283050743523,4.610193037470244,3.4904920854035457,2.2642510030035687,1.594578505245214,3.2328254824194422,19.065721752167832,38.54469045420374,16.45862625742127,8.939619601125957,7.29994703817245,7.2804368513433095,7.792346983595529,8.50146312219527,9.243721313520172,9.966315985737298,10.68057094067976,11.387587195051479,12.073260346458635,12.705138370876607,13.216083664006007,13.487939195939427,13.376851377763984,12.690586133403935,10.991679830511218,7.979925210167463,4.616608870197178,2.317283463314518,1.2260037405113884,0.8150196122149171,0.6600736292080723,0.5602492086511539,0.6962392908641347,1.1578140487614799,2.2414604118608796,4.457484799139052,7.754318960906543,11.238985780495875,14.28964883093649,16.88800587231821,19.126742669468538,20.987846698083622,22.35971941048291,23.10283126091789,23.106219713534344,22.31798688060876,20.741095154941338,18.388919986505748,15.182032543078003,10.816958382566172,5.5049662965829675,2.0661394362431493,1.7642960740158995,4.215571151541499,12.03973211518695,21.330607640884615,30.69547447551695,41.07241300921668,48.42282622143512,54.0534850943657,59.12537425674648,63.89682963580354,68.30684006451419,72.17154808663516,75.22992076961576,77.19381639694939,77.83509842356119,77.0766701418666,75.03413691694453,71.98506882884482,68.2913049107043,64.3201354412624,60.39452278796242,56.77620513355868,53.664524474062084,51.16226881125963,49.094864293819455,46.70329829949472,43.36369791459589,40.71724672637246,40.34815493587911,36.523915046723076,25.59087988211821,16.617454021361123,11.875376195317909,9.53265163727832,8.295452980065612,7.70752709211739,7.714020110896101
164.5446050233458,9.13441237511269,9.728404985987764,10.16185516046822,10.399527716932196,10.419293106795156,10.215480058068891,9.799303988914556,9.196377204810405,8.442151641386523,7.576484506618421,6.6380085763162455,5.656850761264615,4.638076277220022,3.526739620979003,2.3158785431490263,1.6691546867561722,3.4151099183402165,19.96070058344176,40.34250948772557,17.26368666410063,9.221948405063893,7.389522620162047,7.311053048145005,7.807299820354426,8.514071246566727,9.257937252731104,9.980385418376663,10.692899043384235,11.397418504534167,12.08002593253633,12.708025021685254,13.21398934180201,13.48100517937347,13.367810538701915,12.67538123604715,10.955448987359754,7.925986701815258,4.575210615463933,2.299164732290314,1.2209877457671567,0.8154465842128461,0.6661777696920446,0.5763766360255588,0.7144042434696102,1.1693966805449418,2.23152255587327,4.408978094065006,7.687106358808379,11.193972419743618,14.275970262534056,16.893147202647942,19.138501279147455,20.9998941936925,22.37077359305964,23.115023386767785,23.12356252174945,22.34508792814921,20.7823868047385,18.44839589869615,15.261793208641198,10.908226584949448,5.5781007581781905,2.1100517234381053,1.7813076761333666,4.172965788097636,11.843494172531134,21.14438349895992,30.68451553784737,41.120589833927454,48.44500270422904,54.026170436824266,59.04304737081811,63.75781752227131,68.1111114240883,71.92083235181762,74.92872190331781,76.85060594703322,77.46247952718437,76.68971234105722,74.64741235281329,71.60987647755351,67.93424673285205,63.983190423317,60.076134943538264,56.47305715819907,53.37459152066724,50.891954245798914,48.87646892175265,46.61743037714215,43.495762934122304,41.0429863033491,40.7585381309272,36.91032333856682,25.885208819256455,16.812096316822597,12.008732655149986,9.638969096479434,8.392351621340167,7.792459296586511,7.775233888478215
164.82184951369686,9.130651406666091,9.721322293097842,10.152468090927147,10.389251385914411,10.409765963275087,10.208335818030411,9.795948277117475,9.197823536156111,8.448948075305848,7.588735762244411,6.65549310094742,5.67929465270808,4.665907462012433,3.563187194873872,2.368359897503324,1.7459309102408125,3.6037676068730664,20.882726576676124,42.212280545714904,18.10842455813979,9.512794747397544,7.4800531153452345,7.341645079184439,7.821977507885679,8.526293365648108,9.271883887040461,9.994314852794552,10.705140997104458,11.407183935283719,12.086734963414429,12.710868190503074,13.211916098397584,13.474271809922751,13.35892758042464,12.659574113771411,10.918025096810702,7.871440923583047,4.533924999730582,2.281184506734619,1.2160115910390399,0.8159189993499595,0.6724451415412294,0.592702697193327,0.7323588681148137,1.1795543237472463,2.2175533492099717,4.352406792452684,7.608959528045702,11.139526233066723,14.256488029587812,16.89529686774904,19.148833196739808,21.01128257323411,22.381516589283475,23.12703019496926,23.14070526287064,22.37182365314146,20.82280114728381,18.50537298918985,15.334063043111522,10.980398371816724,5.6245271775385834,2.1377239047884316,1.7849916682117906,4.108317708758821,11.607229713080653,20.902656163816026,30.618429765666185,41.13760599750484,48.45529287250544,53.994539826030056,58.95911099595702,63.618508502497846,67.91606482983974,71.67170358692317,74.62997123210779,76.51061505536772,77.0936875995161,76.30696634491377,74.2650544757872,71.2390221808406,67.58138677866542,63.650257688089845,59.761562997402876,56.17350777222583,53.08792625565792,50.624178341295526,48.65879422971695,46.52873392839985,43.62215135853677,41.364632526167036,41.16871005249118,37.2998658809879,26.183661665413798,17.010010060348637,12.144207361730658,9.746423972526587,8.489907085311517,7.878285308072657,7.837735947965717
165.0990940040479,9.126906179834867,9.714281669000778,10.143141688237009,10.379041326956447,10.400295046462825,10.20122300020662,9.79258856555254,9.199225881116948,8.455662295547665,7.600873945841309,6.6728468643299665,5.701614959864376,4.693684072442916,3.5998220570128163,2.4216613372243545,1.8248704361404142,3.798756640353544,21.831398173040167,44.154508043405734,18.993931863542723,9.812063178252401,7.571456131741126,7.372191472844566,7.836374394925159,8.538123619437771,9.28555271479688,10.008100457514349,10.717295805164076,11.416883510639996,12.093388068061786,12.713669914039874,13.209868672842962,13.467736107895467,13.350163899163542,12.643124122434138,10.879421142237172,7.816330837414813,4.492771796333546,2.2633475179204376,1.2110781981634162,0.8164404403722156,0.6788785995136369,0.6092206534646197,0.7500871883500829,1.1883123962274234,2.1997966095806216,4.288250710351826,7.520031481614673,11.075343977427693,14.230855627480647,16.894237399593006,19.157627680263925,21.021960273823026,22.39192537753779,23.138841186453543,23.157640845693933,22.398180558301714,20.862295995208758,18.559718850531556,15.398470479893374,11.03276030224871,5.644016839269616,2.1494945735181106,1.7764042146413508,4.024856440477142,11.337048262898659,20.61010583244545,30.498759547920088,41.12360331663437,48.45364084520708,53.958573737254135,58.87357601986757,63.478920363438434,67.72171064040565,71.42415785856011,74.33364794404277,76.17380616201967,76.72867072039358,75.92836993992192,73.8869952687726,70.87243566501421,67.23265441931058,63.321266563207,59.45073534998986,55.87748269003127,52.8044491446716,50.358852996605954,48.44173868367085,46.43706564076571,43.7425807629342,41.68176904358813,41.578291173240856,37.69232026378054,26.48617736366016,17.2112079611546,12.281835075610326,9.855052405363036,8.588129626529351,7.964985555840251,7.901506487730074
165.37633849439896,9.123176626972267,9.707282781433708,10.133875420955887,10.368896954792787,10.390879899444968,10.194141433943047,9.789225052938598,9.20058479736898,8.462295128879921,7.612900008075786,6.69007071307514,5.723811830993335,4.721403301415193,3.636630512683742,2.4757461938122924,1.9059291270901384,4.00001278097736,22.80615912144909,46.169203087259966,19.921096673725344,10.119588535176675,7.663638547392044,7.402668773934016,7.850484306246666,8.549556324260639,9.298935152273648,10.021738245359955,10.729362404458325,11.42651723869505,12.099985890162884,12.71643224955768,13.207851531385474,13.461393671460238,13.341480652475296,12.62599378652709,10.839652225624897,7.760698637499728,4.451769677566681,2.2456581460744154,1.2061903759799915,0.8170144102431491,0.6854808264344594,0.6259236982584137,0.7675752390801871,1.1957084996951588,2.178537234655747,4.21709010905434,7.420605296337057,11.001185319985806,14.19873449167178,16.889745686515703,19.164768875797296,21.03187279954802,22.40197545764916,23.150445131587198,23.174361760527013,22.424144809315827,20.900829056406785,18.611303815370082,15.454673672786734,11.064835089823758,5.637110330204502,2.1463217293605044,1.7569599572390533,3.9259757793823074,11.039158533715545,20.27202569415301,30.327695241111677,41.07893650931571,48.440035046056074,53.918262023266664,58.78645492766355,63.339070615001,67.52805863152058,71.1781908421348,74.0397312068675,75.8401421078348,76.36737776006704,75.55386200258584,73.51316799280296,70.51004803088264,66.88798044744587,62.996147839740246,59.14358194472534,55.584909347211806,52.52408278927674,50.09589323654195,48.225206062405036,46.34229084643968,43.85677642234472,41.99397557351689,41.986888335396515,38.08745074411244,26.79268730118225,17.41569964017647,12.421649269641861,9.964890342849008,8.687030524757379,8.052540712442118,7.966524668475977
165.65358298475002,9.11946268039482,9.700325301288146,10.124668763432284,10.358817690669872,10.38152007002415,10.187090949558684,9.785857934625682,9.20190083559337,8.468847392377684,7.624814885778088,6.707165465172534,5.745885330291122,4.749062066896222,3.673597974536653,2.530574984992557,1.9890554560418987,4.207448529137869,23.806285432008234,48.25579273841904,20.89054370591062,10.435125936167804,7.756495803882923,7.43305144487341,7.864300508623832,8.560585953891055,9.312022549553362,10.035224074406349,10.74133966401215,11.436085111346152,12.106529086461668,12.719157266064498,13.205868832381821,13.45523869881937,13.33283896764451,12.608148718364813,10.798735373014363,7.704585699894926,4.4109362570769814,2.2281204410610496,1.2013508271079965,0.8176443353896624,0.6922543372771459,0.6428049759131557,0.7848110285931283,1.201790853576289,2.1540915720670823,4.139587805534922,7.311090464465628,10.916879639688284,14.15979753499636,16.881593780765424,19.17013587048215,21.040962659025677,22.411640799579807,23.16183004226757,23.19086007344687,22.44970226697728,20.938358088239166,18.660001673558963,15.502364502640189,11.07639500618201,5.605056846350273,2.129646194193823,1.7282831654285875,3.8150291537243026,10.719618024297526,19.894109322176472,30.107998244326186,41.00416507813659,48.41450796488461,53.87360399564645,58.6977618544716,63.1989765242396,67.33511802321591,70.93379784294012,73.74820018000294,75.50958613488773,76.00975836790003,75.18338247846383,73.14350715969098,70.15179172313672,66.54729704555729,62.67483374091699,58.84003423821536,55.29571687317522,52.24675190151631,49.83521718195937,48.00910541727002,46.24428359687467,43.96447190427356,42.30082865792315,42.39409482767154,38.48500779170918,27.10311485979298,17.623491383914903,12.563682015571967,10.075973452026188,8.786622029447068,8.14093173470325,8.032768611817037
