period_days,frequency_per_day,fourier_power,semi_amplitude
125.89672306841001,0.007943018496649972,0.4107839790046809,0.13558863771419088
125.89792209623951,0.007942942848854766,0.4107585216710769,0.1355858534546124
125.89912114690804,0.00794286720105956,0.410733107114748,0.1355830782376702
125.9003202204163,0.007942791553264354,0.41070773535483496,0.13558031206903812
125.90151931676495,0.007942715905469147,0.4106824064104357,0.13557755495439003
125.90271843595457,0.007942640257673942,0.4106571203007553,0.13557480689939921
125.9039175779859,0.007942564609878735,0.41063187704483817,0.13557206790973714
125.90511674285955,0.007942488962083528,0.4106066766618464,0.13556933799107568
125.90631593057614,0.007942413314288323,0.41058151917088875,0.13556661714908522
125.9075151411364,0.007942337666493117,0.4105564045910738,0.1355639053894349
125.90871437454093,0.00794226201869791,0.41053133294148864,0.13556120271779373
125.90991363079037,0.007942186370902705,0.41050630424127416,0.1355585091398294
125.91111290988543,0.007942110723107498,0.41048131850950675,0.13555582466120883
125.91231221182673,0.007942035075312291,0.4104563757652843,0.135553149287598
125.91351153661489,0.007941959427517086,0.4104314760277047,0.13555048302466213
125.91471088425062,0.00794188377972188,0.41040661931583367,0.13554782587806527
125.91591025473456,0.007941808131926673,0.4103818056487798,0.13554517785347064
125.91710964806731,0.007941732484131468,0.41035703504561954,0.13554253895654075
125.9183090642496,0.00794165683633626,0.41033230752542926,0.13553990919293663
125.91950850328202,0.007941581188541056,0.4103076231072533,0.13553728856831895
125.92070796516528,0.007941505540745849,0.4102829818102003,0.13553467708834716
125.9219074499,0.007941429892950642,0.4102583836533036,0.13553207475867937
125.92310695748681,0.007941354245155437,0.4102338286556398,0.1355294815849736
125.92430648792642,0.00794127859736023,0.41020931683626377,0.1355268975728858
125.92550604121944,0.007941202949565023,0.4101848482142091,0.13552432272807194
125.92670561736652,0.007941127301769818,0.4101604228085307,0.135521757056186
125.92790521636834,0.007941051653974612,0.41013604063828357,0.13551920056288172
125.92910483822557,0.007940976006179405,0.4101117017224691,0.13551665325381132
125.93030448293878,0.0079409003583842,0.4100874060801528,0.13551411513462647
125.93150415050873,0.007940824710588993,0.4100631537303684,0.13551158621097723
125.932703840936,0.007940749062793786,0.41003894469212787,0.13550906648851274
125.93390355422125,0.007940673414998581,0.41001477898445393,0.13550655597288128
125.93510329036518,0.007940597767203374,0.40999065662636947,0.13550405466972995
125.93630304936839,0.007940522119408168,0.40996657763689726,0.13550156258470486
125.93750283123154,0.007940446471612963,0.40994254203498487,0.13549907972345082
125.93870263595534,0.007940370823817756,0.4099185498397196,0.13549660609161168
125.93990246354038,0.007940295176022549,0.40989460107005976,0.13549414169482998
125.94110231398732,0.007940219528227344,0.409870695744996,0.13549168653874752
125.94230218729685,0.007940143880432137,0.4098468338835189,0.13548924062900433
125.9435020834696,0.00794006823263693,0.4098230155046513,0.13548680397123986
125.9447020025062,0.007939992584841725,0.40979924062733003,0.13548437657109233
125.94590194440735,0.007939916937046518,0.409775509270535,0.13548195843419836
125.9471019091737,0.007939841289251312,0.40975182145326766,0.13547954956619393
125.94830189680584,0.007939765641456107,0.409728177194497,0.13547714997271382
125.94950190730451,0.0079396899936609,0.4097045765131278,0.13547475965939063
125.95070194067029,0.007939614345865695,0.4096810194282044,0.1354723786318575
125.95190199690389,0.007939538698070488,0.40965750595862077,0.1354700068957447
125.95310207600595,0.007939463050275281,0.40963403612335675,0.13546764445668208
125.95430217797707,0.007939387402480076,0.40961060994134935,0.1354652913202984
125.95550230281799,0.00793931175468487,0.40958722743151404,0.1354629474922205
125.95670245052932,0.007939236106889663,0.40956388861285214,0.13546061297807463
125.95790262111169,0.007939160459094458,0.40954059350424693,0.13545828778348548
125.9591028145658,0.00793908481129925,0.4095173421246354,0.13545597191407613
125.96030303089228,0.007939009163504044,0.4094941344929116,0.13545366537546924
125.96150327009177,0.007938933515708839,0.40947097062804466,0.13545136817328557
125.96270353216495,0.007938857867913632,0.4094478505489071,0.13544908031314437
125.96390381711248,0.007938782220118425,0.4094247742744466,0.1354468018006642
125.96510412493497,0.00793870657232322,0.4094017418235252,0.1354445326414618
125.96630445563312,0.007938630924528014,0.40937875321506884,0.1354422728411527
125.96750480920757,0.007938555276732807,0.4093558084679824,0.13544002240535138
125.96870518565895,0.007938479628937602,0.40933290760109564,0.13543778133967055
125.96990558498796,0.007938403981142395,0.40931005063336684,0.13543554964972176
125.97110600719522,0.007938328333347188,0.40928723758363644,0.1354333273411151
125.97230645228137,0.007938252685551983,0.40926446847079845,0.13543111441945943
125.97350692024712,0.007938177037756776,0.40924174331369334,0.13542891089036233
125.97470741109308,0.00793810138996157,0.409219062131215,0.13542671675942897
125.9759079248199,0.007938025742166364,0.409196424942204,0.1354245320322648
125.97710846142826,0.007937950094371158,0.40917383176551125,0.13542235671447253
125.97830902091881,0.00793787444657595,0.409151282620031,0.13542019081165402
125.97950960329217,0.007937798798780746,0.4091287775245498,0.13541803432940927
125.98071020854904,0.007937723150985539,0.4091063164979511,0.1354158872733372
125.98191083669008,0.007937647503190332,0.4090838995590752,0.13541374964903521
125.98311148771587,0.007937571855395127,0.40906152672669815,0.13541162146209934
125.98431216162714,0.00793749620759992,0.40903919801970323,0.1354095027181234
125.98551285842453,0.007937420559804714,0.40901691345688795,0.13540739342270075
125.98671357810865,0.007937344912009509,0.40899467305706055,0.1354052935814228
125.98791432068022,0.007937269264214302,0.4089724768390506,0.13540320319987892
125.98911508613986,0.007937193616419095,0.40895032482164484,0.13540112228365808
125.9903158744882,0.00793711796862389,0.40892821702364085,0.13539905083834675
125.99151668572594,0.007937042320828683,0.40890615346384673,0.13539698886953
125.9927175198537,0.007936966673033478,0.40888413416104924,0.13539493638279207
125.99391837687217,0.007936891025238271,0.4088621591340566,0.13539289338371463
125.99511925678198,0.007936815377443064,0.40884022840159123,0.13539085987787827
125.99632015958376,0.00793673972964786,0.40881834198247197,0.13538883587086248
125.99752108527824,0.007936664081852653,0.4087964998954427,0.135386821368244
125.998722033866,0.007936588434057446,0.40877470215931155,0.13538481637559907
125.99992300534771,0.00793651278626224,0.4087529487927581,0.13538282089850168
126.00112399972407,0.007936437138467034,0.4087312398146441,0.13538083494252437
126.0023250169957,0.007936361490671827,0.40870957524363827,0.13537885851323822
126.00352605716321,0.007936285842876622,0.4086879550984738,0.13537689161621233
126.00472712022734,0.007936210195081415,0.4086663793979373,0.1353749342570141
126.00592820618871,0.007936134547286209,0.40864484816074054,0.13537298644121004
126.00712931504795,0.007936058899491004,0.4086233614056165,0.13537104817436388
126.00833044680576,0.007935983251695797,0.4086019191512662,0.1353691194620384
126.00953160146275,0.00793590760390059,0.40858052141641193,0.1353672003097945
126.01073277901959,0.007935831956105385,0.40855916821977606,0.1353652907231914
126.01193397947696,0.007935756308310178,0.4085378595800703,0.13536339070778655
126.0131352028355,0.007935680660514971,0.408516595515974,0.13536150026913563
126.01433644909582,0.007935605012719766,0.4084953760461989,0.1353596194127926
126.01553771825866,0.00793552936492456,0.40847420118941363,0.13535774814430993
126.01673901032461,0.007935453717129353,0.40845307096431915,0.13535588646923763
126.01794032529433,0.007935378069334148,0.4084319853895842,0.13535403439312488
126.01914166316853,0.007935302421538941,0.4084109444838668,0.13535219192151854
126.02034302394777,0.007935226773743736,0.408389948265857,0.13535035905996345
126.0215444076328,0.007935151125948529,0.4083689967542129,0.13534853581400333
126.02274581422424,0.007935075478153322,0.40834808996756033,0.13534672218917954
126.0239472437227,0.007934999830358117,0.40832722792458936,0.13534491819103184
126.02514869612892,0.00793492418256291,0.40830641064393663,0.13534312382509806
126.0263501714435,0.007934848534767704,0.4082856381441957,0.1353413390969144
126.02755166966708,0.007934772886972499,0.40826491044405677,0.1353395640120149
126.02875319080037,0.007934697239177292,0.4082442275621242,0.13533779857593198
126.029954734844,0.007934621591382085,0.40822358951699156,0.135336042794196
126.03115630179859,0.00793454594358688,0.40820299632733836,0.13533429667233562
126.03235789166484,0.007934470295791673,0.40818244801169384,0.1353325602158774
126.03355950444342,0.007934394647996466,0.4081619445887374,0.13533083343034635
126.0347611401349,0.007934319000201261,0.40814148607700906,0.13532911632126526
126.03596279874004,0.007934243352406055,0.40812107249515606,0.13532740889415498
126.03716448025945,0.007934167704610848,0.40810070386167546,0.1353257111545344
126.03836618469376,0.007934092056815643,0.4080803801952575,0.1353240231079209
126.03956791204367,0.007934016409020436,0.40806010151440986,0.13532234475982935
126.0407696623098,0.007933940761225229,0.408039867837694,0.1353206761157729
126.04197143549281,0.007933865113430024,0.40801967918371435,0.13531901718126288
126.04317323159339,0.007933789465634817,0.40799953557100005,0.1353173679618082
126.04437505061216,0.00793371381783961,0.40797943701812334,0.13531572846291626
126.04557689254978,0.007933638170044405,0.40795938354360267,0.13531409869009203
126.04677875740693,0.007933562522249199,0.40793937516598877,0.13531247864883872
126.04798064518424,0.007933486874453992,0.4079194119038109,0.13531086834465753
126.04918255588235,0.007933411226658787,0.407899493775609,0.13530926778304747
126.05038448950198,0.00793333557886358,0.4078796207998802,0.13530767696950563
126.05158644604373,0.007933259931068373,0.4078597929951644,0.13530609590952686
126.05278842550825,0.007933184283273168,0.40784001037995865,0.13530452460860404
126.05399042789625,0.007933108635477961,0.40782027297276,0.13530296307222792
126.05519245320835,0.007933032987682755,0.4078005807920763,0.1353014113058873
126.05639450144517,0.00793295733988755,0.40778093385638314,0.1352998693150688
126.05759657260744,0.007932881692092343,0.40776133218419897,0.135298337105257
126.05879866669578,0.007932806044297136,0.40774177579394577,0.1352968146819339
126.06000078371082,0.007932730396501931,0.40772226470413137,0.1352953020505801
126.06120292365325,0.007932654748706724,0.4077027989332206,0.13529379921667375
126.06240508652374,0.007932579100911517,0.4076833784996461,0.13529230618569035
126.0636072723229,0.007932503453116312,0.4076640034218943,0.1352908229631039
126.06480948105141,0.007932427805321106,0.40764467371838703,0.13528934955438587
126.06601171270992,0.0079323521575259,0.40762538940762144,0.13528788596500568
126.06721396729911,0.007932276509730694,0.40760615050794435,0.13528643220043063
126.06841624481963,0.007932200861935487,0.40758695703782066,0.1352849882661255
126.06961854527209,0.007932125214140282,0.40756780901570444,0.13528355416755314
126.07082086865721,0.007932049566345075,0.40754870645997476,0.13528212991017405
126.0720232149756,0.007931973918549868,0.40752964938903213,0.13528071549944637
126.07322558422791,0.007931898270754663,0.40751063782129854,0.13527931094082654
126.07442797641487,0.007931822622959456,0.40749167177517437,0.1352779162397679
126.07563039153706,0.00793174697516425,0.4074727512690065,0.13527653140172177
126.07683282959513,0.007931671327369045,0.4074538763212599,0.13527515643213786
126.07803529058981,0.007931595679573838,0.4074350469502277,0.13527379133646272
126.07923777452172,0.007931520031778631,0.40741626317434254,0.1352724361201408
126.08044028139146,0.007931444383983426,0.4073975250118977,0.1352710907886148
126.08164281119977,0.00793136873618822,0.40737883248130435,0.1352697553473244
126.08284536394727,0.007931293088393012,0.4073601856008986,0.13526842980170703
126.0840479396346,0.007931217440597807,0.40734158438901663,0.1352671141571981
126.08525053826246,0.0079311417928026,0.407323028864016,0.1352658084192305
126.08645315983148,0.007931066145007394,0.40730451904421133,0.13526451259323483
126.08765580434229,0.007930990497212189,0.4072860549479173,0.13526322668463892
126.0888584717956,0.007930914849416982,0.4072676365934486,0.1352619506988684
126.09006116219206,0.007930839201621775,0.4072492639991628,0.13526068464134722
126.09126387553225,0.00793076355382657,0.4072309371833208,0.1352594285174956
126.09246661181693,0.007930687906031363,0.40721265616419455,0.13525818233273226
126.09366937104667,0.007930612258236158,0.40719442096012004,0.1352569460924732
126.09487215322221,0.007930536610440951,0.407176231589369,0.13525571980213213
126.09607495834416,0.007930460962645745,0.40715808807019177,0.13525450346711995
126.09727778641314,0.00793038531485054,0.4071399904209137,0.1352532970928456
126.0984806374299,0.007930309667055333,0.4071219386597637,0.1352521006847148
126.09968351139503,0.007930234019260126,0.4071039328049705,0.13525091424813135
126.10088640830917,0.007930158371464921,0.4070859728748273,0.13524973778849675
126.10208932817304,0.007930082723669714,0.40706805888754155,0.13524857131120924
126.10329227098725,0.007930007075874507,0.40705019086139566,0.13524741482166505
126.10449523675246,0.007929931428079302,0.4070323688145863,0.13524626832525796
126.10569822546935,0.007929855780284096,0.4070145927652887,0.13524513182737852
126.10690123713859,0.007929780132488889,0.4069968627318174,0.13524400533341566
126.10810427176077,0.007929704484693684,0.4069791787323154,0.1352428888487552
126.1093073293366,0.007929628836898477,0.40696154078496877,0.13524178237878026
126.11051040986675,0.00792955318910327,0.40694394890801694,0.13524068592887165
126.11171351335182,0.007929477541308065,0.40692640311960293,0.13523959950440756
126.11291663979252,0.007929401893512858,0.40690890343796626,0.13523852311076337
126.11411978918947,0.007929326245717652,0.40689144988122855,0.13523745675331192
126.11532296154334,0.007929250597922446,0.40687404246754344,0.1352364004374236
126.11652615685482,0.00792917495012724,0.4068566812150969,0.1352353541684657
126.11772937512453,0.007929099302332033,0.40683936614203187,0.1352343179518035
126.1189326163531,0.007929023654536828,0.4068220972665236,0.13523329179279914
126.12013588054126,0.007928948006741621,0.40680487460666137,0.13523227569681204
126.12133916768963,0.007928872358946414,0.4067876981805882,0.1352312696691992
126.12254247779883,0.00792879671115121,0.4067705680064149,0.13523027371531487
126.12374581086958,0.007928721063356002,0.4067534841022738,0.1352292878405102
126.12494916690251,0.007928645415560796,0.4067364464862863,0.13522831205013416
126.12615254589826,0.00792856976776559,0.4067194551765204,0.13522734634953273
126.12735594785752,0.007928494119970384,0.4067025101910976,0.13522639074404913
126.12855937278094,0.007928418472175177,0.4066856115480536,0.13522544523902374
126.12976282066914,0.007928342824379972,0.40666875926553137,0.1352245098397946
126.13096629152284,0.007928267176584765,0.4066519533615667,0.1352235845516961
126.13216978534267,0.007928191528789558,0.4066351938542273,0.13522266938006056
126.13337330212924,0.007928115880994353,0.4066184807615491,0.1352217643302177
126.13457684188329,0.007928040233199147,0.40660181410159985,0.1352208694074934
126.13578040460543,0.00792796458540394,0.40658519389244746,0.13521998461721182
126.13698399029629,0.007927888937608735,0.406568620152074,0.13521910996469352
126.13818759895659,0.007927813289813528,0.40655209289853667,0.13521824545525676
126.13939123058694,0.007927737642018323,0.40653561214982814,0.13521739109421638
126.14059488518804,0.007927661994223116,0.4065191779239735,0.13521654688688464
126.14179856276053,0.00792758634642791,0.4065027902390084,0.13521571283857112
126.14300226330502,0.007927510698632704,0.4064864491128613,0.13521488895458209
126.14420598682226,0.007927435050837497,0.40647015456360003,0.13521407524022128
126.14540973331283,0.00792735940304229,0.4064539066091101,0.1352132717007893
126.14661350277741,0.007927283755247086,0.4064377052674487,0.13521247834158376
126.14781729521668,0.007927208107451879,0.4064215505565335,0.1352116951678994
126.14902111063128,0.007927132459656672,0.40640544249434657,0.13521092218502812
126.15022494902185,0.007927056811861467,0.4063893810988055,0.13521015939825895
126.15142881038908,0.00792698116406626,0.406373366387871,0.1352094068128777
126.15263269473363,0.007926905516271053,0.4063573983794929,0.13520866443416715
126.1538366020561,0.007926829868475848,0.40634147709158885,0.13520793226740707
126.15504053235722,0.007926754220680642,0.4063256025420552,0.1352072103178747
126.15624448563761,0.007926678572885435,0.4063097747488309,0.13520649859084358
126.15744846189793,0.00792660292509023,0.4062939937298016,0.13520579709158473
126.15865246113886,0.007926527277295023,0.4062782595028741,0.13520510582536568
126.15985648336103,0.007926451629499816,0.4062625720859126,0.1352044247974519
126.16106052856509,0.007926375981704611,0.4062469314968347,0.13520375401310444
126.16226459675175,0.007926300333909404,0.40623133775347225,0.13520309347758164
126.16346868792162,0.007926224686114198,0.4062157908736893,0.13520244319613942
126.16467280207536,0.007926149038318992,0.4062002908753821,0.13520180317403044
126.16587693921367,0.007926073390523786,0.4061848377763717,0.13520117341650345
126.16708109933715,0.00792599774272858,0.40616943159449004,0.1352005539288051
126.1682852824465,0.007925922094933374,0.4061540723475903,0.13519994471617783
126.16948948854238,0.007925846447138167,0.40613876005346156,0.13519934578386195
126.17069371762541,0.007925770799342962,0.4061234947299463,0.13519875713709423
126.1718979696963,0.007925695151547755,0.4061082763948442,0.13519817878110799
126.17310224475567,0.007925619503752548,0.4060931050659442,0.1351976107211339
126.17430654280417,0.007925543855957343,0.4060779807610567,0.13519705296239884
126.1755108638425,0.007925468208162137,0.40606290349794916,0.1351965055101269
126.1767152078713,0.00792539256036693,0.4060478732944427,0.13519596836953876
126.17791957489119,0.007925316912571725,0.406032890168219,0.1351954415458524
126.17912396490289,0.007925241264776518,0.40601795413707764,0.13519492504428138
126.18032837790703,0.007925165616981311,0.4060030652187969,0.13519441887003747
126.18153281390424,0.007925089969186106,0.4059882234310584,0.13519392302832792
126.18273727289524,0.0079250143213909,0.4059734287916725,0.13519343752435747
126.18394175488065,0.007924938673595693,0.40595868131828866,0.1351929623633274
126.18514625986111,0.007924863025800487,0.4059439810286744,0.1351924975504355
126.18635078783733,0.00792478737800528,0.4059293279405113,0.13519204309087643
126.18755533880994,0.007924711730210074,0.40591472207151325,0.13519159898984157
126.18875991277957,0.007924636082414869,0.4059001634393511,0.13519116525251895
126.18996450974694,0.007924560434619662,0.405885652061728,0.1351907418840931
126.19116912971269,0.007924484786824455,0.40587118795632554,0.13519032888974541
126.19237377267741,0.00792440913902925,0.4058567711407718,0.1351899262746532
126.19357843864186,0.007924333491234043,0.40584240163275903,0.13518953404399175
126.19478312760666,0.007924257843438837,0.4058280794499475,0.13518915220293212
126.19598783957242,0.007924182195643632,0.4058138046099652,0.13518878075664148
126.19719257453987,0.007924106547848425,0.40579957713039716,0.13518841971028475
126.19839733250964,0.007924030900053218,0.4057853970289358,0.1351880690690225
126.19960211348236,0.007923955252258013,0.4057712643231447,0.13518772883801247
126.20080691745875,0.007923879604462806,0.4057571790306841,0.13518739902240823
126.20201174443943,0.0079238039566676,0.4057431411690854,0.13518707962736104
126.20321659442504,0.007923728308872394,0.40572915075600874,0.13518677065801726
126.20442146741628,0.007923652661077188,0.40571520780898557,0.1351864721195208
126.20562636341381,0.00792357701328198,0.40570131234561174,0.13518618401701185
126.20683128241824,0.007923501365486776,0.40568746438340797,0.13518590635562702
126.20803622443027,0.007923425717691569,0.40567366393999144,0.13518563914049922
126.20924118945057,0.007923350069896362,0.4056599110328722,0.1351853823767579
126.21044617747974,0.007923274422101157,0.40564620567959236,0.13518513606952953
126.21165118851852,0.00792319877430595,0.40563254789767267,0.1351849002239362
126.21285622256748,0.007923123126510745,0.4056189377046338,0.13518467484509689
126.21406127962736,0.007923047478715538,0.40560537511799644,0.13518445993812717
126.21526635969879,0.007922971830920332,0.40559186015527066,0.13518425550813837
126.21647146278238,0.007922896183125127,0.4055783928339341,0.13518406156023874
126.21767658887887,0.00792282053532992,0.4055649731714432,0.13518387809953306
126.21888173798888,0.007922744887534713,0.40555160118532935,0.13518370513112138
126.22008691011305,0.007922669239739508,0.4055382768930167,0.13518354266010219
126.22129210525209,0.007922593591944301,0.405525000311983,0.13518339069156862
126.22249732340663,0.007922517944149094,0.4055117714596632,0.13518324923061004
126.22370256457728,0.00792244229635389,0.4054985903535243,0.1351831182823134
126.2249078287648,0.007922366648558683,0.4054854570109475,0.13518299785176105
126.2261131159698,0.007922291000763476,0.40547237144938925,0.13518288794403205
126.2273184261929,0.00792221535296827,0.4054593336862843,0.1351827885642013
126.22852375943481,0.007922139705173064,0.4054463437389495,0.1351826997173406
126.22972911569619,0.007922064057377857,0.4054334016248627,0.1351826214085174
126.23093449497766,0.007921988409582652,0.40542050736137286,0.13518255364279588
126.23213989727992,0.007921912761787445,0.40540766096586134,0.1351824964252362
126.23334532260363,0.007921837113992239,0.40539486245568773,0.1351824497608952
126.2345507709494,0.007921761466197033,0.40538211184821193,0.13518241365482503
126.23575624231795,0.007921685818401827,0.40536940916077224,0.13518238811207492
126.23696173670992,0.00792161017060662,0.4053567544107498,0.13518237313768994
126.23816725412593,0.007921534522811415,0.4053441476154401,0.1351823687367114
126.23937279456669,0.007921458875016208,0.405331588792117,0.13518237491417676
126.24057835803283,0.007921383227221003,0.4053190779581939,0.1351823916751197
126.24178394452504,0.007921307579425796,0.4053066151308804,0.13518241902456993
126.24298955404396,0.00792123193163059,0.40529420032752556,0.13518245696755327
126.24419518659023,0.007921156283835384,0.40528183356534964,0.1351825055090921
126.24540084216456,0.007921080636040178,0.40526951486170165,0.13518256465420447
126.24660652076757,0.00792100498824497,0.40525724423381265,0.13518263440790432
126.24781222239992,0.007920929340449766,0.4052450216989244,0.13518271477520266
126.24901794706228,0.007920853692654559,0.4052328472742893,0.13518280576110525
126.25022369475533,0.007920778044859352,0.4052207209771384,0.13518290737061528
126.25142946547967,0.007920702397064147,0.40520864282469204,0.13518301960873072
126.25263525923604,0.00792062674926894,0.4051966128341919,0.13518314248044644
126.25384107602505,0.007920551101473734,0.4051846310228046,0.13518327599075317
126.25504691584736,0.007920475453678529,0.40517269740777195,0.13518342014463736
126.25625277870365,0.007920399805883322,0.40516081200624987,0.1351835749470819
126.25745866459458,0.007920324158088115,0.40514897483543716,0.1351837404030651
126.25866457352076,0.00792024851029291,0.4051371859124897,0.13518391651756204
126.25987050548292,0.007920172862497703,0.40512544525456345,0.13518410329554298
126.26107646048169,0.007920097214702496,0.4051137528788143,0.13518430074197485
126.26228243851772,0.007920021566907291,0.40510210880234454,0.13518450886181993
126.26348843959168,0.007919945919112084,0.4050905130423422,0.1351847276600369
126.26469446370425,0.007919870271316878,0.40507896561589896,0.13518495714157958
126.26590051085603,0.007919794623521673,0.40506746654009546,0.13518519731139883
126.26710658104776,0.007919718975726466,0.4050560158320877,0.1351854481744408
126.26831267428004,0.007919643327931259,0.40504461350891363,0.13518570973564742
126.26951879055355,0.007919567680136054,0.4050332595877076,0.13518598199995652
126.27072492986896,0.007919492032340847,0.4050219540854968,0.13518626497230235
126.27193109222692,0.00791941638454564,0.40501069701931913,0.13518655865761411
126.27313727762808,0.007919340736750435,0.40499948840630906,0.13518686306081767
126.27434348607312,0.007919265088955229,0.40498832826341863,0.13518717818683415
126.27554971756271,0.007919189441160022,0.4049772166077286,0.13518750404058064
126.27675597209746,0.007919113793364817,0.4049661534562663,0.13518784062697037
126.2779622496781,0.00791903814556961,0.4049551388259943,0.13518818795091192
126.27916855030523,0.007918962497774403,0.4049441727339399,0.13518854601730979
126.28037487397953,0.007918886849979198,0.40493325519708734,0.13518891483106424
126.28158122070168,0.007918811202183991,0.40492238623244226,0.13518929439707142
126.28278759047232,0.007918735554388785,0.40491156585694604,0.13518968472022316
126.2839939832921,0.00791865990659358,0.4049007940875614,0.13519008580540684
126.28520039916172,0.007918584258798373,0.40489007094125123,0.1351904976575056
126.28640683808179,0.007918508611003168,0.4048793964349568,0.1351909202813987
126.28761330005302,0.00791843296320796,0.4048687705855873,0.13519135368196047
126.28881978507606,0.007918357315412754,0.4048581934100625,0.13519179786406138
126.29002629315153,0.007918281667617549,0.4048476649253453,0.13519225283256756
126.29123282428014,0.007918206019822342,0.40483718514822675,0.1351927185923402
126.29243937846253,0.007918130372027135,0.40482675409568036,0.13519319514823722
126.29364595569935,0.00791805472423193,0.4048163717845724,0.13519368250511082
126.29485255599128,0.007917979076436724,0.40480603823176914,0.13519418066781017
126.29605917933898,0.007917903428641517,0.40479575345410446,0.13519468964117912
126.29726582574307,0.007917827780846312,0.404785517468434,0.13519520943005725
126.29847249520428,0.007917752133051105,0.4047753302916025,0.13519574003928028
126.29967918772323,0.007917676485255898,0.4047651919404225,0.13519628147367882
126.30088590330057,0.007917600837460693,0.4047551024317495,0.13519683373807956
126.302092641937,0.007917525189665486,0.404745061782321,0.13519739683730442
126.30329940363315,0.00791744954187028,0.4047350700089925,0.13519797077617066
126.30450618838967,0.007917373894075075,0.40472512712853365,0.1351985555594917
126.30571299620726,0.007917298246279868,0.4047152331576819,0.135199151192076
126.30691982708656,0.007917222598484661,0.40470538811323914,0.13519975767872783
126.30812668102821,0.007917146950689456,0.40469559201195354,0.1352003750242463
126.30933355803292,0.007917071302894249,0.4046858448705519,0.13520100323342693
126.31054045810133,0.007916995655099042,0.4046761467057502,0.13520164231105994
126.31174738123406,0.007916920007303837,0.4046664975343181,0.13520229226193112
126.31295432743184,0.00791684435950863,0.404656897372918,0.1352029530908224
126.31416129669526,0.007916768711713425,0.4046473462382766,0.13520362480251022
126.31536828902506,0.007916693063918219,0.40463784414707776,0.13520430740176673
126.31657530442186,0.007916617416123012,0.4046283911159838,0.13520500089335968
126.31778234288629,0.007916541768327807,0.40461898716167866,0.13520570528205228
126.31898940441907,0.0079164661205326,0.4046096323008139,0.13520642057260263
126.32019648902083,0.007916390472737393,0.4046003265500305,0.1352071467697646
126.3214035966922,0.007916314824942188,0.4045910699259692,0.13520788387828736
126.32261072743393,0.007916239177146981,0.4045818624452497,0.13520863190291513
126.32381788124661,0.007916163529351775,0.40457270412449126,0.13520939084838793
126.3250250581309,0.00791608788155657,0.4045635949802705,0.13521016071944078
126.3262322580875,0.007916012233761363,0.4045545350291854,0.13521094152080404
126.32743948111707,0.007915936585966156,0.40454552428784474,0.1352117332572032
126.3286467272202,0.007915860938170951,0.4045365627727821,0.1352125359333597
126.32985399639766,0.007915785290375744,0.4045276505006062,0.13521334955398936
126.33106128865005,0.007915709642580537,0.40451878748778625,0.1352141741238038
126.33226860397801,0.007915633994785332,0.4045099737509096,0.13521500964750965
126.33347594238225,0.007915558346990125,0.4045012093065098,0.1352158561298091
126.33468330386341,0.007915482699194919,0.4044924941710668,0.1352167135753992
126.33589068842214,0.007915407051399714,0.40448382836109287,0.13521758198897182
126.33709809605914,0.007915331403604507,0.40447521189310015,0.13521846137521532
126.33830552677503,0.0079152557558093,0.4044666447835471,0.1352193517388122
126.33951298057048,0.007915180108014095,0.4044581270488815,0.13522025308443997
126.34072045744618,0.007915104460218888,0.4044496587056263,0.1352211654167721
126.34192795740277,0.007915028812423681,0.40444123977016494,0.13522208874047656
126.34313548044089,0.007914953164628476,0.40443287025895586,0.13522302306021688
126.34434302656126,0.00791487751683327,0.40442455018841467,0.13522396838065134
126.34555059576451,0.007914801869038063,0.40441627957498916,0.13522492470643357
126.34675818805125,0.007914726221242858,0.40440805843503064,0.13522589204221241
126.34796580342224,0.007914650573447651,0.4043998867849546,0.13522687039263137
126.34917344187808,0.007914574925652444,0.40439176464113374,0.13522785976232912
126.35038110341942,0.00791449927785724,0.40438369201995156,0.13522886015593988
126.35158878804698,0.007914423630062032,0.40437566893772703,0.1352298715780922
126.3527964957614,0.007914347982266826,0.4043676954108221,0.13523089403341026
126.35400422656328,0.00791427233447162,0.40435977145559876,0.13523192752651284
126.35521198045338,0.007914196686676414,0.40435189708833313,0.1352329720620139
126.3564197574323,0.007914121038881207,0.4043440723253549,0.13523402764452264
126.3576275575007,0.007914045391086002,0.40433629718295105,0.13523509427864258
126.35883538065929,0.007913969743290795,0.4043285716774298,0.13523617196897295
126.36004322690866,0.00791389409549559,0.4043208958250566,0.13523726072010775
126.36125109624956,0.007913818447700383,0.4043132696420753,0.13523836053663504
126.36245898868259,0.007913742799905176,0.4043056931447728,0.13523947142313922
126.3636669042084,0.007913667152109971,0.4042981663493287,0.13524059338419883
126.36487484282772,0.007913591504314765,0.40429068927202977,0.13524172642438737
126.36608280454116,0.007913515856519558,0.4042832619290985,0.13524287054827314
126.36729078934938,0.007913440208724353,0.40427588433667166,0.1352440257604198
126.36849879725308,0.007913364560929146,0.40426855651103594,0.13524519206538524
126.36970682825292,0.00791328891313394,0.4042612784683066,0.13524636946772267
126.37091488234948,0.007913213265338734,0.4042540502246525,0.13524755797197988
126.37212295954353,0.007913137617543527,0.40424687179624236,0.13524875758269989
126.37333105983569,0.00791306196974832,0.4042397431992451,0.13524996830442
126.37453918322659,0.007912986321953116,0.4042326644497544,0.13525119014167275
126.37574732971694,0.007912910674157909,0.404225635563907,0.13525242309898491
126.37695549930739,0.007912835026362702,0.4042186565578394,0.13525366718087878
126.37816369199857,0.007912759378567497,0.40421172744764544,0.1352549223918714
126.3793719077912,0.00791268373077229,0.4042048482493437,0.1352561887364735
126.3805801466859,0.007912608082977083,0.40419801897908153,0.13525746621919157
126.38178840868333,0.007912532435181878,0.40419123965290976,0.13525875484452682
126.3829966937842,0.007912456787386671,0.40418451028684704,0.1352600546169747
126.38420500198913,0.007912381139591465,0.40417783089694415,0.1352613655410257
126.38541333329876,0.00791230549179626,0.4041712014992626,0.13526268762116464
126.38662168771381,0.007912229844001053,0.404164622109746,0.1352640208618716
126.38783006523491,0.007912154196205848,0.4041580927444451,0.13526536526762084
126.38903846586275,0.007912078548410641,0.404151613419357,0.13526672084288152
126.39024688959798,0.007912002900615434,0.40414518415043604,0.13526808759211734
126.39145533644121,0.00791192725282023,0.40413880495363647,0.13526946551978658
126.39266380639319,0.007911851605025022,0.4041324758449232,0.13527085463034239
126.39387229945454,0.007911775957229816,0.4041261968402398,0.13527225492823206
126.39508081562589,0.00791170030943461,0.4041199679555512,0.1352736664178982
126.39628935490798,0.007911624661639404,0.4041137892066937,0.13527508910377717
126.39749791730142,0.007911549013844197,0.4041076606095893,0.1352765229903007
126.39870650280686,0.007911473366048992,0.40410158218021375,0.1352779680818944
126.39991511142502,0.007911397718253785,0.4040955539343389,0.13527942438297885
126.40112374315652,0.007911322070458578,0.40408957588785455,0.135280891897969
126.402332398002,0.007911246422663373,0.4040836480566721,0.1352823706312742
126.4035410759622,0.007911170774868167,0.40407777045659554,0.13528386058729883
126.40474977703774,0.00791109512707296,0.4040719431034182,0.1352853617704412
126.40595850122924,0.007911019479277755,0.40406616601300854,0.135286874185094
126.40716724853743,0.007910943831482548,0.4040604392011706,0.13528839783564497
126.40837601896297,0.007910868183687341,0.40405476268364393,0.13528993272647627
126.40958481250645,0.007910792535892136,0.4040491364762542,0.13529147886196352
126.41079362916864,0.00791071688809693,0.4040435605947516,0.13529303624647857
126.41200246895012,0.007910641240301722,0.40403803505489744,0.13529460488438555
126.41321133185157,0.007910565592506517,0.40403255987239906,0.13529618478004485
126.41442021787368,0.00791048994471131,0.4040271350630284,0.13529777593781006
126.41562912701711,0.007910414296916104,0.4040217606424822,0.13529937836202968
126.41683805928248,0.007910338649120899,0.40401643662644643,0.13530099205704668
126.4180470146705,0.007910263001325692,0.40401116303066076,0.13530261702719798
126.41925599318184,0.007910187353530485,0.4040059398707254,0.13530425327681514
126.42046499481711,0.00791011170573528,0.4040007671623586,0.1353059008102239
126.42167401957703,0.007910036057940073,0.40399564492121415,0.1353075596317444
126.42288306746222,0.007909960410144867,0.40399057316290293,0.13530922974569115
126.42409213847336,0.007909884762349662,0.4039855519030466,0.13531091115637273
126.42530123261112,0.007909809114554455,0.4039805811573205,0.13531260386809238
126.42651034987617,0.007909733466759248,0.4039756609412389,0.13531430788514678
126.42771949026914,0.007909657818964043,0.40397079127044494,0.13531602321182842
126.42892865379073,0.007909582171168836,0.4039659721604745,0.1353177498524224
126.43013784044157,0.007909506523373631,0.4039612036269062,0.135319487811209
126.43134705022237,0.007909430875578424,0.40395648568530806,0.13532123709246235
126.43255628313378,0.007909355227783217,0.40395181835119454,0.1353229977004508
126.4337655391764,0.007909279579988012,0.4039472016400691,0.1353247696394372
126.434974818351,0.007909203932192806,0.4039426355674891,0.13532655291367815
126.43618412065815,0.007909128284397599,0.4039381201488938,0.13532834752742487
126.43739344609855,0.007909052636602394,0.40393365539980824,0.13533015348492225
126.43860279467289,0.007908976988807187,0.4039292413356717,0.13533197079040996
126.43981216638181,0.00790890134101198,0.4039248779719449,0.135333799448121
126.44102156122594,0.007908825693216775,0.40392056532410986,0.13533563946228286
126.44223097920602,0.007908750045421568,0.4039163034075202,0.13533749083711769
126.44344042032266,0.007908674397626362,0.403912092237658,0.13533935357684101
126.4446498845765,0.007908598749831157,0.4039079318298874,0.1353412276856624
126.44585937196827,0.00790852310203595,0.4039038221996262,0.13534311316778588
126.44706888249861,0.007908447454240743,0.4038997633622385,0.13534501002740956
126.44827841616815,0.007908371806445538,0.40389575533308847,0.13534691826872508
126.4494879729776,0.007908296158650331,0.4038917981274973,0.1353488378959191
126.45069755292761,0.007908220510855124,0.40388789176084,0.13535076891317102
126.4519071560188,0.00790814486305992,0.40388403624843766,0.135352711324655
126.45311678225193,0.007908069215264713,0.4038802316055687,0.13535466513453925
126.45432643162758,0.007907993567469506,0.4038764778475435,0.1353566303469859
126.45553610414642,0.0079079179196743,0.4038727749896619,0.1353586069661506
126.45674579980917,0.007907842271879094,0.4038691230471593,0.13536059499618372
126.45795551861646,0.007907766624083887,0.4038655220353032,0.13536259444122847
126.45916526056892,0.007907690976288682,0.40386197196935053,0.13536460530542363
126.46037502566728,0.007907615328493475,0.40385847286451526,0.1353666275929001
126.46158481391214,0.00790753968069827,0.40385502473600055,0.13536866130778397
126.46279462530423,0.007907464032903063,0.40385162759900955,0.1353707064541944
126.46400445984418,0.007907388385107857,0.4038482814687563,0.13537276303624513
126.46521431753263,0.007907312737312652,0.4038449863603795,0.13537483105804354
126.46642419837029,0.007907237089517445,0.40384174228905034,0.13537691052369008
126.4676341023578,0.007907161441722238,0.40383854926992896,0.13537900143728082
126.46884402949581,0.007907085793927033,0.40383540731813283,0.13538110380290375
126.47005397978504,0.007907010146131826,0.4038323164487686,0.13538321762464167
126.4712639532261,0.00790693449833662,0.4038292766769428,0.13538534290657103
126.47247394981966,0.007906858850541414,0.4038262880177622,0.13538747965276204
126.47368396956641,0.007906783202746208,0.4038233504863012,0.13538962786727887
126.474894012467,0.007906707554951,0.403820464097602,0.13539178755417905
126.47610407852208,0.007906631907155796,0.4038176288667392,0.1353939587175144
126.47731416773236,0.007906556259360589,0.4038148448087229,0.13539614136132988
126.47852428009847,0.007906480611565382,0.4038121119385737,0.1353983354896647
126.47973441562105,0.007906404963770177,0.40380943027131255,0.13540054110655125
126.48094457430084,0.00790632931597497,0.40380679982193884,0.1354027582160165
126.48215475613843,0.007906253668179763,0.40380422060537674,0.1354049868220801
126.4833649611345,0.007906178020384558,0.4038016926366578,0.13540722692875581
126.48457518928976,0.007906102372589352,0.40379921593070633,0.13540947854005153
126.48578544060484,0.007906026724794145,0.40379679050243583,0.13541174165996805
126.48699571508038,0.00790595107699894,0.4037944163667812,0.13541401629249994
126.4882060127171,0.007905875429203733,0.4037920935386668,0.13541630244163583
126.48941633351563,0.007905799781408526,0.40378982203297387,0.1354186001113578
126.49062667747663,0.007905724133613321,0.4037876018645623,0.13542090930564132
126.4918370446008,0.007905648485818114,0.4037854330483135,0.13542323002845547
126.49304743488878,0.007905572838022908,0.4037833155991087,0.13542556228376307
126.49425784834122,0.007905497190227703,0.4037812495317328,0.1354279060755208
126.49546828495882,0.007905421542432496,0.4037792348610026,0.13543026140767783
126.49667874474223,0.007905345894637289,0.403777271601778,0.13543262828417837
126.49788922769208,0.007905270246842084,0.40377535976881174,0.1354350067089587
126.4990997338091,0.007905194599046877,0.40377349937688845,0.1354373966859496
126.50031026309394,0.00790511895125167,0.40377169044075,0.135439798219075
126.5015208155472,0.007905043303456465,0.40376993297522407,0.13544221131225248
126.50273139116962,0.007904967655661259,0.403768226994956,0.13544463596939263
126.50394198996182,0.007904892007866053,0.40376657251469833,0.13544707219440041
126.5051526119245,0.007904816360070847,0.4037649695491608,0.1354495199911732
126.50636325705831,0.00790474071227564,0.4037634181130315,0.13545197936360245
126.5075739253639,0.007904665064480435,0.40376191822097723,0.13545445031557282
126.50878461684196,0.007904589416685228,0.40376046988768627,0.13545693285096258
126.50999533149316,0.007904513768890021,0.4037590731278038,0.13545942697364313
126.51120606931812,0.007904438121094816,0.40375772795590004,0.13546193268747955
126.51241683031755,0.00790436247329961,0.4037564343866847,0.13546444999632978
126.51362761449211,0.007904286825504403,0.4037551924346743,0.13546697890404596
126.51483842184243,0.007904211177709198,0.40375400211453555,0.13546951941447277
126.51604925236923,0.00790413552991399,0.40375286344076355,0.13547207153144875
126.51726010607314,0.007904059882118784,0.40375177642797144,0.13547463525880563
126.51847098295481,0.007903984234323579,0.40375074109070797,0.1354772106003679
126.51968188301495,0.007903908586528372,0.4037497574434681,0.13547979755995462
126.52089280625421,0.007903832938733165,0.40374882550074703,0.1354823961413769
126.52210375267322,0.00790375729093796,0.40374794527712565,0.1354850063484397
126.5233147222727,0.007903681643142754,0.4037471167869917,0.13548762818494134
126.52452571505329,0.007903605995347547,0.40374634004488325,0.13549026165467282
126.52573673101563,0.007903530347552342,0.4037456150652203,0.13549290676141892
126.52694777016043,0.007903454699757135,0.40374494186246557,0.13549556350895786
126.52815883248834,0.007903379051961928,0.40374432045102854,0.13549823190106006
126.529369918,0.007903303404166723,0.40374375084529684,0.13550091194149
126.53058102669613,0.007903227756371516,0.4037432330597227,0.13550360363400532
126.53179215857736,0.00790315210857631,0.40374276710859736,0.13550630698235663
126.53300331364433,0.007903076460781104,0.4037423530063622,0.13550902199028733
126.53421449189777,0.007903000812985898,0.40374199076733,0.13551174866153465
126.53542569333827,0.007902925165190693,0.40374168040586694,0.13551448699982874
126.53663691796658,0.007902849517395486,0.40374142193623225,0.13551723700889304
126.53784816578332,0.007902773869600279,0.4037412153727707,0.13551999869244308
126.53905943678913,0.007902698221805074,0.403741060729752,0.1355227720541886
126.54027073098473,0.007902622574009867,0.40374095802146753,0.13552555709783257
126.54148204837077,0.00790254692621466,0.40374090726213335,0.13552835382707012
126.54269338894787,0.007902471278419455,0.4037409084660728,0.13553116224558978
126.54390475271676,0.007902395630624249,0.403740961647427,0.13553398235707367
126.54511613967809,0.007902319982829042,0.4037410668204228,0.13553681416519614
126.54632754983247,0.007902244335033837,0.40374122399927626,0.13553965767362514
126.54753898318066,0.00790216868723863,0.40374143319817135,0.1355425128860214
126.54875043972326,0.007902093039443423,0.40374169443124913,0.1355453798060384
126.54996191946093,0.007902017391648218,0.40374200771268276,0.13554825843732332
126.5511734223944,0.007901941743853011,0.4037423730565918,0.1355511487835157
126.55238494852428,0.007901866096057805,0.4037427904770851,0.135554050848248
126.55359649785123,0.0079017904482626,0.4037432599882715,0.13555696463514627
126.55480807037597,0.007901714800467393,0.40374378160423835,0.1355598901478291
126.55601966609913,0.007901639152672186,0.40374435533908376,0.1355628273899076
126.55723128502135,0.00790156350487698,0.40374498120678787,0.1355657763649862
126.55844292714336,0.007901487857081774,0.40374565922145944,0.13556873707666267
126.55965459246579,0.007901412209286567,0.40374638939710006,0.13557170952852662
126.56086628098929,0.007901336561491362,0.40374717174773267,0.13557469372416173
126.56207799271456,0.007901260913696155,0.40374800628730523,0.13557768966714337
126.56328972764227,0.007901185265900949,0.40374889302983,0.13558069736104084
126.56450148577304,0.007901109618105744,0.40374983198924413,0.13558371680941536
126.56571326710758,0.007901033970310537,0.4037508231795492,0.13558674801582146
126.56692507164655,0.00790095832251533,0.40375186661459644,0.13558979098380672
126.56813689939058,0.007900882674720125,0.40375296230835533,0.13559284571691077
126.5693487503404,0.007900807026924918,0.4037541102746664,0.13559591221866674
126.57056062449664,0.007900731379129711,0.4037553105274669,0.13559899049259994
126.57177252185993,0.007900655731334506,0.40375656308059726,0.13560208054222914
126.57298444243101,0.0079005800835393,0.40375786794790897,0.13560518237106525
126.5741963862105,0.007900504435744093,0.40375922514322116,0.13560829598261206
126.57540835319907,0.007900428787948888,0.40376063468038514,0.13561142138036644
126.57662034339741,0.007900353140153681,0.40376209657316636,0.13561455856781757
126.57783235680614,0.007900277492358476,0.4037636108353626,0.1356177075484474
126.579044393426,0.007900201844563269,0.4037651774807286,0.13562086832573075
126.5802564532576,0.007900126196768062,0.40376679652306197,0.13562404090313496
126.58146853630161,0.007900050548972857,0.4037684679760318,0.13562722528411986
126.58268064255873,0.00789997490117765,0.4037701918534249,0.1356304214721384
126.58389277202961,0.007899899253382444,0.40377196816887806,0.13563362947063573
126.58510492471488,0.007899823605587239,0.4037737969361139,0.13563684928304978
126.58631710061526,0.007899747957792032,0.40377567816882287,0.13564008091281132
126.58752929973141,0.007899672309996825,0.4037776118806094,0.1356433243633436
126.58874152206396,0.00789959666220162,0.40377959808515324,0.13564657963806162
126.58995376761361,0.007899521014406413,0.4037816367960697,0.13564984674037464
126.59116603638103,0.007899445366611206,0.40378372802695256,0.13565312567368304
126.59237832836683,0.007899369718816001,0.4037858717913957,0.13565641644138016
126.59359064357177,0.007899294071020795,0.4037880681029821,0.13565971904685264
126.59480298199645,0.007899218423225588,0.40379031697525214,0.13566303349347816
126.59601534364154,0.007899142775430383,0.4037926184217352,0.13566635978462807
126.59722772850776,0.007899067127635176,0.40379497245598217,0.135669697923666
126.59844013659573,0.00789899147983997,0.4037973790914796,0.13567304791394783
126.59965256790609,0.007898915832044764,0.4037998383417248,0.1356764097588222
126.60086502243958,0.007898840184249557,0.40380235022018274,0.1356797834616298
126.60207750019683,0.00789876453645435,0.40380491474031865,0.13568316902570418
126.6032900011785,0.007898688888659145,0.40380753191559754,0.1356865664543711
126.60450252538526,0.007898613240863939,0.403810201759388,0.13568997575094874
126.6057150728178,0.007898537593068732,0.40381292428515503,0.1356933969187482
126.60692764347675,0.007898461945273527,0.4038156995062242,0.1356968299610719
126.60814023736282,0.00789838629747832,0.4038185274360071,0.13570027488121597
126.60935285447663,0.007898310649683115,0.40382140808787215,0.1357037316824676
126.61056549481889,0.007898235001887908,0.40382434147513424,0.1357072003681075
126.61177815839025,0.007898159354092701,0.40382732761111895,0.13571068094140812
126.61299084519136,0.007898083706297496,0.40383036650913046,0.13571417340563408
126.61420355522294,0.00789800805850229,0.40383345818247296,0.13571767776404303
126.6154162884856,0.007897932410707083,0.40383660264440757,0.13572119401988428
126.61662904498003,0.007897856762911878,0.4038397999081742,0.13572472217639944
126.61784182470691,0.007897781115116671,0.40384304998702325,0.13572826223682294
126.6190546276669,0.007897705467321464,0.40384635289421594,0.13573181420438132
126.62026745386063,0.007897629819526259,0.40384970864288483,0.13573537808229308
126.62148030328883,0.007897554171731052,0.4038531172462589,0.13573895387376914
126.62269317595215,0.007897478523935846,0.40385657871749214,0.13574254158201243
126.62390607185121,0.00789740287614064,0.4038600930697384,0.1357461412102188
126.62511899098673,0.007897327228345434,0.4038636603161625,0.13574975276157572
126.62633193335938,0.007897251580550227,0.4038672804698431,0.13575337623926279
126.62754489896977,0.007897175932755022,0.40387095354390207,0.13575701164645224
126.62875788781864,0.007897100284959815,0.4038746795513968,0.1357606589863084
126.62997089990662,0.007897024637164608,0.4038784585054274,0.13576431826198684
126.63118393523436,0.007896948989369403,0.4038822904190408,0.1357679894766372
126.63239699380257,0.007896873341574196,0.40388617530521903,0.13577167263339945
126.63361007561191,0.00789679769377899,0.4038901131770625,0.13577536773540635
126.634823180663,0.007896722045983785,0.40389410404749987,0.13577907478578313
126.63603630895659,0.007896646398188578,0.40389814792952405,0.13578279378764677
126.6372494604933,0.007896570750393371,0.4039022448361066,0.13578652474410624
126.63846263527375,0.007896495102598166,0.4039063947802084,0.13579026765826235
126.6396758332987,0.00789641945480296,0.4039105977747258,0.1357940225332087
126.64088905456877,0.007896343807007752,0.40391485383258746,0.1357977893720311
126.64210229908461,0.007896268159212547,0.4039191629666792,0.1358015681778061
126.64331556684695,0.00789619251141734,0.4039235251898865,0.13580535895360332
126.64452885785641,0.007896116863622134,0.40392794051504166,0.1358091617024847
126.64574217211364,0.007896041215826929,0.40393240895500876,0.13581297642750267
126.64695550961937,0.007895965568031722,0.4039369305225878,0.13581680313170344
126.64816887037425,0.007895889920236515,0.4039415052306108,0.1358206418181242
126.64938225437889,0.00789581427244131,0.40394613309184535,0.135824492489794
126.65059566163403,0.007895738624646103,0.40395081411908074,0.13582835514973476
126.65180909214028,0.007895662976850898,0.403955548325031,0.13583222980095885
126.65302254589837,0.007895587329055691,0.4039603357224423,0.1358361164464722
126.65423602290893,0.007895511681260485,0.4039651763240716,0.13584001508927196
126.65544952317262,0.00789543603346528,0.40397007014257935,0.13584392573234655
126.65666304669016,0.007895360385670073,0.4039750171906366,0.1358478483786776
126.65787659346216,0.007895284737874866,0.40398001748093604,0.13585178303123757
126.65909016348928,0.007895209090079661,0.4039850710260736,0.135855729692991
126.66030375677227,0.007895133442284454,0.4039901778387419,0.1358596883668949
126.66151737331172,0.007895057794489247,0.4039953379315156,0.13586365905589734
126.66273101310833,0.007894982146694042,0.4040005513169691,0.1358676417629382
126.66394467616277,0.007894906498898836,0.40400581800769847,0.1358716364909506
126.66515836247571,0.007894830851103629,0.4040111380162569,0.1358756432428572
126.66637207204778,0.007894755203308424,0.4040165113551652,0.13587966202157442
126.6675858048797,0.007894679555513217,0.40402193803695513,0.13588369283000942
126.66879956097213,0.00789460390771801,0.4040274180741153,0.1358877356710617
126.67001334032571,0.007894528259922805,0.40403295147914525,0.1358917905476219
126.67122714294113,0.007894452612127598,0.4040385382644801,0.13589585746257313
126.67244096881907,0.007894376964332392,0.4040441784426192,0.1358999364187895
126.67365481796016,0.007894301316537186,0.4040498720259119,0.13590402741913768
126.67486869036512,0.00789422566874198,0.4040556190268254,0.1359081304664752
126.67608258603458,0.007894150020946773,0.4040614194577627,0.13591224556365222
126.67729650496919,0.007894074373151568,0.4040672733310407,0.13591637271350937
126.67851044716969,0.007893998725356361,0.4040731806590625,0.1359205119188799
126.6797244126367,0.007893923077561154,0.40407914145413426,0.13592466318258895
126.68093840137087,0.00789384742976595,0.40408515572860537,0.13592882650745222
126.68215241337293,0.007893771781970742,0.40409122349471766,0.13593300189627816
126.68336644864348,0.007893696134175537,0.4040973447648098,0.13593718935186602
126.68458050718326,0.00789362048638033,0.4041035195511129,0.1359413888770071
126.68579458899289,0.007893544838585124,0.40410974786586895,0.13594560047448437
126.68700869407303,0.007893469190789919,0.4041160297213414,0.13594982414707224
126.6882228224244,0.007893393542994712,0.40412236512967564,0.1359540598975367
126.68943697404762,0.007893317895199505,0.4041287541031136,0.13595830772863507
126.69065114894337,0.0078932422474043,0.40413519665380077,0.13596256764311673
126.69186534711235,0.007893166599609093,0.4041416927939039,0.13596683964372244
126.69307956855522,0.007893090951813887,0.40414824253554693,0.1359711237331843
126.6942938132726,0.007893015304018682,0.40415484589082173,0.13597541991422601
126.69550808126522,0.007892939656223475,0.4041615028718521,0.13597972818956305
126.69672237253373,0.007892864008428268,0.4041682134906977,0.13598404856190172
126.69793668707877,0.007892788360633063,0.40417497775940736,0.13598838103394068
126.69915102490106,0.007892712712837856,0.4041817956900728,0.13599272560836942
126.70036538600122,0.00789263706504265,0.40418866729463554,0.13599708228786922
126.70157977037994,0.007892561417247444,0.40419559258515525,0.13600145107511255
126.7027941780379,0.007892485769452237,0.4042025715735948,0.1360058319727638
126.70400860897578,0.00789241012165703,0.40420960427191727,0.13601022498347826
126.7052230631942,0.007892334473861826,0.40421669069206423,0.13601463010990258
126.70643754069387,0.007892258826066619,0.4042238308459879,0.13601904735467557
126.70765204147547,0.007892183178271412,0.404231024745544,0.13602347672042644
126.70886656553961,0.007892107530476207,0.40423827240266336,0.1360279182097763
126.71008111288702,0.007892031882681,0.4042455738291695,0.1360323718253385
126.71129568351836,0.007891956234885793,0.4042529290369503,0.13603683756971577
126.71251027743425,0.007891880587090588,0.40426033803784006,0.1360413154455033
126.71372489463542,0.007891804939295382,0.4042678008436408,0.13604580545528824
126.71493953512253,0.007891729291500175,0.40427531746613315,0.1360503076016481
126.7161541988962,0.00789165364370497,0.404282887917087,0.13605482188715162
126.71736888595717,0.007891577995909763,0.40429051220826145,0.13605934831435995
126.71858359630606,0.007891502348114556,0.404298190351405,0.13606388688582413
126.71979832994354,0.007891426700319351,0.4043059223582231,0.13606843760408732
126.72101308687033,0.007891351052524144,0.40431370824038904,0.1360730004716837
126.72222786708704,0.007891275404728938,0.40432154800964054,0.13607757549113855
126.72344267059437,0.007891199756933732,0.4043294416775651,0.1360821626649692
126.72465749739298,0.007891124109138526,0.40433738925583607,0.13608676199568318
126.72587234748353,0.00789104846134332,0.40434539075607306,0.13609137348577957
126.72708722086674,0.007890972813548114,0.4043534461898743,0.1360959971377487
126.72830211754322,0.007890897165752907,0.40436155556877357,0.13610063295407226
126.72951703751366,0.007890821517957702,0.4043697189044228,0.1361052809372227
126.73073198077876,0.007890745870162495,0.4043779362082807,0.1361099410896643
126.73194694733915,0.007890670222367288,0.4043862074919026,0.13611461341385184
126.73316193719549,0.007890594574572083,0.4043945327668009,0.13611929791223146
126.7343769503485,0.007890518926776877,0.4044029120444342,0.13612399458724073
126.73559198679882,0.00789044327898167,0.4044113453362506,0.1361287034413079
126.73680704654711,0.007890367631186465,0.40441983265375175,0.13613342447685242
126.73802212959407,0.007890291983391258,0.40442837400829984,0.13613815769628487
126.73923723594037,0.007890216335596051,0.40443696941132135,0.13614290310200725
126.74045236558662,0.007890140687800846,0.40444561887423214,0.1361476606964122
126.74166751853357,0.00789006504000564,0.4044543224083407,0.13615243048188352
126.74288269478185,0.007889989392210433,0.4044630800250093,0.13615721246079637
126.74409789433211,0.007889913744415228,0.40447189173558923,0.13616200663551603
126.74531311718508,0.00788983809662002,0.4044807575513355,0.13616681300840017
126.74652836334138,0.007889762448824814,0.4044896774835995,0.13617163158179646
126.74774363280167,0.007889686801029609,0.4044986515435717,0.13617646235804381
126.74895892556668,0.007889611153234402,0.40450767974256063,0.13618130533947226
126.75017424163704,0.007889535505439195,0.40451676209175685,0.13618616052840304
126.75138958101341,0.00788945985764399,0.4045258986023831,0.13619102792714757
126.7526049436965,0.007889384209848783,0.4045350892855975,0.13619590753800914
126.75382032968696,0.007889308562053577,0.4045443341526015,0.13620079936328128
126.75503573898543,0.007889232914258372,0.4045536332145104,0.13620570340524876
126.75625117159262,0.007889157266463165,0.40456298648247174,0.13621061966618742
126.75746662750917,0.00788908161866796,0.40457239396755806,0.13621554814836326
126.7586821067358,0.007889005970872753,0.40458185568087407,0.1362204888540348
126.75989760927317,0.007888930323077546,0.40459137163351366,0.13622544178544985
126.76111313512187,0.007888854675282341,0.4046009418364635,0.1362304069448473
126.76232868428268,0.007888779027487134,0.4046105663007746,0.13623538433445764
126.76354425675622,0.007888703379691928,0.4046202450374765,0.13624037395650196
126.76475985254312,0.007888627731896723,0.4046299780575237,0.1362453758131916
126.76597547164414,0.007888552084101516,0.40463976537184926,0.13625038990672944
126.7671911140599,0.007888476436306309,0.4046496069914612,0.1362554162393092
126.76840677979104,0.007888400788511104,0.4046595029272496,0.13626045481311455
126.76962246883829,0.007888325140715897,0.4046694531901476,0.13626550563032097
126.77083818120231,0.00788824949292069,0.40467945779098075,0.13627056869309406
126.77205391688372,0.007888173845125485,0.4046895167406285,0.1362756440035905
126.77326967588326,0.007888098197330278,0.4046996300499594,0.13628073156395756
126.77448545820157,0.007888022549535072,0.40470979772977783,0.1362858313763332
126.77570126383928,0.007887946901739867,0.40472001979089867,0.1362909434428469
126.77691709279715,0.00788787125394466,0.4047302962440833,0.13629606776561753
126.77813294507578,0.007887795606149453,0.40474062710005015,0.13630120434675555
126.77934882067585,0.007887719958354248,0.4047510123696357,0.13630635318836212
126.78056471959806,0.007887644310559041,0.40476145206349384,0.13631151429252877
126.78178064184308,0.007887568662763834,0.404771946192311,0.13631668766133778
126.78299658741153,0.00788749301496863,0.40478249476679473,0.13632187329686235
126.78421255630414,0.007887417367173423,0.40479309779759914,0.13632707120116588
126.78542854852157,0.007887341719378216,0.40480375529534607,0.13633228137630318
126.78664456406443,0.00788726607158301,0.4048144672706252,0.13633750382431858
126.78786060293349,0.007887190423787804,0.4048252337340906,0.13634273854724838
126.78907666512936,0.007887114775992597,0.4048360546962675,0.1363479855471181
126.7902927506527,0.007887039128197392,0.40484693016773493,0.13635324482594482
126.79150885950423,0.007886963480402185,0.40485786015901815,0.1363585163857362
126.7927249916846,0.007886887832606979,0.40486884468061024,0.13636380022848976
126.79394114719445,0.007886812184811774,0.4048798837430151,0.1363690963561941
126.79515732603448,0.007886736537016567,0.40489097735669355,0.1363744047708284
126.7963735282054,0.00788666088922136,0.40490212553210664,0.1363797254743624
126.79758975370778,0.007886585241426155,0.40491332827966153,0.13638505846875595
126.79880600254239,0.007886509593630948,0.40492458560978706,0.13639040375596004
126.80002227470983,0.007886433945835743,0.40493589753283676,0.13639576133791562
126.80123857021084,0.007886358298040536,0.4049472640592073,0.13640113121655453
126.80245488904606,0.00788628265024533,0.40495868519919853,0.13640651339379886
126.80367123121613,0.007886207002450124,0.40497016096317484,0.13641190787156132
126.80488759672177,0.007886131354654918,0.4049816913614041,0.1364173146517453
126.80610398556364,0.00788605570685971,0.4049932764041863,0.13642273373624403
126.80732039774236,0.007885980059064506,0.4050049161017891,0.13642816512694134
126.80853683325869,0.007885904411269299,0.40501661046439463,0.13643360882571198
126.80975329211323,0.007885828763474092,0.40502835950229205,0.13643906483442106
126.81096977430667,0.007885753115678887,0.4050401632256097,0.13644453315492355
126.81218627983971,0.00788567746788368,0.4050520216445295,0.13645001378906507
126.81340280871301,0.007885601820088474,0.4050639347692443,0.1364555067386818
126.81461936092718,0.007885526172293269,0.40507590260986076,0.1364610120056002
126.815835936483,0.007885450524498062,0.40508792517646436,0.13646652959163685
126.81705253538107,0.007885374876702855,0.4051000024791727,0.13647205949859925
126.81826915762205,0.00788529922890765,0.40511213452803907,0.13647760172828496
126.81948580320667,0.007885223581112443,0.40512432133310583,0.1364831562824814
126.82070247213558,0.007885147933317236,0.40513656290439404,0.13648872316296695
126.82191916440941,0.007885072285522031,0.405148859251914,0.13649430237151022
126.82313588002889,0.007884996637726824,0.40516121038563313,0.1364998939098698
126.82435261899467,0.007884920989931618,0.40517361631546517,0.13650549777979482
126.82556938130739,0.007884845342136413,0.4051860770514418,0.1365111139830245
126.82678616696778,0.007884769694341206,0.40519859260342317,0.1365167425212886
126.82800297597647,0.007884694046545999,0.40521116298128007,0.13652238339630707
126.82921980833414,0.007884618398750794,0.40522378819492627,0.13652803660978952
126.83043666404149,0.007884542750955587,0.40523646825418963,0.13653370216343716
126.83165354309912,0.007884467103160382,0.40524920316890883,0.13653938005893942
126.83287044550781,0.007884391455365175,0.40526199294887955,0.13654507029797808
126.83408737126815,0.007884315807569969,0.40527483760385463,0.1365507728822235
126.83530432038081,0.007884240159774764,0.4052877371436619,0.13655648781333693
126.83652129284653,0.007884164511979557,0.4053006915779898,0.13656221509296995
126.83773828866593,0.00788408886418435,0.40531370091656976,0.13656795472276398
126.83895530783967,0.007884013216389145,0.40532676516912225,0.13657370670435032
126.84017235036846,0.007883937568593938,0.4053398843452822,0.1365794710393514
126.84138941625297,0.007883861920798731,0.405353058454695,0.13658524772937858
126.84260650549382,0.007883786273003526,0.40536628750704906,0.13659103677603412
126.84382361809176,0.00788371062520832,0.40537957151189347,0.1365968381809106
126.84504075404742,0.007883634977413113,0.40539291047883064,0.13660265194558968
126.84625791336146,0.007883559329617908,0.40540630441745257,0.13660847807164384
126.84747509603457,0.007883483681822701,0.4054197533372652,0.13661431656063613
126.84869230206743,0.007883408034027494,0.4054332572477961,0.1366201674141187
126.8499095314607,0.007883332386232289,0.40544681615856193,0.1366260306336338
126.85112678421505,0.007883256738437082,0.40546043007898297,0.1366319062207143
126.85234406033118,0.007883181090641875,0.4054740990185759,0.1366377941768832
126.8535613598097,0.00788310544284667,0.40548782298676095,0.13664369450365269
126.85477868265137,0.007883029795051464,0.4055016019929154,0.13664960720252575
126.85599602885681,0.007882954147256257,0.405515436046438,0.1366555322749952
126.85721339842667,0.007882878499461052,0.4055293251566953,0.13666146972254342
126.85843079136167,0.007882802851665845,0.40554326933302165,0.13666741954664366
126.85964820766247,0.007882727203870638,0.4055572685847514,0.13667338174875787
126.8608656473297,0.007882651556075433,0.40557132292114384,0.13667935633033923
126.86208311036411,0.007882575908280226,0.40558543235152256,0.1366853432928304
126.86330059676634,0.00788250026048502,0.40559959688509317,0.13669134263766333
126.86451810653702,0.007882424612689815,0.40561381653112566,0.136697354366261
126.86573563967688,0.007882348964894608,0.4056280912988257,0.13670337848003572
126.86695319618657,0.007882273317099401,0.40564242119730226,0.13670941498038966
126.86817077606675,0.007882197669304196,0.4056568062358254,0.1367154638687151
126.86938837931812,0.007882122021508989,0.4056712464234397,0.136721525146394
126.87060600594134,0.007882046373713782,0.4056857417692973,0.13672759881479862
126.87182365593706,0.007881970725918577,0.40570029228250704,0.13673368487529036
126.873041329306,0.00788189507812337,0.40571489797213517,0.13673978332922132
126.87425902604879,0.007881819430328165,0.40572955884719414,0.13674589417793273
126.87547674616614,0.007881743782532959,0.4057442749167501,0.13675201742275622
126.87669448965872,0.007881668134737752,0.4057590461897833,0.13675815306501293
126.87791225652714,0.007881592486942547,0.40577387267528486,0.1367643011060137
126.87913004677216,0.00788151683914734,0.40578875438218137,0.13677046154705938
126.88034786039441,0.007881441191352133,0.40580369131944244,0.13677663438944096
126.88156569739454,0.007881365543556928,0.4058186834959625,0.13678281963443822
126.88278355777328,0.007881289895761721,0.4058337309206253,0.13678901728332177
126.88400144153127,0.007881214247966515,0.40584883360230384,0.13679522733735167
126.88521934866915,0.00788113860017131,0.4058639915498497,0.136801449797777
126.88643727918767,0.007881062952376103,0.40587920477202855,0.13680768466583773
126.88765523308747,0.007880987304580896,0.40589447327770267,0.1368139319427629
126.88887321036917,0.007880911656785691,0.40590979707561636,0.13682019162977138
126.89009121103354,0.007880836008990484,0.40592517617448165,0.13682646372807175
126.89130923508118,0.007880760361195277,0.40594061058310726,0.1368327482388624
126.89252728251277,0.007880684713400072,0.40595610031014073,0.13683904516333095
126.89374535332902,0.007880609065604866,0.40597164536424063,0.1368453545026557
126.8949634475306,0.007880533417809659,0.405987245754119,0.13685167625800346
126.89618156511813,0.007880457770014454,0.40600290148838053,0.13685801043053153
126.89739970609234,0.007880382122219247,0.4060186125756301,0.1368643570213862
126.89861787045389,0.00788030647442404,0.4060343790244617,0.13687071603170417
126.89983605820342,0.007880230826628835,0.40605020084344795,0.13687708746261115
126.90105426934166,0.007880155178833628,0.4060660780411185,0.13688347131522297
126.90227250386926,0.007880079531038421,0.40608201062599236,0.13688986759064437
126.90349076178684,0.007880003883243216,0.4060979986065455,0.1368962762899703
126.90470904309517,0.00787992823544801,0.4061140419912754,0.13690269741428515
126.90592734779484,0.007879852587652805,0.4061301407886152,0.13690913096466242
126.90714567588658,0.007879776939857598,0.4061462950069873,0.13691557694216624
126.90836402737106,0.007879701292062391,0.4061625046547604,0.1369220353478494
126.9095824022489,0.007879625644267186,0.4061787697403676,0.1369285061827544
126.91080080052083,0.00787954999647198,0.4061950902721455,0.13693498944791355
126.91201922218751,0.007879474348676772,0.40621146625840915,0.1369414851443482
126.91323766724959,0.007879398700881567,0.406227897707463,0.13694799327306972
126.91445613570778,0.00787932305308636,0.40624438462760054,0.1369545138350786
126.91567462756274,0.007879247405291154,0.4062609270270404,0.13696104683136567
126.9168931428151,0.007879171757495949,0.4062775249140762,0.13696759226290967
126.91811168146562,0.007879096109700742,0.4062941782968728,0.13697415013068043
126.9193302435149,0.007879020461905535,0.40631088718363806,0.13698072043563653
126.92054882896365,0.00787894481411033,0.40632765158252604,0.13698730317872568
126.92176743781253,0.007878869166315123,0.40634447150168024,0.13699389836088555
126.92298607006224,0.007878793518519916,0.4063613469491904,0.13700050598304328
126.9242047257134,0.007878717870724711,0.40637827793318926,0.13700712604611473
126.92542340476673,0.007878642222929505,0.40639526446173435,0.13701375855100642
126.92664210722292,0.007878566575134298,0.4064123065428511,0.13702040349861327
126.92786083308256,0.007878490927339093,0.4064294041845435,0.13702706088981975
126.92907958234643,0.007878415279543886,0.40644655739484764,0.13703373072550018
126.93029835501514,0.00787833963174868,0.40646376618169233,0.13704041300651756
126.93151715108937,0.007878263983953474,0.4064810305530923,0.13704710773372453
126.93273597056981,0.007878188336158267,0.40649835051686917,0.13705381490796392
126.93395481345713,0.00787811268836306,0.4065157260810267,0.1370605345300667
126.93517367975197,0.007878037040567856,0.4065331572533866,0.13706726660085358
126.93639256945508,0.007877961392772649,0.4065506440417704,0.13707401112113504
126.93761148256708,0.007877885744977442,0.4065681864540532,0.13708076809171024
126.93883041908862,0.007877810097182237,0.4065857844980566,0.13708753751336805
126.94004937902044,0.00787773444938703,0.4066034381814842,0.13709431938688635
126.94126836236319,0.007877658801591823,0.406621147512136,0.13710111371303274
126.9424873691175,0.007877583153796618,0.4066389124977478,0.13710792049256332
126.94370639928411,0.007877507506001412,0.4066567331460016,0.13711473972622515
126.94492545286367,0.007877431858206205,0.4066746094645902,0.1371215714147524
126.94614452985682,0.007877356210411,0.40669254146115286,0.13712841555886945
126.9473636302643,0.007877280562615793,0.40671052914336076,0.13713527215929067
126.94858275408671,0.007877204914820588,0.4067285725187781,0.1371421412167183
126.9498019013248,0.007877129267025381,0.4067466715950332,0.1371490227318447
126.95102107197921,0.007877053619230174,0.40676482637962585,0.13715591670535116
126.9522402660506,0.00787697797143497,0.4067830368801307,0.13716282313790823
126.95345948353966,0.007876902323639762,0.4068013031040582,0.13716974203017573
126.95467872444708,0.007876826675844556,0.4068196250588652,0.13717667338280246
126.95589798877349,0.00787675102804935,0.406838002752062,0.13718361719642644
126.95711727651961,0.007876675380254144,0.4068564361910196,0.13719057347167504
126.9583365876861,0.007876599732458937,0.4068749253832161,0.1371975422091647
126.95955592227361,0.007876524084663732,0.4068934703359796,0.13720452340950073
126.96077528028286,0.007876448436868525,0.4069120710566811,0.13721151707327808
126.9619946617145,0.007876372789073318,0.4069307275527021,0.13721852320108066
126.96321406656918,0.007876297141278113,0.40694943983128484,0.13722554179348087
126.96443349484764,0.007876221493482907,0.40696820789978955,0.13723257285104126
126.9656529465505,0.0078761458456877,0.40698703176543694,0.137239616374313
126.96687242167843,0.007876070197892495,0.4070059114354799,0.13724667236383611
126.96809192023215,0.007875994550097288,0.40702484691711766,0.13725374082013997
126.96931144221233,0.007875918902302081,0.40704383821753876,0.1372608217437429
126.97053098761958,0.007875843254506876,0.40706288534392104,0.13726791513515227
126.97175055645467,0.00787576760671167,0.40708198830338865,0.1372750209948651
126.9729701487182,0.007875691958916462,0.40710114710305506,0.1372821393233662
126.97418976441087,0.007875616311121257,0.4071203617500121,0.13728927012113082
126.97540940353336,0.00787554066332605,0.40713963225130895,0.13729641338862197
126.97662906608636,0.007875465015530844,0.40715895861402684,0.13730356912629274
126.97784875207049,0.007875389367735639,0.40717834084513965,0.13731073733458435
126.97906846148649,0.007875313719940432,0.40719777895163206,0.1373179180139281
126.98028819433499,0.007875238072145227,0.4072172729404781,0.13732511116474264
126.9815079506167,0.00787516242435002,0.4072368228186302,0.13733231678743735
126.98272773033229,0.007875086776554813,0.40725642859299793,0.1373395348824094
126.98394753348238,0.007875011128759608,0.40727609027040507,0.1373467654500455
126.98516736006773,0.007874935480964402,0.4072958078578148,0.13735400849072102
126.98638721008896,0.007874859833169195,0.4073155813619865,0.13736126400480064
126.98760708354675,0.00787478418537399,0.4073354107897439,0.13736853199263713
126.98882698044181,0.007874708537578783,0.4073552961478893,0.13737581245457345
126.99004690077479,0.007874632889783576,0.4073752374432035,0.13738310539094026
126.99126684454633,0.007874557241988371,0.40739523468237077,0.13739041080205808
126.99248681175717,0.007874481594193164,0.4074152878721505,0.13739772868823544
126.99370680240796,0.007874405946397958,0.40743539701918396,0.1374050590497706
126.99492681649934,0.007874330298602752,0.40745556213015555,0.13741240188695011
126.99614685403206,0.007874254650807546,0.40747578321170647,0.1374197572000497
126.99736691500675,0.007874179003012339,0.4074960602703923,0.1374271249893337
126.99858699942405,0.007874103355217134,0.4075163933128544,0.1374345052550557
126.99980710728471,0.007874027707421927,0.4075367823456268,0.13744189799745776
127.00102723858937,0.00787395205962672,0.40755722737521133,0.13744930321677074
127.00224739333868,0.007873876411831515,0.40757772840817424,0.13745672091321484
127.00346757153338,0.007873800764036308,0.40759828545093163,0.13746415108699833
127.0046877731741,0.007873725116241102,0.40761889850999605,0.13747159373831933
127.00590799826149,0.007873649468445897,0.40763956759174064,0.1374790488673632
127.00712824679628,0.00787357382065069,0.40766029270260284,0.13748651647430543
127.00834851877914,0.007873498172855483,0.4076810738489665,0.13749399655931005
127.00956881421071,0.007873422525060278,0.40770191103712966,0.13750148912252924
127.0107891330917,0.007873346877265071,0.40772280427345475,0.13750899416410495
127.01200947542279,0.007873271229469864,0.4077437535642397,0.13751651168416704
127.01322984120459,0.00787319558167466,0.4077647589157825,0.1375240416828339
127.01445023043787,0.007873119933879453,0.40778582033426325,0.13753158416021397
127.01567064312326,0.007873044286084246,0.40780693782597993,0.13753913911640298
127.0168910792614,0.00787296863828904,0.40782811139706954,0.13754670655148615
127.01811153885303,0.007872892990493834,0.4078493410537336,0.1375542864655373
127.0193320218988,0.007872817342698627,0.4078706268020877,0.13756187885861915
127.02055252839936,0.007872741694903422,0.40789196864826893,0.13756948373078215
127.02177305835545,0.007872666047108215,0.4079133665983607,0.13757710108206708
127.02299361176767,0.00787259039931301,0.4079348206584572,0.1375847309125016
127.02421418863676,0.007872514751517803,0.40795633083452376,0.1375923732221037
127.02543478896338,0.007872439103722597,0.40797789713264393,0.13760002801087862
127.02665541274816,0.007872363455927392,0.4079995195587723,0.137607695278821
127.02787605999184,0.007872287808132185,0.4080211981188742,0.13761537502591392
127.02909673069507,0.007872212160336978,0.4080429328189045,0.13762306725212983
127.0303174248585,0.007872136512541773,0.4080647236646998,0.13763077195742804
127.03153814248286,0.007872060864746566,0.40808657066223614,0.13763848914175852
127.03275888356879,0.00787198521695136,0.4081084738173181,0.1376462188050587
127.03397964811695,0.007871909569156154,0.4081304331357715,0.13765396094725407
127.03520043612808,0.007871833921360948,0.4081524486234224,0.13766171556826057
127.0364212476028,0.00787175827356574,0.4081745202860108,0.13766948266798076
127.03764208254178,0.007871682625770536,0.4081966481293305,0.13767726224630722
127.03886294094575,0.007871606977975329,0.4082188321590464,0.13768505430312003
127.04008382281536,0.007871531330180122,0.4082410723809094,0.1376928588382886
127.04130472815125,0.007871455682384917,0.4082633688005738,0.1377006758516705
127.04252565695415,0.00787138003458971,0.40828572142367225,0.13770850534311183
127.04374660922474,0.007871304386794504,0.4083081302558163,0.13771634731244717
127.04496758496363,0.007871228738999298,0.4083305953026064,0.13772420175950012
127.04618858417156,0.007871153091204092,0.4083531165696111,0.13773206868408236
127.0474096068492,0.007871077443408885,0.40837569406236657,0.1377399480859946
127.04863065299718,0.00787100179561368,0.40839832778637686,0.13774783996502463
127.04985172261624,0.007870926147818473,0.40842101774711387,0.13775574432095025
127.05107281570702,0.007870850500023266,0.40844376395004944,0.13776366115353755
127.05229393227017,0.007870774852228061,0.408466566400634,0.13777159046254003
127.05351507230644,0.007870699204432854,0.4084894251042214,0.13777953224770106
127.05473623581643,0.00787062355663765,0.4085123400661977,0.1377874865087516
127.0559574228009,0.007870547908842443,0.4085353112919488,0.13779545324541118
127.05717863326046,0.007870472261047236,0.40855833878679654,0.13780343245738783
127.05839986719579,0.00787039661325203,0.4085814225559766,0.13781142414437803
127.0596211246076,0.007870320965456824,0.40860456260481076,0.13781942830606678
127.06084240549657,0.007870245317661617,0.4086277589385455,0.13782744494212756
127.06206370986331,0.007870169669866412,0.4086510115623523,0.1378354740522216
127.0632850377086,0.007870094022071205,0.4086743204814455,0.13784351563599964
127.06450638903304,0.007870018374275999,0.4086976857009965,0.1378515696931002
127.0657277638373,0.007869942726480793,0.40872110722611255,0.13785963622314937
127.06694916212213,0.007869867078685587,0.408744585061922,0.1378677152257637
127.06817058388815,0.00786979143089038,0.4087681192134998,0.13787580670054617
127.06939202913603,0.007869715783095175,0.408791709685878,0.13788391064708871
127.07061349786649,0.007869640135299968,0.4088153564840992,0.13789202706497217
127.07183499008019,0.007869564487504761,0.40883905961316325,0.13790015595376492
127.07305650577777,0.007869488839709556,0.40886281907802696,0.13790829731302423
127.07427804495997,0.00786941319191435,0.40888663488365795,0.1379164511422954
127.07549960762744,0.007869337544119143,0.40891050703494874,0.13792461744111242
127.07672119378083,0.007869261896323938,0.40893443553679176,0.1379327962089969
127.07794280342085,0.00786918624852873,0.4089584203940581,0.1379409874454599
127.07916443654818,0.007869110600733524,0.40898246161156515,0.13794919114999943
127.08038609316347,0.007869034952938319,0.4090065591941303,0.13795740732210274
127.08160777326744,0.007868959305143112,0.4090307131465387,0.13796563596124536
127.08282947686072,0.007868883657347905,0.40905492347355416,0.13797387706689032
127.084051203944,0.0078688080095527,0.40907919017986527,0.1379821306384895
127.08527295451798,0.007868732361757494,0.40910351327019284,0.13799039667548327
127.08649472858333,0.007868656713962287,0.4091278927491934,0.13799867517729986
127.0877165261407,0.007868581066167082,0.40915232862153406,0.13800696614335525
127.0889383471908,0.007868505418371875,0.40917682089177476,0.13801526957305532
127.09016019173431,0.007868429770576668,0.4092013695645397,0.1380235854657921
127.09138205977186,0.007868354122781463,0.409225974644421,0.13803191382094754
127.0926039513042,0.007868278474986256,0.40925063613589274,0.1380402546378907
127.09382586633195,0.00786820282719105,0.4092753540434718,0.13804860791597984
127.0950478048558,0.007868127179395844,0.4093001283716646,0.13805697365455985
127.09626976687645,0.007868051531600638,0.4093249591248699,0.13806535185296584
127.09749175239453,0.007867975883805433,0.40934984630754034,0.13807374251051963
127.09871376141078,0.007867900236010226,0.40937478992407494,0.13808214562653143
127.09993579392585,0.007867824588215019,0.40939978997879756,0.13809056120030047
127.10115784994039,0.007867748940419814,0.40942484647609634,0.13809898923111283
127.10237992945513,0.007867673292624607,0.40944995942024154,0.13810742971824413
127.10360203247072,0.0078675976448294,0.4094751288155462,0.13811588266095687
127.10482415898781,0.007867521997034195,0.40950035466621626,0.1381243480585028
127.10604630900714,0.007867446349238989,0.4095256369765219,0.1381328259101209
127.10726848252935,0.007867370701443782,0.40955097575065813,0.1381413162150392
127.10849067955509,0.007867295053648577,0.40957637099276645,0.13814981897247275
127.10971290008511,0.00786721940585337,0.40960182270698836,0.13815833418162562
127.11093514412005,0.007867143758058163,0.4096273308974652,0.13816686184168972
127.11215741166055,0.007867068110262958,0.40965289556828494,0.1381754019518445
127.11337970270735,0.007866992462467751,0.4096785167234602,0.1381839545112587
127.1146020172611,0.007866916814672545,0.40970419436705724,0.13819251951908804
127.11582435532247,0.00786684116687734,0.4097299285030567,0.13820109697447672
127.11704671689218,0.007866765519082133,0.40975571913543907,0.13820968687655716
127.11826910197087,0.007866689871286926,0.4097815662681419,0.13821828922444954
127.11949151055919,0.00786661422349172,0.40980746990509204,0.13822690401726231
127.12071394265789,0.007866538575696514,0.409833430050195,0.13823553125409233
127.12193639826761,0.007866462927901307,0.4098594467072489,0.13824417093402344
127.123158877389,0.007866387280106102,0.40988551988015903,0.1382528230561282
127.12438138002281,0.007866311632310895,0.40991164957266996,0.13826148761946774
127.12560390616963,0.00786623598451569,0.40993783578857973,0.13827016462309022
127.12682645583023,0.007866160336720484,0.4099640785316222,0.13827885406603216
127.12804902900524,0.007866084688925277,0.40999037780553105,0.13828755594731865
127.12927162569531,0.007866009041130072,0.41001673361399704,0.13829627026596159
127.13049424590118,0.007865933393334865,0.4100431459606575,0.13830499702096247
127.1317168896235,0.007865857745539658,0.4100696148491495,0.1383137362113091
127.13293955686292,0.007865782097744453,0.41009614028311026,0.138322487835978
127.13416224762018,0.007865706449949246,0.41012272226605895,0.1383312518939343
127.13538496189592,0.00786563080215404,0.4101493608015898,0.13834002838413023
127.1366076996908,0.007865555154358835,0.41017605589321127,0.13834881730550622
127.13783046100554,0.007865479506563628,0.41020280754437816,0.13835761865699078
127.1390532458408,0.007865403858768421,0.4102296157585774,0.13836643243749977
127.14027605419724,0.007865328210973216,0.41025648053925307,0.1383752586459383
127.14149888607558,0.007865252563178009,0.41028340188977414,0.13838409728119822
127.14272174147649,0.007865176915382802,0.41031037981354174,0.13839294834215968
127.1439446204006,0.007865101267587597,0.41033741431388193,0.1384018118276907
127.14516752284865,0.00786502561979239,0.41036450539414215,0.13841068773664786
127.1463904488213,0.007864949971997184,0.4103916530575519,0.13841957606787392
127.14761339831918,0.007864874324201979,0.4104188573074158,0.13842847682020132
127.14883637134305,0.007864798676406772,0.4104461181469847,0.1384373899924503
127.15005936789355,0.007864723028611565,0.4104734355793808,0.1384463155834278
127.15128238797132,0.00786464738081636,0.4105008096078659,0.13845525359192942
127.15250543157711,0.007864571733021153,0.4105282402354976,0.1384642040167383
127.15372849871157,0.007864496085225946,0.4105557274654733,0.13847316685662628
127.15495158937534,0.007864420437430741,0.4105832713008079,0.13848214211035145
127.15617470356918,0.007864344789635535,0.4106108717445914,0.13849112977666153
127.1573978412937,0.007864269141840328,0.41063852879986007,0.13850012985429117
127.1586210025496,0.007864193494045123,0.4106662424695645,0.1385091423419625
127.15984418733757,0.007864117846249916,0.410694012756741,0.13851816723838695
127.16106739565828,0.00786404219845471,0.4107218396642543,0.13852720454226183
127.16229062751239,0.007863966550659504,0.41074972319505487,0.13853625425227353
127.16351388290063,0.007863890902864297,0.4107776633520503,0.1385453163670961
127.16473716182364,0.00786381525506909,0.4108056601380624,0.13855439088539126
127.16596046428208,0.007863739607273885,0.4108337135558915,0.1385634778058083
127.16718379027668,0.007863663959478679,0.4108618236083593,0.1385725771269851
127.16840713980811,0.007863588311683472,0.41088999029822326,0.13858168884754637
127.16963051287699,0.007863512663888267,0.41091821362824066,0.1385908129661047
127.17085390948408,0.00786343701609306,0.4109464936010617,0.13859994948126172
127.17207732963,0.007863361368297855,0.4109748302194009,0.13860909839160485
127.17330077331547,0.007863285720502648,0.41100322348591894,0.13861825969571093
127.17452424054117,0.007863210072707441,0.4110316734031909,0.13862743339214395
127.17574773130772,0.007863134424912236,0.4110601799738133,0.13863661947945516
127.17697124561587,0.00786305877711703,0.4110887432003717,0.13864581795618494
127.17819478346628,0.007862983129321823,0.41111736308537683,0.13865502882085953
127.17941834485958,0.007862907481526618,0.41114603963133933,0.13866425207199468
127.18064192979652,0.007862831833731411,0.41117477284068393,0.13867348770809262
127.18186553827776,0.007862756185936204,0.411203562715932,0.1386827357276441
127.18308917030393,0.007862680538141,0.4112324092594011,0.1386919961291269
127.18431282587578,0.007862604890345792,0.41126131247352665,0.13870126891100693
127.18553650499396,0.007862529242550586,0.41129027236067983,0.13871055407173838
127.18676020765912,0.00786245359475538,0.41131928892310304,0.13871985160976186
127.18798393387199,0.007862377946960174,0.4113483621631674,0.13872916152350645
127.18920768363323,0.007862302299164967,0.41137749208308316,0.13873848381138892
127.19043145694349,0.007862226651369762,0.4114066786851034,0.13874781847181328
127.1916552538035,0.007862151003574555,0.4114359219714383,0.13875716550317224
127.19287907421392,0.007862075355779348,0.411465221944223,0.13876652490384464
127.19410291817539,0.007861999707984143,0.4114945786056463,0.1387758966721985
127.19532678568866,0.007861924060188936,0.4115239919577896,0.13878528080658872
127.19655067675438,0.00786184841239373,0.41155346200273435,0.13879467730535788
127.19777459137319,0.007861772764598525,0.411582988742562,0.13880408616683573
127.19899852954585,0.007861697116803318,0.41161257217925745,0.13881350738934103
127.20022249127294,0.007861621469008113,0.4116422123148807,0.13882294097117903
127.20144647655525,0.007861545821212906,0.41167190915130936,0.13883238691064304
127.20267048539338,0.0078614701734177,0.41170166269050684,0.13884184520601425
127.20389451778803,0.007861394525622494,0.4117314729343615,0.13885131585556032
127.20511857373991,0.007861318877827287,0.4117613398848046,0.13886079885753794
127.20634265324966,0.00786124323003208,0.41179126354361717,0.13887029421019084
127.20756675631796,0.007861167582236876,0.4118212439126231,0.13887980191174976
127.20879088294554,0.007861091934441669,0.41185128099361423,0.13888932196043435
127.21001503313303,0.007861016286646462,0.41188137478837156,0.13889885435445082
127.2112392068811,0.007860940638851257,0.4119115252985474,0.1389083990919931
127.21246340419049,0.00786086499105605,0.4119417325259014,0.13891795617124283
127.21368762506185,0.007860789343260843,0.4119719964720535,0.13892752559036964
127.21491186949582,0.007860713695465638,0.41200231713863467,0.1389371073475298
127.21613613749315,0.007860638047670431,0.41203269452726493,0.13894670144086818
127.2173604290545,0.007860562399875225,0.4120631286394893,0.13895630786851662
127.21858474418049,0.00786048675208002,0.412093619476885,0.1389659266285943
127.21980908287188,0.007860411104284813,0.41212416704091115,0.13897555771920891
127.22103344512932,0.007860335456489606,0.41215477133309136,0.13898520113845436
127.22225783095345,0.007860259808694401,0.4121854323548632,0.1389948568844131
127.22348224034504,0.007860184160899194,0.41221615010763235,0.13900452495515483
127.22470667330471,0.007860108513103987,0.4122469245927828,0.13901420534873696
127.22593112983311,0.007860032865308782,0.41227775581165566,0.13902389806320395
127.227155609931,0.007859957217513576,0.4123086437656457,0.13903360309658777
127.22838011359903,0.007859881569718369,0.4123395884559976,0.13904332044690884
127.22960464083783,0.007859805921923164,0.41237058988394515,0.13905305011217386
127.23082919164816,0.007859730274127957,0.4124016480507973,0.13906279209037797
127.23205376603065,0.00785965462633275,0.41243276295770215,0.13907254637950328
127.23327836398597,0.007859578978537545,0.4124639346058505,0.13908231297751966
127.23450298551485,0.007859503330742338,0.4124951629963905,0.1390920918823846
127.23572763061796,0.007859427682947132,0.4125264481304272,0.13910188309204238
127.23695229929592,0.007859352035151927,0.4125577900090442,0.1391116866044249
127.2381769915495,0.00785927638735672,0.41258918863327154,0.13912150241745325
127.23940170737932,0.007859200739561513,0.41262064400415,0.13913133052903343
127.24062644678607,0.007859125091766308,0.41265215612267725,0.13914117093705983
127.24185120977045,0.007859049443971101,0.4126837249897976,0.13915102363941595
127.24307599633313,0.007858973796175894,0.41271535060643366,0.13916088863397025
127.24430080647477,0.00785889814838069,0.41274703297347604,0.13917076591857958
127.24552564019609,0.007858822500585482,0.4127787720918044,0.13918065549108904
127.24675049749774,0.007858746852790277,0.4128105679622558,0.13919055734933033
127.24797537838043,0.00785867120499507,0.41284242058561327,0.13920047149112277
127.24920028284482,0.007858595557199864,0.41287432996264944,0.13921039791427312
127.25042521089158,0.007858519909404659,0.41290629609413676,0.13922033661657499
127.25165016252143,0.007858444261609452,0.41293831898074046,0.13923028759581105
127.25287513773502,0.007858368613814245,0.4129703986231579,0.1392402508497496
127.25410013653301,0.00785829296601904,0.4130025350220758,0.13925022637614706
127.25532515891615,0.007858217318223833,0.413034728178052,0.13926021417274803
127.25655020488507,0.007858141670428627,0.41306697809168735,0.1392702142372827
127.25777527444045,0.007858066022633422,0.41309928476352914,0.1392802265674703
127.259000367583,0.007857990374838215,0.4131316481941351,0.13929025116101665
127.26022548431338,0.007857914727043008,0.4131640683839775,0.13930028801561564
127.26145062463225,0.007857839079247803,0.41319654533349615,0.13931033712894747
127.26267578854035,0.007857763431452596,0.41322907904316314,0.13932039849868055
127.26390097603831,0.00785768778365739,0.41326166951332177,0.139330472122471
127.26512618712682,0.007857612135862184,0.41329431674441197,0.1393405579979609
127.2663514218066,0.007857536488066977,0.413327020736702,0.1393506561227811
127.26757668007829,0.00785746084027177,0.41335978149049224,0.13936076649454945
127.26880196194257,0.007857385192476566,0.41339259900609376,0.13937088911087026
127.27002726740015,0.007857309544681359,0.4134254732837535,0.1393810239693368
127.2712525964517,0.007857233896886152,0.41345840432364295,0.13939117106752813
127.27247794909788,0.007857158249090947,0.4134913921259661,0.13940133040301164
127.2737033253394,0.00785708260129574,0.41352443669084094,0.1394115019733416
127.2749287251769,0.007857006953500535,0.41355753801843903,0.13942168577606
127.27615414861114,0.007856931305705328,0.41359069610877125,0.1394318818086962
127.27737959564276,0.007856855657910122,0.41362391096195555,0.13944209006876584
127.27860506627238,0.007856780010114917,0.413657182577949,0.1394523105537735
127.27983056050078,0.00785670436231971,0.41369051095680526,0.13946254326120971
127.2810560783286,0.007856628714524503,0.41372389609843846,0.13947278818855333
127.28228161975649,0.007856553066729298,0.41375733800275216,0.13948304533326933
127.2835071847852,0.007856477418934091,0.4137908366696926,0.13949331469281173
127.28473277341536,0.007856401771138884,0.4138243920990988,0.13950359626462033
127.28595838564763,0.00785632612334368,0.4138580042908207,0.13951389004612264
127.28718402148277,0.007856250475548473,0.41389167324461146,0.1395241960347341
127.28840968092142,0.007856174827753266,0.4139253989602565,0.13953451422785645
127.28963536396424,0.00785609917995806,0.41395918143751975,0.13954484462287906
127.29086107061195,0.007856023532162854,0.41399302067604715,0.13955518721717933
127.29208680086522,0.007855947884367647,0.4140269166755812,0.13956554200812105
127.2933125547247,0.007855872236572442,0.4140608694357035,0.13957590899305558
127.29453833219112,0.007855796588777235,0.4140948789560386,0.1395862881693216
127.29576413326514,0.007855720940982028,0.4141289452361464,0.13959667953424493
127.29698995794742,0.007855645293186823,0.4141630682756194,0.1396070830851388
127.2982158062387,0.007855569645391617,0.4141972480738995,0.13961749881930383
127.29944167813962,0.00785549399759641,0.4142314846305148,0.13962792673402766
127.30066757365084,0.007855418349801205,0.4142657779448858,0.13963836682658462
127.3018934927731,0.007855342702005998,0.4143001280164546,0.13964881909423782
127.30311943550706,0.007855267054210791,0.4143345348445775,0.13965928353423637
127.30434540185335,0.007855191406415586,0.41436899842862146,0.13966976014381674
127.30557139181273,0.00785511575862038,0.41440351876788906,0.139680248920203
127.30679740538586,0.007855040110825173,0.41443809586166147,0.13969074986060673
127.30802344257339,0.007854964463029968,0.414472729709252,0.13970126296222563
127.30924950337604,0.00785488881523476,0.4145074203098131,0.13971178822224595
127.31047558779449,0.007854813167439554,0.4145421676625507,0.13972232563784023
127.31170169582937,0.007854737519644349,0.41457697176661734,0.13973287520616876
127.31292782748143,0.007854661871849142,0.41461183262117607,0.13974343692437907
127.31415398275132,0.007854586224053935,0.41464675022529346,0.13975401078960512
127.31538016163971,0.00785451057625873,0.4146817245780039,0.13976459679896885
127.31660636414732,0.007854434928463523,0.4147167556783847,0.13977519494957916
127.3178325902748,0.007854359280668317,0.4147518435254058,0.13978580523853273
127.31905884002283,0.007854283632873112,0.4147869881180158,0.13979642766291248
127.32028511339213,0.007854207985077905,0.4148221894551739,0.13980706221978922
127.32151141038334,0.0078541323372827,0.41485744753576437,0.1398177089062202
127.32273773099718,0.007854056689487493,0.41489276235866057,0.1398283677192508
127.32396407523431,0.007853981041692286,0.41492813392267164,0.13983903865591352
127.3251904430954,0.007853905393897081,0.41496356222663877,0.13984972171322715
127.32641683458117,0.007853829746101874,0.41499904726929593,0.1398604168881981
127.32764324969227,0.007853754098306668,0.41503458904936635,0.1398711241778207
127.32886968842938,0.007853678450511463,0.4150701875655947,0.13988184357907502
127.33009615079322,0.007853602802716256,0.41510584281663987,0.1398925750889301
127.33132263678446,0.007853527154921049,0.4151415548011286,0.1399033187043405
127.33254914640374,0.007853451507125844,0.4151773235176659,0.13991407442224854
127.3337756796518,0.007853375859330637,0.4152131489648357,0.13992484223958418
127.33500223652929,0.00785330021153543,0.41524903114116807,0.13993562215326413
127.33622881703688,0.007853224563740225,0.4152849700451609,0.13994641416019174
127.3374554211753,0.007853148915945019,0.41532096567529064,0.13995721825725888
127.33868204894522,0.007853073268149812,0.4153570180300123,0.1399680344413433
127.33990870034727,0.007852997620354607,0.415393127107738,0.13997886270931012
127.34113537538221,0.0078529219725594,0.4154292929068369,0.13998970305801217
127.34236207405067,0.007852846324764193,0.4154655154256352,0.14000055548428944
127.34358879635333,0.007852770676968988,0.41550179466246995,0.14001141998496766
127.34481554229092,0.007852695029173781,0.41553813061557077,0.140022296556862
127.3460423118641,0.007852619381378574,0.4155745232832318,0.1400331851967727
127.34726910507351,0.00785254373358337,0.4156109726636398,0.1400440859014879
127.3484959219199,0.007852468085788163,0.41564747875500296,0.14005499866778373
127.3497227624039,0.007852392437992958,0.4156840415554115,0.14006592349242164
127.35094962652624,0.00785231679019775,0.41572066106303074,0.14007686037215222
127.35217651428759,0.007852241142402544,0.41575733727589725,0.14008780930371154
127.35340342568858,0.007852165494607339,0.4157940701920798,0.1400987702838234
127.35463036072998,0.007852089846812132,0.4158308598095935,0.14010974330919929
127.35585731941242,0.007852014199016925,0.4158677061264105,0.14012072837653686
127.35708430173658,0.00785193855122172,0.41590460914044936,0.1401317254825211
127.35831130770318,0.007851862903426514,0.415941568849693,0.14014273462382487
127.35953833731287,0.007851787255631307,0.4159785852519741,0.14015375579710737
127.36076539056631,0.007851711607836102,0.4160156583451255,0.14016478899901463
127.36199246746426,0.007851635960040895,0.41605278812699054,0.14017583422618118
127.36321956800737,0.007851560312245688,0.41608997459532676,0.1401868914752269
127.36444669219627,0.007851484664450483,0.4161272177479134,0.14019796074276003
127.3656738400317,0.007851409016655276,0.41616451758241135,0.1402090420253752
127.36690101151436,0.00785133336886007,0.416201874096589,0.14022013531965508
127.36812820664485,0.007851257721064864,0.41623928728797865,0.14023124062216769
127.36935542542396,0.007851182073269658,0.41627675715430573,0.14024235792947026
127.3705826678523,0.00785110642547445,0.4163142836930811,0.14025348723810577
127.37180993393056,0.007851030777679246,0.416351866901837,0.14026462854460398
127.37303722365948,0.007850955129884039,0.4163895067781701,0.1402757818454832
127.37426453703968,0.007850879482088832,0.41642720331946254,0.1402869471372474
127.37549187407184,0.007850803834293627,0.4164649565232251,0.14029812441638811
127.3767192347567,0.00785072818649842,0.4165027663868507,0.14030931367938468
127.37794661909493,0.007850652538703214,0.41654063290771054,0.14032051492270245
127.37917402708715,0.007850576890908009,0.41657855608316535,0.140331728142794
127.38040145873413,0.007850501243112802,0.41661653591052206,0.14034295333609959
127.38162891403651,0.007850425595317595,0.41665457238704484,0.14035419049904632
127.38285639299494,0.00785034994752239,0.4166926655100084,0.14036543962804776
127.38408389561019,0.007850274299727183,0.4167308152766124,0.14037670071950534
127.38531142188289,0.007850198651931976,0.4167690216840029,0.1403879737698074
127.38653897181369,0.007850123004136771,0.4168072847293797,0.14039925877532855
127.38776654540335,0.007850047356341565,0.41684560440979224,0.14041055573243155
127.38899414265252,0.007849971708546358,0.416883980722365,0.14042186463746595
127.39022176356185,0.007849896060751153,0.41692241366411537,0.14043318548676728
127.3914494081321,0.007849820412955946,0.4169609032320821,0.14044451827666005
127.3926770763639,0.007849744765160739,0.4169994494231752,0.14045586300345436
127.39390476825791,0.007849669117365534,0.41703805223439044,0.14046721966344727
127.39513248381489,0.007849593469570327,0.41707671166265936,0.14047858825292406
127.39636022303544,0.007849517821775122,0.41711542770478466,0.14048996876815606
127.39758798592032,0.007849442173979915,0.4171542003576441,0.1405013612054021
127.39881577247019,0.007849366526184709,0.4171930296180512,0.14051276556090814
127.4000435826857,0.007849290878389504,0.41723191548274424,0.14052418183090618
127.40127141656757,0.007849215230594297,0.417270857948483,0.14053561001161685
127.40249927411648,0.00784913958279909,0.41730985701197376,0.14054705009924723
127.40372715533309,0.007849063935003885,0.41734891266990104,0.14055850208998993
127.40495506021811,0.007848988287208678,0.41738802491887456,0.14056996598002724
127.40618298877223,0.007848912639413471,0.4174271937554824,0.14058144176552623
127.4074109409961,0.007848836991618266,0.4174664191763019,0.1405929294426423
127.40863891689044,0.00784876134382306,0.4175057011779106,0.1406044290075176
127.40986691645593,0.007848685696027853,0.417545039756757,0.14061594045628095
127.41109493969321,0.007848610048232648,0.41758443490932207,0.14062746378504853
127.41232298660303,0.007848534400437441,0.41762388663203287,0.14063899898992344
127.41355105718604,0.007848458752642234,0.41766339492128457,0.14065054606699628
127.41477915144291,0.007848383104847029,0.41770295977345057,0.14066210501234327
127.41600726937436,0.007848307457051822,0.4177425811848723,0.14067367582202955
127.41723541098106,0.007848231809256615,0.4177822591518052,0.14068525849210575
127.41846357626366,0.00784815616146141,0.4178219936705264,0.14069685301861024
127.41969176522292,0.007848080513666204,0.4178617847372699,0.14070845939756865
127.42091997785947,0.007848004865870997,0.4179016323482054,0.14072007762499283
127.42214821417397,0.007847929218075792,0.41794153649953475,0.14073170769688198
127.42337647416718,0.007847853570280585,0.4179814971873203,0.14074334960922277
127.42460475783972,0.00784777792248538,0.41802151440767826,0.14075500335798846
127.42583306519231,0.007847702274690173,0.41806158815666017,0.14076666893913953
127.42706139622564,0.007847626626894966,0.418101718430307,0.14077834634862307
127.42828975094035,0.007847550979099761,0.4181419052245846,0.14079003558237316
127.42951812933718,0.007847475331304555,0.4181821485354374,0.14080173663631224
127.43074653141679,0.007847399683509348,0.41822244835875605,0.1408134495063478
127.43197495717983,0.007847324035714143,0.4182628046904635,0.140825174188375
127.43320340662706,0.007847248387918936,0.41830321752641836,0.14083691067827728
127.43443187975912,0.00784717274012373,0.418343686862404,0.14084865897192328
127.43566037657666,0.007847097092328524,0.41838421269416093,0.1408604190651696
127.43688889708044,0.007847021444533317,0.4184247950174941,0.14087219095385967
127.4381174412711,0.00784694579673811,0.41846543382811185,0.1408839746338244
127.43934600914932,0.007846870148942905,0.4185061291216474,0.14089577010088014
127.44057460071582,0.007846794501147699,0.41854688089375547,0.14090757735083254
127.44180321597128,0.007846718853352492,0.4185876891400371,0.14091939637947268
127.44303185491631,0.007846643205557287,0.41862855385608255,0.14093122718257836
127.44426051755171,0.00784656755776208,0.41866947503738566,0.14094306975591583
127.4454892038781,0.007846491909966873,0.41871045267948304,0.14095492409523724
127.44671791389615,0.007846416262171668,0.418751486777847,0.1409667901962816
127.4479466476066,0.007846340614376461,0.41879257732784264,0.14097866805477643
127.4491754050101,0.007846264966581255,0.4188337243249314,0.1409905576664343
127.4504041861073,0.00784618931878605,0.41887492776448904,0.14100245902695618
127.45163299089899,0.007846113670990843,0.41891618764177335,0.14101437213202905
127.45286181938576,0.007846038023195636,0.41895750395210635,0.14102629697732744
127.45409067156831,0.007845962375400431,0.41899887669074576,0.1410382335585132
127.45531954744737,0.007845886727605224,0.4190403058528957,0.1410501818712347
127.4565484470236,0.007845811079810017,0.41908179143377094,0.14106214191112706
127.45777737029765,0.007845735432014812,0.4191233334285326,0.14107411367381298
127.45900631727027,0.007845659784219606,0.41916493183222386,0.1410860971549016
127.46023528794211,0.007845584136424399,0.41920658664001653,0.1410980923499897
127.46146428231384,0.007845508488629194,0.4192482978468895,0.1411100992546603
127.46269330038619,0.007845432840833987,0.4192900654479072,0.14112211786448442
127.46392234215982,0.00784535719303878,0.41933188943798416,0.1411341481750192
127.46515140763539,0.007845281545243575,0.4193737698121098,0.1411461901818087
127.46638049681364,0.007845205897448368,0.419415706565177,0.14115824388038484
127.46760960969522,0.007845130249653161,0.41945769969203583,0.14117030926626598
127.46883874628081,0.007845054601857956,0.4194997491875577,0.14118238633495686
127.47006790657112,0.00784497895406275,0.41954185504650693,0.1411944750819507
127.47129709056681,0.007844903306267545,0.41958401726367966,0.14120657550272658
127.4725262982686,0.007844827658472338,0.4196262358337866,0.14121868759275058
127.47375552967716,0.007844752010677131,0.41966851075151673,0.14123081134747645
127.47498478479315,0.007844676362881926,0.4197108420115591,0.1412429467623442
127.4762140636173,0.00784460071508672,0.41975322960850636,0.14125509383278223
127.47744336615028,0.007844525067291512,0.4197956735369723,0.14126725255420358
127.47867269239273,0.007844449419496307,0.41983817379145294,0.14127942292200993
127.47990204234543,0.0078443737717011,0.41988073036655155,0.14129160493159018
127.48113141600899,0.007844298123905894,0.41992334325669967,0.14130379857831937
127.48236081338409,0.007844222476110689,0.41996601245636106,0.1413160038575594
127.48359023447148,0.007844146828315482,0.4200087379599029,0.14132822076466045
127.48481967927181,0.007844071180520275,0.42005151976176747,0.14134044929495834
127.48604914778574,0.00784399553272507,0.42009435785624694,0.141352689443776
127.487278640014,0.007843919884929863,0.4201372522376977,0.1413649412064248
127.48850815595726,0.007843844237134657,0.4201802029003154,0.14137720457820105
127.48973769561618,0.007843768589339451,0.42022320983839195,0.14138947955438902
127.4909672589915,0.007843692941544245,0.42026627304612296,0.14140176613026148
127.49219684608387,0.007843617293749038,0.42030939251766114,0.14141406430107525
127.49342645689396,0.007843541645953833,0.4203525682471053,0.14142637406207573
127.49465609142251,0.007843465998158626,0.4203958002286082,0.1414386954084963
127.49588574967017,0.00784339035036342,0.42043908845616135,0.14145102833555495
127.49711543163761,0.007843314702568214,0.4204824329238424,0.1414633728384589
127.49834513732556,0.007843239054773007,0.42052583362557855,0.1414757289124009
127.49957486673466,0.007843163406977802,0.42056929055538306,0.14148809655256153
127.50080461986565,0.007843087759182596,0.42061280370714016,0.14150047575410823
127.50203439671918,0.007843012111387389,0.42065637307470216,0.14151286651219522
127.50326419729592,0.007842936463592184,0.42069999865195346,0.14152526882196337
127.50449402159661,0.007842860815796977,0.4207436804326603,0.14153768267854158
127.50572386962192,0.00784278516800177,0.42078741841062134,0.14155010807704502
127.50695374137247,0.007842709520206565,0.4208312125795814,0.14156254501257565
127.50818363684904,0.007842633872411358,0.42087506293319965,0.14157499348022304
127.50941355605228,0.007842558224616152,0.42091896946516727,0.14158745347506357
127.51064349898284,0.007842482576820946,0.4209629321691326,0.14159992499216048
127.51187346564147,0.00784240692902574,0.4210069510386582,0.1416124080265643
127.51310345602882,0.007842331281230533,0.4210510260672744,0.1416249025733123
127.51433347014556,0.007842255633435328,0.4210951572485544,0.14163740862742846
127.51556350799243,0.007842179985640121,0.4211393445759534,0.1416499261839248
127.51679356957008,0.007842104337844914,0.42118358804293743,0.14166245523779936
127.51802365487917,0.00784202869004971,0.42122788764286506,0.14167499578403708
127.51925376392046,0.007841953042254502,0.42127224336920227,0.14168754781761136
127.5204838966946,0.007841877394459296,0.4213166552152004,0.14170011133348095
127.52171405320223,0.00784180174666409,0.42136112317425034,0.14171268632659206
127.52294423344412,0.007841726098868884,0.4214056472395176,0.14172527279187894
127.52417443742091,0.007841650451073677,0.42145022740433935,0.14173787072426172
127.52540466513328,0.007841574803278472,0.4214948636618168,0.14175048011864733
127.52663491658194,0.007841499155483265,0.42153955600519055,0.141763100969931
127.52786519176759,0.007841423507688058,0.4215843044275188,0.14177573327299423
127.52909549069085,0.007841347859892853,0.42162910892192423,0.14178837702270483
127.53032581335248,0.007841272212097647,0.42167396948145436,0.14180103221391924
127.53155615975314,0.00784119656430244,0.42171888609911373,0.14181369884147957
127.5327865298935,0.007841120916507235,0.42176385876791767,0.14182637690021543
127.53401692377427,0.007841045268712028,0.4218088874807313,0.14183906638494376
127.53524734139616,0.007840969620916821,0.42185397223054855,0.14185176729046828
127.53647778275977,0.007840893973121616,0.42189911301017,0.14186447961157927
127.5377082478659,0.00784081832532641,0.42194430981249315,0.14187720334305484
127.53893873671515,0.007840742677531203,0.4219895626302221,0.14188993847965958
127.54016924930824,0.007840667029735997,0.4220348714562433,0.1419026850161453
127.54139978564586,0.00784059138194079,0.42208023628320746,0.14191544294725092
127.54263034572868,0.007840515734145586,0.42212565710376504,0.14192821226770197
127.54386092955744,0.007840440086350379,0.42217113391065236,0.14194099297221222
127.54509153713278,0.007840364438555172,0.4222166666964342,0.14195378505548079
127.54632216845535,0.007840288790759967,0.42226225545369667,0.14196658851219515
127.54755282352593,0.00784021314296476,0.4223079001750152,0.14197940333702908
127.54878350234516,0.007840137495169553,0.4223536008528472,0.14199222952464408
127.5500142049137,0.007840061847374348,0.4223993574796822,0.14200506706968757
127.55124493123228,0.007839986199579142,0.42244517004795634,0.14201791596679533
127.55247568130159,0.007839910551783935,0.4224910385501054,0.14203077621058946
127.55370645512225,0.00783983490398873,0.42253696297841514,0.14204364779567888
127.55493725269504,0.007839759256193523,0.42258294332524643,0.1420565307166609
127.5561680740206,0.007839683608398316,0.42262897958290646,0.14206942496811792
127.55739891909961,0.007839607960603111,0.4226750717436059,0.14208233054462063
127.55862978793279,0.007839532312807904,0.42272121979960897,0.14209524744072694
127.55986068052081,0.007839456665012698,0.42276742374305126,0.14210817565098108
127.56109159686433,0.007839381017217492,0.4228136835660576,0.1421211151699143
127.56232253696409,0.007839305369422286,0.4228599992608063,0.14213406599204634
127.56355350082075,0.007839229721627079,0.42290637081928284,0.14214702811188235
127.56478448843497,0.007839154073831874,0.4229527982335583,0.14216000152391484
127.56601549980749,0.007839078426036667,0.4229992814956395,0.14217298622262442
127.56724653493899,0.00783900277824146,0.42304582059744733,0.14218598220247788
127.5684775938301,0.007838927130446255,0.4230924155309457,0.1421989894579287
127.56970867648158,0.007838851482651048,0.4231390662879697,0.14221200798341865
127.5709397828941,0.007838775834855842,0.42318577286041886,0.1422250377733761
127.5721709130683,0.007838700187060637,0.4232325352400746,0.14223807882221537
127.57340206700493,0.00783862453926543,0.4232793534187077,0.14225113112433987
127.57463324470463,0.007838548891470225,0.423326227388046,0.14226419467413862
127.57586444616814,0.007838473243675018,0.42337315713981727,0.14227726946598848
127.57709567139612,0.007838397595879811,0.423420142665685,0.14229035549425284
127.57832692038922,0.007838321948084606,0.42346718395725896,0.14230345275328207
127.5795581931482,0.0078382463002894,0.4235142810061061,0.1423165612374147
127.5807894896737,0.007838170652494193,0.42356143380381467,0.1423296809409754
127.58202080996641,0.007838095004698988,0.42360864234190876,0.1423428118582759
127.58325215402705,0.00783801935690378,0.4236559066118264,0.142355953983616
127.58448352185628,0.007837943709108574,0.4237032266050487,0.14236910731128127
127.58571491345478,0.007837868061313369,0.42375060231293865,0.1423822718355451
127.58694632882327,0.007837792413518162,0.4237980337269023,0.14239544755066882
127.58817776796243,0.007837716765722955,0.4238455208382489,0.14240863445089905
127.58940923087292,0.00783764111792775,0.4238930636382772,0.14242183253047075
127.59064071755546,0.007837565470132543,0.42394066211825365,0.14243504178360594
127.59187222801073,0.007837489822337337,0.4239883162694018,0.14244826220451334
127.5931037622394,0.007837414174542132,0.42403602608283797,0.14246149378738882
127.59433532024218,0.007837338526746925,0.4240837915497963,0.14247473652641593
127.59556690201977,0.007837262878951718,0.424131612661361,0.14248799041576476
127.5967985075728,0.007837187231156513,0.4241794894085625,0.14250125544959288
127.59803013690204,0.007837111583361306,0.424227421782474,0.14251453162204455
127.59926179000813,0.0078370359355661,0.4242754097740832,0.1425278189272523
127.60049346689173,0.007836960287770894,0.4243234533743346,0.14254111735933364
127.60172516755361,0.007836884639975688,0.42437155257418346,0.14255442691239575
127.60295689199441,0.00783680899218048,0.424419707364478,0.14256774758053145
127.60418864021479,0.007836733344385276,0.42446791773605536,0.14258107935782025
127.6054204122155,0.007836657696590069,0.42451618367978505,0.1425944222383307
127.60665220799719,0.007836582048794862,0.4245645051864079,0.14260777621611684
127.60788402756053,0.007836506400999657,0.4246128822466431,0.14262114128522013
127.60911587090627,0.00783643075320445,0.42466131485119935,0.1426345174396701
127.61034773803506,0.007836355105409244,0.42470980299075284,0.14264790467348243
127.61157962894758,0.007836279457614038,0.4247583466559264,0.14266130298066007
127.61281154364455,0.007836203809818832,0.4248069458372998,0.14267471235519433
127.61404348212665,0.007836128162023625,0.42485560052539917,0.14268813279106207
127.61527544439451,0.00783605251422842,0.4249043107107722,0.14270156428222777
127.61650743044892,0.007835976866433213,0.42495307638384844,0.14271500682264426
127.61773944029049,0.007835901218638008,0.4250018975351326,0.14272846040624956
127.61897147391996,0.007835825570842801,0.4250507741549578,0.14274192502697108
127.62020353133799,0.007835749923047594,0.425099706233732,0.14275540067872153
127.62143561254526,0.00783567427525239,0.4251486937617454,0.14276888735540152
127.62266771754248,0.007835598627457183,0.42519773672930966,0.1427823850508998
127.62389984633036,0.007835522979661976,0.4252468351266504,0.14279589375909038
127.62513199890952,0.00783544733186677,0.42529598894399345,0.14280941347383605
127.62636417528071,0.007835371684071564,0.4253451981715431,0.14282294418898636
127.62759637544463,0.007835296036276357,0.42539446279936405,0.14283648589837747
127.62882859940188,0.007835220388481152,0.4254437828176178,0.1428500385958338
127.63006084715326,0.007835144740685945,0.4254931582163369,0.14286360227516642
127.63129311869939,0.007835069092890739,0.42554258898556463,0.14287717693017307
127.63252541404096,0.007834993445095534,0.42559207511528013,0.1428907625546399
127.6337577331787,0.007834917797300327,0.4256416165954193,0.14290435914233962
127.63499007611328,0.00783484214950512,0.42569121341589683,0.14291796668703186
127.63622244284535,0.007834766501709915,0.42574086556658436,0.14293158518246404
127.63745483337567,0.007834690853914708,0.42579057303733214,0.14294521462237048
127.6386872477049,0.007834615206119501,0.4258403358179582,0.14295885500047348
127.63991968583368,0.007834539558324296,0.425890153898184,0.14297250631048128
127.64115214776277,0.00783446391052909,0.42594002726769886,0.14298616854609048
127.64238463349284,0.007834388262733883,0.42598995591627786,0.14299984170098431
127.64361714302454,0.007834312614938678,0.42603993983348154,0.14301352576883314
127.64484967635862,0.00783423696714347,0.4260899790090206,0.14302722074329588
127.64608223349575,0.007834161319348264,0.42614007343234844,0.14304092661801743
127.64731481443657,0.007834085671553059,0.4261902230930791,0.14305464338662927
127.64854741918184,0.007834010023757852,0.4262404279806873,0.14306837104275244
127.64978004773218,0.007833934375962647,0.42629068808460485,0.14308210957999287
127.65101270008836,0.00783385872816744,0.426341003394285,0.14309585899194627
127.65224537625103,0.007833783080372234,0.4263913738991166,0.1431096192721929
127.65347807622085,0.007833707432577029,0.42644179958839196,0.14312339041430217
127.65471079999855,0.007833631784781822,0.4264922804514678,0.14313717241183044
127.65594354758483,0.007833556136986615,0.42654281647761494,0.14315096525832102
127.65717631898032,0.00783348048919141,0.4265934076560506,0.14316476894730412
127.65840911418577,0.007833404841396203,0.4266440539759168,0.1431785834722986
127.65964193320185,0.007833329193600996,0.4266947554264523,0.14319240882680948
127.66087477602922,0.007833253545805791,0.42674551199670263,0.14320624500432932
127.66210764266863,0.007833177898010584,0.42679632367580983,0.14322009199833852
127.66334053312073,0.007833102250215378,0.4268471904527766,0.14323394980230394
127.66457344738619,0.007833026602420173,0.4268981123165947,0.14324781840967993
127.66580638546574,0.007832950954624966,0.4269490892562347,0.14326169781390952
127.66703934736007,0.007832875306829759,0.4270001212606777,0.14327558800842113
127.66827233306984,0.007832799659034554,0.42705120831874394,0.14328948898663157
127.66950534259577,0.007832724011239347,0.4271023504192965,0.143303400741945
127.67073837593854,0.00783264836344414,0.4271535475511557,0.14331732326775257
127.6719714330988,0.007832572715648935,0.4272047997031203,0.14333125655743265
127.67320451407731,0.007832497067853729,0.42725610686390314,0.14334520060435185
127.67443761887473,0.007832421420058522,0.4273074690221851,0.1433591554018632
127.67567074749172,0.007832345772263317,0.42735888616666823,0.14337312094330731
127.67690389992902,0.00783227012446811,0.42741035828592605,0.14338709722201268
127.6781370761873,0.007832194476672903,0.427461885368575,0.14340108423129433
127.67937027626722,0.007832118828877698,0.42751346740315627,0.14341508196445527
127.68060350016952,0.007832043181082491,0.42756510437814677,0.143429090414786
127.68183674789488,0.007831967533287285,0.42761679628205557,0.1434431095755636
127.68307001944395,0.00783189188549208,0.4276685431032952,0.1434571394400537
127.68430331481746,0.007831816237696873,0.4277203448302567,0.14347118000150788
127.6855366340161,0.007831740589901666,0.4277722014512883,0.1434852312531668
127.68676997704051,0.007831664942106461,0.42782411295471656,0.14349929318825702
127.68800334389147,0.007831589294311254,0.42787607932880384,0.1435133657999936
127.6892367345696,0.007831513646516047,0.4279281005618232,0.14352744908157838
127.6904701490756,0.007831437998720842,0.4279801766419296,0.1435415430262002
127.69170358741019,0.007831362350925635,0.4280323075573532,0.14355564762703701
127.692937049574,0.00783128670313043,0.42808449329610954,0.14356976287725207
127.6941705355678,0.007831211055335224,0.42813673384637513,0.14358388876999814
127.69540404539225,0.007831135407540017,0.42818902919616547,0.14359802529841348
127.696637579048,0.007831059759744812,0.4282413793334746,0.14361217245562496
127.69787113653581,0.007830984111949605,0.42829378424629666,0.14362633023474683
127.69910471785633,0.007830908464154398,0.4283462439225613,0.1436404986288805
127.70033832301023,0.007830832816359193,0.4283987583501661,0.14365467763111453
127.70157195199825,0.007830757168563986,0.428451327516912,0.14366886723452604
127.70280560482107,0.00783068152076878,0.42850395141070724,0.14368306743217837
127.70403928147931,0.007830605872973575,0.4285566300192562,0.14369727821712272
127.70527298197378,0.007830530225178368,0.4286093633303384,0.14371149958239865
127.70650670630509,0.007830454577383161,0.4286621513316582,0.14372573152103207
127.70774045447392,0.007830378929587956,0.4287149940108234,0.14373997402603647
127.70897422648103,0.007830303281792749,0.4287678913554956,0.14375422709041374
127.71020802232707,0.007830227633997542,0.4288208433532825,0.14376849070715245
127.71144184201269,0.007830151986202337,0.4288738499916955,0.14378276486922817
127.71267568553867,0.00783007633840713,0.428926911258235,0.14379704956960615
127.71390955290565,0.007830000690611924,0.4289800271404016,0.14381134480123675
127.7151434441143,0.007829925042816719,0.4290331976256208,0.1438256505570584
127.71637735916536,0.007829849395021512,0.4290864227012858,0.1438399668299985
127.7176112980595,0.007829773747226305,0.42913970235472537,0.1438542936129709
127.71884526079738,0.0078296980994311,0.42919303657327923,0.14386863089887575
127.72007924737974,0.007829622451635893,0.4292464253442118,0.14388297868060357
127.72131325780727,0.007829546803840686,0.42929986865476627,0.14389733695103
127.7225472920806,0.007829471156045481,0.42935336649215333,0.14391170570301917
127.7237813502005,0.007829395508250275,0.4294069188434981,0.14392608492942313
127.7250154321676,0.00782931986045507,0.42946052569594695,0.14394047462308035
127.72624953798264,0.007829244212659863,0.42951418703659283,0.14395487477681843
127.72748366764628,0.007829168564864656,0.4295679028524534,0.14396928538345105
127.7287178211592,0.007829092917069451,0.4296216731305678,0.1439837064357806
127.72995199852213,0.007829017269274244,0.42967549785785736,0.14399813792659635
127.73118619973575,0.007828941621479037,0.429729377021286,0.1440125798486753
127.73242042480071,0.007828865973683832,0.4297833106077213,0.1440270321947821
127.73365467371775,0.007828790325888626,0.42983729860403075,0.14404149495766919
127.73488894648757,0.007828714678093419,0.42989134099701753,0.14405596813007712
127.7361232431108,0.007828639030298214,0.42994543777346333,0.14407045170473168
127.73735756358819,0.007828563382503007,0.4299995889200962,0.14408494567434987
127.73859190792041,0.0078284877347078,0.430053794423569,0.14409945003163357
127.73982627610813,0.007828412086912595,0.4301080542706313,0.14411396476927313
127.74106066815209,0.007828336439117388,0.430162368447818,0.14412848987994645
127.74229508405296,0.007828260791322181,0.4302167369417284,0.14414302535631998
127.74352952381139,0.007828185143526976,0.4302711597389403,0.144157571191046
127.74476398742814,0.00782810949573177,0.4303256368258921,0.1441721273767663
127.74599847490387,0.007828033847936563,0.43038016818907576,0.14418669390610914
127.74723298623924,0.007827958200141358,0.43043475381494034,0.1442012707716906
127.748467521435,0.007827882552346151,0.43048939368980627,0.1442158579661153
127.74970208049182,0.007827806904550944,0.43054408780010106,0.1442304554819748
127.75093666341036,0.00782773125675574,0.4305988361320378,0.14424506331184772
127.75217127019137,0.007827655608960532,0.43065363867197975,0.14425968144830192
127.7534059008355,0.007827579961165326,0.4307084954060756,0.14427430988389223
127.75464055534343,0.00782750431337012,0.4307634063205383,0.14428894861115982
127.7558752337159,0.007827428665574914,0.4308183714015595,0.14430359762263634
127.75710993595358,0.007827353017779707,0.4308733906351591,0.14431825691083897
127.75834466205713,0.007827277369984502,0.4309284640074965,0.14433292646827275
127.75957941202729,0.007827201722189295,0.43098359150458093,0.14434760628743237
127.76081418586473,0.007827126074394088,0.4310387731123786,0.14436229636079803
127.76204898357012,0.007827050426598883,0.43109400881686655,0.144376996680838
127.76328380514421,0.007826974778803676,0.4311492986039466,0.14439170724001005
127.76451865058766,0.00782689913100847,0.4312046424595207,0.1444064280307578
127.76575351990112,0.007826823483213265,0.43126004036938353,0.14442115904551328
127.76698841308537,0.007826747835418058,0.4313154923193832,0.14443590027669664
127.76822333014101,0.007826672187622853,0.43137099829525,0.14445065171671492
127.76945827106881,0.007826596539827646,0.4314265582827035,0.1444654133579644
127.77069323586943,0.00782652089203244,0.43148217226744157,0.14448018519282751
127.77192822454354,0.007826445244237234,0.43153784023509806,0.14449496721367538
127.77316323709186,0.007826369596442027,0.4315935621712422,0.14450975941286712
127.7743982735151,0.00782629394864682,0.4316493380614754,0.14452456178274894
127.77563333381389,0.007826218300851616,0.43170516789132407,0.1445393743156553
127.776868417989,0.007826142653056409,0.43176105164623957,0.14455419700390842
127.77810352604106,0.007826067005261202,0.4318169893117374,0.1445690298398186
127.77933865797077,0.007825991357465997,0.43187298087311876,0.1445838728156831
127.78057381377886,0.00782591570967079,0.4319290263158241,0.14459872592378828
127.78180899346602,0.007825840061875583,0.4319851256251867,0.14461358915640757
127.78304419703286,0.007825764414080378,0.43204127878646476,0.144628462505802
127.78427942448019,0.007825688766285172,0.4320974857848949,0.1446433459642215
127.78551467580864,0.007825613118489965,0.43215374660574596,0.14465823952390253
127.78674995101888,0.00782553747069476,0.4322100612341259,0.14467314317707025
127.78798525011166,0.007825461822899553,0.4322664296551857,0.1446880569159382
127.78922057308765,0.007825386175104346,0.4323228518540332,0.14470298073270665
127.7904559199475,0.007825310527309141,0.4323793278157334,0.14471791461956388
127.79169129069199,0.007825234879513934,0.43243585752524405,0.14473285856868714
127.79292668532175,0.007825159231718727,0.4324924409675658,0.14474781257224115
127.79416210383745,0.007825083583923522,0.43254907812767784,0.14476277662237708
127.79539754623987,0.007825007936128316,0.43260576899043063,0.14477775071123677
127.79663301252963,0.007824932288333109,0.4326625135406639,0.14479273483094765
127.79786850270743,0.007824856640537904,0.4327193117632387,0.14480772897362576
127.799104016774,0.007824780992742697,0.432776163642909,0.14482273313137606
127.80033955472997,0.007824705344947492,0.4328330691644394,0.14483774729628973
127.80157511657612,0.007824629697152285,0.43289002831245504,0.14485277146044756
127.80281070231308,0.007824554049357078,0.43294704107173126,0.14486780561591764
127.80404631194155,0.007824478401561873,0.4330041074267644,0.1448828497547549
127.80528194546224,0.007824402753766667,0.4330612273622224,0.1448979038690046
127.80651760287584,0.00782432710597146,0.4331184008625911,0.14491296795069805
127.80775328418302,0.007824251458176255,0.4331756279124205,0.1449280419918552
127.80898898938452,0.007824175810381048,0.4332329084961532,0.14494312598448442
127.810224718481,0.007824100162585841,0.4332902425981784,0.14495821992058147
127.81146047147311,0.007824024514790636,0.4333476302029495,0.14497332379213015
127.81269624836163,0.00782394886699543,0.4334050712947161,0.1449884375911028
127.81393204914723,0.007823873219200222,0.43346256585788884,0.14500356130945952
127.81516787383055,0.007823797571405017,0.4335201138766421,0.1450186949391479
127.81640372241233,0.00782372192360981,0.43357771533525774,0.1450338384721047
127.81763959489327,0.007823646275814604,0.4336353702178888,0.1450489919002539
127.81887549127401,0.007823570628019399,0.43369307850868827,0.14506415521550775
127.82011141155532,0.007823494980224192,0.43375084019178783,0.14507932840976648
127.82134735573784,0.007823419332428985,0.4338086552512224,0.14509451147491875
127.82258332382226,0.00782334368463378,0.4338665236710271,0.14510970440284077
127.8238193158093,0.007823268036838573,0.43392444543517256,0.14512490718539733
127.82505533169966,0.007823192389043367,0.43398242052766156,0.14514011981444136
127.82629137149398,0.007823116741248162,0.4340404489323467,0.1451553422818132
127.82752743519302,0.007823041093452955,0.43409853063311293,0.1451705745793419
127.82876352279744,0.007822965445657748,0.43415666561381283,0.14518581669884514
127.82999963430792,0.007822889797862543,0.43421485385820235,0.14520106863212678
127.83123576972518,0.007822814150067336,0.4342730953500377,0.14521633037098133
127.83247192904992,0.00782273850227213,0.43433139007308563,0.14523160190718987
127.83370811228278,0.007822662854476924,0.43438973801091973,0.14524688323252144
127.83494431942452,0.007822587206681718,0.4344481391472318,0.14526217433873528
127.83618055047582,0.00782251155888651,0.4345065934655955,0.145277475217576
127.83741680543731,0.007822435911091306,0.43456510094959516,0.1452927858607782
127.83865308430977,0.007822360263296099,0.43462366158268645,0.14530810626006443
127.83988938709385,0.007822284615500892,0.4346822753484109,0.14532343640714487
127.84112571379022,0.007822208967705687,0.43474094223012755,0.14533877629371814
127.84236206439964,0.00782213331991048,0.4347996622112706,0.14535412591147168
127.84359843892274,0.007822057672115275,0.4348584352751992,0.14536948525208013
127.84483483736025,0.007821982024320068,0.43491726140518644,0.1453848543072073
127.84607125971287,0.007821906376524862,0.43497614058458084,0.1454002330685049
127.84730770598125,0.007821830728729657,0.43503507279652687,0.145415621527612
127.84854417616614,0.00782175508093445,0.4350940580242763,0.14543101967615776
127.84978067026822,0.007821679433139243,0.43515309625098436,0.14544642750575798
127.85101718828811,0.007821603785344038,0.43521218745972046,0.1454618450080169
127.85225373022662,0.007821528137548831,0.4352713316335969,0.1454772721745285
127.85349029608437,0.007821452489753624,0.43533052875565087,0.14549270899687342
127.85472688586206,0.00782137684195842,0.43538977880886603,0.1455081554666204
127.85596349956042,0.007821301194163213,0.4354490817762044,0.14552361157532884
127.85720013718012,0.007821225546368006,0.4355084376405745,0.14553907731454374
127.85843679872181,0.0078211498985728,0.4355678463848633,0.14555455267579956
127.85967348418627,0.007821074250777594,0.4356273079918827,0.14557003765061985
127.86091019357417,0.007820998602982387,0.43568682244446605,0.1455855322305148
127.86214692688614,0.007820922955187182,0.4357463897253502,0.14560103640698405
127.86338368412295,0.007820847307391975,0.43580600981723966,0.14561655017151612
127.86462046528527,0.007820771659596768,0.43586568270283915,0.14563207351558635
127.86585727037375,0.007820696011801563,0.4359254083647567,0.1456476064306594
127.86709409938918,0.007820620364006357,0.43598518678561093,0.1456631489081882
127.86833095233217,0.00782054471621115,0.436045017947935,0.14567870093961444
127.86956782920343,0.007820469068415945,0.4361049018342725,0.14569426251636697
127.87080473000368,0.007820393420620738,0.43616483842711334,0.1457098336298651
127.87204165473362,0.007820317772825531,0.4362248277088512,0.14572541427151456
127.8732786033939,0.007820242125030326,0.43628486966192226,0.14574100443270988
127.87451557598526,0.00782016647723512,0.4363449642686557,0.1457566041048352
127.87575257250833,0.007820090829439914,0.4364051115113806,0.14577221327926157
127.87698959296391,0.007820015181644708,0.43646531137240463,0.1457878319473502
127.87822663735261,0.0078199395338495,0.43652556383391733,0.14580346010044926
127.87946370567514,0.007819863886054296,0.4365858688781191,0.14581909772989526
127.8807007979322,0.007819788238259089,0.43664622648721024,0.14583474482701503
127.88193791412452,0.007819712590463882,0.43670663664331594,0.1458504013831222
127.88317505425272,0.007819636942668677,0.43676709932845426,0.14586606738951857
127.88441221831758,0.00781956129487347,0.43682761452468594,0.14588174283749644
127.88564940631973,0.007819485647078264,0.4368881822140612,0.14589742771833503
127.88688661825987,0.007819409999283058,0.43694880237845846,0.1459131220233019
127.88812385413874,0.007819334351487852,0.43700947499985277,0.1459288257436547
127.88936111395701,0.007819258703692645,0.43707020006010106,0.14594453887063819
127.89059839771534,0.00781918305589744,0.43713097754106045,0.14596026139548554
127.89183570541448,0.007819107408102233,0.4371918074244913,0.14597599330942004
127.8930730370551,0.007819031760307026,0.43725268969219705,0.14599173460365203
127.89431039263786,0.007818956112511821,0.4373136243258522,0.14600748526938037
127.89554777216354,0.007818880464716614,0.43737461130717437,0.14602324529779415
127.89678517563277,0.007818804816921408,0.4374356506177845,0.1460390146800699
127.89802260304624,0.007818729169126203,0.4374967422393035,0.14605479340737162
127.89926005440469,0.007818653521330996,0.4375578861532666,0.14607058147085464
127.90049752970879,0.007818577873535789,0.4376190823412196,0.14608637886166048
127.90173502895921,0.007818502225740584,0.43768033078456886,0.14610218557092022
127.9029725521567,0.007818426577945377,0.4377416314648388,0.14611800158975413
127.90421009930192,0.00781835093015017,0.4378029843633822,0.14613382690926974
127.90544767039555,0.007818275282354965,0.4378643894615732,0.1461496615205646
127.90668526543833,0.007818199634559759,0.43792584674073237,0.14616550541472498
127.90792288443093,0.007818123986764552,0.4379873561821159,0.1461813585828236
127.90916052737403,0.007818048338969347,0.4380489177670121,0.14619722101592503
127.91039819426835,0.00781797269117414,0.43811053147654844,0.14621309270507998
127.91163588511459,0.007817897043378933,0.4381721972919382,0.14622897364132956
127.9128735999134,0.007817821395583728,0.438233915194298,0.14624486381570234
127.91411133866553,0.007817745747788521,0.43829568516466944,0.14626076321921663
127.91534910137167,0.007817670099993314,0.43835750718411565,0.1462766718428789
127.91658688803246,0.00781759445219811,0.4384193812336352,0.1462925896776839
127.91782469864866,0.007817518804402903,0.43848130729418394,0.14630851671461678
127.91906253322092,0.007817443156607698,0.43854328534667464,0.14632445294464974
127.92030039174998,0.00781736750881249,0.4386053153719773,0.14634039835874435
127.9215382742365,0.007817291861017284,0.43866739735098315,0.14635635294785113
127.92277618068117,0.007817216213222079,0.43872953126440134,0.14637231670290912
127.92401411108472,0.007817140565426872,0.43879171709305886,0.1463882896148467
127.92525206544784,0.007817064917631665,0.4388539548176539,0.14640427167458028
127.92649004377117,0.00781698926983646,0.43891624441886323,0.14642026287301518
127.92772804605548,0.007816913622041254,0.4389785858772994,0.14643626320104683
127.92896607230144,0.007816837974246047,0.43904097917360685,0.14645227264955782
127.9302041225097,0.007816762326450842,0.43910342428829086,0.14646829120941976
127.93144219668103,0.007816686678655635,0.43916592120192094,0.1464843188714945
127.9326802948161,0.007816611030860428,0.43922846989491626,0.1465003556266316
127.93391841691555,0.007816535383065223,0.4392910703477499,0.14651640146566933
127.93515656298015,0.007816459735270016,0.4393537225408196,0.1465324563794362
127.93639473301059,0.00781638408747481,0.43941642645449114,0.14654852035874838
127.9376329270075,0.007816308439679604,0.43947918206903347,0.14656459339441016
127.93887114497166,0.007816232791884398,0.4395419893647801,0.14658067547721768
127.94010938690371,0.007816157144089191,0.4396048483219465,0.14659676659795315
127.94134765280434,0.007816081496293986,0.43966775892066234,0.14661286674738852
127.9425859426743,0.007816005848498779,0.4397307211411966,0.14662897591628563
127.94382425651425,0.007815930200703572,0.4397937349635716,0.14664509409539442
127.94506259432487,0.007815854552908367,0.4398568003679385,0.14666122127545345
127.94630095610688,0.00781577890511316,0.43991991733426594,0.14667735744719135
127.94753934186099,0.007815703257317954,0.4399830858425655,0.14669350260132483
127.94877775158785,0.007815627609522749,0.44004630587282734,0.14670965672855998
127.9500161852882,0.007815551961727542,0.440109577404945,0.146725819819592
127.95125464296271,0.007815476313932337,0.4401729004187476,0.14674199186510437
127.9524931246121,0.00781540066613713,0.4402362748941611,0.14675817285577114
127.95373163023706,0.007815325018341923,0.44029970081089653,0.14677436278225356
127.95497015983825,0.007815249370546718,0.4403631781487509,0.14679056163520315
127.95620871341643,0.007815173722751511,0.440426706887414,0.14680676940526
127.95744729097224,0.007815098074956305,0.44049028700657544,0.14682298608305366
127.95868589250638,0.0078150224271611,0.44055391848584996,0.14683921165920188
127.9599245180196,0.007814946779365893,0.44061760130486277,0.14685544612431284
127.96116316751255,0.007814871131570686,0.4406813354431213,0.146871689468983
127.96240184098592,0.00781479548377548,0.44074512088016504,0.14688794168379768
127.96364053844043,0.007814719835980274,0.4408089575954798,0.14690420275933197
127.9648792598768,0.007814644188185067,0.4408728455684764,0.14692047268614977
127.96611800529564,0.007814568540389862,0.4409367847785226,0.14693675145480348
127.96735677469773,0.007814492892594655,0.4410007752050293,0.14695303905583676
127.96859556808376,0.007814417244799449,0.4410648168272783,0.14696933547977997
127.96983438545436,0.007814341597004244,0.4411289096244982,0.14698564071715337
127.9710732268103,0.007814265949209037,0.4411930535759923,0.1470019547584676
127.97231209215226,0.00781419030141383,0.4412572486609032,0.14701827759422142
127.9735509814809,0.007814114653618625,0.4413214948584056,0.14703460921490222
127.97478989479696,0.007814039005823418,0.44138579214757767,0.14705094961098816
127.97602883210111,0.007813963358028211,0.4414501405075512,0.1470672987729458
127.97726779339403,0.007813887710233006,0.44151453991726486,0.14708365669123033
127.97850677867649,0.0078138120624378,0.44157899035577536,0.14710002335628747
127.97974578794911,0.007813736414642593,0.4416434918020106,0.14711639875855176
127.98098482121262,0.007813660766847388,0.4417080442348879,0.14713278288844567
127.9822238784677,0.007813585119052181,0.4417726476332815,0.14714917573638311
127.9834629597151,0.007813509471256974,0.44183730197596915,0.1471655772927664
127.98470206495541,0.007813433823461769,0.4419020072417929,0.14718198754798587
127.98594119418945,0.007813358175666562,0.4419667634094984,0.1471984064924236
127.98718034741785,0.007813282527871356,0.44203157045776675,0.14721483411644937
127.98841952464129,0.00781320688007615,0.44209642836526847,0.1472312704104217
127.98965872586051,0.007813131232280944,0.44216133711063105,0.14724771536469078
127.9908979510762,0.007813055584485737,0.44222629667249275,0.14726416896959404
127.99213720028902,0.007812979936690532,0.4422913070293094,0.1472806312154587
127.99337647349972,0.007812904288895325,0.44235636815964424,0.14729710209260263
127.99461577070895,0.00781282864110012,0.4424214800419316,0.14731358159133123
127.99585509191745,0.007812752993304913,0.4424866426546489,0.1473300697019408
127.9970944371259,0.007812677345509706,0.44255185597613383,0.14734656641471647
127.99833380633497,0.007812601697714501,0.4426171199847244,0.14736307171993204
127.9995731995454,0.007812526049919295,0.44268243465876905,0.14737958560785244
128.00081261675786,0.007812450402124088,0.44274779997650915,0.14739610806873074
128.00205205797306,0.007812374754328882,0.4428132159161538,0.14741263909280933
128.00329152319168,0.007812299106533676,0.4428786824559227,0.14742917867032143
128.00453101241442,0.00781222345873847,0.44294419957390707,0.14744572679148843
128.00577052564202,0.007812147810943263,0.4430097672482838,0.1474622834465213
128.0070100628751,0.007812072163148057,0.4430753854570258,0.14747884862562147
128.00824962411446,0.007811996515352851,0.443141054178235,0.1474954223189789
128.0094892093607,0.007811920867557645,0.44320677338986303,0.1475120045167739
128.01072881861455,0.007811845219762439,0.443272543069797,0.1475285952091754
128.01196845187673,0.007811769571967233,0.4433383631960637,0.14754519438634245
128.01320810914794,0.007811693924172026,0.4434042337464108,0.1475618020384239
128.01444779042882,0.00781161827637682,0.4434701546987148,0.14757841815555747
128.01568749572013,0.007811542628581614,0.44353612603074494,0.1475950427278707
128.01692722502253,0.007811466980786408,0.4436021477202167,0.14761167574548104
128.01816697833672,0.0078113913329912014,0.4436682197448887,0.14762831719849573
128.01940675566343,0.0078113156851959955,0.4437343420823476,0.14764496707701066
128.02064655700335,0.00781124003740079,0.44380051471026605,0.1476616253711122
128.02188638235714,0.007811164389605583,0.4438667376062309,0.14767829207087607
128.0231262317255,0.007811088741810377,0.4439330107477217,0.14769496716636749
128.0243661051092,0.007811013094015171,0.4439993341122822,0.14771165064764177
128.02560600250888,0.007810937446219964,0.44406570767738135,0.14772834250474368
128.02684592392524,0.007810861798424758,0.4441321314204234,0.1477450427277073
128.02808586935896,0.007810786150629552,0.44419860531875927,0.1477617513065571
128.0293258388108,0.0078107105028343456,0.44426512934977175,0.1477784682313068
128.03056583228135,0.00781063485503914,0.4443317034907259,0.14779519349195977
128.03180584977144,0.007810559207243934,0.4443983277188973,0.14781192707850935
128.0330458912817,0.007810483559448727,0.4444650020114758,0.14782866898093894
128.0342859568128,0.007810407911653521,0.4445317263456942,0.14784541918922084
128.03552604636548,0.007810332263858315,0.44459850069863494,0.14786217769331755
128.03676615994044,0.007810256616063108,0.4446653250473913,0.14787894448318187
128.03800629753837,0.007810180968267902,0.44473219936904584,0.14789571954875536
128.03924645915995,0.0078101053204726965,0.4447991236406167,0.14791250287997038
128.0404866448059,0.0078100296726774905,0.44486609783907916,0.1479292944667486
128.0417268544769,0.007809954024882284,0.44493312194135476,0.14794609429900155
128.04296708817367,0.007809878377087078,0.445000195924333,0.14796290236663037
128.0442073458969,0.007809802729291872,0.4450673197648924,0.14797971865952642
128.0454476276473,0.007809727081496665,0.4451344934398045,0.14799654316757108
128.04668793342552,0.007809651433701459,0.44520171692591576,0.14801337588063526
128.0479282632323,0.007809575785906253,0.44526899019990096,0.1480302167885796
128.04916861706835,0.0078095001381110465,0.4453363132384457,0.1480470658812551
128.05040899493434,0.007809424490315841,0.4454036860182569,0.14806392314850197
128.05164939683095,0.007809348842520635,0.4454711085158915,0.1480807885801514
128.05288982275894,0.007809273194725429,0.44553858070799207,0.14809766216602413
128.05413027271896,0.007809197546930222,0.4456061025709974,0.1481145438959299
128.05537074671173,0.007809121899135016,0.4456736740814858,0.1481314337596697
128.05661124473792,0.00780904625133981,0.44574129521584227,0.14814833174703348
128.05785176679828,0.007808970603544603,0.44580896595050573,0.14816523784780256
128.05909231289343,0.007808894955749397,0.4458766862618613,0.1481821520517461
128.06033288302416,0.0078088193079541915,0.4459444561262619,0.1481990743486252
128.0615734771911,0.007808743660158985,0.44601227551994244,0.1482160047281906
128.06281409539497,0.007808668012363779,0.44608014441915933,0.1482329431801821
128.06405473763647,0.007808592364568573,0.4461480628001583,0.1482498896943302
128.06529540391634,0.007808516716773366,0.44621603063909904,0.14826684426035625
128.0665360942352,0.00780844106897816,0.4462840479120986,0.14828380686797
128.06777680859378,0.007808365421182954,0.4463521145952523,0.14830077750687262
128.06901754699282,0.0078082897733877474,0.4464202306646235,0.14831775616675502
128.07025830943297,0.0078082141255925415,0.44648839609617885,0.14833474283729772
128.07149909591493,0.007808138477797336,0.4465566108659602,0.14835173750817188
128.07273990643944,0.007808062830002129,0.44662487494980546,0.14836874016903914
128.07398074100712,0.007807987182206923,0.44669318832369215,0.14838575080955005
128.07522159961877,0.007807911534411717,0.4467615509634044,0.14840276941934635
128.07646248227502,0.00780783588661651,0.4468299628447803,0.14841979598806004
128.07770338897657,0.007807760238821304,0.4468984239436149,0.14843683050531256
128.07894431972417,0.007807684591026098,0.4469669342355637,0.14845387296071583
128.08018527451847,0.007807608943230892,0.44703549369635737,0.1484709233438722
128.08142625336018,0.007807533295435686,0.44710410230165143,0.1484879816443745
128.08266725625,0.00780745764764048,0.44717276002704787,0.1485050478518049
128.08390828318863,0.007807381999845274,0.4472414668481056,0.14852212195573614
128.0851493341768,0.007807306352050067,0.4473102227403515,0.14853920394573197
128.08639040921517,0.007807230704254861,0.4473790276792802,0.14855629381134552
128.08763150830444,0.007807155056459655,0.44744788164034327,0.14857339154212043
128.08887263144533,0.007807079408664448,0.4475167845989174,0.14859049712759084
128.0901137786385,0.0078070037608692425,0.44758573653038997,0.14860761055728092
128.0913549498847,0.0078069281130740366,0.4476547374100839,0.14862473182070532
128.0925961451846,0.007806852465278831,0.44772378721331135,0.14864186090736942
128.0938373645389,0.007806776817483624,0.44779288591526656,0.14865899780676814
128.09507860794832,0.007806701169688418,0.4478620334911974,0.14867614250838695
128.09631987541354,0.007806625521893212,0.4479312299162659,0.14869329500170256
128.09756116693526,0.007806549874098005,0.4480004751655374,0.14871045527618063
128.09880248251417,0.007806474226302799,0.44806976921419556,0.14872762332127865
128.100043822151,0.007806398578507593,0.44813911203721984,0.14874479912644342
128.10128518584645,0.007806322930712387,0.4482085036096221,0.14876198268111324
128.10252657360115,0.007806247282917181,0.44827794390639275,0.14877917397471507
128.10376798541589,0.007806171635121975,0.44834743290241474,0.14879637299666834
128.10500942129133,0.007806095987326768,0.4484169705726141,0.1488135797363824
128.10625088122814,0.007806020339531562,0.44848655689182026,0.1488307941832554
128.10749236522707,0.007805944691736356,0.44855619183481965,0.14884801632667824
128.1087338732888,0.007805869043941149,0.4486258753764203,0.14886524615603156
128.10997540541402,0.007805793396145943,0.44869560749127996,0.14888248366068565
128.11121696160345,0.0078057177483507375,0.4487653881541421,0.14889972883000216
128.11245854185776,0.007805642100555531,0.4488352173396431,0.14891698165333395
128.11370014617768,0.007805566452760325,0.44890509502234416,0.14893424212002254
128.11494177456387,0.007805490804965119,0.44897502117687077,0.14895151021940156
128.1161834270171,0.007805415157169913,0.44904499577768753,0.14896878594079488
128.117425103538,0.007805339509374706,0.4491150187993128,0.1489860692735171
128.11866680412732,0.0078052638615795,0.44918509021618974,0.1490033602068723
128.1199085287857,0.007805188213784294,0.449255210002697,0.14902065873015644
128.1211502775139,0.0078051125659890875,0.44932537813323503,0.14903796483265638
128.12239205031258,0.007805036918193882,0.4493955945820859,0.14905527850364794
128.12363384718248,0.007804961270398676,0.4494658593235533,0.14907259973239914
128.12487566812425,0.007804885622603469,0.44953617233191956,0.1490899285081683
128.1261175131386,0.007804809974808263,0.44960653358129515,0.14910726482020384
128.1273593822263,0.007804734327013057,0.44967694304591943,0.14912460865774543
128.12860127538795,0.007804658679217851,0.4497474006998814,0.14914196001002353
128.12984319262432,0.007804583031422644,0.44981790651731324,0.1491593188662591
128.13108513393607,0.0078045073836274384,0.4498884604721859,0.14917668521566377
128.13232709932393,0.0078044317358322325,0.44995906253854556,0.14919405904743982
128.1335690887886,0.007804356088037026,0.4500297126903419,0.14921144035078118
128.13481110233073,0.00780428044024182,0.45010041090150316,0.14922882911487098
128.13605313995106,0.007804204792446614,0.4501711571459144,0.14924622532888465
128.1372952016503,0.007804129144651407,0.4502419513974288,0.14926362898198756
128.13853728742913,0.007804053496856201,0.4503127936298136,0.14928104006333665
128.13977939728824,0.007803977849060995,0.4503836838168788,0.14929845856207816
128.14102153122838,0.0078039022012657885,0.4504546219323275,0.14931588446735106
128.1422636892502,0.0078038265534705826,0.4505256079498301,0.14933331776828412
128.14350587135442,0.007803750905675377,0.450596641843036,0.14935075845399692
128.14474807754175,0.00780367525788017,0.45066772358556206,0.149368206513601
128.14599030781287,0.007803599610084964,0.45073885315095036,0.14938566193619698
128.14723256216848,0.007803523962289758,0.45081003051274265,0.14940312471087802
128.14847484060928,0.007803448314494551,0.4508812556444166,0.14942059482672762
128.149717143136,0.007803372666699345,0.45095252851940676,0.14943807227281988
128.15095946974932,0.007803297018904139,0.4510238491111263,0.14945555703822028
128.15220182044993,0.007803221371108933,0.4510952173929348,0.14947304911198567
128.15344419523854,0.007803145723313727,0.45116663333818097,0.14949054848316246
128.15468659411587,0.007803070075518521,0.4512380969201063,0.14950805514078944
128.15592901708257,0.007802994427723315,0.4513096081119631,0.14952556907389597
128.1571714641394,0.007802918779928108,0.4513811668869928,0.14954309027150287
128.15841393528703,0.007802843132132902,0.45145277321832966,0.1495606187226206
128.15965643052616,0.007802767484337696,0.4515244270790971,0.1495781544162523
128.1608989498575,0.007802691836542489,0.45159612844238645,0.14959569734139136
128.16214149328172,0.0078026161887472835,0.4516678772812461,0.14961324748702204
128.1633840607996,0.007802540540952078,0.4517396735686921,0.14963080484212038
128.16462665241173,0.007802464893156871,0.4518115172776335,0.14964836939565335
128.1658692681189,0.007802389245361665,0.451883408381065,0.14966594113657802
128.16711190792176,0.007802313597566459,0.4519553468518633,0.14968352005384428
128.16835457182103,0.007802237949771253,0.4520273326628084,0.149701106136392
128.16959725981744,0.007802162301976046,0.4520993657867665,0.14971869937315266
128.17083997191165,0.00780208665418084,0.45217144619651767,0.149736299753049
128.17208270810434,0.007802011006385634,0.45224357386472397,0.149753907264994
128.17332546839629,0.007801935358590428,0.4523157487641441,0.14977152189789353
128.17456825278813,0.007801859710795222,0.45238797086737587,0.14978914364064297
128.1758110612806,0.007801784063000016,0.4524602401470277,0.14980677248212998
128.17705389387436,0.007801708415204809,0.45253255657568664,0.1498244084112337
128.17829675057015,0.007801632767409603,0.45260492012586456,0.14984205141682308
128.17953963136867,0.007801557119614397,0.4526773307700627,0.14985970148775987
128.1807825362706,0.00780148147181919,0.4527497884807179,0.14987735861289653
128.18202546527667,0.0078014058240239844,0.45282229323025613,0.1498950227810767
128.18326841838754,0.0078013301762287785,0.4528948449910285,0.14991269398113535
128.18451139560395,0.007801254528433572,0.4529674437353537,0.14993037220189906
128.18575439692657,0.007801178880638366,0.4530400894355398,0.1499480574321856
128.18699742235611,0.00780110323284316,0.45311278206385197,0.14996574966080423
128.1882404718933,0.007801027585047953,0.45318552159248027,0.14998344887655501
128.1894835455388,0.007800951937252747,0.45325830799359323,0.1500011550682301
128.19072664329332,0.007800876289457541,0.45333114123930585,0.15001886822461277
128.19196976515758,0.007800800641662335,0.4534040213017223,0.15003658833447756
128.1932129111323,0.0078007249938671286,0.4534769481529039,0.150054315386591
128.19445608121814,0.007800649346071923,0.45354992176486897,0.1500720493697103
128.1956992754158,0.007800573698276717,0.45362294210957155,0.1500897902725846
128.196942493726,0.00780049805048151,0.45369600915893343,0.1501075380839545
128.19818573614947,0.007800422402686304,0.4537691228848872,0.1501252927925517
128.19942900268683,0.007800346754891098,0.4538422832592688,0.15014305438710004
128.20067229333887,0.007800271107095891,0.4539154902538605,0.15016082285631469
128.20191560810625,0.007800195459300685,0.4539887438404662,0.15017859818890175
128.20315894698965,0.0078001198115054795,0.45406204399081457,0.15019638037355948
128.20440230998983,0.0078000441637102735,0.454135390676602,0.1502141693989775
128.20564569710743,0.007799968515915067,0.454208783869493,0.15023196525383753
128.2068891083432,0.007799892868119861,0.4542822235410873,0.15024976792681177
128.20813254369781,0.007799817220324655,0.45435570966296357,0.15026757740656493
128.209376003172,0.007799741572529448,0.4544292422066572,0.15028539368175317
128.2106194867664,0.007799665924734242,0.4545028211436931,0.15030321674102376
128.21186299448178,0.007799590276939036,0.45457644644548884,0.15032104657301643
128.21310652631885,0.0077995146291438295,0.4546501180834834,0.15033888316636224
128.21435008227823,0.007799438981348624,0.4547238360290406,0.15035672650968357
128.2155936623607,0.007799363333553418,0.4547976002535352,0.15037457659159503
128.21683726656693,0.007799287685758211,0.45487141072822374,0.15039243340070269
128.21808089489764,0.007799212037963005,0.45494526742439495,0.15041029692560387
128.2193245473535,0.007799136390167799,0.4550191703132519,0.15042816715488877
128.22056822393523,0.007799060742372592,0.4550931193660082,0.15044604407713866
128.22181192464356,0.007798985094577386,0.4551671145537488,0.15046392768092598
128.22305564947914,0.00779890944678218,0.45524115584762304,0.15048181795481605
128.2242993984427,0.007798833798986974,0.45531524321868366,0.1504997148873654
128.22554317153492,0.007798758151191768,0.45538937663795126,0.15051761846712244
128.22678696875656,0.007798682503396562,0.45546355607642486,0.1505355286826274
128.22803079010828,0.007798606855601355,0.45553778150503926,0.1505534455224123
128.22927463559077,0.007798531207806149,0.4556120528946755,0.15057136897500145
128.23051850520474,0.007798455560010943,0.45568637021624686,0.1505892990289105
128.2317623989509,0.007798379912215737,0.4557607334405486,0.15060723567264683
128.23300631682997,0.0077983042644205304,0.45583514253836527,0.15062517889471058
128.23425025884262,0.0077982286166253245,0.4559095974804599,0.15064312868359284
128.23549422498957,0.007798152968830119,0.4559840982375634,0.1506610850277774
128.23673821527154,0.007798077321034912,0.45605864478028857,0.15067904791573983
128.23798222968918,0.007798001673239706,0.4561332370792912,0.15069701733594654
128.23922626824324,0.0077979260254445,0.4562078751052164,0.15071499327685792
128.24047033093441,0.007797850377649293,0.4562825588285482,0.15073297572692487
128.2417144177634,0.007797774729854087,0.45635728821981364,0.15075096467459084
128.2429585287309,0.007797699082058881,0.4564320632494968,0.15076896010829063
128.24420266383757,0.007797623434263675,0.45650688388800675,0.15078696201645211
128.24544682308422,0.007797547786468469,0.4565817501058275,0.15080497038749502
128.24669100647145,0.007797472138673263,0.45665666187320725,0.15082298520983003
128.247935214,0.007797396490878057,0.4567316191605012,0.1508410064718615
128.2491794456706,0.00779732084308285,0.4568066219380112,0.15085903416198468
128.2504237014839,0.007797245195287644,0.45688167017595305,0.150877068268587
128.25166798144065,0.007797169547492438,0.4569567638444997,0.15089510878004897
128.25291228554153,0.007797093899697231,0.4570319029138778,0.15091315568474262
128.25415661378725,0.0077970182519020255,0.4571070873541637,0.15093120897103177
128.25540096617848,0.0077969426041068195,0.45718231713544455,0.15094926862727273
128.25664534271598,0.007796866956311613,0.45725759222777534,0.15096733464181455
128.25788974340043,0.007796791308516407,0.45733291260114656,0.1509854070029974
128.2591341682325,0.007796715660721201,0.4574082782255381,0.15100348569915445
128.26037861721295,0.007796640012925994,0.4574836890708547,0.15102157071861116
128.26162309034243,0.007796564365130788,0.45755914510702245,0.15103966204968466
128.26286758762166,0.007796488717335582,0.4576346463038281,0.15105775968068447
128.26411210905135,0.0077964130695403755,0.45771019263115503,0.15107586359991337
128.26535665463223,0.00779633742174517,0.457785784058704,0.1510939737956644
128.26660122436493,0.007796261773949964,0.45786142055624035,0.15111209025622505
128.26784581825024,0.007796186126154758,0.45793710209346483,0.1511302129698738
128.2690904362888,0.007796110478359551,0.45801282864000337,0.15114834192488244
128.27033507848134,0.007796034830564345,0.45808860016548164,0.1511664771095139
128.27157974482856,0.007795959182769139,0.4581644166394825,0.15118461851202428
128.27282443533116,0.007795883534973932,0.45824027803152445,0.1512027661206624
128.27406914998983,0.007795807887178726,0.45831618431113674,0.15122091992366818
128.27531388880527,0.0077957322393835205,0.458392135447752,0.1512390799092752
128.27655865177823,0.007795656591588314,0.45846813141078135,0.151257246065709
128.2778034389094,0.007795580943793108,0.4585441721696468,0.15127541838118777
128.27904825019942,0.007795505295997902,0.45862025769367365,0.15129359684392182
128.28029308564905,0.007795429648202696,0.4586963879521229,0.1513117814421142
128.281537945259,0.007795354000407489,0.4587725629142771,0.1513299721639602
128.28278282902997,0.007795278352612283,0.45884878254939704,0.15134816899764786
128.28402773696263,0.007795202704817077,0.45892504682664725,0.15136637193135757
128.28527266905772,0.0077951270570218705,0.45900135571515993,0.15138458095326285
128.2865176253159,0.007795051409226665,0.4590777091840995,0.1514027960515284
128.2877626057379,0.007794975761431459,0.45915410720246946,0.15142101721431314
128.28900761032443,0.007794900113636252,0.459230549739327,0.15143924442976744
128.29025263907621,0.007794824465841046,0.459307036763654,0.1514574776860348
128.2914976919939,0.00779474881804584,0.45938356824445403,0.1514757169712508
128.29274276907822,0.007794673170250633,0.4594601441505804,0.1514939622735445
128.2939878703299,0.007794597522455427,0.4595367644509507,0.15151221358103678
128.2952329957496,0.007794521874660221,0.4596134291143538,0.15153047088184154
128.29647814533806,0.007794446226865015,0.4596901381096538,0.15154873416406586
128.29772331909595,0.007794370579069809,0.4597668914055537,0.15156700341580817
128.298968517024,0.007794294931274603,0.45984368897081024,0.1515852786251609
128.3002137391229,0.007794219283479396,0.4599205307741265,0.15160355978020879
128.3014589853934,0.00779414363568419,0.45999741678408745,0.15162184686902908
128.30270425583612,0.007794067987888984,0.4600743469693533,0.151640139879692
128.30394955045182,0.007793992340093777,0.4601513212984555,0.15165843880026092
128.3051948692412,0.0077939166922985715,0.46022833973994676,0.15167674361879113
128.30644021220493,0.0077938410445033655,0.460305402262305,0.15169505432333114
128.30768557934377,0.00779376539670816,0.4603825088339864,0.1517133709019227
128.3089309706584,0.007793689748912953,0.4604596594233937,0.1517316933426
128.3101763861495,0.007793614101117747,0.4605368539989402,0.15175002163338983
128.31142182581777,0.007793538453322541,0.4606140925289427,0.15176835576231226
128.31266728966398,0.007793462805527334,0.46069137498165375,0.1517866957173803
128.31391277768876,0.007793387157732128,0.4607687013253901,0.15180504148659923
128.31515828989285,0.007793311509936922,0.460846071528372,0.15182339305796777
128.31640382627694,0.0077932358621417164,0.46092348555874463,0.15184175041947826
128.31764938684177,0.00779316021434651,0.46100094338467457,0.1518601135591145
128.31889497158798,0.007793084566551304,0.46107844497429623,0.15187848246485416
128.32014058051632,0.007793008918756098,0.4611559902956261,0.15189685712466733
128.3213862136275,0.007792933270960891,0.46123357931671266,0.15191523752651825
128.3226318709222,0.007792857623165685,0.46131121200555086,0.15193362365836252
128.32387755240114,0.007792781975370479,0.46138888833011427,0.1519520155081502
128.32512325806502,0.007792706327575272,0.4614666082582691,0.15197041306382367
128.32636898791452,0.0077926306797800665,0.4615443717579243,0.15198881631331865
128.32761474195038,0.0077925550319848606,0.461622178796914,0.15200722524456364
128.3288605201733,0.007792479384189654,0.4617000293430614,0.1520256398454807
128.33010632258396,0.007792403736394448,0.46177792336410406,0.15204406010398439
128.3313521491831,0.007792328088599242,0.4618558608277256,0.1520624860079826
128.33259799997137,0.007792252440804035,0.4619338417016959,0.15208091754537717
128.33384387494954,0.007792176793008829,0.46201186595360194,0.15209935470406144
128.33508977411825,0.007792101145213623,0.46208993355107403,0.15211779747192333
128.33633569747826,0.0077920254974184165,0.4621680444616779,0.15213624583684382
128.33758164503024,0.007791949849623211,0.46224619865292566,0.15215469978669646
128.33882761677492,0.007791874201828005,0.46232439609235093,0.15217315930934805
128.340073612713,0.007791798554032798,0.46240263674739074,0.1521916243926595
128.34131963284517,0.007791722906237592,0.46248092058543916,0.1522100950244838
128.3425656771721,0.007791647258442386,0.462559247573944,0.15222857119266803
128.34381174569458,0.00779157161064718,0.4626376176801813,0.15224705288505255
128.34505783841328,0.007791495962851973,0.4627160308714701,0.15226554008947069
128.34630395532886,0.007791420315056767,0.46279448711510796,0.15228403279374875
128.34755009644206,0.0077913446672615615,0.46287298637828506,0.15230253098570712
128.34879626175362,0.007791269019466355,0.4629515286281917,0.15232103465315963
128.3500424512642,0.007791193371671149,0.4630301138320504,0.15233954378391223
128.35128866497448,0.007791117723875943,0.4631087419568689,0.152358058365766
128.35253490288522,0.007791042076080736,0.46318741296980537,0.15237657838651383
128.3537811649971,0.00779096642828553,0.4632661268378676,0.1523951038339427
128.35502745131083,0.007790890780490324,0.46334488352804204,0.15241363469583358
128.3562737618271,0.007790815132695118,0.4634236830073043,0.15243217095995995
128.35752009654666,0.0077907394848999115,0.46350252524261937,0.15245071261408927
128.35876645547017,0.007790663837104706,0.46358141020079124,0.15246925964598235
128.36001283859835,0.0077905881893095,0.4636603378487527,0.15248781204339332
128.3612592459319,0.007790512541514293,0.4637393081532434,0.15250636979407056
128.36250567747155,0.007790436893719087,0.46381832108111015,0.15252493288575464
128.36375213321796,0.007790361245923881,0.4638973765990176,0.15254350130618108
128.36499861317185,0.007790285598128674,0.4639764746737267,0.15256207504307814
128.36624511733396,0.007790209950333468,0.46405561527185923,0.1525806540841678
128.36749164570494,0.0077901343025382624,0.46413479836004745,0.15259923841716538
128.36873819828557,0.007790058654743056,0.4642140239048486,0.1526178280297809
128.3699847750765,0.00778998300694785,0.4642932918728736,0.1526364229097168
128.3712313760784,0.007789907359152644,0.464372602230583,0.15265502304466974
128.37247800129208,0.007789831711357437,0.46445195494448055,0.15267362842232965
128.37372465071815,0.007789756063562231,0.46453134998096246,0.1526922390303805
128.37497132435738,0.007789680415767025,0.4646107873064572,0.15271085485649996
128.37621802221042,0.007789604767971818,0.46469026688730747,0.15272947588835956
128.377464744278,0.0077895291201766125,0.4647697886898452,0.15274810211362372
128.37871149056085,0.0077894534723814066,0.4648493526803593,0.1527667335199517
128.37995826105967,0.0077893778245862,0.46492895882509605,0.152785370094996
128.3812050557751,0.007789302176790994,0.46500860709025843,0.15280401182640205
128.38245187470793,0.007789226528995788,0.4650882974419854,0.15282265870181094
128.3836987178588,0.007789150881200582,0.46516802984646927,0.15284131070885607
128.38494558522848,0.007789075233405375,0.465247804269806,0.1528599678351655
128.38619247681763,0.007788999585610169,0.4653276206779949,0.1528786300683607
128.38743939262696,0.007788923937814963,0.4654074790371211,0.15289729739605634
128.38868633265722,0.007788848290019757,0.46548737931311956,0.15291596980586306
128.38993329690902,0.007788772642224551,0.46556732147196817,0.15293464728538295
128.39118028538317,0.007788696994429345,0.46564730547958033,0.15295332982221352
128.3924272980803,0.007788621346634139,0.465727331301816,0.15297201740394578
128.39367433500118,0.007788545698838932,0.4658073989045242,0.152990710018165
128.39492139614646,0.007788470051043726,0.46588750825348973,0.1530094076524495
128.39616848151687,0.00778839440324852,0.4659676593144651,0.1530281102943729
128.39741559111312,0.007788318755453313,0.4660478520532029,0.15304681793150163
128.3986627249359,0.0077882431076581075,0.4661280864353698,0.15306553055139674
128.39990988298592,0.007788167459862902,0.46620836242663255,0.15308424814161303
128.40115706526393,0.007788091812067695,0.466288679992572,0.15310297068969986
128.40240427177056,0.007788016164272489,0.4663690390987798,0.15312169818320004
128.40365150250656,0.007787940516477283,0.4664494397107939,0.15314043060965052
128.40489875747264,0.007787864868682076,0.4665298817941415,0.1531591679565831
128.4061460366695,0.00778778922088687,0.46661036531424266,0.1531779102115225
128.40739334009783,0.007787713573091664,0.46669089023657084,0.15319665736198837
128.40864066775836,0.0077876379252964575,0.46677145652647095,0.15321540939549472
128.40988801965176,0.007787562277501252,0.46685206414932,0.15323416629954892
128.41113539577879,0.007787486629706046,0.46693271307040923,0.153252928061653
128.41238279614012,0.007787410981910839,0.46701340325506197,0.15327169466930324
128.41363022073645,0.007787335334115633,0.46709413466849437,0.15329046610999
128.4148776695685,0.007787259686320427,0.4671749072758902,0.15330924237119756
128.416125142637,0.00778718403852522,0.46725572104246577,0.15332802344040516
128.4173726399426,0.007787108390730014,0.4673365759333297,0.1533468093050857
128.41862016148605,0.0077870327429348084,0.4674174719135372,0.1533655999527068
128.41986770726805,0.0077869570951396025,0.4674984089481864,0.15338439537073018
128.4211152772893,0.007786881447344396,0.46757938700232166,0.15340319554661125
128.4223628715505,0.00778680579954919,0.4676604060408801,0.153422000467801
128.42361049005237,0.007786730151753984,0.46774146602882033,0.1534408101217438
128.4248581327956,0.007786654503958777,0.46782256693106883,0.15345962449587897
128.42610579978094,0.007786578856163571,0.46790370871247683,0.15347844357763957
128.42735349100903,0.007786503208368365,0.46798489133792776,0.15349726735445335
128.42860120648064,0.0077864275605731585,0.46806611477213356,0.1535160958137435
128.42984894619642,0.0077863519127779526,0.46814737897993475,0.15353492894292572
128.4310967101571,0.007786276264982747,0.46822868392605393,0.15355376672941143
128.4323444983634,0.007786200617187541,0.46831002957513845,0.15357260916060622
128.43359231081604,0.007786124969392334,0.4683914158918465,0.1535914562239106
128.43484014751567,0.007786049321597128,0.4684728428408471,0.1536103079067185
128.43608800846303,0.007785973673801922,0.46855431038668033,0.15362916419641923
128.43733589365885,0.007785898026006715,0.46863581849388636,0.15364802508039715
128.43858380310382,0.007785822378211509,0.4687173671269945,0.1536668905460292
128.43983173679862,0.0077857467304163035,0.4687989562504378,0.15368576058068903
128.441079694744,0.007785671082621097,0.46888058582870273,0.15370463517174418
128.4423276769406,0.007785595434825891,0.4689622558261577,0.15372351430655581
128.4435756833892,0.007785519787030685,0.46904396620713906,0.153742397972481
128.4448237140905,0.007785444139235478,0.46912571693601524,0.15376128615687115
128.44607176904515,0.007785368491440272,0.4692075079771012,0.15378017884707168
128.4473198482539,0.007785292843645066,0.46928933929455074,0.15379907603042323
128.44856795171748,0.007785217195849859,0.4693712108526466,0.15381797769426164
128.44981607943652,0.0077851415480546535,0.4694531226155855,0.15383688382591618
128.4510642314118,0.007785065900259448,0.46953507454744636,0.1538557944127116
128.452312407644,0.007784990252464241,0.4696170666123937,0.15387470944196788
128.4535606081338,0.007784914604669035,0.469699098774485,0.1538936289009987
128.45480883288198,0.007784838956873829,0.4697811709977239,0.153912552777113
128.45605708188918,0.007784763309078622,0.46986328324616766,0.15393148105761503
128.45730535515614,0.007784687661283416,0.4699454354837235,0.15395041372980278
128.45855365268352,0.00778461201348821,0.4700276276743307,0.15396935078096977
128.4598019744721,0.007784536365693004,0.47010985978188574,0.15398829219840465
128.46105032052253,0.007784460717897798,0.47019213177025276,0.15400723796939003
128.46229869083555,0.007784385070102592,0.4702744436032317,0.15402618808120422
128.46354708541185,0.007784309422307386,0.47035679524461155,0.15404514252112012
128.46479550425215,0.007784233774512179,0.4704391866581493,0.1540641012764053
128.46604394735715,0.007784158126716973,0.47052161780754825,0.15408306433432267
128.46729241472755,0.007784082478921767,0.4706040886564795,0.15410203168212966
128.46854090636407,0.007784006831126561,0.47068659916854977,0.15412100330707923
128.4697894222674,0.0077839311833313544,0.47076914930740865,0.15413997919641922
128.4710379624383,0.0077838555355361485,0.4708517390366092,0.15415895933739154
128.4722865268774,0.007783779887740943,0.4709343683196617,0.15417794371723445
128.47353511558546,0.007783704239945736,0.47101703712008686,0.15419693232318066
128.47478372856318,0.00778362859215053,0.47109974540130917,0.1542159251424574
128.47603236581125,0.007783552944355324,0.47118249312678506,0.1542349221622878
128.4772810273304,0.007783477296560117,0.47126528025990666,0.15425392336989027
128.4785297131213,0.007783401648764911,0.471348106763991,0.154272928752477
128.4797784231847,0.007783326000969705,0.47143097260237665,0.1542919382972564
128.4810271575213,0.0077832503531744986,0.47151387773833764,0.1543109519914322
128.48227591613178,0.007783174705379293,0.47159682213509446,0.1543299698222021
128.48352469901687,0.007783099057584087,0.47167980575589974,0.15434899177675998
128.4847735061773,0.00778302340978888,0.47176282856389895,0.1543680178422952
128.48602233761372,0.007782947761993674,0.4718458905222159,0.1543870480059912
128.4872711933269,0.007782872114198468,0.47192899159398527,0.15440608225502733
128.48852007331752,0.007782796466403261,0.4720121317422451,0.15442512057657815
128.48976897758627,0.007782720818608055,0.47209531093005497,0.15444416295781352
128.49101790613386,0.0077826451708128495,0.47217852912037783,0.154463209385898
128.49226685896102,0.007782569523017643,0.47226178627618737,0.1544822598479929
128.49351583606847,0.007782493875222437,0.4723450823604144,0.15450131433125283
128.49476483745687,0.007782418227427231,0.47242841733594676,0.15452037282282938
128.49601386312696,0.007782342579632025,0.47251179116560793,0.15453943530986855
128.49726291307948,0.007782266931836818,0.47259520381226433,0.1545585017795126
128.49851198731508,0.007782191284041612,0.47267865523866437,0.15457757221889806
128.49976108583448,0.007782115636246406,0.47276214540754574,0.15459664661515776
128.50101020863843,0.0077820399884511995,0.47284567428165675,0.1546157249554197
128.50225935572757,0.007781964340655994,0.4729292418236278,0.15463480722680695
128.50350852710267,0.007781888692860788,0.4730128479961536,0.1546538934164383
128.5047577227644,0.007781813045065581,0.4730964927618002,0.15467298351142822
128.5060069427135,0.007781737397270375,0.47318017608315505,0.1546920774988867
128.50725618695063,0.007781661749475169,0.4732638979227519,0.15471117536591858
128.50850545547655,0.007781586101679963,0.4733476582430924,0.154730277099625
128.50975474829195,0.007781510453884756,0.47343145700662453,0.15474938268710214
128.51100406539751,0.00778143480608955,0.47351529417580696,0.1547684921154422
128.512253406794,0.0077813591582943445,0.47359916971300187,0.1547876053717328
128.51350277248207,0.007781283510499138,0.4736830835805821,0.15480672244305654
128.51475216246246,0.007781207862703932,0.47376703574092055,0.15482584331649232
128.51600157673585,0.007781132214908726,0.4738510261562184,0.15484496797911454
128.517251015303,0.007781056567113519,0.4739350547887948,0.1548640964179935
128.51850047816455,0.007780980919318313,0.4740191216008403,0.15488322862019446
128.51974996532127,0.007780905271523107,0.4741032265545776,0.15490236457277895
128.52099947677385,0.0077808296237279004,0.4741873696121005,0.15492150426280432
128.522249012523,0.0077807539759326945,0.47427155073557814,0.15494064767732282
128.52349857256937,0.007780678328137489,0.4743557698870507,0.15495979480338326
128.52474815691377,0.007780602680342282,0.4744400270285906,0.15497894562803022
128.52599776555684,0.007780527032547076,0.47452432212218454,0.15499810013830317
128.5272473984993,0.00778045138475187,0.4746086551298513,0.15501725832123822
128.52849705574187,0.007780375736956663,0.47469302601347013,0.1550364201638674
128.52974673728525,0.007780300089161457,0.4747774347350278,0.15505558565321756
128.53099644313016,0.007780224441366251,0.4748618812563177,0.15507475477631244
128.5322461732773,0.007780148793571045,0.47494636553922986,0.15509392752017134
128.5334959277274,0.007780073145775839,0.4750308875455149,0.15511310387180915
128.53474570648112,0.007779997497980633,0.47511544723699856,0.15513228381823682
128.53599550953922,0.007779921850185427,0.47520004457542064,0.15515146734646132
128.53724533690237,0.00777984620239022,0.47528467952242437,0.15517065444348563
128.53849518857132,0.007779770554595014,0.47536935203970676,0.15518984509630815
128.53974506454674,0.007779694906799808,0.47545406208887886,0.15520903929192406
128.54099496482937,0.007779619259004601,0.47553880963158396,0.15522823701732408
128.5422448894199,0.0077795436112093955,0.47562359462931514,0.15524743825949466
128.54349483831902,0.0077794679634141896,0.4757084170436513,0.15526664300541862
128.54474481152747,0.007779392315618984,0.47579327683606415,0.1552858512420749
128.54599480904596,0.007779316667823777,0.4758781739680359,0.1553050629564389
128.5472448308752,0.007779241020028571,0.4759631084009739,0.1553242781354806
128.54849487701588,0.007779165372233365,0.4760480800962531,0.15534349676616754
128.54974494746872,0.007779089724438158,0.4761330890152594,0.15536271883546324
128.55099504223443,0.007779014076642952,0.476218135119282,0.15538194433032632
128.55224516131372,0.007778938428847746,0.47630321836964223,0.15540117323771238
128.5534953047073,0.00777886278105254,0.4763883387275543,0.15542040554457343
128.55474547241587,0.007778787133257334,0.4764734961542752,0.15543964123785736
128.55599566444013,0.007778711485462128,0.4765586906109547,0.15545888030450744
128.55724588078084,0.007778635837666921,0.4766439220588069,0.15547812273146444
128.55849612143865,0.007778560189871715,0.47672919045885276,0.15549736850566467
128.5597463864143,0.007778484542076509,0.4768144957722421,0.15551661761404084
128.5609966757085,0.007778408894281302,0.47689983796004953,0.15553587004352243
128.56224698932195,0.007778333246486096,0.47698521698321017,0.1555551257810336
128.56349732725536,0.0077782575986908905,0.4770706328027665,0.1555743848134969
128.56474768950946,0.007778181950895684,0.47715608537964305,0.15559364712783025
128.56599807608492,0.007778106303100478,0.4772415746747426,0.15561291271094724
128.56724848698246,0.007778030655305272,0.47732710064894684,0.15563218154975925
128.56849892220285,0.007777955007510065,0.4774126632631479,0.15565145363117303
128.5697493817467,0.007777879359714859,0.47749826247807714,0.15567072894209155
128.5709998656148,0.007777803711919653,0.47758389825459463,0.1556900074694151
128.5722503738078,0.007777728064124447,0.4776695705533887,0.15570928920003996
128.5735009063265,0.0077776524163292405,0.47775527933520145,0.1557285741208591
128.5747514631715,0.007777576768534035,0.4778410245606891,0.15574786221876108
128.57600204434357,0.007777501120738829,0.47792680619050776,0.1557671534806316
128.57725264984342,0.007777425472943622,0.4780126241852493,0.15578644789335389
128.57850327967174,0.007777349825148416,0.47809847850551634,0.15580574544380568
128.57975393382924,0.00777727417735321,0.478184369111847,0.1558250461188624
128.58100461231666,0.007777198529558003,0.4782702959647365,0.15584434990539617
128.5822553151347,0.007777122881762797,0.47835625902466955,0.15586365679027486
128.58350604228403,0.0077770472339675914,0.4784422582520983,0.15588296676036406
128.5847567937654,0.0077769715861723855,0.47852829360741084,0.15590227980252488
128.5860075695795,0.007776895938377179,0.4786143650509951,0.15592159590361623
128.58725836972707,0.007776820290581973,0.47870047254318543,0.15594091505049243
128.58850919420877,0.007776744642786767,0.47878661604431616,0.15596023723000546
128.58976004302536,0.00777666899499156,0.478872795514625,0.1559795624290036
128.59101091617754,0.007776593347196354,0.47895901091440346,0.1559988906343313
128.592261813666,0.007776517699401148,0.47904526220380345,0.15601822183283065
128.59351273549146,0.0077764420516059415,0.4791315493430412,0.15603755601134026
128.59476368165463,0.0077763664038107356,0.47921787229224727,0.15605689315669513
128.5960146521562,0.00777629075601553,0.4793042310115199,0.15607623325572678
128.59726564699696,0.007776215108220323,0.4793906254609681,0.1560955762952647
128.59851666617752,0.007776139460425117,0.47947705560059367,0.15611492226213453
128.59976770969863,0.007776063812629911,0.47956352139046265,0.15613427114315806
128.60101877756102,0.007775988164834704,0.4796500227905016,0.15615362292515508
128.60226986976537,0.007775912517039498,0.4797365597606373,0.15617297759494125
128.6035209863124,0.007775836869244292,0.47982313226087137,0.15619233513933026
128.60477212720284,0.007775761221449086,0.47990974025100164,0.15621169554513176
128.60602329243736,0.00777568557365388,0.4799963836909441,0.15623105879915236
128.6072744820167,0.007775609925858674,0.4800830625404215,0.1562504248881961
128.60852569594158,0.007775534278063468,0.4801697767592745,0.15626979379906386
128.6097769342127,0.007775458630268261,0.4802565263072583,0.15628916551855346
128.61102819683074,0.007775382982473055,0.48034331114402035,0.15630854003345906
128.61227948379644,0.007775307334677849,0.48043013122935857,0.1563279173305729
128.61353079511053,0.007775231686882642,0.4805169865227919,0.15634729739668388
128.6147821307737,0.0077751560390874365,0.4806038769840324,0.15636668021857741
128.61603349078663,0.007775080391292231,0.4806908025726097,0.15638606578303668
128.6172848751501,0.007775004743497024,0.4807777632481178,0.15640545407684184
128.61853628386476,0.007774929095701818,0.48086475897004344,0.1564248450867696
128.6197877169313,0.007774853447906612,0.4809517896979055,0.1564442387995942
128.62103917435053,0.007774777800111406,0.4810388553911049,0.15646363520208723
128.62229065612308,0.007774702152316199,0.4811259560091284,0.15648303428101748
128.6235421622497,0.007774626504520993,0.4812130915113124,0.1565024360231501
128.62479369273106,0.007774550856725787,0.48130026185705793,0.15652184041524814
128.62604524756793,0.007774475208930581,0.48138746700563706,0.1565412474440722
128.62729682676095,0.007774399561135375,0.48147470691638633,0.15656065709637879
128.6285484303109,0.007774323913340169,0.48156198154854574,0.1565800693589229
128.62980005821845,0.007774248265544962,0.4816492908613337,0.15659948421845693
128.63105171048431,0.007774172617749756,0.4817366348139687,0.15661890166172915
128.6323033871092,0.00777409696995455,0.4818240133656157,0.1566383216754865
128.63355508809383,0.007774021322159343,0.4819114264753858,0.15665774424647294
128.63480681343893,0.0077739456743641374,0.48199887410237957,0.15667716936142911
128.63605856314518,0.0077738700265689315,0.48208635620568663,0.15669659700709382
128.6373103372133,0.007773794378773725,0.48217387274431106,0.15671602717020303
128.63856213564404,0.007773718730978519,0.4822614236772566,0.15673545983748938
128.63981395843803,0.007773643083183313,0.48234900896351657,0.15675489499568404
128.64106580559607,0.007773567435388106,0.4824366285620519,0.1567743326315156
128.6423176771188,0.0077734917875929,0.4825242824317056,0.15679377273170866
128.64356957300697,0.007773416139797694,0.4826119705313743,0.15681321528298664
128.6448214932613,0.0077733404920024875,0.4826996928199331,0.1568326602720701
128.64607343788248,0.0077732648442072816,0.4827874492561499,0.15685210768567717
128.6473254068712,0.007773189196412076,0.4828752397988462,0.1568715575105235
128.64857740022822,0.00777311354861687,0.4829630644067471,0.15689100973332168
128.64982941795424,0.007773037900821663,0.4830509230385559,0.15691046434078265
128.65108146004994,0.007772962253026457,0.48313881565298694,0.1569299213196147
128.65233352651606,0.007772886605231251,0.4832267422086686,0.15694938065652364
128.6535856173533,0.007772810957436044,0.48331470266421855,0.1569688423382131
128.65483773256238,0.007772735309640838,0.48340269697826516,0.15698830635138367
128.65608987214398,0.0077726596618456325,0.4834907251093295,0.1570077726827342
128.65734203609887,0.007772584014050426,0.4835787870159327,0.15702724131896179
128.65859422442773,0.00777250836625522,0.4836668826566067,0.15704671224675965
128.65984643713125,0.007772432718460014,0.4837550119897651,0.15706618545281992
128.66109867421017,0.007772357070664808,0.483843174973897,0.157085660923832
128.66235093566522,0.007772281422869601,0.4839313715673517,0.1571051386464835
128.66360322149706,0.007772205775074395,0.4840196017285324,0.1571246186074593
128.66485553170642,0.007772130127279189,0.4841078654157563,0.15714410079344168
128.66610786629406,0.0077720544794839825,0.4841961625873406,0.15716358519111223
128.6673602252606,0.007771978831688777,0.48428449320157047,0.1571830717871485
128.66861260860685,0.007771903183893571,0.4843728572166772,0.1572025605682274
128.66986501633346,0.007771827536098364,0.48446125459083866,0.1572220515210227
128.67111744844115,0.007771751888303158,0.4845496852823184,0.1572415446322061
128.67236990493066,0.007771676240507952,0.4846381492491976,0.157261039888448
128.67362238580267,0.007771600592712745,0.4847266464496327,0.15728053727641625
128.6748748910579,0.007771524944917539,0.4848151768416726,0.15730003678277601
128.67612742069707,0.007771449297122333,0.48490374038341993,0.1573195383941912
128.67737997472088,0.007771373649327127,0.4849923370328809,0.1573390420973238
128.67863255313006,0.007771298001531921,0.48508096674807233,0.15735854787883255
128.67988515592532,0.007771222353736715,0.4851696294869037,0.15737805572537594
128.68113778310735,0.007771146705941508,0.48525832520737044,0.15739756562360924
128.68239043467688,0.007771071058146302,0.4853470538673713,0.15741707756018597
128.68364311063462,0.007770995410351096,0.4854358154247301,0.15743659152175807
128.68489581098126,0.00777091976255589,0.48552460983732404,0.15745610749497513
128.68614853571756,0.0077708441147606834,0.48561343706295546,0.15747562546648539
128.6874012848442,0.0077707684669654775,0.48570229705939444,0.1574951454229343
128.6886540583619,0.007770692819170272,0.4857911897844217,0.15751466735096648
128.68990685627136,0.007770617171375065,0.48588011519573227,0.15753419123722406
128.6911596785733,0.007770541523579859,0.48596907325102107,0.15755371706834725
128.69241252526845,0.007770465875784653,0.48605806390794015,0.15757324483097462
128.69366539635752,0.007770390227989446,0.48614708712412014,0.15759277451174336
128.6949182918412,0.00777031458019424,0.4862361428571593,0.1576123060972881
128.69617121172018,0.007770238932399034,0.4863252310646347,0.15763183957424248
128.69742415599524,0.007770163284603828,0.48641435170405883,0.15765137492923822
128.69867712466706,0.007770087636808622,0.4865035047329658,0.15767091214890452
128.69993011773633,0.007770011989013416,0.4865926901087822,0.15769045121986952
128.70118313520376,0.00776993634121821,0.4866819077890314,0.15770999212876005
128.70243617707015,0.007769860693423003,0.4867711577310758,0.15772953486220098
128.7036892433361,0.007769785045627797,0.48686043989229916,0.15774907940681482
128.70494233400237,0.007769709397832591,0.4869497542300424,0.15776862574922318
128.7061954490697,0.007769633750037384,0.4870391007017,0.15778817387604654
128.70744858853877,0.0077695581022421785,0.4871284792644949,0.15780772377390215
128.7087017524103,0.0077694824544469725,0.48721788987571424,0.15782727542940722
128.70995494068498,0.007769406806651766,0.48730733249258107,0.15784682882917717
128.71120815336357,0.00776933115885656,0.48739680707233957,0.157866383959825
128.71246139044672,0.007769255511061354,0.4874863135721269,0.1578859408079629
128.71371465193522,0.007769179863266147,0.4875758519491015,0.15790549936020187
128.71496793782973,0.007769104215470941,0.48766542216037895,0.15792505960315
128.71622124813098,0.007769028567675735,0.48775502416304267,0.15794462152341585
128.71747458283969,0.0077689529198805285,0.4878446579141331,0.15796418510760535
128.71872794195653,0.007768877272085323,0.48793432337071224,0.15798375034232295
128.71998132548225,0.007768801624290117,0.48802402048972393,0.15800331721417168
128.7212347334176,0.00776872597649491,0.4881137492281765,0.15802288570975442
128.7224881657632,0.007768650328699704,0.48820350954299246,0.1580424558156708
128.72374162251984,0.007768574680904498,0.48829330139105126,0.1580620275185204
128.72499510368817,0.007768499033109292,0.4883831247292862,0.15808160080490102
128.726248609269,0.007768423385314085,0.4884729795145016,0.1581011756614092
128.72750213926295,0.007768347737518879,0.4885628657035341,0.15812075207463985
128.72875569367076,0.0077682720897236735,0.48865278325315603,0.15814033003118744
128.73000927249316,0.007768196441928467,0.4887427321201503,0.15815990951764422
128.73126287573086,0.007768120794133261,0.4888327122612141,0.15817949052060168
128.73251650338457,0.007768045146338055,0.48892272363309824,0.15819907302665
128.733770155455,0.007767969498542848,0.4890127661924247,0.15821865702237847
128.73502383194284,0.007767893850747642,0.48910283989584774,0.15823824249437432
128.73627753284885,0.007767818202952436,0.48919294469997865,0.15825782942922478
128.7375312581737,0.00776774255515723,0.48928308056140735,0.15827741781351462
128.73878500791815,0.0077676669073620235,0.4893732474367022,0.15829700763382898
128.74003878208288,0.007767591259566818,0.4894634452823779,0.15831659887675079
128.74129258066858,0.007767515611771612,0.48955367405493855,0.15833619152886158
128.74254640367604,0.007767439963976405,0.48964393371082376,0.158355785576743
128.74380025110588,0.007767364316181199,0.4897342242064839,0.15837538100697485
128.7450541229589,0.007767288668385993,0.48982454549832644,0.1583949778061359
128.74630801923576,0.007767213020590786,0.4899148975427374,0.15841457596080472
128.74756193993719,0.00776713737279558,0.4900052802960813,0.15843417545755725
128.7488158850639,0.007767061725000374,0.4900956937146905,0.15845377628296983
128.7500698546166,0.007766986077205168,0.4901861377548115,0.1584733784236177
128.75132384859603,0.007766910429409962,0.4902766123727231,0.1584929818660742
128.75257786700286,0.007766834781614756,0.49036711752466094,0.15851258659691259
128.75383190983786,0.007766759133819549,0.4904576531668824,0.15853219260270537
128.75508597710166,0.007766683486024343,0.49054821925550524,0.1585517998700234
128.75634006879505,0.007766607838229137,0.4906388157467008,0.158571408385437
128.75759418491873,0.00776653219043393,0.4907294425965977,0.15859101813551613
128.7588483254734,0.0077664565426387245,0.4908200997612814,0.15861062910682883
128.76010249045976,0.0077663808948435185,0.4909107871968161,0.15863024128594316
128.76135667987853,0.007766305247048313,0.49100150485923366,0.15864985465942621
128.76261089373048,0.007766229599253106,0.49109225270456613,0.15866946921384442
128.76386513201624,0.0077661539514579,0.49118303068877034,0.15868908493576278
128.76511939473656,0.007766078303662694,0.4912738387677923,0.15870870181174623
128.7663736818922,0.007766002655867487,0.4913646768975782,0.1587283198283591
128.76762799348379,0.007765927008072281,0.49145554503398825,0.15874793897216383
128.76888232951208,0.007765851360277075,0.4915464431329257,0.1587675592297238
128.77013668997782,0.007765775712481869,0.4916373711502079,0.15878718058760075
128.77139107488165,0.007765700064686663,0.4917283290416736,0.15880680303235542
128.77264548422434,0.007765624416891457,0.49181931676305435,0.15882642655054896
128.7738999180066,0.007765548769096251,0.49191033427012465,0.15884605112874103
128.77515437622915,0.007765473121301044,0.4920013815186267,0.15886567675349164
128.77640885889267,0.007765397473505838,0.4920924584642491,0.1588853034113585
128.7776633659979,0.007765321825710632,0.49218356506266975,0.1589049310889006
128.77891789754557,0.007765246177915425,0.4922747012695021,0.15892455977267564
128.78017245353632,0.0077651705301202195,0.4923658670404027,0.1589441894492403
128.78142703397094,0.0077650948823250136,0.4924570623309313,0.15896382010515153
128.78268163885016,0.007765019234529807,0.4925482870966477,0.15898345172696574
128.7839362681746,0.007764943586734601,0.49263954129307974,0.15900308430123813
128.78519092194506,0.007764867938939395,0.4927308248757442,0.15902271781452415
128.78644560016224,0.007764792291144188,0.49282213780011525,0.15904235225337834
128.7877003028268,0.007764716643348982,0.49291348002162383,0.15906198760435522
128.7889550299395,0.007764640995553776,0.49300485149572265,0.15908162385400887
128.79020978150106,0.0077645653477585695,0.49309625217776765,0.15910126098889324
128.7914645575122,0.007764489699963364,0.4931876820231363,0.15912089899556045
128.7927193579736,0.007764414052168158,0.4932791409871953,0.1591405378605644
128.793974182886,0.007764338404372951,0.4933706290251934,0.15916017757045717
128.7952290322501,0.007764262756577745,0.49346214609245437,0.15917981811179097
128.79648390606658,0.007764187108782539,0.4935536921442592,0.15919945947111777
128.79773880433626,0.007764111460987332,0.49364526713582435,0.1592191016349899
128.79899372705975,0.007764035813192126,0.49373687102229125,0.15923874458995763
128.80024867423782,0.00776396016539692,0.49382850375889786,0.15925838832257277
128.80150364587118,0.0077638845176017145,0.49392016530078564,0.15927803281938602
128.80275864196054,0.007763808869806508,0.49401185560303157,0.15929767806694864
128.80401366250658,0.007763733222011302,0.49410357462077714,0.15931732405181104
128.80526870751007,0.007763657574216096,0.4941953223090779,0.15933697076052314
128.8065237769717,0.007763581926420889,0.49428709862295733,0.15935661817963587
128.80777887089218,0.007763506278625683,0.49437890351742797,0.15937626629569915
128.80903398927222,0.007763430630830477,0.4944707369474811,0.159395915095263
128.81028913211256,0.0077633549830352705,0.49456259886807574,0.15941556456487735
128.8115442994139,0.0077632793352400645,0.49465448923416017,0.1594352146910919
128.81279949117695,0.007763203687444859,0.4947464080005969,0.1594548654604567
128.81405470740242,0.007763128039649653,0.49483835512230195,0.15947451685952177
128.81530994809106,0.007763052391854446,0.4949303305541057,0.15949416887483678
128.81656521324354,0.00776297674405924,0.49502233425083836,0.1595138214929512
128.8178205028606,0.007762901096264034,0.495114366167298,0.15953347470041518
128.81907581694296,0.007762825448468827,0.495206426258272,0.1595531284837786
128.8203311554913,0.007762749800673621,0.4952985144784619,0.1595727828295912
128.82158651850636,0.0077626741528784154,0.4953906307826336,0.1595924377244029
128.8228419059889,0.007762598505083209,0.4954827751254564,0.15961209315476413
128.82409731793956,0.007762522857288003,0.49557494746161046,0.15963174910722458
128.8253527543591,0.007762447209492797,0.49566714774571136,0.15965140556833474
128.82660821524823,0.00776237156169759,0.49575937593240704,0.1596710625246456
128.82786370060765,0.007762295913902384,0.49585163197622734,0.15969071996270726
128.82911921043808,0.007762220266107178,0.49594391583177716,0.15971037786907064
128.83037474474025,0.007762144618311971,0.4960362274535865,0.15973003623028684
128.83163030351486,0.0077620689705167655,0.4961285667961851,0.15974969503290704
128.8328858867626,0.0077619933227215596,0.49622093381397414,0.15976935426348288
128.83414149448427,0.007761917674926353,0.4963133284614942,0.15978901390856617
128.83539712668048,0.007761842027131147,0.4964057506931034,0.15980867395470863
128.836652783352,0.007761766379335941,0.49649820046329945,0.15982833438846294
128.83790846449958,0.007761690731540735,0.49659067772638693,0.15984799519638135
128.8391641701239,0.007761615083745528,0.496683182436724,0.15986765636501782
128.84041990022564,0.007761539435950322,0.49677571454866887,0.15988731788092445
128.84167565480556,0.007761463788155116,0.49686827401648315,0.15990697973065557
128.84293143386438,0.00776138814035991,0.4969608607944714,0.15992664190076528
128.8441872374028,0.007761312492564704,0.49705347483687373,0.1599463043778079
128.8454430654215,0.007761236844769498,0.497146116097909,0.15996596714833802
128.8466989179213,0.007761161196974291,0.49723878453179576,0.1599856301989122
128.8479547949028,0.007761085549179085,0.49733148009264555,0.16000529351608497
128.84921069636675,0.007761009901383879,0.49742420273466625,0.1600249570864128
128.85046662231392,0.007760934253588673,0.49751695241199084,0.16004462089645324
128.85172257274496,0.007760858605793466,0.49760972907865564,0.16006428493276337
128.85297854766063,0.0077607829579982605,0.4977025326887505,0.1600839491819005
128.8542345470616,0.007760707310203055,0.497795363196344,0.16010361363042336
128.85549057094866,0.007760631662407848,0.49788822055544024,0.16012327826489137
128.85674661932245,0.007760556014612642,0.49798110472005414,0.16014294307186336
128.8580026921837,0.007760480366817436,0.4980740156441147,0.16016260803789964
128.8592587895332,0.007760404719022229,0.4981669532815831,0.16018227314956152
128.86051491137155,0.007760329071227023,0.49825991758637767,0.1602019383934097
128.86177105769954,0.007760253423431817,0.49835290851239517,0.16022160375600691
128.8630272285179,0.0077601777756366105,0.49844592601350035,0.16024126922391577
128.8642834238273,0.007760102127841405,0.49853897004354714,0.16026093478369938
128.86553964362847,0.007760026480046199,0.4986320405563679,0.16028060042192227
128.86679588792214,0.007759950832250992,0.49872513750569863,0.1603002661251496
128.86805215670898,0.007759875184455786,0.4988182608453825,0.16031993187994642
128.86930844998977,0.00775979953666058,0.4989114105291124,0.1603395976728796
128.87056476776522,0.007759723888865373,0.4990045865106029,0.1603592634905163
128.871821110036,0.007759648241070167,0.4990977887435792,0.16037892931942443
128.87307747680285,0.0077595725932749614,0.49919101718168046,0.16039859514617302
128.8743338680665,0.007759496945479755,0.4992842717786105,0.1604182609573315
128.87559028382762,0.007759421297684549,0.4993775524879014,0.16043792673947127
128.876846724087,0.007759345649889343,0.49947085926323537,0.16045759247916272
128.8781031888453,0.007759270002094137,0.49956419205813374,0.16047725816297873
128.87935967810327,0.00775919435429893,0.49965755082615,0.16049692377749272
128.88061619186158,0.007759118706503724,0.49975093552079475,0.16051658930927823
128.881872730121,0.007759043058708518,0.4998443460956215,0.1605362547449114
128.88312929288222,0.0077589674109133115,0.49993778250401205,0.16055592007096758
128.88438588014597,0.0077588917631181056,0.5000312446994986,0.16057558527402407
128.88564249191293,0.0077588161153229,0.5001247326354734,0.1605952503406591
128.88689912818387,0.007758740467527694,0.5002182462653402,0.16061491525745167
128.8881557889595,0.007758664819732487,0.5003117855424803,0.16063458001098235
128.88941247424046,0.007758589171937281,0.5004053504202117,0.16065424458783184
128.89066918402756,0.007758513524142075,0.5004989408519159,0.16067390897458272
128.89192591832148,0.007758437876346868,0.5005925567908676,0.16069357315781865
128.89318267712292,0.007758362228551662,0.5006861981903733,0.16071323712412397
128.89443946043264,0.0077582865807564565,0.5007798650036327,0.16073290086008388
128.89569626825133,0.00775821093296125,0.5008735571839525,0.16075256435228655
128.89695310057968,0.007758135285166044,0.5009672746844892,0.1607722275873182
128.89820995741846,0.007758059637370838,0.5010610174584529,0.16079189055176935
128.89946683876838,0.007757983989575631,0.5011547854589787,0.16081155323223006
128.9007237446301,0.007757908341780425,0.5012485786392232,0.16083121561529168
128.90198067500438,0.007757832693985219,0.5013423969523214,0.16085087768754716
128.90323762989198,0.007757757046190012,0.5014362403513225,0.160870539435591
128.90449460929352,0.0077576813983948065,0.501530108789308,0.1608902008460181
128.9057516132098,0.007757605750599601,0.5016240022193165,0.1609098619054253
128.90700864164148,0.007757530102804394,0.5017179205943969,0.1609295226004108
128.90826569458932,0.007757454455009188,0.5018118638675022,0.16094918291757374
128.909522772054,0.007757378807213982,0.5019058319916494,0.16096884284351493
128.9107798740363,0.007757303159418775,0.5019998249197696,0.16098850236483656
128.91203700053686,0.007757227511623569,0.5020938426047725,0.16100816146814187
128.91329415155644,0.007757151863828363,0.5021878849995574,0.16102782014003555
128.91455132709572,0.007757076216033157,0.5022819520570231,0.16104747836712408
128.9158085271555,0.007757000568237951,0.502376043730058,0.1610671361360155
128.9170657517364,0.007756924920442745,0.5024701599714536,0.16108679343331864
128.9183230008392,0.007756849272647539,0.5025643007340235,0.16110645024564396
128.9195802744646,0.007756773624852332,0.5026584659705592,0.1611261065596042
128.92083757261332,0.007756697977057126,0.5027526556337988,0.16114576236181238
128.92209489528605,0.00775662232926192,0.5028468696765447,0.16116541763888417
128.92335224248356,0.007756546681466713,0.5029411080514707,0.16118507237743598
128.92460961420653,0.0077564710336715074,0.5030353707112936,0.16120472656408627
128.92586701045568,0.0077563953858763015,0.5031296576086868,0.1612243801854555
128.9271244312317,0.007756319738081096,0.5032239686962813,0.16124403322816425
128.9283818765354,0.007756244090285889,0.5033183039267077,0.16126368567883587
128.92963934636742,0.007756168442490683,0.5034126632525971,0.16128333752409535
128.93089684072848,0.007756092794695477,0.5035070466264943,0.16130298875056914
128.93215435961935,0.00775601714690027,0.5036014540009764,0.16132263934488536
128.93341190304068,0.007755941499105064,0.5036958853285777,0.16134228929367384
128.9346694709932,0.007755865851309858,0.5037903405618431,0.16136193858356532
128.9359270634777,0.0077557902035146516,0.5038848196532426,0.16138158720119408
128.93718468049482,0.007755714555719446,0.5039793225552138,0.16140123513319435
128.9384423220453,0.00775563890792424,0.504073849220248,0.16142088236620322
128.9396999881299,0.007755563260129033,0.5041683996007614,0.16144052888685945
128.94095767874924,0.007755487612333827,0.5042629736491488,0.16146017468180268
128.94221539390412,0.007755411964538621,0.5043575713178158,0.1614798197376754
128.94347313359526,0.007755336316743414,0.504452192559071,0.1614994640411221
128.94473089782332,0.007755260668948208,0.5045468373253309,0.16151910757878774
128.94598868658906,0.0077551850211530025,0.5046415055688293,0.16153875033732004
128.9472464998932,0.007755109373357796,0.5047361972418749,0.16155839230336982
128.94850433773644,0.00775503372556259,0.5048309122967769,0.16157803346358715
128.9497622001195,0.007754958077767384,0.5049256506857689,0.1615976738046258
128.95102008704313,0.007754882429972177,0.5050204123610742,0.16161731331314208
128.95227799850798,0.007754806782176971,0.5051151972748835,0.161636951975792
128.95353593451483,0.007754731134381765,0.5052100053793985,0.16165658977923567
128.9547938950644,0.007754655486586559,0.5053048366267888,0.16167622671013407
128.95605188015736,0.0077545798387913525,0.5053996909691915,0.16169586275515074
128.95730988979446,0.007754504190996147,0.5054945683586795,0.16171549790095124
128.9585679239764,0.007754428543200941,0.5055894687474222,0.16173513213420235
128.95982598270396,0.007754352895405734,0.5056843920874389,0.16175476544157408
128.96108406597776,0.007754277247610528,0.505779338330824,0.1617743978097378
128.9623421737986,0.007754201599815322,0.5058743074295858,0.16179402922536693
128.96360030616714,0.007754125952020116,0.5059692993357439,0.16181365967513756
128.96485846308414,0.007754050304224909,0.5060643140012743,0.16183328914572792
128.9661166445503,0.007753974656429703,0.5061593513781962,0.1618529176238173
128.96737485056636,0.0077538990086344975,0.5062544114184004,0.16187254509608848
128.968633081133,0.007753823360839291,0.5063494940738201,0.16189217154922603
128.96989133625095,0.007753747713044085,0.5064445992963887,0.16191179696991634
128.97114961592095,0.007753672065248879,0.5065397270379752,0.16193142134484811
128.97240792014372,0.007753596417453672,0.5066348772504381,0.16195104466071295
128.97366624891995,0.007753520769658466,0.5067300498856354,0.1619706669042038
128.97492460225038,0.00775344512186326,0.5068252448953935,0.16199028806201723
128.97618298013572,0.0077533694740680534,0.5069204622314847,0.16200990812085012
128.9774413825767,0.0077532938262728475,0.507015701845703,0.16202952706740315
128.978699809574,0.007753218178477642,0.50711096368981,0.1620491448883793
128.97995826112842,0.007753142530682435,0.5072062477155247,0.16206876157048355
128.9812167372406,0.007753066882887229,0.5073015538746087,0.16208837710042262
128.98247523791127,0.007752991235092023,0.5073968821187166,0.16210799146490698
128.9837337631412,0.007752915587296816,0.5074922323995241,0.16212760465064818
128.98499231293104,0.00775283993950161,0.5075876046687502,0.16214721664436105
128.98625088728156,0.007752764291706404,0.5076829988779527,0.1621668274327627
128.98750948619346,0.0077526886439111976,0.5077784149788075,0.1621864370025726
128.98876810966746,0.007752612996115992,0.5078738529228403,0.16220604534051272
128.9900267577043,0.007752537348320786,0.5079693126616841,0.1622256524333072
128.99128543030466,0.00775246170052558,0.5080647941468861,0.16224525826768338
128.99254412746927,0.007752386052730373,0.5081602973299505,0.16226486283037095
128.99380284919886,0.007752310404935167,0.5082558221624136,0.16228446610810118
128.99506159549415,0.007752234757139961,0.5083513685957799,0.16230406808760894
128.9963203663559,0.007752159109344754,0.5084469365814783,0.16232366875563223
128.99757916178473,0.0077520834615495485,0.5085425260709917,0.16234326809890948
128.9988379817814,0.0077520078137543426,0.5086381370157491,0.16236286610418402
129.0000968263467,0.007751932165959136,0.5087337693671906,0.16238246275820076
129.00135569548127,0.00775185651816393,0.5088294230766701,0.16240205804770694
129.00261458918584,0.007751780870368724,0.5089250980955952,0.16242165195945338
129.00387350746115,0.007751705222573518,0.509020794375277,0.1624412444801929
129.0051324503079,0.007751629574778311,0.5091165118670805,0.16246083559668165
129.00639141772683,0.007751553926983105,0.5092122505223273,0.1624804252956774
129.00765040971865,0.007751478279187899,0.509308010292275,0.1625000135639417
129.00890942628408,0.007751402631392693,0.5094037911282454,0.16251960038823904
129.01016846742382,0.007751326983597487,0.5094995929814637,0.16253918575533527
129.01142753313863,0.007751251335802281,0.5095954158031875,0.1625587696520004
129.01268662342923,0.007751175688007074,0.509691259544599,0.1625783520650069
129.0139457382963,0.007751100040211868,0.5097871241569237,0.16259793298112957
129.01520487774053,0.007751024392416662,0.5098830095913438,0.1626175123871466
129.01646404176273,0.007750948744621455,0.5099789157989774,0.16263709026983908
129.01772323036357,0.007750873096826249,0.5100748427310174,0.16265666661599043
129.01898244354376,0.0077507974490310435,0.5101707903385283,0.16267624141238765
129.02024168130407,0.007750721801235837,0.5102667585726496,0.16269581464581975
129.02150094364515,0.007750646153440631,0.5103627473844992,0.16271538630307977
129.02276023056777,0.007750570505645425,0.5104587567250555,0.16273495637096297
129.02401954207264,0.007750494857850218,0.510554786545426,0.16275452483626834
129.02527887816046,0.007750419210055012,0.510650836796589,0.1627740916857961
129.02653823883196,0.007750343562259806,0.5107469074295874,0.16279365690635178
129.02779762408787,0.0077502679144646,0.5108429983953999,0.16281322048474214
129.02905703392892,0.0077501922666693935,0.5109391096449833,0.16283278240777824
129.03031646835578,0.007750116618874188,0.5110352411293057,0.16285234266227283
129.03157592736923,0.007750040971078982,0.5111313927992915,0.16287190123504303
129.03283541096997,0.007749965323283775,0.5112275646058339,0.1628914581129087
129.0340949191587,0.007749889675488569,0.511323756499836,0.16291101328269217
129.03535445193614,0.007749814027693363,0.5114199684321904,0.16293056673121928
129.03661400930307,0.007749738379898156,0.5115162003537578,0.16295011844531992
129.0378735912601,0.00774966273210295,0.5116124522153449,0.16296966841182528
129.03913319780804,0.0077495870843077444,0.5117087239677801,0.16298921661757124
129.0403928289476,0.0077495114365125385,0.511805015561881,0.16300876304939604
129.04165248467947,0.007749435788717332,0.511901326948422,0.16302830769414245
129.0429121650044,0.007749360140922126,0.5119976580781674,0.16304785053865437
129.04417186992308,0.00774928449312692,0.5120940089018702,0.16306739156978042
129.04543159943626,0.007749208845331713,0.512190379370262,0.16308693077437256
129.04669135354462,0.007749133197536507,0.512286769434032,0.16310646813928517
129.04795113224893,0.007749057549741301,0.5123831790438901,0.16312600365137633
129.04921093554987,0.0077489819019460945,0.5124796081505038,0.16314553729750783
129.05047076344817,0.0077489062541508886,0.5125760567045404,0.16316506906454376
129.05173061594456,0.007748830606355683,0.5126725246566246,0.16318459893935253
129.0529904930398,0.007748754958560476,0.5127690119574021,0.1632041269088062
129.0542503947345,0.00774867931076527,0.5128655185574544,0.16322365295977884
129.0555103210295,0.007748603662970064,0.5129620444073631,0.16324317707914907
129.05677027192544,0.007748528015174857,0.5130585894577098,0.16326269925379852
129.0580302474231,0.007748452367379651,0.513155153659033,0.16328221947061194
129.0592902475231,0.007748376719584445,0.513251736961882,0.16330173771647793
129.0605502722263,0.007748301071789239,0.5133483393167848,0.16332125397828937
129.06181032153333,0.007748225423994033,0.5134449606741728,0.16334076824294108
129.06307039544492,0.007748149776198827,0.5135416009846058,0.16336028049733162
129.06433049396182,0.00774807412840362,0.5136382601984725,0.16337979072836423
129.06559061708472,0.007747998480608414,0.5137349382662898,0.1633992989229449
129.06685076481435,0.007747922832813208,0.5138316351384357,0.16341880506798304
129.06811093715143,0.007747847185018002,0.5139283507653518,0.16343830915039187
129.0693711340967,0.007747771537222795,0.5140250850974376,0.16345781115708805
129.07063135565087,0.0077476958894275895,0.5141218380849956,0.16347731107499236
129.07189160181466,0.007747620241632384,0.5142186096784785,0.16349680889102863
129.07315187258877,0.007747544593837177,0.514315399828189,0.16351630459212424
129.07441216797395,0.007747468946041971,0.5144122084844401,0.16353579816521097
129.07567248797088,0.007747393298246765,0.5145090355975992,0.163555289597223
129.07693283258035,0.007747317650451558,0.5146058811178934,0.1635747788751003
129.07819320180303,0.007747242002656352,0.514702744995604,0.16359426598578397
129.07945359563965,0.007747166354861146,0.5147996271810228,0.1636137509162208
129.08071401409092,0.00774709070706594,0.5148965276243772,0.16363323365336024
129.0819744571576,0.007747015059270734,0.5149934462758841,0.1636527141841563
129.08323492484035,0.007746939411475528,0.5150903830857599,0.1636721924955661
129.08449541713995,0.007746863763680322,0.5151873380042004,0.16369166857455078
129.0857559340571,0.007746788115885115,0.515284310981379,0.16371114240807588
129.08701647559252,0.007746712468089909,0.5153813019674267,0.16373061398310937
129.08827704174692,0.007746636820294703,0.5154783109125497,0.16375008328662394
129.08953763252103,0.007746561172499496,0.5155753377668143,0.16376955030559687
129.0907982479156,0.0077464855247042904,0.5156723824803623,0.16378901502700807
129.09205888793127,0.0077464098769090845,0.5157694450032815,0.16380847743784177
129.09331955256886,0.007746334229113878,0.5158665252856386,0.16382793752508676
129.09458024182902,0.007746258581318672,0.5159636232775108,0.16384739527573414
129.09584095571253,0.007746182933523466,0.5160607389289324,0.1638668506767803
129.09710169422007,0.007746107285728259,0.5161578721899273,0.16388630371522614
129.09836245735235,0.007746031637933053,0.51625502301054,0.16390575437807445
129.0996232451101,0.007745955990137847,0.5163521913407196,0.1639252026523338
129.1008840574941,0.0077458803423426405,0.5164493771305216,0.16394464852501653
129.10214489450502,0.0077458046945474346,0.5165465803298301,0.1639640919831379
129.10340575614356,0.007745729046752229,0.5166438008886475,0.1639835330137187
129.10466664241048,0.007745653398957023,0.5167410387568898,0.16400297160378274
129.1059275533065,0.007745577751161816,0.5168382938845058,0.1640224077403586
129.1071884888323,0.00774550210336661,0.5169355662213473,0.16404184141047828
129.10844944898867,0.007745426455571404,0.5170328557173414,0.16406127260117784
129.10971043377629,0.007745350807776197,0.5171301623223292,0.16408070129949873
129.11097144319587,0.007745275159980991,0.517227485986195,0.16410012749248523
129.11223247724814,0.0077451995121857855,0.5173248266587692,0.16411955116718607
129.11349353593386,0.007745123864390579,0.5174221842898824,0.1641389723106545
129.1147546192537,0.007745048216595373,0.5175195588293542,0.16415839090994777
129.1160157272084,0.007744972568800167,0.5176169502269508,0.1641778069521272
129.1172768597987,0.007744896921004961,0.5177143584324919,0.16419722042425874
129.11853801702532,0.007744821273209754,0.5178117833957115,0.16421663131341277
129.11979919888893,0.007744745625414548,0.5179092250663544,0.16423603960666214
129.12106040539032,0.007744669977619342,0.5180066833942293,0.16425544529108663
129.1223216365302,0.0077445943298241355,0.5181041583289631,0.16427484835376874
129.12358289230923,0.00774451868202893,0.5182016498203003,0.16429424878179485
129.12484417272822,0.007744443034233724,0.5182991578179427,0.16431364656225728
129.12610547778783,0.007744367386438517,0.5183966822715383,0.1643330416822516
129.1273668074888,0.007744291738643311,0.5184942231307784,0.1643524341288777
129.12862816183184,0.007744216090848105,0.5185917803453108,0.16437182388924018
129.12988954081771,0.007744140443052898,0.5186893538647408,0.1643912109504482
129.1311509444471,0.007744064795257692,0.518786943638695,0.16441059529961474
129.13241237272075,0.007743989147462486,0.5188845496167787,0.1644299769238577
129.13367382563936,0.00774391349966728,0.5189821717485862,0.1644493558102994
129.1349353032037,0.007743837851872074,0.5190798099836904,0.16446873194606607
129.13619680541441,0.007743762204076868,0.5191774642716431,0.16448810531828964
129.13745833227227,0.007743686556281661,0.5192751345619849,0.16450747591410528
129.138719883778,0.007743610908486455,0.5193728208042889,0.16452684372065288
129.1399814599323,0.007743535260691249,0.5194705229479993,0.16454620872507755
129.14124306073595,0.007743459612896042,0.5195682409426784,0.1645655709145286
129.14250468618957,0.0077433839651008364,0.5196659747377919,0.16458493027615959
129.14376633629396,0.0077433083173056305,0.5197637242828268,0.16460428679712855
129.14502801104985,0.007743232669510425,0.5198614895272167,0.16462364046459926
129.14628971045792,0.007743157021715218,0.5199592704204596,0.16464299126573861
129.1475514345189,0.007743081373920012,0.5200570669119138,0.164662339187719
129.14881318323353,0.007743005726124806,0.5201548789510557,0.1646816842177172
129.15007495660254,0.007742930078329599,0.5202527064872761,0.1647010263429153
129.1513367546266,0.007742854430534393,0.520350549469976,0.16472036555049843
129.1525985773065,0.007742778782739187,0.5204484078485034,0.16473970182765837
129.15386042464291,0.0077427031349439806,0.5205462815722594,0.16475903516159054
129.1551222966366,0.007742627487148775,0.5206441705905488,0.16477836553949468
129.15638419328823,0.007742551839353569,0.5207420748527624,0.164797692948576
129.15764611459858,0.007742476191558363,0.5208399943081938,0.16481701737604493
129.15890806056836,0.007742400543763156,0.520937928906159,0.16483633880911533
129.16017003119828,0.00774232489596795,0.5210358785959301,0.16485565723500697
129.16143202648908,0.007742249248172744,0.5211338433268444,0.16487497264094436
129.16269404644146,0.007742173600377537,0.5212318230481208,0.16489428501415584
129.16395609105615,0.0077420979525823315,0.5213298177090423,0.16491359434187516
129.1652181603339,0.0077420223047871255,0.5214278272588712,0.16493290061134153
129.1664802542754,0.007741946656991919,0.5215258516467938,0.16495220380979864
129.16774237288135,0.007741871009196713,0.5216238908220614,0.16497150392449417
129.16900451615254,0.007741795361401507,0.5217219447338609,0.1649908009426823
129.17026668408965,0.0077417197136063,0.5218200133314003,0.16501009485162083
129.17152887669343,0.007741644065811094,0.5219180965638448,0.16502938563857267
129.17279109396455,0.007741568418015888,0.5220161943803814,0.16504867329080664
129.1740533359038,0.0077414927702206815,0.5221143067301324,0.16506795779559585
129.17531560251186,0.007741417122425476,0.5222124335622522,0.16508723914021803
129.17657789378947,0.00774134147463027,0.5223105748258955,0.16510651731195658
129.17784020973735,0.007741265826835063,0.5224087304701416,0.16512579229809912
129.17910255035622,0.007741190179039857,0.5225069004441131,0.16514506408593965
129.18036491564678,0.007741114531244651,0.5226050846968893,0.16516433266277533
129.1816273056098,0.007741038883449445,0.522703283177571,0.16518359801591043
129.18288972024598,0.007740963235654238,0.5228014958351734,0.16520286013265312
129.18415215955605,0.007740887587859032,0.5228997226188082,0.1652221190003166
129.1854146235407,0.0077408119400638265,0.5229979634775119,0.1652413746062192
129.18667711220073,0.00774073629226862,0.5230962183602995,0.16526062693768548
129.18793962553679,0.007740660644473414,0.5231944872161648,0.1652798759820433
129.18920216354962,0.007740584996678208,0.5232927699941226,0.16529912172662722
129.19046472623995,0.007740509348883001,0.5233910666431988,0.16531836415877657
129.1917273136085,0.007740433701087795,0.5234893771123549,0.1653376032658353
129.19298992565604,0.007740358053292589,0.5235877013505523,0.16535683903515286
129.1942525623832,0.007740282405497383,0.5236860393067632,0.16537607145408487
129.1955152237908,0.0077402067577021765,0.5237843909299167,0.16539530050999088
129.1967779098795,0.007740131109906971,0.523882756168953,0.1654145261902362
129.19804062065003,0.007740055462111765,0.5239811349728117,0.16543374848219114
129.19930335610317,0.007739979814316558,0.5240795272903581,0.1654529673732322
129.20056611623957,0.007739904166521352,0.5241779330705427,0.16547218285074014
129.20182890105997,0.007739828518726146,0.5242763522622303,0.1654913949021013
129.20309171056513,0.007739752870930939,0.5243747848142751,0.1655106035147079
129.20435454475574,0.007739677223135733,0.5244732306756171,0.1655298086759573
129.20561740363254,0.007739601575340527,0.5245716897950247,0.1655490103732515
129.20688028719627,0.007739525927545321,0.524670162121341,0.16556820859399857
129.20814319544763,0.007739450279750115,0.5247686476034741,0.1655874033256118
129.20940612838731,0.007739374631954909,0.5248671461901706,0.1656065945555103
129.2106690860161,0.007739298984159702,0.524965657830274,0.16562578227111827
129.2119320683347,0.007739223336364496,0.5250641824725742,0.16564496645986493
129.21319507534383,0.00773914768856929,0.5251627200658502,0.1656641471091855
129.2144581070442,0.007739072040774083,0.5252612705588808,0.16568332420652082
129.21572116343657,0.0077389963929788775,0.5253598339004345,0.16570249773931636
129.21698424452163,0.0077389207451836715,0.5254584100392582,0.16572166769502417
129.21824735030012,0.007738845097388465,0.5255569989240986,0.1657408340611017
129.21951048077273,0.007738769449593259,0.525655600503681,0.1657599968250105
129.22077363594025,0.007738693801798053,0.5257542147267633,0.16577915597421958
129.22203681580334,0.007738618154002847,0.525852841541974,0.16579831149620264
129.22330002036279,0.00773854250620764,0.5259514808980924,0.16581746337843914
129.22456324961925,0.007738466858412434,0.5260501327437793,0.16583661160841334
129.2258265035735,0.007738391210617228,0.526148797027728,0.16585575617361645
129.22708978222624,0.007738315562822022,0.5262474736985565,0.16587489706154468
129.2283530855782,0.007738239915026816,0.5263461627049797,0.16589403425969942
129.2296164136301,0.00773816426723161,0.526444863995594,0.16591316775558876
129.23087976638269,0.007738088619436403,0.5265435775191034,0.16593229753672545
129.23214314383665,0.007738012971641197,0.5266423032240724,0.16595142359062862
129.23340654599272,0.007737937323845991,0.5267410410591512,0.16597054590482296
129.23466997285166,0.007737861676050785,0.5268397909729364,0.16598966446683858
129.23593342441416,0.007737786028255578,0.5269385529140356,0.16600877926421184
129.23719690068094,0.0077377103804603725,0.5270373268310344,0.16602789028448434
129.23846040165273,0.0077376347326651666,0.5271361126724975,0.16604699751520366
129.2397239273303,0.00773755908486996,0.5272349103869786,0.16606610094392388
129.2409874777143,0.007737483437074754,0.5273337199230527,0.1660852005582031
129.24225105280547,0.007737407789279548,0.5274325412293058,0.1661042963456069
129.2435146526046,0.007737332141484341,0.5275313742542166,0.16612338829370663
129.24477827711235,0.007737256493689135,0.5276302189463172,0.16614247639007834
129.24604192632947,0.007737180845893929,0.5277290752541508,0.16616156062230458
129.24730560025668,0.0077371051980987225,0.5278279431262387,0.16618064097797447
129.24856929889467,0.007737029550303517,0.5279268225110489,0.16619971744468157
129.24983302224422,0.007736953902508311,0.5280257133571031,0.16621879001002648
129.25109677030605,0.007736878254713104,0.5281246156128367,0.16623785866161578
129.25236054308084,0.007736802606917898,0.5282235292267393,0.16625692338706088
129.25362434056936,0.007736726959122692,0.5283224541472893,0.16627598417398057
129.25488816277232,0.007736651311327485,0.5284213903229548,0.16629504100999878
129.25615200969045,0.007736575663532279,0.5285203377021391,0.16631409388274554
129.25741588132445,0.007736500015737073,0.5286192962332887,0.16633314277985642
129.25867977767507,0.0077364243679418675,0.5287182658648502,0.16635218768897422
129.25994369874303,0.007736348720146661,0.5288172465452269,0.16637122859774692
129.26120764452904,0.007736273072351455,0.528916238222801,0.1663902654938283
129.26247161503383,0.007736197424556249,0.5290152408459973,0.16640929836487858
129.26373561025818,0.007736121776761042,0.5291142543632302,0.16642832719856482
129.2649996302027,0.007736046128965836,0.5292132787228603,0.16644735198255847
129.26626367486824,0.00773597048117063,0.5293123138732159,0.16646637270453904
129.26752774425546,0.0077358948333754235,0.5294113597627327,0.1664853893521905
129.26879183836508,0.0077358191855802175,0.5295104163397071,0.16650440191320365
129.27005595719783,0.007735743537785012,0.5296094835525209,0.16652341037527532
129.27132010075445,0.007735667889989806,0.5297085613495134,0.16654241472610928
129.2725842690357,0.007735592242194599,0.5298076496790237,0.16656141495341448
129.27384846204222,0.007735516594399393,0.5299067484893158,0.1665804110449058
129.2751126797748,0.007735440946604187,0.530005857728772,0.16659940298830578
129.27637692223414,0.00773536529880898,0.5301049773456452,0.16661839077134255
129.27764118942096,0.007735289651013774,0.5302041072882963,0.16663737438174916
129.278905481336,0.0077352140032185684,0.5303032475049355,0.16665635380726712
129.28016979798,0.007735138355423362,0.5304023979439021,0.1666753290356429
129.28143413935365,0.007735062707628156,0.5305015585534385,0.1666943000546291
129.28269850545772,0.00773498705983295,0.5306007292818303,0.1667132668519851
129.28396289629288,0.007734911412037743,0.5306999100773094,0.1667322294154772
129.2852273118599,0.007734835764242537,0.5307991008881505,0.16675118773287678
129.2864917521595,0.007734760116447331,0.5308983016625962,0.16677014179196215
129.28775621719237,0.007734684468652124,0.5309975123488353,0.16678909158051872
129.28902070695926,0.0077346088208569185,0.5310967328951535,0.16680803708633624
129.29028522146092,0.0077345331730617126,0.5311959632497396,0.1668269782972133
129.29154976069805,0.007734457525266506,0.5312952033607717,0.16684591520095343
129.29281432467138,0.0077343818774713,0.5313944531765357,0.16686484778536706
129.29407891338164,0.007734306229676094,0.5314937126451557,0.1668837760382703
129.29534352682953,0.007734230581880887,0.5315929817148423,0.16690269994748697
129.2966081650158,0.007734154934085681,0.531692260333795,0.16692161950084647
129.29787282794118,0.007734079286290475,0.5317915484501387,0.16694053468618544
129.2991375156064,0.007734003638495269,0.5318908460121156,0.16695944549134561
129.30040222801216,0.007733927990700063,0.5319901529678075,0.16697835190417665
129.3016669651592,0.007733852342904857,0.5320894692654033,0.16699725391253448
129.30293172704825,0.007733776695109651,0.5321887948530598,0.1670161515042806
129.30419651368004,0.007733701047314444,0.5322881296789016,0.16703504466728492
129.3054613250553,0.007733625399519238,0.5323874736910531,0.16705393338942162
129.3067261611747,0.007733549751724032,0.5324868268376389,0.1670728176585731
129.30799102203903,0.007733474103928825,0.5325861890667944,0.1670916974626281
129.309255907649,0.007733398456133619,0.5326855603266226,0.16711057278948127
129.31052081800536,0.0077333228083384135,0.5327849405651944,0.1671294436270347
129.31178575310878,0.007733247160543208,0.5328843297306666,0.1671483099631969
129.31305071296003,0.007733171512748001,0.5329837277710886,0.1671671717858829
129.3143156975598,0.007733095864952795,0.5330831346345527,0.16718602908301405
129.31558070690886,0.007733020217157589,0.5331825502691515,0.1672048818425191
129.3168457410079,0.007732944569362382,0.5332819746229449,0.1672237300523335
129.31811079985766,0.007732868921567176,0.5333814076439826,0.16724257370039866
129.3193758834589,0.00773279327377197,0.5334808492803352,0.16726141277466314
129.32064099181227,0.0077327176259767635,0.533580299480074,0.167280247263083
129.32190612491857,0.007732641978181558,0.5336797581912267,0.167299077153619
129.32317128277847,0.007732566330386352,0.5337792253618322,0.16731790243424116
129.32443646539275,0.007732490682591145,0.5338787009399505,0.16733672309292497
129.3257016727621,0.007732415034795939,0.5339781848735561,0.1673555391176523
129.32696690488726,0.007732339387000733,0.5340776771107197,0.16737435049641303
129.32823216176894,0.007732263739205526,0.5341771775994053,0.1673931572172028
129.3294974434079,0.00773218809141032,0.5342766862877049,0.167411959268025
129.33076274980482,0.0077321124436151144,0.5343762031235502,0.167430756636889
129.33202808096047,0.007732036795819908,0.5344757280549581,0.1674495493118122
129.33329343687555,0.007731961148024702,0.534575261029957,0.16746833728081706
129.3345588175508,0.007731885500229496,0.5346748019964889,0.16748712053193512
129.33582422298696,0.00773180985243429,0.5347743509025602,0.16750589905320323
129.33708965318473,0.007731734204639083,0.5348739076961454,0.1675246728326658
129.33835510814484,0.007731658556843877,0.5349734723251974,0.16754344185837444
129.339620587868,0.007731582909048671,0.5350730447377012,0.16756220611838693
129.34088609235502,0.0077315072612534645,0.535172624881599,0.16758096560076868
129.34215162160652,0.0077314316134582586,0.5352722127048759,0.16759972029359185
129.34341717562327,0.007731355965663053,0.5353718081554526,0.16761847018493536
129.34468275440605,0.007731280317867846,0.5354714111812712,0.16763721526288577
129.34594835795548,0.00773120467007264,0.5355710217302952,0.1676559555155367
129.34721398627238,0.007731129022277434,0.5356706397504348,0.16767469093098805
129.34847963935744,0.007731053374482228,0.5357702651896322,0.16769342149734673
129.3497453172114,0.007730977726687021,0.5358698979958186,0.16771214720272784
129.35101101983494,0.007730902078891815,0.5359695381169041,0.16773086803525225
129.35227674722884,0.0077308264310966095,0.5360691855008094,0.16774958398304943
129.35354249939382,0.007730750783301403,0.5361688400954014,0.16776829503425475
129.35480827633057,0.007730675135506197,0.5362685018486655,0.16778700117701056
129.35607407803988,0.007730599487710991,0.536368170708447,0.1678057023994673
129.35733990452243,0.007730523839915784,0.5364678466226454,0.16782439868978272
129.35860575577894,0.007730448192120578,0.5365675295391811,0.16784309003611964
129.3598716318102,0.007730372544325372,0.5366672194058999,0.16786177642665068
129.36113753261685,0.007730296896530165,0.5367669161706902,0.16788045784955485
129.36240345819968,0.0077302212487349595,0.5368666197814621,0.1678991342930174
129.3636694085594,0.007730145600939754,0.5369663301860933,0.16791780574523105
129.36493538369675,0.007730069953144547,0.5370660473323865,0.16793647219439753
129.3662013836124,0.007729994305349341,0.5371657711682839,0.1679551336287233
129.36746740830716,0.007729918657554135,0.5372655016415989,0.1679737900364234
129.36873345778173,0.007729843009758928,0.5373652387002307,0.1679924414057216
129.3699995320368,0.007729767361963722,0.5374649822919819,0.16801108772484497
129.3712656310731,0.007729691714168516,0.5375647323646983,0.16802972898203195
129.37253175489144,0.0077296160663733095,0.5376644888662897,0.16804836516552624
129.37379790349246,0.007729540418578104,0.5377642517445373,0.16806699626357924
129.3750640768769,0.007729464770782898,0.5378640209473299,0.16808562226444967
129.37633027504552,0.007729389122987692,0.5379637964224376,0.16810424315640377
129.37759649799904,0.007729313475192485,0.5380635781177493,0.16812285892771567
129.37886274573816,0.007729237827397279,0.5381633659810674,0.16814146956666542
129.38012901826363,0.007729162179602073,0.5382631599601947,0.16816007506154176
129.3813953155762,0.007729086531806866,0.5383629600029767,0.16817867540064105
129.38266163767656,0.0077290108840116604,0.5384627660572269,0.16819727057226538
129.38392798456545,0.0077289352362164545,0.5385625780707587,0.1682158605647261
129.3851943562436,0.007728859588421248,0.5386623959913426,0.16823444536634147
129.3864607527117,0.007728783940626042,0.5387622197668562,0.1682530249654363
129.38772717397057,0.007728708292830836,0.5388620493450381,0.1682715993503442
129.38899362002084,0.00772863264503563,0.5389618846737338,0.16829016850940587
129.3902600908633,0.007728556997240423,0.5390617257007138,0.1683087324309693
129.39152658649868,0.007728481349445217,0.5391615723737592,0.16832729110339043
129.39279310692766,0.007728405701650011,0.5392614246407049,0.1683458445150311
129.39405965215101,0.0077283300538548046,0.5393612824492786,0.16836439265426353
129.39532622216942,0.007728254406059599,0.5394611457473258,0.16838293550946562
129.39659281698366,0.007728178758264393,0.5395610144825956,0.16840147306902262
129.39785943659444,0.007728103110469186,0.5396608886028477,0.16842000532132886
129.39912608100246,0.00772802746267398,0.5397607680558956,0.1684385322547843
129.4003927502085,0.007727951814878774,0.5398606527895096,0.1684570538577988
129.40165944421327,0.007727876167083567,0.5399605427514175,0.16847557011878814
129.4029261630175,0.007727800519288361,0.5400604378894432,0.16849408102617608
129.40419290662186,0.0077277248714931555,0.5401603381513467,0.16851258656839474
129.40545967502717,0.007727649223697949,0.5402602434848448,0.16853108673388312
129.40672646823413,0.007727573575902743,0.5403601538377615,0.16854958151108815
129.40799328624342,0.007727497928107537,0.5404600691577923,0.16856807088846476
129.4092601290558,0.00772742228031233,0.5405599893927184,0.1685865548544756
129.41052699667202,0.007727346632517124,0.5406599144903104,0.16860503339758998
129.4117938890928,0.007727270984721918,0.5407598443983171,0.16862350650628632
129.41306080631884,0.007727195336926712,0.5408597790644663,0.1686419741690502
129.4143277483509,0.0077271196891315055,0.540959718436539,0.16866043637437508
129.41559471518968,0.0077270440413363,0.541059662462263,0.16867889311076234
129.41686170683593,0.007726968393541094,0.5411596110893765,0.16869734436672046
129.4181287232904,0.007726892745745887,0.54125956426565,0.16871579013076646
129.41939576455377,0.007726817097950681,0.5413595219387682,0.16873423039142493
129.42066283062678,0.007726741450155475,0.5414594840565338,0.1687526651372282
129.42192992151018,0.007726665802360268,0.5415594505666312,0.16877109435671725
129.42319703720472,0.007726590154565062,0.5416594214168634,0.16878951803843914
129.42446417771103,0.007726514506769856,0.5417593965548828,0.16880793617095044
129.42573134302995,0.0077264388589746505,0.541859375928492,0.16882634874281463
129.42699853316216,0.007726363211179444,0.5419593594853864,0.1688447557426045
129.4282657481084,0.007726287563384238,0.542059347173283,0.16886315715889885
129.42953298786938,0.007726211915589032,0.5421593389399413,0.16888155298028595
129.43080025244583,0.007726136267793825,0.5422593347330676,0.16889994319536084
129.4320675418385,0.007726060619998619,0.5423593345004002,0.1689183277927273
129.4333348560481,0.007725984972203413,0.5424593381896773,0.1689367067609963
129.4346021950754,0.0077259093244082064,0.5425593457485944,0.16895508008878815
129.43586955892107,0.0077258336766130005,0.5426593571248898,0.16897344776472967
129.43713694758588,0.007725758028817795,0.5427593722662695,0.1689918097774568
129.43840436107055,0.007725682381022588,0.542859391120472,0.1690101661156124
129.4396717993758,0.007725606733227382,0.5429594136352354,0.1690285167678486
129.44093926250233,0.007725531085432176,0.5430594397582337,0.1690468617228243
129.44220675045094,0.007725455437636969,0.5431594694371839,0.16906520096920746
129.4434742632223,0.007725379789841763,0.5432595026198884,0.16908353449567357
129.44474180081716,0.007725304142046557,0.5433595392539463,0.1691018622909066
129.44600936323627,0.007725228494251351,0.5434595792871816,0.16912018434359882
129.44727695048033,0.007725152846456145,0.543559622667236,0.1691385006424487
129.44854456255007,0.007725077198660939,0.5436596693418478,0.16915681117616527
129.44981219944626,0.007725001550865732,0.5437597192587448,0.16917511593346496
129.45107986116955,0.007724925903070526,0.5438597723656329,0.16919341490307108
129.45234754772073,0.00772485025527532,0.5439598286102183,0.1692117080737168
129.45361525910053,0.007724774607480114,0.5440598879402285,0.1692299954341428
129.45488299530967,0.007724698959684907,0.5441599503033805,0.1692482769730978
129.45615075634885,0.0077246233118897015,0.5442600156473695,0.16926655267933863
129.45741854221885,0.0077245476640944956,0.544360083919934,0.1692848225416303
129.45868635292035,0.007724472016299289,0.5444601550687692,0.16930308654874687
129.45995418845413,0.007724396368504083,0.5445602290416027,0.16932134468946936
129.46122204882087,0.007724320720708877,0.5446603057861301,0.1693395969525883
129.46248993402133,0.007724245072913671,0.5447603852500681,0.16935784332690082
129.46375784405626,0.007724169425118464,0.5448604673811549,0.1693760838012145
129.46502577892633,0.007724093777323258,0.5449605521270967,0.16939431836434327
129.4662937386323,0.007724018129528052,0.5450606394355998,0.1694125470051103
129.46756172317492,0.007723942481732846,0.5451607292543807,0.16943076971234725
129.46882973255487,0.00772386683393764,0.5452608215311566,0.16944898647489295
129.47009776677294,0.007723791186142434,0.5453609162136657,0.16946719728159607
129.47136582582982,0.007723715538347227,0.545461013249571,0.169485402121313
129.47263390972626,0.007723639890552021,0.5455611125866539,0.16950360098290704
129.47390201846298,0.007723564242756815,0.5456612141725989,0.16952179385525243
129.4751701520407,0.007723488594961608,0.5457613179551232,0.1695399807272305
129.47643831046017,0.007723412947166402,0.5458614238819862,0.16955816158773032
129.47770649372208,0.0077233372993711965,0.5459615319008513,0.16957633642565048
129.47897470182724,0.00772326165157599,0.5460616419594889,0.16959450522989797
129.4802429347763,0.007723186003780784,0.5461617540055945,0.16961266798938687
129.48151119257003,0.007723110355985578,0.5462618679868955,0.16963082469304122
129.48277947520913,0.007723034708190371,0.5463619838511197,0.16964897532979265
129.48404778269438,0.007722959060395165,0.5464621015460158,0.16966711988858207
129.48531611502645,0.007722883412599959,0.5465622210192795,0.16968525835835782
129.48658447220612,0.0077228077648047525,0.5466623422186062,0.16970339072807708
129.4878528542341,0.0077227321170095465,0.5467624650918413,0.1697215169867061
129.4891212611111,0.007722656469214341,0.5468625895866266,0.16973963712321877
129.4903896928379,0.007722580821419135,0.5469627156507005,0.1697577511265983
129.4916581494152,0.007722505173623928,0.5470628432318226,0.1697758589858361
129.49292663084373,0.007722429525828722,0.5471629722777207,0.16979396068993202
129.4941951371242,0.007722353878033516,0.5472631027361115,0.16981205622789425
129.4954636682574,0.007722278230238309,0.5473632345547762,0.16983014558874054
129.496732224244,0.007722202582443103,0.5474633676814317,0.16984822876149575
129.49800080508473,0.0077221269346478974,0.5475635020638163,0.16986630573519493
129.49926941078039,0.007722051286852691,0.5476636376496897,0.16988437649888022
129.50053804133165,0.007721975639057485,0.5477637743867904,0.16990244104160335
129.50180669673924,0.007721899991262279,0.5478639122228565,0.1699204993524246
129.5030753770039,0.007721824343467073,0.5479640511056478,0.16993855142041261
129.50434408212638,0.007721748695671866,0.5480641909829457,0.1699565972346452
129.5056128121074,0.00772167304787666,0.5481643318024775,0.16997463678420766
129.50688156694767,0.007721597400081454,0.5482644735119602,0.16999267005819485
129.50815034664797,0.0077215217522862475,0.5483646160592179,0.1700106970457108
129.50941915120896,0.0077214461044910416,0.5484647593920104,0.17002871773586736
129.51068798063145,0.007721370456695836,0.5485649034580654,0.17004673211778554
129.5119568349161,0.007721294808900629,0.5486650482051639,0.1700647401805946
129.51322571406368,0.007721219161105423,0.5487651935810657,0.17008274191343278
129.5144946180749,0.007721143513310217,0.5488653395335843,0.17010073730544745
129.51576354695052,0.00772106786551501,0.5489654860104473,0.17011872634579467
129.51703250069124,0.007720992217719804,0.5490656329594358,0.1701367090236384
129.5183014792978,0.007720916569924598,0.5491657803283417,0.17015468532815262
129.51957048277094,0.007720840922129392,0.5492659280649572,0.17017265524851946
129.5208395111114,0.007720765274334186,0.5493660761170633,0.1701906187739293
129.52210856431986,0.00772068962653898,0.5494662244324414,0.17020857589358246
129.52337764239712,0.007720613978743773,0.5495663729588618,0.17022652659668783
129.5246467453439,0.007720538330948567,0.5496665216441381,0.17024447087246214
129.52591587316087,0.007720462683153361,0.5497666704360836,0.17026240871013232
129.5271850258488,0.007720387035358154,0.5498668192824903,0.17028034009893342
129.52845420340844,0.007720311387562948,0.54996696813115,0.17029826502810913
129.52972340584049,0.0077202357397677425,0.5500671169298655,0.1703161834869134
129.5309926331457,0.007720160091972537,0.5501672656264718,0.17033409546460676
129.5322618853248,0.00772008444417733,0.5502674141687607,0.17035200095046105
129.5335311623785,0.007720008796382124,0.5503675625045563,0.17036989993375565
129.53480046430755,0.007719933148586918,0.5504677105816721,0.17038779240377921
129.5360697911127,0.007719857500791711,0.5505678583479214,0.1704056783498288
129.53733914279465,0.007719781852996505,0.5506680057511715,0.1704235577612117
129.53860851935414,0.007719706205201299,0.5507681527392249,0.17044143062724273
129.5398779207919,0.007719630557406093,0.5508682992599057,0.1704592969372469
129.54114734710868,0.007719554909610887,0.5509684452610701,0.17047715668055768
129.54241679830517,0.007719479261815681,0.5510685906905856,0.17049500984651703
129.54368627438214,0.007719403614020475,0.551168735496233,0.170512856424477
129.5449557753403,0.007719327966225268,0.5512688796259118,0.17053069640379745
129.5462253011804,0.007719252318430062,0.5513690230274675,0.1705485297738485
129.54749485190317,0.007719176670634856,0.5514691656487564,0.17056635652400837
129.54876442750933,0.007719101022839649,0.5515693074376241,0.17058417664366518
129.5500340279996,0.0077190253750444434,0.5516694483419484,0.17060199012221447
129.55130365337473,0.0077189497272492375,0.5517695883096071,0.17061979694906346
129.55257330363546,0.007718874079454031,0.5518697272884887,0.17063759711362608
129.5538429787825,0.007718798431658825,0.5519698652264281,0.1706553906053268
129.55511267881658,0.007718722783863619,0.552070002071346,0.17067317741359786
129.55638240373847,0.007718647136068412,0.5521701377710987,0.17069095752788296
129.55765215354887,0.007718571488273206,0.5522702722736283,0.1707087309376322
129.5589219282485,0.007718495840478,0.5523704055267912,0.17072649763230613
129.56019172783812,0.0077184201926827935,0.5524705374785188,0.1707442576013751
129.56146155231843,0.0077183445448875876,0.5525706680766568,0.17076201083431714
129.5627314016902,0.007718268897092382,0.5526707972691794,0.17077975732062092
129.56400127595415,0.007718193249297175,0.5527709250039538,0.17079749704978356
129.565271175111,0.007718117601501969,0.5528710512289434,0.17081523001131044
129.5665410991615,0.007718041953706763,0.5529711758920691,0.1708329561947182
129.56781104810636,0.007717966305911557,0.5530712989412409,0.17085067558953132
129.56908102194632,0.00771789065811635,0.55317142032439,0.1708683881852842
129.5703510206821,0.007717815010321144,0.553271539989491,0.17088609397151927
129.57162104431447,0.0077177393625259385,0.5533716578844536,0.17090379293778965
129.57289109284415,0.007717663714730732,0.5534717739572632,0.17092148507365693
129.5741611662718,0.007717588066935526,0.5535718881558082,0.17093917036869247
129.57543126459828,0.00771751241914032,0.5536720004281378,0.17095684881247658
129.57670138782422,0.007717436771345113,0.5537721107221623,0.17097452039459787
129.57797153595038,0.007717361123549907,0.5538722189858666,0.1709921851046571
129.57924170897752,0.007717285475754701,0.5539723251672466,0.17100984293226146
129.58051190690634,0.007717209827959495,0.5540724292142658,0.1710274938670288
129.5817821297376,0.0077171341801642885,0.5541725310748986,0.17104513789858572
129.583052377472,0.007717058532369083,0.5542726306971731,0.1710627750165688
129.5843226501103,0.007716982884573877,0.554372728029085,0.1710804052106237
129.5855929476532,0.00771690723677867,0.5544728230185979,0.17109802847040567
129.58686327010147,0.007716831588983464,0.554572915613772,0.17111564478557884
129.5881336174558,0.007716755941188258,0.5546730057626246,0.17113325414581698
129.589403989717,0.007716680293393051,0.5547730934131193,0.17115085654080345
129.59067438688572,0.007716604645597845,0.5548731785133485,0.17116845196023067
129.59194480896272,0.007716528997802639,0.5549732610113294,0.17118604039380092
129.59321525594873,0.007716453350007433,0.5550733408551115,0.17120362183122573
129.5944857278445,0.007716377702212227,0.5551734179927335,0.17122119626222534
129.59575622465076,0.007716302054417021,0.5552734923722233,0.17123876367653082
129.59702674636821,0.007716226406621814,0.5553735639416735,0.17125632406388142
129.59829729299764,0.007716150758826608,0.5554736326491225,0.17127387741402733
129.59956786453972,0.007716075111031402,0.5555736984426952,0.1712914237167264
129.60083846099522,0.007715999463236195,0.5556737612704193,0.1713089629617475
129.60210908236488,0.0077159238154409894,0.5557738210804196,0.17132649513886838
129.60337972864937,0.0077158481676457835,0.5558738778207561,0.17134402023787593
129.6046503998495,0.007715772519850578,0.5559739314395321,0.17136153824856712
129.60592109596598,0.007715696872055371,0.5560739818848719,0.17137904916074903
129.60719181699955,0.007715621224260165,0.556174029104868,0.17139655296423673
129.6084625629509,0.007715545576464959,0.5562740730476556,0.1714140496488557
129.6097333338208,0.007715469928669752,0.5563741136613487,0.1714315392044417
129.61100412960997,0.007715394280874546,0.5564741508940931,0.17144902162083864
129.61227495031915,0.00771531863307934,0.5565741846940029,0.17146649688790083
129.61354579594908,0.0077152429852841336,0.5566742150092561,0.17148396499549276
129.61481666650047,0.007715167337488928,0.556774241787988,0.17150142593348708
129.61608756197407,0.007715091689693722,0.5568742649783552,0.17151887969176693
129.61735848237063,0.007715016041898516,0.5569742845285577,0.17153632626022508
129.61862942769085,0.007714940394103309,0.5570743003867091,0.1715537656287642
129.61990039793548,0.007714864746308103,0.5571743125010842,0.17157119778729538
129.62117139310521,0.007714789098512897,0.5572743208197647,0.17158862272574077
129.62244241320087,0.00771471345071769,0.5573743252910359,0.1716060404340318
129.6237134582231,0.0077146378029224845,0.5574743258630441,0.17162345090210904
129.6249845281727,0.0077145621551272785,0.5575743224840531,0.171640854119923
129.62625562305035,0.007714486507332072,0.5576743151022413,0.1716582500774346
129.62752674285682,0.007714410859536866,0.5577743036658511,0.1716756387646131
129.62879788759278,0.00771433521174166,0.5578742881231252,0.17169302017143934
129.63006905725908,0.007714259563946453,0.5579742684222954,0.1717103942879017
129.63134025185636,0.007714183916151247,0.5580742445116041,0.17172776110399962
129.63261147138536,0.007714108268356041,0.5581742163393371,0.17174512060974242
129.63388271584685,0.0077140326205608345,0.5582741838537261,0.17176247279514886
129.63515398524154,0.007713956972765629,0.5583741470030994,0.17177981765024689
129.63642527957018,0.007713881324970423,0.5584741057356784,0.17179715516507513
129.6376965988335,0.007713805677175216,0.5585740599997697,0.1718144853296819
129.6389679430322,0.00771373002938001,0.5586740097437127,0.1718318081341242
129.64023931216707,0.007713654381584804,0.5587739549157607,0.17184912356847
129.6415107062388,0.007713578733789597,0.5588738954642635,0.17186643162279772
129.64278212524815,0.007713503085994391,0.5589738313375279,0.17188373228719298
129.64405356919582,0.007713427438199185,0.5590737624838718,0.1719010255517539
129.64532503808258,0.0077133517904039795,0.5591736888516772,0.171918311406587
129.64659653190913,0.007713276142608773,0.5592736103892831,0.17193558984181
129.64786805067624,0.007713200494813567,0.5593735270450182,0.17195286084754843
129.64913959438462,0.007713124847018361,0.5594734387672535,0.17197012441393922
129.65041116303502,0.007713049199223154,0.5595733455043927,0.1719873805311291
129.65168275662816,0.007712973551427948,0.5596732472047857,0.17200462918927387
129.65295437516477,0.007712897903632742,0.5597731438168358,0.17202187037853972
129.65422601864563,0.0077128222558375354,0.5598730352889576,0.17203910408910342
129.6554976870714,0.0077127466080423295,0.559972921569522,0.17205633031115058
129.65676938044285,0.007712670960247124,0.5600728026069972,0.1720735490348768
129.65804109876072,0.007712595312451918,0.5601726783497973,0.17209076025048828
129.65931284202574,0.007712519664656711,0.5602725487463475,0.17210796394820152
129.66058461023866,0.007712444016861505,0.5603724137450831,0.1721251601182411
129.66185640340018,0.007712368369066299,0.5604722732944615,0.17214234875084347
129.66312822151104,0.007712292721271092,0.5605721273429614,0.17215952983625435
129.664400064572,0.007712217073475886,0.5606719758390719,0.17217670336472926
129.66567193258376,0.00771214142568068,0.5607718187312182,0.17219386932653385
129.66694382554712,0.007712065777885474,0.5608716559679431,0.17221102771194402
129.66821574346272,0.007711990130090268,0.5609714874977468,0.17222817851124564
129.66948768633137,0.007711914482295062,0.561071313269108,0.1722453217147341
129.67075965415376,0.007711838834499855,0.5611711332305802,0.17226245731271528
129.67203164693063,0.007711763186704649,0.5612709473306529,0.17227958529550522
129.67330366466277,0.007711687538909443,0.5613707555179119,0.17229670565342914
129.67457570735084,0.007711611891114236,0.5614705577408682,0.17231381837682352
129.6758477749956,0.0077115362433190305,0.5615703539480967,0.17233092345603418
129.67711986759778,0.0077114605955238245,0.561670144088205,0.1723480208814173
129.67839198515816,0.007711384947728618,0.5617699281096932,0.17236511064333926
129.6796641276774,0.007711309299933412,0.5618697059611791,0.17238219273217514
129.68093629515627,0.007711233652138206,0.5619694775913026,0.1723992671383123
129.68220848759552,0.007711158004343,0.5620692429486386,0.1724163338521469
129.6834807049959,0.007711082356547793,0.5621690019818054,0.17243339286408582
129.68475294735808,0.007711006708752587,0.5622687546394317,0.17245044416454516
129.68602521468284,0.007710931060957381,0.5623685008701571,0.17246748774395168
129.6872975069709,0.007710855413162175,0.5624682406226427,0.17248452359274294
129.688569824223,0.007710779765366969,0.5625679738455278,0.17250155170136589
129.6898421664399,0.007710704117571763,0.5626677004874951,0.17251857206027715
129.69111453362228,0.007710628469776556,0.5627674204972378,0.1725355846599454
129.6923869257709,0.00771055282198135,0.5628671338233954,0.1725525894908471
129.69365934288652,0.007710477174186144,0.5629668404147469,0.1725695865434706
129.69493178496984,0.007710401526390938,0.5630665402199426,0.17258657580831374
129.6962042520216,0.007710325878595731,0.5631662331877294,0.1726035572758856
129.69747674404258,0.0077102502308005255,0.5632659192668218,0.17262053093670301
129.69874926103344,0.0077101745830053196,0.5633655984059883,0.17263749678129578
129.70002180299497,0.007710098935210113,0.5634652705539863,0.172654454800203
129.7012943699279,0.007710023287414907,0.5635649356595629,0.17267140498397274
129.70256696183293,0.007709947639619701,0.5636645936715183,0.17268834732316504
129.70383957871084,0.007709871991824494,0.5637642445385888,0.17270528180835001
129.70511222056234,0.007709796344029288,0.5638638882096177,0.17272220843010638
129.70638488738814,0.007709720696234082,0.5639635246333949,0.17273912717902554
129.70765757918903,0.0077096450484388755,0.5640631537587745,0.17275603804570708
129.70893029596573,0.00770956940064367,0.5641627755345675,0.1727729410207624
129.71020303771894,0.007709493752848464,0.5642623899096176,0.17278983609481194
129.71147580444944,0.007709418105053257,0.5643619968327466,0.1728067232584877
129.71274859615792,0.007709342457258051,0.5644615962528623,0.17282360250243112
129.71402141284517,0.007709266809462845,0.5645611881188296,0.17284047381729434
129.7152942545119,0.007709191161667638,0.5646607723795563,0.1728573371937394
129.7165671211588,0.007709115513872432,0.5647603489838965,0.172874192622439
129.71784001278667,0.007709039866077226,0.5648599178807902,0.17289104009407652
129.71911292939623,0.00770896421828202,0.5649594790191772,0.17290787959934495
129.7203858709882,0.007708888570486814,0.5650590323479655,0.17292471112894858
129.7216588375633,0.007708812922691608,0.5651585778161166,0.17294153467360107
129.7229318291223,0.007708737274896402,0.5652581153725916,0.17295835022402764
129.72420484566595,0.007708661627101195,0.5653576449663414,0.17297515777096256
129.72547788719493,0.007708585979305989,0.5654571665463705,0.1729919573051513
129.72675095371002,0.007708510331510783,0.5655566800616721,0.1730087488173499
129.72802404521195,0.0077084346837155765,0.565656185461251,0.1730255322983244
129.72929716170142,0.0077083590359203705,0.5657556826941005,0.1730423077388509
129.7305703031792,0.007708283388125165,0.5658551717092788,0.17305907512971683
129.73184346964604,0.007708207740329958,0.5659546524558222,0.17307583446171984
129.73311666110263,0.007708132092534752,0.5660541248827782,0.1730925857256675
129.73438987754972,0.007708056444739546,0.5661535889392261,0.17310932891237785
129.73566311898807,0.00770798079694434,0.5662530445742454,0.17312606401268027
129.7369363854184,0.007707905149149133,0.566352491736937,0.17314279101741414
129.73820967684145,0.007707829501353927,0.5664519303763697,0.17315950991742893
129.73948299325792,0.0077077538535587214,0.5665513604416978,0.17317622070358477
129.74075633466862,0.007707678205763515,0.5666507818820226,0.17319292336675318
129.74202970107422,0.007707602557968309,0.5667501946464983,0.17320961789781458
129.7433030924755,0.007707526910173103,0.5668495986843011,0.1732263042876609
129.74457650887317,0.007707451262377896,0.566948993944564,0.1732429825271951
129.74584995026797,0.00770737561458269,0.567048380376506,0.17325965260732912
129.74712341666063,0.007707299966787484,0.5671477579292602,0.1732763145189867
129.7483969080519,0.007707224318992277,0.5672471265521098,0.17329296825310203
129.7496704244425,0.0077071486711970715,0.5673464861942095,0.17330961380061916
129.7509439658332,0.0077070730234018656,0.5674458368048211,0.173326251152493
129.7522175322247,0.007706997375606659,0.5675451783331849,0.17334288029969033
129.75349112361772,0.007706921727811453,0.5676445107285735,0.17335950123318547
129.75476474001306,0.007706846080016247,0.5677438339402273,0.17337611394396665
129.75603838141143,0.00770677043222104,0.5678431479174512,0.17339271842303056
129.75731204781354,0.007706694784425834,0.5679424526095498,0.17340931466138512
129.75858573922014,0.007706619136630628,0.5680417479658386,0.17342590265004904
129.75985945563195,0.007706543488835422,0.5681410339356009,0.17344248238005172
129.76113319704976,0.007706467841040216,0.5682403104682167,0.17345905384243254
129.76240696347426,0.00770639219324501,0.568339577513012,0.173475617028242
129.7636807549062,0.007706316545449804,0.5684388350193776,0.17349217192854102
129.76495457134635,0.007706240897654597,0.5685380829366934,0.1735087185344017
129.76622841279536,0.007706165249859391,0.568637321214296,0.17352525683690612
129.76750227925405,0.007706089602064185,0.5687365498016622,0.17354178682714722
129.76877617072313,0.007706013954268978,0.568835768648161,0.17355830849622858
129.7700500872033,0.007705938306473772,0.5689349777032581,0.17357482183526451
129.77132402869535,0.0077058626586785665,0.5690341769163763,0.1735913268353807
129.7725979952,0.007705787010883361,0.5691333662370348,0.1736078234877123
129.77387198671795,0.007705711363088154,0.5692325456146137,0.17362431178340565
129.77514600325,0.007705635715292948,0.5693317149986858,0.17364079171361765
129.77642004479682,0.007705560067497742,0.5694308743387062,0.17365726326951658
129.77769411135924,0.007705484419702535,0.5695300235842157,0.17367372644228107
129.7789682029379,0.007705408771907329,0.5696291626847335,0.17369018122309987
129.78024231953356,0.007705333124112123,0.5697282915898113,0.17370662760317326
129.78151646114702,0.0077052574763169165,0.5698274102490113,0.17372306557371198
129.78279062777892,0.007705181828521711,0.5699265186119171,0.1737394951259374
129.78406481943009,0.007705106180726505,0.5700256166280697,0.17375591625108128
129.7853390361012,0.007705030532931298,0.5701247042471601,0.1737723289403878
129.786613277793,0.007704954885136092,0.5702237814187289,0.1737887331851095
129.78788754450625,0.007704879237340886,0.5703228480924244,0.1738051289765115
129.78916183624168,0.007704803589545679,0.570421904217916,0.1738215163058694
129.790436153,0.007704727941750473,0.5705209497448627,0.1738378951644684
129.791710494782,0.0077046522939552674,0.5706199846229124,0.17385426554360603
129.79298486158837,0.007704576646160061,0.5707190088017777,0.1738706274345901
129.79425925341985,0.007704500998364855,0.5708180222311604,0.1738869808287385
129.7955336702772,0.007704425350569649,0.570917024860805,0.17390332571738104
129.79680811216113,0.007704349702774442,0.5710160166404239,0.17391966209185772
129.79808257907243,0.007704274054979236,0.5711149975197728,0.17393598994351953
129.79935707101177,0.00770419840718403,0.5712139674485853,0.17395230926372834
129.80063158797992,0.007704122759388824,0.5713129263767136,0.17396862004385644
129.80190612997762,0.0077040471115936175,0.5714118742538915,0.17398492227528808
129.80318069700562,0.0077039714637984116,0.5715108110299602,0.17400121594941698
129.8044552890646,0.007703895816003206,0.5716097366547288,0.1740175010576484
129.8057299061554,0.007703820168207999,0.5717086510780385,0.17403377759139893
129.80700454827863,0.007703744520412793,0.5718075542497841,0.17405004554209522
129.8082792154351,0.007703668872617587,0.5719064461197855,0.17406630490117472
129.8095539076256,0.00770359322482238,0.5720053266379589,0.17408255566008723
129.81082862485076,0.007703517577027174,0.5721041957541991,0.17409879781029106
129.81210336711135,0.007703441929231968,0.5722030534184441,0.17411503134325793
129.81337813440814,0.0077033662814367625,0.5723018995805994,0.17413125625046874
129.81465292674187,0.007703290633641556,0.5724007341906456,0.17414747252341592
129.81592774411322,0.00770321498584635,0.5724995571985206,0.17416368015360353
129.817202586523,0.007703139338051144,0.5725983685542266,0.1741798791325446
129.8184774539719,0.007703063690255937,0.5726971682077656,0.17419606945176513
129.81975234646066,0.007702988042460731,0.5727959561091291,0.17421225110280072
129.82102726399003,0.007702912394665525,0.5728947322083515,0.17422842407719907
129.82230220656078,0.007702836746870318,0.5729934964554885,0.17424458836651793
129.82357717417358,0.0077027610990751125,0.573092248800596,0.1742607439623259
129.8248521668292,0.007702685451279907,0.5731909891937297,0.17427689085620351
129.82612718452842,0.0077026098034847,0.5732897175850312,0.17429302903974164
129.82740222727188,0.007702534155689494,0.573388433924578,0.17430915850454196
129.8286772950604,0.007702458507894288,0.5734871381624901,0.17432527924221777
129.8299523878947,0.007702382860099081,0.573585830248952,0.17434139124439296
129.8312275057755,0.007702307212303875,0.5736845101340733,0.1743574945027017
129.83250264870355,0.007702231564508669,0.5737831777680599,0.17437358900879063
129.83377781667963,0.0077021559167134625,0.5738818331010749,0.17438967475431694
129.83505300970438,0.007702080268918257,0.5739804760833673,0.1744057517309481
129.8363282277786,0.007702004621123051,0.5740791066651216,0.17442181993036307
129.83760347090302,0.007701928973327845,0.5741777247965868,0.17443787934425187
129.8388787390784,0.007701853325532638,0.5742763304280546,0.1744539299643159
129.84015403230546,0.007701777677737432,0.5743749235097418,0.17446997178226742
129.84142935058492,0.007701702029942226,0.574473503991994,0.17448600478982912
129.84270469391754,0.007701626382147019,0.574572071825103,0.17450202897873524
129.84398006230404,0.0077015507343518134,0.5746706269593711,0.17451804434073162
129.8452554557452,0.0077014750865566075,0.5747691693451656,0.17453405086757404
129.84653087424172,0.007701399438761401,0.5748676989328426,0.17455004855103032
129.84780631779432,0.007701323790966195,0.5749662156727583,0.17456603738287876
129.8490817864038,0.007701248143170989,0.5750647195153333,0.17458201735490902
129.85035728007082,0.007701172495375783,0.5751632104109669,0.17459798845892152
129.8516327987962,0.007701096847580576,0.5752616883100471,0.17461395068672886
129.85290834258063,0.00770102119978537,0.5753601531631021,0.1746299040301531
129.85418391142485,0.007700945551990164,0.5754586049205096,0.17464584848102907
129.85545950532963,0.0077008699041949576,0.5755570435327972,0.17466178403120136
129.85673512429568,0.007700794256399752,0.575655468950461,0.17467771067252666
129.85801076832374,0.007700718608604546,0.5757538811239964,0.17469362839687158
129.85928643741454,0.007700642960809339,0.5758522800039421,0.17470953719611546
129.86056213156886,0.007700567313014133,0.575950665540826,0.17472543706214783
129.86183785078737,0.007700491665218927,0.5760490376852403,0.1747413279868693
129.8631135950709,0.00770041601742372,0.5761473963877666,0.17475720996219202
129.8643893644201,0.007700340369628514,0.5762457415990186,0.1747730829800389
129.86566515883575,0.0077002647218333085,0.5763440732695886,0.1747889470323442
129.8669409783186,0.007700189074038102,0.5764423913501331,0.17480480211105445
129.86821682286939,0.007700113426242896,0.5765406957912768,0.17482064820812504
129.86949269248882,0.00770003777844769,0.5766389865437404,0.1748364853155242
129.87076858717765,0.007699962130652483,0.5767372635581592,0.17485231342523141
129.87204450693662,0.007699886482857277,0.5768355267852971,0.1748681325292361
129.8733204517665,0.007699810835062071,0.5769337761758432,0.1748839426195403
129.87459642166797,0.007699735187266864,0.5770320116805717,0.17489974368815653
129.87587241664178,0.0076996595394716585,0.577130233250204,0.17491553572710855
129.8771484366887,0.007699583891676453,0.5772284408355575,0.174931318728431
129.87842448180947,0.007699508243881247,0.5773266343874282,0.1749470926841708
129.87970055200483,0.00769943259608604,0.5774248138566124,0.17496285758638552
129.88097664727547,0.007699356948290834,0.5775229791939706,0.17497861342714333
129.8822527676222,0.007699281300495628,0.5776211303503309,0.17499436019852463
129.8835289130457,0.007699205652700421,0.5777192672765968,0.17501009789262018
129.88480508354672,0.007699130004905215,0.5778173899236182,0.1750258265015331
129.88608127912602,0.007699054357110009,0.5779154982423628,0.17504154601737623
129.88735749978434,0.007698978709314803,0.5780135921837124,0.1750572564322755
129.8886337455224,0.007698903061519597,0.5781116716986457,0.17507295773836654
129.88991001634093,0.007698827413724391,0.5782097367380875,0.17508864992779702
129.8911863122407,0.007698751765929185,0.5783077872530377,0.17510433299272576
129.89246263322246,0.007698676118133978,0.5784058231945393,0.17512000692532287
129.89373897928692,0.007698600470338772,0.5785038445135922,0.1751356717177695
129.89501535043482,0.007698524822543566,0.5786018511611963,0.17515132736225894
129.89629174666692,0.0076984491747483594,0.578699843088459,0.17516697385099417
129.8975681679839,0.0076983735269531535,0.5787978202464445,0.17518261117619097
129.89884461438658,0.007698297879157948,0.5788957825862496,0.1751982393300756
129.90012108587567,0.007698222231362741,0.5789937300589919,0.17521385830488675
129.9013975824519,0.007698146583567535,0.5790916626158111,0.17522946809287232
129.902674104116,0.007698070935772329,0.5791895802078681,0.17524506868629364
129.90395065086872,0.007697995287977122,0.5792874827863238,0.1752606600774229
129.9052272227108,0.007697919640181916,0.5793853703023819,0.17527624225854205
129.90650381964298,0.00769784399238671,0.5794832427072355,0.17529181522194648
129.90778044166603,0.007697768344591504,0.579581099952153,0.17530737895994145
129.90905708878063,0.007697692696796298,0.5796789419883595,0.1753229334648449
129.91033376098756,0.007697617049001092,0.5797767687671553,0.175338478728985
129.91161045828758,0.007697541401205885,0.5798745802397659,0.17535401474470153
129.91288718068137,0.007697465753410679,0.5799723763575881,0.1753695415043456
129.9141639281697,0.007697390105615473,0.5800701570718796,0.17538505900028045
129.9154407007533,0.007697314457820267,0.5801679223340585,0.17540056722487915
129.91671749843294,0.00769723881002506,0.5802656720954468,0.17541606617052835
129.91799432120933,0.0076971631622298545,0.5803634063074199,0.17543155582962333
129.91927116908323,0.0076970875144346486,0.5804611249214392,0.17544703619457322
129.92054804205537,0.007697011866639442,0.5805588278888908,0.17546250725779705
129.9218249401265,0.007696936218844236,0.5806565151612363,0.17547796901172624
129.92310186329735,0.00769686057104903,0.5807541866899796,0.17549342144880276
129.92437881156863,0.007696784923253823,0.5808518424265501,0.17550886456148032
129.92565578494114,0.007696709275458617,0.5809494823225054,0.17552429834222377
129.92693278341557,0.007696633627663411,0.5810471063293501,0.17553972278351068
129.9282098069927,0.007696557979868205,0.581144714398631,0.1755551378778276
129.92948685567325,0.007696482332072999,0.5812423064819384,0.17557054361767557
129.93076392945795,0.007696406684277793,0.5813398825308409,0.17558593999556357
129.93204102834753,0.007696331036482587,0.581437442496982,0.17560132700401537
129.9333181523428,0.00769625538868738,0.5815349863319413,0.1756167046355642
129.93459530144443,0.007696179740892174,0.5816325139873947,0.17563207288275473
129.93587247565316,0.007696104093096968,0.5817300254150287,0.17564743173814362
129.9371496749698,0.007696028445301761,0.5818275205665299,0.17566278119429968
129.938426899395,0.007695952797506555,0.5819249993936065,0.17567812124380147
129.93970414892956,0.0076958771497113495,0.5820224618479666,0.17569345187924057
129.94098142357421,0.007695801501916143,0.5821199078814362,0.1757087730932191
129.94225872332967,0.007695725854120937,0.5822173374457019,0.17572408487835078
129.9435360481967,0.007695650206325731,0.5823147504925901,0.1757393872272611
129.94481339817605,0.007695574558530524,0.5824121469739374,0.17575468013258705
129.94609077326842,0.007695498910735318,0.58250952684157,0.17576996358697677
129.9473681734746,0.007695423262940112,0.5826068900473461,0.17578523758309
129.9486455987953,0.0076953476151449055,0.5827042365431455,0.17580050211359835
129.94992304923127,0.0076952719673496995,0.5828015662808695,0.17581575717118397
129.95120052478325,0.007695196319554494,0.5828988792124407,0.17583100274854144
129.95247802545197,0.007695120671759287,0.5829961752897818,0.1758462388383766
129.9537555512382,0.007695045023964081,0.583093454464869,0.17586146543340697
129.95503310214264,0.007694969376168875,0.5831907166896789,0.17587668252636093
129.95631067816603,0.007694893728373669,0.5832879619162628,0.17589189010997888
129.9575882793092,0.007694818080578462,0.5833851900965753,0.17590708817701256
129.95886590557276,0.007694742432783256,0.5834824011827003,0.17592227672022565
129.96014355695755,0.0076946667849880504,0.5835795951267322,0.17593745573239275
129.96142123346428,0.007694591137192844,0.5836767718807436,0.17595262520630056
129.96269893509364,0.007694515489397638,0.5837739313968076,0.17596778513474656
129.96397666184646,0.007694439841602432,0.5838710736271043,0.17598293551054014
129.96525441372344,0.007694364193807225,0.5839681985237603,0.1759980763265032
129.9665321907253,0.007694288546012019,0.5840653060390092,0.17601320757546712
129.9678099928528,0.007694212898216813,0.5841623961249778,0.17602832925027695
129.96908782010667,0.007694137250421607,0.5842594687339427,0.1760434413437881
129.9703656724877,0.0076940616026264005,0.5843565238180949,0.176058543848868
129.97164354999657,0.0076939859548311946,0.5844535613297217,0.17607363675839485
129.97292145263404,0.007693910307035989,0.5845505812211107,0.17608872006525933
129.97419938040088,0.007693834659240782,0.5846475834446136,0.17610379376236376
129.9754773332978,0.007693759011445576,0.5847445679524966,0.17611885784262077
129.97675531132552,0.00769368336365037,0.584841534697133,0.17613391229895614
129.97803331448483,0.007693607715855163,0.5849384836308851,0.1761489571243066
129.97931134277644,0.007693532068059957,0.5850354147061478,0.17616399231161997
129.9805893962011,0.007693456420264751,0.5851323278753912,0.17617901785385615
129.9818674747596,0.007693380772469545,0.5852292230909882,0.17619403374398715
129.9831455784526,0.007693305124674339,0.5853261003054198,0.17620903997499537
129.98442370728088,0.007693229476879133,0.5854229594712198,0.17622403653987523
129.9857018612452,0.007693153829083926,0.5855198005408262,0.17623902343163392
129.98698004034625,0.00769307818128872,0.5856166234668267,0.1762540006432887
129.98825824458478,0.007693002533493514,0.5857134282017235,0.17626896816786847
129.9895364739616,0.007692926885698307,0.5858102146980937,0.17628392599841525
129.9908147284774,0.007692851237903101,0.5859069829085787,0.17629887412798154
129.9920930081329,0.0076927755901078955,0.5860037327857451,0.1763138125496307
129.99337131292887,0.00769269994231269,0.5861004642822987,0.17632874125644019
129.99464964286608,0.007692624294517483,0.5861971773508489,0.17634366024149675
129.99592799794522,0.007692548646722277,0.5862938719440908,0.17635856949789902
129.99720637816705,0.007692472998927071,0.5863905480147518,0.17637346901875892
129.99848478353232,0.007692397351131864,0.58648720551557,0.17638835879719847
129.99976321404176,0.007692321703336658,0.586583844399262,0.1764032388263512
130.00104166969612,0.007692246055541452,0.5866804646186411,0.1764181090993636
130.00232015049616,0.0076921704077462455,0.5867770661265205,0.17643296960939295
130.0035986564426,0.00769209475995104,0.5868736488756809,0.1764478203496083
130.00487718753615,0.007692019112155834,0.5869702128190216,0.17646266131319033
130.0061557437776,0.007691943464360628,0.5870667579093773,0.1764774924933311
130.0074343251677,0.007691867816565421,0.5871632840996255,0.1764923138832348
130.00871293170715,0.007691792168770215,0.5872597913427187,0.17650712547611722
130.0099915633967,0.007691716520975009,0.5873562795915883,0.1765219272652059
130.01127022023712,0.007691640873179802,0.5874527487991762,0.17653671924374006
130.01254890222916,0.0076915652253845964,0.5875491989185102,0.17655150140496942
130.0138276093735,0.0076914895775893905,0.5876456299025644,0.17656627374215705
130.01510634167093,0.007691413929794184,0.5877420417043988,0.17658103624857757
130.0163850991222,0.007691338281998978,0.5878384342770304,0.17659578891751537
130.017663881728,0.007691262634203772,0.5879348075735621,0.17661053174226876
130.01894268948914,0.007691186986408565,0.588031161547129,0.1766252647161473
130.02022152240633,0.007691111338613359,0.5881274961508017,0.1766399878324709
130.0215003804803,0.007691035690818153,0.5882238113377906,0.17665470108457235
130.0227792637118,0.0076909600430229465,0.5883201070611982,0.17666940446579638
130.02405817210158,0.0076908843952277406,0.5884163832742673,0.17668409796949794
130.02533710565038,0.007690808747432535,0.5885126399302398,0.17669878158904528
130.02661606435893,0.007690733099637328,0.5886088769823048,0.17671345531781785
130.027895048228,0.007690657451842122,0.5887050943837904,0.17672811914920664
130.0291740572583,0.007690581804046916,0.5888012920879709,0.17674277307661396
130.0304530914506,0.007690506156251709,0.5888974700481105,0.1767574170934546
130.03173215080562,0.007690430508456503,0.5889936282176337,0.17677205119315487
130.03301123532412,0.007690354860661297,0.589089766549858,0.17678667536915263
130.03429034500684,0.0076902792128660915,0.589185884998176,0.17680128961489713
130.03556947985453,0.007690203565070885,0.5892819835160126,0.17681589392385036
130.0368486398679,0.007690127917275679,0.5893780620567816,0.1768304882894847
130.03812782504772,0.007690052269480473,0.5894741205739722,0.1768450727052859
130.03940703539473,0.007689976621685266,0.5895701590210628,0.1768596471647498
130.04068627090967,0.00768990097389006,0.5896661773515747,0.17687421166138476
130.04196553159326,0.007689825326094854,0.5897621755189971,0.17688876618871088
130.0432448174463,0.007689749678299648,0.5898581534769264,0.1769033107402604
130.04452412846948,0.0076896740305044415,0.589954111178959,0.1769178453095764
130.04580346466355,0.007689598382709236,0.5900500485786914,0.17693236989021416
130.04708282602928,0.00768952273491403,0.5901459656297199,0.17694688447574083
130.0483622125674,0.007689447087118823,0.5902418622857482,0.17696138905973538
130.04964162427865,0.007689371439323617,0.5903377385004372,0.17697588363578814
130.05092106116373,0.007689295791528411,0.5904335942275013,0.17699036819750127
130.0522005232235,0.007689220143733204,0.5905294294206658,0.17700484273848896
130.05348001045857,0.007689144495937998,0.5906252440336771,0.17701930725237738
130.05475952286974,0.007689068848142792,0.5907210380203142,0.17703376173280366
130.0560390604578,0.007688993200347586,0.5908168113343987,0.17704820617341713
130.0573186232234,0.00768891755255238,0.5909125639297631,0.1770626405678795
130.05859821116735,0.007688841904757174,0.5910082957602506,0.17707706490986297
130.0598778242904,0.007688766256961967,0.591104006779726,0.17709147919305296
130.06115746259323,0.007688690609166761,0.591199696942118,0.1771058834111454
130.06243712607665,0.007688614961371555,0.5912953662013453,0.17712027755784845
130.06371681474135,0.007688539313576348,0.5913910145113794,0.1771346616268827
130.0649965285881,0.0076884636657811424,0.5914866418262034,0.1771490356119793
130.06627626761764,0.0076883880179859365,0.5915822480997674,0.17716339950688217
130.06755603183072,0.00768831237019073,0.5916778332861617,0.17717775330534694
130.06883582122808,0.007688236722395524,0.591773397339401,0.17719209700114052
130.07011563581045,0.007688161074600318,0.5918689402136075,0.177206430588042
130.07139547557858,0.007688085426805112,0.5919644618628496,0.17722075405984167
130.07267534053324,0.007688009779009905,0.592059962241271,0.1772350674103429
130.07395523067512,0.007687934131214699,0.5921554413030474,0.17724937063335927
130.075235146005,0.007687858483419493,0.5922508990023441,0.17726366372271762
130.07651508652364,0.0076877828356242866,0.5923463352933688,0.17727794667225552
130.07779505223175,0.007687707187829081,0.592441750130351,0.17729221947582263
130.07907504313008,0.007687631540033875,0.5925371434675311,0.17730648212728078
130.0803550592194,0.007687555892238668,0.592632515259267,0.1773207346205037
130.0816351005004,0.007687480244443462,0.5927278654598098,0.17733497694937597
130.08291516697386,0.007687404596648256,0.5928231940234854,0.17734920910779464
130.08419525864053,0.00768732894885305,0.5929185009046735,0.17736343108966912
130.08547537550115,0.007687253301057843,0.5930137860577537,0.1773776428889196
130.08675551755644,0.0076871776532626375,0.5931090494371808,0.17739184449947867
130.08803568480718,0.0076871020054674315,0.5932042909973236,0.17740603591529072
130.08931587725408,0.007687026357672225,0.5932995106927444,0.17742021713031156
130.0905960948979,0.007686950709877019,0.593394708477812,0.1774343881385095
130.0918763377394,0.007686875062081813,0.5934898843071312,0.1774485489338643
130.09315660577928,0.007686799414286606,0.5935850381352321,0.1774626995103675
130.09443689901835,0.0076867237664914,0.5936801699166552,0.17747683986202217
130.09571721745726,0.007686648118696194,0.5937752796060375,0.1774909699828439
130.09699756109686,0.0076865724709009875,0.5938703671579735,0.1775050898668597
130.0982779299378,0.007686496823105782,0.5939654325270787,0.17751919950810857
130.0995583239809,0.007686421175310576,0.5940604756681083,0.1775332989006415
130.10083874322686,0.007686345527515369,0.5941554965356888,0.17754738803852052
130.10211918767644,0.007686269879720163,0.5942504950845753,0.17756146691582053
130.10339965733036,0.007686194231924957,0.5943454712695336,0.1775755355266278
130.1046801521894,0.00768611858412975,0.5944404250453299,0.17758959386504047
130.10596067225427,0.007686042936334544,0.5945353563667513,0.1776036419251683
130.10724121752574,0.007685967288539338,0.5946302651886602,0.177617679701133
130.10852178800457,0.007685891640744132,0.5947251514659087,0.17763170718706914
130.10980238369146,0.007685815992948926,0.5948200151533697,0.17764572437712114
130.11108300458716,0.00768574034515372,0.5949148562059915,0.17765973126544696
130.11236365069243,0.007685664697358514,0.5950096745786473,0.1776737278462156
130.11364432200804,0.007685589049563307,0.5951044702263821,0.17768771411360845
130.1149250185347,0.007685513401768101,0.5951992431041441,0.17770169006181794
130.11620574027316,0.007685437753972895,0.5952939931669137,0.17771565568504896
130.11748648722417,0.0076853621061776884,0.5953887203698109,0.17772961097751866
130.11876725938845,0.0076852864583824825,0.5954834246678807,0.17774355593345567
130.1200480567668,0.007685210810587277,0.5955781060162109,0.17775749054709944
130.12132887935988,0.007685135162792071,0.5956727643699533,0.1777714148127027
130.12260972716854,0.007685059514996864,0.5957673996842174,0.17778532872452985
130.12389060019342,0.007684983867201658,0.5958620119142413,0.1777992322768561
130.12517149843535,0.007684908219406452,0.5959566010151769,0.17781312546397032
130.12645242189504,0.007684832571611245,0.5960511669423051,0.17782700828017134
130.12773337057322,0.007684756923816039,0.5961457096508426,0.17784088071977097
130.12901434447065,0.007684681276020833,0.5962402290961453,0.1778547427770926
130.13029534358807,0.007684605628225627,0.5963347252334725,0.17786859444647193
130.13157636792624,0.007684529980430421,0.5964291980181913,0.17788243572225582
130.13285741748587,0.007684454332635215,0.5965236474056574,0.1778962665988029
130.13413849226777,0.007684378684840008,0.5966180733512806,0.1779100870704849
130.1354195922726,0.007684303037044802,0.5967124758104918,0.17792389713168386
130.13670071750116,0.007684227389249596,0.5968068547387546,0.17793769677679505
130.1379818679542,0.007684151741454389,0.5969012100915105,0.17795148600022495
130.13926304363244,0.0076840760936591835,0.5969955418242875,0.17796526479639146
130.1405442445366,0.0076840004458639775,0.5970898498926452,0.1779790331597256
130.1418254706675,0.007683924798068771,0.5971841342521437,0.17799279108466895
130.14310672202583,0.007683849150273565,0.5972783948583427,0.17800653856567603
130.14438799861233,0.007683773502478359,0.597372631666877,0.17802027559721248
130.14566930042778,0.007683697854683152,0.5974668446333818,0.1780340021737559
130.1469506274729,0.007683622206887946,0.5975610337135779,0.17804771828979682
130.14823197974846,0.00768354655909274,0.5976551988631109,0.17806142393983615
130.14951335725516,0.007683470911297534,0.5977493400377445,0.17807511911838791
130.1507947599938,0.007683395263502328,0.597843457193221,0.17808880381997666
130.1520761879651,0.007683319615707122,0.5979375502853362,0.1781024780391404
130.15335764116978,0.007683243967911916,0.5980316192698862,0.17811614177042806
130.15463911960865,0.007683168320116709,0.598125664102774,0.1781297950084006
130.15592062328238,0.007683092672321503,0.5982196847397849,0.17814343774763064
130.15720215219176,0.007683017024526297,0.5983136811368541,0.1781570699827036
130.15848370633753,0.00768294137673109,0.5984076532499387,0.17817069170821598
130.15976528572043,0.007682865728935884,0.5985016010349202,0.17818430291877613
130.1610468903412,0.0076827900811406785,0.5985955244478736,0.17819790360900487
130.16232852020056,0.0076827144333454726,0.5986894234447127,0.1782114937735338
130.16361017529934,0.007682638785550266,0.5987832979815553,0.17822507340700863
130.16489185563822,0.00768256313775506,0.598877148014444,0.1782386425040841
130.16617356121796,0.007682487489959854,0.5989709734994754,0.17825220105942893
130.1674552920393,0.007682411842164647,0.5990647743927563,0.178265749067723
130.168737048103,0.007682336194369441,0.5991585506504689,0.17827928652365807
130.17001882940977,0.007682260546574235,0.5992523022287524,0.17829281342193773
130.17130063596042,0.0076821848987790285,0.5993460290838534,0.17830632975727778
130.17258246775563,0.007682109250983823,0.5994397311719755,0.1783198355244063
130.17386432479617,0.007682033603188617,0.5995334084494294,0.1783333307180617
130.1751462070828,0.00768195795539341,0.5996270608725155,0.17834681533299618
130.17642811461624,0.007681882307598204,0.599720688397491,0.17836028936397244
130.17771004739728,0.007681806659802998,0.5998142909807741,0.17837375280576498
130.1789920054266,0.007681731012007791,0.5999078685787186,0.17838720565316257
130.180273988705,0.007681655364212585,0.6000014211477211,0.17840064790096255
130.18155599723323,0.007681579716417379,0.6000949486442428,0.17841407954397642
130.182838031012,0.007681504068622173,0.6001884510247665,0.17842750057702667
130.18412009004206,0.007681428420826967,0.6002819282457529,0.17844091099494816
130.18540217432417,0.007681352773031761,0.6003753802637491,0.178454310792587
130.18668428385908,0.007681277125236555,0.6004688070353237,0.17846769996480205
130.18796641864753,0.007681201477441348,0.6005622085170126,0.1784810785064632
130.18924857869024,0.007681125829646142,0.6006555846654916,0.17849444641245288
130.19053076398802,0.007681050181850936,0.6007489354373506,0.17850780367766528
130.19181297454156,0.0076809745340557295,0.6008422607892653,0.17852115029700585
130.1930952103516,0.0076808988862605235,0.6009355606779864,0.17853448626539364
130.19437747141893,0.007680823238465318,0.601028835060179,0.1785478115777576
130.1956597577443,0.007680747590670111,0.6011220838926473,0.1785611262290393
130.1969420693284,0.007680671942874905,0.6012153071321639,0.17857443021419273
130.19822440617202,0.007680596295079699,0.6013085047355544,0.17858772352818336
130.19950676827588,0.007680520647284493,0.6014016766596126,0.1786010061659886
130.20078915564076,0.007680444999489286,0.6014948228612932,0.1786142781225978
130.20207156826737,0.00768036935169408,0.6015879432974649,0.17862753939301226
130.2033540061565,0.0076802937038988744,0.6016810379250718,0.17864078997224425
130.20463646930887,0.007680218056103668,0.6017741067010576,0.1786540298553201
130.2059189577252,0.007680142408308462,0.6018671495824415,0.17866725903727557
130.20720147140628,0.007680066760513256,0.6019601665262209,0.17868047751316052
130.20848401035283,0.007679991112718049,0.6020531574894793,0.17869368527803497
130.2097665745656,0.007679915464922843,0.6021461224292571,0.17870688232697152
130.21104916404536,0.007679839817127637,0.6022390613027345,0.17872006865505455
130.21233177879287,0.00767976416933243,0.6023319740669839,0.17873324425738119
130.21361441880882,0.0076796885215372245,0.6024248606792069,0.17874640912905906
130.21489708409396,0.0076796128737420186,0.6025177210966262,0.17875956326520864
130.21617977464908,0.007679537225946812,0.602610555276411,0.17877270666096245
130.2174624904749,0.007679461578151606,0.6027033631758917,0.17878583931146402
130.2187452315722,0.0076793859303564,0.6027961447523232,0.17879896121186853
130.22002799794168,0.007679310282561193,0.6028888999630357,0.17881207235734503
130.2213107895841,0.007679234634765987,0.6029816287653809,0.17882517274307277
130.22259360650023,0.007679158986970781,0.6030743311167425,0.1788382623642431
130.2238764486908,0.0076790833391755745,0.6031670069745257,0.17885134121606003
130.22515931615655,0.007679007691380369,0.6032596562961683,0.1788644092937383
130.22644220889822,0.007678932043585163,0.6033522790391288,0.17887746659250534
130.2277251269166,0.007678856395789957,0.603444875160963,0.17889051310760082
130.22900807021242,0.00767878074799475,0.6035374446191296,0.17890354883427545
130.2302910387864,0.007678705100199544,0.6036299873712379,0.1789165737677918
130.2315740326393,0.007678629452404338,0.6037225033748754,0.17892958790342586
130.23285705177187,0.007678553804609131,0.6038149925876835,0.17894259123646367
130.23414009618486,0.007678478156813925,0.6039074549672498,0.17895558376220289
130.235423165879,0.0076784025090187195,0.6039998904713337,0.17896856547595597
130.23670626085507,0.007678326861223513,0.6040922990576088,0.17898153637304404
130.2379893811138,0.007678251213428307,0.6041846806838128,0.17899449644880205
130.23927252665592,0.007678175565633101,0.6042770353077158,0.17900744569857555
130.24055569748222,0.007678099917837895,0.6043693628871737,0.1790203841177233
130.2418388935934,0.007678024270042688,0.6044616633799567,0.17903331170161504
130.24312211499026,0.007677948622247482,0.6045539367439633,0.1790462284456324
130.24440536167347,0.007677872974452276,0.604646182937114,0.1790591343451698
130.24568863364388,0.0076777973266570695,0.6047384019172862,0.17907202939563216
130.24697193090213,0.007677721678861864,0.604830593642443,0.1790849135924372
130.24825525344903,0.007677646031066658,0.6049227580706119,0.17909778693101455
130.24953860128534,0.007677570383271451,0.6050148951597991,0.1791106494068056
130.25082197441176,0.007677494735476245,0.6051070048680643,0.17912350101526284
130.25210537282908,0.007677419087681039,0.6051990871534458,0.17913634175185258
130.25338879653802,0.007677343439885832,0.6052911419741,0.17914917161205055
130.25467224553935,0.007677267792090626,0.6053831692881186,0.17916199059134602
130.25595571983376,0.0076771921442954204,0.6054751690537548,0.17917479868523986
130.2572392194221,0.007677116496500214,0.6055671412291432,0.17918759588924443
130.25852274430503,0.007677040848705008,0.6056590857725367,0.1792003821988843
130.25980629448333,0.007676965200909802,0.6057510026422205,0.17921315760969592
130.26108986995774,0.007676889553114595,0.6058428917964902,0.17922592211722752
130.26237347072902,0.007676813905319389,0.6059347531936311,0.17923867571703872
130.26365709679789,0.007676738257524183,0.6060265867920674,0.1792514184047021
130.26494074816515,0.007676662609728977,0.6061183925501596,0.1792641501758014
130.2662244248315,0.0076765869619337705,0.6062101704263108,0.17927687102593196
130.2675081267977,0.0076765113141385646,0.6063019203790203,0.1792895809507017
130.26879185406452,0.007676435666343359,0.6063936423667343,0.17930227994572984
130.27007560663267,0.007676360018548152,0.606485336347974,0.1793149680066478
130.27135938450294,0.007676284370752946,0.606577002281314,0.17932764512909913
130.27264318767604,0.00767620872295774,0.6066686401252969,0.17934031130873843
130.27392701615275,0.007676133075162533,0.6067602498385618,0.1793529665412327
130.27521086993377,0.007676057427367327,0.6068518313797263,0.17936561082226068
130.27649474901992,0.007675981779572121,0.6069433847074834,0.17937824414751322
130.27777865341187,0.0076759061317769155,0.6070349097805258,0.17939086651269287
130.27906258311046,0.007675830483981709,0.6071264065576104,0.17940347791351377
130.28034653811633,0.007675754836186503,0.6072178749974732,0.17941607834570203
130.28163051843032,0.007675679188391297,0.6073093150589355,0.17942866780499606
130.28291452405313,0.00767560354059609,0.6074007267008189,0.17944124628714583
130.28419855498552,0.007675527892800884,0.6074921098819879,0.179453813787913
130.28548261122825,0.007675452245005678,0.6075834645613389,0.17946637030307128
130.28676669278204,0.007675376597210471,0.6076747906977795,0.17947891582840556
130.28805079964766,0.0076753009494152655,0.6077660882502921,0.17949145035971467
130.28933493182583,0.00767522530162006,0.6078573571778592,0.17950397389280617
130.29061908931737,0.007675149653824853,0.6079485974395381,0.179516486423502
130.29190327212297,0.007675074006029647,0.6080398089943008,0.17952898794763497
130.29318748024335,0.007674998358234441,0.608130991801312,0.17954147846104954
130.29447171367934,0.007674922710439234,0.6082221458196294,0.1795539579596028
130.29575597243164,0.007674847062644028,0.6083132710084177,0.179566426439163
130.297040256501,0.007674771414848822,0.6084043673268847,0.1795788838956098
130.29832456588815,0.0076746957670536155,0.6084954347342383,0.17959133032483626
130.29960890059388,0.00767462011925841,0.6085864731896862,0.17960376572274547
130.30089326061892,0.007674544471463204,0.6086774826525326,0.1796161900852541
130.30217764596404,0.007674468823667998,0.608768463082082,0.17962860340828857
130.30346205662994,0.007674393175872791,0.6088594144376922,0.1796410056877896
130.3047464926174,0.007674317528077585,0.6089503366787107,0.17965339691970758
130.30603095392718,0.007674241880282379,0.6090412297645919,0.17966577710000592
130.30731544056002,0.007674166232487172,0.6091320936546937,0.1796781462246601
130.30859995251663,0.0076740905846919664,0.6092229283085457,0.17969050428965588
130.3098844897978,0.0076740149368967605,0.6093137336856349,0.1797028512909919
130.31116905240432,0.007673939289101554,0.60940450974548,0.17971518722467983
130.31245364033686,0.007673863641306348,0.6094952564477073,0.1797275120867405
130.31373825359617,0.007673787993511142,0.6095859737518249,0.17973982587320866
130.31502289218307,0.007673712345715935,0.609676661617545,0.1797521285801302
130.31630755609825,0.007673636697920729,0.6097673200044827,0.17976442020356226
130.31759224534247,0.007673561050125523,0.6098579488723506,0.17977670073957455
130.3188769599165,0.007673485402330317,0.6099485481809138,0.17978897018424866
130.32016169982109,0.0076734097545351106,0.6100391178898741,0.17980122853367775
130.32144646505694,0.007673334106739905,0.6101296579590505,0.1798134757839663
130.32273125562483,0.007673258458944699,0.6102201683482732,0.17982571193123106
130.32401607152556,0.007673182811149492,0.6103106490174367,0.17983793697160083
130.3253009127598,0.007673107163354286,0.6104010999263816,0.17985015090121595
130.32658577932833,0.00767303151555908,0.6104915210350453,0.1798623537162288
130.3278706712319,0.007672955867763873,0.6105819123033975,0.17987454541280237
130.32915558847125,0.007672880219968667,0.6106722736913969,0.17988672598711322
130.33044053104715,0.0076728045721734615,0.6107626051591417,0.1798988954353485
130.33172549896034,0.007672728924378255,0.610852906666623,0.1799110537537081
130.33301049221157,0.007672653276583049,0.6109431781739284,0.17992320093840186
130.33429551080158,0.007672577628787843,0.6110334196412097,0.17993533698565373
130.33558055473114,0.007672501980992636,0.6111236310286189,0.17994746189169794
130.33686562400098,0.00767242633319743,0.6112138122963402,0.17995957565278128
130.33815071861184,0.007672350685402224,0.6113039634046219,0.17997167826516172
130.33943583856453,0.007672275037607017,0.6113940843136483,0.17998376972510957
130.3407209838597,0.0076721993898118115,0.6114841749837644,0.17999585002890617
130.34200615449816,0.007672123742016606,0.6115742353752509,0.18000791917284478
130.34329135048068,0.0076720480942214,0.6116642654485065,0.18001997715323173
130.344576571808,0.007671972446426193,0.6117542651638977,0.1800320239663839
130.3458618184808,0.007671896798630987,0.6118442344818447,0.18004405960862935
130.34714709049993,0.007671821150835781,0.6119341733627996,0.18005608407630944
130.3484323878661,0.007671745503040574,0.612024081767226,0.18006809736577642
130.34971771058002,0.007671669855245368,0.6121139596556938,0.18008009947339468
130.35100305864248,0.007671594207450162,0.6122038069886877,0.1800920903955392
130.35228843205422,0.007671518559654956,0.6122936237268639,0.18010407012859858
130.353573830816,0.00767144291185975,0.6123834098308035,0.18011603866897194
130.35485925492856,0.007671367264064544,0.612473165261152,0.18012799601307056
130.35614470439268,0.007671291616269337,0.61256288997863,0.1801399421573173
130.35743017920905,0.007671215968474131,0.6126525839439151,0.18015187709814667
130.35871567937843,0.007671140320678925,0.6127422471177922,0.18016380083200526
130.36000120490164,0.007671064672883719,0.6128318794610464,0.1801757133553513
130.36128675577936,0.0076709890250885125,0.6129214809344947,0.18018761466465455
130.36257233201238,0.0076709133772933065,0.6130110514989544,0.18019950475639657
130.36385793360142,0.007670837729498101,0.613100591115382,0.18021138362707043
130.36514356054724,0.007670762081702894,0.6131900997446268,0.18022325127318237
130.3664292128506,0.007670686433907688,0.6132795773476777,0.18023510769124784
130.36771489051225,0.007670610786112482,0.6133690238855342,0.1802469528777961
130.36900059353292,0.007670535138317275,0.6134584393191957,0.1802587868293676
130.37028632191337,0.007670459490522069,0.6135478236097371,0.18027060954251373
130.37157207565437,0.007670383842726863,0.6136371767182329,0.1802824210137987
130.37285785475666,0.007670308194931657,0.6137264986058222,0.18029422123979782
130.37414365922098,0.007670232547136451,0.6138157892336331,0.18030601021709786
130.37542948904806,0.007670156899341245,0.6139050485628799,0.18031778794229816
130.3767153442387,0.007670081251546038,0.6139942765547766,0.1803295544120094
130.37800122479362,0.007670005603750832,0.6140834731705589,0.1803413096228528
130.37928713071358,0.007669929955955626,0.614172638371591,0.18035305357146372
130.38057306199934,0.00766985430816042,0.6142617721191408,0.18036478625448654
130.38185901865162,0.007669778660365213,0.6143508743745725,0.1803765076685793
130.3831450006712,0.0076697030125700075,0.6144399450992933,0.18038821781041145
130.3844310080588,0.0076696273647748016,0.6145289842547214,0.1803999166766632
130.38571704081522,0.007669551716979595,0.6146179918023282,0.18041160426402625
130.38700309894116,0.007669476069184389,0.614706967703607,0.18042328056920598
130.3882891824374,0.007669400421389183,0.6147959119201043,0.18043494558891768
130.38957529130468,0.007669324773593976,0.6148848244133561,0.18044659931988896
130.39086142554376,0.00766924912579877,0.6149737051449522,0.18045824175885847
130.39214758515536,0.007669173478003564,0.6150625540765787,0.1804698729025776
130.3934337701403,0.0076690978302083575,0.6151513711698683,0.18048149274780867
130.39471998049922,0.007669022182413152,0.615240156386507,0.1804931012913258
130.396006216233,0.007668946534617946,0.6153289096882668,0.18050469852991488
130.39729247734226,0.00766887088682274,0.6154176310368771,0.18051628446037313
130.39857876382789,0.007668795239027533,0.6155063203941848,0.18052785907951002
130.3998650756905,0.007668719591232327,0.6155949777219835,0.1805394223841461
130.40115141293097,0.007668643943437121,0.6156836029822061,0.1805509743711142
130.40243777554997,0.007668568295641914,0.6157721961367213,0.18056251503725793
130.40372416354828,0.007668492647846708,0.6158607571474511,0.18057404437943347
130.4050105769266,0.0076684170000515025,0.615949285976404,0.1805855623945076
130.40629701568577,0.007668341352256296,0.616037782585577,0.18059706907936027
130.40758347982649,0.00766826570446109,0.6161262469370427,0.18060856443088144
130.4088699693495,0.007668190056665884,0.6162146789928304,0.18062004844597326
130.4101564842556,0.007668114408870677,0.6163030787151095,0.18063152112155031
130.41144302454546,0.007668038761075471,0.6163914460659952,0.1806429824545376
130.4127295902199,0.007667963113280265,0.6164797810076671,0.1806544324418726
130.41401618127966,0.0076678874654850585,0.6165680835023695,0.18066587108050416
130.4153027977255,0.0076678118176898525,0.6166563535123142,0.18067729836739235
130.41658943955812,0.007667736169894647,0.6167445909998527,0.18068871429950922
130.41787610677832,0.00766766052209944,0.6168327959272505,0.18070011887383916
130.41916279938684,0.007667584874304234,0.616920968256902,0.1807115120873763
130.42044951738444,0.007667509226509028,0.6170091079511586,0.18072289393712826
130.42173626077184,0.007667433578713822,0.6170972149724898,0.1807342644201132
130.42302302954982,0.007667357930918615,0.6171852892833326,0.18074562353336138
130.4243098237191,0.007667282283123409,0.6172733308461674,0.18075697127391385
130.4255966432805,0.0076672066353282034,0.6173613396235816,0.18076830763882454
130.4268834882347,0.007667130987532997,0.6174493155780982,0.180779632625158
130.42817035858246,0.007667055339737791,0.617537258672294,0.18079094622999028
130.42945725432457,0.007666979691942585,0.6176251688688851,0.18080224845041
130.43074417546177,0.007666904044147378,0.6177130461304697,0.18081353928351643
130.4320311219948,0.007666828396352172,0.6178008904197857,0.18082481872642064
130.4333180939244,0.007666752748556966,0.6178887016995597,0.18083608677624516
130.43460509125137,0.007666677100761759,0.6179764799325939,0.18084734343012457
130.4358921139764,0.0076666014529665535,0.6180642250816687,0.1808585886852047
130.43717916210025,0.0076665258051713476,0.6181519371096401,0.18086982253864256
130.4384662356237,0.007666450157376142,0.6182396159793957,0.18088104498760768
130.43975333454753,0.007666374509580935,0.6183272616538557,0.18089225602928025
130.44104045887244,0.007666298861785729,0.6184148740959722,0.1809034556608518
130.4423276085992,0.007666223213990523,0.6185024532687083,0.18091464387952672
130.44361478372855,0.007666147566195316,0.6185899991351128,0.18092582068251967
130.44490198426126,0.00766607191840011,0.6186775116582451,0.18093698606705738
130.44618921019804,0.007665996270604904,0.6187649908011756,0.18094814003037832
130.44747646153974,0.007665920622809698,0.6188524365270389,0.18095928256973196
130.448763738287,0.007665844975014492,0.6189398487990125,0.18097041368237923
130.45005104044063,0.007665769327219286,0.6190272275802633,0.18098153336559367
130.4513383680014,0.007665693679424079,0.6191145728340655,0.1809926416166589
130.45262572097,0.007665618031628873,0.6192018845236715,0.18100373843287096
130.4539130993472,0.007665542383833667,0.619289162612377,0.18101482381153708
130.4552005031338,0.00766546673603846,0.6193764070635636,0.18102589774997643
130.4564879323305,0.007665391088243254,0.6194636178405265,0.18103696024551877
130.4577753869381,0.0076653154404480485,0.6195507949067333,0.1810480112955062
130.4590628669573,0.007665239792652843,0.6196379382256724,0.1810590508972923
130.46035037238892,0.007665164144857636,0.6197250477607253,0.18107007904824157
130.46163790323362,0.00766508849706243,0.6198121234754883,0.18108109574573028
130.46292545949223,0.007665012849267224,0.6198991653334819,0.1810921009871462
130.4642130411655,0.007664937201472017,0.6199861732982807,0.18110309476988895
130.4655006482541,0.007664861553676811,0.6200731473335237,0.18111407709136895
130.46678828075886,0.007664785905881605,0.6201600874029248,0.18112504794900838
130.46807593868056,0.0076647102580863985,0.6202469934701017,0.18113600734024127
130.46936362201984,0.007664634610291193,0.6203338654988325,0.18114695526251207
130.47065133077754,0.007664558962495987,0.6204207034528636,0.18115789171327806
130.47193906495443,0.00766448331470078,0.6205075072959839,0.18116881669000684
130.47322682455118,0.007664407666905574,0.6205942769920578,0.18117973019017855
130.4745146095686,0.007664332019110368,0.6206810125049816,0.18119063221128287
130.4758024200074,0.007664256371315162,0.6207677137986412,0.18120152275082368
130.4770902558684,0.007664180723519955,0.6208543808369649,0.18121240180631398
130.4783781171523,0.0076641050757247494,0.6209410135839352,0.18122326937527908
130.47966600385985,0.0076640294279295435,0.6210276120036199,0.181234125455256
130.48095391599185,0.007663953780134337,0.6211141760600121,0.181244970043793
130.48224185354903,0.007663878132339131,0.6212007057172443,0.18125580313844866
130.4835298165321,0.007663802484543925,0.6212872009394381,0.181266624736795
130.48481780494188,0.007663726836748718,0.6213736616907262,0.18127743483641395
130.48610581877907,0.007663651188953512,0.6214600879353374,0.18128823343489936
130.48739385804444,0.007663575541158306,0.6215464796374791,0.18129902052985675
130.48868192273878,0.0076634998933630995,0.6216328367614665,0.18130979611890197
130.48997001286278,0.0076634242455678936,0.6217191592715499,0.18132056019966364
130.49125812841723,0.007663348597772688,0.6218054471321299,0.1813313127697812
130.49254626940288,0.007663272949977481,0.6218917003075323,0.1813420538269051
130.49383443582047,0.007663197302182275,0.6219779187621789,0.1813527833686975
130.49512262767078,0.007663121654387069,0.6220641024605458,0.18136350139283214
130.49641084495457,0.007663046006591862,0.6221502513671193,0.18137420789699388
130.49769908767252,0.007662970358796656,0.6222363654464075,0.18138490287887898
130.49898735582545,0.00766289471100145,0.6223224446629612,0.1813955863361951
130.5002756494141,0.0076628190632062445,0.622408488981385,0.18140625826666135
130.50156396843923,0.007662743415411038,0.6224944983663263,0.18141691866800838
130.50285231290155,0.007662667767615832,0.6225804727824432,0.1814275675379772
130.50414068280188,0.007662592119820626,0.6226664121944155,0.1814382048743213
130.50542907814093,0.007662516472025419,0.6227523165670515,0.18144883067480536
130.50671749891947,0.007662440824230213,0.6228381858650202,0.18145944493720492
130.50800594513822,0.007662365176435007,0.6229240200532479,0.18147004765930694
130.50929441679799,0.0076622895286398,0.6230098190965214,0.18148063883891008
130.5105829138995,0.0076622138808445945,0.6230955829597352,0.18149121847382396
130.51187143644347,0.007662138233049389,0.6231813116078048,0.1815017865618694
130.51315998443073,0.007662062585254183,0.623267005005721,0.18151234310087966
130.51444855786198,0.007661986937458976,0.6233526631184532,0.18152288808869793
130.515737156738,0.00766191128966377,0.6234382859110457,0.18153342152317914
130.51702578105952,0.007661835641868564,0.6235238733485216,0.18154394340218935
130.5183144308273,0.007661759994073357,0.6236094253960754,0.18155445372360687
130.5196031060421,0.007661684346278151,0.6236949420187838,0.18156495248532029
130.5208918067047,0.007661608698482945,0.6237804231817878,0.18157543968523007
130.5221805328158,0.007661533050687739,0.6238658688504323,0.18158591532124727
130.52346928437618,0.007661457402892533,0.6239512789898474,0.18159637939129486
130.5247580613866,0.007661381755097327,0.6240366535653672,0.1816068318933069
130.52604686384782,0.00766130610730212,0.624121992542326,0.1816172728252288
130.52733569176056,0.007661230459506914,0.6242072958860578,0.18162770218501711
130.5286245451256,0.007661154811711708,0.6242925635619826,0.18163811997063975
130.52991342394373,0.007661079163916501,0.6243777955355202,0.18164852618007565
130.5312023282156,0.0076610035161212954,0.6244629917721551,0.18165892081131557
130.53249125794207,0.0076609278683260895,0.624548152237393,0.18166930386236052
130.53378021312383,0.007660852220530883,0.624633276896772,0.18167967533122406
130.53506919376167,0.007660776572735677,0.6247183657158941,0.18169003521592964
130.53635819985632,0.007660700924940471,0.6248034186603298,0.18170038351451295
130.53764723140856,0.007660625277145265,0.6248884356957887,0.18171072022502016
130.53893628841914,0.007660549629350058,0.6249734167879479,0.1817210453455097
130.54022537088878,0.007660473981554852,0.6250583619025067,0.18173135887405012
130.54151447881824,0.007660398333759646,0.6251432710052819,0.18174166080872162
130.54280361220833,0.0076603226859644396,0.6252281440620261,0.18175195114761583
130.54409277105972,0.007660247038169234,0.6253129810386097,0.18176222988883517
130.54538195537324,0.007660171390374028,0.6253977819008926,0.18177249703049334
130.54667116514963,0.007660095742578821,0.6254825466148313,0.18178275257071572
130.5479604003896,0.007660020094783615,0.6255672751462964,0.18179299650763842
130.54924966109394,0.007659944446988409,0.6256519674613621,0.18180322883940872
130.55053894726342,0.007659868799193202,0.6257366235259744,0.18181344956418494
130.55182825889875,0.007659793151397996,0.6258212433062824,0.18182365868013772
130.5531175960007,0.0076597175036027905,0.6259058267683073,0.1818338561854467
130.55440695857004,0.0076596418558075845,0.6259903738782199,0.1818440420783044
130.55569634660753,0.007659566208012378,0.626074884602202,0.18185421635691493
130.5569857601139,0.007659490560217172,0.6261593589064244,0.18186437901949146
130.55827519908988,0.007659414912421966,0.6262437967571869,0.18187453006426021
130.55956466353632,0.007659339264626759,0.6263281981207465,0.1818846694894577
130.56085415345387,0.007659263616831553,0.6264125629634028,0.18189479729333136
130.56214366884333,0.007659187969036347,0.6264968912515627,0.18190491347414053
130.5634332097055,0.0076591123212411405,0.6265811829515906,0.18191501803015575
130.56472277604104,0.007659036673445935,0.6266654380299256,0.18192511095965683
130.56601236785076,0.007658961025650729,0.6267496564530389,0.1819351922609374
130.56730198513543,0.007658885377855522,0.6268338381874344,0.18194526193230062
130.56859162789576,0.007658809730060316,0.6269179831996692,0.18195531997206002
130.56988129613254,0.00765873408226511,0.6270020914563219,0.18196536637854263
130.5711709898465,0.007658658434469903,0.6270861629240035,0.18197540115008404
130.57246070903844,0.007658582786674697,0.6271701975693785,0.1819854242850329
130.57375045370904,0.007658507138879491,0.6272541953591437,0.18199543578174765
130.57504022385913,0.007658431491084285,0.6273381562600279,0.182005435638598
130.57633001948943,0.007658355843289079,0.6274220802388029,0.18201542385396566
130.57761984060068,0.007658280195493873,0.6275059672622513,0.18202540042624274
130.57890968719366,0.007658204547698667,0.6275898172972522,0.18203536535383164
130.58019955926912,0.00765812889990346,0.6276736303106633,0.18204531863514764
130.58148945682782,0.007658053252108254,0.6277574062694172,0.1820552602686152
130.5827793798705,0.007657977604313048,0.6278411451404897,0.18206519025267062
130.58406932839793,0.0076579019565178414,0.6279248468908136,0.1820751085857621
130.58535930241086,0.0076578263087226355,0.6280085114874611,0.18208501526634727
130.58664930191003,0.00765775066092743,0.6280921388975044,0.1820949102928962
130.58793932689622,0.007657675013132223,0.6281757290880586,0.18210479366388885
130.58922937737017,0.007657599365337017,0.6282592820262175,0.1821146653778169
130.59051945333266,0.007657523717541811,0.6283427976792356,0.1821245254331831
130.5918095547844,0.007657448069746605,0.6284262760142927,0.1821343738285005
130.5930996817262,0.007657372421951398,0.6285097169986323,0.18214421056229416
130.59438983415873,0.007657296774156192,0.6285931205995523,0.18215403563309937
130.59568001208285,0.007657221126360986,0.6286764867844038,0.18216384903946234
130.59697021549925,0.00765714547856578,0.6287598155205594,0.18217365077994122
130.5982604444087,0.007657069830770574,0.6288431067754023,0.18218344085310387
130.59955069881198,0.007656994182975368,0.62892636051637,0.18219321925753015
130.60084097870984,0.007656918535180161,0.6290095767110063,0.1822029859918104
130.60213128410297,0.007656842887384955,0.6290927553267593,0.18221274105454602
130.6034216149922,0.007656767239589749,0.6291758963312376,0.18222248444434913
130.60471197137826,0.007656691591794542,0.6292589996920069,0.18223221615984322
130.6060023532619,0.0076566159439993365,0.629342065376719,0.18224193619966306
130.6072927606439,0.0076565402962041305,0.6294250933530253,0.182251644562453
130.608583193525,0.007656464648408924,0.629508083588674,0.18226134124686988
130.60987365190593,0.007656389000613718,0.6295910360513598,0.18227102625158004
130.61116413578748,0.007656313352818512,0.6296739507089057,0.18228069957526205
130.6124546451704,0.007656237705023305,0.6297568275291139,0.18229036121660497
130.61374518005545,0.007656162057228099,0.6298396664798609,0.182300011174308
130.61503574044335,0.007656086409432893,0.6299224675290453,0.18230964944708203
130.6163263263349,0.007656010761637687,0.6300052306445764,0.1823192760336491
130.61761693773084,0.007655935113842481,0.6300879557944488,0.18232889093274177
130.61890757463195,0.007655859466047275,0.6301706429467003,0.18233849414310252
130.62019823703892,0.007655783818252069,0.630253292069337,0.1823480856634869
130.6214889249526,0.007655708170456862,0.6303359031304823,0.18235766549265894
130.62277963837363,0.007655632522661656,0.6304184760982062,0.18236723362939594
130.62407037730287,0.00765555687486645,0.6305010109407722,0.1823767900724842
130.62536114174105,0.007655481227071243,0.6305835076262607,0.182386334820721
130.62665193168888,0.007655405579276037,0.6306659661229886,0.18239586787291578
130.62794274714716,0.0076553299314808315,0.6307483863992407,0.18240538922788763
130.62923358811665,0.007655254283685625,0.63083076842328,0.18241489888446696
130.63052445459806,0.007655178635890419,0.63091311216352,0.1824243968414952
130.6318153465922,0.007655102988095213,0.6309954175883097,0.1824338830978238
130.63310626409978,0.007655027340300007,0.6310776846660945,0.1824433576523162
130.63439720712162,0.0076549516925048,0.6311599133653416,0.1824528205038456
130.6356881756584,0.007654876044709594,0.6312421036545609,0.18246227165129675
130.63697916971094,0.007654800396914388,0.6313242555022945,0.18247171109356444
130.63827018927998,0.0076547247491191815,0.6314063688771274,0.18248113882955566
130.63956123436623,0.007654649101323976,0.6314884437476663,0.18249055485818635
130.6408523049705,0.00765457345352877,0.6315704800825925,0.18249995917838466
130.64214340109353,0.007654497805733563,0.6316524778505772,0.18250935178908861
130.6434345227361,0.007654422157938357,0.6317344370203877,0.18251873268924834
130.6447256698989,0.007654346510143151,0.6318163575607592,0.1825281018778228
130.64601684258275,0.007654270862347944,0.6318982394405342,0.1825374593537832
130.6473080407884,0.007654195214552738,0.631980082628577,0.18254680511611104
130.64859926451658,0.007654119566757532,0.6320618870937191,0.18255613916379834
130.64989051376804,0.007654043918962326,0.6321436528049105,0.18256546149584846
130.6511817885436,0.00765396827116712,0.6322253797311653,0.18257477211127515
130.65247308884392,0.007653892623371914,0.6323070678414549,0.18258407100910282
130.65376441466987,0.007653816975576707,0.6323887171047827,0.18259335818836644
130.6550557660221,0.007653741327781501,0.6324703274902596,0.18260263364811188
130.6563471429014,0.007653665679986295,0.6325518989670069,0.18261189738739644
130.65763854530857,0.007653590032191089,0.6326334315041785,0.1826211494052868
130.65892997324437,0.0076535143843958825,0.6327149250709816,0.1826303897008616
130.66022142670948,0.0076534387366006765,0.6327963796366128,0.18263961827320896
130.6615129057047,0.007653363088805471,0.6328777951704084,0.182648835121429
130.66280441023082,0.007653287441010264,0.6329591716415862,0.1826580402446316
130.66409594028855,0.007653211793215058,0.633040509019579,0.18266723364193704
130.66538749587863,0.007653136145419852,0.6331218072737443,0.18267641531247758
130.6666790770019,0.007653060497624645,0.6332030663734719,0.18268558525539463
130.66797068365904,0.007652984849829439,0.6332842862882694,0.1826947434698421
130.66926231585083,0.007652909202034233,0.6333654669876232,0.18270388995498257
130.67055397357805,0.0076528335542390274,0.6334466084410839,0.1827130247099902
130.67184565684144,0.007652757906443821,0.633527710618213,0.18272214773405024
130.67313736564174,0.007652682258648615,0.6336087734886362,0.18273125902635728
130.67442909997973,0.007652606610853409,0.633689797022033,0.182740358586118
130.67572085985617,0.007652530963058202,0.6337707811880505,0.18274944641254906
130.67701264527182,0.007652455315262996,0.6338517259564541,0.182758522504877
130.67830445622738,0.00765237966746779,0.6339326312970197,0.18276758686234054
130.6795962927237,0.007652304019672583,0.6340134971795555,0.18277663948418765
130.68088815476148,0.0076522283718773775,0.6340943235738589,0.18278568036967696
130.68218004234146,0.0076521527240821716,0.6341751104498775,0.18279470951807889
130.68347195546446,0.007652077076286965,0.6342558577775269,0.18280372692867364
130.68476389413118,0.007652001428491759,0.6343365655267869,0.1828127326007515
130.6860558583424,0.007651925780696553,0.6344172336675943,0.1828217265336142
130.6873478480989,0.007651850132901346,0.6344978621700684,0.18283070872657334
130.6886398634014,0.00765177448510614,0.6345784510042215,0.18283967917895175
130.68993190425067,0.007651698837310934,0.634659000140237,0.1828486378900822
130.69122397064748,0.0076516231895157275,0.6347395095482451,0.18285758485930867
130.69251606259257,0.007651547541720522,0.6348199791984295,0.18286652008598459
130.6938081800867,0.007651471893925316,0.634900409061006,0.18287544356947472
130.69510032313065,0.00765139624613011,0.6349807991063084,0.18288435530915498
130.69639249172516,0.007651320598334903,0.635061149304628,0.18289325530441075
130.697684685871,0.007651244950539697,0.6351414596262661,0.1829021435546376
130.6989769055689,0.007651169302744491,0.6352217300416749,0.18291102005924256
130.70026915081965,0.007651093654949284,0.6353019605212634,0.18291988481764285
130.701561421624,0.007651018007154078,0.6353821510354619,0.18292873782926675
130.7028537179827,0.0076509423593588725,0.6354623015548513,0.1829375790935515
130.7041460398965,0.007650866711563666,0.6355424120499261,0.18294640860994618
130.70543838736614,0.00765079106376846,0.6356224824912673,0.18295522637790956
130.70673076039245,0.007650715415973254,0.635702512849509,0.18296403239691172
130.70802315897615,0.007650639768178047,0.6357825030953285,0.18297282666643203
130.70931558311796,0.007650564120382841,0.6358624531993708,0.18298160918596176
130.71060803281867,0.007650488472587635,0.6359423631324421,0.18299037995500136
130.71190050807905,0.007650412824792429,0.6360222328652945,0.1829991389730624
130.71319300889985,0.0076503371769972225,0.6361020623687232,0.18300788623966618
130.71448553528182,0.007650261529202017,0.6361818516136309,0.18301662175434513
130.71577808722571,0.007650185881406811,0.6362616005708558,0.183025345516642
130.71707066473232,0.007650110233611604,0.636341309211354,0.1830340575261101
130.71836326780237,0.007650034585816398,0.6364209775061138,0.18304275778231252
130.71965589643662,0.007649958938021192,0.6365006054261345,0.18305144628482298
130.72094855063585,0.007649883290225985,0.6365801929424579,0.18306012303322547
130.7222412304008,0.007649807642430779,0.6366597400261691,0.1830687880271152
130.72353393573223,0.0076497319946355734,0.6367392466484066,0.18307744126609704
130.72482666663092,0.007649656346840367,0.6368187127803413,0.18308608274978616
130.7261194230976,0.007649580699045161,0.6368981383931653,0.18309471247780795
130.72741220513302,0.007649505051249955,0.636977523458146,0.18310333044979898
130.72870501273798,0.007649429403454748,0.6370568679465507,0.1831119366654053
130.7299978459132,0.007649353755659542,0.6371361718296789,0.18312053112428392
130.73129070465947,0.007649278107864336,0.6372154350789266,0.18312911382610136
130.73258358897752,0.007649202460069129,0.6372946576656794,0.18313768477053585
130.73387649886814,0.0076491268122739235,0.6373738395613762,0.18314624395727427
130.73516943433205,0.0076490511644787176,0.6374529807375096,0.18315479138601512
130.73646239537004,0.007648975516683512,0.6375320811655614,0.18316332705646687
130.73775538198285,0.007648899868888305,0.6376111408171317,0.18317185096834793
130.73904839417128,0.007648824221093099,0.6376901596637775,0.18318036312138694
130.740341431936,0.007648748573297893,0.6377691376771524,0.18318886351532343
130.74163449527788,0.007648672925502686,0.6378480748289314,0.18319735214990682
130.7429275841976,0.00764859727770748,0.6379269710908432,0.18320582902489688
130.74422069869595,0.007648521629912274,0.6380058264345843,0.18321429414006304
130.7455138387737,0.007648445982117068,0.6380846408319799,0.18322274749518686
130.74680700443153,0.007648370334321862,0.6381634142548875,0.18323118909005778
130.7481001956703,0.007648294686526656,0.6382421466751217,0.18323961892447668
130.74939341249072,0.00764821903873145,0.6383208380646256,0.1832480369982549
130.75068665489357,0.007648143390936243,0.638399488395321,0.18325644331121357
130.7519799228796,0.007648067743141037,0.6384780976392265,0.18326483786318412
130.75327321644957,0.007647992095345831,0.638556665768328,0.18327322065400764
130.75456653560423,0.007647916447550624,0.6386351927547408,0.18328159168353692
130.75585988034433,0.0076478407997554185,0.6387136785705259,0.18328995095163328
130.75715325067065,0.007647765151960213,0.6387921231878196,0.18329829845816908
130.75844664658396,0.007647689504165006,0.6388705265788551,0.18330663420302734
130.75974006808497,0.0076476138563698,0.6389488887157903,0.18331495818609977
130.7610335151745,0.007647538208574594,0.6390272095709331,0.18332327040728993
130.76232698785327,0.007647462560779387,0.6391054891165486,0.18333157086651028
130.76362048612205,0.007647386912984181,0.6391837273249772,0.18333985956368393
130.7649140099816,0.007647311265188975,0.6392619241686341,0.18334813649874424
130.7662075594327,0.0076472356173937685,0.639340079619892,0.18335640167163458
130.76750113447608,0.007647159969598563,0.6394181936512303,0.1833646550823083
130.7687947351125,0.007647084321803357,0.6394962662351504,0.18337289673072907
130.77008836134272,0.00764700867400815,0.6395742973441749,0.18338112661687117
130.7713820131675,0.007646933026212944,0.6396522869508586,0.18338934474071755
130.77267569058762,0.007646857378417738,0.6397302350278207,0.1833975511022628
130.77396939360383,0.007646781730622532,0.6398081415477556,0.18340574570151122
130.7752631222169,0.007646706082827325,0.6398860064833145,0.18341392853847635
130.77655687642755,0.0076466304350321194,0.6399638298072349,0.18342209961318234
130.77785065623658,0.0076465547872369135,0.6400416114922752,0.183430258925664
130.77914446164476,0.007646479139441707,0.6401193515112801,0.18343840647596582
130.78043829265278,0.007646403491646501,0.6401970498370619,0.1834465422641417
130.78173214926147,0.007646327843851295,0.6402747064425081,0.18345466629025645
130.78302603147156,0.007646252196056088,0.6403523213005703,0.1834627785543843
130.78431993928382,0.007646176548260882,0.6404298943842006,0.1834708790566101
130.785613872699,0.007646100900465676,0.6405074256663934,0.1834789677970287
130.78690783171785,0.0076460252526704695,0.6405849151202081,0.1834870447757441
130.78820181634117,0.007645949604875264,0.6406623627187465,0.18349510999287102
130.7894958265697,0.007645873957080058,0.6407397684350894,0.18350316344853454
130.79078986240415,0.007645798309284852,0.6408171322424244,0.18351120514286903
130.79208392384535,0.007645722661489645,0.640894454113961,0.18351923507601944
130.79337801089406,0.007645647013694439,0.6409717340229083,0.1835272532481401
130.79467212355098,0.007645571365899233,0.6410489719425831,0.18353525965939524
130.79596626181691,0.007645495718104026,0.6411261678462805,0.18354325430996035
130.79726042569263,0.00764542007030882,0.6412033217073814,0.18355123720001915
130.79855461517886,0.0076453444225136145,0.6412804334992454,0.18355920832976613
130.79984883027637,0.007645268774718408,0.6413575031953607,0.1835671676994065
130.80114307098592,0.007645193126923202,0.6414345307691727,0.18357511530915396
130.80243733730828,0.007645117479127996,0.6415115161942125,0.18358305115923318
130.80373162924423,0.007645041831332789,0.6415884594440008,0.18359097524987783
130.8050259467945,0.007644966183537583,0.6416653604921865,0.18359888758133258
130.80632028995984,0.007644890535742377,0.6417422193123867,0.18360678815385148
130.80761465874104,0.00764481488794717,0.6418190358782185,0.18361467696769845
130.80890905313885,0.0076447392401519645,0.6418958101634921,0.18362255402314698
130.810203473154,0.007644663592356759,0.6419725421418995,0.18363041932048085
130.8114979187873,0.007644587944561553,0.6420492317872508,0.18363827285999426
130.8127923900395,0.007644512296766346,0.6421258790733563,0.18364611464199035
130.81408688691133,0.00764443664897114,0.6422024839741011,0.18365394466678206
130.81538140940359,0.007644361001175934,0.6422790464634027,0.18366176293469322
130.81667595751702,0.007644285353380727,0.6423555665152215,0.18366956944605692
130.81797053125237,0.007644209705585521,0.6424320441035071,0.1836773642012155
130.8192651306104,0.007644134057790315,0.6425084792023377,0.183685147200522
130.82055975559192,0.007644058409995109,0.642584871785749,0.18369291844433924
130.82185440619762,0.007643982762199903,0.6426612218278513,0.18370067793303904
130.8231490824283,0.007643907114404697,0.6427375293027877,0.1837084256670037
130.82444378428474,0.00764383146660949,0.6428137941847865,0.18371616164662577
130.82573851176767,0.007643755818814284,0.6428900164480013,0.1837238858723059
130.82703326487783,0.007643680171019078,0.6429661960667571,0.1837315983444569
130.828328043616,0.007643604523223872,0.6430423330153363,0.18373929906349945
130.82962284798302,0.0076435288754286655,0.6431184272680961,0.18374698802986486
130.83091767797953,0.0076434532276334595,0.6431944787994046,0.18375466524399384
130.83221253360634,0.007643377579838254,0.6432704875836728,0.1837623307063369
130.83350741486421,0.007643301932043047,0.6433464535954082,0.18376998441735473
130.83480232175393,0.007643226284247841,0.6434223768090862,0.18377762637751752
130.8360972542762,0.007643150636452635,0.643498257199225,0.18378525658730482
130.83739221243184,0.007643074988657428,0.6435740947404396,0.18379287504720604
130.83868719622157,0.007642999340862222,0.6436498894073446,0.18380048175772096
130.83998220564618,0.007642923693067016,0.6437256411745979,0.18380807671935812
130.84127724070643,0.00764284804527181,0.6438013500168892,0.1838156599326365
130.84257230140304,0.007642772397476604,0.6438770159089838,0.1838232313980849
130.84386738773682,0.007642696749681398,0.6439526388256467,0.18383079111624015
130.84516249970852,0.007642621101886191,0.6440282187416858,0.18383833908765118
130.84645763731888,0.007642545454090985,0.6441037556319519,0.18384587531287502
130.84775280056866,0.007642469806295779,0.6441792494713818,0.18385339979247828
130.84904798945868,0.007642394158500572,0.6442547002348801,0.1838609125270386
130.8503432039896,0.007642318510705366,0.6443301078974154,0.18386841351714162
130.8516384441623,0.0076422428629101605,0.644405472434032,0.1838759027633836
130.85293370997744,0.0076421672151149546,0.644480793819763,0.18388338026636974
130.85422900143584,0.007642091567319748,0.6445560720297275,0.18389084602671651
130.85552431853824,0.007642015919524542,0.6446313070390339,0.18389830004504737
130.85681966128539,0.007641940271729336,0.6447064988228766,0.1839057423219977
130.8581150296781,0.007641864623934129,0.6447816473564602,0.18391317285821085
130.85941042371707,0.007641788976138923,0.6448567526150434,0.18392059165434124
130.86070584340308,0.007641713328343717,0.6449318145738955,0.18392799871105173
130.86200128873693,0.0076416376805485105,0.6450068332083717,0.18393539402901513
130.86329675971936,0.007641562032753305,0.6450818084938594,0.18394277760891387
130.8645922563511,0.007641486384958099,0.645156740405735,0.1839501494514397
130.86588777863295,0.007641410737162892,0.6452316289194503,0.18395750955729456
130.86718332656568,0.007641335089367686,0.6453064740105322,0.18396485792718917
130.86847890015,0.00764125944157248,0.6453812756544643,0.18397219456184385
130.8697744993867,0.007641183793777274,0.6454560338268703,0.18397951946198893
130.87107012427657,0.007641108145982067,0.6455307485033198,0.18398683262836424
130.8723657748203,0.007641032498186861,0.6456054196594684,0.18399413406171844
130.87366145101873,0.0076409568503916555,0.6456800472710037,0.18400142376281023
130.8749571528726,0.007640881202596449,0.6457546313136565,0.1840087017324082
130.87625288038265,0.007640805554801243,0.6458291717632002,0.184015967971289
130.87754863354965,0.007640729907006037,0.6459036685954408,0.18402322248024064
130.8788444123744,0.00764065425921083,0.6459781217862162,0.18403046526005898
130.8801402168576,0.007640578611415624,0.6460525313114178,0.18403769631155018
130.88143604700002,0.007640502963620418,0.6461268971469696,0.18404491563552952
130.88273190280248,0.0076404273158252115,0.646201219268849,0.1840521232328225
130.8840277842657,0.0076403516680300055,0.6462754976530333,0.18405931910426263
130.88532369139043,0.0076402760202348,0.6463497322755859,0.1840665032506942
130.88661962417746,0.007640200372439593,0.6464239231126129,0.18407367567297012
130.88791558262753,0.007640124724644387,0.6464980701401776,0.1840808363719527
130.88921156674144,0.007640049076849181,0.6465721733345042,0.18408798534851437
130.8905075765199,0.007639973429053975,0.646646232671774,0.18409512260353628
130.89180361196372,0.007639897781258768,0.6467202481282113,0.18410224813790924
130.8930996730736,0.007639822133463562,0.6467942196801151,0.18410936195253302
130.8943957598504,0.0076397464856683564,0.6468681473038171,0.18411646404831747
130.8956918722948,0.00763967083787315,0.6469420309756596,0.1841235544261814
130.89698801040757,0.007639595190077944,0.6470158706720706,0.18413063308705285
130.8982841741895,0.007639519542282738,0.6470896663694459,0.18413770003186972
130.89958036364138,0.007639443894487531,0.6471634180442886,0.1841447552615785
130.9008765787639,0.007639368246692325,0.6472371256731448,0.18415179877713533
130.90217281955785,0.007639292598897119,0.6473107892325286,0.18415883057950622
130.90346908602405,0.007639216951101912,0.6473844086990718,0.18416585066966537
130.90476537816318,0.0076391413033067065,0.6474579840494061,0.1841728590485974
130.90606169597604,0.0076390656555115006,0.6475315152601853,0.18417985571729556
130.90735803946336,0.007638990007716295,0.6476050023081481,0.18418684067676236
130.90865440862598,0.007638914359921088,0.6476784451700877,0.18419381392801007
130.9099508034646,0.007638838712125882,0.6477518438227217,0.18420077547206
130.91124722397998,0.007638763064330676,0.6478251982429395,0.18420772530994264
130.91254367017294,0.007638687416535469,0.6478985084075983,0.1842146634426976
130.91384014204417,0.007638611768740263,0.6479717742936306,0.1842215898713739
130.91513663959446,0.007638536120945057,0.6480449958779794,0.1842285045970299
130.9164331628246,0.007638460473149851,0.648118173137652,0.18423540762073287
130.91772971173532,0.007638384825354645,0.648191306049645,0.1842422989435598
130.9190262863274,0.007638309177559439,0.6482643945911057,0.18424917856659637
130.9203228866016,0.007638233529764232,0.6483374387390627,0.18425604649093785
130.9216195125587,0.007638157881969026,0.6484104384707167,0.18426290271768828
130.92291616419942,0.00763808223417382,0.648483393763268,0.18426974724796155
130.92421284152456,0.007638006586378613,0.6485563045939281,0.18427658008288006
130.92550954453486,0.007637930938583407,0.6486291709399727,0.18428340122357556
130.9268062732311,0.0076378552907882015,0.6487019927787202,0.18429021067118914
130.92810302761404,0.007637779642992995,0.6487747700875216,0.18429700842687113
130.92939980768443,0.007637703995197789,0.6488475028437596,0.1843037944917802
130.93069661344305,0.007637628347402583,0.6489201910248709,0.18431056886708563
130.93199344489065,0.007637552699607377,0.6489928346082813,0.1843173315539638
130.933290302028,0.00763747705181217,0.6490654335715992,0.18432408255360272
130.9345871848559,0.007637401404016964,0.649137987892304,0.18433082186719707
130.93588409337502,0.007637325756221758,0.6492104975479827,0.18433754949595263
130.93718102758623,0.0076372501084265515,0.6492829625162861,0.18434426544108237
130.93847798749022,0.007637174460631346,0.6493553827748657,0.18435096970381004
130.9397749730878,0.00763709881283614,0.6494277583014262,0.18435766228536757
130.94107198437968,0.007637023165040933,0.6495000890737798,0.1843643431869959
130.94236902136666,0.007636947517245727,0.6495723750696204,0.18437101240994563
130.9436660840495,0.007636871869450521,0.649644616266814,0.18437766995547572
130.944963172429,0.007636796221655314,0.6497168126432478,0.1843843158248549
130.94626028650583,0.007636720573860108,0.6497889641767551,0.18439095001935954
130.94755742628084,0.0076366449260649024,0.6498610708453844,0.1843975725402771
130.94885459175475,0.0076365692782696965,0.6499331326270119,0.18440418338890271
130.95015178292834,0.00763649363047449,0.6500051494997718,0.18441078256654067
130.95144899980238,0.007636417982679284,0.6500771214416586,0.18441737007450426
130.9527462423776,0.007636342334884078,0.6501490484307955,0.18442394591411584
130.95404351065483,0.007636266687088871,0.6502209304453056,0.184430510086707
130.95534080463474,0.007636191039293665,0.6502927674633876,0.18443706259361786
130.95663812431818,0.007636115391498459,0.6503645594632503,0.18444360343619776
130.9579354697059,0.0076360397437032525,0.6504363064231996,0.1844501326158048
130.9592328407986,0.0076359640959080466,0.6505080083214766,0.18445665013380652
130.96053023759708,0.007635888448112841,0.6505796651364514,0.18446315599157886
130.96182766010216,0.007635812800317634,0.6506512768465047,0.18446965019050676
130.96312510831453,0.007635737152522428,0.650722843430071,0.18447613273198424
130.96442258223496,0.007635661504727222,0.650794364865574,0.18448260361741395
130.96572008186428,0.007635585856932015,0.6508658411315337,0.18448906284820873
130.96701760720316,0.007635510209136809,0.6509372722064813,0.18449551042578818
130.96831515825244,0.007635434561341603,0.6510086580690122,0.1845019463515818
130.96961273501284,0.0076353589135463975,0.6510799986977216,0.18450837062702863
130.97091033748515,0.007635283265751191,0.6511512940712907,0.18451478325357581
130.97220796567012,0.007635207617955985,0.65122254416839,0.184521184232679
130.97350561956853,0.007635131970160779,0.6512937489677756,0.1845275735658039
130.97480329918113,0.007635056322365572,0.651364908448204,0.18453395125442423
130.97610100450868,0.007634980674570366,0.6514360225885173,0.18454031730002218
130.97739873555193,0.00763490502677516,0.6515070913675253,0.18454667170408967
130.9786964923117,0.007634829378979953,0.6515781147641667,0.1845530144681269
130.9799942747887,0.0076347537311847475,0.6516490927573696,0.18455934559364295
130.98129208298374,0.007634678083389542,0.6517200253261046,0.18456566508215597
130.98258991689755,0.007634602435594335,0.6517909124493536,0.1845719729351922
130.9838877765309,0.007634526787799129,0.6518617541062052,0.18457826915428777
130.98518566188454,0.007634451140003923,0.6519325502757163,0.18458455374098628
130.9864835729593,0.007634375492208717,0.6520033009370615,0.18459082669684085
130.98778150975585,0.00763429984441351,0.6520740060693941,0.18459708802341382
130.98907947227502,0.007634224196618304,0.6521446656519317,0.18460333772227516
130.99037746051755,0.007634148548823098,0.6522152796639029,0.18460957579500417
130.99167547448423,0.007634072901027892,0.6522858480845893,0.18461580224318902
130.9929735141758,0.007633997253232686,0.6523563708933591,0.18462201706842607
130.99427157959303,0.00763392160543748,0.6524268480695584,0.1846282202723213
130.9955696707367,0.007633845957642273,0.6524972795925874,0.18463441185648824
130.99686778760753,0.007633770309847067,0.6525676654418998,0.18464059182254994
130.9981659302063,0.007633694662051861,0.6526380055970136,0.18464676017213763
130.99946409853385,0.007633619014256654,0.6527083000374146,0.1846529169068917
131.00076229259085,0.0076335433664614484,0.6527785487426532,0.18465906202846083
131.0020605123781,0.0076334677186662425,0.6528487516923974,0.1846651955385028
131.0033587578964,0.007633392070871036,0.6529189088662192,0.18467131743868295
131.00465702914644,0.00763331642307583,0.6529890202438724,0.18467742773067672
131.00595532612903,0.007633240775280624,0.6530590858050362,0.18468352641616745
131.00725364884497,0.007633165127485417,0.6531291055294755,0.1846896134968466
131.00855199729494,0.007633089479690211,0.6531990793970192,0.18469568897441535
131.00985037147976,0.007633013831895005,0.6532690073874752,0.18470175285058266
131.0111487714002,0.007632938184099799,0.6533388894807477,0.18470780512706605
131.01244719705699,0.0076328625363045926,0.6534087256567412,0.1847138458055923
131.01374564845094,0.007632786888509387,0.6534785158954349,0.1847198748878961
131.01504412558276,0.007632711240714181,0.6535482601768084,0.18472589237572135
131.0163426284533,0.007632635592918974,0.6536179584809269,0.1847318982708196
131.01764115706322,0.007632559945123768,0.6536876107878554,0.18473789257495207
131.01893971141337,0.007632484297328562,0.6537572170776809,0.18474387528988728
131.02023829150446,0.007632408649533355,0.6538267773306187,0.18474984641740327
131.02153689733728,0.007632333001738149,0.6538962915268091,0.18475580595928598
131.0228355289126,0.0076322573539429435,0.6539657596465427,0.1847617539173307
131.0241341862312,0.007632181706147737,0.6540351816700349,0.1847676902933402
131.0254328692938,0.007632106058352531,0.6541045575776515,0.1847736150891261
131.0267315781012,0.007632030410557325,0.6541738873497258,0.18477952830650868
131.02803031265412,0.007631954762762119,0.6542431709666129,0.1847854299473169
131.0293290729534,0.007631879114966912,0.65431240840885,0.18479132001338788
131.03062785899976,0.007631803467171706,0.6543815996568026,0.18479719850656692
131.03192667079398,0.0076317278193765,0.6544507446910405,0.18480306542870817
131.0332255083368,0.0076316521715812935,0.654519843492058,0.18480892078167444
131.03452437162903,0.007631576523786088,0.6545888960405318,0.1848147645673363
131.03582326067138,0.007631500875990882,0.6546579023169994,0.18482059678757282
131.03712217546467,0.007631425228195675,0.6547268623022019,0.18482641744427217
131.03842111600963,0.007631349580400469,0.6547957759768267,0.1848322265393306
131.039720082307,0.007631273932605263,0.6548646433216043,0.18483802407465252
131.04101907435765,0.007631198284810056,0.6549334643172975,0.18484381005215103
131.04231809216225,0.00763112263701485,0.6550022389447975,0.18484958447374697
131.04361713572158,0.007631046989219644,0.6550709671849206,0.18485534734137032
131.04491620503646,0.007630971341424438,0.655139649018612,0.18486109865695902
131.04621530010758,0.007630895693629232,0.6552082844267736,0.1848668384224601
131.04751442093573,0.007630820045834026,0.6552768733904148,0.18487256663982696
131.0488135675217,0.00763074439803882,0.6553454158905345,0.18487828331102388
131.05011273986628,0.007630668750243613,0.6554139119082063,0.18488398843802134
131.05141193797016,0.007630593102448407,0.655482361424579,0.18488968202279976
131.05271116183417,0.007630517454653201,0.6555507644207053,0.18489536406734688
131.05401041145905,0.0076304418068579944,0.6556191208778301,0.18490103457365883
131.05530968684556,0.0076303661590627885,0.6556874307771349,0.18490669354374045
131.05660898799448,0.007630290511267583,0.6557556940998971,0.18491234097960435
131.05790831490657,0.007630214863472376,0.6558239108273944,0.18491797688327194
131.0592076675826,0.00763013921567717,0.6558920809409903,0.18492360125677207
131.06050704602333,0.007630063567881964,0.6559602044220483,0.18492921410214255
131.06180645022954,0.007629987920086757,0.6560282812519853,0.1849348154214299
131.06310588020196,0.007629912272291551,0.6560963114122402,0.18494040521668711
131.06440533594142,0.007629836624496345,0.6561642948843371,0.18494598348997707
131.06570481744862,0.007629760976701139,0.6562322316497898,0.18495155024337046
131.06700432472437,0.007629685328905933,0.656300121690155,0.1849571054789462
131.06830385776942,0.007629609681110727,0.6563679649870642,0.18496264919879044
131.06960341658453,0.007629534033315521,0.6564357615221491,0.18496818140499843
131.0709030011705,0.007629458385520314,0.6565035112771274,0.18497370209967387
131.07220261152807,0.007629382737725108,0.6565712142337164,0.18497921128492797
131.07350224765798,0.007629307089929902,0.6566388703736661,0.18498470896288058
131.07480190956105,0.007629231442134695,0.6567064796788011,0.18499019513565942
131.07610159723802,0.0076291557943394895,0.6567740421309677,0.18499566980539953
131.07740131068965,0.0076290801465442835,0.6568415577120015,0.18500113297424597
131.07870104991673,0.007629004498749077,0.6569090264039205,0.18500658464435052
131.08000081492,0.007628928850953871,0.6569764481886137,0.18501202481787316
131.08130060570022,0.007628853203158665,0.6570438230480992,0.18501745349698256
131.08260042225822,0.007628777555363458,0.6571111509644485,0.18502287068385523
131.0839002645947,0.007628701907568252,0.6571784319197012,0.18502827638067532
131.08520013271044,0.007628626259773046,0.6572456658960036,0.18503367058963532
131.08650002660622,0.0076285506119778395,0.6573128528755136,0.18503905331293646
131.08779994628281,0.007628474964182634,0.6573799928403883,0.1850444245527873
131.08909989174097,0.007628399316387428,0.6574470857729032,0.18504978431140418
131.09039986298146,0.007628323668592222,0.6575141316553338,0.18505513259101242
131.09169986000506,0.007628248020797015,0.6575811304699984,0.18506046939384435
131.09299988281253,0.007628172373001809,0.6576480821992262,0.18506579472214119
131.09429993140463,0.007628096725206603,0.657714986825432,0.18507110857815137
131.0956000057822,0.007628021077411396,0.6577818443310199,0.18507641096413224
131.09690010594585,0.00762794542961619,0.657848654698491,0.1850817018823482
131.0982002318965,0.0076278697818209845,0.6579154179103565,0.18508698133507231
131.09950038363485,0.007627794134025778,0.6579821339491386,0.1850922493245851
131.10080056116163,0.007627718486230572,0.6580488027974241,0.1850975058531759
131.10210076447768,0.007627642838435366,0.6581154244378745,0.18510275092314077
131.10340099358376,0.00762756719064016,0.6581819988531409,0.18510798453678437
131.1047012484806,0.007627491542844953,0.6582485260258956,0.18511320669641967
131.106001529169,0.007627415895049747,0.658315005938929,0.1851184174043668
131.10730183564968,0.007627340247254541,0.6583814385749995,0.18512361666295468
131.10860216792346,0.0076272645994593345,0.6584478239169512,0.1851288044745191
131.1099025259911,0.007627188951664129,0.6585141619475852,0.18513398084140437
131.11120290985332,0.007627113303868923,0.6585804526498743,0.18513914576596302
131.11250331951095,0.007627037656073716,0.6586466960067162,0.18514429925055453
131.1138037549647,0.00762696200827851,0.6587128920011054,0.18514944129754698
131.11510421621537,0.007626886360483304,0.658779040616036,0.18515457190931586
131.11640470326375,0.007626810712688097,0.658845141834556,0.18515969108824495
131.11770521611055,0.007626735064892891,0.6589111956398099,0.18516479883672593
131.11900575475659,0.007626659417097685,0.6589772020148994,0.1851698951571572
131.12030631920263,0.007626583769302479,0.6590431609429689,0.18517498005194669
131.1216069094494,0.007626508121507273,0.6591090724072701,0.18518005352350864
131.1229075254977,0.007626432473712067,0.6591749363910442,0.1851851155742662
131.1242081673483,0.00762635682591686,0.6592407528775645,0.1851901662066496
131.12550883500194,0.007626281178121654,0.6593065218501685,0.18519520542309653
131.1268095284594,0.007626205530326448,0.659372243292226,0.18520023322605392
131.12811024772148,0.007626129882531242,0.6594379171871176,0.18520524961797505
131.12941099278893,0.0076260542347360355,0.6595035435183205,0.18521025460132184
131.13071176366248,0.0076259785869408295,0.6595691222692902,0.18521524817856322
131.13201256034293,0.007625902939145624,0.6596346534235361,0.18522023035217625
131.13331338283106,0.007625827291350417,0.6597001369646854,0.1852252011246458
131.1346142311276,0.007625751643555211,0.6597655728762476,0.18523016049846402
131.13591510523338,0.007625675995760005,0.6598309611419249,0.18523510847613148
131.13721600514913,0.007625600347964798,0.659896301745377,0.18524004506015582
131.13851693087557,0.007625524700169592,0.6599615946702954,0.18524497025305306
131.13981788241355,0.007625449052374386,0.6600268399004684,0.18524988405734596
131.1411188597638,0.00762537340457918,0.6600920374196306,0.18525478647556542
131.14241986292708,0.007625297756783974,0.660157187211667,0.18525967751025024
131.1437208919042,0.007625222108988768,0.6602222892604515,0.18526455716394638
131.14502194669586,0.007625146461193562,0.6602873435498582,0.18526942543920807
131.1463230273029,0.007625070813398355,0.6603523500638471,0.18527428233859689
131.14762413372605,0.007624995165603149,0.6604173087864103,0.1852791278646812
131.14892526596608,0.007624919517807943,0.6604822197015612,0.18528396202003844
131.15022642402377,0.007624843870012736,0.6605470827933564,0.18528878480725292
131.15152760789985,0.0076247682222175305,0.6606118980459061,0.18529359622891656
131.15282881759515,0.0076246925744223246,0.6606766654433526,0.1852983962876284
131.1541300531104,0.007624616926627118,0.660741384969881,0.1853031849859963
131.1554313144464,0.007624541278831912,0.660806056609698,0.1853079623266342
131.15673260160386,0.007624465631036706,0.6608706803470641,0.1853127283121648
131.1580339145836,0.007624389983241499,0.660935256166261,0.1853174829452179
131.15933525338636,0.007624314335446293,0.6609997840516348,0.18532222622843061
131.16063661801292,0.007624238687651087,0.6610642639875534,0.1853269581644479
131.16193800846406,0.0076241630398558805,0.6611286959584162,0.1853316787559219
131.16323942474054,0.007624087392060675,0.6611930799486876,0.18533638800551264
131.1645408668431,0.007624011744265469,0.6612574159428426,0.18534108591588777
131.1658423347726,0.007623936096470262,0.6613217039254311,0.18534577248972162
131.1671438285297,0.007623860448675056,0.6613859438809817,0.18535044772969705
131.1684453481152,0.00762378480087985,0.6614501357940981,0.18535511163850316
131.16974689352992,0.007623709153084644,0.6615142796494697,0.18535976421883815
131.17104846477457,0.007623633505289437,0.661578375431711,0.1853644054734061
131.17235006184993,0.007623557857494231,0.6616424231255866,0.18536903540491978
131.17365168475678,0.0076234822096990255,0.6617064227158397,0.18537365401609798
131.17495333349592,0.007623406561903819,0.6617703741872561,0.18537826130966822
131.17625500806807,0.007623330914108613,0.6618342775246544,0.18538285728836504
131.17755670847401,0.007623255266313407,0.6618981327129493,0.1853874419549299
131.17885843471453,0.0076231796185182,0.6619619397370125,0.1853920153121125
131.18016018679035,0.007623103970722994,0.6620256985818234,0.1853965773626692
131.1814619647023,0.007623028322927788,0.6620894092323396,0.185401128109364
131.1827637684511,0.007622952675132582,0.6621530716736048,0.18540566755496804
131.1840655980376,0.0076228770273373755,0.6622166858906839,0.1854101957022613
131.18536745346245,0.00762280137954217,0.6622802518686636,0.185414712554028
131.1866693347265,0.007622725731746964,0.6623437695926729,0.18541921811306303
131.1879712418305,0.007622650083951757,0.6624072390479167,0.1854237123821665
131.18927317477522,0.007622574436156551,0.66247066021961,0.18542819536414656
131.19057513356142,0.007622498788361345,0.662534033093011,0.18543266706181827
131.1918771181899,0.007622423140566138,0.6625973576533779,0.18543712747800484
131.1931791286614,0.007622347492770932,0.6626606338860868,0.1854415766155361
131.19448116497668,0.0076222718449757264,0.6627238617764817,0.18544601447724937
131.19578322713656,0.00762219619718052,0.6627870413099495,0.18545044106598857
131.19708531514175,0.007622120549385314,0.6628501724720057,0.18545485638460646
131.19838742899302,0.007622044901590108,0.6629132552480482,0.1854592604359613
131.1996895686912,0.007621969253794901,0.6629762896236892,0.1854636532229197
131.20099173423702,0.007621893605999695,0.6630392755844119,0.18546803474835497
131.20229392563124,0.007621817958204489,0.6631022131158394,0.18547240501514808
131.20359614287466,0.007621742310409282,0.6631651022036374,0.1854767640261869
131.20489838596802,0.0076216666626140765,0.6632279428334399,0.1854811117843665
131.20620065491212,0.0076215910148188706,0.6632907349910091,0.1854854482925892
131.2075029497077,0.007621515367023665,0.663353478662043,0.18548977355376473
131.20880527035555,0.007621439719228458,0.6634161738323576,0.1854940875708093
131.21010761685642,0.007621364071433252,0.66347882048778,0.1854983903466475
131.2114099892111,0.007621288423638046,0.6635414186141796,0.18550268188420968
131.21271238742037,0.007621212775842839,0.6636039681974691,0.18550696218643475
131.21401481148496,0.007621137128047633,0.6636664692235721,0.18551123125626734
131.21531726140566,0.007621061480252427,0.6637289216784652,0.18551548909666005
131.21661973718324,0.007620985832457221,0.6637913255481579,0.18551973571057281
131.2179222388185,0.007620910184662015,0.6638536808187235,0.18552397110097174
131.21922476631212,0.007620834536866809,0.6639159874762574,0.1855281952708306
131.220527319665,0.007620758889071602,0.6639782455069079,0.18553240822313097
131.22182989887781,0.007620683241276396,0.664040454896813,0.1855366099608599
131.22313250395135,0.00762060759348119,0.6641026156322287,0.18554080048701313
131.2244351348864,0.007620531945685984,0.664164727699336,0.18554497980459211
131.2257377916837,0.007620456297890777,0.6642267910844658,0.18554914791660632
131.22704047434408,0.0076203806500955715,0.6642888057739064,0.18555330482607166
131.22834318286826,0.007620305002300366,0.6643507717540637,0.18555745053601147
131.22964591725702,0.007620229354505159,0.6644126890112904,0.185561585049456
131.23094867751112,0.007620153706709953,0.6644745575320248,0.18556570836944236
131.23225146363137,0.007620078058914747,0.6645363773027697,0.18556982049901447
131.2335542756185,0.00762000241111954,0.6645981483100493,0.18557392144122417
131.23485711347328,0.007619926763324334,0.6646598705403339,0.1855780111991294
131.2361599771965,0.007619851115529128,0.6647215439803197,0.18558208977579496
131.23746286678895,0.0076197754677339215,0.6647831686165522,0.18558615717429353
131.23876578225136,0.007619699819938716,0.6648447444357164,0.1855902133977037
131.24006872358453,0.00761962417214351,0.6649062714245083,0.18559425844911126
131.2413716907892,0.007619548524348303,0.6649677495696773,0.18559829233161015
131.24267468386617,0.007619472876553097,0.6650291788579944,0.18560231504829952
131.24397770281618,0.007619397228757891,0.665090559276295,0.18560632660228632
131.24528074764004,0.007619321580962684,0.6651518908113715,0.1856103269966843
131.24658381833848,0.007619245933167478,0.6652131734501772,0.1856143162346138
131.2478869149123,0.0076191702853722724,0.665274407179601,0.18561829431920288
131.24919003736224,0.0076190946375770665,0.6653355919866499,0.18562226125358533
131.25049318568912,0.00761901898978186,0.6653967278582775,0.18562621704090249
131.25179635989366,0.007618943341986654,0.6654578147815335,0.1856301616843029
131.25309955997668,0.007618867694191448,0.6655188527435109,0.1856340951869406
131.2544027859389,0.007618792046396241,0.6655798417313452,0.18563801755197798
131.25570603778112,0.007618716398601035,0.6656407817321508,0.1856419287825837
131.25700931550412,0.007618640750805829,0.665701672733128,0.18564582888193307
131.25831261910866,0.0076185651030106225,0.6657625147215303,0.1856497178532079
131.2596159485955,0.007618489455215417,0.6658233076846007,0.18565359569959786
131.26091930396538,0.007618413807420211,0.6658840516096363,0.1856574624242981
131.26222268521914,0.007618338159625005,0.665944746483987,0.1856613180305119
131.26352609235755,0.007618262511829798,0.6660053922950463,0.18566516252144774
131.26482952538132,0.007618186864034592,0.6660659890302181,0.18566899590032254
131.26613298429126,0.007618111216239386,0.6661265366769493,0.18567281817035905
131.26743646908812,0.007618035568444179,0.6661870352227404,0.18567662933478637
131.2687399797727,0.007617959920648973,0.6662474846551241,0.1856804293968413
131.27004351634577,0.0076178842728537675,0.6663078849616761,0.18568421835976692
131.27134707880808,0.007617808625058561,0.6663682361299613,0.18568799622681262
131.27265066716038,0.007617732977263355,0.6664285381476628,0.18569176300123516
131.2739542814035,0.007617657329468149,0.6664887910024525,0.18569551868629763
131.27525792153818,0.007617581681672942,0.6665489946820136,0.18569926328526978
131.27656158756517,0.007617506033877736,0.666609149174136,0.1857029968014284
131.2778652794853,0.00761743038608253,0.6666692544665996,0.18570671923805632
131.27916899729928,0.007617354738287323,0.6667293105472373,0.1857104305984437
131.2804727410079,0.0076172790904921175,0.666789317403893,0.18571413088588706
131.28177651061196,0.007617203442696912,0.6668492750244642,0.18571782010368898
131.28308030611223,0.007617127794901705,0.6669091833969666,0.1857214982551599
131.2843841275094,0.007617052147106499,0.6669690425092976,0.18572516534361524
131.28568797480435,0.007616976499311293,0.6670288523495262,0.18572882137237923
131.2869918479978,0.007616900851516087,0.6670886129056575,0.18573246634478036
131.28829574709053,0.00761682520372088,0.6671483241657927,0.18573610026415527
131.28959967208328,0.007616749555925674,0.667207986118087,0.1857397231338461
131.29090362297688,0.007616673908130468,0.6672675987506631,0.18574333495720294
131.29220759977207,0.007616598260335262,0.6673271620517724,0.1857469357375812
131.2935116024696,0.007616522612540056,0.667386676009624,0.18575052547834323
131.2948156310703,0.00761644696474485,0.6674461406125013,0.18575410418285815
131.2961196855749,0.007616371316949643,0.6675055558486882,0.18575767185450087
131.29742376598415,0.007616295669154437,0.6675649217065757,0.18576122849665397
131.29872787229888,0.007616220021359231,0.6676242381745228,0.1857647741127058
131.30003200451984,0.007616144373564024,0.6676835052409955,0.18576830870605116
131.30133616264777,0.0076160687257688185,0.6677427228944172,0.1857718322800916
131.30264034668346,0.0076159930779736125,0.667801891123286,0.18577534483823474
131.3039445566277,0.007615917430178407,0.6678610099161649,0.18577884638389555
131.30524879248125,0.0076158417823832,0.6679200792615951,0.1857823369204947
131.3065530542449,0.007615766134587994,0.6679790991481823,0.18578581645145886
131.30785734191937,0.007615690486792788,0.6680380695646392,0.18578928498022268
131.3091616555055,0.007615614838997581,0.6680969904995716,0.18579274251022576
131.31046599500402,0.007615539191202375,0.6681558619417461,0.185796189044915
131.31177036041572,0.007615463543407169,0.6682146838799078,0.18579962458774338
131.31307475174137,0.007615387895611963,0.668273456302834,0.18580304914217013
131.3143791689817,0.007615312247816757,0.6683321791993985,0.185806462711661
131.31568361213755,0.007615236600021551,0.668390852558443,0.1858098652996887
131.31698808120967,0.007615160952226344,0.6684494763688844,0.18581325690973127
131.3182925761988,0.007615085304431138,0.6685080506196073,0.1858166375452735
131.3195970971057,0.007615009656635932,0.6685665752997,0.1858200072098068
131.32090164393125,0.007614934008840725,0.6686250503981008,0.18582336590682924
131.3222062166761,0.007614858361045519,0.6686834759038982,0.18582671363984413
131.3235108153411,0.0076147827132503135,0.66874185180617,0.1858300504123622
131.324815439927,0.0076147070654551076,0.6688001780940044,0.18583337622789928
131.32612009043456,0.007614631417659901,0.6688584547566403,0.18583669108997933
131.32742476686454,0.007614555769864695,0.6689166817832198,0.18583999500213072
131.32872946921773,0.007614480122069489,0.6689748591630136,0.185843287967889
131.33003419749494,0.007614404474274282,0.6690329868852711,0.1858465699907965
131.3313389516969,0.007614328826479076,0.6690910649393385,0.18584984107440022
131.33264373182436,0.00761425317868387,0.6691490933145184,0.18585310122225496
131.33394853787817,0.0076141775308886635,0.6692070720002538,0.18585635043792134
131.33525336985903,0.007614101883093458,0.669265000985901,0.18585958872496577
131.33655822776774,0.007614026235298252,0.6693228802609671,0.18586281608696162
131.3378631116051,0.007613950587503045,0.669380709814916,0.18586603252748732
131.33916802137182,0.007613874939707839,0.6694384896373082,0.18586923805012912
131.3404729570687,0.007613799291912633,0.6694962197176829,0.18587243265847786
131.34177791869652,0.007613723644117427,0.6695539000456542,0.18587561635613165
131.3430829062561,0.00761364799632222,0.6696115306108578,0.18587878914669434
131.34438791974813,0.007613572348527014,0.6696691114030042,0.18588195103377592
131.34569295917342,0.0076134967007318085,0.6697266424117616,0.18588510202099284
131.34699802453278,0.007613421052936602,0.6697841236269156,0.18588824211196747
131.3483031158269,0.007613345405141396,0.6698415550382415,0.18589137131032824
131.3496082330566,0.00761326975734619,0.6698989366355571,0.18589448961970984
131.35091337622268,0.007613194109550983,0.6699562684087557,0.18589759704375283
131.35221854532588,0.007613118461755777,0.6700135503476767,0.18590069358610456
131.35352374036697,0.007613042813960571,0.670070782442267,0.1859037792504176
131.35482896134673,0.0076129671661653645,0.6701279646825484,0.18590685404035143
131.35613420826593,0.0076128915183701585,0.6701850970584999,0.18590991795957065
131.35743948112537,0.007612815870574953,0.6702421795601328,0.18591297101174703
131.3587447799258,0.007612740222779746,0.6702992121775653,0.18591601320055737
131.36005010466795,0.00761266457498454,0.6703561949008838,0.18591904452968527
131.36135545535268,0.007612588927189334,0.6704131277202496,0.18592206500282027
131.36266083198072,0.007612513279394127,0.6704700106258779,0.18592507462365737
131.36396623455283,0.007612437631598921,0.6705268436079834,0.18592807339589815
131.3652716630698,0.007612361983803715,0.67058362665676,0.18593106132325063
131.3665771175324,0.0076122863360085094,0.6706403597626048,0.18593403840942696
131.36788259794142,0.007612210688213303,0.6706970429157868,0.18593700465814772
131.3691881042976,0.007612135040418097,0.6707536761067138,0.1859399600731379
131.37049363660174,0.007612059392622891,0.6708102593257619,0.1859429046581286
131.37179919485462,0.007611983744827684,0.6708667925633715,0.18594583841685752
131.37310477905697,0.007611908097032478,0.6709232758100472,0.18594876135306787
131.37441038920963,0.007611832449237272,0.6709797090562937,0.18595167347050875
131.37571602531332,0.007611756801442065,0.6710360922926586,0.1859545747729356
131.37702168736882,0.0076116811536468595,0.6710924255097325,0.18595746526410933
131.37832737537693,0.0076116055058516536,0.6711487086981274,0.1859603449477968
131.3796330893384,0.007611529858056447,0.671204941848509,0.18596321382777106
131.380938829254,0.007611454210261241,0.6712611249515856,0.18596607190781106
131.38224459512455,0.007611378562466035,0.6713172579980338,0.18596891919170097
131.38355038695076,0.007611302914670829,0.6713733409787123,0.185971755683232
131.38485620473344,0.007611227266875622,0.6714293738843619,0.18597458138620024
131.38616204847335,0.007611151619080416,0.6714853567058304,0.18597739630440774
131.3874679181713,0.00761107597128521,0.6715412894340091,0.18598020044166313
131.388773813828,0.007611000323490004,0.6715971720597994,0.18598299380177996
131.3900797354443,0.007610924675694798,0.6716530045741461,0.18598577638857824
131.3913856830209,0.007610849027899592,0.6717087869680258,0.18598854820588334
131.39269165655864,0.007610773380104385,0.671764519232469,0.1859913092575268
131.39399765605825,0.007610697732309179,0.6718202013585493,0.18599405954734563
131.3953036815205,0.007610622084513973,0.6718758333372966,0.18599679907918307
131.3966097329462,0.007610546436718766,0.6719314151599348,0.18599952785688809
131.3979158103361,0.00761047078892356,0.6719869468175266,0.1860022458843146
131.39922191369095,0.0076103951411283545,0.672042428301349,0.18600495316532326
131.40052804301158,0.007610319493333148,0.6720978596025718,0.18600764970378023
131.40183419829873,0.007610243845537942,0.6721532407125048,0.18601033550355672
131.40314037955318,0.007610168197742736,0.6722085716224677,0.1860130105685307
131.40444658677572,0.00761009254994753,0.6722638523237595,0.1860156749025852
131.40575281996712,0.007610016902152323,0.6723190828077859,0.1860183285096094
131.40705907912812,0.007609941254357117,0.6723742630659422,0.18602097139349766
131.4083653642595,0.007609865606561911,0.6724293930897202,0.1860236035581502
131.40967167536212,0.0076097899587667045,0.6724844728705366,0.18602622500747334
131.41097801243663,0.007609714310971499,0.6725395023999474,0.18602883574537837
131.4122843754839,0.007609638663176293,0.6725944816695412,0.18603143577578324
131.41359076450465,0.007609563015381086,0.672649410670874,0.1860340251026099
131.41489717949966,0.00760948736758588,0.6727042893955664,0.18603660372978797
131.41620362046973,0.007609411719790674,0.6727591178352925,0.18603917166125097
131.41751008741565,0.007609336071995467,0.6728138959817479,0.18604172890093923
131.41881658033813,0.007609260424200261,0.6728686238266713,0.18604427545279803
131.42012309923797,0.0076091847764050554,0.6729233013618442,0.18604681132077822
131.421429644116,0.0076091091286098495,0.6729779285790586,0.18604933650883682
131.42273621497293,0.007609033480814643,0.6730325054701712,0.18605185102093613
131.42404281180953,0.007608957833019437,0.6730870320270064,0.18605435486104377
131.42534943462664,0.007608882185224231,0.6731415082415173,0.18605684803313277
131.42665608342497,0.007608806537429024,0.6731959341056463,0.18605933054118265
131.42796275820533,0.007608730889633818,0.6732503096113894,0.18606180238917794
131.4292694589685,0.007608655241838612,0.6733046347507534,0.186064263581108
131.4305761857152,0.0076085795940434055,0.6733589095157775,0.1860667141209689
131.43188293844628,0.0076085039462481996,0.6734131338985647,0.1860691540127614
131.43318971716246,0.007608428298452994,0.6734673078912401,0.1860715832604922
131.4344965218646,0.007608352650657787,0.6735214314859604,0.18607400186817366
131.43580335255334,0.007608277002862581,0.6735755046748936,0.18607640983982246
131.43711020922953,0.007608201355067375,0.6736295274503252,0.18607880717946254
131.43841709189397,0.007608125707272168,0.6736834998044875,0.18608119389112157
131.4397240005474,0.007608050059476962,0.6737374217296876,0.18608356997883416
131.44103093519055,0.007607974411681756,0.6737912932182542,0.18608593544663943
131.44233789582432,0.00760789876388655,0.6738451142625373,0.18608829029858184
131.44364488244938,0.007607823116091344,0.6738988848550052,0.18609063453871233
131.44495189506654,0.007607747468296138,0.6739526049880186,0.1860929681710858
131.44625893367655,0.007607671820500932,0.67400627465411,0.18609529119976387
131.44756599828025,0.007607596172705725,0.6740598938458121,0.18609760362881275
131.44887308887834,0.007607520524910519,0.6741134625556251,0.18609990546230434
131.45018020547164,0.007607444877115313,0.6741669807761137,0.18610219670431574
131.45148734806094,0.007607369229320106,0.6742204484999498,0.18610447735892985
131.45279451664695,0.0076072935815249005,0.6742738657197412,0.18610674743023428
131.4541017112305,0.007607217933729695,0.6743272324282241,0.18610900692232263
131.45540893181237,0.007607142285934488,0.6743805486180922,0.1861112558392931
131.4567161783933,0.007607066638139282,0.6744338142820707,0.18611349418525036
131.45802345097408,0.007606990990344076,0.674487029412993,0.18611572196430293
131.4593307495555,0.007606915342548869,0.6745401940036595,0.1861179391805657
131.4606380741383,0.007606839694753663,0.6745933080469677,0.18612014583815892
131.4619454247233,0.007606764046958457,0.6746463715357719,0.18612234194120764
131.46325280131123,0.007606688399163251,0.6746993844630552,0.18612452749384178
131.46456020390292,0.007606612751368045,0.6747523468217471,0.18612670250019756
131.4658676324991,0.007606537103572839,0.6748052586048416,0.18612886696441586
131.46717508710057,0.007606461455777633,0.6748581198054183,0.18613102089064334
131.46848256770812,0.007606385807982426,0.6749109304165032,0.18613316428303078
131.46979007432247,0.00760631016018722,0.6749636904312083,0.18613529714573557
131.47109760694445,0.007606234512392014,0.675016399842699,0.1861374194829191
131.47240516557483,0.007606158864596807,0.6750690586441409,0.1861395312987489
131.47371275021433,0.0076060832168016014,0.6751216668287318,0.18614163259739727
131.4750203608638,0.0076060075690063955,0.6751742243897229,0.1861437233830418
131.47632799752398,0.007605931921211189,0.6752267313203764,0.1861458036598651
131.47763566019566,0.007605856273415983,0.6752791876140724,0.18614787343205513
131.47894334887957,0.007605780625620777,0.6753315932640622,0.18614993270380506
131.48025106357656,0.00760570497782557,0.6753839482638118,0.18615198147931328
131.48155880428735,0.007605629330030364,0.6754362526067014,0.186154019762783
131.48286657101275,0.007605553682235158,0.6754885062861967,0.18615604755842274
131.4841743637535,0.007605478034439952,0.6755407092957639,0.18615806487044612
131.48548218251042,0.0076054023866447456,0.6755928616289333,0.1861600717030721
131.48679002728426,0.00760532673884954,0.6756449632793102,0.1861620680605242
131.4880978980758,0.007605251091054334,0.6756970142403927,0.18616405394703175
131.4894057948858,0.007605175443259127,0.675749014505883,0.18616602936682852
131.4907137177151,0.007605099795463921,0.6758009640694078,0.18616799432415415
131.49202166656437,0.007605024147668715,0.6758528629246477,0.1861699488232524
131.49332964143449,0.007604948499873508,0.6759047110653584,0.1861718928683726
131.49463764232618,0.007604872852078302,0.6759565084853276,0.18617382646376934
131.49594566924023,0.0076047972042830965,0.6760082551782894,0.18617574961370137
131.49725372217742,0.00760472155648789,0.6760599511381178,0.18617766232243385
131.49856180113852,0.007604645908692684,0.6761115963586646,0.18617956459423565
131.4998699061243,0.007604570260897478,0.6761631908338359,0.18618145643338135
131.50117803713553,0.007604494613102272,0.6762147345575589,0.18618333784415037
131.50248619417303,0.007604418965307065,0.6762662275238038,0.1861852088308273
131.50379437723757,0.007604343317511859,0.6763176697265838,0.18618706939770108
131.50510258632985,0.007604267669716653,0.6763690611599228,0.18618891954906663
131.50641082145074,0.0076041920219214465,0.6764204018179196,0.18619075928922296
131.50771908260097,0.007604116374126241,0.676471691694641,0.18619258862247423
131.50902736978134,0.007604040726331035,0.6765229307842506,0.18619440755313005
131.5103356829926,0.007603965078535828,0.676574119080933,0.18619621608550418
131.51164402223554,0.007603889430740622,0.6766252565788515,0.1861980142239159
131.51295238751095,0.007603813782945416,0.676676343272309,0.18619980197268954
131.5142607788196,0.007603738135150209,0.6767273791555546,0.18620157933615333
131.51556919616223,0.007603662487355003,0.6767783642228805,0.18620334631864136
131.51687763953967,0.007603586839559797,0.6768292984686431,0.18620510292449266
131.51818610895268,0.007603511191764591,0.6768801818872311,0.18620684915805025
131.519494604402,0.007603435543969385,0.6769310144730654,0.18620858502366278
131.52080312588848,0.007603359896174179,0.6769817962205559,0.18621031052568374
131.52211167341284,0.007603284248378972,0.6770325271242308,0.1862120256684709
131.52342024697586,0.007603208600583766,0.6770832071785755,0.1862137304563874
131.52472884657834,0.00760313295278856,0.6771338363781394,0.18621542489380102
131.52603747222108,0.007603057304993354,0.6771844147174829,0.1862171089850845
131.5273461239048,0.0076029816571981474,0.6772349421912843,0.18621878273461534
131.5286548016303,0.0076029060094029415,0.6772854187941362,0.1862204461467753
131.52996350539834,0.007602830361607736,0.6773358445207383,0.18622209922595176
131.53127223520977,0.007602754713812529,0.6773862193658333,0.18622374197653635
131.53258099106526,0.007602679066017323,0.6774365433241533,0.1862253744029258
131.53388977296567,0.007602603418222117,0.6774868163904624,0.18622699650952138
131.53519858091175,0.00760252777042691,0.6775370385596213,0.1862286083007291
131.5365074149043,0.007602452122631704,0.6775872098264587,0.18623020978095992
131.53781627494402,0.007602376474836498,0.6776373301858674,0.18623180095462913
131.5391251610318,0.0076023008270412916,0.6776873996327509,0.1862333818261572
131.5404340731683,0.007602225179246086,0.6777374181620669,0.18623495239996934
131.5417430113544,0.00760214953145088,0.6777873857688475,0.1862365126804951
131.54305197559083,0.007602073883655674,0.6778373024480393,0.18623806267216825
131.54436096587838,0.007601998235860467,0.6778871681947606,0.18623960237942871
131.54566998221782,0.007601922588065261,0.6779369830040652,0.18624113180671975
131.54697902460993,0.007601846940270055,0.6779867468710822,0.18624265095849013
131.54828809305548,0.007601771292474848,0.6780364597909619,0.18624415983919265
131.54959718755524,0.0076016956446796425,0.6780861217589084,0.18624565845328508
131.55090630811,0.0076016199968844365,0.6781357327701473,0.18624714680522975
131.55221545472057,0.00760154434908923,0.6781852928199147,0.18624862489949384
131.55352462738767,0.007601468701294024,0.6782348019035113,0.18625009274054855
131.55483382611212,0.007601393053498818,0.6782842600162271,0.18625155033287075
131.5561430508947,0.007601317405703611,0.6783336671534699,0.18625299768094028
131.55745230173613,0.007601241757908405,0.6783830233106047,0.18625443478924342
131.55876157863727,0.007601166110113199,0.6784323284830396,0.18625586166226984
131.56007088159885,0.0076010904623179925,0.6784815826662681,0.1862572783045142
131.56138021062162,0.007601014814522787,0.6785307858557413,0.18625868472047508
131.56268956570642,0.007600939166727581,0.6785799380469957,0.18626008091465657
131.563998946854,0.007600863518932375,0.6786290392356217,0.186261466891567
131.56530835406517,0.007600787871137168,0.6786780894171451,0.186262842655719
131.56661778734065,0.007600712223341962,0.67872708858721,0.18626420821162934
131.56792724668122,0.007600636575546756,0.6787760367414818,0.18626556356382054
131.56923673208775,0.007600560927751549,0.6788249338756475,0.1862669087168186
131.5705462435609,0.007600485279956343,0.6788737799854474,0.18626824367515418
131.5718557811015,0.0076004096321611375,0.6789225750666007,0.18626956844336234
131.5731653447104,0.007600333984365931,0.6789713191149229,0.1862708830259832
131.57447493438823,0.007600258336570725,0.6790200121261869,0.1862721874275608
131.57578455013586,0.007600182688775519,0.6790686540962941,0.18627348165264365
131.5770941919541,0.007600107040980312,0.6791172450211674,0.18627476570578508
131.57840385984363,0.007600031393185106,0.6791657848966225,0.18627603959154262
131.5797135538053,0.0075999557453899,0.6792142737187002,0.186277303314478
131.5810232738399,0.007599880097594694,0.6792627114833449,0.1862785568791579
131.58233301994815,0.0075998044497994875,0.6793110981865871,0.18627980029015273
131.58364279213086,0.007599728802004282,0.6793594338244887,0.18628103355203818
131.5849525903888,0.007599653154209076,0.6794077183930911,0.18628225666939333
131.5862624147228,0.007599577506413869,0.679455951888596,0.18628346964680245
131.58757226513353,0.007599501858618663,0.6795041343070443,0.18628467248885353
131.58888214162187,0.007599426210823457,0.6795522656447129,0.18628586520013973
131.59019204418857,0.00759935056302825,0.6796003458977719,0.18628704778525795
131.59150197283438,0.007599274915233044,0.6796483750624978,0.1862882202488096
131.5928119275601,0.007599199267437838,0.6796963531351464,0.18628938259540007
131.59412190836653,0.007599123619642632,0.6797442801119838,0.18629053482963967
131.5954319152544,0.007599047971847426,0.6797921559894589,0.18629167695614285
131.59674194822452,0.00759897232405222,0.6798399807639128,0.18629280897952824
131.5980520072777,0.007598896676257013,0.6798877544317621,0.18629393090441848
131.59936209241465,0.007598821028461807,0.6799354769894125,0.1862950427354413
131.60067220363618,0.007598745380666601,0.6799831484333663,0.1862961444772278
131.6019823409431,0.007598669732871394,0.6800307687601471,0.18629723613441423
131.60329250433614,0.0075985940850761885,0.6800783379662683,0.18629831771164032
131.60460269381608,0.0075985184372809825,0.6801258560483391,0.18629938921355055
131.60591290938373,0.007598442789485777,0.6801733230029371,0.18630045064479323
131.6072231510399,0.00759836714169057,0.6802207388267255,0.18630150201002096
131.6085334187853,0.007598291493895364,0.680268103516389,0.1863025433138916
131.60984371262072,0.007598215846100158,0.6803154170685695,0.18630357456106528
131.61115403254698,0.007598140198304951,0.6803626794800801,0.18630459575620809
131.61246437856482,0.007598064550509745,0.6804098907476595,0.18630560690398965
131.61377475067505,0.007597988902714539,0.6804570508681101,0.18630660800908325
131.61508514887842,0.007597913254919333,0.6805041598382563,0.18630759907616704
131.61639557317574,0.007597837607124127,0.680551217654976,0.18630858010992346
131.61770602356776,0.007597761959328921,0.6805982243151574,0.18630955111503852
131.61901650005527,0.007597686311533714,0.6806451798157537,0.18631051209620245
131.62032700263904,0.007597610663738508,0.6806920841536962,0.1863114630581104
131.6216375313199,0.007597535015943302,0.6807389373260345,0.18631240400546004
131.62294808609855,0.007597459368148096,0.6807857393297215,0.18631333494295532
131.62425866697583,0.007597383720352889,0.6808324901619033,0.18631425587530256
131.62556927395252,0.0075973080725576835,0.680879189819597,0.18631516680721266
131.62687990702935,0.0075972324247624776,0.680925838299981,0.1863160677434013
131.62819056620714,0.007597156776967271,0.6809724356001906,0.18631695868858672
131.62950125148666,0.007597081129172065,0.6810189817174255,0.18631783964749288
131.63081196286868,0.007597005481376859,0.6810654766488745,0.18631871062484684
131.63212270035402,0.007596929833581652,0.6811119203918234,0.1863195716253801
131.6334334639434,0.007596854185786446,0.681158312943536,0.1863204226538279
131.63474425363762,0.00759677853799124,0.6812046543013625,0.1863212637149299
131.63605506943748,0.0075967028901960335,0.6812509444626202,0.18632209481342926
131.63736591134375,0.007596627242400828,0.681297183424713,0.18632291595407383
131.6386767793572,0.007596551594605622,0.6813433711850229,0.1863237271416145
131.63998767347863,0.007596475946810415,0.6813895077410391,0.1863245283808074
131.6412985937088,0.007596400299015209,0.6814355930901976,0.1863253196764117
131.6426095400485,0.007596324651220003,0.681481627230052,0.18632610103319058
131.6439205124985,0.007596249003424797,0.681527610158081,0.18632687245591203
131.64523151105962,0.00759617335562959,0.6815735418719027,0.1863276339493471
131.64654253573258,0.007596097707834384,0.6816194223691244,0.18632838551827097
131.64785358651818,0.0075960220600391785,0.6816652516473645,0.18632912716746308
131.64916466341722,0.007595946412243972,0.6817110297042623,0.18632985890170664
131.65047576643047,0.007595870764448766,0.6817567565375756,0.18633058072578865
131.6517868955587,0.00759579511665356,0.681802432145019,0.18633129264450002
131.65309805080273,0.007595719468858353,0.681848056524318,0.18633199466263645
131.6544092321633,0.007595643821063147,0.6818936296733267,0.18633268678499548
131.65572043964116,0.007595568173267941,0.6819391515898241,0.18633336901638095
131.65703167323719,0.0075954925254727345,0.6819846222716645,0.18633404136159878
131.65834293295205,0.0075954168776775285,0.6820300417167877,0.18633470382545964
131.6596542187866,0.007595341229882323,0.6820754099230804,0.18633535641277799
131.6609655307416,0.007595265582087117,0.6821207268884824,0.18633599912837173
131.66227686881786,0.00759518993429191,0.6821659926109872,0.186336631977063
131.6635882330161,0.007595114286496704,0.6822112070886424,0.18633725496367748
131.66489962333716,0.007595038638701498,0.6822563703194628,0.18633786809304492
131.66621103978179,0.007594962990906291,0.6823014823015282,0.18633847136999881
131.66752248235076,0.007594887343111085,0.6823465430329286,0.18633906479937642
131.66883395104486,0.0075948116953158794,0.6823915525118616,0.18633964838601866
131.67014544586488,0.007594736047520673,0.6824365107364495,0.18634022213477047
131.6714569668116,0.007594660399725467,0.6824814177049435,0.18634078605048043
131.67276851388579,0.007594584751930261,0.6825262734154982,0.1863413401380009
131.67408008708827,0.007594509104135054,0.6825710778664613,0.18634188440218802
131.67539168641974,0.007594433456339848,0.6826158310561055,0.18634241884790176
131.67670331188106,0.007594357808544642,0.6826605329827675,0.18634294348000538
131.67801496347298,0.007594282160749435,0.6827051836447418,0.18634345830336663
131.67932664119627,0.0075942065129542295,0.6827497830405151,0.18634396332285616
131.6806383450517,0.0075941308651590236,0.6827943311684569,0.18634445854334947
131.6819500750401,0.007594055217363817,0.6828388280270221,0.18634494396972417
131.6832618311622,0.007593979569568611,0.6828832736147087,0.1863454196068627
131.68457361341885,0.007593903921773405,0.6829276679300359,0.18634588545965133
131.68588542181075,0.007593828273978199,0.682972010971534,0.1863463415329789
131.68719725633875,0.007593752626182992,0.6830163027377973,0.18634678783173897
131.68850911700355,0.007593676978387786,0.6830605432274313,0.18634722436082848
131.689821003806,0.00759360133059258,0.6831047324390408,0.18634765112514765
131.69113291674688,0.007593525682797374,0.6831488703713708,0.1863480681296007
131.69244485582692,0.007593450035002168,0.6831929570230479,0.18634847537909563
131.69375682104695,0.007593374387206962,0.6832369923928597,0.18634887287854307
131.69506881240773,0.007593298739411755,0.6832809764795079,0.1863492606328587
131.69638082991005,0.007593223091616549,0.6833249092818661,0.18634963864696083
131.69769287355467,0.007593147443821343,0.6833687907987002,0.18635000692577175
131.6990049433424,0.007593071796026137,0.6834126210289053,0.186350365474217
131.700317039274,0.00759299614823093,0.6834563999713226,0.18635071429722605
131.7016291613503,0.0075929205004357245,0.6835001276249327,0.18635105339973154
131.702941309572,0.007592844852640519,0.6835438039886094,0.18635138278667018
131.70425348393994,0.007592769204845312,0.6835874290613759,0.18635170246298186
131.70556568445488,0.007592693557050106,0.6836310028422347,0.1863520124336101
131.7068779111176,0.0075926179092549,0.6836745253302414,0.18635231270350197
131.7081901639289,0.007592542261459693,0.6837179965244521,0.18635260327760786
131.70950244288954,0.007592466613664487,0.6837614164239654,0.18635288416088203
131.7108147480003,0.007592390965869281,0.6838047850279122,0.18635315535828223
131.712127079262,0.0075923153180740745,0.6838481023354772,0.186353416874769
131.71343943667537,0.007592239670278869,0.6838913683458234,0.18635366871530715
131.71475182024122,0.007592164022483663,0.6839345830581784,0.18635391088486478
131.71606422996035,0.007592088374688456,0.6839777464718448,0.18635414338841322
131.7173766658335,0.00759201272689325,0.6840208585860501,0.18635436623092755
131.7186891278615,0.007591937079098044,0.6840639194001183,0.18635457941738598
131.72000161604507,0.007591861431302837,0.6841069289134272,0.18635478295277053
131.72131413038503,0.007591785783507631,0.684149887125333,0.1863549768420664
131.72262667088216,0.0075917101357124255,0.684192794035224,0.186355161090262
131.72393923753725,0.0075916344879172195,0.6842356496425747,0.18635533570234988
131.72525183035106,0.007591558840122013,0.6842784539468163,0.1863555006833248
131.7265644493244,0.007591483192326807,0.6843212069474983,0.18635565603818635
131.72787709445802,0.007591407544531601,0.6843639086440735,0.18635580177193636
131.72918976575272,0.007591331896736394,0.6844065590361448,0.18635593788958046
131.73050246320926,0.007591256248941188,0.6844491581233045,0.18635606439612787
131.73181518682847,0.007591180601145982,0.6844917059051988,0.18635618129659082
131.7331279366111,0.0075911049533507755,0.6845342023813874,0.18635628859598466
131.73444071255793,0.00759102930555557,0.6845766475516346,0.1863563862993289
131.73575351466974,0.007590953657760364,0.6846190414156076,0.18635647441164574
131.73706634294734,0.007590878009965157,0.6846613839730598,0.18635655293796063
131.73837919739148,0.007590802362169951,0.6847036752237442,0.1863566218833032
131.73969207800295,0.007590726714374745,0.6847459151674679,0.1863566812527046
131.74100498478253,0.007590651066579539,0.6847881038040805,0.18635673105120146
131.74231791773104,0.007590575418784332,0.6848302411333996,0.1863567712838323
131.7436308768492,0.007590499770989126,0.6848723271553612,0.1863568019556389
131.74494386213786,0.0075904241231939205,0.6849143618698682,0.1863568230716673
131.74625687359776,0.007590348475398714,0.6849563452768566,0.1863568346369654
131.74756991122968,0.007590272827603508,0.684998277376294,0.18635683665658545
131.74888297503438,0.007590197179808302,0.6850401581682235,0.1863568291355829
131.75019606501272,0.007590121532013095,0.6850819876526665,0.186356812079016
131.7515091811654,0.007590045884217889,0.685123765829698,0.18635678549194598
131.75282232349326,0.007589970236422683,0.685165492699404,0.18635674937943775
131.7541354919971,0.007589894588627476,0.6852071682619023,0.1863567037465598
131.7554486866776,0.0075898189408322705,0.685248792517397,0.1863566485983827
131.75676190753563,0.007589743293037065,0.6852903654660274,0.18635658393998117
131.75807515457197,0.007589667645241858,0.685331887108051,0.18635650977643264
131.75938842778737,0.007589591997446652,0.6853733574436933,0.18635642611281802
131.7607017271826,0.007589516349651446,0.6854147764732116,0.18635633295422127
131.76201505275853,0.007589440701856239,0.6854561441969278,0.18635623030572887
131.76332840451585,0.007589365054061033,0.6854974606151854,0.18635611817243156
131.76464178245536,0.007589289406265827,0.6855387257283597,0.1863559965594224
131.76595518657786,0.007589213758470621,0.6855799395368048,0.18635586547179794
131.76726861688414,0.007589138110675415,0.6856211020410145,0.18635572491465763
131.76858207337497,0.007589062462880209,0.6856622132413747,0.18635557489310425
131.76989555605115,0.007588986815085003,0.6857032731383792,0.18635541541224354
131.77120906491345,0.007588911167289796,0.6857442817325857,0.1863552464771841
131.77252259996263,0.00758883551949459,0.6857852390244772,0.1863550680930382
131.7738361611995,0.007588759871699384,0.6858261450146651,0.18635488026492045
131.77514974862487,0.007588684223904177,0.6858669997037289,0.1863546829979495
131.77646336223947,0.0075886085761089715,0.685907803092323,0.18635447629724544
131.77777700204408,0.0075885329283137655,0.6859485551810806,0.18635426016793344
131.77909066803954,0.00758845728051856,0.6859892559706988,0.18635403461514022
131.7804043602266,0.007588381632723353,0.6860299054619288,0.18635379964399598
131.78171807860605,0.007588305984928147,0.6860705036554573,0.1863535552596341
131.78303182317865,0.007588230337132941,0.6861110505520782,0.1863533014671904
131.78434559394523,0.007588154689337734,0.6861515461526284,0.18635303827180466
131.78565939090652,0.007588079041542528,0.6861919904579232,0.1863527656786189
131.78697321406332,0.007588003393747322,0.6862323834688319,0.18635248369277824
131.78828706341645,0.007587927745952116,0.6862727251862342,0.18635219231943093
131.78960093896666,0.00758785209815691,0.6863130156110633,0.18635189156372814
131.79091484071472,0.007587776450361704,0.6863532547442743,0.18635158143082375
131.79222876866146,0.007587700802566497,0.6863934425868222,0.18635126192587506
131.79354272280764,0.007587625154771291,0.6864335791397583,0.186350933054042
131.794856703154,0.007587549506976085,0.6864736644040804,0.1863505948204873
131.7961707097014,0.007587473859180878,0.6865136983808937,0.18635024723037702
131.7974847424506,0.007587398211385672,0.6865536810712389,0.18634989028887977
131.7987988014023,0.0075873225635904665,0.6865936124762961,0.18634952400116728
131.80011288655743,0.00758724691579526,0.6866334925972027,0.1863491483724138
131.80142699791668,0.007587171268000054,0.6866733214351067,0.18634876340779727
131.80274113548083,0.007587095620204848,0.6867130989912742,0.18634836911249766
131.8040552992507,0.007587019972409642,0.6867528252669067,0.1863479654916983
131.80536948922708,0.007586944324614435,0.6867925002632919,0.1863475525505849
131.8066837054107,0.007586868676819229,0.6868321239817278,0.18634713029434696
131.8079979478024,0.007586793029024023,0.6868716964235342,0.18634669872817544
131.80931221640296,0.0075867173812288165,0.6869112175900631,0.18634625785726552
131.81062651121312,0.007586641733433611,0.6869506874826768,0.1863458076868142
131.81194083223366,0.007586566085638405,0.6869901061028563,0.18634534822202198
131.81325517946544,0.007586490437843198,0.687029473451964,0.18634487946809147
131.81456955290918,0.007586414790047992,0.6870687895315126,0.18634440143022907
131.81588395256568,0.007586339142252786,0.6871080543430044,0.18634391411364248
131.81719837843576,0.007586263494457579,0.6871472678879413,0.18634341752354416
131.81851283052015,0.007586187846662373,0.6871864301678898,0.18634291166514744
131.81982730881964,0.007586112198867167,0.687225541184438,0.18634239654366944
131.82114181333503,0.0075860365510719615,0.6872646009391951,0.18634187216433024
131.82245634406712,0.007585960903276755,0.6873036094337811,0.18634133853235155
131.82377090101667,0.007585885255481549,0.6873425666699128,0.18634079565295894
131.82508548418446,0.007585809607686343,0.6873814726492425,0.18634024353138037
131.82640009357132,0.007585733959891136,0.6874203273735299,0.1863396821728462
131.82771472917798,0.00758565831209593,0.687459130844502,0.18633911158258992
131.82902939100524,0.007585582664300724,0.6874978830639189,0.1863385317658475
131.8303440790539,0.0075855070165055175,0.687536584033647,0.18633794272785775
131.83165879332472,0.0075854313687103115,0.6875752337555107,0.18633734447386188
131.83297353381852,0.007585355720915106,0.6876138322313656,0.18633673700910397
131.83428830053606,0.007585280073119899,0.6876523794631005,0.1863361203388311
131.8356030934781,0.007585204425324693,0.6876908754526357,0.18633549446829206
131.83691791264548,0.007585128777529487,0.6877293202019348,0.18633485940273947
131.83823275803897,0.00758505312973428,0.6877677137129717,0.18633421514742807
131.8395476296593,0.007584977481939074,0.6878060559877852,0.18633356170761475
131.84086252750734,0.007584901834143868,0.6878443470283494,0.18633289908855977
131.8421774515838,0.007584826186348662,0.6878825868367778,0.18633222729552584
131.84349240188953,0.007584750538553456,0.6879207754151412,0.18633154633377777
131.84480737842526,0.00758467489075825,0.6879589127655641,0.18633085620858375
131.84612238119178,0.007584599242963044,0.6879969988902028,0.18633015692521382
131.8474374101899,0.007584523595167837,0.6880350337912035,0.18632944848894106
131.8487524654204,0.007584447947372631,0.6880730174707974,0.1863287309050411
131.85006754688408,0.007584372299577425,0.6881109499312166,0.1863280041787924
131.8513826545817,0.007584296651782218,0.6881488311747247,0.18632726831547483
131.85269778851404,0.0075842210039870125,0.6881866612035641,0.18632652332037242
131.85401294868188,0.0075841453561918066,0.6882244400201167,0.18632576919877034
131.85532813508604,0.0075840697083966,0.6882621676266573,0.18632500595595722
131.85664334772727,0.007583994060601394,0.6882998440255996,0.1863242335972237
131.8579585866064,0.007583918412806188,0.6883374692193257,0.18632345212786322
131.85927385172417,0.007583842765010982,0.688375043210271,0.18632266155317165
131.86058914308137,0.007583767117215775,0.6884125660008926,0.1863218618784473
131.8619044606788,0.007583691469420569,0.6884500375936581,0.18632105310899078
131.86321980451726,0.007583615821625363,0.6884874579910889,0.18632023525010566
131.8645351745975,0.007583540173830157,0.6885248271957063,0.1863194083070977
131.86585057092034,0.007583464526034951,0.6885621452100639,0.18631857228527546
131.86716599348654,0.007583388878239745,0.688599412036801,0.18631772718994902
131.86848144229688,0.007583313230444538,0.6886366276784819,0.18631687302643196
131.86979691735218,0.007583237582649332,0.6886737921377782,0.1863160098000397
131.87111241865318,0.007583161934854126,0.6887109054173722,0.18631513751609033
131.8724279462007,0.007583086287058919,0.6887479675199354,0.1863142561799044
131.87374349999553,0.007583010639263713,0.6887849784482466,0.1863133657968045
131.87505908003843,0.0075829349914685075,0.6888219382050097,0.18631246637211635
131.8763746863302,0.007582859343673301,0.6888588467930463,0.18631155791116716
131.8776903188716,0.007582783695878095,0.6888957042151139,0.18631064041928747
131.87900597766344,0.007582708048082889,0.6889325104741308,0.18630971390180928
131.88032166270654,0.007582632400287682,0.6889692655728974,0.18630877836406745
131.8816373740016,0.007582556752492476,0.6890059695143211,0.18630783381139945
131.88295311154948,0.00758248110469727,0.6890426223013418,0.1863068802491448
131.88426887535093,0.007582405456902064,0.6890792239368457,0.18630591768264493
131.88558466540678,0.0075823298091068575,0.6891157744239013,0.18630494611724474
131.88690048171773,0.007582254161311652,0.6891522737654482,0.18630396555829
131.88821632428466,0.007582178513516446,0.6891887219644909,0.18630297601113036
131.8895321931083,0.007582102865721239,0.6892251190241727,0.18630197748111652
131.89084808818944,0.007582027217926033,0.6892614649474981,0.18630096997360193
131.89216400952887,0.007581951570130827,0.6892977597375997,0.18629995349394288
131.8934799571274,0.00758187592233562,0.6893340033976213,0.18629892804749687
131.8947959309858,0.007581800274540414,0.6893701959307066,0.18629789363962482
131.89611193110483,0.0075817246267452084,0.6894063373400849,0.1862968502756887
131.89742795748532,0.007581648978950002,0.6894424276289322,0.18629579796105414
131.898744010128,0.007581573331154796,0.6894784668005101,0.18629473670108765
131.90006008903373,0.00758149768335959,0.6895144548581124,0.18629366650115908
131.90137619420327,0.007581422035564384,0.6895503918049471,0.18629258736664
131.90269232563736,0.007581346387769177,0.6895862776444691,0.18629149930290406
131.90400848333684,0.007581270739973971,0.6896221123799292,0.1862904023153277
131.90532466730247,0.007581195092178765,0.6896578960147501,0.18628929640928885
131.90664087753504,0.0075811194443835585,0.6896936285523437,0.1862881815901683
131.90795711403533,0.0075810437965883526,0.6897293099961004,0.18628705786334854
131.90927337680415,0.007580968148793147,0.6897649403494963,0.18628592523421475
131.91058966584228,0.00758089250099794,0.6898005196160614,0.18628478370815393
131.91190598115048,0.007580816853202734,0.6898360477992397,0.1862836332905552
131.91322232272955,0.007580741205407528,0.6898715249026042,0.18628247398681003
131.9145386905803,0.007580665557612321,0.6899069509297167,0.18628130580231206
131.91585508470348,0.007580589909817115,0.6899423258841608,0.1862801287424573
131.9171715050999,0.007580514262021909,0.6899776497695418,0.1862789428126431
131.91848795177035,0.007580438614226703,0.69001292258955,0.18627774801826968
131.9198044247156,0.007580362966431497,0.6900481443478231,0.18627654436473937
131.92112092393643,0.007580287318636291,0.6900833150480516,0.18627533185745593
131.92243744943366,0.007580211670841085,0.6901184346939694,0.1862741105018264
131.92375400120807,0.007580136023045878,0.6901535032893101,0.18627288030325848
131.9250705792604,0.007580060375250672,0.6901885208379043,0.18627164126716345
131.9263871835915,0.007579984727455466,0.690223487343496,0.18627039339895363
131.92770381420212,0.007579909079660259,0.6902584028099374,0.18626913670404344
131.92902047109303,0.0075798334318650535,0.6902932672410693,0.18626787118784993
131.93033715426506,0.007579757784069848,0.6903280806407758,0.18626659685579197
131.931653863719,0.007579682136274641,0.6903628430129943,0.18626531371329028
131.9329705994556,0.007579606488479435,0.6903975543616305,0.18626402176576778
131.93428736147564,0.007579530840684229,0.6904322146906432,0.18626272101864963
131.93560414977995,0.007579455192889022,0.6904668240040345,0.18626141147736272
131.93692096436928,0.007579379545093816,0.6905013823058169,0.18626009314733616
131.93823780524443,0.00757930389729861,0.6905358895999927,0.18625876603400054
131.93955467240622,0.007579228249503404,0.6905703458906924,0.18625743014278937
131.9408715658554,0.007579152601708198,0.6906047511819289,0.1862560854791373
131.94218848559274,0.007579076953912992,0.6906391054778863,0.18625473204848145
131.94350543161906,0.007579001306117786,0.690673408782674,0.18625336985626098
131.94482240393515,0.007578925658322579,0.6907076611004549,0.18625199890791674
131.94613940254177,0.007578850010527373,0.6907418624354349,0.18625061920889124
131.94745642743973,0.007578774362732167,0.6907760127918197,0.18624923076462993
131.94877347862985,0.00757869871493696,0.6908101121738903,0.18624783358057928
131.95009055611283,0.0075786230671417544,0.6908441605858741,0.18624642766218819
131.9514076598895,0.0075785474193465485,0.6908781580321054,0.186245013014907
131.95272478996068,0.007578471771551342,0.6909121045168976,0.18624358964418875
131.95404194632712,0.007578396123756136,0.6909460000445743,0.18624215755548756
131.9553591289896,0.00757832047596093,0.6909798446195561,0.18624071675426004
131.95667633794898,0.007578244828165723,0.6910136382462096,0.1862392672459645
131.95799357320593,0.007578169180370517,0.6910473809289662,0.1862378090360612
131.95931083476134,0.007578093532575311,0.691081072672289,0.18623634213001214
131.96062812261593,0.0075780178847801045,0.6911147134806414,0.18623486653328108
131.96194543677052,0.0075779422369848986,0.6911483033585296,0.18623338225133418
131.9632627772259,0.007577866589189693,0.6911818423105135,0.18623188928963888
131.96458014398286,0.007577790941394487,0.6912153303410886,0.1862303876536648
131.96589753704217,0.00757771529359928,0.6912487674548793,0.1862288773488832
131.96721495640463,0.007577639645804074,0.6912821536564776,0.1862273583807676
131.968532402071,0.007577563998008868,0.6913154889505292,0.18622583075479252
131.96984987404213,0.007577488350213661,0.6913487733416582,0.18622429447643524
131.97116737231875,0.007577412702418455,0.6913820068345857,0.18622274955117424
131.97248489690165,0.0075773370546232495,0.6914151894339681,0.18622119598449005
131.97380244779166,0.007577261406828043,0.6914483211445905,0.18621963378186493
131.97512002498954,0.007577185759032837,0.6914814019711845,0.1862180629487826
131.97643762849606,0.007577110111237631,0.691514431918546,0.18621648349072925
131.97775525831204,0.007577034463442424,0.6915474109914603,0.18621489541319217
131.97907291443826,0.007576958815647218,0.6915803391947661,0.18621329872166104
131.9803905968755,0.007576883167852012,0.6916132165333453,0.18621169342162683
131.98170830562455,0.007576807520056806,0.6916460430120795,0.1862100795185823
131.98302604068624,0.0075767318722615995,0.6916788186358507,0.1862084570180219
131.98434380206126,0.007576656224466394,0.6917115434095942,0.18620682592544247
131.9856615897505,0.007576580576671188,0.6917442173383096,0.1862051862463415
131.9869794037547,0.007576504928875981,0.6917768404269433,0.18620353798621903
131.98829724407463,0.007576429281080775,0.6918094126805379,0.18620188115057631
131.98961511071113,0.007576353633285569,0.691841934104061,0.18620021574491666
131.99093300366494,0.007576277985490362,0.6918744047026734,0.18619854177474499
131.99225092293688,0.007576202337695156,0.6919068244813639,0.18619685924556786
131.99356886852772,0.00757612668989995,0.6919391934453042,0.1861951681628933
131.99488684043826,0.007576051042104744,0.6919715115996014,0.1861934685322313
131.99620483866929,0.007575975394309538,0.6920037789494374,0.18619176035909338
131.99752286322158,0.007575899746514332,0.6920359954999411,0.18619004364899275
131.99884091409592,0.007575824098719125,0.6920681612563803,0.18618831840744413
132.00015899129315,0.007575748450923919,0.6921002762239907,0.18618658463996418
132.00147709481396,0.007575672803128713,0.692132340407987,0.18618484235207078
132.00279522465925,0.007575597155333507,0.6921643538136798,0.186183091549284
132.00411338082972,0.0075755215075383004,0.6921963164463482,0.18618133223712477
132.00543156332623,0.0075754458597430945,0.69222822831141,0.18617956442111655
132.0067497721495,0.007575370211947889,0.6922600894141228,0.1861777881067833
132.00806800730035,0.007575294564152682,0.6922918997599155,0.18617600329965153
132.0093862687796,0.007575218916357476,0.6923236593541847,0.18617421000524892
132.01070455658797,0.00757514326856227,0.692355368202381,0.18617240822910458
132.01202287072633,0.007575067620767063,0.6923870263099332,0.18617059797674962
132.01334121119538,0.007574991972971857,0.6924186336823348,0.18616877925371628
132.01465957799599,0.007574916325176651,0.6924501903250789,0.1861669520655385
132.0159779711289,0.0075748406773814446,0.6924816962437235,0.18616511641775185
132.01729639059494,0.007574765029586239,0.6925131514437938,0.18616327231589366
132.01861483639482,0.007574689381791033,0.6925445559308906,0.18616141976550207
132.0199333085294,0.007574613733995827,0.6925759097106037,0.18615955877211735
132.0212518069995,0.00757453808620062,0.692607212788566,0.18615768934128116
132.02257033180578,0.007574462438405414,0.6926384651704102,0.1861558114785367
132.02388888294917,0.007574386790610208,0.6926696668618335,0.18615392518942822
132.02520746043038,0.007574311142815001,0.6927008178685332,0.1861520304795023
132.0265260642502,0.0075742354950197955,0.6927319181962492,0.18615012735430614
132.02784469440942,0.0075741598472245895,0.6927629678506896,0.18614821581938915
132.0291633509089,0.007574084199429383,0.692793966837648,0.1861462958803015
132.03048203374934,0.007574008551634177,0.6928249151629398,0.1861443675425954
132.03180074293155,0.007573932903838971,0.6928558128323691,0.18614243081182433
132.03311947845637,0.007573857256043764,0.6928866598517837,0.18614048569354302
132.03443824032453,0.007573781608248558,0.6929174562270414,0.18613853219330803
132.03575702853684,0.007573705960453352,0.692948201964054,0.18613657031667707
132.0370758430941,0.0075736303126581455,0.6929788970687443,0.18613460006920896
132.03839468399707,0.00757355466486294,0.693009541547013,0.1861326214564645
132.03971355124656,0.007573479017067734,0.6930401354048685,0.1861306344840058
132.04103244484338,0.007573403369272527,0.6930706786482871,0.18612863915739639
132.0423513647883,0.007573327721477321,0.6931011712832876,0.18612663548220051
132.04367031108208,0.007573252073682115,0.6931316133159,0.18612462346398495
132.04498928372556,0.007573176425886909,0.6931620047521969,0.18612260310831708
132.0463082827195,0.007573100778091702,0.6931923455982618,0.18612057442076535
132.0476273080647,0.007573025130296496,0.693222635860178,0.18611853740690062
132.04894635976197,0.0075729494825012905,0.6932528755440825,0.18611649207229433
132.05026543781204,0.007572873834706084,0.6932830646561556,0.18611443842251923
132.05158454221575,0.007572798186910878,0.6933132032025986,0.18611237646315013
132.05290367297388,0.007572722539115672,0.6933432911895699,0.1861103061997622
132.0542228300872,0.007572646891320465,0.6933733286233141,0.18610822763793267
132.05554201355653,0.007572571243525259,0.6934033155100862,0.1861061407832397
132.05686122338267,0.007572495595730053,0.6934332518561627,0.18610404564126304
132.05818045956636,0.0075724199479348464,0.6934631376678201,0.1861019422175832
132.0594997221084,0.0075723443001396405,0.6934929729514209,0.18609983051778312
132.0608190110096,0.007572268652344435,0.6935227577132845,0.18609771054744537
132.06213832627077,0.007572193004549229,0.6935524919597627,0.18609558231215528
132.06345766789266,0.007572117356754022,0.6935821756973035,0.18609344581749887
132.06477703587606,0.007572041708958816,0.6936118089322802,0.186091301069063
132.0660964302218,0.00757196606116361,0.693641391671141,0.18608914807243682
132.06741585093064,0.007571890413368403,0.6936709239203447,0.1860869868332099
132.06873529800336,0.007571814765573197,0.6937004056864041,0.1860848173569728
132.07005477144077,0.007571739117777991,0.6937298369758101,0.18608263964931837
132.07137427124368,0.007571663469982785,0.693759217795097,0.18608045371583998
132.07269379741282,0.007571587822187579,0.6937885481507987,0.18607825956213217
132.07401334994904,0.007571512174392373,0.6938178280495458,0.1860760571937911
132.07533292885313,0.007571436526597166,0.6938470574979262,0.1860738466164138
132.07665253412583,0.00757136087880196,0.693876236502538,0.1860716278355984
132.07797216576793,0.007571285231006754,0.6939053650700551,0.18606940085694476
132.0792918237803,0.007571209583211547,0.6939344432071399,0.18606716568605344
132.08061150816366,0.0075711339354163415,0.6939634709205093,0.18606492232852634
132.0819312189188,0.0075710582876211355,0.6939924482168364,0.18606267078996624
132.08325095604656,0.00757098263982593,0.6940213751029237,0.18606041107597793
132.08457071954768,0.007570906992030723,0.6940502515855091,0.18605814319216604
132.08589050942297,0.007570831344235517,0.6940790776713734,0.18605586714413777
132.08721032567323,0.007570755696440311,0.6941078533673083,0.18605358293750046
132.08853016829923,0.007570680048645104,0.6941365786802016,0.18605129057786274
132.08985003730177,0.007570604400849898,0.6941652536168987,0.18604899007083459
132.09116993268165,0.007570528753054692,0.6941938781842342,0.1860466814220273
132.0924898544397,0.007570453105259486,0.694222452389171,0.18604436463705237
132.0938098025766,0.00757037745746428,0.6942509762385974,0.18604203972152353
132.09512977709323,0.007570301809669074,0.6942794497394659,0.18603970668105516
132.09644977799036,0.007570226161873867,0.6943078728987826,0.18603736552126252
132.09776980526877,0.007570150514078661,0.6943362457234785,0.18603501624776184
132.09908985892926,0.007570074866283455,0.6943645682206349,0.18603265886617107
132.1004099389726,0.007569999218488249,0.6943928403972471,0.18603029338210872
132.10173004539965,0.007569923570693042,0.694421062260418,0.1860279198011944
132.1030501782111,0.0075698479228978365,0.6944492338172071,0.18602553812904876
132.1043703374078,0.0075697722751026306,0.6944773550747282,0.18602314837129358
132.10569052299056,0.007569696627307424,0.6945054260401266,0.1860207505335519
132.10701073496014,0.007569620979512218,0.6945334467205158,0.18601834462144784
132.10833097331732,0.007569545331717012,0.694561417123095,0.18601593064060545
132.10965123806292,0.007569469683921805,0.6945893372550959,0.18601350859665108
132.11097152919768,0.007569394036126599,0.6946172071236852,0.1860110784952117
132.11229184672246,0.007569318388331393,0.6946450267361377,0.18600864034191492
132.11361219063804,0.0075692427405361865,0.6946727960997382,0.18600619414238975
132.11493256094516,0.007569167092740981,0.6947005152217288,0.1860037399022662
132.11625295764463,0.007569091444945775,0.6947281841094486,0.18600127762717505
132.1175733807373,0.007569015797150568,0.6947558027702252,0.18599880732274793
132.1188938302239,0.007568940149355362,0.6947833712114299,0.18599632899461793
132.1202143061052,0.007568864501560156,0.6948108894404118,0.18599384264841856
132.12153480838208,0.007568788853764949,0.6948383574645958,0.18599134828978453
132.12285533705526,0.007568713205969743,0.694865775291374,0.18598884592435147
132.12417589212552,0.007568637558174537,0.6948931429282463,0.18598633555775623
132.1254964735937,0.0075685619103793315,0.6949204603826373,0.1859838171956359
132.1268170814606,0.007568486262584125,0.6949477276620465,0.18598129084362902
132.12813771572695,0.007568410614788919,0.6949749447739844,0.18597875650737541
132.1294583763936,0.007568334966993713,0.6950021117259613,0.1859762141925146
132.13077906346132,0.007568259319198506,0.6950292285256057,0.18597366390468809
132.1320997769309,0.0075681836714033,0.6950562951804388,0.18597110564953803
132.1334205168031,0.007568108023608094,0.6950833116980567,0.18596853943270691
132.1347412830788,0.0075680323758128875,0.6951102780861201,0.1859659652598389
132.1360620757587,0.0075679567280176815,0.6951371943522253,0.18596338313657876
132.13738289484363,0.007567881080222476,0.6951640605040651,0.18596079306857186
132.1387037403344,0.007567805432427269,0.6951908765493214,0.18595819506146447
132.14002461223174,0.007567729784632063,0.69521764249573,0.18595558912090415
132.1413455105365,0.007567654136836857,0.6952443583509945,0.18595297525253857
132.14266643524945,0.007567578489041651,0.6952710241228828,0.18595035346201738
132.1439873863714,0.007567502841246444,0.6952976398191413,0.18594772375498966
132.14530836390315,0.007567427193451238,0.695324205447613,0.18594508613710617
132.14662936784543,0.0075673515456560324,0.6953507210160872,0.18594244061401832
132.1479503981991,0.007567275897860826,0.6953771865324179,0.18593978719137866
132.14927145496492,0.00756720025006562,0.6954036020044692,0.18593712587483976
132.15059253814368,0.007567124602270414,0.6954299674401165,0.1859344566700559
132.1519136477362,0.007567048954475207,0.6954562828472352,0.1859317795826812
132.15323478374322,0.007566973306680001,0.6954825482338395,0.1859290946183713
132.15455594616557,0.007566897658884795,0.6955087636078049,0.18592640178278233
132.15587713500406,0.007566822011089588,0.6955349289771354,0.18592370108157083
132.15719835025945,0.0075667463632943825,0.695561044349824,0.1859209925203953
132.15851959193253,0.007566670715499177,0.6955871097338534,0.18591827610491363
132.1598408600241,0.00756659506770397,0.6956131251372704,0.18591555184078495
132.16116215453496,0.007566519419908764,0.6956390905681753,0.18591281973366927
132.1624834754659,0.007566443772113558,0.6956650060346046,0.18591007978922755
132.1638048228177,0.007566368124318352,0.6956908715446692,0.18590733201312096
132.1651261965912,0.007566292476523145,0.6957166871064698,0.18590457641101146
132.16644759678712,0.007566216828727939,0.6957424527281928,0.18590181298856193
132.1677690234063,0.007566141180932733,0.6957681684179814,0.18589904175143626
132.16909047644953,0.007566065533137527,0.6957938341840222,0.18589626270529816
132.17041195591756,0.007565989885342321,0.6958194500345227,0.1858934758558128
132.17173346181124,0.007565914237547115,0.6958450159777124,0.18589068120864574
132.17305499413135,0.007565838589751908,0.6958705320218314,0.185887878769463
132.17437655287864,0.007565762941956702,0.6958959981751621,0.18588506854393205
132.17569813805395,0.007565687294161496,0.6959214144459772,0.18588225053772006
132.17701974965806,0.007565611646366289,0.6959467808426345,0.1858794247564956
132.17834138769175,0.007565535998571083,0.6959720973734276,0.18587659120592753
132.1796630521558,0.0075654603507758775,0.6959973640467038,0.18587374989168512
132.18098474305106,0.007565384702980672,0.6960225808708962,0.18587090081943886
132.18230646037827,0.007565309055185465,0.6960477478543307,0.18586804399485962
132.18362820413824,0.007565233407390259,0.6960728650054939,0.18586517942361844
132.18494997433177,0.007565157759595053,0.696097932332787,0.18586230711138796
132.18627177095968,0.007565082111799846,0.6961229498446858,0.1858594270638405
132.18759359402267,0.00756500646400464,0.6961479175496557,0.1858565392866495
132.18891544352164,0.007564930816209434,0.6961728354561726,0.18585364378548877
132.1902373194573,0.0075648551684142275,0.6961977035728414,0.18585074056603268
132.19155922183052,0.007564779520619022,0.6962225219081382,0.18584782963395627
132.19288115064202,0.007564703872823816,0.6962472904706676,0.18584491099493566
132.19420310589263,0.007564628225028609,0.69627200926897,0.1858419846546464
132.19552508758315,0.007564552577233403,0.696296678311704,0.18583905061876563
132.19684709571433,0.007564476929438197,0.6963212976074743,0.18583610889297056
132.19816913028703,0.00756440128164299,0.6963458671649285,0.18583315948293913
132.199491191302,0.007564325633847784,0.6963703869927252,0.18583020239434955
132.20081327876002,0.0075642499860525785,0.6963948570995979,0.18582723763288106
132.20213539266192,0.007564174338257372,0.6964192774941941,0.18582426520421264
132.20345753300847,0.007564098690462166,0.6964436481852905,0.18582128511402496
132.2047796998005,0.00756402304266696,0.6964679691816097,0.18581829736799826
132.20610189303875,0.007563947394871754,0.6964922404919603,0.1858153019718131
132.20742411272403,0.007563871747076547,0.6965164621250975,0.1858122989311517
132.20874635885716,0.007563796099281341,0.6965406340898513,0.18580928825169563
132.2100686314389,0.007563720451486135,0.6965647563950625,0.18580626993912774
132.2113909304701,0.0075636448036909285,0.6965888290495721,0.1858032439991305
132.21271325595146,0.007563569155895723,0.6966128520622634,0.1858002104373881
132.21403560788386,0.007563493508100517,0.6966368254420313,0.18579716925958387
132.21535798626803,0.00756341786030531,0.6966607491977808,0.18579412047140273
132.21668039110483,0.007563342212510104,0.6966846233384707,0.18579106407852916
132.218002822395,0.007563266564714898,0.6967084478730278,0.18578800008664823
132.21932528013934,0.007563190916919691,0.6967322228104538,0.18578492850144632
132.22064776433868,0.007563115269124485,0.6967559481597503,0.1857818493286093
132.22197027499377,0.007563039621329279,0.6967796239298979,0.1857787625738237
132.2232928121054,0.0075629639735340735,0.6968032501299517,0.18577566824277683
132.22461537567443,0.007562888325738867,0.6968268267690103,0.18577256634115577
132.22593796570158,0.007562812677943661,0.6968503538560752,0.18576945687464874
132.22726058218768,0.007562737030148455,0.6968738314002986,0.18576633984894397
132.22858322513355,0.007562661382353248,0.6968972594108,0.18576321526972991
132.2299058945399,0.007562585734558042,0.696920637896678,0.18576008314269596
132.23122859040762,0.007562510086762836,0.6969439668671381,0.18575694347353125
132.23255131273746,0.007562434438967629,0.6969672463313,0.18575379626792565
132.2338740615302,0.0075623587911724235,0.6969904762984339,0.18575064153156937
132.23519683678666,0.007562283143377218,0.697013656777713,0.185747479270153
132.23651963850762,0.007562207495582011,0.6970367877783858,0.18574430948936735
132.23784246669385,0.007562131847786805,0.6970598693097011,0.1857411321949042
132.23916532134618,0.007562056199991599,0.6970829013809394,0.18573794739245478
132.24048820246543,0.007561980552196392,0.6971058840014029,0.18573475508771067
132.24181111005234,0.007561904904401186,0.6971288171804261,0.1857315552863648
132.2431340441077,0.00756182925660598,0.6971517009273325,0.18572834799410937
132.24445700463235,0.007561753608810774,0.6971745352514563,0.18572513321663758
132.24577999162707,0.007561677961015568,0.6971973201622074,0.18572191095964238
132.24710300509264,0.007561602313220362,0.6972200556689627,0.18571868122881768
132.24842604502987,0.007561526665425156,0.6972427417811747,0.18571544402985687
132.24974911143954,0.007561451017629949,0.69726537850821,0.18571219936845468
132.25107220432244,0.007561375369834743,0.6972879658596067,0.18570894725030507
132.2523953236794,0.007561299722039537,0.6973105038447744,0.18570568768110307
132.25371846951117,0.00756122407424433,0.6973329924732405,0.18570242066654322
132.2550416418186,0.0075611484264491245,0.6973554317545219,0.18569914621232153
132.2563648406024,0.0075610727786539185,0.6973778216981672,0.18569586432413251
132.25768806586345,0.007560997130858712,0.6974001623136721,0.18569257500767236
132.2590113176025,0.007560921483063506,0.6974224536106497,0.18568927826863785
132.26033459582032,0.0075608458352683,0.6974446955987134,0.18568597411272444
132.26165790051778,0.007560770187473094,0.6974668882874442,0.1856826625456287
132.26298123169562,0.007560694539677887,0.697489031686477,0.1856793435730476
132.26430458935465,0.007560618891882681,0.6975111258054466,0.18567601720067795
132.26562797349567,0.007560543244087475,0.6975331706540843,0.185672683434217
132.26695138411947,0.007560467596292269,0.6975551662420141,0.185669342279362
132.2682748212268,0.007560391948497063,0.697577112578978,0.18566599374181067
132.26959828481856,0.007560316300701857,0.6975990096747183,0.1856626378272608
132.27092177489544,0.00756024065290665,0.6976208575389448,0.18565927454141026
132.2722452914583,0.007560165005111444,0.697642656181421,0.1856559038899574
132.2735688345079,0.007560089357316238,0.6976644056119854,0.1856525258786004
132.27489240404506,0.007560013709521031,0.6976861058404125,0.18564914051303788
132.27621600007055,0.007559938061725825,0.697707756876487,0.18564574779896856
132.27753962258518,0.0075598624139306195,0.6977293587301336,0.18564234774209112
132.27886327158976,0.007559786766135413,0.697750911411148,0.18563894034810474
132.28018694708507,0.007559711118340207,0.6977724149294652,0.18563552562270844
132.28151064907186,0.007559635470545001,0.6977938692949455,0.1856321035716018
132.282834377551,0.007559559822749794,0.6978152745175134,0.18562867420048385
132.2841581325233,0.007559484174954588,0.697836630607136,0.18562523751505447
132.28548191398943,0.007559408527159382,0.6978579375737273,0.18562179352101313
132.28680572195032,0.007559332879364176,0.6978791954273188,0.18561834222405968
132.2881295564067,0.0075592572315689695,0.697900404177846,0.18561488362989434
132.28945341735934,0.007559181583773764,0.697921563835362,0.18561141774421666
132.2907773048091,0.007559105935978558,0.6979426744098984,0.18560794457272706
132.29210121875676,0.007559030288183351,0.69796373591153,0.1856044641211256
132.29342515920308,0.007558954640388145,0.6979847483502458,0.18560097639511267
132.2947491261489,0.007558878992592939,0.6980057117362061,0.18559748140038887
132.296073119595,0.007558803344797732,0.6980266260795177,0.18559397914265433
132.29739713954214,0.007558727697002526,0.6980474913902875,0.18559046962760964
132.29872118599116,0.00755865204920732,0.6980683076786548,0.18558695286095522
132.30004525894284,0.0075585764014121145,0.6980890749548228,0.18558342884839224
132.30136935839798,0.007558500753616908,0.6981097932289305,0.18557989759562085
132.30269348435738,0.007558425105821702,0.6981304625111922,0.18557635910834208
132.3040176368218,0.007558349458026496,0.6981510828118541,0.1855728133922565
132.3053418157921,0.007558273810231289,0.6981716541411197,0.18556926045306527
132.30666602126902,0.007558198162436083,0.6981921765092783,0.18556570029646882
132.30799025325337,0.007558122514640877,0.6982126499265976,0.18556213292816828
132.30931451174595,0.0075580468668456705,0.6982330744033347,0.1855585583538643
132.31063879674758,0.0075579712190504645,0.6982534499498648,0.18555497657925804
132.31196310825902,0.007557895571255259,0.6982737765764555,0.1855513876100502
132.3132874462811,0.007557819923460052,0.698294054293525,0.18554779145194153
132.31461181081457,0.007557744275664846,0.6983142831113839,0.185544188110633
132.31593620186024,0.00755766862786964,0.6983344630404716,0.18554057759182546
132.31726061941896,0.007557592980074433,0.6983545940911526,0.18553695990121993
132.31858506349147,0.007557517332279227,0.698374676273845,0.18553333504451677
132.31990953407856,0.007557441684484021,0.6983947095990308,0.1855297030274171
132.32123403118106,0.007557366036688815,0.6984146940771283,0.18552606385562134
132.32255855479977,0.007557290388893609,0.6984346297186521,0.1855224175348306
132.32388310493545,0.007557214741098403,0.6984545165340844,0.1855187640707453
132.3252076815889,0.007557139093303197,0.6984743545339291,0.1855151034690655
132.32653228476096,0.00755706344550799,0.6984941437287117,0.18551143573549225
132.32785691445238,0.007556987797712784,0.6985138841290107,0.18550776087572604
132.329181570664,0.007556912149917578,0.698533575745384,0.18550407889546694
132.33050625339658,0.007556836502122371,0.6985532185884105,0.18550038980041528
132.3318309626509,0.0075567608543271655,0.6985728126687225,0.1854966935962713
132.33315569842782,0.0075566852065319596,0.6985923579969099,0.185492990288735
132.3344804607281,0.007556609558736753,0.6986118545836266,0.18548927988350628
132.33580524955252,0.007556533910941547,0.6986313024395269,0.18548556238628539
132.33713006490188,0.007556458263146341,0.6986507015752969,0.18548183780277155
132.33845490677703,0.007556382615351134,0.6986700520016227,0.1854781061386649
132.3397797751787,0.007556306967555928,0.6986893537292336,0.18547436739966475
132.34110467010774,0.007556231319760722,0.698708606768848,0.18547062159147043
132.3424295915649,0.007556155671965516,0.6987278111312272,0.18546686871978146
132.34375453955099,0.00755608002417031,0.6987469668271111,0.1854631087902964
132.3450795140668,0.007556004376375104,0.6987660738672826,0.1854593418087149
132.3464045151132,0.007555928728579898,0.6987851322625994,0.18545556778073544
132.3477295426909,0.007555853080784691,0.6988041420238122,0.1854517867120566
132.3490545968007,0.007555777432989485,0.6988231031617897,0.18544799860837705
132.35037967744344,0.007555701785194279,0.698842015687422,0.18544420347539498
132.3517047846199,0.007555626137399072,0.6988608796114703,0.1854404013188088
132.35302991833086,0.007555550489603866,0.6988796949449749,0.18543659214431604
132.35435507857716,0.0075554748418086605,0.6988984616987403,0.18543277595761484
132.35568026535955,0.007555399194013454,0.6989171798837098,0.18542895276440255
132.35700547867887,0.007555323546218248,0.6989358495108597,0.18542512257037666
132.35833071853585,0.007555247898423042,0.6989544705911015,0.18542128538123442
132.35965598493138,0.007555172250627835,0.6989730431354324,0.18541744120267292
132.3609812778662,0.007555096602832629,0.6989915671548714,0.18541359004038835
132.36230659734107,0.007555020955037423,0.6990100426604265,0.18540973190007784
132.3636319433569,0.0075549453072422165,0.6990284696631166,0.18540586678743748
132.36495731591435,0.0075548696594470105,0.699046848173982,0.18540199470816318
132.36628271501434,0.007554794011651805,0.6990651782040844,0.1853981156679511
132.36760814065758,0.007554718363856599,0.6990834597645286,0.18539422967249639
132.3689335928449,0.007554642716061392,0.6991016928663869,0.18539033672749453
132.37025907157712,0.007554567068266186,0.6991198775207963,0.1853864368386409
132.371584576855,0.00755449142047098,0.699138013738915,0.18538253001163024
132.3729101086794,0.007554415772675773,0.6991561015318264,0.1853786162521565
132.37423566705104,0.007554340124880567,0.699174140910753,0.18537469556591485
132.37556125197074,0.0075542644770853614,0.6991921318868747,0.18537076795859844
132.37688686343932,0.007554188829290155,0.6992100744713818,0.18536683343590138
132.37821250145757,0.007554113181494949,0.6992279686755081,0.18536289200351738
132.37953816602626,0.007554037533699743,0.6992458145104866,0.1853589436671389
132.3808638571462,0.007553961885904537,0.6992636119875618,0.18535498843245946
132.38218957481826,0.00755388623810933,0.6992813611179991,0.18535102630517078
132.3835153190431,0.007553810590314124,0.699299061913107,0.18534705729096568
132.38484108982163,0.007553734942518918,0.6993167143841728,0.1853430813955358
132.38616688715462,0.0075536592947237115,0.6993343185425369,0.18533909862457276
132.38749271104285,0.0075535836469285056,0.6993518743995295,0.18533510898376762
132.3888185614871,0.0075535079991333,0.699369381966502,0.18533111247881146
132.39014443848825,0.007553432351338093,0.699386841254838,0.18532710911539477
132.391470342047,0.007553356703542887,0.6994042522759212,0.1853230988992075
132.3927962721642,0.007553281055747681,0.6994216150411887,0.1853190818359399
132.39412222884064,0.007553205407952474,0.6994389295619922,0.18531505793128122
132.3954482120771,0.007553129760157268,0.6994561958498545,0.18531102719092069
132.3967742218744,0.007553054112362062,0.6994734139161702,0.18530698962054704
132.39810025823337,0.007552978464566856,0.699490583772441,0.1853029452258482
132.39942632115472,0.00755290281677165,0.6995077054301361,0.1852988940125129
132.4007524106393,0.007552827168976444,0.6995247789008217,0.18529483598622837
132.40207852668794,0.007552751521181237,0.6995418041959565,0.18529077115268183
132.40340466930138,0.007552675873386031,0.6995587813270957,0.18528669951756024
132.40473083848045,0.007552600225590825,0.699575710305827,0.18528262108654991
132.40605703422594,0.007552524577795619,0.6995925911436841,0.1852785358653369
132.40738325653868,0.007552448930000412,0.6996094238522866,0.18527444385960648
132.40870950541938,0.0075523732822052065,0.6996262084432435,0.18527034507504445
132.41003578086892,0.007552297634410001,0.6996429449281639,0.1852662395173352
132.4113620828881,0.007552221986614794,0.6996596333186673,0.18526212719216326
132.4126884114777,0.007552146338819588,0.6996762736264485,0.18525800810521206
132.41401476663845,0.007552070691024382,0.6996928658631807,0.18525388226216538
132.41534114837125,0.007551995043229175,0.6997094100405054,0.1852497496687063
132.41666755667686,0.007551919395433969,0.6997259061701813,0.18524561033051726
132.41799399155607,0.007551843747638763,0.6997423542639356,0.18524146425328022
132.4193204530097,0.0075517680998435565,0.6997587543334416,0.18523731144267716
132.4206469410385,0.007551692452048351,0.6997751063905013,0.1852331519043889
132.42197345564333,0.007551616804253145,0.699791410446874,0.18522898564409646
132.42329999682494,0.007551541156457939,0.6998076665143723,0.18522481266747962
132.42462656458417,0.007551465508662732,0.6998238746047662,0.18522063298021846
132.4259531589218,0.007551389860867526,0.69984003472989,0.18521644658799208
132.4272797798386,0.00755131421307232,0.6998561469015672,0.18521225349647924
132.42860642733544,0.007551238565277113,0.6998722111316747,0.18520805371135826
132.42993310141304,0.0075511629174819074,0.6998882274320471,0.18520384723830668
132.43125980207225,0.0075510872696867015,0.6999041958145936,0.18519963408300216
132.43258652931385,0.007551011621891495,0.6999201162912022,0.18519541425112093
132.43391328313865,0.007550935974096289,0.6999359888738143,0.1851911877483392
132.43524006354744,0.007550860326301083,0.6999518135743071,0.18518695458033319
132.43656687054101,0.007550784678505876,0.6999675904046975,0.18518271475277748
132.43789370412017,0.00755070903071067,0.6999833193768944,0.18517846827134687
132.4392205642857,0.007550633382915464,0.6999990005029256,0.18517421514171536
132.44054745103847,0.0075505577351202575,0.7000146337947216,0.18516995536955647
132.44187436437917,0.0075504820873250516,0.7000302192643529,0.18516568896054295
132.4432013043087,0.007550406439529846,0.700045756923847,0.18516141592034752
132.4445282708278,0.007550330791734639,0.7000612467852094,0.18515713625464203
132.44585526393726,0.007550255143939433,0.700076688860543,0.18515284996909742
132.44718228363791,0.007550179496144227,0.7000920831618641,0.18514855706938482
132.44850932993057,0.007550103848349021,0.7001074297013183,0.18514425756117373
132.449836402816,0.007550028200553814,0.7001227284909867,0.18513995145013404
132.451163502295,0.007549952552758608,0.7001379795429823,0.18513563874193495
132.4524906283684,0.0075498769049634025,0.7001531828694828,0.18513131944224404
132.45381778103697,0.007549801257168196,0.7001683384826229,0.18512699355672993
132.4551449603015,0.00754972560937299,0.700183446394548,0.1851226610910591
132.45647216616283,0.007549649961577784,0.7001985066174893,0.18511832205089807
132.45779939862175,0.007549574313782577,0.7002135191636027,0.18511397644191338
132.459126657679,0.007549498665987371,0.7002284840451306,0.18510962426976976
132.46045394333547,0.007549423018192165,0.7002434012742933,0.18510526554013168
132.46178125559192,0.007549347370396959,0.7002582708633219,0.18510090025866394
132.46310859444912,0.0075492717226017525,0.7002730928245336,0.185096528431029
132.46443595990792,0.007549196074806547,0.7002878671701489,0.18509215006289034
132.4657633519691,0.007549120427011341,0.7003025939125064,0.18508776515990966
132.46709077063343,0.007549044779216134,0.7003172730639015,0.18508337372774852
132.46841821590175,0.007548969131420928,0.7003319046366084,0.18507897577206778
132.46974568777483,0.007548893483625722,0.7003464886430302,0.18507457129852717
132.4710731862535,0.007548817835830515,0.700361025095516,0.18507016031278675
132.47240071133854,0.007548742188035309,0.7003755140064043,0.18506574282050522
132.47372826303075,0.007548666540240103,0.7003899553881088,0.18506131882734003
132.47505584133097,0.007548590892444897,0.7004043492530323,0.18505688833894926
132.47638344623994,0.007548515244649691,0.7004186956135777,0.1850524513609894
132.47771107775847,0.007548439596854485,0.7004329944821588,0.18504800789911663
132.4790387358874,0.007548363949059278,0.7004472458712427,0.18504355795898608
132.4803664206275,0.007548288301264072,0.7004614497932968,0.1850391015462526
132.48169413197954,0.007548212653468866,0.7004756062607991,0.18503463866657008
132.4830218699444,0.007548137005673659,0.7004897152862382,0.1850301693255916
132.4843496345228,0.0075480613578784534,0.7005037768820814,0.18502569352896964
132.4856774257156,0.0075479857100832475,0.7005177910609142,0.1850212112823562
132.48700524352356,0.007547910062288042,0.7005317578352679,0.18501672259140212
132.48833308794752,0.007547834414492835,0.7005456772176315,0.18501222746175777
132.48966095898822,0.007547758766697629,0.7005595492206546,0.18500772589907302
132.4909888566465,0.007547683118902423,0.7005733738568473,0.1850032179089962
132.4923167809232,0.007547607471107216,0.7005871511388486,0.18499870349717584
132.49364473181905,0.00754753182331201,0.7006008810792761,0.184994182669259
132.4949727093349,0.007547456175516804,0.7006145636907257,0.18498965543089255
132.4963007134715,0.0075473805277215976,0.7006281989858578,0.18498512178772158
132.49762874422967,0.007547304879926392,0.7006417869773222,0.18498058174539192
132.49895680161023,0.007547229232131186,0.7006553276778005,0.18497603530954757
132.500284885614,0.007547153584335979,0.7006688210999854,0.18497148248583184
132.5016129962417,0.007547077936540773,0.7006822672565375,0.18496692327988787
132.5029411334942,0.007547002288745567,0.7006956661602134,0.18496235769735714
132.5042692973723,0.007546926640950361,0.7007090178237275,0.18495778574388105
132.50559748787677,0.007546850993155154,0.7007223222598472,0.18495320742509958
132.50692570500843,0.0075467753453599485,0.7007355794812867,0.18494862274665252
132.50825394876804,0.0075466996975647425,0.7007487895008566,0.18494403171417895
132.5095822191565,0.007546624049769536,0.7007619523313461,0.184939434333316
132.51091051617448,0.00754654840197433,0.7007750679855441,0.1849348306097013
132.51223883982288,0.007546472754179124,0.7007881364762508,0.18493022054897085
132.51356719010246,0.007546397106383917,0.7008011578163624,0.18492560415676018
132.51489556701404,0.007546321458588711,0.7008141320186682,0.1849209814387041
132.51622397055837,0.007546245810793505,0.700827059096043,0.1849163524004363
132.51755240073632,0.0075461701629982985,0.700839939061362,0.1849117170475892
132.51888085754865,0.007546094515203093,0.7008527719275215,0.18490707538579554
132.5202093409962,0.007546018867407887,0.7008655577074502,0.18490242742068622
132.5215378510797,0.00754594321961268,0.7008782964140337,0.1848977731578916
132.5228663878,0.007545867571817474,0.7008909880602114,0.18489311260304134
132.5241949511579,0.007545791924022268,0.7009036326589121,0.18488844576176403
132.5255235411542,0.007545716276227062,0.7009162302231393,0.18488377263968728
132.52685215778973,0.007545640628431855,0.7009287807658754,0.18487909324243842
132.52818080106522,0.007545564980636649,0.7009412843000704,0.184874407575643
132.5295094709815,0.0075454893328414435,0.7009537408387495,0.18486971564492638
132.5308381675394,0.007545413685046237,0.7009661503949379,0.1848650174559126
132.53216689073972,0.007545338037251031,0.7009785129816287,0.1848603130142255
132.5334956405832,0.007545262389455825,0.7009908286119436,0.184855602325487
132.53482441707072,0.007545186741660618,0.7010030972988863,0.18485088539531896
132.53615322020303,0.007545111093865412,0.7010153190555356,0.18484616222934167
132.53748204998095,0.007545035446070206,0.7010274938950241,0.18484143283317542
132.5388109064053,0.0075449597982749994,0.701039621830409,0.1848366972124383
132.54013978947683,0.0075448841504797935,0.701051702874823,0.18483195537274894
132.54146869919637,0.007544808502684588,0.7010637370414412,0.18482720731972374
132.54279763556474,0.007544732854889382,0.7010757243433321,0.184822453058979
132.54412659858275,0.007544657207094175,0.7010876647937029,0.1848176925961298
132.54545558825114,0.007544581559298969,0.7010995584057292,0.18481292593679
132.54678460457075,0.007544505911503763,0.7011114051926078,0.18480815308657303
132.5481136475424,0.007544430263708556,0.701123205167482,0.18480337405109123
132.54944271716687,0.00754435461591335,0.7011349583436237,0.18479858883595554
132.55077181344492,0.007544278968118144,0.7011466647342619,0.1847937974467768
132.55210093637746,0.007544203320322938,0.7011583243526471,0.18478899988916386
132.5534300859652,0.007544127672527732,0.7011699372119655,0.1847841961687255
132.55475926220896,0.007544052024732526,0.7011815033255642,0.18477938629106888
132.55608846510955,0.007543976376937319,0.701193022706715,0.18477457026180055
132.5574176946678,0.007543900729142113,0.70120449536869,0.18476974808652588
132.55874695088445,0.007543825081346907,0.7012159213248039,0.18476491977084966
132.56007623376036,0.0075437494335517,0.7012273005884255,0.184760085320375
132.5614055432963,0.0075436737857564945,0.7012386331728372,0.18475524474070448
132.5627348794931,0.0075435981379612885,0.7012499190914078,0.18475039803743956
132.56406424235152,0.007543522490166082,0.7012611583575484,0.18474554521618064
132.56539363187238,0.007543446842370876,0.7012723509845957,0.18474068628252738
132.5667230480565,0.00754337119457567,0.7012834969859395,0.18473582124207835
132.56805249090468,0.007543295546780464,0.7012945963750126,0.18473095010043045
132.5693819604177,0.007543219898985257,0.7013056491652159,0.18472607286318035
132.57071145659637,0.007543144251190051,0.7013166553700143,0.18472118953592365
132.5720409794415,0.007543068603394845,0.7013276150028301,0.18471630012425438
132.5733705289539,0.007542992955599639,0.7013385280771285,0.18471140463376587
132.57470010513435,0.007542917307804433,0.7013493946063636,0.18470650307005065
132.57602970798365,0.007542841660009227,0.701360214604065,0.18470159543869974
132.57735933750266,0.00754276601221402,0.7013709880837083,0.18469668174530293
132.57868899369208,0.007542690364418814,0.7013817150588126,0.1846917619954498
132.5800186765528,0.007542614716623608,0.7013923955429393,0.18468683619472834
132.5813483860856,0.007542539068828401,0.7014030295495643,0.18468190434872525
132.58267812229127,0.007542463421033195,0.7014136170922921,0.18467696646302673
132.58400788517062,0.0075423877732379895,0.7014241581846415,0.18467202254321757
132.58533767472443,0.0075423121254427836,0.7014346528402492,0.1846670725948812
132.58666749095354,0.007542236477647577,0.7014451010727198,0.18466211662360058
132.58799733385874,0.007542160829852371,0.701455502895615,0.18465715463495716
132.58932720344083,0.007542085182057165,0.7014658583225606,0.1846521866345318
132.59065709970062,0.007542009534261958,0.7014761673671935,0.18464721262790307
132.59198702263888,0.007541933886466752,0.701486430043172,0.18464223262065016
132.59331697225645,0.007541858238671546,0.7014966463641542,0.18463724661834968
132.59464694855413,0.0075417825908763395,0.7015068163437983,0.18463225462657792
132.5959769515327,0.007541706943081134,0.7015169399958269,0.1846272566509098
132.59730698119296,0.007541631295285928,0.7015270173338874,0.1846222526969191
132.59863703753575,0.007541555647490721,0.7015370483717348,0.18461724277017855
132.59996712056184,0.007541479999695515,0.7015470331230701,0.18461222687625992
132.60129723027205,0.007541404351900309,0.701556971601648,0.1846072050207332
132.60262736666718,0.007541328704105102,0.7015668638212341,0.18460217720916805
132.60395752974802,0.007541253056309896,0.7015767097955294,0.1845971434471329
132.6052877195154,0.00754117740851469,0.701586509538364,0.18459210374019452
132.6066179359701,0.0075411017607194845,0.7015962630635246,0.1845870580939185
132.60794817911292,0.007541026112924278,0.7016059703847876,0.1845820065138701
132.60927844894468,0.007540950465129072,0.7016156315159721,0.1845769490056126
132.61060874546618,0.007540874817333866,0.7016252464709294,0.18457188557470822
132.61193906867823,0.007540799169538659,0.7016348152635001,0.1845668162267189
132.6132694185816,0.007540723521743453,0.7016443379075357,0.18456174096720407
132.61459979517713,0.007540647873948247,0.7016538144168765,0.18455665980172256
132.6159301984656,0.0075405722261530405,0.7016632448054063,0.18455157273583267
132.61726062844784,0.0075404965783578345,0.7016726290870406,0.18454647977509048
132.6185910851246,0.007540420930562629,0.7016819672756417,0.1845413809250517
132.61992156849675,0.007540345282767422,0.7016912593851895,0.18453627619126972
132.62125207856505,0.007540269634972216,0.7017005054295676,0.1845311655792987
132.62258261533032,0.00754019398717701,0.7017097054227238,0.1845260490946893
132.62391317879337,0.007540118339381804,0.7017188593786061,0.1845209267429928
132.625243768955,0.007540042691586597,0.7017279673111946,0.18451579852975816
132.62657438581599,0.007539967043791391,0.7017370292344693,0.18451066446053366
132.62790502937716,0.0075398913959961854,0.701746045162421,0.1845055245408662
132.6292356996393,0.007539815748200979,0.7017550151090406,0.18450037877630135
132.63056639660326,0.007539740100405773,0.7017639390883618,0.1844952271723838
132.6318971202698,0.007539664452610567,0.7017728171144075,0.18449006973465656
132.63322787063973,0.00753958880481536,0.7017816492012009,0.18448490646866192
132.63455864771387,0.007539513157020154,0.7017904353628293,0.18447973737994047
132.635889451493,0.007539437509224948,0.7017991756133477,0.18447456247403157
132.63722028197796,0.007539361861429741,0.701807869966833,0.1844693817564737
132.63855113916952,0.0075392862136345355,0.7018165184373187,0.1844641952328037
132.63988202306848,0.00753921056583933,0.701825121038989,0.18445900290855788
132.6412129336757,0.007539134918044123,0.7018336777859525,0.18445380478927012
132.6425438709919,0.007539059270248917,0.7018421886923074,0.18444860088047388
132.64387483501793,0.007538983622453711,0.7018506537721626,0.18444339118770114
132.6452058257546,0.007538907974658504,0.7018590730397342,0.1844381757164829
132.64653684320268,0.007538832326863298,0.7018674465091523,0.18443295447234792
132.64786788736305,0.007538756679068092,0.7018757741946119,0.18442772746082506
132.6491989582364,0.007538681031272886,0.701884056110243,0.18442249468744065
132.65053005582365,0.00753860538347768,0.7018922922703262,0.1844172561577207
132.65186118012554,0.007538529735682474,0.7019004826890025,0.18441201187718914
132.6531923311429,0.007538454087887268,0.7019086273805633,0.18440676185136945
132.65452350887648,0.007538378440092061,0.7019167263591816,0.1844015060857827
132.65585471332716,0.007538302792296855,0.7019247796391593,0.18439624458594972
132.6571859444957,0.007538227144501649,0.7019327872347129,0.18439097735738913
132.6585172023829,0.007538151496706442,0.7019407491601332,0.18438570440561916
132.65984848698957,0.007538075848911236,0.7019486654297009,0.18438042573615646
132.66117979831654,0.0075380002011160305,0.701956536057718,0.18437514135451558
132.6625111363646,0.007537924553320824,0.7019643610584864,0.18436985126621036
132.66384250113455,0.007537848905525618,0.7019721404463187,0.1843645554767538
132.6651738926272,0.007537773257730412,0.7019798742355492,0.18435925399165626
132.66650531084332,0.007537697609935206,0.701987562440544,0.18435394681642847
132.66783675578378,0.007537621962139999,0.7019952050756162,0.18434863395657827
132.66916822744932,0.007537546314344793,0.7020028021551532,0.18434331541761276
132.67049972584078,0.007537470666549587,0.7020103536935645,0.18433799120503805
132.67183125095897,0.0075373950187543805,0.7020178597051625,0.18433266132435816
132.67316280280468,0.007537319370959175,0.7020253202044104,0.18432732578107658
132.6744943813787,0.007537243723163969,0.7020327352057173,0.18432198458069482
132.6758259866819,0.007537168075368762,0.702040104723471,0.1843166377287134
132.677157618715,0.007537092427573556,0.7020474287721452,0.18431128523063087
132.67848927747886,0.00753701677977835,0.7020547073661705,0.18430592709194513
132.67982096297425,0.007536941131983143,0.7020619405200206,0.18430056331815234
132.68115267520201,0.007536865484187937,0.7020691282481583,0.1842951939147474
132.6824844141629,0.0075367898363927315,0.7020762705650466,0.18428981888722368
132.68381617985779,0.007536714188597525,0.7020833674851913,0.18428443824107327
132.6851479722874,0.007536638540802319,0.7020904190231196,0.18427905198178693
132.68647979145263,0.007536562893007113,0.7020974251932945,0.18427366011485394
132.6878116373542,0.007536487245211907,0.702104386010329,0.18426826264576215
132.689143509993,0.0075364115974167,0.7021113014886861,0.1842628595799978
132.69047540936972,0.007536335949621494,0.7021181716429359,0.18425745092304635
132.6918073354853,0.007536260301826288,0.70212499648767,0.18425203668039133
132.69313928834043,0.0075361846540310815,0.7021317760374158,0.18424661685751464
132.694471267936,0.007536109006235876,0.7021385103067864,0.18424119145989762
132.69580327427275,0.00753603335844067,0.7021451993103948,0.1842357604930196
132.69713530735152,0.007535957710645463,0.7021518430628327,0.18423032396235833
132.69846736717312,0.007535882062850257,0.702158441578681,0.18422488187339048
132.6997994537383,0.007535806415055051,0.702164994872628,0.18421943423159087
132.70113156704798,0.007535730767259844,0.7021715029592759,0.18421398104243372
132.70246370710285,0.007535655119464638,0.7021779658532701,0.18420852231139104
132.70379587390377,0.007535579471669432,0.7021843835693095,0.1842030580439335
132.70512806745154,0.0075355038238742265,0.7021907561220716,0.18419758824553042
132.70646028774698,0.00753542817607902,0.702197083526191,0.1841921129216498
132.70779253479085,0.007535352528283814,0.7022033657964203,0.18418663207775807
132.70912480858397,0.007535276880488608,0.7022096029474368,0.18418114571932018
132.7104571091272,0.007535201232693401,0.7022157949939504,0.18417565385179951
132.71178943642127,0.007535125584898195,0.7022219419507243,0.18417015648065851
132.71312179046703,0.007535049937102989,0.7022280438324466,0.1841646536113572
132.7144541712653,0.007534974289307782,0.7022341006539452,0.18415914524935476
132.71578657881685,0.0075348986415125765,0.7022401124299081,0.18415363140010912
132.71711901312247,0.007534822993717371,0.7022460791751417,0.18414811206907614
132.718451474183,0.007534747345922164,0.7022520009044415,0.1841425872617106
132.71978396199927,0.007534671698126958,0.7022578776326028,0.1841370569834655
132.72111647657204,0.007534596050331752,0.7022637093743784,0.1841315212397925
132.72244901790214,0.007534520402536545,0.7022694961446495,0.1841259800361421
132.72378158599034,0.007534444754741339,0.7022752379582117,0.18412043337796277
132.72511418083747,0.007534369106946133,0.702280934829914,0.18411488127070133
132.72644680244437,0.0075342934591509265,0.7022865867745842,0.1841093237198037
132.7277794508118,0.007534217811355721,0.7022921938071359,0.18410376073071402
132.72911212594056,0.007534142163560515,0.7022977559423751,0.18409819230887464
132.7304448278315,0.007534066515765309,0.7023032731952262,0.18409261845972716
132.7317775564854,0.007533990867970102,0.7023087455805598,0.18408703918871075
132.73311031190306,0.007533915220174896,0.7023141731132894,0.18408145450126334
132.73444309408532,0.00753383957237969,0.7023195558083178,0.1840758644028222
132.73577590303296,0.007533763924584483,0.7023248936805799,0.18407026889882105
132.73710873874677,0.0075336882767892775,0.7023301867450108,0.18406466799469434
132.73844160122755,0.0075336126289940715,0.7023354350165454,0.18405906169587363
132.73977449047618,0.007533536981198865,0.7023406385101402,0.18405345000778925
132.7411074064934,0.007533461333403659,0.7023457972407837,0.18404783293586993
132.74244034928,0.007533385685608453,0.7023509112234217,0.18404221048554326
132.74377331883687,0.007533310037813246,0.7023559804730429,0.18403658266223458
132.74510631516475,0.00753323439001804,0.7023610050046573,0.1840309494713679
132.74643933826445,0.007533158742222834,0.7023659848332963,0.18402531091836632
132.74777238813678,0.007533083094427628,0.7023709199739165,0.18401966700865027
132.7491054647826,0.007533007446632422,0.7023758104416246,0.1840140177476396
132.75043856820264,0.007532931798837216,0.7023806562513661,0.18400836314075178
132.75177169839773,0.00753285615104201,0.7023854574182802,0.18400270319340348
132.75310485536872,0.007532780503246803,0.7023902139573766,0.18399703791100933
132.75443803911637,0.007532704855451597,0.7023949258837405,0.1839913672989821
132.75577124964147,0.007532629207656391,0.7023995932124574,0.18398569136273374
132.7571044869449,0.007532553559861184,0.7024042159585799,0.18398001010767376
132.7584377510274,0.007532477912065978,0.7024087941372472,0.1839743235392108
132.7597710418898,0.0075324022642707725,0.7024133277635765,0.1839686316627519
132.7611043595329,0.007532326616475566,0.7024178168526637,0.1839629344837013
132.76243770395752,0.00753225096868036,0.7024222614196477,0.1839572320074631
132.76377107516447,0.007532175320885154,0.7024266614796673,0.18395152423943945
132.76510447315454,0.007532099673089947,0.7024310170478719,0.18394581118503012
132.76643789792854,0.007532024025294741,0.7024353281394435,0.18394009284963447
132.76777134948728,0.007531948377499535,0.7024395947695317,0.18393436923864895
132.76910482783157,0.007531872729704329,0.7024438169533179,0.18392864035746892
132.77043833296221,0.0075317970819091225,0.7024479947060271,0.18392290621148896
132.77177186488004,0.007531721434113917,0.7024521280428194,0.1839171668061006
132.7731054235858,0.007531645786318711,0.7024562169789196,0.18391142214669476
132.77443900908037,0.007531570138523504,0.7024602615295523,0.18390567223866014
132.77577262136452,0.007531494490728298,0.7024642617099529,0.18389991708738415
132.77710626043904,0.007531418842933092,0.7024682175353781,0.1838941566982526
132.77843992630477,0.007531343195137885,0.7024721290210314,0.183888391076649
132.7797736189625,0.007531267547342679,0.7024759961822231,0.183882620227956
132.78110733841305,0.007531191899547473,0.7024798190341888,0.1838768441575544
132.78244108465725,0.007531116251752267,0.7024835975922387,0.18387106287082305
132.78377485769585,0.007531040603957061,0.7024873318716405,0.18386527637313937
132.78510865752966,0.007530964956161855,0.7024910218877047,0.1838594846698792
132.78644248415952,0.007530889308366649,0.7024946676557526,0.18385368776641642
132.78777633758628,0.007530813660571442,0.702498269191084,0.18384788566812352
132.78911021781065,0.007530738012776236,0.7025018265090307,0.18384207838037125
132.7904441248335,0.00753066236498103,0.7025053396249354,0.18383626590852845
132.79177805865564,0.0075305867171858235,0.702508808554184,0.18383044825796238
132.79311201927783,0.0075305110693906175,0.7025122333120758,0.18382462543403869
132.79444600670092,0.007530435421595412,0.7025156139139968,0.18381879744212182
132.79578002092572,0.007530359773800205,0.7025189503753645,0.1838129642875738
132.797114061953,0.007530284126004999,0.7025222427115217,0.18380712597575516
132.79844812978362,0.007530208478209793,0.7025254909378863,0.18380128251202485
132.79978222441835,0.007530132830414586,0.7025286950698331,0.18379543390173983
132.801116345858,0.00753005718261938,0.7025318551228441,0.1837895801502559
132.80245049410337,0.007529981534824174,0.702534971112273,0.18378372126292677
132.80378466915533,0.007529905887028968,0.7025380430536018,0.18377785724510423
132.8051188710146,0.007529830239233762,0.7025410709622589,0.18377198810213924
132.80645309968205,0.007529754591438556,0.7025440548537375,0.18376611383937966
132.80778735515844,0.007529678943643349,0.7025469947434015,0.18376023446217316
132.80912163744463,0.007529603295848143,0.7025498906468405,0.18375434997586462
132.8104559465414,0.007529527648052937,0.7025527425794507,0.18374846038579754
132.81179028244955,0.007529452000257731,0.702555550556768,0.18374256569731368
132.81312464516992,0.007529376352462524,0.7025583145942852,0.18373666591575266
132.81445903470328,0.0075293007046673185,0.7025610347075276,0.18373076104645325
132.81579345105044,0.0075292250568721126,0.7025637109119879,0.1837248510947518
132.81712789421226,0.007529149409076906,0.7025663432232019,0.18371893606598327
132.8184623641895,0.0075290737612817,0.702568931656684,0.18371301596548065
132.81979686098296,0.007528998113486494,0.7025714762280559,0.18370709079857508
132.82113138459349,0.007528922465691287,0.7025739769528212,0.18370116057059638
132.82246593502185,0.007528846817896081,0.7025764338465263,0.18369522528687196
132.82380051226892,0.007528771170100875,0.7025788469247717,0.1836892849527282
132.82513511633545,0.0075286955223056685,0.7025812162031572,0.183683339573489
132.82646974722223,0.007528619874510463,0.7025835416972618,0.18367738915447765
132.82780440493013,0.007528544226715257,0.7025858234226856,0.18367143370101408
132.82913908945991,0.007528468578920051,0.7025880613950609,0.18366547321841753
132.83047380081243,0.007528392931124844,0.7025902556299666,0.18365950771200512
132.83180853898844,0.007528317283329638,0.7025924061430778,0.18365353718709265
132.83314330398878,0.007528241635534432,0.7025945129499949,0.18364756164899365
132.83447809581426,0.007528165987739225,0.7025965760663715,0.18364158110301945
132.83581291446566,0.007528090339944019,0.7025985955079045,0.1836355955544806
132.83714775994383,0.0075280146921488135,0.7026005712902262,0.18362960500868541
132.83848263224957,0.007527939044353607,0.7026025034289906,0.18362360947094014
132.83981753138366,0.007527863396558401,0.7026043919399155,0.1836176089465497
132.84115245734694,0.007527787748763195,0.7026062368387088,0.183611603440817
132.8424874101402,0.007527712100967988,0.7026080381410135,0.18360559295904288
132.84382238976426,0.007527636453172782,0.7026097958625905,0.18359957750652695
132.84515739621992,0.007527560805377576,0.7026115100191476,0.18359355708856637
132.84649242950798,0.0075274851575823695,0.7026131806264135,0.18358753171045683
132.84782748962928,0.0075274095097871635,0.702614807700085,0.18358150137749266
132.8491625765846,0.007527333861991958,0.702616391255977,0.18357546609496553
132.85049769037477,0.007527258214196752,0.702617931309786,0.18356942586816588
132.8518328310006,0.007527182566401545,0.7026194278772948,0.18356338070238173
132.85316799846285,0.007527106918606339,0.702620880974286,0.1835573306029
132.8545031927624,0.007527031270811133,0.7026222906165419,0.1835512755750052
132.85583841390002,0.007526955623015926,0.7026236568198132,0.18354521562398063
132.85717366187652,0.00752687997522072,0.7026249795999575,0.18353915075510727
132.8585089366927,0.0075268043274255144,0.702626258972725,0.1835330809736639
132.8598442383494,0.007526728679630308,0.7026274949539629,0.18352700628492832
132.86117956684743,0.007526653031835102,0.7026286875594753,0.1835209266941761
132.86251492218756,0.007526577384039896,0.7026298368051196,0.18351484220668085
132.86385030437063,0.007526501736244689,0.7026309427067107,0.18350875282771464
132.86518571339744,0.007526426088449483,0.7026320052801063,0.18350265856254708
132.86652114926878,0.007526350440654277,0.7026330245411855,0.18349655941644658
132.8678566119855,0.007526274792859071,0.7026340005057846,0.18349045539467967
132.8691921015484,0.0075261991450638645,0.7026349331897506,0.1834843465025101
132.87052761795826,0.0075261234972686586,0.7026358226090698,0.18347823274520145
132.8718631612159,0.007526047849473453,0.7026366687795247,0.18347211412801337
132.8731987313222,0.007525972201678246,0.7026374717170806,0.1834659906562055
132.87453432827786,0.00752589655388304,0.7026382314376163,0.18345986233503436
132.87586995208375,0.007525820906087834,0.7026389479570542,0.1834537291697552
132.87720560274064,0.007525745258292627,0.7026396212913267,0.18344759116562112
132.8785412802494,0.007525669610497421,0.7026402514563562,0.18344144832788362
132.87987698461077,0.007525593962702215,0.702640838468086,0.18343530066179217
132.88121271582565,0.007525518314907009,0.7026413823424598,0.1834291481725941
132.88254847389476,0.007525442667111803,0.7026418830954746,0.18342299086553512
132.88388425881894,0.007525367019316597,0.7026423407430525,0.1834168287458594
132.88522007059905,0.00752529137152139,0.7026427553011693,0.18341066181880814
132.88655590923582,0.007525215723726184,0.7026431267858435,0.18340449008962195
132.8878917747301,0.007525140075930978,0.7026434552130402,0.18339831356353864
132.8892276670827,0.007525064428135771,0.7026437405987457,0.18339213224579423
132.89056358629443,0.007524988780340565,0.7026439829590001,0.18338594614162332
132.89189953236607,0.0075249131325453595,0.7026441823097792,0.18337975525625802
132.89323550529846,0.007524837484750154,0.7026443386671445,0.1833735595949288
132.89457150509244,0.007524761836954947,0.7026444520471039,0.1833673591628643
132.89590753174878,0.007524686189159741,0.7026445224657188,0.1833611539652911
132.89724358526828,0.007524610541364535,0.7026445499390082,0.18335494400743374
132.89857966565177,0.007524534893569328,0.7026445344830654,0.18334872929451523
132.89991577290007,0.007524459245774122,0.7026444761139307,0.1833425098317564
132.90125190701397,0.007524383597978916,0.702644374847644,0.18333628562437596
132.9025880679943,0.0075243079501837095,0.702644230700353,0.18333005667759097
132.90392425584182,0.007524232302388504,0.702644043688076,0.18332382299661654
132.9052604705574,0.007524156654593298,0.7026438138269713,0.18331758458666547
132.90659671214183,0.007524081006798092,0.7026435411330895,0.18331134145294944
132.90793298059592,0.007524005359002885,0.702643225622589,0.18330509360067743
132.90926927592048,0.007523929711207679,0.7026428673115632,0.1832988410350567
132.91060559811632,0.007523854063412473,0.7026424662161169,0.18329258376129262
132.91194194718426,0.007523778415617266,0.7026420223524401,0.1832863217845883
132.91327832312507,0.0075237027678220604,0.7026415357366053,0.18328005511014553
132.9146147259396,0.0075236271200268545,0.7026410063848132,0.1832737837431636
132.91595115562868,0.007523551472231648,0.7026404343132222,0.18326750768884006
132.9172876121931,0.007523475824436442,0.7026398195379904,0.18326122695237065
132.91862409563362,0.007523400176641236,0.7026391620752864,0.18325494153894847
132.91996060595113,0.007523324528846029,0.7026384619412684,0.1832486514537656
132.92129714314638,0.007523248881050823,0.7026377191521698,0.18324235670201178
132.92263370722023,0.007523173233255617,0.7026369337241591,0.18323605728887404
132.92397029817346,0.0075230975854604105,0.702636105673459,0.18322975321953824
132.92530691600686,0.0075230219376652046,0.702635235016249,0.18322344449918873
132.9266435607213,0.007522946289869999,0.702634321768773,0.18321713113300683
132.92798023231757,0.007522870642074792,0.7026333659472429,0.18321081312617205
132.92931693079643,0.007522794994279586,0.7026323675679133,0.18320449048386256
132.93065365615874,0.00752271934648438,0.7026313266470279,0.18319816321125396
132.9319904084053,0.007522643698689174,0.7026302432008201,0.18319183131352007
132.93332718753697,0.007522568050893967,0.7026291172455553,0.1831854947958324
132.93466399355447,0.007522492403098761,0.702627948797499,0.18317915366336113
132.93600082645867,0.0075224167553035555,0.7026267378728949,0.18317280792127427
132.93733768625037,0.007522341107508349,0.7026254844880729,0.18316645757473704
132.93867457293038,0.007522265459713143,0.7026241886592769,0.1831601026289134
132.9400114864995,0.007522189811917937,0.7026228504028152,0.18315374308896556
132.94134842695857,0.00752211416412273,0.7026214697349854,0.18314737896005281
132.94268539430834,0.007522038516327524,0.7026200466721281,0.18314101024733295
132.94402238854968,0.007521962868532318,0.7026185812305191,0.18313463695596222
132.94535940968342,0.007521887220737111,0.70261707342651,0.18312825909109348
132.94669645771032,0.0075218115729419055,0.7026155232763983,0.18312187665787927
132.94803353263117,0.0075217359251467,0.7026139307965672,0.183115489661469
132.94937063444684,0.007521660277351494,0.7026122960033144,0.1831090981070105
132.95070776315814,0.007521584629556287,0.7026106189130449,0.18310270199964898
132.95204491876584,0.007521508981761081,0.7026088995420668,0.1830963013445285
132.9533821012708,0.007521433333965875,0.7026071379067744,0.1830898961467904
132.95471931067377,0.007521357686170668,0.7026053340235618,0.18308348641157432
132.95605654697562,0.007521282038375462,0.7026034879087588,0.18307707214401764
132.9573938101771,0.007521206390580256,0.7026015995788131,0.18307065334925596
132.95873110027912,0.00752113074278505,0.7025996690500544,0.18306423003242264
132.9600684172824,0.007521055094989844,0.7025976963389308,0.1830578021986493
132.9614057611878,0.007520979447194638,0.7025956814618682,0.183051369853065
132.9627431319961,0.007520903799399431,0.7025936244352396,0.18304493300079705
132.96408052970813,0.007520828151604225,0.7025915252754714,0.18303849164697075
132.96541795432466,0.007520752503809019,0.7025893839990432,0.1830320457967095
132.9667554058466,0.007520676856013812,0.7025872006223388,0.1830255954551339
132.96809288427468,0.0075206012082186064,0.7025849751618486,0.18301914062736355
132.96943038960973,0.0075205255604234005,0.7025827076339884,0.1830126813185151
132.97076792185257,0.007520449912628194,0.7025803980552489,0.18300621753370375
132.972105481004,0.007520374264832988,0.7025780464420348,0.1829997492780422
132.97344306706484,0.007520298617037782,0.7025756528109228,0.18299327655664144
132.9747806800359,0.007520222969242576,0.7025732171782748,0.1829867993746098
132.97611831991802,0.007520147321447369,0.7025707395606888,0.18298031773705464
132.977455986712,0.007520071673652163,0.7025682199745698,0.18297383164907988
132.9787936804186,0.007519996025856957,0.7025656584364726,0.18296734111578838
132.98013140103868,0.0075199203780617506,0.7025630549628774,0.18296084614228045
132.98146914857304,0.007519844730266545,0.7025604095703177,0.18295434673365424
132.98280692302248,0.007519769082471339,0.7025577222753058,0.18294784289500657
132.98414472438787,0.007519693434676132,0.7025549930943538,0.18294133463143103
132.98548255266994,0.007519617786880926,0.7025522220440166,0.18293482194802008
132.98682040786957,0.00751954213908572,0.7025494091408495,0.1829283048498634
132.98815828998752,0.007519466491290514,0.7025465544013325,0.18292178334204914
132.98949619902467,0.007519390843495307,0.702543657842085,0.1829152574296631
132.99083413498175,0.0075193151957001015,0.7025407194796727,0.1829087271177887
132.99217209785962,0.0075192395479048955,0.7025377393306292,0.18290219241150785
132.9935100876591,0.007519163900109689,0.702534717411542,0.18289565331589988
132.99484810438096,0.007519088252314483,0.7025316537389982,0.18288910983604217
132.99618614802606,0.007519012604519277,0.7025285483295637,0.18288256197700994
132.9975242185952,0.00751893695672407,0.7025254011998686,0.18287600974387666
132.99886231608917,0.007518861308928864,0.7025222123665001,0.18286945314171302
133.0002004405088,0.007518785661133658,0.702518981846035,0.18286289217558807
133.0015385918549,0.0075187100133384515,0.7025157096550925,0.18285632685056866
133.0028767701283,0.007518634365543246,0.7025123958103565,0.18284975717171967
133.00421497532977,0.00751855871774804,0.7025090403283821,0.18284318314410325
133.00555320746017,0.007518483069952833,0.7025056432258424,0.18283660477278046
133.00689146652027,0.007518407422157627,0.7025022045193784,0.1828300220628087
133.0082297525109,0.007518331774362421,0.7024987242255987,0.18282343501924522
133.00956806543292,0.007518256126567214,0.7024952023611871,0.18281684364714312
133.01090640528707,0.007518180478772008,0.7024916389427847,0.18281024795155504
133.0122447720742,0.007518104830976802,0.7024880339870858,0.1828036479375307
133.01358316579513,0.0075180291831815965,0.702484387510753,0.1827970436101173
133.01492158645064,0.00751795353538639,0.7024806995304486,0.18279043497436054
133.01626003404155,0.007517877887591184,0.7024769700628564,0.1827838220353041
133.0175985085687,0.007517802239795978,0.7024731991246924,0.18277720479798876
133.01893701003291,0.007517726592000771,0.7024693867326297,0.1827705832674542
133.02027553843496,0.007517650944205565,0.702465532903363,0.1827639574487368
133.02161409377567,0.007517575296410359,0.702461637653651,0.1827573273468714
133.02295267605587,0.0075174996486151524,0.7024577010001348,0.18275069296689064
133.02429128527635,0.0075174240008199465,0.7024537229596162,0.18274405431382534
133.0256299214379,0.007517348353024741,0.7024497035487682,0.18273741139270336
133.02696858454144,0.007517272705229534,0.7024456427843392,0.18273076420855097
133.02830727458766,0.007517197057434328,0.7024415406830773,0.18272411276639283
133.02964599157744,0.007517121409639122,0.7024373972617521,0.18271745707124978
133.03098473551157,0.007517045761843916,0.7024332125370475,0.18271079712814176
133.0323235063909,0.007516970114048709,0.7024289865257868,0.18270413294208643
133.0336623042162,0.007516894466253503,0.7024247192446967,0.18269746451809904
133.03500112898828,0.007516818818458297,0.7024204107105793,0.18269079186119286
133.03633998070802,0.007516743170663091,0.7024160609402146,0.1826841149763785
133.03767885937614,0.007516667522867885,0.7024116699503188,0.18267743386866533
133.0390177649935,0.007516591875072679,0.7024072377577689,0.18267074854305954
133.04035669756095,0.007516516227277472,0.7024027643793024,0.18266405900456553
133.04169565707923,0.007516440579482266,0.7023982498317531,0.18265736525818596
133.04303464354922,0.00751636493168706,0.702393694131891,0.1826506673089205
133.04437365697171,0.007516289283891853,0.7023890972966036,0.182643965161767
133.04571269734748,0.0075162136360966475,0.7023844593426176,0.18263725882172144
133.04705176467738,0.0075161379883014415,0.7023797802867993,0.18263054829377715
133.04839085896222,0.007516062340506235,0.7023750601459935,0.18262383358292553
133.0497299802028,0.007515986692711029,0.702370298937002,0.18261711469415545
133.05106912839997,0.007515911044915823,0.7023654966767124,0.18261039163245402
133.0524083035545,0.007515835397120616,0.7023606533819268,0.18260366440280612
133.05374750566725,0.00751575974932541,0.7023557690695326,0.18259693301019383
133.05508673473895,0.007515684101530204,0.7023508437563747,0.1825901974595975
133.05642599077052,0.007515608453734998,0.7023458774593194,0.18258345775599563
133.0577652737627,0.007515532805939792,0.7023408701952543,0.18257671390436406
133.05910458371633,0.007515457158144586,0.7023358219810241,0.18256996590967584
133.06044392063222,0.00751538151034938,0.702330732833538,0.18256321377690318
133.06178328451122,0.007515305862554173,0.7023256027696623,0.18255645751101482
133.06312267535407,0.007515230214758967,0.7023204318063382,0.18254969711697816
133.06446209316164,0.007515154566963761,0.7023152199604106,0.18254293259975785
133.06580153793473,0.007515078919168554,0.70230996724881,0.18253616396431646
133.06714100967417,0.007515003271373348,0.7023046736884455,0.18252939121561437
133.06848050838073,0.0075149276235781425,0.7022993392962265,0.18252261435860986
133.06982003405525,0.0075148519757829366,0.702293964089094,0.18251583339825891
133.0711595866986,0.00751477632798773,0.702288548083968,0.18250904833951465
133.07249916631147,0.007514700680192524,0.7022830912977577,0.18250225918732896
133.0738387728948,0.007514625032397318,0.7022775937474474,0.18249546594665142
133.07517840644934,0.007514549384602111,0.7022720554499138,0.1824886686224286
133.0765180669759,0.007514473736806905,0.7022664764222057,0.1824818672196054
133.0778577544753,0.007514398089011699,0.7022608566811894,0.18247506174312417
133.0791974689484,0.0075143224412164925,0.7022551962438919,0.18246825219792562
133.08053721039596,0.007514246793421287,0.702249495127201,0.18246143858894728
133.0818769788188,0.007514171145626081,0.7022437533481545,0.18245462092112533
133.08321677421776,0.007514095497830874,0.7022379709237153,0.18244779919939294
133.08455659659364,0.007514019850035668,0.7022321478708567,0.18244097342868176
133.08589644594727,0.007513944202240462,0.7022262842065633,0.18243414361392088
133.08723632227947,0.007513868554445255,0.7022203799478727,0.18242730976003693
133.088576225591,0.007513792906650049,0.7022144351117154,0.18242047187195454
133.08991615588272,0.007513717258854843,0.7022084497151297,0.18241362995459634
133.09125611315545,0.007513641611059637,0.7022024237751318,0.18240678401288163
133.09259609740997,0.007513565963264431,0.7021963573087273,0.18239993405172872
133.09393610864714,0.007513490315469225,0.7021902503329328,0.1823930800760532
133.09527614686775,0.007513414667674019,0.7021841028647862,0.182386222090768
133.0966162120726,0.007513339019878812,0.7021779149213038,0.18237936010078434
133.09795630426254,0.007513263372083606,0.7021716865195237,0.18237249411101106
133.09929642343835,0.0075131877242884,0.7021654176764727,0.18236562412635418
133.10063656960088,0.0075131120764931935,0.7021591084092427,0.18235875015171873
133.10197674275094,0.0075130364286979875,0.70215275873485,0.18235187219200552
133.1033169428893,0.007512960780902782,0.7021463686703754,0.18234499025211504
133.10465717001682,0.007512885133107575,0.7021399382328246,0.1823381043369445
133.1059974241343,0.007512809485312369,0.7021334674393428,0.18233121445138897
133.10733770524257,0.007512733837517163,0.7021269563069463,0.18232432060034115
133.10867801334246,0.007512658189721956,0.702120404852727,0.18231742278869162
133.11001834843472,0.00751258254192675,0.7021138130937761,0.1823105210213286
133.1113587105202,0.007512506894131544,0.7021071810471637,0.18230361530313832
133.11269909959972,0.0075124312463363385,0.702100508730003,0.18229670563900455
133.11403951567414,0.007512355598541132,0.7020937961593746,0.18228979203380805
133.1153799587442,0.007512279950745926,0.7020870433523808,0.1822828744924286
133.11672042881074,0.00751220430295072,0.7020802503261455,0.18227595301974256
133.1180609258746,0.007512128655155513,0.7020734170977279,0.1822690276206247
133.11940144993656,0.007512053007360307,0.7020665436843483,0.18226209829994713
133.12074200099747,0.007511977359565101,0.7020596301030232,0.1822551650625801
133.12208257905812,0.007511901711769894,0.7020526763709406,0.18224822791339093
133.12342318411933,0.0075118260639746885,0.7020456825052135,0.18224128685724514
133.12476381618194,0.007511750416179483,0.7020386485229871,0.18223434189900573
133.12610447524673,0.007511674768384276,0.7020315744413745,0.1822273930435333
133.12744516131454,0.00751159912058907,0.7020244602775638,0.18222044029568632
133.12878587438618,0.007511523472793864,0.7020173060486679,0.1822134836603212
133.13012661446248,0.007511447824998657,0.7020101117718748,0.18220652314229124
133.1314673815442,0.007511372177203451,0.7020028774643405,0.1821995587464486
133.13280817563222,0.007511296529408245,0.7019956031432211,0.18219259047764202
133.13414899672733,0.007511220881613039,0.7019882888256616,0.1821856183407184
133.13548984483035,0.007511145233817833,0.7019809345288822,0.1821786423405223
133.13683071994208,0.007511069586022627,0.7019735402700497,0.1821716624818963
133.13817162206337,0.007510993938227421,0.7019661060663199,0.18216467876968015
133.13951255119503,0.007510918290432214,0.7019586319349133,0.18215769120871117
133.14085350733782,0.007510842642637008,0.70195111789305,0.18215069980382503
133.1421944904926,0.007510766994841802,0.7019435639578537,0.18214370455985437
133.14353550066022,0.007510691347046595,0.7019359701466092,0.18213670548162994
133.14487653784144,0.007510615699251389,0.7019283364764508,0.18212970257398056
133.1462176020371,0.0075105400514561835,0.701920662964642,0.18212269584173163
133.14755869324804,0.007510464403660977,0.7019129496283705,0.1821156852897069
133.14889981147502,0.007510388755865771,0.7019051964848783,0.1821086709227277
133.15024095671887,0.007510313108070565,0.7018974035513748,0.1821016527456133
133.15158212898044,0.007510237460275359,0.7018895708451233,0.18209463076318014
133.15292332826056,0.007510161812480152,0.7018816983833012,0.18208760498024248
133.15426455455997,0.007510086164684946,0.7018737861831932,0.18208057540161215
133.15560580787954,0.00751001051688974,0.7018658342620516,0.18207354203209913
133.1569470882201,0.0075099348690945335,0.7018578426370968,0.18206650487651058
133.15828839558245,0.007509859221299328,0.7018498113255813,0.1820594639396517
133.15962972996738,0.007509783573504122,0.7018417403448005,0.18205241922632479
133.16097109137573,0.007509707925708915,0.7018336297119746,0.18204537074133012
133.16231247980832,0.007509632277913709,0.7018254794443882,0.18203831848946556
133.16365389526595,0.007509556630118503,0.7018172895593262,0.18203126247552726
133.16499533774947,0.007509480982323296,0.7018090600740194,0.18202420270430755
133.16633680725965,0.00750940533452809,0.7018007910057849,0.18201713918059795
133.16767830379735,0.0075093296867328845,0.7017924823719071,0.18201007190918692
133.16901982736337,0.007509254038937678,0.7017841341896599,0.18200300089485993
133.1703613779585,0.007509178391142472,0.7017757464763497,0.18199592614240173
133.1717029555836,0.007509102743347266,0.701767319249261,0.1819888476565936
133.17304456023948,0.007509027095552059,0.7017588525256891,0.18198176544221398
133.17438619192694,0.007508951447756853,0.7017503463229617,0.18197467950404025
133.17572785064678,0.007508875799961647,0.7017418006583958,0.1819675898468464
133.17706953639987,0.007508800152166441,0.7017332155492865,0.1819604964754047
133.17841124918698,0.0075087245043712345,0.7017245910129293,0.18195339939448452
133.17975298900896,0.007508648856576029,0.701715927066684,0.18194629860885325
133.18109475586658,0.007508573208780823,0.7017072237278567,0.1819391941232759
133.18243654976072,0.007508497560985616,0.7016984810138072,0.18193208594251456
133.18377837069215,0.00750842191319041,0.7016896989418415,0.18192497407132993
133.18512021866172,0.007508346265395204,0.7016808775292873,0.18191785851447942
133.18646209367023,0.007508270617599997,0.7016720167935258,0.18191073927671852
133.1878039957185,0.007508194969804791,0.7016631167518845,0.18190361636280047
133.18914592480732,0.007508119322009585,0.7016541774217127,0.1818964897774757
133.19048788093755,0.007508043674214379,0.7016451988203912,0.18188935952549243
133.19182986410996,0.007507968026419173,0.7016361809652373,0.18188222561159645
133.19317187432543,0.007507892378623967,0.7016271238736211,0.18187508804053185
133.19451391158472,0.007507816730828761,0.701618027562967,0.1818679468170392
133.19585597588872,0.007507741083033554,0.7016088920505917,0.1818608019458573
133.19719806723816,0.007507665435238348,0.7015997173538766,0.18185365343172272
133.1985401856339,0.007507589787443142,0.7015905034902349,0.1818465012793694
133.19988233107676,0.007507514139647935,0.7015812504769836,0.1818393454935287
133.20122450356754,0.0075074384918527295,0.7015719583315897,0.18183218607892987
133.2025667031071,0.007507362844057524,0.7015626270713701,0.1818250230402998
133.2039089296962,0.007507287196262317,0.7015532567137918,0.18181785638236292
133.2052511833357,0.007507211548467111,0.7015438472762038,0.18181068610984105
133.20659346402638,0.007507135900671905,0.7015343987760195,0.18180351222745414
133.20793577176912,0.007507060252876698,0.7015249112306741,0.18179633473991913
133.20927810656465,0.007506984605081492,0.7015153846575483,0.18178915365195064
133.21062046841388,0.007506908957286286,0.7015058190740558,0.1817819689682615
133.21196285731756,0.0075068333094910795,0.7014962144976423,0.18177478069356146
133.21330527327655,0.007506757661695874,0.7014865709456997,0.18176758883255814
133.21464771629164,0.007506682013900668,0.701476888435684,0.18176039338995723
133.21599018636363,0.007506606366105462,0.7014671669849768,0.18175319437046064
133.21733268349342,0.007506530718310255,0.7014574066110772,0.1817459917787694
133.21867520768174,0.007506455070515049,0.7014476073313773,0.18173878561958134
133.22001775892943,0.007506379422719843,0.7014377691633332,0.18173157589759212
133.22136033723734,0.007506303774924636,0.70142789212438,0.18172436261749444
133.22270294260628,0.0075062281271294305,0.7014179762319952,0.18171714578397988
133.22404557503705,0.0075061524793342245,0.7014080215036032,0.181709925401736
133.22538823453047,0.007506076831539018,0.7013980279566494,0.18170270147544898
133.22673092108735,0.007506001183743812,0.7013879956086225,0.1816954740098025
133.22807363470852,0.007505925535948606,0.7013779244769895,0.18168824300947736
133.22941637539483,0.007505849888153399,0.7013678145791745,0.1816810084791526
133.23075914314705,0.007505774240358193,0.7013576659326982,0.1816737704235039
133.232101937966,0.007505698592562987,0.7013474785550062,0.18166652884720583
133.23344475985255,0.007505622944767781,0.7013372524635871,0.18165928375492926
133.23478760880747,0.007505547296972575,0.701326987675908,0.18165203515134312
133.2361304848316,0.007505471649177369,0.7013166842094786,0.18164478304111403
133.23747338792572,0.007505396001382163,0.7013063420817339,0.18163752742890657
133.2388163180907,0.007505320353586956,0.7012959613102484,0.18163026831938192
133.24015927532733,0.00750524470579175,0.7012855419124568,0.18162300571719958
133.24150225963643,0.007505169057996544,0.7012750839058692,0.18161573962701621
133.24284527101887,0.007505093410201337,0.7012645873079956,0.18160847005348643
133.24418830947536,0.007505017762406131,0.7012540521363457,0.18160119700126204
133.2455313750068,0.0075049421146109255,0.7012434784084297,0.1815939204749928
133.24687446761402,0.007504866466815719,0.7012328661417362,0.18158664047932557
133.24821758729777,0.007504790819020513,0.7012222153538071,0.1815793570189052
133.24956073405895,0.007504715171225307,0.7012115260621525,0.181572070098374
133.2509039078983,0.0075046395234301,0.7012007982842933,0.18156477972237117
133.2522471088167,0.007504563875634894,0.7011900320377391,0.1815574858955349
133.2535903368149,0.007504488227839688,0.7011792273400645,0.1815501886224995
133.25493359189383,0.007504412580044481,0.7011683842087794,0.18154288790789777
133.2562768740542,0.0075043369322492755,0.7011575026613831,0.1815355837563593
133.2576201832969,0.00750426128445407,0.701146582715482,0.18152827617251235
133.25896351962268,0.007504185636658864,0.7011356243885648,0.18152096516098168
133.26030688303243,0.007504109988863657,0.7011246276982165,0.18151365072638956
133.26165027352693,0.007504034341068451,0.7011135926619255,0.18150633287335696
133.262993691107,0.007503958693273245,0.7011025192973093,0.18149901160650114
133.2643371357735,0.007503883045478038,0.7010914076219206,0.18149168693043777
133.26568060752717,0.007503807397682832,0.7010802576532801,0.18148435884977948
133.2670241063689,0.007503731749887626,0.7010690694089945,0.18147702736913698
133.2683676322995,0.00750365610209242,0.7010578429065629,0.18146969249311806
133.26971118531975,0.007503580454297214,0.7010465781635918,0.1814623542263282
133.27105476543048,0.007503504806502008,0.7010352751976773,0.1814550125733705
133.27239837263255,0.007503429158706801,0.7010239340263612,0.18144766753884584
133.27374200692677,0.007503353510911595,0.7010125546672396,0.18144031912735192
133.2750856683139,0.007503277863116389,0.701001137137865,0.1814329673434849
133.2764293567948,0.007503202215321183,0.7009896814558444,0.18142561219183762
133.27777307237034,0.0075031265675259765,0.7009781876387733,0.1814182536770008
133.27911681504125,0.0075030509197307705,0.7009666557042262,0.181410891803563
133.2804605848084,0.007502975271935565,0.7009550856698096,0.18140352657611009
133.2818043816726,0.007502899624140358,0.7009434775530977,0.18139615799922515
133.28314820563466,0.007502823976345152,0.7009318313716973,0.18138878607748943
133.2844920566954,0.007502748328549946,0.7009201471432255,0.18138141081548145
133.28583593485567,0.007502672680754739,0.7009084248852567,0.18137403221777632
133.28717984011627,0.007502597032959533,0.7008966646154403,0.18136665028894855
133.288523772478,0.007502521385164327,0.7008848663513507,0.18135926503356892
133.2898677319417,0.007502445737369121,0.700873030110648,0.18135187645620546
133.2912117185082,0.007502370089573915,0.7008611559109068,0.18134448456142477
133.2925557321783,0.007502294441778709,0.7008492437697333,0.18133708935379053
133.29389977295284,0.007502218793983502,0.7008372937048201,0.18132969083786338
133.2952438408326,0.007502143146188296,0.7008253057336877,0.18132228901820233
133.29658793581845,0.00750206749839309,0.7008132798740717,0.1813148838993637
133.29793205791117,0.007501991850597884,0.7008012161435462,0.18130747548590087
133.2992762071116,0.007501916202802677,0.7007891145597607,0.1813000637823653
133.30062038342058,0.0075018405550074715,0.7007769751403217,0.18129264879330564
133.30196458683886,0.0075017649072122656,0.7007647979029431,0.18128523052326773
133.30330881736737,0.007501689259417059,0.7007525828651671,0.18127780897679632
133.30465307500683,0.007501613611621853,0.7007403300447074,0.1812703841584318
133.30599735975807,0.007501537963826647,0.700728039459235,0.18126295607271353
133.307341671622,0.00750146231603144,0.7007157111263136,0.18125552472417758
133.30868601059933,0.007501386668236234,0.7007033450636783,0.18124809011735765
133.31003037669095,0.007501311020441028,0.700690941288925,0.1812406522567855
133.31137476989767,0.0075012353726458215,0.7006784998197889,0.1812332111469899
133.31271919022026,0.007501159724850616,0.7006660206738445,0.18122576679249702
133.3140636376596,0.00750108407705541,0.7006535038687842,0.18121831919783085
133.3154081122165,0.007501008429260204,0.7006409494223003,0.18121086836751277
133.31675261389177,0.007500932781464997,0.7006283573520421,0.18120341430606163
133.3180971426862,0.007500857133669791,0.7006157276757128,0.18119595701799412
133.31944169860066,0.007500781485874585,0.7006030604109298,0.1811884965078238
133.32078628163598,0.007500705838079378,0.7005903555754175,0.18118103278006226
133.3221308917929,0.007500630190284172,0.7005776131868575,0.18117356583921831
133.32347552907234,0.0075005545424889665,0.700564833262878,0.1811660956897987
133.32482019347506,0.00750047889469376,0.7005520158212356,0.18115862233630672
133.32616488500187,0.007500403246898554,0.7005391608795798,0.1811511457832446
133.32750960365362,0.007500327599103348,0.7005262684555922,0.1811436660351108
133.32885434943117,0.007500251951308141,0.7005133385669866,0.18113618309640184
133.33019912233524,0.007500176303512935,0.7005003712314555,0.18112869697161144
133.33154392236673,0.007500100655717729,0.7004873664666912,0.1811212076652316
133.33288874952646,0.0075000250079225225,0.7004743242903968,0.1811137151817505
133.3342336038152,0.0074999493601273165,0.700461244720286,0.18110621952565525
133.3355784852338,0.007499873712332111,0.7004481277740514,0.18109872070142943
133.3369233937831,0.007499798064536904,0.7004349734693746,0.18109121871355427
133.3382683294639,0.007499722416741698,0.7004217818240228,0.18108371356650899
133.33961329227702,0.007499646768946492,0.7004085528556779,0.1810762052647701
133.34095828222326,0.007499571121151286,0.7003952865820215,0.18106869381281102
133.3423032993035,0.007499495473356079,0.7003819830208426,0.18106117921510326
133.3436483435185,0.007499419825560873,0.700368642189812,0.18105366147611623
133.34499341486912,0.0074993441777656674,0.700355264106665,0.18104614060031518
133.3463385133562,0.007499268529970461,0.7003418487891154,0.18103861659216489
133.34768363898047,0.007499192882175255,0.70032839625492,0.18103108945612678
133.34902879174282,0.007499117234380049,0.7003149065217605,0.18102355919665902
133.3503739716441,0.007499041586584842,0.7003013796074042,0.18101602581821832
133.35171917868507,0.007498965938789636,0.7002878155295974,0.18100848932525812
133.35306441286656,0.00749889029099443,0.7002742143060321,0.18100094972223008
133.35440967418944,0.007498814643199223,0.700260575954476,0.18099340701358246
133.3557549626545,0.0074987389954040175,0.7002469004926645,0.18098586120376192
133.35710027826252,0.0074986633476088116,0.7002331879383218,0.18097831229721245
133.35844562101437,0.007498587699813606,0.7002194383092156,0.18097076029837456
133.35979099091088,0.007498512052018399,0.700205651623092,0.18096320521168713
133.36113638795285,0.007498436404223193,0.7001918278976862,0.18095564704158645
133.3624818121411,0.007498360756427987,0.7001779671507656,0.18094808579250646
133.36382726347648,0.00749828510863278,0.7001640694000548,0.18094052146887737
133.36517274195975,0.007498209460837574,0.700150134663375,0.18093295407512847
133.36651824759178,0.007498133813042368,0.7001361629583862,0.180925383615686
133.3678637803734,0.007498058165247162,0.7001221543029312,0.18091781009497257
133.36920934030542,0.007497982517451956,0.7001081087147236,0.18091023351741026
133.3705549273886,0.00749790686965675,0.7000940262115848,0.18090265388741694
133.3719005416239,0.007497831221861543,0.7000799068111963,0.18089507120940868
133.373246183012,0.007497755574066337,0.7000657505313898,0.1808874854877987
133.3745918515538,0.007497679926271131,0.7000515573899114,0.18087989672699842
133.3759375472501,0.007497604278475924,0.7000373274045502,0.18087230493141554
133.3772832701017,0.007497528630680718,0.7000230605930629,0.18086471010545652
133.37862902010949,0.0074974529828855125,0.7000087569732274,0.18085711225352444
133.3799747972742,0.007497377335090307,0.6999944165628438,0.18084951138001978
133.38132060159674,0.0074973016872951,0.6999800393796578,0.18084190748934106
133.3826664330779,0.007497226039499894,0.6999656254415013,0.18083430058588407
133.38401229171848,0.007497150391704688,0.6999511747660883,0.18082669067404186
133.38535817751932,0.007497074743909481,0.6999366873712612,0.1808190777582049
133.38670409048123,0.007496999096114275,0.699922163274809,0.1808114618427617
133.38805003060503,0.007496923448319069,0.6999076024944885,0.18080384293209747
133.38939599789157,0.0074968478005238625,0.6998930050480885,0.1807962210305953
133.39074199234167,0.007496772152728657,0.6998783709534516,0.18078859614263576
133.3920880139561,0.007496696504933451,0.699863700228324,0.180780968272597
133.39343406273576,0.007496620857138244,0.6998489928905266,0.18077333742485377
133.39478013868143,0.007496545209343038,0.6998342489578698,0.18076570360377964
133.3961262417939,0.007496469561547832,0.6998194684481213,0.18075806681374454
133.39747237207405,0.007496393913752626,0.6998046513791234,0.18075042705911662
133.39881852952269,0.007496318265957419,0.699789797768633,0.1807427843442607
133.40016471414063,0.0074962426181622134,0.6997749076345142,0.1807351386735398
133.40151092592868,0.0074961669703670075,0.6997599809945021,0.18072749005131375
133.40285716488768,0.007496091322571801,0.699745017866493,0.18071983848194045
133.40420343101846,0.007496015674776595,0.6997300182682438,0.18071218396977487
133.40554972432184,0.007495940026981389,0.6997149822175647,0.18070452651916977
133.40689604479863,0.007495864379186182,0.699699909732309,0.18069686613447478
133.40824239244964,0.007495788731390976,0.699684800830255,0.18068920282003761
133.40958876727572,0.00749571308359577,0.6996696555292559,0.180681536580203
133.4109351692777,0.0074956374358005635,0.6996544738471114,0.18067386741931296
133.4122815984564,0.0074955617880053576,0.6996392558016213,0.18066619534170808
133.4136280548126,0.007495486140210152,0.6996240014106603,0.18065852035172492
133.41497453834717,0.007495410492414945,0.6996087106920387,0.18065084245369845
133.41632104906088,0.007495334844619739,0.6995933836635562,0.18064316165196068
133.41766758695462,0.007495259196824533,0.6995780203430554,0.18063547795084148
133.41901415202918,0.007495183549029326,0.6995626207483681,0.18062779135466736
133.42036074428538,0.00749510790123412,0.6995471848973583,0.18062010186776345
133.42170736372404,0.007495032253438914,0.6995317128078045,0.18061240949445123
133.423054010346,0.0074949566056437085,0.6995162044975703,0.18060471423905028
133.4244006841521,0.007494880957848502,0.6995006599844986,0.18059701610587722
133.42574738514307,0.007494805310053296,0.6994850792864105,0.1805893150992467
133.42709411331984,0.00749472966225809,0.699469462421159,0.18058161122347002
133.4284408686832,0.007494654014462883,0.6994538094065763,0.18057390448285657
133.42978765123397,0.007494578366667677,0.6994381202605048,0.18056619488171288
133.43113446097294,0.007494502718872471,0.6994223950007978,0.180558482424343
133.432481297901,0.007494427071077264,0.6994066336452981,0.18055076711504828
133.4338281620189,0.0074943514232820585,0.6993908362118695,0.1805430489581282
133.43517505332753,0.007494275775486853,0.6993750027183331,0.1805353279578783
133.43652197182766,0.007494200127691647,0.699359133182553,0.18052760411859317
133.43786891752015,0.00749412447989644,0.6993432276223398,0.18051987744456352
133.4392158904058,0.007494048832101234,0.6993272860556323,0.18051214794007836
133.44056289048544,0.007493973184306028,0.6993113085002197,0.1805044156094235
133.44190991775992,0.007493897536510821,0.6992952949739552,0.1804966804568828
133.44325697223002,0.007493821888715615,0.6992792454947349,0.18048894248673725
133.4446040538966,0.007493746240920409,0.6992631600804015,0.18048120170326523
133.44595116276045,0.007493670593125203,0.6992470387488083,0.18047345811074247
133.44729829882243,0.007493594945329997,0.6992308815178087,0.18046571171344275
133.44864546208333,0.007493519297534791,0.6992146884052773,0.18045796251563614
133.449992652544,0.007493443649739584,0.6991984594290782,0.1804502105215915
133.45133987020526,0.007493368001944378,0.6991821946070863,0.18044245573557402
133.4526871150679,0.007493292354149172,0.6991658939571547,0.1804346981618469
133.4540343871328,0.007493216706353965,0.6991495574971582,0.18042693780467053
133.45538168640073,0.0074931410585587594,0.6991331852449609,0.1804191746683029
133.45672901287253,0.0074930654107635535,0.6991167772184055,0.18041140875699962
133.45807636654908,0.007492989762968347,0.6991003334354201,0.1804036400750131
133.45942374743112,0.007492914115173141,0.6990838539138368,0.18039586862659393
133.4607711555195,0.007492838467377935,0.6990673386715518,0.1803880944159894
133.46211859081507,0.007492762819582729,0.6990507877264505,0.1803803174474449
133.46346605331863,0.007492687171787522,0.699034201096354,0.1803725377252025
133.46481354303103,0.007492611523992316,0.6990175787991908,0.18036475525350287
133.46616105995307,0.00749253587619711,0.6990009208528142,0.18035697003658266
133.46750860408557,0.0074924602284019036,0.6989842272751419,0.18034918207867706
133.46885617542938,0.007492384580606698,0.6989674980839949,0.18034139138401822
133.47020377398528,0.007492308932811492,0.6989507332972911,0.1803335979568358
133.47155139975416,0.007492233285016285,0.6989339329329372,0.18032580180135704
133.47289905273678,0.007492157637221079,0.6989170970087759,0.18031800292180625
133.474246732934,0.007492081989425873,0.6989002255427035,0.1803102013224054
133.47559444034664,0.007492006341630666,0.6988833185526053,0.1803023970073739
133.47694217497553,0.00749193069383546,0.6988663760563885,0.18029458998092882
133.47828993682145,0.0074918550460402545,0.6988493980719384,0.1802867802472837
133.47963772588528,0.0074917793982450485,0.6988323846171083,0.18027896781065098
133.48098554216784,0.007491703750449842,0.6988153357098482,0.1802711526752392
133.48233338566993,0.007491628102654636,0.6987982513679899,0.18026333484525517
133.48368125639237,0.00749155245485943,0.6987811316094618,0.18025551432490255
133.48502915433602,0.007491476807064223,0.6987639764521386,0.18024769111838287
133.48637707950166,0.007491401159269017,0.6987467859139488,0.1802398652298947
133.48772503189016,0.007491325511473811,0.6987295600127457,0.1802320366636343
133.4890730115023,0.0074912498636786045,0.6987122987664469,0.18022420542379566
133.49042101833894,0.007491174215883399,0.698695002192981,0.1802163715145692
133.49176905240088,0.007491098568088193,0.6986776703101689,0.18020853494014388
133.49311711368898,0.007491022920292986,0.6986603031359822,0.1802006957047053
133.49446520220403,0.00749094727249778,0.6986429006882953,0.18019285381243683
133.49581331794684,0.007490871624702574,0.6986254629850046,0.1801850092675193
133.4971614609183,0.007490795976907367,0.6986079900440064,0.18017716207413068
133.49850963111916,0.007490720329112161,0.6985904818832398,0.18016931223644653
133.4998578285503,0.007490644681316955,0.698572938520558,0.18016145975863992
133.50120605321254,0.007490569033521749,0.6985553599739004,0.1801536046448812
133.50255430510666,0.007490493385726543,0.6985377462611736,0.18014574689933854
133.50390258423351,0.007490417737931337,0.6985200974002526,0.1801378865261765
133.50525089059394,0.007490342090136131,0.6985024134090979,0.18013002352955812
133.50659922418876,0.007490266442340924,0.6984846943055737,0.1801221579136436
133.5079475850188,0.007490190794545718,0.6984669401075975,0.1801142896825903
133.50929597308485,0.007490115146750512,0.6984491508330977,0.180106418840553
133.5106443883878,0.0074900394989553054,0.6984313264999492,0.18009854539168418
133.5119928309284,0.0074899638511600995,0.6984134671260803,0.18009066934013332
133.5133413007075,0.007489888203364894,0.6983955727294195,0.180082790690048
133.51468979772596,0.007489812555569687,0.6983776433278738,0.1800749094455724
133.5160383219846,0.007489736907774481,0.6983596789393391,0.1800670256108488
133.5173868734842,0.007489661259979275,0.698341679581755,0.18005913919001662
133.51873545222563,0.007489585612184069,0.6983236452730389,0.1800512501872124
133.5200840582097,0.007489509964388862,0.6983055760310442,0.1800433586065703
133.5214326914372,0.007489434316593656,0.6982874718737743,0.18003546445222254
133.52278135190903,0.00748935866879845,0.6982693328190611,0.18002756772829773
133.524130039626,0.007489283021003244,0.6982511588849082,0.18001966843892203
133.52547875458885,0.007489207373208038,0.6982329500891689,0.18001176658822016
133.5268274967985,0.007489131725412832,0.6982147064497822,0.18000386218031278
133.52817626625574,0.007489056077617625,0.6981964279846874,0.17999595521931885
133.52952506296137,0.007488980429822419,0.6981781147117377,0.17998804570935456
133.53087388691628,0.007488904782027213,0.698159766648969,0.17998013365453333
133.53222273812125,0.007488829134232006,0.6981413838141913,0.17997221905896582
133.53357161657712,0.0074887534864368005,0.6981229662253977,0.1799643019267609
133.5349205222847,0.0074886778386415945,0.6981045139004737,0.17995638226202457
133.53626945524482,0.007488602190846388,0.6980860268573476,0.17994846006885878
133.53761841545833,0.007488526543051182,0.6980675051139799,0.17994053535136553
133.53896740292603,0.007488450895255976,0.6980489486882241,0.17993260811364228
133.54031641764877,0.007488375247460769,0.6980303575980514,0.1799246783597838
133.54166545962735,0.007488299599665563,0.6980117318614012,0.1799167460938838
133.54301452886259,0.007488223951870357,0.6979930714961479,0.17990881132003247
133.54436362535534,0.007488148304075151,0.6979743765202631,0.179900874042317
133.54571274910646,0.007488072656279945,0.6979556469516535,0.17989293426482258
133.5470619001167,0.007487997008484739,0.6979368828082585,0.179884991991632
133.54841107838692,0.007487921360689533,0.6979180841080063,0.17987704722682493
133.54976028391795,0.007487845712894326,0.6978992508687826,0.17986909997447836
133.55110951671062,0.00748777006509912,0.6978803831085478,0.17986115023866728
133.55245877676575,0.007487694417303914,0.6978614808452519,0.1798531980234639
133.55380806408417,0.007487618769508707,0.6978425440968018,0.17984524333293755
133.5551573786667,0.007487543121713501,0.6978235728811152,0.17983728617115516
133.55650672051416,0.0074874674739182955,0.697804567216142,0.17982932654218126
133.5578560896274,0.007487391826123089,0.6977855271197998,0.17982136445007715
133.55920548600722,0.007487316178327883,0.6977664526100279,0.17981339989890222
133.56055490965446,0.007487240530532677,0.6977473437047438,0.1798054328927131
133.56190436056994,0.007487164882737471,0.6977282004219081,0.1797974634355638
133.56325383875452,0.007487089234942264,0.6977090227794172,0.1797894915315055
133.56460334420896,0.007487013587147058,0.6976898107952315,0.17978151718458707
133.56595287693415,0.007486937939351852,0.6976705644872473,0.17977354039885476
133.5673024369309,0.0074868622915566455,0.6976512838734468,0.17976556117835166
133.56865202420002,0.00748678664376144,0.6976319689717152,0.17975757952711988
133.57000163874233,0.007486710995966234,0.6976126198000133,0.1797495954491961
133.57135128055867,0.007486635348171027,0.6975932363762696,0.17974160894861768
133.57270094964989,0.007486559700375821,0.6975738187184123,0.17973362002941726
133.5740506460168,0.007486484052580615,0.6975543668443699,0.17972562869562553
133.5754003696602,0.007486408404785408,0.6975348807720816,0.1797176349512702
133.57675012058093,0.007486332756990202,0.6975153605194864,0.17970963880037708
133.57809989877984,0.007486257109194996,0.697495806104545,0.17970164024696872
133.57944970425774,0.00748618146139979,0.6974762175451215,0.17969363929506546
133.58079953701548,0.007486105813604584,0.6974565948592192,0.17968563594868536
133.58214939705383,0.007486030165809378,0.6974369380647453,0.17967763021184305
133.5834992843737,0.007485954518014171,0.6974172471796279,0.1796696220885507
133.58484919897583,0.007485878870218965,0.6973975222217959,0.17966161158281893
133.58619914086108,0.007485803222423759,0.6973777632092201,0.17965359869865402
133.58754911003032,0.007485727574628553,0.6973579701598077,0.1796455834400616
133.58889910648435,0.0074856519268333465,0.6973381430915194,0.17963756581104293
133.59024913022395,0.0074855762790381405,0.6973182820222512,0.17962954581559815
133.59159918125,0.007485500631242935,0.6972983869699639,0.1796215234577238
133.59294925956334,0.007485424983447728,0.697278457952575,0.17961349874141427
133.59429936516474,0.007485349335652522,0.697258494988056,0.17960547167066135
133.59564949805505,0.007485273687857316,0.697238498094303,0.17959744224945404
133.59699965823515,0.007485198040062109,0.6972184672892981,0.1795894104817786
133.5983498457058,0.007485122392266903,0.6971984025909268,0.17958137637161914
133.59970006046782,0.007485046744471697,0.697178304017139,0.17957333992295674
133.6010503025221,0.0074849710966764915,0.6971581715859381,0.17956530113977076
133.60240057186945,0.007484895448881285,0.697138005315156,0.17955726002603664
133.60375086851067,0.007484819801086079,0.6971178052227857,0.17954921658572812
133.6051011924466,0.007484744153290873,0.6970975713267338,0.17954117082281626
133.60645154367805,0.007484668505495666,0.6970773036449718,0.17953312274126884
133.60780192220588,0.00748459285770046,0.6970570021954281,0.17952507234505263
133.60915232803092,0.007484517209905254,0.6970366669960312,0.1795170196381298
133.61050276115398,0.007484441562110047,0.6970162980646987,0.17950896462446106
133.61185322157587,0.0074843659143148415,0.6969958954194019,0.17950090730800472
133.61320370929744,0.007484290266519636,0.6969754590780263,0.17949284769271573
133.6145542243195,0.007484214618724429,0.6969549890585753,0.1794847857825473
133.61590476664293,0.007484138970929223,0.6969344853789348,0.17947672158144892
133.6172553362685,0.007484063323134017,0.696913948057065,0.17946865509336882
133.61860593319705,0.00748398767533881,0.6968933771108836,0.17946058632225126
133.61995655742942,0.007483912027543604,0.69687277255833,0.17945251527203931
133.62130720896644,0.007483836379748398,0.6968521344173324,0.17944444194667217
133.62265788780894,0.0074837607319531915,0.6968314627058515,0.17943636635008728
133.62400859395774,0.007483685084157986,0.6968107574417942,0.1794282884862192
133.62535932741366,0.00748360943636278,0.6967900186431104,0.1794202083589997
133.62671008817753,0.007483533788567574,0.6967692463277392,0.17941212597235875
133.6280608762502,0.007483458140772367,0.6967484405135983,0.17940404133022228
133.62941169163247,0.007483382492977161,0.6967276012186591,0.17939595443651488
133.63076253432519,0.007483306845181955,0.6967067284607854,0.17938786529515804
133.63211340432917,0.007483231197386748,0.6966858222579703,0.17937977391007073
133.63346430164526,0.007483155549591542,0.6966648826281313,0.17937168028516987
133.63481522627427,0.0074830799017963365,0.6966439095892183,0.17936358442436837
133.63616617821705,0.00748300425400113,0.6966229031591061,0.17935548633157794
133.63751715747438,0.007482928606205924,0.696601863355766,0.17934738601070724
133.63886816404712,0.007482852958410718,0.6965807901971586,0.17933928346566208
133.64021919793615,0.007482777310615511,0.6965596837011802,0.1793311787003456
133.6415702591422,0.007482701662820305,0.696538543885759,0.1793230717186592
133.64292134766615,0.007482626015025099,0.6965173707688558,0.179314962524501
133.64427246350883,0.007482550367229893,0.6964961643683667,0.1793068511217662
133.64562360667108,0.0074824747194346865,0.6964749247022525,0.17929873751434786
133.6469747771537,0.007482399071639481,0.6964536517884199,0.17929062170613674
133.64832597495754,0.007482323423844275,0.6964323456447974,0.17928250370102058
133.64967720008343,0.007482247776049068,0.6964110062893671,0.1792743835028844
133.65102845253216,0.007482172128253862,0.6963896337399931,0.17926626111561114
133.65237973230458,0.007482096480458656,0.6963682280146143,0.17925813654308048
133.65373103940158,0.007482020832663449,0.6963467891311915,0.17925000978917005
133.6550823738239,0.007481945184868243,0.6963253171076424,0.17924188085775444
133.65643373557236,0.0074818695370730375,0.6963038119618953,0.17923374975270664
133.6577851246479,0.007481793889277831,0.6962822737118572,0.1792256164778953
133.65913654105125,0.007481718241482625,0.6962607023754673,0.1792174810371881
133.66048798478326,0.007481642593687419,0.6962390979706432,0.17920934343444955
133.6618394558448,0.007481566945892212,0.6962174605153347,0.1792012036735412
133.66319095423665,0.007481491298097006,0.6961957900274597,0.17919306175832242
133.66454247995966,0.0074814156503018,0.6961740865249142,0.1791849176926498
133.66589403301467,0.007481340002506593,0.6961523500256912,0.1791767714803776
133.66724561340249,0.0074812643547113875,0.6961305805476331,0.1791686231253574
133.66859722112392,0.007481188706916182,0.6961087781087112,0.1791604726314377
133.66994885617984,0.007481113059120976,0.6960869427268219,0.17915232000246523
133.6713005185711,0.007481037411325769,0.6960650744199471,0.1791441652422831
133.67265220829844,0.007480961763530563,0.6960431732059189,0.17913600835473317
133.67400392536277,0.007480886115735357,0.6960212391027297,0.17912784934365317
133.6753556697649,0.00748081046794015,0.6959992721282761,0.17911968821287935
133.67670744150564,0.007480734820144944,0.6959772723004648,0.17911152496624533
133.6780592405858,0.007480659172349738,0.6959552396372457,0.17910335960758156
133.6794110670063,0.007480583524554532,0.6959331741565259,0.17909519214071576
133.68076292076788,0.007480507876759326,0.6959110758761907,0.1790870225694744
133.68211480187136,0.00748043222896412,0.6958889448142224,0.17907885089767958
133.68346671031765,0.007480356581168914,0.6958667809884954,0.179070677129152
133.68481864610754,0.007480280933373707,0.6958445844169385,0.17906250126770945
133.68617060924183,0.007480205285578501,0.6958223551174585,0.1790543233171669
133.68752259972138,0.007480129637783295,0.6958000931079944,0.17904614328133694
133.68887461754704,0.007480053989988088,0.6957777984064212,0.17903796116402967
133.6902266627196,0.0074799783421928825,0.6957554710306887,0.17902977696905248
133.6915787352399,0.007479902694397677,0.695733110998693,0.1790215907002101
133.6929308351088,0.00747982704660247,0.695710718328384,0.17901340236130453
133.69428296232707,0.007479751398807264,0.6956882930376151,0.179005211956136
133.69563511689557,0.007479675751012058,0.6956658351443255,0.17899701948850064
133.69698729881517,0.007479600103216851,0.6956433446664327,0.17898882496219348
133.69833950808663,0.007479524455421645,0.6956208216218438,0.17898062838100598
133.69969174471083,0.007479448807626439,0.6955982660284763,0.17897242974872754
133.7010440086886,0.0074793731598312325,0.6955756779042052,0.17896422906914522
133.70239630002075,0.007479297512036027,0.6955530572670017,0.17895602634604227
133.7037486187081,0.007479221864240821,0.6955304041346869,0.17894782158320055
133.7051009647515,0.007479146216445614,0.6955077185252428,0.17893961478439904
133.70645333815176,0.007479070568650408,0.6954850004565337,0.17893140595341359
133.70780573890974,0.007478994920855202,0.695462249946477,0.17892319509401852
133.70915816702626,0.007478919273059996,0.6954394670129905,0.1789149822099844
133.71051062250214,0.007478843625264789,0.6954166516739491,0.17890676730507968
133.7118631053382,0.0074787679774695835,0.6953938039472809,0.17889855038307068
133.7132156155353,0.0074786923296743775,0.695370923850893,0.17889033144772068
133.71456815309426,0.007478616681879171,0.6953480114026388,0.1788821105027899
133.7159207180159,0.007478541034083965,0.6953250666204789,0.17887388755203723
133.71727331030104,0.007478465386288759,0.6953020895222664,0.17886566259921738
133.71862592995055,0.007478389738493552,0.6952790801259406,0.17885743564808407
133.71997857696522,0.007478314090698346,0.6952560384493656,0.17884920670238721
133.7213312513459,0.00747823844290314,0.6952329645104267,0.17884097576587493
133.72268395309342,0.0074781627951079335,0.6952098583270632,0.1788327428422922
133.72403668220863,0.007478087147312728,0.6951867199171498,0.17882450793538146
133.7253894386923,0.007478011499517522,0.6951635492985826,0.1788162710488832
133.7267422225453,0.007477935851722316,0.6951403464892796,0.17880803218653438
133.7280950337685,0.007477860203927109,0.6951171115070723,0.17879979135207
133.72944787236267,0.007477784556131903,0.695093844369868,0.17879154854922255
133.73080073832867,0.007477708908336697,0.6950705450956163,0.1787833037817216
133.73215363166733,0.00747763326054149,0.6950472137021599,0.1787750570532939
133.73350655237945,0.007477557612746284,0.695023850207352,0.17876680836766418
133.7348595004659,0.0074774819649510785,0.695000454629164,0.1787585577285546
133.7362124759275,0.007477406317155872,0.6949770269854386,0.17875030513968385
133.73756547876502,0.007477330669360666,0.6949535672940397,0.17874205060476936
133.7389185089794,0.00747725502156546,0.6949300755729063,0.17873379412752516
133.7402715665714,0.007477179373770253,0.6949065518398491,0.17872553571166222
133.74162465154188,0.007477103725975047,0.694882996112807,0.17871727536089013
133.74297776389164,0.007477028078179841,0.6948594084096441,0.1787090130789151
133.74433090362157,0.007476952430384634,0.6948357887482782,0.17870074886944076
133.7456840707324,0.0074768767825894285,0.6948121371465303,0.1786924827361689
133.74703726522506,0.007476801134794223,0.6947884536222966,0.17868421468279783
133.74839048710035,0.007476725486999017,0.6947647381934627,0.17867594471302342
133.7497437363591,0.00747664983920381,0.6947409908779033,0.17866767283053947
133.75109701300212,0.007476574191408604,0.6947172116934931,0.17865939903903644
133.75245031703025,0.007476498543613398,0.6946934006580963,0.17865112334220276
133.75380364844435,0.007476422895818191,0.6946695577896197,0.17864284574372472
133.7551570072452,0.007476347248022985,0.6946456831058953,0.17863456624728494
133.75651039343367,0.007476271600227779,0.6946217766248406,0.17862628485656412
133.7578638070106,0.007476195952432573,0.6945978383642554,0.1786180015752401
133.7592172479768,0.007476120304637367,0.694573868342068,0.17860971640698828
133.7605707163331,0.007476044656842161,0.6945498665760996,0.17860142935548193
133.76192421208034,0.007475969009046954,0.6945258330842787,0.17859314042439084
133.76327773521933,0.007475893361251748,0.6945017678844262,0.17858484961738283
133.76463128575094,0.007475817713456542,0.694477670994417,0.1785765569381233
133.76598486367595,0.007475742065661336,0.6944535424321044,0.1785682623902739
133.76733846899526,0.0074756664178661295,0.6944293822153633,0.1785599659774955
133.76869210170966,0.0074755907700709235,0.6944051903620467,0.17855166770344466
133.77004576181997,0.007475515122275718,0.6943809668900296,0.17854336757177675
133.77139944932708,0.007475439474480511,0.694356711817133,0.1785350655861437
133.77275316423172,0.007475363826685305,0.6943324251612639,0.1785267617501949
133.7741069065348,0.007475288178890099,0.694308106940222,0.17851845606757794
133.77546067623717,0.007475212531094892,0.6942837571719357,0.17851014854193673
133.77681447333958,0.007475136883299686,0.6942593758741831,0.17850183917691353
133.7781682978429,0.00747506123550448,0.6942349630648605,0.17849352797614731
133.77952214974803,0.007474985587709274,0.6942105187617784,0.17848521494327502
133.7808760290557,0.007474909939914068,0.6941860429828436,0.17847690008193084
133.78222993576676,0.007474834292118862,0.6941615357458665,0.17846858339574623
133.7835838698821,0.007474758644323655,0.6941369970687004,0.17846026488835015
133.78493783140252,0.007474682996528449,0.6941124269691987,0.17845194456336924
133.7862918203288,0.007474607348733243,0.694087825465204,0.17844362242442705
133.78764583666188,0.007474531700938036,0.6940631925745264,0.1784352984751452
133.7889998804025,0.00747445605314283,0.6940385283150625,0.17842697271914215
133.79035395155154,0.0074743804053476245,0.694013832704644,0.17841864516003422
133.7917080501098,0.0074743047575524186,0.6939891057610491,0.1784103158014345
133.79306217607817,0.007474229109757212,0.6939643475021633,0.17840198464695453
133.79441632945742,0.007474153461962006,0.6939395579458505,0.17839365170020255
133.7957705102484,0.0074740778141668,0.6939147371098784,0.1783853169647842
133.79712471845193,0.007474002166371593,0.6938898850121539,0.178376980444303
133.79847895406888,0.007473926518576387,0.6938650016704443,0.17836864214235956
133.79983321710006,0.007473850870781181,0.6938400871026138,0.1783603020625519
133.8011875075463,0.0074737752229859745,0.6938151413264942,0.17835196020847588
133.80254182540844,0.007473699575190769,0.6937901643598959,0.17834361658372427
133.8038961706873,0.007473623927395563,0.6937651562206508,0.17833527119188738
133.80525054338372,0.007473548279600356,0.6937401169266122,0.17832692403655329
133.80660494349854,0.00747347263180515,0.6937150464955475,0.178318575121307
133.80795937103258,0.007473396984009944,0.6936899449453314,0.1783102244497318
133.8093138259867,0.007473321336214738,0.6936648122937638,0.1783018720254069
133.8106683083617,0.007473245688419531,0.6936396485586762,0.1782935178519106
133.8120228181584,0.007473170040624325,0.6936144537578579,0.17828516193281785
133.81337735537767,0.0074730943928291195,0.6935892279091513,0.1782768042717009
133.81473192002036,0.007473018745033913,0.693563971030356,0.17826844487212962
133.81608651208725,0.007472943097238707,0.6935386831393148,0.1782600837376717
133.8174411315792,0.007472867449443501,0.6935133642537842,0.17825172087189142
133.81879577849705,0.007472791801648294,0.6934880143916391,0.17824335627835086
133.8201504528416,0.007472716153853088,0.693462633570647,0.1782349899606106
133.8215051546137,0.007472640506057882,0.6934372218086288,0.17822662192222652
133.8228598838142,0.0074725648582626755,0.6934117791233951,0.17821825216675363
133.82421464044393,0.0074724892104674695,0.6933863055327456,0.17820988069774404
133.8255694245037,0.007472413562672264,0.6933608010545013,0.1782015075187467
133.82692423599437,0.007472337914877057,0.6933352657064082,0.1781931326333088
133.82827907491674,0.007472262267081851,0.6933096995063197,0.17818475604497436
133.82963394127168,0.007472186619286645,0.6932841024719926,0.17817637775728531
133.83098883506,0.007472110971491439,0.6932584746212799,0.17816799777378034
133.83234375628254,0.007472035323696232,0.6932328159719386,0.17815961609799638
133.83369870494013,0.007471959675901026,0.6932071265417578,0.1781512327334673
133.8350536810336,0.0074718840281058204,0.6931814063485582,0.17814284768372463
133.8364086845638,0.007471808380310614,0.6931556554101075,0.178134460952297
133.83776371553154,0.007471732732515408,0.6931298737441839,0.17812607254271107
133.83911877393768,0.007471657084720202,0.6931040613686085,0.17811768245849047
133.84047385978303,0.007471581436924995,0.693078218301138,0.1781092907031563
133.84182897306843,0.007471505789129789,0.6930523445595722,0.17810089728022727
133.84318411379473,0.007471430141334583,0.6930264401616785,0.17809250219321965
133.84453928196277,0.007471354493539376,0.6930005051252563,0.1780841054456467
133.84589447757332,0.0074712788457441705,0.6929745394680843,0.1780757070410197
133.84724970062726,0.0074712031979489646,0.692948543207919,0.17806730698284706
133.84860495112542,0.007471127550153759,0.69292251636256,0.17805890527463425
133.84996022906867,0.007471051902358552,0.6928964589497425,0.17805050191988517
133.85131553445777,0.007470976254563346,0.6928703709872986,0.17804209692210027
133.85267086729363,0.00747090060676814,0.692844252492942,0.1780336902847774
133.854026227577,0.007470824958972933,0.6928181034844831,0.17802528201141304
133.8553816153088,0.007470749311177727,0.6927919239796573,0.17801687210549966
133.8567370304898,0.007470673663382521,0.6927657139962533,0.17800846057052822
133.85809247312088,0.007470598015587315,0.6927394735520065,0.17800004740998648
133.8594479432028,0.007470522367792109,0.6927132026647167,0.1779916326273598
133.86080344073648,0.007470446719996903,0.6926869013520975,0.17798321622613145
133.86215896572273,0.007470371072201696,0.6926605696319594,0.17797479820978174
133.86351451816236,0.00747029542440649,0.6926342075220377,0.17796637858178826
133.8648700980562,0.007470219776611284,0.6926078150400676,0.17795795734562628
133.86622570540513,0.007470144128816077,0.6925813922038275,0.1779495345047687
133.86758134020994,0.007470068481020871,0.6925549390310525,0.17794111006268526
133.86893700247148,0.0074699928332256655,0.6925284555395208,0.17793268402284412
133.8702926921906,0.007469917185430459,0.6925019417469356,0.17792425638871034
133.87164840936808,0.007469841537635253,0.692475397671075,0.17791582716374602
133.8730041540048,0.007469765889840047,0.692448823329653,0.17790739635141162
133.8743599261016,0.007469690242044841,0.6924222187404584,0.177898963955164
133.87571572565932,0.007469614594249634,0.6923955839211835,0.1778905299784586
133.87707155267873,0.007469538946454428,0.6923689188896067,0.1778820944247476
133.87842740716073,0.007469463298659222,0.6923422236634417,0.17787365729748078
133.87978328910614,0.0074693876508640155,0.692315498260413,0.1778652186001052
133.88113919851577,0.00746931200306881,0.6922887426982882,0.17785677833606603
133.88249513539049,0.007469236355273604,0.6922619569947919,0.17784833650880524
133.88385109973112,0.007469160707478397,0.6922351411676055,0.17783989312176196
133.88520709153846,0.007469085059683191,0.6922082952345289,0.17783144817837426
133.8865631108134,0.007469009411887985,0.6921814192132114,0.17782300168207618
133.88791915755675,0.007468933764092778,0.692154513121442,0.17781455363629958
133.88927523176935,0.007468858116297572,0.6921275769769024,0.17780610404447428
133.890631333452,0.0074687824685023664,0.6921006107973279,0.1777976529100271
133.89198746260558,0.0074687068207071605,0.6920736146004322,0.1777892002363824
133.89334361923093,0.007468631172911954,0.6920465884039505,0.17778074602696198
133.89469980332885,0.007468555525116748,0.6920195322255432,0.17777229028518568
133.89605601490018,0.007468479877321542,0.6919924460830099,0.1777638330144696
133.8974122539458,0.007468404229526335,0.6919653299939679,0.17775537421822848
133.89876852046646,0.007468328581731129,0.6919381839761739,0.17774691389987382
133.90012481446306,0.007468252933935923,0.6919110080473094,0.17773845206281472
133.90148113593642,0.0074681772861407165,0.6918838022251421,0.17772998871045825
133.90283748488736,0.0074681016383455106,0.6918565665272892,0.17772152384620848
133.90419386131674,0.007468025990550305,0.6918293009715074,0.17771305747346666
133.9055502652254,0.007467950342755098,0.6918020055754569,0.177704589595632
133.90690669661413,0.007467874694959892,0.6917746803568731,0.17769612021610096
133.9082631554838,0.007467799047164686,0.6917473253334266,0.17768764933826772
133.90961964183526,0.007467723399369479,0.69171994052281,0.17767917696552393
133.91097615566932,0.007467647751574273,0.6916925259427158,0.17767070310125802
133.9123326969868,0.007467572103779067,0.6916650816108468,0.17766222774885698
133.91368926578855,0.0074674964559838615,0.6916376075448419,0.17765375091170407
133.91504586207543,0.007467420808188655,0.6916101037624579,0.17764527259318114
133.91640248584824,0.007467345160393449,0.6915825702813011,0.17763679279666705
133.91775913710782,0.007467269512598243,0.6915550071190963,0.17762831152553787
133.91911581585504,0.007467193864803036,0.6915274142935465,0.17761982878316768
133.9204725220907,0.00746711821700783,0.6914997918222582,0.17761134457292707
133.92182925581565,0.007467042569212624,0.691472139722956,0.17760285889818547
133.92318601703073,0.007466966921417417,0.6914444580132679,0.17759437176230874
133.92454280573673,0.0074668912736222115,0.6914167467109077,0.17758588316866086
133.92589962193455,0.007466815625827006,0.6913890058335356,0.17757739312060286
133.92725646562502,0.007466739978031799,0.6913612353988011,0.17756890162149302
133.92861333680892,0.007466664330236593,0.6913334354243751,0.17756040867468828
133.92997023548713,0.007466588682441387,0.6913056059279283,0.17755191428354164
133.93132716166048,0.007466513034646181,0.6912777469270569,0.17754341845140412
133.9326841153298,0.007466437386850974,0.6912498584395066,0.17753492118162464
133.93404109649592,0.007466361739055768,0.6912219404829162,0.177526422477549
133.9353981051597,0.007466286091260562,0.6911939930748708,0.1775179223425209
133.93675514132192,0.007466210443465356,0.6911660162330843,0.177509420779881
133.9381122049835,0.00746613479567015,0.6911380099751954,0.17750091779296828
133.9394692961452,0.007466059147874944,0.6911099743188212,0.17749241338511862
133.9408264148079,0.007465983500079737,0.6910819092816328,0.17748390755966517
133.9421835609724,0.007465907852284531,0.6910538148812796,0.1774754003199392
133.94354073463958,0.007465832204489325,0.691025691135368,0.17746689166926868
133.94489793581027,0.007465756556694118,0.690997538061537,0.17745838161097996
133.94625516448528,0.0074656809088989124,0.6909693556774466,0.17744987014839675
133.94761242066542,0.0074656052611037065,0.6909411440007248,0.17744135728483956
133.9489697043516,0.0074655296133085,0.6909129030489889,0.17743284302362644
133.95032701554462,0.007465453965513294,0.6908846328398776,0.17742432736807373
133.9516843542453,0.007465378317718088,0.6908563333910189,0.17741581032149448
133.95304172045448,0.007465302669922881,0.6908280047200408,0.1774072918872
133.95439911417301,0.007465227022127675,0.6907996468445177,0.17739877206849836
133.95575653540175,0.007465151374332469,0.6907712597821312,0.17739025086869523
133.95711398414147,0.007465075726537263,0.6907428435504878,0.17738172829109428
133.9584714603931,0.0074650000787420566,0.6907143981671618,0.17737320433899598
133.9598289641574,0.007464924430946851,0.690685923649803,0.177364679015699
133.96118649543521,0.007464848783151645,0.6906574200160067,0.17735615232449908
133.9625440542274,0.007464773135356438,0.6906288872833583,0.17734762426868933
133.96390164053477,0.007464697487561232,0.6906003254695179,0.17733909485156077
133.96525925435822,0.007464621839766026,0.6905717345920706,0.1773305640764015
133.9666168956985,0.007464546191970819,0.6905431146685692,0.17732203194649734
133.96797456455653,0.007464470544175613,0.6905144657166419,0.17731349846513186
133.96933226093307,0.0074643948963804075,0.6904857877539164,0.17730496363558565
133.97068998482905,0.007464319248585201,0.6904570807979673,0.17729642746113694
133.9720477362452,0.007464243600789995,0.690428344866369,0.1772878899450617
133.97340551518244,0.007464167952994789,0.6903995799767384,0.17727935109063325
133.97476332164155,0.007464092305199583,0.6903707861466287,0.17727081090112232
133.97612115562342,0.007464016657404376,0.6903419633936356,0.177262269379797
133.97747901712884,0.00746394100960917,0.6903131117353765,0.17725372652992327
133.97883690615865,0.007463865361813964,0.6902842311893719,0.17724518235476458
133.98019482271374,0.0074637897140187575,0.6902553217732391,0.1772366368575816
133.9815527667949,0.007463714066223552,0.6902263835045311,0.1772280900416323
133.98291073840295,0.007463638418428346,0.6901974164008545,0.17721954191017342
133.98426873753877,0.007463562770633139,0.6901684204797406,0.17721099246645736
133.98562676420318,0.007463487122837933,0.6901393957587637,0.1772024417137357
133.98698481839702,0.007463411475042727,0.6901103422555197,0.1771938896552561
133.98834290012113,0.00746333582724752,0.6900812599875829,0.17718533629426503
133.98970100937635,0.007463260179452314,0.6900521489724312,0.17717678163400535
133.99105914616348,0.007463184531657108,0.6900230092276709,0.1771682256777184
133.9924173104834,0.007463108883861902,0.6899938407708767,0.17715966842864198
133.99377550233694,0.007463033236066696,0.6899646436195689,0.17715110989001234
133.99513372172493,0.00746295758827149,0.6899354177913436,0.17714255006506338
133.9964919686482,0.007462881940476284,0.6899061633036785,0.17713398895702495
133.9978502431076,0.007462806292681077,0.6898768801741801,0.17712542656912658
133.99920854510395,0.007462730644885871,0.6898475684203692,0.17711686290459341
134.0005668746381,0.007462654997090665,0.6898182280597986,0.1771082979666494
134.0019252317109,0.0074625793492954584,0.6897888591100105,0.17709973175851498
134.0032836163232,0.0074625037015002525,0.6897594615884612,0.17709116428340935
134.00464202847579,0.007462428053705047,0.6897300355128003,0.1770825955445482
134.00600046816953,0.00746235240590984,0.6897005809005053,0.17707402554514515
134.00735893540525,0.007462276758114634,0.6896710977690972,0.1770654542884109
134.0087174301838,0.007462201110319428,0.6896415861361394,0.17705688177755463
134.010075952506,0.007462125462524221,0.6896120460191205,0.17704830801578206
134.01143450237274,0.007462049814729015,0.689582477435529,0.17703973300629655
134.01279307978479,0.007461974166933809,0.6895528804029393,0.17703115675229983
134.014151684743,0.007461898519138603,0.6895232549388614,0.17702257925699041
134.01551031724827,0.007461822871343397,0.6894936010607944,0.1770140005235642
134.01686897730136,0.007461747223548191,0.6894639187862484,0.17700542055521518
134.01822766490312,0.007461671575752985,0.6894342081327439,0.17699683935513413
134.01958638005445,0.007461595927957778,0.6894044691177805,0.17698825692651105
134.02094512275613,0.007461520280162572,0.689374701758825,0.1769796732725305
134.022303893009,0.007461444632367366,0.6893449060734196,0.17697108839637765
134.02366269081395,0.007461368984572159,0.6893150820790637,0.17696250230123306
134.02502151617173,0.0074612933367769535,0.6892852297932348,0.17695391499027627
134.02638036908326,0.0074612176889817475,0.6892553492334431,0.17694532646668323
134.02773924954934,0.007461142041186541,0.6892254404171556,0.17693673673362786
134.02909815757081,0.007461066393391335,0.6891955033618715,0.17692814579428173
134.0304570931485,0.007460990745596129,0.6891655380850794,0.17691955365181383
134.03181605628328,0.007460915097800922,0.6891355446042571,0.17691096030939088
134.03317504697597,0.007460839450005716,0.68910552293685,0.17690236577017673
134.03453406522738,0.00746076380221051,0.6890754731003897,0.1768937700373331
134.0358931110384,0.0074606881544153035,0.6890453951123433,0.17688517311401913
134.03725218440982,0.007460612506620098,0.6890152889901564,0.17687657500339152
134.0386112853425,0.007460536858824892,0.6889851547513066,0.17686797570860446
134.03997041383732,0.007460461211029686,0.6889549924132717,0.1768593752328095
134.04132956989505,0.007460385563234479,0.6889248019934976,0.17685077357915602
134.04268875351656,0.007460309915439273,0.6888945835094511,0.1768421707507911
134.04404796470268,0.007460234267644067,0.6888643369785779,0.176833566750859
134.0454072034543,0.00746015861984886,0.6888340624183663,0.1768249615825013
134.04676646977217,0.007460082972053654,0.6888037598462515,0.17681635524885786
134.04812576365717,0.0074600073242584485,0.6887734292796682,0.1768077477530657
134.04948508511015,0.007459931676463242,0.688743070736105,0.1767991390982591
134.05084443413193,0.007459856028668036,0.6887126842329322,0.1767905292875702
134.05220381072334,0.00745978038087283,0.6886822697876707,0.1767819183241285
134.05356321488526,0.007459704733077624,0.6886518274177122,0.1767733062110616
134.0549226466185,0.007459629085282417,0.6886213571405242,0.176764692951494
134.0562821059239,0.007459553437487211,0.6885908589735305,0.1767560785485478
134.0576415928023,0.007459477789692005,0.6885603329341339,0.1767474630053431
134.05900110725457,0.0074594021418967985,0.6885297790398013,0.17673884632499673
134.06036064928148,0.007459326494101593,0.6884991973079356,0.17673022851062448
134.06172021888392,0.007459250846306387,0.6884685877559609,0.17672160956533847
134.06307981606275,0.00745917519851118,0.6884379504012904,0.1767129894922481
134.06443944081875,0.007459099550715974,0.68840728526137,0.17670436829446148
134.06579909315278,0.007459023902920768,0.6883765923535807,0.17669574597508383
134.0671587730657,0.007458948255125561,0.6883458716953897,0.1766871225372176
134.0685184805583,0.007458872607330355,0.6883151233041138,0.17667849798396346
134.0698782156315,0.007458796959535149,0.6882843471972308,0.17666987231841855
134.0712379782861,0.007458721311739943,0.6882535433921219,0.17666124554367846
134.07259776852288,0.007458645663944737,0.6882227119062004,0.1766526176628363
134.07395758634274,0.007458570016149531,0.6881918527568477,0.1766439886789828
134.07531743174656,0.007458494368354324,0.6881609659614771,0.17663535859520502
134.07667730473509,0.007458418720559118,0.6881300515374486,0.17662672741458926
134.07803720530922,0.007458343072763912,0.688099109502186,0.17661809514021864
134.07939713346974,0.007458267424968706,0.6880681398730278,0.17660946177517367
134.0807570892176,0.0074581917771734995,0.6880371426674411,0.17660082732253257
134.0821170725535,0.0074581161293782935,0.6880061179026996,0.17659219178537142
134.08347708347839,0.007458040481583088,0.6879750655962492,0.1765835551667633
134.08483712199305,0.007457964833787881,0.6879439857654817,0.1765749174697797
134.08619718809834,0.007457889185992675,0.6879128784277246,0.1765662786974887
134.08755728179509,0.007457813538197469,0.6878817436003486,0.1765576388529564
134.08891740308417,0.007457737890402262,0.6878505813007455,0.17654899793924644
134.09027755196635,0.007457662242607056,0.6878193915462644,0.17654035595942047
134.09163772844252,0.00745758659481185,0.6877881743542649,0.17653171291653702
134.09299793251355,0.007457510947016644,0.6877569297421285,0.17652306881365223
134.09435816418022,0.007457435299221438,0.6877256577271719,0.17651442365382025
134.0957184234434,0.007457359651426232,0.6876943583267656,0.17650577744009296
134.09707871030392,0.007457284003631026,0.6876630315582479,0.17649713017551896
134.09843902476263,0.007457208355835819,0.6876316774389679,0.17648848186314448
134.09979936682035,0.007457132708040613,0.687600295986296,0.17647983250601496
134.10115973647794,0.007457057060245407,0.6875688872175276,0.17647118210717175
134.10252013373625,0.0074569814124502,0.6875374511500548,0.1764625306696538
134.10388055859607,0.0074569057646549945,0.6875059878011515,0.17645387819649827
134.1052410110583,0.007456830116859789,0.687474497188188,0.17644522469073973
134.10660149112377,0.007456754469064582,0.6874429793285027,0.1764365701554104
134.10796199879326,0.007456678821269376,0.6874114342393589,0.17642791459354012
134.10932253406767,0.00745660317347417,0.6873798619381485,0.1764192580081559
134.11068309694784,0.007456527525678963,0.6873482624421776,0.17641060040228237
134.11204368743458,0.007456451877883757,0.6873166357687202,0.1764019417789429
134.11340430552872,0.007456376230088551,0.687284981935136,0.17639328214115654
134.11476495123117,0.0074563005822933445,0.6872533009587095,0.17638462149194156
134.1161256245427,0.007456224934498139,0.6872215928567686,0.17637595983431256
134.11748632546417,0.007456149286702933,0.6871898576465871,0.17636729717128294
134.11884705399643,0.007456073638907726,0.6871580953455033,0.17635863350586287
134.12020781014033,0.00745599799111252,0.687126305970791,0.17634996884106005
134.12156859389668,0.007455922343317314,0.6870944895397674,0.17634130317988048
134.12292940526635,0.007455846695522108,0.6870626460696952,0.1763326365253269
134.12429024425015,0.007455771047726901,0.6870307755778811,0.17632396888040033
134.12565111084893,0.007455695399931695,0.6869988780815985,0.1763153002480988
134.12701200506356,0.0074556197521364895,0.686966953598186,0.1763066306314187
134.12837292689488,0.007455544104341283,0.6869350021448425,0.1762979600333529
134.12973387634366,0.007455468456546077,0.6869030237388846,0.1762892884568932
134.13109485341081,0.007455392808750871,0.6868710183976292,0.17628061590502778
134.1324558580972,0.007455317160955664,0.6868389861382539,0.17627194238074287
134.13381689040355,0.007455241513160458,0.6868069269780968,0.17626326788702307
134.13517795033079,0.007455165865365252,0.6867748409344211,0.17625459242684924
134.13653903787974,0.007455090217570046,0.6867427280244471,0.1762459160032005
134.13790015305128,0.0074550145697748395,0.686710588265481,0.176237238619054
134.13926129584618,0.007454938921979634,0.6866784216747539,0.17622856027738343
134.14062246626534,0.007454863274184428,0.6866462282695073,0.17621988098116123
134.14198366430958,0.007454787626389221,0.6866140080670046,0.17621120073335647
134.14334488997972,0.007454711978594015,0.6865817610845089,0.1762025195369362
134.1447061432766,0.007454636330798809,0.6865494873392619,0.17619383739486585
134.14606742420114,0.007454560683003602,0.6865171868484625,0.1761851543101069
134.14742873275407,0.007454485035208396,0.6864848596293847,0.17617647028561978
134.14879006893628,0.0074544093874131905,0.6864525056992594,0.1761677853243617
134.15015143274863,0.007454333739617984,0.6864201250753178,0.17615909942928804
134.15151282419194,0.007454258091822778,0.6863877177747693,0.17615041260335132
134.15287424326706,0.007454182444027572,0.6863552838148663,0.17614172484950213
134.15423568997485,0.007454106796232365,0.6863228232128078,0.17613303617068793
134.1555971643161,0.007454031148437159,0.6862903359858676,0.17612434656985526
134.15695866629167,0.007453955500641953,0.6862578221511696,0.1761156560499458
134.15832019590243,0.007453879852846746,0.6862252817259661,0.176106964613902
134.15968175314921,0.0074538042050515405,0.6861927147274989,0.1760982722646613
134.16104333803284,0.007453728557256335,0.6861601211729561,0.17608957900516015
134.16240495055413,0.007453652909461129,0.6861275010795151,0.1760808848383319
134.163766590714,0.007453577261665922,0.6860948544643962,0.17607218976710778
134.16512825851325,0.007453501613870716,0.6860621813447875,0.17606349379441705
134.1664899539527,0.00745342596607551,0.6860294817379199,0.176054796923186
134.1678516770332,0.007453350318280303,0.6859967556609279,0.17604609915633837
134.16921342775564,0.007453274670485097,0.6859640031310319,0.1760374004967966
134.1705752061208,0.007453199022689891,0.6859312241654092,0.17602870094747955
134.17193701212955,0.007453123374894685,0.6858984187812264,0.1760200005113045
134.1732988457827,0.007453047727099479,0.6858655869956931,0.17601129919118616
134.17466070708116,0.007452972079304273,0.6858327288259438,0.17600259699003634
134.17602259602575,0.007452896431509066,0.6857998442891773,0.175993893910765
134.17738451261724,0.00745282078371386,0.6857669334025709,0.17598518995627976
134.17874645685654,0.007452745135918654,0.6857339961832484,0.17597648512948588
134.1801084287445,0.007452669488123448,0.6857010326484085,0.17596777943328612
134.18147042828193,0.007452593840328241,0.6856680428151966,0.17595907287058038
134.18283245546968,0.0074525181925330355,0.6856350267007469,0.17595036544426731
134.18419451030857,0.00745244254473783,0.6856019843222693,0.175941657157242
134.18555659279951,0.007452366896942623,0.6855689156968657,0.17593294801239817
134.18691870294327,0.007452291249147417,0.6855358208416709,0.1759242380126263
134.18828084074073,0.007452215601352211,0.6855026997738619,0.1759155271608154
134.1896430061927,0.007452139953557004,0.6854695525105413,0.17590681545985098
134.19100519930006,0.007452064305761798,0.6854363790688862,0.17589810291261754
134.19236742006365,0.007451988657966592,0.6854031794659884,0.17588938952199654
134.1937296684843,0.0074519130101713855,0.6853699537190251,0.1758806752908664
134.19509194456282,0.00745183736237618,0.6853367018450771,0.17587196022210447
134.1964542483001,0.007451761714580974,0.6853034238612896,0.17586324431858477
134.197816579697,0.007451686066785767,0.6852701197847435,0.1758545275831795
134.19917893875427,0.007451610418990561,0.6852367896326268,0.17584581001875832
134.20054132547284,0.007451534771195355,0.6852034334219882,0.17583709162818856
134.20190373985352,0.007451459123400148,0.6851700511699943,0.1758283724143349
134.20326618189713,0.007451383475604942,0.6851366428936722,0.1758196523800603
134.20462865160457,0.0074513078278097365,0.6851032086101779,0.17581093152822466
134.20599114897664,0.0074512321800145305,0.685069748336603,0.175802209861686
134.2073536740142,0.007451156532219324,0.6850362620900602,0.1757934873832998
134.20871622671808,0.007451080884424118,0.6850027498875985,0.17578476409591964
134.21007880708913,0.007451005236628912,0.6849692117463736,0.17577604000239586
134.21144141512818,0.007450929588833705,0.6849356476833804,0.17576731510557692
134.2128040508361,0.007450853941038499,0.6849020577157644,0.17575858940830935
134.2141667142137,0.007450778293243293,0.684868441860606,0.17574986291343656
134.21552940526186,0.0074507026454480865,0.6848348001349649,0.17574113562380006
134.21689212398138,0.007450626997652881,0.6848011325559002,0.17573240754223918
134.21825487037313,0.007450551349857675,0.6847674391405144,0.17572367867159072
134.21961764443796,0.007450475702062469,0.6847337199058345,0.17571494901468845
134.2209804461767,0.007450400054267262,0.6846999748689628,0.1757062185743654
134.2223432755902,0.007450324406472056,0.6846662040469157,0.17569748735345048
134.22370613267927,0.00745024875867685,0.6846324074567955,0.1756887553547716
134.2250690174448,0.007450173110881643,0.6845985851156187,0.17568002258115328
134.2264319298876,0.007450097463086437,0.6845647370404445,0.17567128903541882
134.22779487000852,0.0074500218152912315,0.6845308632483217,0.1756625547203882
134.22915783780846,0.007449946167496025,0.684496963756288,0.17565381963887974
134.23052083328815,0.007449870519700819,0.6844630385814029,0.17564508379370908
134.23188385644852,0.007449794871905613,0.6844290877406612,0.17563634718768928
134.2332469072904,0.007449719224110406,0.6843951112511119,0.17562760982363154
134.23460998581461,0.0074496435763152,0.6843611091298032,0.17561887170434495
134.235973092022,0.007449567928519994,0.6843270813937516,0.17561013283263543
134.23733622591342,0.007449492280724787,0.6842930280599524,0.17560139321130716
134.23869938748973,0.0074494166329295815,0.6842589491454754,0.17559265284316178
134.24006257675174,0.007449340985134376,0.684224844667294,0.17558391173099885
134.24142579370033,0.007449265337339169,0.684190714642425,0.17557516987761543
134.2427890383363,0.007449189689543963,0.6841565590878523,0.1755664272858061
134.2441523106605,0.007449114041748757,0.6841223780206355,0.17555768395836352
134.2455156106738,0.007449038393953551,0.6840881714577587,0.17554893989807754
134.24687893837705,0.007448962746158344,0.6840539394161955,0.1755401951077359
134.24824229377109,0.007448887098363138,0.6840196819129515,0.1755314495901242
134.2496056768567,0.007448811450567932,0.6839853989650218,0.17552270334802575
134.25096908763484,0.007448735802772726,0.6839510905893905,0.175513956384221
134.25233252610624,0.00744866015497752,0.6839167568030527,0.17550520870148853
134.2536959922718,0.007448584507182314,0.6838823976229605,0.17549646030260455
134.25505948613238,0.007448508859387107,0.6838480130661303,0.17548771119034295
134.25642300768877,0.007448433211591901,0.6838136031494925,0.17547896136747515
134.25778655694185,0.007448357563796695,0.683779167890053,0.17547021083677064
134.25915013389246,0.007448281916001488,0.6837447073047531,0.175461459600996
134.26051373854142,0.0074482062682062825,0.683710221410577,0.17545270766291607
134.26187737088964,0.0074481306204110765,0.6836757102244554,0.17544395502529309
134.26324103093788,0.007448054972615871,0.6836411737633618,0.1754352016908869
134.26460471868702,0.007447979324820664,0.6836066120442589,0.17542644766245533
134.26596843413793,0.007447903677025458,0.6835720250840664,0.17541769294275372
134.26733217729142,0.007447828029230252,0.6835374128997583,0.17540893753453474
134.26869594814838,0.007447752381435045,0.6835027755082433,0.17540018144054953
134.27005974670956,0.007447676733639839,0.6834681129265059,0.17539142466354693
134.2714235729759,0.007447601085844633,0.6834334251714659,0.17538266720627224
134.2727874269482,0.007447525438049427,0.6833987122600003,0.17537390907146957
134.27415130862732,0.007447449790254221,0.6833639742091038,0.17536515026188096
134.27551521801408,0.007447374142459015,0.6833292110356859,0.1753563907802453
134.27687915510936,0.007447298494663808,0.6832944227566449,0.17534763062929917
134.27824311991398,0.007447222846868602,0.683259609388922,0.1753388698117775
134.27960711242878,0.007447147199073396,0.6832247709493943,0.17533010833041265
134.28097113265463,0.007447071551278189,0.6831899074550138,0.17532134618793457
134.28233518059233,0.007446995903482983,0.6831550189226789,0.17531258338707129
134.28369925624276,0.0074469202556877775,0.6831201053692345,0.17530381993054803
134.28506335960677,0.0074468446078925716,0.6830851668116754,0.17529505582108784
134.2864274906852,0.007446768960097365,0.6830502032668464,0.17528629106141164
134.28779164947886,0.007446693312302159,0.6830152147516245,0.17527752565423801
134.28915583598865,0.007446617664506953,0.6829802012829296,0.17526875960228336
134.29052005021538,0.007446542016711746,0.6829451628776064,0.17525999290826166
134.2918842921599,0.00744646636891654,0.6829100995525855,0.1752512255748842
134.29324856182302,0.007446390721121334,0.6828750113246795,0.17524245760486123
134.29461285920567,0.0074463150733261275,0.6828398982108512,0.17523368900089914
134.2959771843086,0.007446239425530922,0.6828047602279025,0.17522491976570298
134.29734153713275,0.007446163777735716,0.6827695973927103,0.1752161499019755
134.2987059176789,0.007446088129940509,0.6827344097221623,0.17520737941241668
134.3000703259479,0.007446012482145303,0.6826991972331031,0.17519860829972467
134.30143476194058,0.007445936834350097,0.6826639599423777,0.17518983656659515
134.30279922565785,0.007445861186554891,0.6826286978668523,0.17518106421572177
134.3041637171005,0.007445785538759684,0.6825934110233823,0.17517229124979544
134.3055282362694,0.007445709890964478,0.6825580994287911,0.1751635176715049
134.30689278316535,0.0074456342431692725,0.6825227630999233,0.1751547434835372
134.30825735778927,0.007445558595374066,0.6824874020536346,0.17514596868857618
134.30962196014195,0.00744548294757886,0.6824520163067267,0.17513719328930416
134.31098659022425,0.007445407299783654,0.6824166058760873,0.175128417288401
134.312351248037,0.007445331651988447,0.6823811707784863,0.17511964068854372
134.31371593358108,0.007445256004193241,0.6823457110307788,0.17511086349240806
134.31508064685733,0.007445180356398035,0.6823102266497455,0.17510208570266708
134.31644538786657,0.0074451047086028285,0.6822747176522524,0.17509330732199088
134.31781015660962,0.0074450290608076225,0.6822391840550802,0.17508452835304814
134.3191749530874,0.007444953413012417,0.6822036258750411,0.1750757487985052
134.32053977730072,0.00744487776521721,0.6821680431289587,0.17506696866102617
134.3219046292504,0.007444802117422004,0.6821324358336026,0.17505818794327194
134.32326950893733,0.007444726469626798,0.6820968040058283,0.17504940664790244
134.32463441636236,0.007444650821831591,0.6820611476623302,0.17504062477757465
134.32599935152626,0.007444575174036385,0.6820254668199961,0.17503184233494337
134.32736431442993,0.007444499526241179,0.681989761495542,0.17502305932266105
134.32872930507423,0.0074444238784459734,0.6819540317057914,0.1750142757433781
134.33009432346,0.007444348230650767,0.6819182774675243,0.17500549159974282
134.33145936958803,0.007444272582855561,0.6818824987974678,0.17499670689440086
134.33282444345923,0.007444196935060355,0.681846695712445,0.1749879216299952
134.33418954507445,0.007444121287265148,0.6818108682292258,0.17497913580916807
134.3355546744345,0.007444045639469942,0.6817750163645581,0.174970349434558
134.3369198315402,0.007443969991674736,0.681739140135158,0.17496156250880174
134.33828501639246,0.007443894343879529,0.6817032395578597,0.17495277503453377
134.3396502289921,0.0074438186960843235,0.6816673146493684,0.17494398701438688
134.34101546933994,0.0074437430482891176,0.6816313654264322,0.17493519845099073
134.34238073743688,0.007443667400493911,0.681595391905821,0.17492640934697268
134.3437460332837,0.007443591752698705,0.6815593941042613,0.17491761970495892
134.34511135688132,0.007443516104903499,0.6815233720384799,0.1749088295275728
134.3464767082305,0.007443440457108293,0.6814873257252358,0.17490003881743468
134.3478420873322,0.007443364809313086,0.6814512551812344,0.1748912475771634
134.34920749418714,0.00744328916151788,0.6814151604232344,0.1748824558093765
134.35057292879625,0.007443213513722674,0.6813790414679304,0.17487366351668743
134.35193839116036,0.007443137865927468,0.6813428983320493,0.17486487070170828
134.3533038812803,0.007443062218132262,0.6813067310322856,0.17485607736704953
134.35466939915693,0.007442986570337056,0.6812705395853873,0.1748472835153176
134.3560349447911,0.007442910922541849,0.6812343240080493,0.1748384891491189
134.35740051818362,0.007442835274746643,0.6811980843169658,0.1748296942710566
134.35876611933537,0.007442759626951437,0.6811618205288424,0.17482089888373073
134.36013174824723,0.00744268397915623,0.6811255326604058,0.17481210298974004
134.36149740491996,0.007442608331361024,0.6810892207282753,0.1748033065916816
134.36286308935448,0.0074425326835658185,0.6810528847491991,0.17479450969214938
134.3642288015516,0.007442457035770612,0.6810165247398291,0.17478571229373496
134.36559454151217,0.007442381387975406,0.6809801407168917,0.17477691439902834
134.36696030923704,0.0074423057401802,0.6809437326970281,0.17476811601061706
134.3683261047271,0.007442230092384994,0.6809073006969112,0.17475931713108633
134.36969192798313,0.007442154444589787,0.680870844733225,0.17475051776301898
134.37105777900598,0.007442078796794581,0.6808343648226209,0.17474171790899595
134.37242365779653,0.007442003148999375,0.6807978609817938,0.17473291757159606
134.37378956435566,0.0074419275012041685,0.6807613332273307,0.1747241167533953
134.37515549868414,0.007441851853408963,0.6807247815759692,0.17471531545696783
134.37652146078284,0.007441776205613757,0.6806882060443072,0.17470651368488588
134.37788745065262,0.00744170055781855,0.6806516066490179,0.1746977114397188
134.37925346829434,0.007441624910023344,0.6806149834067099,0.17468890872403417
134.3806195137088,0.007441549262228138,0.6805783363340672,0.17468010554039753
134.38198558689695,0.007441473614432931,0.6805416654477091,0.17467130189137137
134.3833516878595,0.007441397966637725,0.6805049707642337,0.17466249777951678
134.38471781659737,0.0074413223188425194,0.680468252300314,0.1746536932073927
134.3860839731114,0.0074412466710473135,0.6804315100725267,0.174644888177555
134.38745015740247,0.007441171023252107,0.6803947440975555,0.17463608269255793
134.38881636947136,0.007441095375456901,0.6803579543919662,0.17462727675495412
134.39018260931897,0.007441019727661695,0.6803211409723783,0.17461847036729258
134.39154887694613,0.007440944079866488,0.680284303855422,0.17460966353212087
134.39291517235367,0.007440868432071282,0.680247443057663,0.17460085625198468
134.39428149554243,0.007440792784276076,0.6802105585957425,0.17459204852942709
134.39564784651333,0.0074407171364808695,0.6801736504862581,0.17458324036698883
134.39701422526713,0.0074406414886856636,0.680136718745733,0.17457443176720902
134.39838063180474,0.007440565840890458,0.6800997633908402,0.17456562273262397
134.399747066127,0.007440490193095251,0.6800627844381347,0.17455681326576744
134.40111352823467,0.007440414545300045,0.6800257819041824,0.17454800336917248
134.40248001812873,0.007440338897504839,0.6799887558055598,0.17453919304536833
134.40384653580995,0.007440263249709632,0.6799517061588543,0.17453038229688303
134.4052130812792,0.007440187601914426,0.6799146329806421,0.17452157112624217
134.40657965453727,0.00744011195411922,0.6798775362874787,0.1745127595359685
134.4079462555851,0.007440036306324014,0.6798404160959297,0.1745039475285838
134.40931288442349,0.007439960658528808,0.6798032724225287,0.174495135106607
134.4106795410533,0.007439885010733602,0.6797661052838736,0.17448632227255428
134.41204622547536,0.007439809362938396,0.6797289146964661,0.1744775090289407
134.41341293769054,0.007439733715143189,0.6796917006768933,0.17446869537827805
134.41477967769967,0.007439658067347983,0.6796544632416781,0.17445988132307702
134.41614644550359,0.007439582419552777,0.6796172024073542,0.1744510668658456
134.4175132411032,0.00743950677175757,0.6795799181904444,0.17444225200908897
134.41888006449926,0.0074394311239623645,0.6795426106075253,0.1744334367553116
134.4202469156927,0.007439355476167159,0.6795052796750769,0.17442462110701407
134.42161379468433,0.007439279828371952,0.6794679254096326,0.17441580506669607
134.42298070147498,0.007439204180576746,0.679430547827705,0.17440698863685472
134.42434763606556,0.00743912853278154,0.6793931469458487,0.17439817181998457
134.42571459845686,0.007439052884986333,0.6793557227805117,0.17438935461857832
134.42708158864974,0.007438977237191127,0.6793182753482385,0.17438053703512665
134.42844860664508,0.007438901589395921,0.6792808046655517,0.17437171907211788
134.4298156524437,0.007438825941600715,0.6792433107488887,0.17436290073203808
134.43118272604644,0.007438750293805509,0.6792057936148042,0.1743540820173712
134.43254982745415,0.007438674646010303,0.6791682532797463,0.17434526293059907
134.43391695666773,0.007438598998215097,0.6791306897602055,0.17433644347420113
134.43528411368797,0.00743852335041989,0.6790931030726941,0.17432762365065507
134.43665129851573,0.007438447702624684,0.6790554932336598,0.1743188034624361
134.43801851115185,0.007438372054829478,0.6790178602596147,0.17430998291201735
134.43938575159723,0.007438296407034271,0.6789802041669961,0.1743011620018692
134.44075301985265,0.0074382207592390654,0.6789425249722624,0.1742923407344615
134.442120315919,0.0074381451114438595,0.6789048226919149,0.17428351911225973
134.44348763979713,0.007438069463648653,0.6788670973423908,0.17427469713772897
134.44485499148786,0.007437993815853447,0.6788293489401164,0.17426587481333147
134.44622237099205,0.007437918168058241,0.6787915775015931,0.17425705214152695
134.44758977831057,0.007437842520263034,0.6787537830432259,0.17424822912477345
134.44895721344423,0.007437766872467828,0.6787159655815053,0.17423940576552702
134.45032467639393,0.007437691224672622,0.6786781251328255,0.17423058206624134
134.45169216716047,0.007437615576877416,0.6786402617136346,0.17422175802936715
134.45305968574473,0.0074375399290822096,0.6786023753403692,0.17421293365735438
134.45442723214754,0.007437464281287004,0.6785644660294343,0.17420410895264957
134.45579480636977,0.007437388633491798,0.6785265337972671,0.1741952839176987
134.45716240841224,0.007437312985696591,0.6784885786603154,0.17418645855494366
134.45853003827582,0.007437237337901385,0.678450600634941,0.1741776328668255
134.45989769596136,0.007437161690106179,0.6784125997376133,0.17416880685578273
134.46126538146973,0.007437086042310972,0.6783745759846833,0.17415998052425147
134.4626330948017,0.007437010394515766,0.6783365293925776,0.17415115387466612
134.4640008359582,0.0074369347467205605,0.6782984599776902,0.1741423269094588
134.46536860494004,0.007436859098925354,0.6782603677564152,0.17413349963105929
134.46673640174808,0.007436783451130148,0.6782222527451469,0.17412467204189525
134.46810422638316,0.007436707803334942,0.6781841149602578,0.1741158441443926
134.46947207884617,0.007436632155539736,0.6781459544181636,0.17410701594097466
134.4708399591379,0.007436556507744529,0.6781077711352156,0.1740981874340627
134.47220786725921,0.007436480859949323,0.6780695651277863,0.1740893586260759
134.473575803211,0.007436405212154117,0.6780313364122484,0.1740805295194315
134.47494376699407,0.0074363295643589105,0.6779930850049856,0.17407170011654383
134.47631175860928,0.007436253916563705,0.6779548109223273,0.1740628704198266
134.47767977805748,0.007436178268768499,0.6779165141806679,0.17405404043168962
134.47904782533953,0.007436102620973292,0.6778781947963264,0.17404521015454189
134.48041590045628,0.007436026973178086,0.677839852785686,0.17403637959078955
134.48178400340856,0.00743595132538288,0.6778014881650554,0.17402754874283646
134.48315213419724,0.007435875677587673,0.6777631009508068,0.17401871761308502
134.48452029282313,0.007435800029792467,0.6777246911592704,0.1740098862039356
134.48588847928715,0.007435724381997261,0.6776862588067649,0.17400105451778533
134.4872566935901,0.007435648734202055,0.6776478039096311,0.17399222255703042
134.48862493573282,0.007435573086406849,0.67760932648422,0.17398339032406404
134.4899932057162,0.007435497438611643,0.6775708265467757,0.17397455782127785
134.49136150354107,0.007435421790816436,0.6775323041136921,0.1739657250510609
134.49272982920826,0.00743534614302123,0.6774937592012564,0.17395689201580067
134.49409818271866,0.007435270495226024,0.6774551918257766,0.17394805871788224
134.49546656407307,0.007435194847430818,0.6774166020035398,0.17393922515968838
134.4968349732724,0.0074351191996356114,0.6773779897508863,0.17393039134359964
134.49820341031744,0.0074350435518404055,0.6773393550840707,0.1739215572719954
134.49957187520909,0.0074349679040452,0.6773006980194123,0.17391272294725157
134.50094036794817,0.007434892256249993,0.6772620185731764,0.17390388837174273
134.50230888853554,0.007434816608454787,0.6772233167617033,0.17389505354784143
134.50367743697205,0.007434740960659581,0.6771845926012051,0.17388621847791771
134.50504601325855,0.007434665312864374,0.6771458461079791,0.17387738316433973
134.5064146173959,0.007434589665069168,0.6771070772982908,0.1738685476094737
134.50778324938491,0.007434514017273962,0.6770682861884485,0.1738597118156831
134.5091519092265,0.0074344383694787556,0.6770294727946424,0.17385087578532962
134.51052059692142,0.00743436272168355,0.6769906371331916,0.1738420395207735
134.51188931247063,0.007434287073888344,0.6769517792203509,0.17383320302437175
134.5132580558749,0.007434211426093138,0.6769128990723319,0.17382436629848008
134.51462682713515,0.007434135778297931,0.6768739967054429,0.17381552934545164
134.51599562625213,0.007434060130502725,0.6768350721358528,0.1738066921676377
134.5173644532268,0.007433984482707519,0.6767961253798269,0.17379785476738752
134.51873330805995,0.007433908834912312,0.6767571564536415,0.17378901714704775
134.52010219075243,0.0074338331871171065,0.6767181653734653,0.17378017930896358
134.5214711013051,0.0074337575393219005,0.6766791521555743,0.17377134125547786
134.52284003971883,0.007433681891526694,0.6766401168161483,0.17376250298893114
134.52420900599446,0.007433606243731488,0.6766010593714311,0.17375366451166208
134.5255780001328,0.007433530595936282,0.6765619798376238,0.17374482582600703
134.52694702213478,0.007433454948141075,0.6765228782309487,0.1737359869343007
134.52831607200116,0.007433379300345869,0.6764837545676178,0.17372714783887527
134.52968514973287,0.007433303652550663,0.6764446088638104,0.17371830854206108
134.5310542553307,0.0074332280047554565,0.6764054411357278,0.17370946904618587
134.53242338879556,0.007433152356960251,0.6763662513995493,0.17370062935357614
134.53379255012823,0.007433076709165045,0.6763270396714975,0.17369178946655545
134.53516173932962,0.007433001061369839,0.6762878059677521,0.17368294938744602
134.53653095640058,0.007432925413574632,0.6762485503044601,0.1736741091185671
134.5379002013419,0.007432849765779426,0.6762092726978336,0.1736652686622368
134.5392694741545,0.00743277411798422,0.6761699731640197,0.17365642802077078
134.5406387748392,0.007432698470189013,0.6761306517191875,0.17364758719648224
134.54200810339685,0.007432622822393807,0.6760913083795056,0.1736387461916826
134.5433774598283,0.0074325471745986015,0.6760519431611645,0.17362990500868147
134.54474684413444,0.007432471526803395,0.6760125560802791,0.17362106364978583
134.54611625631603,0.007432395879008189,0.6759731471529971,0.17361222211730087
134.54748569637403,0.007432320231212983,0.6759337163954872,0.1736033804135302
134.5488551643092,0.007432244583417776,0.6758942638238858,0.17359453854077406
134.55022466012247,0.00743216893562257,0.6758547894543192,0.173585696501332
134.55159418381461,0.007432093287827364,0.6758152933029131,0.1735768542975007
134.55296373538653,0.007432017640032158,0.6757757753858685,0.17356801193157473
134.55433331483908,0.0074319419922369515,0.6757362357192257,0.17355916940584676
134.55570292217308,0.007431866344441746,0.6756966743191425,0.17355032672260784
134.5570725573894,0.00743179069664654,0.6756570912017343,0.1735414838841464
134.5584422204889,0.007431715048851333,0.6756174863830947,0.1735326408927488
134.55981191147242,0.007431639401056127,0.6755778598793605,0.17352379775069968
134.5611816303408,0.007431563753260921,0.6755382117066252,0.17351495446028106
134.56255137709493,0.007431488105465714,0.6754985418809935,0.17350611102377353
134.5639211517356,0.007431412457670508,0.6754588504185589,0.1734972674434551
134.5652909542637,0.007431336809875302,0.6754191373354046,0.1734884237216023
134.56666078468012,0.007431261162080096,0.6753794026476027,0.17347957986048884
134.56803064298563,0.00743118551428489,0.6753396463712792,0.17347073586238723
134.56940052918114,0.007431109866489684,0.6752998685224849,0.1734618917295669
134.5707704432675,0.007431034218694477,0.6752600691173029,0.17345304746429605
134.5721403852455,0.007430958570899271,0.6752202481717622,0.17344420306884062
134.57351035511607,0.007430882923104065,0.6751804057020213,0.1734353585454642
134.57488035288003,0.007430807275308858,0.6751405417240772,0.1734265138964286
134.57625037853822,0.0074307316275136525,0.6751006562539914,0.1734176691239938
134.5776204320915,0.0074306559797184465,0.6750607493078149,0.1734088242304171
134.5789905135407,0.007430580331923241,0.6750208209015982,0.17339997921795403
134.58036062288676,0.007430504684128034,0.6749808710514353,0.17339113408885864
134.58173076013043,0.007430429036332828,0.674940899773291,0.17338228884538165
134.5831009252726,0.007430353388537622,0.6749009070832485,0.1733734434897731
134.58447111831413,0.007430277740742415,0.6748608929973369,0.17336459802428023
134.58584133925586,0.007430202092947209,0.6748208575315534,0.17335575245114804
134.58721158809865,0.007430126445152003,0.6747808007019598,0.1733469067726204
134.58858186484338,0.007430050797356797,0.6747407225245423,0.17333806099093832
134.58995216949083,0.007429975149561591,0.6747006230153411,0.17332921510834073
134.59132250204192,0.007429899501766385,0.6746605021903639,0.17332036912706508
134.59269286249747,0.007429823853971178,0.6746203600655973,0.17331152304934652
134.59406325085834,0.007429748206175972,0.6745801966570492,0.17330267687741793
134.59543366712538,0.007429672558380766,0.6745400119807489,0.1732938306135108
134.59680411129943,0.00742959691058556,0.6744998060526614,0.17328498425985359
134.59817458338136,0.007429521262790353,0.6744595788887624,0.1732761378186734
134.59954508337202,0.0074294456149951475,0.6744193305050598,0.17326729129219523
134.60091561127228,0.007429369967199942,0.67437906091754,0.17325844468264215
134.60228616708298,0.007429294319404735,0.6743387701421572,0.17324959799223458
134.60365675080493,0.007429218671609529,0.6742984581949194,0.17324075122319196
134.60502736243905,0.007429143023814323,0.6742581250917379,0.17323190437773064
134.60639800198615,0.007429067376019116,0.6742177708486313,0.17322305745806546
134.60776866944707,0.00742899172822391,0.6741773954815218,0.17321421046640967
134.6091393648227,0.007428916080428704,0.6741369990063634,0.17320536340497322
134.61051008811393,0.0074288404326334975,0.6740965814391426,0.17319651627596516
134.61188083932151,0.007428764784838292,0.6740561427958032,0.17318766908159214
134.61325161844636,0.007428689137043086,0.6740156830922239,0.17317882182405886
134.61462242548933,0.007428613489247879,0.6739752023444022,0.17316997450556781
134.61599326045123,0.007428537841452673,0.67393470056826,0.17316112712831994
134.61736412333298,0.007428462193657467,0.6738941777797087,0.17315227969451305
134.61873501413535,0.007428386545862261,0.6738536339946811,0.17314343220634462
134.6201059328593,0.007428310898067054,0.6738130692291421,0.17313458466600873
134.6214768795056,0.007428235250271848,0.6737724834989279,0.1731257370756976
134.6228478540751,0.0074281596024766425,0.6737318768199715,0.17311688943760256
134.62421885656872,0.007428083954681436,0.6736912492082162,0.1731080417539114
134.62558988698723,0.00742800830688623,0.6736506006795412,0.1730991940268109
134.62696094533155,0.007427932659091024,0.6736099312498686,0.17309034625848588
134.62833203160253,0.007427857011295817,0.6735692409350668,0.17308149845111764
134.62970314580096,0.007427781363500611,0.6735285297510256,0.17307265060688778
134.63107428792776,0.007427705715705405,0.6734877977136243,0.17306380272797442
134.63244545798375,0.0074276300679101985,0.6734470448387956,0.17305495481655375
134.6338166559698,0.0074275544201149925,0.6734062711423435,0.1730461068748006
134.63518788188674,0.007427478772319787,0.6733654766401901,0.1730372589048872
134.63655913573547,0.007427403124524581,0.6733246613481608,0.17302841090898388
134.6379304175168,0.007427327476729374,0.6732838252821672,0.17301956288925907
134.63930172723158,0.007427251828934168,0.6732429684580238,0.17301071484787922
134.64067306488067,0.007427176181138962,0.6732020908916313,0.17300186678700863
134.64204443046498,0.007427100533343755,0.673161192598826,0.1729930187088099
134.64341582398526,0.007427024885548549,0.6731202735954225,0.17298417061544344
134.64478724544247,0.0074269492377533435,0.6730793338972894,0.17297532250906772
134.6461586948374,0.007426873589958137,0.6730383735202948,0.17296647439183913
134.64753017217092,0.007426797942162931,0.6729973924801895,0.17295762626591182
134.64890167744386,0.007426722294367725,0.6729563907928846,0.17294877813343876
134.6502732106571,0.007426646646572518,0.672915368474152,0.1729399299965697
134.6516447718115,0.007426570998777312,0.6728743255398173,0.1729310818574538
134.6530163609079,0.007426495350982106,0.6728332620057379,0.17292223371823714
134.65438797794718,0.007426419703186899,0.6727921778876966,0.17291338558106414
134.65575962293013,0.0074263440553916935,0.6727510732014546,0.17290453744807754
134.65713129585765,0.007426268407596488,0.6727099479629016,0.1728956893214174
134.6585029967306,0.007426192759801282,0.672668802187788,0.17288684120322276
134.65987472554983,0.007426117112006075,0.6726276358919179,0.17287799309563034
134.6612464823162,0.007426041464210869,0.6725864490910525,0.17286914500077383
134.66261826703052,0.007425965816415663,0.672545241801017,0.17286029692078655
134.6639900796937,0.007425890168620456,0.6725040140375622,0.17285144885779846
134.66536192030654,0.00742581452082525,0.6724627658164919,0.17284260081393835
134.66673378886992,0.007425738873030044,0.672421497153535,0.17283375279133367
134.66810568538475,0.007425663225234838,0.6723802080645065,0.17282490479210788
134.66947760985178,0.007425587577439632,0.6723388985651565,0.1728160568183842
134.67084956227194,0.007425511929644426,0.6722975686712249,0.17280720887228362
134.67222154264604,0.007425436281849219,0.6722562183984726,0.17279836095592443
134.67359355097497,0.007425360634054013,0.6722148477626395,0.17278951307142346
134.67496558725958,0.007425284986258807,0.6721734567795296,0.17278066522089588
134.6763376515007,0.0074252093384636,0.6721320454647858,0.17277181740645367
134.67770974369918,0.007425133690668394,0.6720906138342337,0.17276296963020832
134.6790818638559,0.0074250580428731885,0.6720491619035487,0.17275412189426878
134.68045401197173,0.007424982395077983,0.6720076896884918,0.17274527420074176
134.6818261880475,0.007424906747282776,0.671966197204749,0.17273642655173174
134.68319839208405,0.00742483109948757,0.6719246844681032,0.17272757894934263
134.68457062408226,0.007424755451692364,0.671883151494197,0.17271873139567503
134.685942884043,0.007424679803897157,0.6718415982987919,0.17270988389282763
134.68731517196704,0.007424604156101951,0.6718000248975522,0.17270103644289822
134.68868748785533,0.007424528508306745,0.6717584313062177,0.17269218904798125
134.6900598317087,0.0074244528605115385,0.6717168175404638,0.17268334171017052
134.691432203528,0.007424377212716333,0.6716751836159763,0.17267449443155689
134.69280460331404,0.007424301564921127,0.6716335295484628,0.1726656472142295
134.69417703106774,0.00742422591712592,0.6715918553536093,0.17265680006027576
134.69554948678993,0.007424150269330714,0.6715501610470375,0.1726479529717813
134.69692197048147,0.007424074621535508,0.6715084466445084,0.17263910595082946
134.6982944821432,0.007423998973740301,0.6714667121616222,0.1726302589995014
134.69966702177598,0.007423923325945095,0.6714249576140866,0.17262141211987667
134.70103958938066,0.0074238476781498895,0.6713831830175336,0.17261256531403313
134.70241218495812,0.0074237720303546835,0.6713413883876602,0.17260371858404638
134.7037848085092,0.007423696382559477,0.6712995737400559,0.17259487193198972
134.70515746003474,0.007423620734764271,0.671257739090428,0.1725860253599349
134.70653013953563,0.007423545086969065,0.6712158844543983,0.17257717886995205
134.70790284701272,0.007423469439173858,0.671174009847599,0.17256833246410896
134.7092755824668,0.007423393791378652,0.6711321152856733,0.172559486144471
134.71064834589882,0.007423318143583446,0.6710902007842321,0.17255063991310232
134.71202113730956,0.0074232424957882395,0.6710482663589508,0.17254179377206538
134.71339395669992,0.007423166847993034,0.6710063120253865,0.17253294772341982
134.71476680407073,0.007423091200197828,0.6709643377991824,0.17252410176922395
134.7161396794229,0.007423015552402621,0.6709223436959708,0.1725152559115339
134.7175125827572,0.007422939904607415,0.6708803297313305,0.17250641015240376
134.71888551407454,0.007422864256812209,0.6708382959208724,0.172497564493886
134.72025847337576,0.007422788609017003,0.6707962422802074,0.17248871893803094
134.72163146066174,0.007422712961221796,0.6707541688249142,0.17247987348688715
134.7230044759333,0.00742263731342659,0.6707120755705931,0.17247102814250115
134.7243775191913,0.0074225616656313845,0.6706699625328119,0.17246218290691778
134.72575059043663,0.007422486017836178,0.6706278297271709,0.17245333778217883
134.7271236896701,0.007422410370040972,0.6705856771692489,0.17244449277032617
134.7284968168926,0.007422334722245766,0.6705435048746031,0.1724356478733977
134.72986997210498,0.007422259074450559,0.6705013128588014,0.1724268030934309
134.73124315530805,0.007422183426655353,0.6704591011374335,0.17241795843246044
134.73261636650275,0.007422107778860147,0.6704168697260028,0.17240911389251956
134.73398960568989,0.00742203213106494,0.6703746186401203,0.17240026947563902
134.7353628728703,0.0074219564832697345,0.6703323478953109,0.1723914251838486
134.73673616804487,0.007421880835474529,0.6702900575071216,0.1723825810191753
134.73810949121446,0.007421805187679322,0.6702477474910555,0.17237373698364433
134.7394828423799,0.007421729539884116,0.6702054178627238,0.17236489307927919
134.7408562215421,0.00742165389208891,0.6701630686375979,0.1723560493081018
134.74222962870184,0.007421578244293704,0.6701206998312244,0.17234720567213116
134.74360306386,0.007421502596498497,0.6700783114591496,0.17233836217338558
134.74497652701749,0.007421426948703291,0.6700359035368559,0.17232951881388034
134.7463500181751,0.007421351300908085,0.6699934760798469,0.1723206755956297
134.74772353733374,0.007421275653112879,0.6699510291036905,0.17231183252064539
134.7490970844942,0.007421200005317673,0.6699085626238153,0.17230298959093765
134.7504706596574,0.007421124357522467,0.6698660766557892,0.17229414680851465
134.75184426282416,0.00742104870972726,0.6698235712150623,0.1722853041753825
134.75321789399536,0.007420973061932054,0.6697810463171489,0.17227646169354566
134.75459155317182,0.007420897414136848,0.6697385019775204,0.1722676193650067
134.75596524035447,0.007420821766341641,0.6696959382116697,0.17225877719176586
134.75733895554407,0.0074207461185464355,0.6696533550350898,0.172249935175822
134.75871269874153,0.0074206704707512295,0.6696107524631769,0.1722410933191715
134.7600864699477,0.007420594822956023,0.6695681305115204,0.1722322516238099
134.76146026916345,0.007420519175160817,0.6695254891954955,0.17222341009172967
134.7628340963896,0.007420443527365611,0.6694828285306055,0.17221456872492183
134.76420795162707,0.007420367879570405,0.6694401485322468,0.17220572752537563
134.76558183487666,0.007420292231775198,0.6693974492159337,0.17219688649507825
134.76695574613922,0.007420216583979992,0.6693547305970735,0.17218804563601522
134.76832968541564,0.007420140936184786,0.6693119926911374,0.17217920495017006
134.7697036527068,0.00742006528838958,0.6692692355135326,0.17217036443952388
134.7710776480135,0.007419989640594374,0.6692264590796982,0.1721615241060571
134.7724516713366,0.007419913992799168,0.6691836634050844,0.17215268395174685
134.773825722677,0.007419838345003961,0.669140848505098,0.1721438439785696
134.77519980203553,0.007419762697208755,0.6690980143951355,0.17213500418849884
134.77657390941303,0.007419687049413549,0.6690551610906577,0.17212616458350696
134.77794804481042,0.007419611401618342,0.6690122886070284,0.17211732516556424
134.7793222082285,0.007419535753823136,0.6689693969596764,0.17210848593663924
134.78069639966813,0.0074194601060279305,0.6689264861640087,0.17209964689869828
134.7820706191302,0.007419384458232724,0.6688835562353895,0.1720908080537057
134.78344486661553,0.007419308810437518,0.668840607189258,0.1720819694036248
134.784819142125,0.007419233162642312,0.6687976390409675,0.1720731309504159
134.78619344565945,0.007419157514847106,0.6687546518059038,0.1720642926960385
134.78756777721975,0.007419081867051899,0.6687116454994309,0.17205545464244895
134.78894213680678,0.007419006219256693,0.6686686201369558,0.1720466167916032
134.79031652442134,0.007418930571461487,0.6686255757338321,0.17203777914545423
134.79169094006434,0.0074188549236662805,0.6685825123054239,0.17202894170595376
134.79306538373663,0.007418779275871075,0.6685394298670738,0.1720201044750511
134.79443985543904,0.007418703628075869,0.6684963284341567,0.17201126745469414
134.79581435517244,0.007418627980280662,0.6684532080220369,0.17200243064682885
134.7971888829377,0.007418552332485456,0.6684100686460032,0.17199359405339903
134.79856343873564,0.00741847668469025,0.6683669103214628,0.17198475767634733
134.79993802256718,0.007418401036895043,0.6683237330637154,0.17197592151761293
134.80131263443315,0.007418325389099837,0.6682805368881038,0.1719670855791355
134.80268727433437,0.007418249741304631,0.6682373218099491,0.17195824986285094
134.80406194227172,0.0074181740935094255,0.6681940878445726,0.17194941437069383
134.8054366382461,0.007418098445714219,0.6681508350073062,0.17194057910459698
134.80681136225832,0.007418022797919013,0.6681075633134712,0.1719317440664918
134.80818611430925,0.007417947150123807,0.6680642727783459,0.17192290925830694
134.80956089439977,0.0074178715023286,0.6680209634172515,0.17191407468196973
134.81093570253068,0.007417795854533394,0.6679776352455091,0.17190524033940605
134.8123105387029,0.007417720206738188,0.6679342882783651,0.1718964062325385
134.81368540291726,0.0074176445589429815,0.6678909225311513,0.1718875723632894
134.81506029517462,0.0074175689111477755,0.667847538019146,0.17187873873357842
134.81643521547582,0.00741749326335257,0.667804134757606,0.17186990534532348
134.81781016382175,0.007417417615557363,0.667760712761842,0.1718610722004406
134.81918514021328,0.007417341967762157,0.6677172720471214,0.1718522393008446
134.8205601446512,0.007417266319966951,0.6676738126286903,0.1718434066484473
134.82193517713645,0.007417190672171744,0.667630334521838,0.17183457424515924
134.82331023766983,0.007417115024376538,0.6675868377417995,0.1718257420928897
134.82468532625222,0.007417039376581332,0.6675433223038534,0.17181691019354514
134.82606044288445,0.0074169637287861264,0.6674997882232565,0.17180807854903057
134.82743558756746,0.00741688808099092,0.6674562355152119,0.17179924716124945
134.82881076030202,0.007416812433195714,0.6674126641949875,0.1717904160321026
134.830185961089,0.007416736785400508,0.6673690742777968,0.17178158516349032
134.83156118992932,0.007416661137605301,0.6673254657789183,0.17177275455730948
134.8329364468238,0.007416585489810095,0.6672818387135231,0.1717639242154567
134.83431173177325,0.007416509842014889,0.6672381930968679,0.17175509413982554
134.8356870447786,0.007416434194219682,0.6671945289441991,0.17174626433230794
134.8370623858407,0.0074163585464244765,0.6671508462706551,0.17173743479479472
134.83843775496038,0.0074162828986292706,0.6671071450915254,0.17172860552917416
134.8398131521385,0.007416207250834064,0.667063425421927,0.17171977653733247
134.84118857737596,0.007416131603038858,0.6670196872771277,0.17171094782115542
134.84256403067354,0.007416055955243652,0.6669759306722877,0.17170211938252508
134.8439395120322,0.007415980307448445,0.666932155622621,0.1716932912233231
134.8453150214527,0.007415904659653239,0.6668883621432771,0.17168446334542892
134.84669055893596,0.007415829011858033,0.6668445502494806,0.17167563575071978
134.8480661244828,0.007415753364062827,0.6668007199564134,0.1716668084410715
134.84944171809414,0.007415677716267621,0.6667568712791822,0.17165798141835775
134.8508173397708,0.007415602068472415,0.66671300423299,0.17164915468445086
134.8521929895136,0.007415526420677209,0.6666691188330293,0.17164032824122105
134.8535686673235,0.007415450772882002,0.6666252150944069,0.17163150209053613
134.85494437320122,0.007415375125086796,0.6665812930322936,0.17162267623426333
134.85632010714775,0.00741529947729159,0.6665373526618928,0.17161385067426732
134.85769586916388,0.007415223829496383,0.6664933939982682,0.17160502541241057
134.85907165925047,0.007415148181701177,0.6664494170565908,0.17159620045055485
134.86044747740843,0.0074150725339059715,0.6664054218519994,0.17158737579055916
134.86182332363856,0.007414996886110765,0.6663614083996113,0.17157855143428072
134.86319919794173,0.007414921238315559,0.6663173767145762,0.1715697273835757
134.86457510031883,0.007414845590520353,0.6662733268120008,0.17156090364029764
134.8659510307707,0.007414769942725146,0.6662292587069808,0.17155208020629842
134.8673269892982,0.00741469429492994,0.6661851724146767,0.17154325708342893
134.86870297590215,0.007414618647134734,0.6661410679501735,0.17153443427353685
134.8700789905835,0.007414542999339528,0.6660969453285565,0.17152561177846964
134.87145503334304,0.0074144673515443215,0.6660528045649108,0.17151678960007108
134.87283110418164,0.007414391703749116,0.6660086456743861,0.17150796774018523
134.87420720310016,0.00741431605595391,0.6659644686720245,0.1714991462006527
134.8755833300995,0.007414240408158703,0.665920273572922,0.17149032498331276
134.87695948518044,0.007414164760363497,0.6658760603921532,0.1714815040900036
134.8783356683439,0.007414089112568291,0.6658318291448353,0.17147268352256062
134.87971187959076,0.007414013464773084,0.6657875798459784,0.1714638632828177
134.8810881189218,0.007413937816977878,0.6657433125106569,0.17145504337260722
134.88246438633794,0.0074138621691826724,0.6656990271539669,0.1714462237937601
134.88384068184004,0.007413786521387466,0.6656547237909505,0.171437404548104
134.88521700542893,0.00741371087359226,0.6656104024366607,0.17142858563746638
134.88659335710548,0.007413635225797054,0.6655660631061078,0.1714197670636722
134.88796973687053,0.007413559578001848,0.6655217058143874,0.1714109488285445
134.889346144725,0.007413483930206641,0.6654773305765098,0.17140213093390455
134.89072258066972,0.007413408282411435,0.6654329374074958,0.1713933133815724
134.8920990447055,0.007413332634616229,0.6653885263224305,0.17138449617336574
134.89347553683328,0.0074132569868210225,0.6653440973362703,0.17137567931110062
134.89485205705387,0.0074131813390258166,0.6652996504640684,0.17136686279659122
134.89622860536812,0.007413105691230611,0.6652551857208346,0.17135804663165013
134.89760518177695,0.007413030043435404,0.6652107031215686,0.17134923081808817
134.89898178628118,0.007412954395640198,0.6651662026812909,0.17134041535771424
134.90035841888164,0.007412878747844992,0.6651216844149903,0.17133160025233538
134.90173507957925,0.007412803100049785,0.6650771483376875,0.17132278550375687
134.90311176837486,0.007412727452254579,0.6650325944643283,0.17131397111378252
134.90448848526927,0.007412651804459373,0.664988022809912,0.17130515708421376
134.9058652302634,0.007412576156664167,0.6649434333894808,0.17129634341685124
134.9072420033581,0.007412500508868961,0.6648988262179377,0.17128753011349254
134.90861880455424,0.007412424861073755,0.6648542013102712,0.17127871717593435
134.90999563385262,0.007412349213278549,0.6648095586814698,0.1712699046059716
134.91137249125418,0.007412273565483342,0.6647648983465009,0.17126109240539672
134.91274937675976,0.007412197917688136,0.6647202203203315,0.17125228057600134
134.91412629037018,0.00741212226989293,0.664675524617843,0.1712434691195747
134.91550323208634,0.007412046622097723,0.6646308112540669,0.17123465803790416
134.91688020190907,0.0074119709743025175,0.664586080243906,0.17122584733277577
134.91825719983925,0.007411895326507312,0.6645413316023168,0.17121703700597365
134.91963422587776,0.007411819678712105,0.6644965653442342,0.17120822705927968
134.92101128002543,0.007411744030916899,0.6644517814845718,0.171199417494475
134.9223883622831,0.007411668383121693,0.664406980038286,0.17119060831333796
134.92376547265172,0.007411592735326486,0.664362161020258,0.17118179951764553
134.92514261113203,0.00741151708753128,0.664317324445466,0.17117299110917333
134.926519777725,0.007411441439736074,0.6642724703287696,0.17116418308969442
134.9278969724314,0.007411365791940868,0.6642275986850609,0.17115537546098075
134.92927419525216,0.007411290144145662,0.6641827095292857,0.171146568224802
134.93065144618814,0.007411214496350456,0.6641378028763467,0.17113776138292683
134.93202872524012,0.00741113884855525,0.6640928787411039,0.17112895493712116
134.93340603240907,0.007411063200760043,0.6640479371384707,0.17112014888915025
134.93478336769576,0.007410987552964837,0.6640029780833392,0.17111134324077634
134.9361607311011,0.007410911905169631,0.6639580015905371,0.17110253799376113
134.93753812262594,0.007410836257374424,0.6639130076749886,0.1710937331498635
134.93891554227116,0.0074107606095792184,0.6638679963515537,0.17108492871084194
134.94029299003756,0.0074106849617840125,0.6638229676351028,0.17107612467845185
134.94167046592608,0.007410609313988806,0.6637779215404745,0.17106732105444736
134.94304796993754,0.0074105336661936,0.6637328580825609,0.17105851784058101
134.9444255020728,0.007410458018398394,0.663687777276168,0.17104971503860322
134.94580306233271,0.007410382370603187,0.6636426791361665,0.17104091265026314
134.94718065071817,0.007410306722807981,0.6635975636774056,0.17103211067730806
134.94855826723003,0.007410231075012775,0.6635524309147023,0.17102330912148325
134.94993591186912,0.0074101554272175685,0.6635072808629378,0.17101450798453238
134.95131358463632,0.0074100797794223626,0.6634621135368755,0.17100570726819764
134.9526912855325,0.007410004131627157,0.6634169289513644,0.17099690697421882
134.9540690145585,0.007409928483831951,0.6633717271212325,0.17098810710433465
134.95544677171523,0.007409852836036744,0.6633265080612964,0.17097930766028185
134.9568245570035,0.007409777188241538,0.6632812717863733,0.17097050864379496
134.9582023704242,0.007409701540446332,0.6632360183112371,0.17096171005660823
134.9595802119782,0.007409625892651125,0.6631907476506834,0.17095291190045225
134.9609580816663,0.007409550244855919,0.6631454598195505,0.1709441141770574
134.9623359794894,0.0074094745970607135,0.6631001548325912,0.17093531688815147
134.96371390544843,0.007409398949265507,0.6630548327046222,0.17092652003546036
134.96509185954415,0.007409323301470301,0.6630094934503963,0.17091772362070964
134.96646984177744,0.007409247653675095,0.662964137084698,0.1709089276456211
134.96784785214922,0.007409172005879888,0.6629187636223232,0.17090013211191665
134.9692258906603,0.007409096358084682,0.6628733730780025,0.17089133702131534
134.97060395731154,0.007409020710289476,0.6628279654665212,0.17088254237553463
134.97198205210384,0.00740894506249427,0.6627825408026208,0.1708737481762911
134.97336017503804,0.0074088694146990635,0.6627370991011077,0.17086495442529845
134.974738326115,0.007408793766903858,0.6626916403766271,0.17085616112426955
134.97611650533557,0.007408718119108652,0.6626461646440067,0.17084736827491456
134.97749471270066,0.007408642471313445,0.6626006719179992,0.17083857587894313
134.97887294821106,0.007408566823518239,0.6625551622132712,0.17082978393806225
134.98025121186768,0.007408491175723033,0.662509635544586,0.17082099245397817
134.9816295036714,0.007408415527927826,0.6624640919266641,0.17081220142839368
134.98300782362304,0.00740833988013262,0.662418531374258,0.17080341086301196
134.98438617172346,0.007408264232337414,0.6623729539020131,0.17079462075953308
134.98576454797356,0.007408188584542208,0.6623273595247141,0.1707858311196556
134.98714295237417,0.007408112936747002,0.6622817482570063,0.17077704194507695
134.98852138492617,0.007408037288951796,0.6622361201136314,0.17076825323749228
134.98989984563045,0.007407961641156589,0.6621904751092672,0.17075946499859496
134.9912783344878,0.007407885993361383,0.6621448132586124,0.17075067723007722
134.9926568514991,0.007407810345566177,0.6620991345763767,0.17074188993362918
134.99403539666528,0.007407734697770971,0.6620534390772055,0.17073310311093903
134.99541396998714,0.0074076590499757644,0.6620077267758083,0.17072431676369415
134.99679257146556,0.0074075834021805585,0.6619619976868091,0.17071553089357905
134.9981712011014,0.007407507754385353,0.6619162518249496,0.1707067455022774
134.99954985889553,0.007407432106590146,0.6618704892048108,0.17069796059147052
135.00092854484882,0.00740735645879494,0.6618247098411346,0.17068917616283882
135.0023072589621,0.007407280810999734,0.6617789137485125,0.17068039221806014
135.00368600123628,0.007407205163204527,0.6617331009416221,0.17067160875881127
135.00506477167215,0.007407129515409321,0.6616872714351194,0.17066282578676714
135.00644357027065,0.007407053867614115,0.6616414252436067,0.17065404330360087
135.0078223970326,0.0074069782198189086,0.6615955623817616,0.1706452613109836
135.0092012519589,0.007406902572023703,0.6615496828641971,0.17063647981058527
135.01058013505036,0.007406826924228497,0.6615037867055371,0.17062769880407402
135.01195904630788,0.007406751276433291,0.6614578739204054,0.17061891829311646
135.0133379857323,0.007406675628638084,0.6614119445234259,0.1706101382793767
135.01471695332452,0.007406599980842878,0.6613659985291793,0.17060135876451818
135.01609594908535,0.007406524333047672,0.6613200359523113,0.1705925797502017
135.01747497301574,0.007406448685252465,0.661274056807413,0.1705838012380877
135.01885402511644,0.0074063730374572595,0.661228061109098,0.1705750232298332
135.0202331053884,0.0074062973896620535,0.6611820488719362,0.17056624572709514
135.02161221383244,0.007406221741866847,0.6611360201104871,0.17055746873152736
135.02299135044944,0.007406146094071641,0.6610899748393961,0.17054869224478308
135.02437051524024,0.007406070446276435,0.6610439130732119,0.1705399162685137
135.02574970820575,0.007405994798481228,0.6609978348265153,0.17053114080436826
135.0271289293468,0.007405919150686022,0.6609517401138658,0.17052236585399505
135.02850817866423,0.007405843502890816,0.6609056289498552,0.17051359141903974
135.02988745615897,0.0074057678550956095,0.6608595013490106,0.1705048175011468
135.03126676183183,0.007405692207300404,0.660813357325913,0.17049604410195915
135.0326460956837,0.007405616559505198,0.6607671968951002,0.17048727122311821
135.03402545771542,0.007405540911709991,0.6607210200711106,0.17047849886626248
135.03540484792788,0.007405465263914785,0.6606748268685032,0.17046972703303057
135.03678426632192,0.007405389616119579,0.6606286173018057,0.17046095572505815
135.0381637128984,0.007405313968324373,0.6605823913855557,0.17045218494397962
135.0395431876582,0.007405238320529166,0.6605361491342808,0.17044341469142768
135.0409226906022,0.00740516267273396,0.6604898905624759,0.170434644969033
135.04230222173123,0.0074050870249387545,0.660443615684722,0.17042587577842608
135.04368178104622,0.007405011377143548,0.6603973245154712,0.17041710712123337
135.04506136854792,0.007404935729348342,0.6603510170692615,0.17040833899908148
135.04644098423728,0.007404860081553136,0.6603046933605665,0.1703995714135946
135.04782062811515,0.007404784433757929,0.660258353403935,0.1703908043663954
135.04920030018238,0.007404708785962723,0.6602119972138085,0.170382037859105
135.05058000043982,0.007404633138167517,0.660165624804725,0.1703732718933428
135.05195972888836,0.0074045574903723104,0.6601192361911364,0.17036450647072637
135.05333948552885,0.0074044818425771045,0.6600728313875488,0.17035574159287165
135.05471927036217,0.007404406194781899,0.6600264104084035,0.17034697726139325
135.05609908338917,0.007404330546986693,0.6599799732681849,0.17033821347790384
135.05747892461076,0.007404254899191486,0.6599335199813559,0.17032945024401425
135.0588587940277,0.00740417925139628,0.6598870505624007,0.1703206875613342
135.06023869164096,0.007404103603601074,0.659840565025761,0.17031192543147092
135.06161861745136,0.007404027955805867,0.6597940633858781,0.17030316385603136
135.06299857145973,0.007403952308010661,0.6597475456572257,0.17029440283661904
135.064378553667,0.007403876660215455,0.6597010118542236,0.17028564237483665
135.065758564074,0.007403801012420249,0.6596544619913134,0.17027688247228617
135.0671386026816,0.007403725364625043,0.659607896082915,0.1702681231305666
135.06851866949066,0.007403649716829837,0.65956131414347,0.17025936435127564
135.06989876450206,0.00740357406903463,0.6595147161874195,0.1702506061360097
135.07127888771663,0.007403498421239424,0.6594681022291624,0.1702418484863629
135.07265903913526,0.007403422773444218,0.6594214722831184,0.1702330914039285
135.07403921875883,0.007403347125649011,0.6593748263636862,0.17022433489029734
135.07541942658816,0.0074032714778538055,0.6593281644852642,0.17021557894705955
135.07679966262415,0.0074031958300585995,0.6592814866622724,0.17020682357580244
135.07817992686765,0.007403120182263394,0.6592347929091094,0.1701980687781127
135.07956021931957,0.007403044534468187,0.6591880832401629,0.17018931455557476
135.0809405399807,0.007402968886672981,0.6591413576697992,0.17018056090977163
135.08232088885194,0.007402893238877775,0.6590946162124063,0.17017180784228464
135.08370126593417,0.007402817591082568,0.6590478588823718,0.1701630553546935
135.0850816712282,0.007402741943287362,0.659001085694062,0.1701543034485765
135.08646210473498,0.007402666295492156,0.6589542966618327,0.17014555212551002
135.08784256645532,0.00740259064769695,0.6589074918000501,0.17013680138706846
135.08922305639007,0.007402514999901744,0.6588606711230806,0.17012805123482555
135.09060357454013,0.007402439352106538,0.6588138346452582,0.17011930167035264
135.09198412090637,0.007402363704311331,0.6587669823809601,0.17011055269521916
135.0933646954896,0.007402288056516125,0.6587201143445311,0.17010180431099411
135.09474529829077,0.007402212408720919,0.6586732305502412,0.17009305651924347
135.0961259293107,0.007402136760925713,0.6586263310124992,0.17008430932153282
135.09750658855023,0.007402061113130506,0.6585794157456075,0.17007556271942498
135.09888727601023,0.0074019854653353005,0.6585324847639108,0.1700668167144821
135.10026799169162,0.007401909817540095,0.658485538081668,0.17005807130826397
135.10164873559523,0.007401834169744888,0.6584385757132671,0.17004932650232937
135.1030295077219,0.007401758521949682,0.6583915976729671,0.17004058229823515
135.10441030807254,0.007401682874154476,0.6583446039750699,0.17003183869753632
135.105791136648,0.007401607226359269,0.6582975946339525,0.1700230957017868
135.10717199344913,0.007401531578564063,0.658250569663799,0.17001435331253817
135.10855287847681,0.007401455930768857,0.6582035290789756,0.1700056115313411
135.10993379173192,0.0074013802829736505,0.6581564728937522,0.1699968703597442
135.1113147332153,0.007401304635178445,0.6581094011223878,0.16998812979929484
135.1126957029278,0.007401228987383239,0.6580623137792058,0.1699793898515382
135.11407670087033,0.007401153339588032,0.6580152108784222,0.1699706505180186
135.11545772704375,0.007401077691792826,0.6579680924343391,0.1699619118002778
135.11683878144888,0.00740100204399762,0.6579209584611941,0.16995317369985685
135.11821986408663,0.007400926396202413,0.6578738089732998,0.16994443621829455
135.11960097495785,0.007400850748407207,0.6578266439848295,0.16993569935712846
135.1209821140634,0.007400775100612001,0.6577794635100958,0.16992696311789443
135.12236328140415,0.0074006994528167955,0.6577322675633042,0.16991822750212668
135.123744476981,0.007400623805021589,0.6576850561587243,0.16990949251135792
135.12512570079477,0.007400548157226383,0.6576378293105402,0.16990075814711858
135.1265069528463,0.007400472509431177,0.6575905870330323,0.16989202441093865
135.12788823313656,0.00740039686163597,0.657543329340406,0.16988329130434565
135.12926954166633,0.007400321213840764,0.6574960562468776,0.16987455882886587
135.13065087843648,0.007400245566045558,0.6574487677666844,0.16986582698602393
135.13203224344795,0.0074001699182503515,0.6574014639139784,0.16985709577734254
135.1334136367015,0.0074000942704551455,0.6573541447030399,0.1698483652043434
135.13479505819805,0.00740001862265994,0.6573068101480101,0.16983963526854592
135.1361765079385,0.007399942974864733,0.657259460263105,0.16983090597146805
135.13755798592365,0.007399867327069527,0.6572120950625515,0.16982217731462723
135.13893949215438,0.007399791679274321,0.6571647145604584,0.16981344929953762
135.1403210266316,0.007399716031479115,0.6571173187710742,0.16980472192771295
135.14170258935616,0.007399640383683908,0.6570699077085503,0.16979599520066485
135.14308418032888,0.007399564735888702,0.6570224813870602,0.16978726911990322
135.1444657995507,0.0073994890880934965,0.6569750398207662,0.1697785436869373
135.14584744702242,0.00739941344029829,0.6569275830238631,0.16976981890327328
135.14722912274493,0.007399337792503084,0.6568801110104597,0.1697610947704172
135.1486108267191,0.007399262144707878,0.65683262379474,0.1697523712898726
135.14999255894583,0.007399186496912671,0.656785121390834,0.16974364846314144
135.15137431942594,0.007399110849117465,0.6567376038129152,0.1697349262917246
135.1527561081603,0.007399035201322259,0.6566900710750495,0.16972620477712103
135.1541379251498,0.007398959553527052,0.6566425231914851,0.16971748392082814
135.15551977039527,0.0073988839057318465,0.6565949601762665,0.16970876372434196
135.1569016438976,0.007398808257936641,0.6565473820435561,0.16970004418915655
135.1582835456577,0.007398732610141434,0.6564997888074415,0.16969132531676445
135.15966547567635,0.007398656962346228,0.6564521804820528,0.16968260710865687
135.16104743395448,0.007398581314551022,0.6564045570815311,0.16967388956632362
135.16242942049294,0.007398505666755816,0.6563569186199529,0.16966517269125228
135.1638114352926,0.007398430018960609,0.6563092651113843,0.16965645648492916
135.1651934783543,0.007398354371165403,0.6562615965699985,0.16964774094883897
135.16657554967892,0.007398278723370197,0.6562139130098185,0.16963902608446527
135.16795764926738,0.007398203075574991,0.6561662144449637,0.16963031189328948
135.16933977712048,0.007398127427779785,0.6561185008895108,0.1696215983767914
135.1707219332391,0.007398051779984579,0.6560707723575688,0.16961288553644963
135.17210411762412,0.007397976132189372,0.6560230288631176,0.16960417337374095
135.1734863302764,0.007397900484394166,0.6559752704203305,0.169595461890141
135.1748685711968,0.00739782483659896,0.6559274970431876,0.16958675108712323
135.17625084038625,0.007397749188803753,0.6558797087458191,0.16957804096615978
135.1776331378455,0.007397673541008547,0.6558319055422159,0.169569331528721
135.17901546357552,0.0073975978932133415,0.6557840874464546,0.1695606227762764
135.18039781757713,0.007397522245418136,0.6557362544726119,0.16955191471029332
135.18178019985123,0.007397446597622929,0.6556884066346678,0.16954320733223743
135.18316261039863,0.007397370949827723,0.6556405439466775,0.16953450064357295
135.18454504922025,0.007397295302032517,0.6555926664226855,0.16952579464576276
135.18592751631692,0.00739721965423731,0.6555447740766827,0.16951708934026813
135.18731001168953,0.007397144006442104,0.655496866922724,0.16950838472854873
135.18869253533896,0.007397068358646898,0.6554489449748435,0.16949968081206232
135.19007508726608,0.0073969927108516915,0.6554010082469888,0.16949097759226553
135.1914576674717,0.007396917063056486,0.6553530567531831,0.16948227507061278
135.19284027595674,0.00739684141526128,0.6553050905074707,0.16947357324855858
135.19422291272207,0.007396765767466073,0.6552571095237996,0.1694648721275536
135.19560557776853,0.007396690119670867,0.6552091138161927,0.16945617170904848
135.19698827109698,0.007396614471875661,0.6551611033986195,0.1694474719944923
135.19837099270833,0.007396538824080454,0.6551130782850708,0.1694387729853315
135.19975374260343,0.007396463176285248,0.6550650384894944,0.16943007468301213
135.20113652078314,0.0073963875284900425,0.6550169840259348,0.16942137708897803
135.20251932724832,0.0073963118806948365,0.6549689149082755,0.1694126802046718
135.20390216199988,0.00739623623289963,0.6549208311505501,0.16940398403153395
135.20528502503862,0.007396160585104424,0.6548727327666317,0.1693952885710039
135.20666791636546,0.007396084937309218,0.6548246197705646,0.1693865938245199
135.20805083598125,0.007396009289514011,0.6547764921762322,0.1693778997935178
135.20943378388685,0.007395933641718805,0.6547283499976148,0.16936920647943252
135.21081676008316,0.007395857993923599,0.6546801932486495,0.16936051388369724
135.21219976457104,0.0073957823461283925,0.6546320219432411,0.16935182200774315
135.2135827973513,0.007395706698333187,0.6545838360953484,0.16934313085300087
135.21496585842488,0.007395631050537981,0.6545356357189086,0.1693344404208985
135.21634894779262,0.007395555402742774,0.6544874208278052,0.16932575071286324
135.2177320654554,0.007395479754947568,0.6544391914359537,0.16931706173032032
135.21911521141408,0.007395404107152362,0.6543909475572917,0.16930837347469374
135.22049838566952,0.007395328459357155,0.6543426892057237,0.16929968594740583
135.22188158822257,0.007395252811561949,0.6542944163951228,0.16929099914987758
135.22326481907416,0.007395177163766743,0.6542461291394046,0.16928231308352784
135.2246480782251,0.0073951015159715375,0.6541978274524634,0.16927362774977475
135.22603136567628,0.007395025868176331,0.6541495113481826,0.16926494315003404
135.22741468142857,0.007394950220381125,0.6541011808404351,0.16925625928572058
135.22879802548283,0.007394874572585919,0.6540528359431259,0.16924757615824762
135.23018139783997,0.007394798924790712,0.6540044766700849,0.1692388937690264
135.2315647985008,0.007394723276995506,0.6539561030352169,0.16923021211946743
135.2329482274662,0.0073946476292003,0.6539077150523627,0.16922153121097888
135.2343316847371,0.007394571981405093,0.6538593127353735,0.16921285104496767
135.23571517031428,0.0073944963336098875,0.653810896098122,0.16920417162283954
135.23709868419866,0.007394420685814682,0.6537624651544599,0.16919549294599825
135.2384822263911,0.007394345038019475,0.6537140199182275,0.169186815015846
135.23986579689247,0.007394269390224269,0.6536655604032549,0.16917813783378388
135.24124939570362,0.007394193742429063,0.6536170866233716,0.16916946140121128
135.24263302282546,0.007394118094633856,0.6535685985924293,0.16916078571952564
135.24401667825882,0.00739404244683865,0.653520096324247,0.16915211079012354
135.24540036200457,0.007393966799043444,0.6534715798326117,0.16914343661439976
135.24678407406358,0.007393891151248238,0.6534230491313854,0.16913476319374723
135.24816781443678,0.007393815503453032,0.6533745042343552,0.16912609052955796
135.24955158312497,0.007393739855657826,0.6533259451553185,0.1691174186232219
135.25093538012902,0.00739366420786262,0.6532773719080626,0.16910874747612817
135.25231920544985,0.007393588560067413,0.6532287845064708,0.16910007708966313
135.25370305908825,0.007393512912272207,0.6531801829642335,0.169091407465213
135.25508694104516,0.007393437264477001,0.6531315672951807,0.16908273860416173
135.25647085132147,0.007393361616681794,0.6530829375131101,0.16907407050789167
135.25785478991796,0.0073932859688865885,0.6530342936317441,0.16906540317778443
135.25923875683554,0.0073932103210913825,0.6529856356649127,0.1690567366152189
135.2606227520751,0.007393134673296176,0.65293696362636,0.16904807082157358
135.26200677563747,0.00739305902550097,0.6528882775298407,0.1690394057982247
135.26339082752355,0.007392983377705764,0.6528395773891202,0.1690307415465479
135.26477490773422,0.007392907729910558,0.6527908632179642,0.16902207806791572
135.26615901627034,0.007392832082115351,0.6527421350301166,0.16901341536370104
135.26754315313275,0.007392756434320145,0.6526933928393001,0.16900475343527377
135.26892731832234,0.007392680786524939,0.6526446366592692,0.16899609228400284
135.27031151184,0.007392605138729733,0.6525958665037898,0.1689874319112563
135.27169573368656,0.007392529490934527,0.652547082386509,0.1689787723183995
135.27307998386289,0.007392453843139321,0.6524982843212463,0.16897011350679722
135.27446426236992,0.007392378195344114,0.6524494723216704,0.1689614554778121
135.27584856920845,0.007392302547548908,0.6524006464014825,0.16895279823280587
135.2772329043794,0.007392226899753702,0.652351806574448,0.16894414177313846
135.27861726788362,0.007392151251958495,0.6523029528542146,0.1689354861001679
135.28000165972196,0.007392075604163289,0.6522540852545154,0.1689268312152516
135.2813860798953,0.0073919999563680835,0.6522052037890195,0.1689181771197449
135.28277052840457,0.007391924308572877,0.652156308471503,0.16890952381500138
135.28415500525054,0.007391848660777671,0.6521073993155276,0.16890087130237408
135.28553951043412,0.007391773012982465,0.6520584763348696,0.16889221958321343
135.28692404395622,0.007391697365187259,0.6520095395431655,0.16888356865886905
135.2883086058177,0.007391621717392052,0.6519605889540953,0.1688749185306886
135.28969319601936,0.007391546069596846,0.651911624581317,0.16886626920001876
135.29107781456213,0.00739147042180164,0.6518626464385103,0.1688576206682047
135.29246246144686,0.0073913947740064335,0.6518136545393335,0.1688489729365897
135.29384713667446,0.007391319126211228,0.6517646488974232,0.16884032600651547
135.29523184024575,0.007391243478416022,0.6517156295264378,0.16883167987932282
135.2966165721616,0.007391167830620815,0.6516665964400353,0.16882303455635048
135.29800133242293,0.007391092182825609,0.6516175496518312,0.16881439003893622
135.29938612103058,0.007391016535030403,0.6515684891754943,0.1688057463284157
135.30077093798542,0.007390940887235196,0.651519415024597,0.16879710342612358
135.3021557832883,0.00739086523943999,0.651470327212819,0.16878846133339306
135.30354065694013,0.007390789591644784,0.6514212257537433,0.16877982005155553
135.30492555894176,0.007390713943849578,0.6513721106610174,0.16877117958194082
135.30631048929405,0.007390638296054372,0.6513229819482246,0.1687625399258779
135.3076954479979,0.007390562648259166,0.6512738396289908,0.16875390108469351
135.30908043505414,0.00739048700046396,0.6512246837169098,0.16874526305971352
135.3104654504637,0.007390411352668753,0.651175514225554,0.16873662585226176
135.3118504942274,0.007390335704873547,0.6511263311685815,0.16872798946366108
135.3132355663461,0.007390260057078341,0.6510771345594898,0.16871935389523257
135.31462066682073,0.0073901844092831345,0.6510279244119155,0.16871071914829594
135.3160057956521,0.0073901087614879285,0.6509787007394418,0.16870208522416968
135.31739095284112,0.007390033113692723,0.6509294635556194,0.16869345212417006
135.31877613838867,0.007389957465897516,0.6508802128740209,0.1686848198496122
135.32016135229557,0.00738988181810231,0.6508309487082293,0.16867618840181028
135.32154659456273,0.007389806170307104,0.6507816710717742,0.1686675577820765
135.32293186519104,0.007389730522511897,0.6507323799782063,0.16865892799172172
135.3243171641813,0.007389654874716691,0.6506830754411089,0.16865029903205508
135.32570249153443,0.007389579226921485,0.6506337574740113,0.1686416709043846
135.32708784725133,0.007389503579126279,0.6505844260904324,0.16863304361001655
135.3284732313328,0.007389427931331073,0.6505350813039337,0.16862441715025606
135.32985864377974,0.007389352283535867,0.6504857231280018,0.16861579152640652
135.33124408459307,0.007389276635740661,0.6504363515762198,0.16860716673976994
135.3326295537736,0.007389200987945454,0.650386966662085,0.1685985427916466
135.3340150513222,0.007389125340150248,0.6503375683990946,0.1685899196833359
135.33540057723977,0.007389049692355042,0.6502881568007781,0.1685812974161353
135.3367861315272,0.007388974044559835,0.6502387318806543,0.1685726759913408
135.3381717141853,0.0073888983967646295,0.6501892936521988,0.16856405541024733
135.339557325215,0.0073888227489694236,0.6501398421288876,0.16855543567414794
135.34094296461714,0.007388747101174217,0.650090377324261,0.1685468167843341
135.3423286323926,0.007388671453379011,0.6500408992518053,0.16853819874209675
135.34371432854226,0.007388595805583805,0.649991407924975,0.16852958154872416
135.34510005306697,0.007388520157788598,0.6499419033572458,0.16852096520550375
135.3464858059676,0.007388444509993392,0.6498923855621043,0.16851234971372153
135.34787158724507,0.007388368862198186,0.649842854553037,0.16850373507466193
135.34925739690019,0.00738829321440298,0.6497933103434662,0.16849512128960775
135.35064323493387,0.007388217566607774,0.6497437529468676,0.1684865083598409
135.35202910134694,0.007388141918812568,0.6496941823767063,0.16847789628664125
135.35341499614034,0.007388066271017362,0.6496445986464046,0.16846928507128706
135.3548009193149,0.007387990623222155,0.6495950017694595,0.16846067471505588
135.35618687087148,0.007387914975426949,0.6495453917592504,0.16845206521922357
135.35757285081098,0.007387839327631743,0.6494957686292425,0.16844345658506377
135.35895885913425,0.007387763679836536,0.6494461323928685,0.16843484881384982
135.36034489584216,0.00738768803204133,0.6493964830635507,0.16842624190685287
135.3617309609356,0.0073876123842461245,0.6493468206546897,0.16841763586534272
135.36311705441545,0.007387536736450918,0.6492971451797185,0.16840903069058796
135.36450317628257,0.007387461088655712,0.6492474566520271,0.16840042638385577
135.36588932653783,0.007387385440860506,0.6491977550850697,0.16839182294641158
135.36727550518208,0.007387309793065299,0.649148040492215,0.16838322037951906
135.36866171221624,0.007387234145270093,0.6490983128868635,0.16837461868444142
135.37004794764113,0.007387158497474887,0.6490485722824054,0.16836601786243968
135.37143421145763,0.007387082849679681,0.6489988186922199,0.16835741791477357
135.37282050366667,0.0073870072018844745,0.6489490521297075,0.16834881884270161
135.37420682426907,0.007386931554089269,0.6488992726082371,0.1683402206474805
135.3755931732657,0.007386855906294063,0.6488494801411662,0.16833162333036567
135.3769795506575,0.007386780258498856,0.648799674741917,0.16832302689261117
135.37836595644524,0.00738670461070365,0.648749856423783,0.16831443133546978
135.37975239062985,0.007386628962908444,0.6487000252001756,0.16830583666019222
135.38113885321218,0.007386553315113237,0.648650181084399,0.16829724286802855
135.38252534419314,0.007386477667318031,0.6486003240898645,0.16828864996022674
135.38391186357356,0.0073864020195228254,0.6485504542298764,0.16828005793803363
135.38529841135437,0.007386326371727619,0.648500571517771,0.16827146680269467
135.38668498753637,0.007386250723932413,0.6484506759668953,0.1682628765554543
135.38807159212047,0.007386175076137207,0.648400767590575,0.1682542871975542
135.38945822510755,0.007386099428342,0.648350846402157,0.1682456987302359
135.39084488649846,0.007386023780546794,0.6483009124149242,0.16823711115473894
135.3922315762941,0.007385948132751588,0.6482509656422343,0.16822852447230172
135.39361829449533,0.007385872484956382,0.6482010060973699,0.16821993868416088
135.39500504110302,0.0073857968371611755,0.6481510337936353,0.1682113537915514
135.396391816118,0.0073857211893659696,0.6481010487443452,0.168202769795708
135.39777861954124,0.007385645541570764,0.6480510509628253,0.1681941866978627
135.39916545137356,0.007385569893775557,0.6480010404622834,0.16818560449924638
135.4005523116158,0.007385494245980351,0.6479510172560983,0.16817702320108904
135.40193920026888,0.007385418598185145,0.647900981357478,0.168168442804619
135.40332611733368,0.007385342950389938,0.64785093277978,0.1681598633110624
135.40471306281103,0.007385267302594732,0.6478008715362228,0.1681512847216454
135.40610003670182,0.007385191654799526,0.6477507976400568,0.1681427070375915
135.40748703900692,0.00738511600700432,0.6477007111046077,0.1681341302601233
135.40887406972723,0.007385040359209114,0.6476506119430937,0.1681255543904619
135.4102611288636,0.007384964711413908,0.6476005001687654,0.1681169794298271
135.41164821641692,0.007384889063618701,0.6475503757949055,0.16810840537943705
135.41303533238803,0.007384813415823495,0.6475002388347322,0.16809983224050873
135.41442247677782,0.007384737768028289,0.647450089301496,0.16809126001425706
135.41580964958717,0.007384662120233083,0.6473999272084153,0.168082688701897
135.41719685081696,0.007384586472437876,0.64734975256873,0.16807411830464034
135.41858408046807,0.0073845108246426705,0.6472995653956688,0.16806554882369837
135.41997133854133,0.007384435176847465,0.6472493657024825,0.1680569802602812
135.42135862503767,0.007384359529052258,0.6471991535023462,0.16804841261559697
135.4227459399579,0.007384283881257052,0.6471489288085002,0.16803984589085252
135.42413328330295,0.007384208233461846,0.6470986916341193,0.16803128008725335
135.42552065507368,0.007384132585666639,0.6470484419924007,0.1680227152060039
135.42690805527093,0.007384056937871433,0.646998179896584,0.16801415124830643
135.4282954838956,0.007383981290076227,0.6469479053598663,0.1680055882153629
135.4296829409486,0.0073839056422810205,0.6468976183953906,0.16799702610837203
135.43107042643072,0.007383829994485815,0.6468473190163431,0.1679884649285335
135.4324579403429,0.007383754346690609,0.6467970072359313,0.16797990467704388
135.433845482686,0.007383678698895403,0.6467466830673414,0.16797134535509864
135.4352330534609,0.007383603051100196,0.6466963465236951,0.16796278696389227
135.43662065266844,0.00738352740330499,0.646645997618168,0.16795422950461739
135.43800828030953,0.007383451755509784,0.6465956363639567,0.16794567297846583
135.439395936385,0.007383376107714577,0.646545262774183,0.1679371173866272
135.4407836208958,0.0073833004599193714,0.6464948768620223,0.1679285627302905
135.44217133384274,0.0073832248121241655,0.6464444786405966,0.16792000901064288
135.44355907522672,0.007383149164328959,0.6463940681230274,0.16791145622886994
135.44494684504858,0.007383073516533753,0.6463436453225114,0.16790290438615652
135.44633464330923,0.007382997868738547,0.6462932102521278,0.16789435348368498
135.44772247000955,0.00738292222094334,0.6462427629250197,0.1678858035226376
135.44911032515037,0.007382846573148134,0.6461923033543087,0.1678772545041945
135.4504982087326,0.007382770925352928,0.6461418315531274,0.16786870642953416
135.45188612075714,0.0073826952775577215,0.6460913475345653,0.16786015929983425
135.4532740612248,0.0073826196297625156,0.6460408513117658,0.167851613116271
135.4546620301365,0.00738254398196731,0.6459903428977646,0.16784306788001888
135.4560500274931,0.007382468334172104,0.6459398223057157,0.16783452359225112
135.45743805329548,0.007382392686376897,0.6458892895486872,0.16782598025413933
135.45882610754447,0.007382317038581691,0.6458387446398116,0.16781743786685446
135.460214190241,0.007382241390786485,0.6457881875921033,0.16780889643156535
135.46160230138597,0.007382165742991278,0.6457376184186843,0.16780035594943965
135.46299044098018,0.007382090095196072,0.6456870371326331,0.1677918164216439
135.46437860902452,0.0073820144474008665,0.6456364437469965,0.1677832778493428
135.46576680551993,0.00738193879960566,0.6455858382748426,0.16777474023369973
135.4671550304672,0.007381863151810454,0.6455352207292611,0.16776620357587713
135.46854328386726,0.007381787504015248,0.6454845911232876,0.16775766787703564
135.46993156572097,0.007381711856220041,0.6454339494699476,0.16774913313833434
135.47131987602918,0.007381636208424835,0.6453832957823197,0.16774059936093133
135.4727082147928,0.007381560560629629,0.6453326300734722,0.1677320665459834
135.4740965820127,0.007381484912834422,0.6452819523563872,0.16772353469464582
135.47548497768972,0.0073814092650392165,0.6452312626441008,0.16771500380807217
135.47687340182475,0.007381333617244011,0.6451805609496702,0.16770647388741491
135.4782618544187,0.007381257969448805,0.6451298472860992,0.16769794493382528
135.47965033547243,0.007381182321653598,0.6450791216664131,0.16768941694845244
135.48103884498678,0.007381106673858392,0.6450283841036262,0.1676808899324452
135.48242738296267,0.007381031026063186,0.6449776346107315,0.1676723638869505
135.48381594940096,0.007380955378267979,0.6449268732007651,0.1676638388131133
135.4852045443025,0.007380879730472773,0.6448760998866877,0.16765531471207842
135.4865931676682,0.007380804082677567,0.6448253146815137,0.16764679158498827
135.4879818194989,0.007380728434882361,0.6447745175982255,0.16763826943298415
135.48937049979554,0.007380652787087155,0.6447237086498159,0.1676297482572065
135.4907592085589,0.007380577139291949,0.6446728878492566,0.1676212280587938
135.49214794578995,0.007380501491496742,0.6446220552095513,0.16761270883888307
135.4935367114895,0.007380425843701536,0.6445712107436287,0.16760419059861037
135.49492550565844,0.00738035019590633,0.644520354464471,0.1675956733391104
135.4963143282977,0.007380274548111123,0.6444694863850604,0.1675871570615162
135.49770317940806,0.0073801989003159174,0.6444186065183257,0.1675786417669594
135.49909205899047,0.0073801232525207115,0.6443677148772275,0.16757012745657093
135.50048096704575,0.007380047604725506,0.6443168114746839,0.16756161413147913
135.50186990357486,0.007379971956930299,0.6442658963237092,0.167553101792812
135.50325886857857,0.007379896309135093,0.6442149694371678,0.167544590441696
135.50464786205782,0.007379820661339887,0.644164030828042,0.16753608007925583
135.50603688401347,0.00737974501354468,0.6441130805092388,0.16752757070661523
135.50742593444642,0.007379669365749474,0.644062118493676,0.16751906232489644
135.5088150133575,0.007379593717954268,0.6440111447942826,0.16751055493522
135.51020412074763,0.0073795180701590616,0.6439601594239869,0.16750204853870582
135.51159325661763,0.007379442422363856,0.6439091623956318,0.16749354313647158
135.51298242096843,0.00737936677456865,0.6438581537222319,0.16748503872963452
135.5143716138009,0.007379291126773443,0.6438071334166083,0.16747653531930956
135.5157608351159,0.007379215478978237,0.6437561014916791,0.16746803290661105
135.5171500849143,0.007379139831183031,0.6437050579603191,0.1674595314926515
135.518539363197,0.007379064183387825,0.6436540028354463,0.16745103107854226
135.51992866996486,0.007378988535592618,0.6436029361299035,0.16744253166539325
135.52131800521872,0.0073789128877974125,0.6435518578565871,0.16743403325431314
135.52270736895952,0.0073788372400022065,0.6435007680283614,0.1674255358464092
135.52409676118813,0.007378761592207,0.6434496666581013,0.16741703944278732
135.52548618190536,0.007378685944411794,0.6433985537586819,0.16740854404455155
135.52687563111218,0.007378610296616588,0.6433474293429459,0.16740004965280564
135.5282651088094,0.007378534648821381,0.6432962934237254,0.16739155626865135
135.5296546149979,0.007378459001026175,0.643245146013906,0.16738306389318863
135.5310441496786,0.007378383353230969,0.6431939871262986,0.16737457252751703
135.5324337128523,0.0073783077054357625,0.6431428167737994,0.16736608217273433
135.53382330451998,0.007378232057640557,0.6430916349691546,0.16735759282993662
135.5352129246824,0.007378156409845351,0.6430404417252608,0.1673491045002192
135.53660257334056,0.007378080762050144,0.6429892370549284,0.16734061718467563
135.53799225049525,0.007378005114254938,0.6429380209709574,0.1673321308843982
135.53938195614734,0.007377929466459732,0.6428867934861799,0.16732364560047835
135.54077169029776,0.007377853818664526,0.6428355546133959,0.16731516133400529
135.54216145294737,0.007377778170869319,0.6427843043654264,0.16730667808606708
135.54355124409702,0.007377702523074113,0.6427330427550608,0.1672981958577514
135.54494106374761,0.0073776268752789075,0.6426817697951096,0.16728971465014336
135.54633091190004,0.007377551227483701,0.6426304854983621,0.16728123446432727
135.54772078855513,0.007377475579688495,0.642579189877575,0.16727275530138608
135.5491106937138,0.007377399931893289,0.6425278829455913,0.16726427716240144
135.55050062737692,0.007377324284098082,0.6424765647151249,0.1672558000484534
135.55189058954534,0.007377248636302876,0.6424252351989651,0.1672473239606212
135.55328058021996,0.00737717298850767,0.6423738944099118,0.1672388488999822
135.55467059940167,0.0073770973407124634,0.6423225423606788,0.16723037486761236
135.55606064709133,0.0073770216929172575,0.6422711790640662,0.16722190186458671
135.55745072328978,0.007376946045122052,0.642219804532863,0.1672134298919791
135.55884082799795,0.007376870397326846,0.6421684187796975,0.16720495895086127
135.56023096121675,0.007376794749531639,0.6421170218174233,0.16719648904230408
135.56162112294697,0.007376719101736433,0.6420656136587543,0.1671880201673773
135.56301131318952,0.007376643453941227,0.6420141943163937,0.1671795523271489
135.56440153194532,0.00737656780614602,0.6419627638031202,0.16717108552268578
135.56579177921517,0.007376492158350814,0.6419113221316264,0.16716261975505392
135.567182055,0.007376416510555608,0.6418598693146476,0.16715415502531653
135.5685723593007,0.007376340862760402,0.6418084053648978,0.16714569133453705
135.56996269211808,0.007376265214965196,0.6417569302950699,0.1671372286837769
135.5713530534531,0.00737618956716999,0.641705444117899,0.16712876707409613
135.5727434433066,0.007376113919374783,0.6416539468460887,0.16712030650655377
135.5741338616794,0.007376038271579577,0.6416024384923208,0.16711184698220696
135.57552430857248,0.007375962623784371,0.6415509190692986,0.16710338850211248
135.57691478398667,0.007375886975989164,0.6414993885896825,0.16709493106732462
135.57830528792283,0.0073758113281939585,0.6414478470661972,0.167086474678897
135.57969582038186,0.0073757356803987525,0.6413962945115138,0.16707801933788188
135.58108638136463,0.007375660032603546,0.6413447309382823,0.1670695650453302
135.58247697087202,0.00737558438480834,0.6412931563591948,0.16706111180229113
135.5838675889049,0.007375508737013134,0.641241570786912,0.16705265960981344
135.58525823546418,0.007375433089217928,0.6411899742340944,0.16704420846894366
135.5866489105507,0.007375357441422721,0.6411383667134021,0.16703575838072707
135.58803961416535,0.007375281793627515,0.6410867482374527,0.16702730934620846
135.589430346309,0.007375206145832309,0.6410351188189388,0.1670188613664305
135.59082110698256,0.007375130498037103,0.640983478470478,0.16701041444243467
135.59221189618688,0.007375054850241897,0.6409318272047305,0.1670019685752614
135.59360271392282,0.007374979202446691,0.6408801650342925,0.16699352376594945
135.5949935601913,0.007374903554651484,0.6408284919718241,0.16698508001553639
135.59638443499318,0.007374827906856278,0.640776808029911,0.1669766373250586
135.59777533832934,0.007374752259061072,0.6407251132212025,0.16696819569555138
135.59916627020067,0.007374676611265865,0.6406734075583379,0.1669597551280479
135.600557230608,0.007374600963470659,0.6406216910538592,0.16695131562358054
135.60194821955224,0.0073745253156754535,0.6405699637204378,0.1669428771831807
135.60333923703428,0.007374449667880248,0.640518225570616,0.16693443980787778
135.604730283055,0.007374374020085041,0.6404664766170327,0.1669260034987001
135.60612135761525,0.007374298372289835,0.6404147168722196,0.16691756825667503
135.60751246071592,0.007374222724494629,0.6403629463488478,0.16690913408282804
135.60890359235793,0.007374147076699422,0.6403111650594382,0.16690070097818352
135.6102947525421,0.007374071428904216,0.6402593730165869,0.166892268943765
135.61168594126931,0.00737399578110901,0.6402075702328469,0.16688383798059397
135.61307715854048,0.0073739201333138035,0.6401557567208144,0.16687540808969112
135.61446840435647,0.007373844485518598,0.640103932493053,0.16686697927207528
135.61585967871812,0.007373768837723392,0.6400520975620729,0.16685855152876464
135.6172509816264,0.007373693189928185,0.6400002519404812,0.1668501248607758
135.6186423130821,0.007373617542132979,0.6399483956407876,0.16684169926912398
135.6200336730861,0.007373541894337773,0.6398965286755671,0.166833274754823
135.62142506163937,0.007373466246542566,0.6398446510573511,0.1668248513188856
135.6228164787427,0.00737339059874736,0.6397927627986498,0.1668164289623228
135.62420792439698,0.007373314950952154,0.6397408639120165,0.16680800768614507
135.62559939860313,0.0073732393031569485,0.6396889544099718,0.16679958749136134
135.626990901362,0.007373163655361742,0.6396370343050368,0.16679116837897828
135.62838243267447,0.007373088007566536,0.6395851036097325,0.16678275035000253
135.62977399254143,0.00737301235977133,0.6395331623365476,0.16677433340543862
135.63116558096374,0.007372936711976123,0.6394812104980028,0.16676591754629025
135.6325571979423,0.007372861064180917,0.6394292481066086,0.16675750277355952
135.63394884347798,0.007372785416385711,0.6393772751748428,0.16674908908824737
135.63534051757165,0.0073727097685905045,0.6393252917152263,0.16674067649135324
135.6367322202242,0.0073726341207952985,0.6392732977402372,0.16673226498387592
135.6381239514365,0.007372558473000093,0.6392212932623321,0.16672385456681163
135.63951571120947,0.007372482825204886,0.6391692782940104,0.16671544524115658
135.6409074995439,0.00737240717740968,0.6391172528477715,0.16670703700790512
135.64229931644076,0.007372331529614474,0.6390652169360506,0.1666986298680503
135.64369116190088,0.007372255881819268,0.6390131705713148,0.16669022382258358
135.64508303592515,0.007372180234024061,0.6389611137660207,0.16668181887249617
135.64647493851447,0.007372104586228855,0.638909046532625,0.16667341501877678
135.64786686966968,0.0073720289384336495,0.6388569688836163,0.1666650122624133
135.6492588293917,0.007371953290638443,0.6388048808313868,0.1666566106043923
135.65065081768137,0.007371877642843237,0.6387527823884251,0.16664821004569957
135.6520428345396,0.007371801995048031,0.638700673567113,0.16663981058731872
135.65343487996728,0.007371726347252824,0.6386485543799388,0.1666314122302325
135.65482695396523,0.007371650699457618,0.6385964248392842,0.16662301497542245
135.65621905653438,0.007371575051662412,0.6385442849576272,0.16661461882386877
135.65761118767563,0.007371499403867205,0.6384921347473277,0.16660622377655013
135.65900334738978,0.0073714237560719995,0.6384399742208208,0.16659782983444432
135.6603955356778,0.007371348108276794,0.6383878033905308,0.16658943699852738
135.6617877525405,0.007371272460481587,0.6383356222688608,0.16658104526977446
135.66317999797877,0.007371196812686381,0.638283430868149,0.1665726546491591
135.66457227199353,0.007371121164891175,0.6382312292008844,0.1665642651376538
135.66596457458564,0.007371045517095968,0.6381790172794054,0.16655587673622968
135.66735690575598,0.007370969869300762,0.638126795116115,0.16654748944585673
135.6687492655054,0.007370894221505556,0.6380745627233517,0.16653910326750318
135.67014165383483,0.00737081857371035,0.6380223201135398,0.16653071820213655
135.6715340707451,0.007370742925915144,0.6379700672990607,0.16652233425072255
135.67292651623714,0.007370667278119938,0.6379178042922209,0.16651395141422612
135.6743189903118,0.007370591630324732,0.6378655311054553,0.16650556969361044
135.67571149296998,0.007370515982529525,0.6378132477510595,0.166497189089838
135.67710402421253,0.007370440334734319,0.6377609542414366,0.16648880960386903
135.67849658404035,0.007370364686939113,0.6377086505888929,0.16648043123666378
135.67988917245432,0.007370289039143906,0.6376563368058097,0.1664720539891801
135.68128178945528,0.0073702133913487,0.6376040129044505,0.16646367786237498
135.6826744350442,0.0073701377435534945,0.637551678897261,0.16645530285720447
135.68406710922187,0.007370062095758288,0.6374993347965048,0.1664469289746225
135.68545981198923,0.007369986447963082,0.6374469806145203,0.16643855621558265
135.68685254334713,0.007369910800167876,0.6373946163636461,0.16643018458103673
135.68824530329644,0.00736983515237267,0.6373422420561671,0.16642181407193501
135.6896380918381,0.007369759504577463,0.6372898577044002,0.1664134446892272
135.69103090897292,0.007369683856782257,0.6372374633206733,0.166405076433861
135.6924237547018,0.007369608208987051,0.6371850589172714,0.16639670930678377
135.69381662902566,0.0073695325611918445,0.6371326445065006,0.16638834330894012
135.69520953194532,0.007369456913396639,0.6370802201006353,0.16637997844127503
135.69660246346172,0.007369381265601433,0.6370277857119923,0.1663716147047313
135.69799542357572,0.007369305617806226,0.636975341352846,0.16636325210025021
135.69938841228816,0.00736922997001102,0.6369228870354595,0.1663548906287725
135.70078142959997,0.007369154322215814,0.6368704227721395,0.16634653029123722
135.702174475512,0.007369078674420607,0.636817948575117,0.1663381710885824
135.70356755002516,0.007369003026625401,0.6367654644566985,0.1663298130217442
135.70496065314032,0.0073689273788301955,0.6367129704291044,0.16632145609165838
135.70635378485835,0.007368851731034989,0.636660466504598,0.16631310029925858
135.70774694518013,0.007368776083239783,0.6366079526954643,0.16630474564547787
135.70914013410655,0.007368700435444577,0.6365554290139561,0.16629639213124778
135.71053335163847,0.007368624787649371,0.6365028954722508,0.1662880397574983
135.71192659777685,0.007368549139854164,0.6364503520826228,0.16627968852515854
135.71331987252248,0.007368473492058958,0.6363977988573352,0.16627133843515612
135.71471317587626,0.007368397844263752,0.636345235808555,0.16626298948841772
135.7161065078391,0.0073683221964685455,0.6362926629485671,0.16625464168586812
135.71749986841183,0.00736824654867334,0.6362400802895384,0.16624629502843155
135.7188932575954,0.007368170900878134,0.6361874878437,0.1662379495170307
135.72028667539067,0.007368095253082927,0.6361348856232832,0.1662296051525864
135.7216801217985,0.007368019605287721,0.6360822736404764,0.16622126193601938
135.72307359681975,0.007367943957492515,0.6360296519075215,0.16621291986824818
135.72446710045537,0.007367868309697308,0.6359770204365316,0.16620457895019064
135.72586063270617,0.007367792661902102,0.6359243792397595,0.1661962391827629
135.7272541935731,0.007367717014106896,0.6358717283293721,0.16618790056687993
135.72864778305697,0.0073676413663116905,0.6358190677175576,0.16617956310345555
135.73004140115873,0.007367565718516484,0.6357663974164937,0.16617122679340254
135.7314350478792,0.007367490070721278,0.6357137174383471,0.166162891637632
135.73282872321928,0.007367414422926072,0.6356610277953063,0.16615455763705392
135.7342224271799,0.007367338775130865,0.6356083284995059,0.16614622479257726
135.7356161597619,0.007367263127335659,0.6355556195631449,0.16613789310510932
135.73700992096613,0.007367187479540453,0.6355029009983258,0.1661295625755565
135.73840371079353,0.007367111831745246,0.6354501728172369,0.1661212332048239
135.73979752924498,0.0073670361839500405,0.635397435032013,0.16611290499381484
135.7411913763213,0.007366960536154835,0.6353446876547993,0.1661045779434322
135.74258525202345,0.007366884888359628,0.6352919306977414,0.16609625205457704
135.74397915635225,0.007366809240564422,0.6352391641729308,0.16608792732814925
135.7453730893086,0.007366733592769216,0.6351863880925454,0.16607960376504805
135.74676705089342,0.007366657944974009,0.6351336024686659,0.16607128136617008
135.74816104110752,0.007366582297178803,0.6350808073134594,0.1660629601324124
135.74955505995183,0.007366506649383597,0.6350280026389854,0.1660546400646694
135.75094910742726,0.0073664310015883906,0.6349751884573892,0.16604632116383514
135.75234318353463,0.007366355353793185,0.6349223647807735,0.1660380034308019
135.75373728827483,0.007366279705997979,0.6348695316212191,0.16602968686646083
135.75513142164877,0.007366204058202773,0.6348166889908178,0.1660213714717022
135.75652558365735,0.007366128410407566,0.6347638369016722,0.16601305724741425
135.7579197743014,0.00736605276261236,0.6347109753658846,0.166004744194485
135.75931399358183,0.007365977114817154,0.6346581043955255,0.16599643231380015
135.76070824149954,0.007365901467021947,0.6346052240026329,0.16598812160624515
135.76210251805537,0.0073658258192267415,0.6345523341993521,0.16597981207270315
135.76349682325022,0.0073657501714315355,0.6344994349976892,0.1659715037140573
135.764891157085,0.007365674523636329,0.6344465264097574,0.16596319653118816
135.76628551956054,0.007365598875841123,0.6343936084475624,0.16595489052497636
135.76767991067774,0.007365523228045917,0.6343406811231855,0.1659465856963001
135.76907433043755,0.00736544758025071,0.6342877444486754,0.1659382820460372
135.77046877884075,0.007365371932455504,0.6342347984360702,0.16592997957506392
135.7718632558883,0.007365296284660298,0.6341818430974511,0.1659216782842552
135.773257761581,0.007365220636865092,0.6341288784447807,0.16591337817448484
135.77465229591982,0.007365144989069886,0.6340759044901512,0.1659050792466251
135.7760468589056,0.00736506934127468,0.6340229212455468,0.1658967815015477
135.77744145053924,0.007364993693479474,0.6339699287230378,0.16588848494012204
135.77883607082163,0.007364918045684267,0.6339169269345873,0.1658801895632181
135.7802307197536,0.007364842397889061,0.6338639158922442,0.16587189537170216
135.78162539733606,0.007364766750093855,0.6338108956079928,0.1658636023664411
135.78302010356992,0.007364691102298648,0.6337578660938713,0.16585531054830024
135.78441483845606,0.007364615454503442,0.6337048273618533,0.16584701991814318
135.7858096019953,0.0073645398067082365,0.6336517794239235,0.16583873047683234
135.78720439418862,0.00736446415891303,0.6335987222920876,0.1658304422252294
135.78859921503684,0.007364388511117824,0.6335456559783301,0.1658221551641944
135.78999406454085,0.007364312863322618,0.6334925804946463,0.1658138692945864
135.79138894270153,0.007364237215527411,0.6334394958529884,0.16580558461726258
135.79278384951976,0.007364161567732205,0.6333864020653409,0.16579730113308
135.79417878499646,0.007364085919936999,0.6333332991436453,0.16578901884289352
135.79557374913247,0.007364010272141793,0.6332801870999183,0.1657807377475573
135.7969687419287,0.0073639346243465865,0.6332270659460906,0.16577245784792358
135.79836376338605,0.007363858976551381,0.6331739356940717,0.16576417914484437
135.79975881350535,0.007363783328756175,0.6331207963558781,0.16575590163916984
135.80115389228752,0.007363707680960968,0.6330676479434408,0.1657476253317488
135.8025489997334,0.007363632033165762,0.6330144904686799,0.16573935022342942
135.80394413584395,0.007363556385370556,0.6329613239435152,0.16573107631505818
135.80533930062,0.007363480737575349,0.6329081483799206,0.16572280360747996
135.80673449406245,0.007363405089780143,0.6328549637897627,0.16571453210153947
135.80812971617217,0.007363329441984937,0.6328017701850365,0.16570626179807935
135.80952496695005,0.007363253794189731,0.6327485675776083,0.1656979926979412
135.810920246397,0.007363178146394525,0.6326953559794201,0.1656897248019655
135.81231555451384,0.007363102498599319,0.6326421354023808,0.16568145811099172
135.8137108913015,0.007363026850804113,0.6325889058583356,0.16567319262585742
135.81510625676088,0.007362951203008906,0.6325356673592475,0.16566492834739932
135.81650165089283,0.0073628755552137,0.6324824199170044,0.1656566652764535
135.81789707369825,0.007362799907418494,0.6324291635434619,0.1656484034138538
135.819292525178,0.0073627242596232875,0.6323758982505295,0.1656401427604334
135.820688005333,0.0073626486118280815,0.6323226240501058,0.165631883317024
135.82208351416412,0.007362572964032876,0.632269340954025,0.16562362508445652
135.82347905167222,0.007362497316237669,0.6322160489741965,0.16561536806356014
135.8248746178582,0.007362421668442463,0.6321627481224544,0.16560711225516325
135.82627021272296,0.007362346020647257,0.6321094384106761,0.1655988576600925
135.82766583626739,0.00736227037285205,0.6320561198507173,0.16559060427917388
135.82906148849233,0.007362194725056844,0.6320027924544336,0.16558235211323216
135.8304571693987,0.007362119077261638,0.6319494562337128,0.1655741011630898
135.83185287898738,0.007362043429466432,0.6318961112003143,0.16556585142956975
135.83324861725922,0.007361967781671226,0.6318427573661687,0.16555760291349245
135.83464438421515,0.00736189213387602,0.6317893947430567,0.16554935561567738
135.83604017985604,0.007361816486080814,0.6317360233428126,0.16554110953694331
135.83743600418276,0.007361740838285607,0.6316826431772706,0.16553286467810713
135.83883185719623,0.007361665190490401,0.631629254258265,0.16552462103998533
135.84022773889728,0.007361589542695195,0.6315758565975979,0.1655163786233921
135.84162364928684,0.007361513894899988,0.6315224502070819,0.16550813742914097
135.8430195883658,0.0073614382471047825,0.6314690350985084,0.16549989745804475
135.84441555613498,0.0073613625993095766,0.6314156112837654,0.16549165871091454
135.84581155259534,0.00736128695151437,0.6313621787745369,0.16548342118855966
135.8472075777477,0.007361211303719164,0.6313087375826787,0.16547518489178945
135.848603631593,0.007361135655923958,0.6312552877199821,0.16546694982141094
135.84999971413208,0.007361060008128751,0.631201829198249,0.16545871597823042
135.85139582536587,0.007360984360333545,0.631148362029185,0.16545048336305335
135.8527919652952,0.007360908712538339,0.6310948862246244,0.16544225197668316
135.854188133921,0.0073608330647431325,0.6310414017963585,0.16543402181992242
135.85558433124416,0.007360757416947927,0.6309879087561143,0.16542579289357312
135.85698055726553,0.007360681769152721,0.6309344071156938,0.16541756519843473
135.858376811986,0.007360606121357515,0.6308808968868134,0.16540933873530667
135.8597730954065,0.007360530473562308,0.6308273780812428,0.16540111350498643
135.86116940752783,0.007360454825767102,0.6307738507107303,0.16539288950827094
135.86256574835093,0.007360379177971896,0.6307203147870247,0.16538466674595526
135.86396211787672,0.007360303530176689,0.6306667703218635,0.16537644521883363
135.865358516106,0.007360227882381483,0.6306132173269842,0.165368224927699
135.86675494303972,0.0073601522345862775,0.6305596558141462,0.16536000587334335
135.86815139867875,0.007360076586791071,0.6305060857950228,0.16535178805655668
135.86954788302396,0.007360000938995865,0.6304525072813838,0.16534357147812873
135.87094439607625,0.007359925291200659,0.6303989202849132,0.16533535613884756
135.8723409378365,0.007359849643405452,0.6303453248173487,0.16532714203949983
135.8737375083056,0.007359773995610246,0.630291720890396,0.1653189291808716
135.8751341074844,0.00735969834781504,0.630238108515739,0.1653107175637472
135.87653073537385,0.0073596227000198335,0.6301844877050938,0.16530250718890974
135.8779273919748,0.0073595470522246275,0.6301308584701663,0.16529429805714152
135.8793240772881,0.007359471404429422,0.6300772208226185,0.1652860901692235
135.8807207913147,0.007359395756634216,0.6300235747741887,0.1652778835259356
135.88211753405545,0.007359320108839009,0.6299699203364961,0.16526967812805543
135.88351430551126,0.007359244461043803,0.6299162575212572,0.16526147397636085
135.88491110568296,0.007359168813248597,0.6298625863401238,0.16525327107162838
135.8863079345715,0.00735909316545339,0.6298089068048013,0.165245069414632
135.88770479217774,0.007359017517658184,0.6297552189269096,0.16523686900614576
135.88910167850256,0.0073589418698629784,0.6297015227181217,0.16522866984694223
135.89049859354685,0.007358866222067772,0.6296478181901219,0.16522047193779266
135.8918955373115,0.007358790574272566,0.6295941053545299,0.16521227527946725
135.8932925097974,0.00735871492647736,0.6295403842229865,0.16520407987273472
135.89468951100542,0.007358639278682153,0.6294866548071546,0.16519588571836252
135.89608654093644,0.007358563630886947,0.6294329171186752,0.16518769281711768
135.89748359959137,0.007358487983091741,0.6293791711691467,0.16517950116976496
135.89888068697107,0.007358412335296535,0.6293254169702528,0.16517131077706898
135.90027780307648,0.0073583366875013285,0.629271654533549,0.16516312163979197
135.9016749479084,0.0073582610397061226,0.6292178838707194,0.16515493375869614
135.90307212146777,0.007358185391910917,0.62916410499333,0.16514674713454178
135.9044693237555,0.00735810974411571,0.6291103179130217,0.16513856176808847
135.90586655477244,0.007358034096320504,0.6290565226414038,0.1651303776600941
135.90726381451947,0.007357958448525298,0.6290027191900421,0.16512219481131532
135.90866110299748,0.007357882800730091,0.6289489075705778,0.16511401322250827
135.91005842020738,0.007357807152934885,0.6288950877945662,0.1651058328944276
135.91145576615003,0.007357731505139679,0.6288412598736054,0.1650976538278262
135.91285314082634,0.007357655857344473,0.6287874238193152,0.16508947602345653
135.91425054423718,0.007357580209549267,0.6287335796432079,0.16508129948206954
135.9156479763834,0.007357504561754061,0.6286797273569033,0.16507312420441453
135.91704543726598,0.007357428913958854,0.6286258669719672,0.16506495019124068
135.91844292688572,0.007357353266163648,0.628571998499955,0.16505677744329533
135.91984044524352,0.007357277618368442,0.6285181219524328,0.1650486059613242
135.9212379923403,0.007357201970573236,0.6284642373409667,0.16504043574607305
135.92263556817696,0.007357126322778029,0.6284103446771118,0.16503226679828473
135.92403317275435,0.0073570506749828235,0.6283564439723912,0.16502409911870258
135.92543080607334,0.007356975027187618,0.6283025352383497,0.16501593270806778
135.92682846813486,0.007356899379392411,0.6282486184865745,0.16500776756712077
135.92822615893976,0.007356823731597205,0.6281946937285244,0.1649996036966005
135.92962387848894,0.007356748083801999,0.6281407609757979,0.1649914410972447
135.93102162678332,0.007356672436006792,0.6280868202398748,0.16498327976979008
135.93241940382373,0.007356596788211586,0.6280328715323213,0.16497511971497233
135.9338172096111,0.00735652114041638,0.6279789148645962,0.1649669609335259
135.9352150441463,0.0073564454926211735,0.6279249502482653,0.1649588034261836
135.9366129074302,0.007356369844825968,0.6278709776947877,0.16495064719367766
135.9380107994637,0.007356294197030762,0.6278169972157076,0.16494249223673843
135.93940872024774,0.007356218549235555,0.6277630088224947,0.16493433855609596
135.94080666978311,0.007356142901440349,0.6277090125266827,0.16492618615247845
135.94220464807077,0.007356067253645143,0.6276550083397303,0.16491803502661315
135.9436026551116,0.007355991605849937,0.6276009962731072,0.16490988517922583
135.94500069090643,0.00735591595805473,0.6275469763383469,0.16490173661104177
135.94639875545622,0.0073558403102595244,0.6274929485468977,0.16489358932278464
135.94779684876178,0.0073557646624643185,0.6274389129102075,0.16488544331517657
135.9491949708241,0.007355689014669112,0.6273848694398101,0.16487729858893907
135.95059312164395,0.007355613366873906,0.6273308181470677,0.16486915514479222
135.9519913012223,0.0073555377190787,0.6272767590435249,0.1648610129834553
135.95338950956003,0.007355462071283493,0.6272226921406081,0.1648528721056453
135.954787746658,0.007355386423488287,0.6271686174497869,0.16484473251207946
135.9561860125171,0.007355310775693081,0.6271145349824664,0.1648365942034733
135.95758430713823,0.0073552351278978745,0.6270604447501053,0.16482845718054062
135.95898263052229,0.0073551594801026686,0.6270063467641623,0.16482032144399467
135.96038098267013,0.007355083832307463,0.6269522410360533,0.1648121869945473
135.96177936358265,0.007355008184512256,0.626898127577194,0.16480405383290914
135.96317777326075,0.00735493253671705,0.6268440063990325,0.16479592195979015
135.96457621170532,0.007354856888921844,0.6267898775129631,0.16478779137589825
135.96597467891723,0.007354781241126638,0.6267357409304016,0.1647796620819405
135.9673731748974,0.007354705593331431,0.6266815966628068,0.1647715340786231
135.96877169964668,0.007354629945536225,0.6266274447215194,0.1647634073666513
135.97017025316597,0.0073545542977410195,0.6265732851179981,0.16475528194672792
135.9715688354562,0.007354478649945813,0.626519117863573,0.16474715781955604
135.97296744651817,0.007354403002150607,0.6264649429697026,0.16473903498583703
135.97436608635283,0.007354327354355401,0.6264107604477277,0.16473091344627078
135.9757647549611,0.007354251706560194,0.626356570309075,0.16472279320155625
135.97716345234375,0.007354176058764988,0.6263023725650744,0.16471467425239086
135.9785621785018,0.007354100410969782,0.6262481672271416,0.1647065565994719
135.97996093343605,0.007354024763174575,0.6261939543066282,0.1646984402434945
135.9813597171474,0.0073539491153793695,0.6261397338149391,0.1646903251851532
135.98275852963678,0.007353873467584164,0.6260855057633294,0.16468221142514078
135.98415737090505,0.007353797819788958,0.6260312701632792,0.16467409896414925
135.9855562409531,0.007353722171993751,0.6259770270260864,0.16466598780286937
135.98695513978183,0.007353646524198545,0.6259227763631021,0.16465787794199085
135.9883540673921,0.007353570876403339,0.6258685181856996,0.1646497693822021
135.98975302378483,0.007353495228608132,0.625814252505155,0.16464166212419032
135.99115200896088,0.007353419580812926,0.6257599793328412,0.16463355616864173
135.99255102292113,0.00735334393301772,0.6257056986800884,0.16462545151624078
135.99395006566655,0.007353268285222514,0.6256514105582478,0.16461734816767182
135.99534913719793,0.007353192637427308,0.6255971149785744,0.16460924612361724
135.99674823751621,0.007353116989632102,0.6255428119524946,0.16460114538475853
135.99814736662228,0.007353041341836895,0.6254885014912206,0.16459304595177565
135.99954652451697,0.007352965694041689,0.625434183606093,0.16458494782534816
136.00094571120124,0.007352890046246483,0.6253798583084202,0.16457685100615344
136.00234492667596,0.007352814398451276,0.625325525609511,0.16456875549486874
136.003744170942,0.0073527387506560704,0.6252711855206415,0.16456066129216926
136.00514344400028,0.0073526631028608645,0.6252168380531203,0.1645525683987299
136.00654274585165,0.007352587455065659,0.6251624832182453,0.16454447681522363
136.00794207649702,0.007352511807270452,0.6251081210272604,0.16453638654232253
136.00934143593727,0.007352436159475246,0.6250537514914851,0.1645282975806977
136.0107408241733,0.00735236051168004,0.6249993746221527,0.16452020993101882
136.012140241206,0.007352284863884833,0.6249449904305718,0.16451212359395448
136.01353968703623,0.007352209216089627,0.6248905989279757,0.16450403857017218
136.0149391616649,0.007352133568294421,0.6248362001256516,0.16449595486033847
136.01633866509292,0.0073520579204992146,0.6247817940348436,0.16448787246511806
136.01773819732114,0.007351982272704009,0.6247273806667958,0.16447979138517527
136.0191377583505,0.007351906624908803,0.6246729600327953,0.16447171162117272
136.02053734818182,0.007351830977113596,0.6246185321440219,0.16446363317377205
136.02193696681604,0.00735175532931839,0.6245640970117626,0.1644555560436341
136.02333661425405,0.007351679681523184,0.6245096546472294,0.16444748023141784
136.02473629049672,0.007351604033727977,0.6244552050616559,0.16443940573778143
136.02613599554493,0.007351528385932771,0.6244007482662751,0.16443133256338222
136.02753572939957,0.0073514527381375655,0.6243462842723209,0.16442326070887606
136.02893549206155,0.0073513770903423595,0.6242918130909727,0.16441519017491713
136.03033528353177,0.007351301442547153,0.6242373347334856,0.1644071209621596
136.0317351038111,0.007351225794751947,0.6241828492110393,0.16439905307125557
136.0331349529004,0.007351150146956741,0.6241283565348351,0.16439098650285625
136.03453483080062,0.007351074499161534,0.6240738567160955,0.16438292125761184
136.0359347375126,0.007350998851366328,0.6240193497660219,0.16437485733617133
136.03733467303726,0.007350923203571122,0.623964835695762,0.16436679473918245
136.03873463737548,0.0073508475557759155,0.6239103145165167,0.1643587334672916
136.04013463052814,0.00735077190798071,0.6238557862394982,0.1643506735211444
136.04153465249615,0.007350696260185504,0.6238012508758648,0.16434261490138555
136.04293470328037,0.007350620612390297,0.6237467084367855,0.16433455760865756
136.04433478288172,0.007350544964595091,0.6236921589334509,0.16432650164360302
136.04573489130107,0.007350469316799885,0.6236376023770084,0.16431844700686227
136.04713502853932,0.007350393669004678,0.6235830387785949,0.1643103936990754
136.04853519459735,0.007350318021209472,0.623528468149444,0.16430234172088076
136.04993538947605,0.007350242373414266,0.623473890500628,0.16429429107291554
136.05133561317632,0.0073501667256190605,0.6234193058432946,0.1642862417558163
136.05273586569905,0.007350091077823854,0.6233647141886127,0.16427819377021824
136.0541361470451,0.007350015430028648,0.6233101155477623,0.16427014711675528
136.05553645721542,0.007349939782233442,0.6232555099318264,0.1642621017960598
136.05693679621086,0.007349864134438235,0.6232008973519313,0.1642540578087639
136.0583371640323,0.007349788486643029,0.6231462778192245,0.16424601515549794
136.05973756068065,0.007349712838847823,0.6230916513448321,0.16423797383689126
136.0611379861568,0.0073496371910526164,0.6230370179398589,0.1642299338535719
136.06253844046165,0.0073495615432574105,0.6229823776154093,0.16422189520616728
136.06393892359606,0.007349485895462205,0.6229277303826097,0.16421385789530302
136.06533943556093,0.007349410247666998,0.6228730762525433,0.16420582192160366
136.06673997635716,0.007349334599871792,0.6228184152363575,0.16419778728569343
136.06814054598564,0.007349258952076586,0.6227637473450713,0.16418975398819427
136.06954114444724,0.00734918330428138,0.622709072589843,0.1641817220297278
136.0709417717429,0.007349107656486173,0.6226543909817235,0.16417369141091395
136.07234242787345,0.007349032008690967,0.6225997025318176,0.16416566213237213
136.07374311283982,0.007348956360895761,0.6225450072511978,0.16415763419471996
136.0751438266429,0.007348880713100555,0.622490305150915,0.16414960759857392
136.07654456928356,0.007348805065305349,0.6224355962420632,0.1641415823445502
136.07794534076268,0.007348729417510143,0.6223808805357149,0.1641335584332627
136.0793461410812,0.007348653769714936,0.6223261580428783,0.1641255358653251
136.08074697023997,0.00734857812191973,0.62227142877469,0.16411751464134913
136.08214782823987,0.007348502474124524,0.622216692742137,0.16410949476194642
136.08354871508186,0.007348426826329317,0.6221619499562915,0.16410147622772625
136.08494963076674,0.0073483511785341115,0.6221072004282153,0.1640934590392976
136.08635057529546,0.0073482755307389055,0.6220524441689166,0.16408544319726828
136.0877515486689,0.007348199882943699,0.6219976811894357,0.16407742870224454
136.08915255088795,0.007348124235148493,0.6219429115008128,0.1640694155548316
136.09055358195346,0.007348048587353287,0.621888135114099,0.16406140375563358
136.09195464186638,0.007347972939558081,0.621833352040238,0.16405339330525376
136.0933557306276,0.007347897291762874,0.6217785622903668,0.16404538420429413
136.09475684823798,0.007347821643967668,0.6217237658753859,0.16403737645335495
136.0961579946984,0.007347745996172462,0.6216689628063681,0.16402937005303636
136.0975591700098,0.007347670348377256,0.6216141530942999,0.16402136500393602
136.098960374173,0.00734759470058205,0.6215593367501787,0.1640133613066523
136.10036160718897,0.007347519052786844,0.6215045137850126,0.16400535896178076
136.10176286905858,0.007347443404991637,0.6214496842097775,0.16399735796991657
136.10316415978266,0.007347367757196431,0.6213948480354816,0.16398935833165348
136.10456547936215,0.007347292109401225,0.6213400052731007,0.1639813600475849
136.10596682779797,0.007347216461606018,0.6212851559336001,0.16397336311830152
136.10736820509098,0.007347140813810812,0.6212303000279557,0.16396536754439478
136.10876961124205,0.0073470651660156065,0.6211754375671755,0.1639573733264534
136.1101710462521,0.0073469895182204,0.6211205685621712,0.16394938046506563
136.11157251012202,0.007346913870425194,0.6210656930239294,0.16394138896081897
136.1129740028527,0.007346838222629988,0.6210108109634368,0.16393339881429927
136.114375524445,0.007346762574834782,0.6209559223916262,0.16392541002609126
136.11577707489988,0.007346686927039575,0.6209010273194093,0.16391742259677838
136.11717865421815,0.007346611279244369,0.6208461257577835,0.16390943652694376
136.11858026240077,0.007346535631449163,0.6207912177176711,0.16390145181716825
136.1199818994486,0.0073464599836539565,0.6207363032100051,0.16389346846803252
136.12138356536252,0.007346384335858751,0.6206813822456968,0.16388548648011556
136.12278526014344,0.007346308688063545,0.6206264548357439,0.1638775058539955
136.12418698379227,0.007346233040268338,0.6205715209909827,0.163869526590249
136.12558873630985,0.007346157392473132,0.6205165807223676,0.16386154868945216
136.12699051769712,0.007346081744677926,0.6204616340408532,0.16385357215217933
136.12839232795497,0.007346006096882719,0.6204066809572973,0.16384559697900414
136.12979416708424,0.007345930449087513,0.6203517214826437,0.16383762317049916
136.13119603508588,0.007345854801292307,0.6202967556277611,0.1638296507272349
136.1325979319608,0.007345779153497101,0.6202417834035608,0.16382167964978214
136.1339998577098,0.007345703505701895,0.6201868048209439,0.16381370993870975
136.1354018123338,0.007345627857906689,0.620131819890811,0.1638057415945855
136.13680379583377,0.007345552210111483,0.6200768286240094,0.16379777461797612
136.13820580821053,0.007345476562316276,0.6200218310314612,0.1637898090094471
136.139607849465,0.00734540091452107,0.6199668271240246,0.16378184476956278
136.14100991959805,0.007345325266725864,0.6199118169125466,0.16377388189888692
136.1424120186106,0.0073452496189306575,0.6198568004079388,0.1637659203979815
136.1438141465035,0.0073451739711354515,0.6198017776210482,0.16375796026740713
136.1452163032777,0.007345098323340246,0.6197467485627436,0.16375000150772448
136.14661848893405,0.007345022675545039,0.6196917132438614,0.16374204411949214
136.14802070347343,0.007344947027749833,0.6196366716752595,0.1637340881032675
136.1494229468968,0.007344871379954627,0.6195816238678065,0.16372613345960754
136.150825219205,0.00734479573215942,0.6195265698323174,0.16371818018906714
136.15222752039892,0.007344720084364214,0.6194715095796394,0.16371022829220136
136.15362985047946,0.007344644436569008,0.6194164431205982,0.16370227776956284
136.1550322094475,0.0073445687887738025,0.619361370466041,0.16369432862170363
136.156434597304,0.007344493140978596,0.6193062916267935,0.16368638084917483
136.15783701404976,0.00734441749318339,0.6192512066136706,0.16367843445252636
136.15923945968575,0.007344341845388184,0.6191961154374874,0.16367048943230664
136.1606419342128,0.007344266197592977,0.6191410181090695,0.16366254578906364
136.16204443763186,0.007344190549797771,0.6190859146391998,0.16365460352334307
136.16344696994375,0.007344114902002565,0.619030805038704,0.1636466626356911
136.16484953114946,0.007344039254207358,0.6189756893183755,0.16363872312665126
136.16625212124978,0.0073439636064121525,0.6189205674890402,0.163630784996767
136.16765474024567,0.007343887958616947,0.6188654395614379,0.16362284824658027
136.16905738813801,0.00734381231082174,0.6188103055463836,0.16361491287663144
136.17046006492768,0.007343736663026534,0.6187551654546815,0.16360697888746054
136.1718627706156,0.007343661015231328,0.6187000192970715,0.16359904627960634
136.17326550520264,0.007343585367436121,0.6186448670843578,0.16359111505360585
136.1746682686897,0.007343509719640915,0.6185897088272805,0.16358318520999607
136.17607106107764,0.007343434071845709,0.6185345445366436,0.16357525674931164
136.1774738823674,0.007343358424050503,0.6184793742231871,0.16356732967208645
136.17887673255987,0.007343282776255297,0.6184241978976723,0.16355940397885407
136.18027961165592,0.007343207128460091,0.6183690155708821,0.16355147967014624
136.18168251965642,0.007343131480664885,0.618313827253524,0.16354355674649354
136.18308545656237,0.007343055832869678,0.6182586329563489,0.1635356352084256
136.18448842237453,0.007342980185074472,0.6182034326901285,0.16352771505647098
136.18589141709387,0.007342904537279266,0.6181482264655814,0.16351979629115693
136.18729444072127,0.007342828889484059,0.6180930142934369,0.1635118789130098
136.18869749325762,0.007342753241688853,0.6180377961844239,0.16350396292255487
136.1901005747038,0.0073426775938936475,0.6179825721492824,0.16349604832031608
136.19150368506075,0.007342601946098441,0.6179273421987094,0.16348813510681623
136.1929068243293,0.007342526298303235,0.6178721063434662,0.16348022328257716
136.19430999251037,0.007342450650508029,0.6178168645942068,0.16347231284811958
136.19571318960487,0.007342375002712823,0.6177616169616819,0.16346440380396302
136.19711641561372,0.007342299354917616,0.6177063634565669,0.16345649615062613
136.19851967053773,0.00734222370712241,0.617651104089591,0.1634485898886259
136.19992295437783,0.007342148059327204,0.617595838871419,0.16344068501847867
136.20132626713496,0.0073420724115319976,0.6175405678127693,0.16343278154069968
136.20272960880996,0.007341996763736792,0.6174852909243067,0.16342487945580297
136.20413297940374,0.007341921115941586,0.6174300082167175,0.16341697876430106
136.2055363789172,0.007341845468146379,0.6173747197006877,0.1634090794667058
136.20693980735123,0.007341769820351173,0.6173194253869144,0.163401181563528
136.2083432647067,0.007341694172555967,0.617264125286041,0.16339328505527725
136.20974675098455,0.00734161852476076,0.617208819408743,0.16338538994246177
136.21115026618565,0.007341542876965554,0.6171535077656528,0.16337749622558873
136.21255381031088,0.0073414672291703485,0.6170981903674783,0.16336960390516475
136.21395738336116,0.007341391581375142,0.6170428672248411,0.16336171298169458
136.21536098533738,0.007341315933579936,0.6169875383484064,0.1633538234556823
136.2167646162404,0.00734124028578473,0.616932203748785,0.16334593532763078
136.21816827607117,0.007341164637989523,0.6168768634366631,0.1633380485980415
136.21957196483055,0.007341088990194317,0.6168215174226628,0.16333016326741545
136.22097568251942,0.007341013342399111,0.6167661657174058,0.16332227933625218
136.22237942913873,0.007340937694603905,0.6167108083315139,0.1633143968050498
136.2237832046893,0.0073408620468086985,0.6166554452756629,0.1633065156743058
136.2251870091721,0.007340786399013493,0.6166000765604421,0.16329863594451632
136.22659084258797,0.007340710751218287,0.6165447021964414,0.16329075761617623
136.22799470493783,0.00734063510342308,0.6164893221943041,0.16328288068977995
136.22939859622255,0.007340559455627874,0.6164339365646305,0.16327500516581983
136.23080251644305,0.007340483807832668,0.6163785453180104,0.16326713104478796
136.23220646560023,0.007340408160037461,0.6163231484650762,0.1632592583271749
136.23361044369494,0.007340332512242255,0.6162677460164071,0.16325138701347044
136.2350144507281,0.007340256864447049,0.6162123379825818,0.16324351710416285
136.23641848670064,0.007340181216651843,0.6161569243741795,0.16323564859973894
136.23782255161342,0.007340105568856637,0.6161015052018325,0.16322778150068556
136.23922664546734,0.007340029921061431,0.6160460804760662,0.16321991580748735
136.2406307682633,0.007339954273266225,0.6159906502074812,0.16321205152062895
136.24203492000217,0.007339878625471018,0.6159352144066562,0.16320418864059233
136.24343910068487,0.007339802977675812,0.6158797730841488,0.16319632716786045
136.2448433103123,0.007339727329880606,0.6158243262505271,0.16318846710291307
136.24624754888535,0.0073396516820853994,0.6157688739163272,0.16318060844623003
136.24765181640487,0.0073395760342901935,0.6157134160921282,0.16317275119828986
136.2490561128718,0.007339500386494988,0.6156579527884766,0.1631648953595698
136.2504604382871,0.007339424738699781,0.6156024840159192,0.1631570409305462
136.25186479265153,0.007339349090904575,0.6155470097849599,0.16314918791169417
136.25326917596604,0.007339273443109369,0.6154915301061992,0.16314133630348812
136.25467358823158,0.007339197795314162,0.6154360449901622,0.1631334861064001
136.25607802944896,0.007339122147518956,0.61538055444731,0.16312563732090285
136.25748249961913,0.00733904649972375,0.6153250584882322,0.16311778994746695
136.25888699874298,0.0073389708519285436,0.6152695571234326,0.16310994398656148
136.2602915268214,0.007338895204133338,0.6152140503634472,0.16310209943865564
136.26169608385527,0.007338819556338132,0.6151585382187478,0.16309425630421642
136.26310066984547,0.007338743908542926,0.6151030206998594,0.16308641458371054
136.26450528479296,0.007338668260747719,0.6150474978173293,0.1630785742776027
136.2659099286986,0.007338592612952513,0.6149919695815856,0.1630707353863575
136.26731460156324,0.007338516965157307,0.6149364360032077,0.1630628979104378
136.26871930338788,0.0073384413173621,0.6148808970926026,0.16305506185030538
136.2701240341733,0.0073383656695668945,0.6148253528603065,0.16304722720642123
136.27152879392048,0.0073382900217716885,0.614769803316834,0.16303939397924527
136.2729335826303,0.007338214373976482,0.6147142484726028,0.16303156216923545
136.2743384003036,0.007338138726181276,0.6146586883381171,0.16302373177685042
136.27574324694135,0.00733806307838607,0.6146031229238377,0.16301590280254516
136.2771481225444,0.007337987430590863,0.6145475522402682,0.1630080752467762
136.27855302711365,0.007337911782795657,0.614491976297827,0.163000249109997
136.27995796065,0.007337836135000451,0.6144363951069963,0.16299242439266115
136.28136292315435,0.007337760487205245,0.6143808086782477,0.16298460109522067
136.28276791462764,0.007337684839410039,0.6143252170219886,0.16297677921812617
136.28417293507067,0.007337609191614833,0.6142696201486905,0.16296895876182763
136.2855779844844,0.007337533543819627,0.6142140180688359,0.1629611397267737
136.28698306286975,0.00733745789602442,0.6141584107927891,0.16295332211341226
136.28838817022753,0.007337382248229214,0.6141027983310754,0.1629455059221896
136.28979330655872,0.007337306600434008,0.6140471806940055,0.16293769115355125
136.2911984718642,0.007337230952638801,0.613991557892137,0.16292987780794158
136.2926036661448,0.007337155304843595,0.6139359299358019,0.1629220658858037
136.29400888940148,0.0073370796570483895,0.6138802968354612,0.1629142553875801
136.29541414163515,0.007337004009253183,0.6138246586015116,0.1629064463137113
136.29681942284665,0.007336928361457977,0.6137690152443815,0.16289863866463788
136.2982247330369,0.007336852713662771,0.6137133667744785,0.16289083244079827
136.29963007220684,0.007336777065867564,0.6136577132021668,0.16288302764263018
136.30103544035728,0.007336701418072358,0.6136020545378966,0.1628752242705706
136.30244083748917,0.007336625770277152,0.6135463907920322,0.16286742232505497
136.30384626360342,0.0073365501224819454,0.6134907219749703,0.16285962180651758
136.3052517187009,0.0073364744746867395,0.6134350480970967,0.16285182271539228
136.3066572027825,0.007336398826891534,0.6133793691688186,0.16284402505211082
136.30806271584913,0.007336323179096328,0.6133236852004789,0.1628362288171048
136.30946825790173,0.007336247531301121,0.613267996202442,0.162828434010804
136.3108738289411,0.007336171883505915,0.6132123021851473,0.1628206406336379
136.3122794289682,0.007336096235710709,0.6131566031588949,0.16281284868603405
136.31368505798395,0.007336020587915502,0.6131008991340705,0.16280505816841911
136.3150907159892,0.007335944940120296,0.6130451901210278,0.16279726908121947
136.31649640298482,0.00733586929232509,0.6129894761301311,0.16278948142485916
136.3179021189718,0.007335793644529884,0.6129337571717126,0.16278169519976193
136.31930786395094,0.007335717996734678,0.6128780332561368,0.16277391040635036
136.3207136379232,0.007335642348939472,0.6128223043937355,0.16276612704504578
136.32211944088945,0.007335566701144265,0.6127665705948628,0.16275834511626838
136.32352527285062,0.007335491053349059,0.6127108318698399,0.16275056462043755
136.32493113380755,0.007335415405553853,0.6126550882289882,0.16274278555797106
136.32633702376117,0.007335339757758647,0.6125993396826507,0.16273500792928627
136.3277429427124,0.0073352641099634405,0.6125435862411165,0.16272723173479878
136.3291488906621,0.0073351884621682345,0.6124878279147609,0.16271945697492335
136.33055486761117,0.007335112814373029,0.6124320647138624,0.1627116836500743
136.33196087356055,0.007335037166577822,0.6123762966487315,0.1627039117606639
136.33336690851107,0.007334961518782616,0.6123205237297006,0.1626961413071034
136.33477297246367,0.00733488587098741,0.612264745967016,0.16268837228980407
136.33617906541926,0.007334810223192203,0.6122089633710419,0.16268060470917448
136.3375851873787,0.007334734575396997,0.6121531759519927,0.16267283856562323
136.33899133834288,0.007334658927601791,0.6120973837202326,0.16266507385955778
136.34039751831278,0.007334583279806585,0.6120415866860187,0.16265731059138397
136.3418037272892,0.007334507632011379,0.6119857848596402,0.162649548761507
136.34320996527308,0.007334431984216173,0.6119299782513543,0.16264178837033058
136.3446162322653,0.007334356336420966,0.6118741668714394,0.16263402941825786
136.3460225282668,0.00733428068862576,0.6118183507301955,0.16262627190569026
136.34742885327844,0.007334205040830554,0.611762529837869,0.1626185158330288
136.3488352073011,0.007334129393035348,0.6117067042047277,0.16261076120067314
136.35024159033574,0.007334053745240141,0.6116508738410179,0.16260300800902142
136.35164800238323,0.0073339780974449355,0.6115950387570182,0.16259525625847127
136.35305444344442,0.0073339024496497296,0.6115391989629426,0.16258750594941895
136.35446091352028,0.007333826801854523,0.6114833544690269,0.16257975708226005
136.35586741261167,0.007333751154059317,0.6114275052855817,0.16257200965738822
136.3572739407195,0.007333675506264111,0.611371651422778,0.1625642636751972
136.35868049784463,0.007333599858468904,0.6113157928908949,0.16255651913607824
136.36008708398802,0.007333524210673698,0.6112599297001353,0.16254877604042256
136.36149369915051,0.007333448562878492,0.6112040618607351,0.1625410343886204
136.36290034333308,0.0073333729150832855,0.6111481893828976,0.16253329418105994
136.36430701653651,0.00733329726728808,0.6110923122768906,0.1625255554181292
136.3657137187618,0.007333221619492874,0.6110364305528854,0.16251781810021473
136.3671204500098,0.007333145971697668,0.6109805442210962,0.16251008222770186
136.36852721028143,0.007333070323902461,0.6109246532917368,0.16250234780097514
136.36993399957757,0.007332994676107255,0.6108687577750112,0.16249461482041808
136.3713408178991,0.007332919028312049,0.6108128576811116,0.16248688328641278
136.37274766524698,0.007332843380516842,0.6107569530202309,0.16247915319933995
136.37415454162206,0.007332767732721636,0.6107010438025833,0.16247142455958039
136.37556144702523,0.0073326920849264305,0.6106451300383291,0.16246369736751304
136.37696838145743,0.007332616437131224,0.6105892117376398,0.1624559716235153
136.37837534491953,0.007332540789336018,0.6105332889107187,0.16244824732796453
136.37978233741245,0.007332465141540812,0.6104773615677583,0.16244052448123636
136.38118935893706,0.007332389493745605,0.6104214297188766,0.16243280308370542
136.38259640949425,0.007332313845950399,0.6103654933742552,0.1624250831357453
136.38400348908496,0.007332238198155193,0.6103095525441083,0.16241736463772863
136.3854105977101,0.0073321625503599865,0.6102536072385538,0.16240964759002685
136.3868177353705,0.0073320869025647805,0.6101976574677305,0.16240193199301023
136.3882249020671,0.007332011254769575,0.6101417032418095,0.1623942178470482
136.3896320978008,0.007331935606974368,0.6100857445709409,0.16238650515250863
136.3910393225725,0.007331859959179162,0.6100297814652528,0.16237879390975943
136.3924465763831,0.007331784311383956,0.6099738139348949,0.16237108411916593
136.39385385923347,0.00733170866358875,0.6099178419900387,0.16236337578109303
136.39526117112456,0.007331633015793543,0.6098618656407481,0.16235566889590522
136.39666851205723,0.007331557367998337,0.6098058848971833,0.16234796346396502
136.39807588203237,0.0073314817202031314,0.6097498997694516,0.16234025948563388
136.39948328105092,0.007331406072407925,0.6096939102676917,0.162332556961273
136.40089070911375,0.007331330424612719,0.609637916402032,0.16232485589124185
136.40229816622175,0.007331254776817513,0.6095819181825688,0.1623171562758987
136.4037056523759,0.007331179129022306,0.6095259156193873,0.16230945811560146
136.40511316757696,0.0073311034812271,0.609469908722616,0.1623017614107058
136.40652071182592,0.007331027833431894,0.6094138975023508,0.16229406616156739
136.4079282851237,0.007330952185636687,0.6093578819686558,0.16228637236854043
136.40933588747112,0.0073308765378414815,0.6093018621317022,0.16227868003197807
136.4107435188691,0.0073308008900462756,0.6092458380014789,0.16227098915223234
136.4121511793186,0.00733072524225107,0.6091898095881678,0.1622632997296541
136.4135588688205,0.007330649594455863,0.6091337769017684,0.16225561176459355
136.41496658737566,0.007330573946660657,0.6090777399524306,0.1622479252573991
136.416374334985,0.007330498298865451,0.6090216987501326,0.16224024020841907
136.41778211164942,0.007330422651070244,0.6089656533050346,0.1622325566179995
136.4191899173698,0.007330347003275038,0.6089096036271578,0.16222487448648654
136.42059775214705,0.007330271355479832,0.6088535497265447,0.16221719381422453
136.42200561598213,0.007330195707684626,0.6087974916133022,0.16220951460155664
136.42341350887583,0.00733012005988942,0.6087414292974406,0.16220183684882583
136.42482143082913,0.007330044412094214,0.6086853627890236,0.16219416055637328
136.42622938184292,0.007329968764299007,0.6086292920981262,0.16218648572453878
136.42763736191807,0.007329893116503801,0.608573217234737,0.16217881235366197
136.42904537105548,0.007329817468708595,0.6085171382089094,0.1621711404440808
136.4304534092561,0.007329741820913388,0.6084610550307072,0.16216346999613213
136.43186147652077,0.007329666173118182,0.6084049677101301,0.16215580101015223
136.43326957285043,0.0073295905253229765,0.608348876257199,0.16214813348647575
136.43467769824593,0.007329514877527771,0.6082927806819779,0.16214046742543667
136.43608585270826,0.007329439229732564,0.6082366809944342,0.16213280282736764
136.43749403623823,0.007329363581937358,0.6081805772046103,0.16212513969260037
136.4389022488368,0.007329287934142152,0.6081244693225166,0.16211747802146564
136.44031049050483,0.007329212286346945,0.6080683573581419,0.16210981781429226
136.44171876124324,0.007329136638551739,0.6080122413214966,0.16210215907140965
136.4431270610529,0.007329060990756533,0.6079561212226121,0.16209450179314458
136.44453538993477,0.0073289853429613265,0.6078999970714241,0.16208684597982367
136.44594374788971,0.007328909695166121,0.6078438688779532,0.16207919163177195
136.44735213491862,0.007328834047370915,0.6077877366521992,0.16207153874931368
136.44876055102242,0.007328758399575708,0.6077316004041294,0.16206388733277222
136.45016899620197,0.007328682751780502,0.607675460143722,0.16205623738246924
136.4515774704582,0.007328607103985296,0.6076193158809657,0.16204858889872614
136.452985973792,0.00732853145619009,0.6075631676258173,0.16204094188186222
136.45439450620432,0.007328455808394883,0.6075070153882656,0.16203329633219687
136.455803067696,0.0073283801605996774,0.6074508591782456,0.16202565225004745
136.45721165826797,0.0073283045128044715,0.6073946990057357,0.16201800963573124
136.4586202779211,0.007328228865009265,0.6073385348807031,0.1620103684895634
136.46002892665632,0.007328153217214059,0.6072823668130402,0.1620027288118586
136.4614376044745,0.007328077569418853,0.6072261948127786,0.1619950906029303
136.4628463113766,0.007328001921623646,0.6071700188898321,0.1619874538630911
136.46425504736345,0.00732792627382844,0.6071138390541145,0.16197981859265215
136.465663812436,0.007327850626033234,0.6070576553155931,0.1619721847919238
136.46707260659514,0.0073277749782380275,0.6070014676841817,0.16196455246121563
136.46848142984175,0.0073276993304428216,0.6069452761698262,0.16195692160083539
136.46989028217675,0.007327623682647616,0.6068890807824404,0.16194929221109045
136.47129916360103,0.007327548034852409,0.6068328815319808,0.1619416642922868
136.4727080741155,0.007327472387057203,0.6067766784283183,0.16193403784472918
136.47411701372107,0.007327396739261997,0.6067204714813667,0.16192641286872203
136.47552598241862,0.007327321091466791,0.6066642607010825,0.16191878936456758
136.47693498020908,0.007327245443671584,0.6066080460973151,0.161911167332568
136.4783440070933,0.007327169795876378,0.6065518276800106,0.16190354677302368
136.47975306307222,0.0073270941480811725,0.6064956054590719,0.1618959276862347
136.48116214814675,0.007327018500285966,0.6064393794443697,0.16188831007249943
136.48257126231778,0.00732694285249076,0.6063831496458071,0.16188069393211554
136.48398040558618,0.007326867204695554,0.606326916073255,0.16187307926537922
136.4853895779529,0.007326791556900347,0.6062706787366163,0.16186546607258617
136.48679877941882,0.007326715909105141,0.6062144376457511,0.16185785435403066
136.48820800998482,0.007326640261309935,0.6061581928105731,0.16185024411000587
136.48961726965186,0.007326564613514728,0.6061019442408889,0.16184263534080384
136.49102655842077,0.0073264889657195225,0.6060456919466336,0.16183502804671607
136.4924358762925,0.007326413317924317,0.6059894359376672,0.1618274222280327
136.49384522326793,0.00732633767012911,0.6059331762238069,0.16181981788504218
136.49525459934796,0.007326262022333904,0.6058769128149452,0.1618122150180332
136.4966640045335,0.007326186374538698,0.6058206457209098,0.16180461362729223
136.49807343882543,0.007326110726743492,0.6057643749515608,0.1617970137131052
136.4994829022247,0.007326035078948285,0.6057081005167583,0.16178941527575683
136.5008923947322,0.007325959431153079,0.6056518224263516,0.1617818183155312
136.50230191634878,0.007325883783357873,0.6055955406901365,0.16177422283271065
136.50371146707542,0.007325808135562667,0.6055392553179625,0.1617666288275765
136.50512104691296,0.007325732487767461,0.6054829663197001,0.16175903630040994
136.50653065586232,0.007325656839972255,0.6054266737051238,0.16175144525149016
136.5079402939244,0.007325581192177048,0.6053703774840936,0.1617438556810955
136.5093499611001,0.007325505544381842,0.6053140776663946,0.16173626758950355
136.51075965739034,0.007325429896586636,0.6052577742618866,0.16172868097699042
136.512169382796,0.007325354248791429,0.6052014672803442,0.16172109584383138
136.513579137318,0.0073252786009962234,0.6051451567316058,0.1617135121903007
136.51498892095722,0.0073252029532010175,0.6050888426254458,0.1617059300166714
136.5163987337146,0.007325127305405811,0.6050325249716598,0.1616983493232156
136.51780857559098,0.007325051657610605,0.6049762037800972,0.16169077011020438
136.51921844658733,0.007324976009815399,0.6049198790604894,0.16168319237790782
136.5206283467045,0.007324900362020193,0.6048635508226857,0.16167561612659453
136.52203827594343,0.007324824714224986,0.6048072190764067,0.16166804135653254
136.523448234305,0.00732474906642978,0.6047508838315125,0.16166046806798856
136.5248582217901,0.007324673418634574,0.6046945450976915,0.16165289626122825
136.5262682383997,0.0073245977708393676,0.6046382028847718,0.16164532593651626
136.52767828413462,0.007324522123044162,0.604581857202538,0.1616377570941167
136.5290883589958,0.007324446475248956,0.6045255080607326,0.1616301897342915
136.53049846298416,0.007324370827453749,0.6044691554690865,0.16162262385730233
136.53190859610055,0.007324295179658543,0.6044127994374388,0.16161505946341004
136.5333187583459,0.007324219531863337,0.6043564399754668,0.16160749655287393
136.53472894972114,0.00732414388406813,0.6043000770929557,0.16159993512595147
136.53613917022713,0.007324068236272924,0.6042437107996904,0.16159237518290118
136.5375494198648,0.0073239925884777185,0.6041873411053701,0.1615848167239786
136.53895969863504,0.0073239169406825125,0.6041309680197154,0.16157725974943865
136.54037000653878,0.007323841292887306,0.604074591552522,0.16156970425953632
136.54178034357687,0.0073237656450921,0.6040182117134784,0.16156215025452414
136.54319070975023,0.007323689997296894,0.6039618285123587,0.16155459773465383
136.54460110505983,0.007323614349501687,0.6039054419588299,0.16154704670017705
136.54601152950647,0.007323538701706481,0.6038490520626664,0.1615394971513432
136.5474219830911,0.007323463053911275,0.6037926588335673,0.16153194908840135
136.54883246581466,0.0073233874061160685,0.6037362622812316,0.16152440251159922
136.55024297767798,0.007323311758320863,0.6036798624154123,0.1615168574211837
136.55165351868203,0.007323236110525657,0.6036234592457654,0.16150931381740052
136.55306408882765,0.00732316046273045,0.6035670527820439,0.1615017717004938
136.55447468811582,0.007323084814935244,0.6035106430339041,0.16149423107070762
136.55588531654735,0.007323009167140038,0.6034542300110771,0.1614866919282846
136.55729597412324,0.007322933519344831,0.6033978137232193,0.16147915427346599
136.5587066608443,0.007322857871549625,0.6033413941800728,0.1614716181064921
136.5601173767115,0.007322782223754419,0.6032849713912829,0.16146408342760252
136.56152812172573,0.0073227065759592135,0.603228545366549,0.16145655023703595
136.56293889588787,0.007322630928164007,0.6031721161155379,0.16144901853502883
136.56434969919886,0.007322555280368801,0.6031156836478951,0.1614414883218183
136.56576053165955,0.007322479632573595,0.6030592479733735,0.1614339595976389
136.5671713932709,0.007322403984778388,0.6030028091015757,0.16142643236272475
136.5685822840338,0.007322328336983182,0.6029463670421685,0.16141890661730954
136.5699932039491,0.007322252689187976,0.6028899218048298,0.16141138236162483
136.5714041530178,0.0073221770413927694,0.6028334733991942,0.1614038595959015
136.5728151312407,0.0073221013935975635,0.6027770218349718,0.1613963383203701
136.57422613861877,0.007322025745802358,0.6027205671217435,0.16138881853525844
136.57563717515293,0.007321950098007151,0.6026641092691764,0.16138130024079533
136.57704824084402,0.007321874450211945,0.6026076482869159,0.1613737834372074
136.57845933569297,0.007321798802416739,0.602551184184629,0.1613662681247203
136.5798704597007,0.007321723154621532,0.6024947169718969,0.16135875430355853
136.58128161286808,0.007321647506826326,0.6024382466583759,0.16135124197394618
136.58269279519607,0.00732157185903112,0.6023817732537006,0.16134373113610528
136.5841040066855,0.007321496211235914,0.6023252967674737,0.16133622179025783
136.58551524733736,0.007321420563440708,0.6022688172093407,0.16132871393662385
136.58692651715248,0.007321344915645502,0.6022123345888826,0.1613212075754235
136.58833781613177,0.007321269267850296,0.6021558489157558,0.16131370270687498
136.5897491442762,0.007321193620055089,0.6020993601995306,0.16130619933119503
136.59116050158661,0.007321117972259883,0.6020428684498419,0.16129869744860065
136.59257188806393,0.007321042324464677,0.60198637367626,0.16129119705930672
136.59398330370905,0.00732096667666947,0.6019298758883874,0.16128369816352778
136.5953947485229,0.0073208910288742645,0.6018733750958698,0.16127620076147683
136.59680622250633,0.0073208153810790585,0.6018168713082347,0.1612687048533663
136.5982177256603,0.007320739733283852,0.6017603645351166,0.1612612104394067
136.5996292579857,0.007320664085488646,0.6017038547860434,0.16125371751980871
136.60104081948342,0.00732058843769344,0.6016473420706494,0.16124622609478081
136.6024524101544,0.007320512789898233,0.6015908263984839,0.16123873616453127
136.6038640299995,0.007320437142103027,0.6015343077791173,0.1612312477292671
136.60527567901963,0.007320361494307821,0.6014777862221306,0.16122376078919382
136.60668735721572,0.007320285846512615,0.6014212617370727,0.1612162753445168
136.60809906458866,0.007320210198717409,0.6013647343335354,0.16120879139543903
136.60951080113935,0.007320134550922203,0.601308204021068,0.16120130894216392
136.6109225668687,0.007320058903126997,0.6012516708091762,0.16119382798489265
136.61233436177764,0.00731998325533179,0.6011951347074842,0.16118634852382652
136.61374618586703,0.007319907607536584,0.6011385957254765,0.16117887055916463
136.61515803913778,0.007319831959741378,0.6010820538727343,0.16117139409110565
136.61656992159084,0.007319756311946171,0.6010255091588064,0.1611639191198475
136.61798183322708,0.007319680664150965,0.6009689615931882,0.16115644564558623
136.61939377404738,0.0073196050163557595,0.6009124111854717,0.16114897366851721
136.6208057440527,0.007319529368560553,0.6008558579451304,0.16114150318883502
136.6222177432439,0.007319453720765347,0.6007993018817028,0.16113403420673278
136.62362977162192,0.007319378072970141,0.6007427430047271,0.16112656672240344
136.62504182918764,0.007319302425174935,0.60068618132372,0.1611191007360378
136.626453915942,0.007319226777379728,0.6006296168481874,0.16111163624782626
136.62786603188584,0.007319151129584522,0.6005730495876247,0.1611041732579577
136.62927817702013,0.007319075481789316,0.6005164795515809,0.16109671176662088
136.63069035134572,0.0073189998339941095,0.6004599067495299,0.1610892517740022
136.63210255486356,0.007318924186198904,0.600403331190999,0.1610817932802883
136.63351478757454,0.007318848538403698,0.6003467528854514,0.16107433628566387
136.6349270494796,0.007318772890608491,0.6002901718424145,0.16106688079031334
136.63633934057955,0.007318697242813285,0.6002335880713409,0.16105942679441942
136.63775166087538,0.007318621595018079,0.6001770015817578,0.1610519742981639
136.63916401036798,0.007318545947222872,0.6001204123831285,0.1610445233017277
136.64057638905825,0.007318470299427666,0.6000638204849054,0.16103707380529095
136.64198879694706,0.00731839465163246,0.6000072258966159,0.1610296258090321
136.6434012340354,0.007318319003837254,0.5999506286277124,0.16102217931312932
136.64481370032408,0.007318243356042048,0.5998940286876365,0.16101473431775876
136.64622619581405,0.007318167708246842,0.5998374260859052,0.16100729082309662
136.6476387205062,0.007318092060451636,0.5997808208319384,0.16099984882931762
136.64905127440147,0.007318016412656429,0.5997242129352207,0.1609924083365948
136.65046385750077,0.007317940764861223,0.5996676024052047,0.16098496934510126
136.65187646980493,0.007317865117066017,0.5996109892513104,0.1609775318550084
136.65328911131493,0.0073177894692708105,0.599554373483001,0.16097009586648658
136.65470178203165,0.0073177138214756045,0.599497755109761,0.16096266137970577
136.656114481956,0.007317638173680399,0.5994411341409784,0.1609552283948338
136.6575272110889,0.007317562525885192,0.5993845105860843,0.16094779691203823
136.6589399694312,0.007317486878089986,0.5993278844545739,0.160940366931486
136.66035275698388,0.00731741123029478,0.599271255755835,0.1609329384533416
136.6617655737478,0.007317335582499573,0.5992146244992987,0.1609255114777698
136.66317841972386,0.007317259934704367,0.5991579906943746,0.16091808600493368
136.664591294913,0.007317184286909161,0.5991013543505257,0.1609106620349959
136.66600419931612,0.007317108639113955,0.5990447154771291,0.16090323956811714
136.6674171329341,0.007317032991318749,0.5989880740835946,0.16089581860445773
136.66883009576785,0.007316957343523543,0.5989314301793635,0.1608883991441769
136.6702430878183,0.007316881695728337,0.5988747837738133,0.16088098118743255
136.67165610908637,0.00731680604793313,0.5988181348763535,0.16087356473438172
136.6730691595729,0.007316730400137924,0.5987614834964041,0.16086614978518077
136.67448223927886,0.007316654752342718,0.5987048296433318,0.16085873633998446
136.67589534820513,0.007316579104547511,0.5986481733265461,0.1608513243989469
136.6773084863526,0.0073165034567523055,0.5985915145554026,0.16084391396222075
136.6787216537222,0.0073164278089571,0.5985348533393217,0.16083650502995822
136.68013485031486,0.007316352161161893,0.5984781896877021,0.1608290976023101
136.68154807613143,0.007316276513366687,0.5984215236098674,0.16082169167942598
136.68296133117283,0.007316200865571481,0.5983648551152377,0.16081428726145508
136.68437461544002,0.007316125217776274,0.5983081842131583,0.16080688434854462
136.68578792893385,0.007316049569981068,0.5982515109129957,0.16079948294084184
136.68720127165525,0.007315973922185862,0.5981948352241271,0.16079208303849252
136.68861464360512,0.0073158982743906555,0.5981381571558975,0.1607846846416408
136.69002804478436,0.00731582262659545,0.5980814767176951,0.16077728775043051
136.6914414751939,0.007315746978800244,0.5980247939188541,0.1607698923650046
136.6928549348346,0.007315671331005038,0.5979681087686983,0.16076249848550453
136.69426842370743,0.007315595683209831,0.5979114212766156,0.1607551061120706
136.69568194181326,0.007315520035414625,0.5978547314519511,0.16074771524484255
136.69709548915299,0.007315444387619419,0.597798039304007,0.16074032588395887
136.69850906572754,0.007315368739824212,0.597741344842139,0.16073293802955696
136.69992267153782,0.007315293092029006,0.5976846480756709,0.16072555168177324
136.70133630658472,0.0073152174442338005,0.5976279490139692,0.16071816684074341
136.7027499708692,0.007315141796438594,0.5975712476663361,0.16071078350660153
136.7041636643921,0.007315066148643388,0.5975145440420736,0.1607034016794813
136.70557738715434,0.007314990500848182,0.5974578381505378,0.16069602135951463
136.70699113915686,0.007314914853052975,0.5974011300009769,0.16068864254683324
136.70840492040054,0.007314839205257769,0.5973444196027792,0.16068126524156706
136.7098187308863,0.007314763557462563,0.5972877069652468,0.16067388944384575
136.71123257061504,0.007314687909667357,0.5972309920976603,0.16066651515379696
136.71264643958767,0.0073146122618721506,0.5971742750093112,0.16065914237154816
136.7140603378051,0.007314536614076945,0.5971175557095124,0.160651771097226
136.71547426526823,0.007314460966281739,0.5970608342075555,0.16064440133095467
136.71688822197797,0.007314385318486532,0.5970041105127639,0.16063703307285926
136.71830220793524,0.007314309670691326,0.596947384634397,0.16062966632306233
136.71971622314092,0.00731423402289612,0.5968906565817247,0.16062230108168576
136.72113026759595,0.007314158375100913,0.5968339263640385,0.16061493734885102
136.72254434130122,0.007314082727305707,0.5967771939906406,0.16060757512467827
136.72395844425765,0.0073140070795105015,0.5967204594707901,0.16060021440928585
136.72537257646613,0.007313931431715295,0.5966637228137465,0.16059285520279215
136.72678673792757,0.007313855783920089,0.5966069840288225,0.1605854975053142
136.72820092864288,0.007313780136124883,0.5965502431252239,0.160578141316968
136.72961514861296,0.007313704488329676,0.5964935001122312,0.1605707866378675
136.73102939783877,0.00731362884053447,0.5964367549991145,0.1605634334681278
136.73244367632114,0.007313553192739264,0.5963800077951331,0.16055608180786146
136.73385798406102,0.007313477544944058,0.5963232585095355,0.16054873165718012
136.7352723210593,0.0073134018971488515,0.5962665071515594,0.16054138301619425
136.7366866873169,0.007313326249353646,0.596209753730432,0.16053403588501394
136.73810108283476,0.00731325060155844,0.5961529982554232,0.16052669026374825
136.73951550761373,0.007313174953763233,0.5960962407357923,0.16051934615250465
136.74092996165476,0.007313099305968027,0.5960394811807449,0.16051200355138967
136.74234444495872,0.007313023658172821,0.5959827195994867,0.1605046624605093
136.74375895752658,0.007312948010377614,0.595925956001266,0.16049732287996823
136.74517349935917,0.007312872362582408,0.5958691903953315,0.1604899848098699
136.74658807045745,0.007312796714787202,0.5958124227908567,0.1604826482503169
136.7480026708223,0.007312721066991996,0.5957556531971006,0.16047531320141104
136.74941730045467,0.00731264541919679,0.5956988816232798,0.16046797966325327
136.75083195935542,0.007312569771401584,0.5956421080785783,0.1604606476359423
136.75224664752548,0.007312494123606377,0.5955853325722232,0.1604533171195774
136.75366136496578,0.007312418475811171,0.5955285551133986,0.16044598811425592
136.75507611167717,0.007312342828015965,0.5954717757113318,0.1604386606200739
136.75649088766062,0.007312267180220759,0.595414994375196,0.16043133463712747
136.757905692917,0.0073121915324255524,0.5953582111141968,0.16042401016551072
136.75932052744724,0.0073121158846303465,0.5953014259375186,0.1604166872053176
136.76073539125224,0.007312040236835141,0.595244638854356,0.1604093657566399
136.7621502843329,0.007311964589039934,0.5951878498738932,0.16040204581956943
136.76356520669015,0.007311888941244728,0.5951310590053251,0.16039472739419683
136.76498015832487,0.007311813293449522,0.5950742662577931,0.16038741048061075
136.76639513923803,0.007311737645654315,0.5950174716405028,0.16038009507890028
136.76781014943046,0.007311661997859109,0.5949606751626059,0.1603727811891525
136.76922518890308,0.007311586350063903,0.5949038768332975,0.16036546881145336
136.77064025765685,0.0073115107022686966,0.5948470766617187,0.16035815794588887
136.77205535569266,0.007311435054473491,0.594790274657043,0.16035084859254317
136.77347048301138,0.007311359406678285,0.5947334708284118,0.160343540751499
136.77488563961398,0.007311283758883078,0.5946766651849767,0.16033623442283926
136.77630082550132,0.007311208111087872,0.5946198577359222,0.16032892960664488
136.7777160406743,0.007311132463292666,0.5945630484903679,0.1603216263029962
136.7791312851339,0.00731105681549746,0.5945062374574442,0.16031432451197267
136.78054655888096,0.007310981167702253,0.5944494246463571,0.16030702423365192
136.78196186191641,0.0073109055199070475,0.5943926100661509,0.16029972546811136
136.78337719424118,0.0073108298721118415,0.5943357937260743,0.16029242821542758
136.78479255585617,0.007310754224316635,0.5942789756351504,0.1602851324756756
136.78620794676226,0.007310678576521429,0.5942221558025634,0.16027783824892927
136.78762336696036,0.007310602928726223,0.5941653342374439,0.16027054553526193
136.78903881645144,0.007310527280931016,0.5941085109489009,0.1602632543347455
136.79045429523634,0.00731045163313581,0.5940516859460326,0.16025596464745145
136.79186980331602,0.007310375985340604,0.593994859237959,0.16024867647344965
136.79328534069137,0.0073103003375453975,0.5939380308338534,0.16024138981280925
136.79470090736328,0.007310224689750192,0.5938812007427282,0.16023410466559845
136.79611650333268,0.007310149041954986,0.593824368973757,0.16022682103188443
136.79753212860047,0.00731007339415978,0.5937675355360273,0.1602195389117327
136.7989477831676,0.007309997746364573,0.5937107004386267,0.1602122583052084
136.8003634670349,0.007309922098569367,0.5936538636906642,0.160204979212376
136.80177918020334,0.007309846450774161,0.593597025301206,0.1601977016332982
136.80319492267384,0.007309770802978954,0.5935401852793826,0.16019042556803717
136.80461069444726,0.007309695155183748,0.5934833436342601,0.1601831510166538
136.80602649552455,0.0073096195073885425,0.593426500374894,0.16017587797920796
136.8074423259066,0.007309543859593336,0.5933696555104145,0.16016860645575903
136.80885818559432,0.00730946821179813,0.5933128090498667,0.16016133644636477
136.81027407458862,0.007309392564002924,0.5932559610023272,0.16015406795108214
136.81168999289042,0.007309316916207717,0.593199111376873,0.16014680096996664
136.8131059405006,0.007309241268412511,0.5931422601825487,0.16013953550307397
136.81452191742014,0.007309165620617305,0.5930854074284525,0.16013227155045778
136.81593792364987,0.0073090899728220984,0.5930285531236293,0.16012500911217048
136.81735395919074,0.0073090143250268925,0.5929716972771236,0.16011774818826474
136.81877002404366,0.007308938677231687,0.5929148398980124,0.1601104887787914
136.82018611820953,0.007308863029436481,0.5928579809953404,0.16010323088380005
136.82160224168928,0.007308787381641274,0.5928011205781305,0.1600959745033394
136.82301839448377,0.007308711733846068,0.5927442586554706,0.16008871963745777
136.82443457659397,0.007308636086050862,0.5926873952363195,0.16008146628620162
136.82585078802077,0.007308560438255655,0.5926305303298398,0.16007421444961756
136.82726702876508,0.007308484790460449,0.5925736639449797,0.1600669641277494
136.82868329882777,0.007308409142665243,0.5925167960907517,0.1600597153206418
136.8300995982098,0.007308333494870037,0.5924599267762433,0.1600524680283375
136.8315159269121,0.007308257847074831,0.5924030560104776,0.16004522225087814
136.8329322849355,0.007308182199279625,0.592346183802446,0.16003797798830505
136.834348672281,0.007308106551484418,0.592289310161182,0.16003073524065717
136.83576508894944,0.007308030903689212,0.5922324350956878,0.16002349400797386
136.83718153494178,0.007307955255894006,0.5921755586149863,0.16001625429029315
136.8385980102589,0.007307879608098799,0.5921186807281008,0.16000901608765158
136.84001451490172,0.0073078039603035935,0.5920618014439902,0.1600017794000852
136.84143104887116,0.0073077283125083875,0.5920049207716777,0.1599945442276282
136.8428476121681,0.007307652664713182,0.5919480387202294,0.15998731057031523
136.8442642047935,0.007307577016917975,0.591891155298572,0.1599800784281788
136.8456808267482,0.007307501369122769,0.5918342705156964,0.1599728478012508
136.8470974780332,0.007307425721327563,0.5917773843806259,0.15996561868956172
136.84851415864935,0.007307350073532356,0.5917204969023409,0.15995839109314158
136.84993086859757,0.00730727442573715,0.5916636080898,0.15995116501201928
136.85134760787878,0.007307198777941944,0.5916067179520159,0.15994394044622234
136.8527643764939,0.007307123130146738,0.591549826497926,0.15993671739577756
136.8541811744438,0.007307047482351532,0.591492933736564,0.15992949586071126
136.85559800172945,0.007306971834556326,0.5914360396768247,0.1599222758410481
136.85701485835173,0.007306896186761119,0.5913791443277632,0.1599150573368111
136.85843174431153,0.007306820538965913,0.5913222476982741,0.15990784034802372
136.85984865960978,0.007306744891170707,0.5912653497973485,0.15990062487470796
136.86126560424745,0.0073066692433755,0.5912084506339665,0.15989341091688414
136.86268257822533,0.007306593595580294,0.5911515502170336,0.15988619847457228
136.86409958154442,0.0073065179477850885,0.5910946485555513,0.15987898754779123
136.86551661420563,0.0073064422999898826,0.5910377456584462,0.1598717781365588
136.86693367620984,0.007306366652194676,0.590980841534656,0.15986457024089132
136.86835076755796,0.00730629100439947,0.5909239361931393,0.15985736386080557
136.86976788825092,0.007306215356604264,0.5908670296428442,0.1598501589963155
136.87118503828964,0.007306139708809057,0.5908101218926761,0.15984295564743503
136.872602217675,0.007306064061013851,0.5907532129515936,0.15983575381417714
136.87401942640793,0.007305988413218645,0.5906963028285235,0.15982855349655378
136.87543666448934,0.0073059127654234385,0.5906393915324031,0.15982135469457556
136.87685393192012,0.007305837117628233,0.5905824790721591,0.15981415740825247
136.87827122870124,0.007305761469833027,0.5905255654566537,0.15980696163759323
136.87968855483356,0.00730568582203782,0.5904686506948781,0.15979976738260573
136.881105910318,0.007305610174242614,0.590411734795748,0.1597925746432966
136.8825232951555,0.007305534526447408,0.5903548177681153,0.15978538341967183
136.88394070934692,0.007305458878652202,0.5902978996209491,0.15977819371173635
136.88535815289322,0.007305383230856995,0.5902409803631229,0.15977100551949389
136.88677562579528,0.007305307583061789,0.5901840600035522,0.15976381884294721
136.88819312805404,0.0073052319352665835,0.5901271385511316,0.1597566336820984
136.8896106596704,0.007305156287471377,0.5900702160147665,0.15974945003694843
136.89102822064527,0.007305080639676171,0.5900132924033297,0.15974226790749663
136.89244581097952,0.007305004991880965,0.5899563677257371,0.15973508729374247
136.89386343067417,0.007304929344085758,0.5898994419908725,0.15972790819568342
136.89528107973004,0.007304853696290552,0.5898425152076304,0.1597207306133167
136.89669875814806,0.007304778048495346,0.5897855873848517,0.15971355454663808
136.89811646592915,0.0073047024007001395,0.5897286585314413,0.15970637999564208
136.89953420307424,0.0073046267529049335,0.5896717286563047,0.15969920696032347
136.90095196958418,0.007304551105109728,0.5896147977682611,0.15969203544067417
136.90236976545998,0.007304475457314521,0.5895578658762051,0.1596848654366869
136.90378759070248,0.007304399809519315,0.5895009329890203,0.1596776969483522
136.90520544531262,0.007304324161724109,0.5894439991155582,0.1596705299756603
136.90662332929128,0.007304248513928903,0.5893870642646492,0.15966336451860016
136.90804124263943,0.007304172866133696,0.5893301284451873,0.15965620057715924
136.90945918535795,0.00730409721833849,0.5892731916660352,0.15964903815132475
136.91087715744771,0.0073040215705432844,0.5892162539360013,0.15964187724108334
136.91229515890973,0.007303945922748078,0.5891593152639909,0.15963471784641928
136.9137131897448,0.007303870274952872,0.5891023756587697,0.1596275599673166
136.9151312499539,0.007303794627157666,0.589045435129275,0.1596204036037588
136.91654933953797,0.007303718979362459,0.5889884936842726,0.15961324875572744
136.91796745849786,0.007303643331567253,0.5889315513326463,0.159606095423204
136.9193856068345,0.007303567683772047,0.588874608083226,0.1595989436061681
136.92080378454884,0.00730349203597684,0.5888176639447991,0.15959179330459894
136.92222199164172,0.0073034163881816345,0.5887607189262062,0.15958464451847482
136.92364022811412,0.0073033407403864286,0.5887037730363096,0.15957749724777281
136.92505849396693,0.007303265092591223,0.5886468262839288,0.1595703514924689
136.92647678920108,0.007303189444796016,0.5885898786778295,0.15956320725253795
136.92789511381744,0.00730311379700081,0.588532930226874,0.15955606452795465
136.92931346781697,0.007303038149205604,0.5884759809398387,0.15954892331869186
136.93073185120056,0.007302962501410397,0.5884190308255857,0.15954178362472188
136.9321502639691,0.007302886853615191,0.5883620798929025,0.15953464544601578
136.93356870612357,0.007302811205819985,0.5883051281505438,0.15952750878254374
136.93498717766482,0.007302735558024779,0.5882481756073827,0.15952037363427488
136.9364056785938,0.007302659910229573,0.588191222272185,0.15951324000117784
136.93782420891137,0.007302584262434367,0.5881342681537272,0.1595061078832194
136.93924276861853,0.00730250861463916,0.5880773132608285,0.15949897728036586
136.9406613577161,0.007302432966843954,0.5880203576022652,0.15949184819258325
136.94207997620506,0.007302357319048748,0.5879634011868142,0.15948472061983485
136.94349862408632,0.007302281671253541,0.5879064440232945,0.15947759456208457
136.94491730136073,0.007302206023458335,0.5878494861204397,0.1594704700192946
136.94633600802928,0.0073021303756631295,0.5877925274870693,0.15946334699142625
136.94775474409283,0.007302054727867924,0.5877355681319274,0.15945622547844016
136.94917350955237,0.007301979080072717,0.5876786080638228,0.15944910548029506
136.9505923044087,0.007301903432277511,0.587621647291478,0.15944198699695
136.95201112866283,0.007301827784482305,0.5875646858236913,0.159434870028362
136.9534299823156,0.007301752136687098,0.5875077236692066,0.1594277545744881
136.954848865368,0.007301676488891892,0.5874507608368005,0.1594206406352833
136.9562677778209,0.007301600841096686,0.5873937973352172,0.15941352821070218
136.9576867196752,0.0073015251933014795,0.5873368331732334,0.1594064173006982
136.95910569093184,0.007301449545506274,0.5872798683595394,0.15939930790522383
136.96052469159173,0.007301373897711068,0.5872229029029332,0.1593922000242307
136.96194372165579,0.007301298249915861,0.5871659368121698,0.15938509365766976
136.96336278112489,0.007301222602120655,0.5871089700959613,0.15937798880549026
136.96478187,0.007301146954325449,0.5870520027630949,0.1593708854676407
136.96620098828203,0.007301071306530242,0.5869950348222396,0.15936378364406883
136.96762013597186,0.007300995658735036,0.5869380662821827,0.15935668333472128
136.9690393130704,0.0073009200109398304,0.5868810971516149,0.15934958453954404
136.97045851957859,0.0073008443631446245,0.5868241274392801,0.15934248725848132
136.97187775549736,0.007300768715349418,0.5867671571539016,0.15933539149147685
136.9732970208276,0.007300693067554212,0.5867101863042555,0.1593282972384741
136.97471631557022,0.007300617419759006,0.5866532148989682,0.1593212044994145
136.97613563972615,0.007300541771963799,0.5865962429468267,0.15931411327423847
136.97755499329628,0.007300466124168593,0.5865392704564788,0.1593070235628863
136.97897437628154,0.007300390476373387,0.5864822974367224,0.15929993536529669
136.98039378868287,0.0073003148285781805,0.5864253238961946,0.1592928486814077
136.98181323050113,0.0073002391807829746,0.586368349843618,0.1592857635111561
136.98323270173728,0.007300163532987769,0.5863113752877369,0.15927867985447747
136.98465220239223,0.007300087885192562,0.5862544002371668,0.15927159771130742
136.98607173246685,0.007300012237397356,0.5861974247006843,0.15926451708157954
136.9874912919621,0.00729993658960215,0.5861404486869476,0.15925743796522712
136.9889108808789,0.007299860941806943,0.5860834722046582,0.15925036036218163
136.99033049921812,0.007299785294011737,0.5860264952624744,0.159243284272375
136.9917501469807,0.007299709646216531,0.5859695178691192,0.15923620969573674
136.99316982416758,0.0072996339984213255,0.5859125400332723,0.15922913663219646
136.99458953077965,0.007299558350626119,0.5858555617635707,0.15922206508168169
136.9960092668178,0.007299482702830913,0.585798583068748,0.15921499504411996
136.99742903228298,0.007299407055035707,0.585741603957441,0.1592079265194379
136.99884882717612,0.0072993314072405,0.5856846244383406,0.15920085950756
137.0002686514981,0.007299255759445294,0.5856276445201156,0.159193794008411
137.00168850524983,0.007299180111650088,0.5855706642113818,0.15918673002191444
137.00310838843225,0.007299104463854881,0.585513683520862,0.1591796675479919
137.00452830104626,0.0072990288160596755,0.5854567024572144,0.15917260658656568
137.00594824309277,0.00729895316826447,0.5853997210290546,0.1591655471375553
137.00736821457275,0.007298877520469263,0.585342739245084,0.15915848920088083
137.00878821548704,0.007298801872674057,0.5852857571139181,0.15915143277646085
137.01020824583657,0.007298726224878851,0.5852287746442152,0.1591443778642124
137.01162830562228,0.007298650577083645,0.5851717918446232,0.1591373244640522
137.0130483948451,0.007298574929288438,0.5851148087238004,0.15913027257589596
137.0144685135059,0.007298499281493232,0.585057825290373,0.15912322219965797
137.01588866160563,0.007298423633698026,0.5850008415529673,0.15911617333525271
137.01730883914522,0.00729834798590282,0.5849438575202203,0.15910912598259158
137.01872904612551,0.007298272338107614,0.5848868732007797,0.15910208014158736
137.02014928254746,0.007298196690312408,0.5848298886032931,0.15909503581215037
137.02156954841203,0.007298121042517201,0.5847729037363546,0.15908799299419055
137.02298984372007,0.007298045394721995,0.5847159186085475,0.15908095168761632
137.0244101684725,0.007297969746926789,0.5846589332286162,0.15907391189233624
137.02583052267033,0.007297894099131582,0.5846019476050472,0.1590668736082569
137.02725090631435,0.0072978184513363764,0.584544961746542,0.15905983683528382
137.0286713194055,0.0072977428035411705,0.584487975661684,0.1590528015733224
137.0300917619448,0.007297667155745964,0.5844309893590564,0.15904576782227703
137.03151223393303,0.007297591507950758,0.5843740028473497,0.15903873558205042
137.03293273537116,0.007297515860155552,0.5843170161350403,0.15903170485254395
137.03435326626013,0.007297440212360346,0.5842600292308505,0.15902467563365968
137.03577382660086,0.007297364564565139,0.5842030421433426,0.15901764792529774
137.03719441639421,0.007297288916769933,0.5841460548810675,0.15901062172735675
137.03861503564113,0.007297213268974727,0.5840890674526623,0.15900359703973563
137.04003568434254,0.0072971376211795206,0.5840320798667317,0.1589965738623312
137.04145636249936,0.007297061973384315,0.583975092131816,0.15898955219503977
137.04287707011247,0.007296986325589109,0.5839181042565416,0.158982532037757
137.04429780718286,0.007296910677793902,0.5838611162494488,0.15897551339037755
137.04571857371135,0.007296835029998696,0.5838041281191855,0.1589684962527941
137.04713936969893,0.00729675938220349,0.5837471398742596,0.15896148062490015
137.0485601951465,0.007296683734408283,0.5836901515232762,0.15895446650658623
137.04998105005495,0.007296608086613077,0.5836331630748076,0.15894745389774367
137.05140193442523,0.0072965324388178715,0.5835761745374266,0.15894044279826172
137.05282284825824,0.007296456791022665,0.5835191859196842,0.1589334332080289
137.05424379155488,0.007296381143227459,0.5834621972301746,0.1589264251269336
137.05566476431608,0.007296305495432253,0.5834052084774487,0.1589194185548621
137.05708576654277,0.007296229847637047,0.5833482196700149,0.1589124134917006
137.05850679823587,0.00729615419984184,0.5832912308164995,0.15890540993733357
137.05992785939625,0.007296078552046634,0.583234241925432,0.15889840789164478
137.0613489500249,0.007296002904251428,0.583177253005353,0.15889140735451754
137.06277007012267,0.0072959272564562215,0.5831202640648026,0.15888440832583375
137.0641912196905,0.007295851608661016,0.5830632751123536,0.15887741080547466
137.06561239872931,0.00729577596086581,0.5830062861565464,0.15887041479331993
137.06703360724003,0.007295700313070603,0.5829492972058785,0.1588634202892493
137.06845484522356,0.007295624665275397,0.5828923082689009,0.15885642729314003
137.06987611268082,0.007295549017480191,0.5828353193542186,0.15884943580487038
137.07129740961273,0.007295473369684984,0.5827783304702645,0.1588424458243157
137.0727187360202,0.007295397721889778,0.5827213416256436,0.1588354573513525
137.07414009190413,0.007295322074094572,0.5826643528288531,0.15882847038585401
137.0755614772655,0.007295246426299366,0.5826073640884122,0.15882148492769432
137.07698289210512,0.00729517077850416,0.5825503754128504,0.15881450097674557
137.07840433642403,0.007295095130708954,0.5824933868106867,0.1588075185328798
137.07982581022304,0.007295019482913748,0.582436398290408,0.1588005375959671
137.08124731350316,0.007294943835118541,0.582379409860576,0.15879355816587756
137.08266884626525,0.007294868187323335,0.5823224215296775,0.15878658024247927
137.08409040851024,0.007294792539528129,0.5822654333062314,0.1587796038256404
137.08551200023905,0.0072947168917329224,0.5822084451987245,0.1587726289152277
137.08693362145257,0.0072946412439377165,0.5821514572156758,0.15876565551110722
137.08835527215177,0.007294565596142511,0.582094469365572,0.1587586836131437
137.08977695233753,0.007294489948347304,0.5820374816569428,0.1587517132212008
137.09119866201078,0.007294414300552098,0.5819804940982641,0.15874474433514194
137.0926204011724,0.007294338652756892,0.5819235066980015,0.1587377769548291
137.0940421698234,0.007294263004961685,0.5818665194646951,0.15873081108012335
137.0954639679646,0.007294187357166479,0.5818095324068103,0.1587238467108849
137.09688579559696,0.007294111709371273,0.5817525455328125,0.1587168838469732
137.0983076527214,0.007294036061576067,0.5816955588512098,0.15870992248824614
137.09972953933885,0.007293960413780861,0.5816385723704782,0.15870296263456118
137.10115145545018,0.007293884765985655,0.5815815860990725,0.15869600428577513
137.10257340105633,0.007293809118190449,0.5815246000455113,0.1586890474417432
137.10399537615825,0.007293733470395242,0.581467614218228,0.1586820921023198
137.10541738075682,0.007293657822600036,0.5814106286257092,0.1586751382673586
137.10683941485297,0.00729358217480483,0.5813536432764204,0.1586681859367125
137.10826147844764,0.007293506527009623,0.5812966581788588,0.158661235110233
137.1096835715417,0.0072934308792144175,0.5812396733414361,0.15865428578777063
137.1111056941361,0.0072933552314192115,0.5811826887725964,0.15864733796917582
137.11252784623176,0.007293279583624005,0.5811257044808477,0.15864039165429653
137.1139500278296,0.007293203935828799,0.5810687204746553,0.158633446842982
137.1153722389305,0.007293128288033593,0.5810117367624095,0.15862650353507846
137.11679447953543,0.007293052640238386,0.5809547533526185,0.1586195617304314
137.11821674964526,0.00729297699244318,0.5808977702536938,0.15861262142888716
137.11963904926094,0.007292901344647974,0.5808407874740795,0.15860568263028935
137.1210613783834,0.007292825696852768,0.5807838050222193,0.15859874533448098
137.1224837370135,0.007292750049057562,0.5807268229065998,0.15859180954130506
137.12390612515222,0.007292674401262356,0.5806698411356115,0.15858487525060247
137.12532854280045,0.00729259875346715,0.5806128597176874,0.15857794246221424
137.12675098995913,0.007292523105671943,0.580555878661282,0.15857101117597908
137.12817346662916,0.007292447457876737,0.5804988979747855,0.1585640813917359
137.12959597281144,0.007292371810081531,0.5804419176666632,0.15855715310932292
137.13101850850694,0.007292296162286324,0.5803849377453376,0.1585502263285759
137.1324410737165,0.007292220514491118,0.5803279582192202,0.1585433010493317
137.1338636684411,0.0072921448666959125,0.5802709790967335,0.1585363772714241
137.13528629268168,0.007292069218900706,0.5802140003862785,0.15852945499468774
137.13670894643911,0.0072919935711055,0.580157022096288,0.1585225342189553
137.1381316297143,0.007291917923310294,0.5801000442351955,0.1585156149440589
137.1395543425082,0.007291842275515087,0.580043066811348,0.15850869716983
137.1409770848217,0.007291766627719881,0.5799860898332108,0.15850178089609868
137.14239985665577,0.007291690979924675,0.5799291133091529,0.1584948661226939
137.1438226580113,0.007291615332129469,0.5798721372475963,0.1584879528494439
137.14524548888917,0.0072915396843342625,0.579815161656953,0.1584810410761766
137.14666834929037,0.007291464036539057,0.5797581865455916,0.15847413080271824
137.14809123921574,0.007291388388743851,0.579701211921913,0.15846722202889427
137.1495141586663,0.007291312740948644,0.5796442377943289,0.15846031475452943
137.15093710764287,0.007291237093153438,0.5795872641712188,0.1584534089794473
137.15236008614642,0.007291161445358232,0.5795302910609512,0.1584465047034713
137.15378309417787,0.007291085797563025,0.5794733184719166,0.1584396019264222
137.1552061317381,0.007291010149767819,0.5794163464125374,0.1584327006481219
137.15662919882809,0.007290934501972613,0.5793593748911391,0.15842580086838992
137.1580522954487,0.007290858854177407,0.5793024039161551,0.15841890258704536
137.1594754216009,0.007290783206382201,0.5792454334959003,0.15841200580390646
137.16089857728556,0.007290707558586995,0.5791884636388079,0.1584051105187903
137.16232176250364,0.007290631910791788,0.5791314943532039,0.1583982167315132
137.16374497725604,0.007290556262996582,0.5790745256474567,0.15839132444189108
137.16516822154367,0.007290480615201376,0.5790175575299674,0.15838443364973775
137.16659149536747,0.00729040496740617,0.5789605900090833,0.15837754435486665
137.16801479872836,0.0072903293196109635,0.5789036230931303,0.15837065655709082
137.16943813162726,0.0072902536718157575,0.5788466567905305,0.1583637702562217
137.17086149406506,0.007290178024020552,0.5787896911095992,0.15835688545207047
137.17228488604272,0.007290102376225345,0.5787327260587052,0.15835000214444614
137.17370830756113,0.007290026728430139,0.5786757616461848,0.15834312033315887
137.1751317586212,0.007289951080634933,0.5786187978803963,0.1583362400180153
137.17655523922392,0.007289875432839726,0.5785618347696868,0.15832936119882346
137.1779787493701,0.00728979978504452,0.5785048723224036,0.1583224838753893
137.17940228906076,0.007289724137249314,0.578447910546894,0.15831560804751824
137.18082585829677,0.007289648489454108,0.5783909494514945,0.15830873371501417
137.18224945707905,0.007289572841658902,0.5783339890445204,0.1583018608776808
137.18367308540851,0.007289497193863696,0.5782770293343187,0.1582949895353204
137.18509674328612,0.00728942154606849,0.5782200703292261,0.15828811968773507
137.18652043071276,0.007289345898273283,0.5781631120375897,0.1582812513347249
137.18794414768934,0.007289270250478077,0.578106154467725,0.15827438447608985
137.18936789421682,0.007289194602682871,0.5780491976279359,0.15826751911162887
137.1907916702961,0.007289118954887664,0.5779922415265808,0.15826065524114
137.1922154759281,0.0072890433070924585,0.577935286171953,0.15825379286441982
137.1936393111137,0.007288967659297253,0.5778783315723678,0.15824693198126488
137.1950631758539,0.007288892011502046,0.5778213777361725,0.15824007259147005
137.19648707014957,0.00728881636370684,0.577764424671682,0.15823321469482965
137.19791099400163,0.007288740715911634,0.5777074723871686,0.15822635829113738
137.19933494741102,0.007288665068116427,0.5776505208909581,0.15821950338018512
137.20075893037864,0.007288589420321221,0.5775935701913978,0.1582126499617651
137.2021829429054,0.007288513772526015,0.5775366202967169,0.1582057980356671
137.2036069849923,0.0072884381247308085,0.5774796712152521,0.15819894760168138
137.20503105664014,0.007288362476935603,0.5774227229553506,0.1581920986595971
137.20645515784992,0.007288286829140397,0.5773657755252629,0.15818525120920163
137.20787928862254,0.007288211181345191,0.5773088289332723,0.15817840525028193
137.20930344895893,0.007288135533549984,0.5772518831876828,0.15817156078262423
137.21072763886,0.007288059885754778,0.5771949382968098,0.15816471780601377
137.21215185832668,0.007287984237959572,0.577137994268936,0.15815787632023479
137.21357610735987,0.007287908590164365,0.5770810511123121,0.15815103632507055
137.2150003859605,0.007287832942369159,0.5770241088352748,0.1581441978203038
137.21642469412953,0.0072877572945739535,0.576967167446064,0.1581373608057157
137.21784903186784,0.007287681646778747,0.5769102269529733,0.15813052528108704
137.21927339917633,0.007287605998983541,0.5768532873642858,0.15812369124619777
137.22069779605596,0.007287530351188335,0.5767963486882948,0.1581168587008266
137.22212222250764,0.007287454703393128,0.5767394109332191,0.15811002764475138
137.22354667853227,0.007287379055597922,0.576682474107363,0.15810319807774928
137.2249711641308,0.007287303407802716,0.5766255382190201,0.15809636999959598
137.22639567930418,0.0072872277600075095,0.5765686032764089,0.15808954341006767
137.22782022405326,0.0072871521122123036,0.576511669287823,0.15808271830893778
137.229244798379,0.007287076464417098,0.5764547362614919,0.15807589469598013
137.2306694022823,0.007287000816621892,0.5763978042057197,0.15806907257096714
137.23209403576413,0.007286925168826685,0.5763408731287465,0.15806225193367035
137.23351869882535,0.007286849521031479,0.5762839430388338,0.1580554327838611
137.2349433914669,0.007286773873236273,0.5762270139442107,0.15804861512130852
137.23636811368974,0.007286698225441066,0.5761700858531388,0.15804179894578158
137.23779286549475,0.00728662257764586,0.5761131587738686,0.15803498425704887
137.23921764688285,0.0072865469298506545,0.5760562327146619,0.1580281710548767
137.240642457855,0.007286471282055448,0.5759993076837154,0.1580213593390323
137.24206729841208,0.007286395634260242,0.5759423836893123,0.15801454910927998
137.243492168555,0.007286319986465036,0.5758854607396924,0.15800774036538498
137.24491706828476,0.007286244338669829,0.5758285388431065,0.15800093310711058
137.2463419976022,0.007286168690874623,0.5757716180077409,0.15799412733421925
137.24776695650826,0.007286093043079417,0.5757146982418785,0.1579873230464733
137.2491919450039,0.00728601739528421,0.5756577795537057,0.15798052024363285
137.25061696309,0.0072859417474890045,0.575600861951484,0.15797371892545856
137.2520420107675,0.007285866099693799,0.575543945443421,0.1579669190917091
137.25346708803733,0.007285790451898593,0.5754870300377568,0.15796012074214275
137.25489219490038,0.007285714804103386,0.57543011574271,0.1579533238765171
137.2563173313576,0.00728563915630818,0.5753732025664775,0.15794652849458798
137.2577424974099,0.007285563508512974,0.5753162905173209,0.15793973459611155
137.25916769305823,0.007285487860717767,0.5752593796034265,0.15793294218084225
137.26059291830344,0.007285412212922561,0.5752024698330236,0.15792615124853357
137.26201817314654,0.007285336565127355,0.5751455612142877,0.15791936179893856
137.2634434575884,0.007285260917332149,0.5750886537554697,0.15791257383180887
137.26486877162995,0.007285185269536943,0.575031747464745,0.1579057873468962
137.2662941152721,0.007285109621741737,0.5749748423503537,0.15789900234395035
137.26771948851584,0.00728503397394653,0.574917938420482,0.15789221882272064
137.26914489136198,0.007284958326151324,0.5748610356833058,0.15788543678295555
137.27057032381154,0.007284882678356118,0.5748041341470863,0.1578786562244027
137.27199578586539,0.007284807030560912,0.5747472338199671,0.15787187714680856
137.27342127752448,0.0072847313827657054,0.5746903347101557,0.15786509954991929
137.2748467987897,0.0072846557349704995,0.5746334368258389,0.15785832343347886
137.27627234966198,0.007284580087175294,0.5745765401752134,0.15785154879723243
137.27769793014227,0.007284504439380087,0.5745196447664657,0.15784477564092222
137.2791235402315,0.007284428791584881,0.5744627506078035,0.15783800396429104
137.28054917993052,0.007284353143789675,0.5744058577073918,0.15783123376707978
137.28197484924036,0.007284277495994468,0.5743489660734061,0.15782446504902942
137.28340054816184,0.007284201848199262,0.574292075714033,0.15781769780987917
137.28482627669592,0.007284126200404056,0.5742351866374692,0.1578109320493679
137.28625203484356,0.0072840505526088496,0.5741782988518261,0.15780416776723338
137.28767782260562,0.007283974904813644,0.574121412365376,0.1577974049632125
137.28910363998307,0.007283899257018438,0.5740645271862191,0.15779064363704168
137.29052948697682,0.007283823609223231,0.5740076433225207,0.15778388378845562
137.2919553635878,0.007283747961428025,0.5739507607824883,0.157777125417189
137.2933812698169,0.007283672313632819,0.5738938795742868,0.15777036852297524
137.29480720566508,0.007283596665837613,0.5738369997060706,0.15776361310554665
137.29623317113325,0.007283521018042406,0.5737801211859828,0.1577568591646351
137.2976591662223,0.0072834453702472005,0.5737232440221992,0.15775010669997128
137.29908519093323,0.0072833697224519945,0.5736663682228846,0.1577433557112861
137.3005112452669,0.007283294074656788,0.5736094937961289,0.15773660619830712
137.30193732922424,0.007283218426861582,0.5735526207501827,0.1577298581607631
137.3033634428062,0.007283142779066376,0.573495749093168,0.15772311159838176
137.30478958601367,0.007283067131271169,0.573438878833196,0.15771636651088908
137.30621575884757,0.007282991483475963,0.5733820099784425,0.15770962289801108
137.30764196130886,0.007282915835680757,0.5733251425370613,0.1577028807594726
137.30906819339847,0.0072828401878855505,0.573268276517164,0.15769614009499644
137.31049445511727,0.007282764540090345,0.5732114119269262,0.15768940090430653
137.31192074646623,0.007282688892295139,0.5731545487744587,0.15768266318712493
137.31334706744624,0.007282613244499932,0.5730976870679376,0.15767592694317267
137.31477341805825,0.007282537596704726,0.5730408268154632,0.1576691921721701
137.3161997983032,0.00728246194890952,0.5729839680251683,0.15766245887383679
137.31762620818193,0.007282386301114314,0.5729271107052069,0.15765572704789133
137.31905264769546,0.007282310653319107,0.5728702548636795,0.15764899669405125
137.32047911684464,0.007282235005523901,0.5728134005087404,0.15764226781203416
137.32190561563044,0.0072821593577286955,0.5727565476485222,0.15763554040155547
137.3233321440538,0.007282083709933489,0.5726996962911148,0.15762881446233035
137.3247587021156,0.007282008062138283,0.5726428464446722,0.15762208999407346
137.32618528981675,0.007281932414343077,0.5725859981172629,0.1576153669964982
137.32761190715823,0.00728185676654787,0.572529151317073,0.15760864546931694
137.3290385541409,0.007281781118752664,0.5724723060521603,0.15760192541224183
137.33046523076575,0.007281705470957458,0.5724154623306896,0.15759520682498318
137.33189193703367,0.0072816298231622514,0.5723586201607292,0.15758848970725148
137.33331867294558,0.0072815541753670455,0.5723017795504012,0.15758177405875556
137.3347454385024,0.00728147852757184,0.572244940507838,0.15757505987920362
137.3361722337051,0.007281402879776633,0.572188103041119,0.15756834716830334
137.33759905855456,0.007281327231981427,0.5721312671583553,0.15756163592576167
137.33902591305167,0.007281251584186221,0.5720744328676474,0.15755492615128355
137.34045279719743,0.007281175936391015,0.5720176001770957,0.15754821784457426
137.34187971099274,0.007281100288595808,0.5719607690947901,0.15754151100533775
137.3433066544385,0.007281024640800602,0.5719039396288526,0.157534805633277
137.34473362753565,0.007280948993005396,0.5718471117873729,0.157528101728095
137.3461606302851,0.00728087334521019,0.5717902855784194,0.15752139928949188
137.3475876626878,0.007280797697414984,0.5717334610101032,0.15751469831716974
137.34901472474465,0.007280722049619778,0.5716766380905035,0.15750799881082722
137.35044181645662,0.007280646401824571,0.5716198168277208,0.15750130077016353
137.35186893782458,0.007280570754029365,0.5715629972298018,0.1574946041948767
137.35329608884948,0.007280495106234159,0.5715061793048793,0.15748790908466392
137.35472326953223,0.007280419458438952,0.571449363061011,0.15748121543922156
137.35615047987375,0.0072803438106437465,0.5713925485062759,0.15747452325824507
137.357577719875,0.0072802681628485405,0.5713357356487636,0.15746783254142938
137.35900498953688,0.007280192515053335,0.5712789244965104,0.15746114328846741
137.36043228886032,0.007280116867258128,0.5712221150576704,0.15745445549905282
137.36185961784625,0.007280041219462922,0.5711653073402262,0.1574477691728777
137.36328697649554,0.007279965571667716,0.5711085013522995,0.15744108430963302
137.36471436480923,0.007279889923872509,0.5710516971019804,0.15743440090900926
137.36614178278813,0.007279814276077303,0.5709948945972619,0.15742771897069596
137.36756923043322,0.007279738628282097,0.5709380938462554,0.15742103849438205
137.36899670774542,0.007279662980486891,0.5708812948570183,0.15741435947975466
137.37042421472566,0.007279587332691685,0.5708244976376191,0.15740768192650162
137.37185175137483,0.007279511684896479,0.5707677021961046,0.1574010058343092
137.3732793176939,0.007279436037101272,0.5707109085405538,0.1573943312028618
137.3747069136838,0.007279360389306066,0.5706541166789707,0.15738765803184465
137.3761345393454,0.00727928474151086,0.5705973266194773,0.15738098632094127
137.37756219467968,0.007279209093715653,0.5705405383700775,0.15737431606983412
137.3789898796875,0.007279133445920447,0.5704837519388287,0.1573676472782057
137.38041759436985,0.0072790577981252415,0.5704269673338104,0.1573609799457366
137.38184533872763,0.0072789821503300356,0.5703701845630046,0.15735431407210804
137.38327311276177,0.007278906502534829,0.5703134036345444,0.15734764965699843
137.38470091647318,0.007278830854739623,0.570256624556412,0.1573409867000868
137.38612874986282,0.007278755206944417,0.5701998473366438,0.15733432520105095
137.38755661293158,0.00727867955914921,0.5701430719832971,0.15732766515956773
137.38898450568038,0.007278603911354004,0.5700862985044189,0.15732100657531345
137.39041242811018,0.007278528263558798,0.5700295269080561,0.15731434944796352
137.3918403802219,0.0072784526157635915,0.5699727572022126,0.15730769377719206
137.39326836201644,0.007278376967968386,0.569915989394914,0.15730103956267272
137.39469637349475,0.00727830132017318,0.5698592234942389,0.15729438680407815
137.39612441465775,0.007278225672377973,0.5698024595081488,0.1572877355010804
137.39755248550634,0.007278150024582767,0.5697456974447546,0.15728108565335105
137.39898058604146,0.007278074376787561,0.5696889373119961,0.1572744372605599
137.40040871626408,0.007277998728992354,0.5696321791179522,0.15726779032237653
137.40183687617505,0.007277923081197148,0.5695754228706484,0.15726114483846979
137.40326506577537,0.007277847433401942,0.5695186685780671,0.15725450080850678
137.4046932850659,0.0072777717856067365,0.5694619162482446,0.15724785823215542
137.40612153404763,0.00727769613781153,0.5694051658892061,0.15724121710908107
137.4075498127214,0.007277620490016324,0.5693484175089664,0.15723457743894959
137.4089781210882,0.007277544842221118,0.5692916711155079,0.15722793922142542
137.410406459149,0.007277469194425911,0.5692349267168991,0.15722130245617183
137.41183482690462,0.007277393546630705,0.5691781843210687,0.15721466714285204
137.41326322435603,0.007277317898835499,0.5691214439361172,0.15720803328112795
137.4146916515042,0.0072772422510402925,0.5690647055700057,0.15720140087066115
137.41612010835,0.0072771666032450865,0.5690079692307379,0.15719476991111098
137.41754859489433,0.007277090955449881,0.5689512349263182,0.15718814040213824
137.41897711113822,0.007277015307654674,0.5688945026647502,0.15718151234340116
137.42040565708248,0.007276939659859468,0.5688377724540165,0.15717488573455746
137.42183423272814,0.007276864012064262,0.5687810443021853,0.1571682605752644
137.42326283807606,0.007276788364269055,0.5687243182171643,0.15716163686517828
137.42469147312718,0.007276712716473849,0.5686675942069785,0.15715501460395453
137.42612013788244,0.007276637068678643,0.5686108722796323,0.15714839379124812
137.42754883234275,0.0072765614208834374,0.5685541524431399,0.15714177442671257
137.42897755650907,0.007276485773088231,0.5684974347054411,0.15713515651000076
137.43040631038227,0.007276410125293025,0.5684407190745614,0.15712854004076554
137.43183509396331,0.007276334477497819,0.5683840055584939,0.15712192501865743
137.43326390725315,0.007276258829702612,0.5683272941651889,0.1571153114433275
137.43469275025265,0.007276183181907406,0.5682705849026288,0.15710869931442561
137.43612162296276,0.0072761075341122,0.568213877778807,0.15710208863160058
137.43755052538444,0.007276031886316993,0.5681571728017275,0.15709547939450044
137.43897945751857,0.0072759562385217875,0.568100469979351,0.1570888716027726
137.4404084193661,0.0072758805907265816,0.5680437693196388,0.15708226525606378
137.44183741092797,0.007275804942931375,0.5679870708306056,0.1570756603540194
137.44326643220506,0.007275729295136169,0.5679303745202015,0.1570690568962846
137.44469548319833,0.007275653647340963,0.5678736803963876,0.15706245488250364
137.44612456390874,0.007275577999545757,0.5678169884671251,0.15705585431231908
137.44755367433717,0.00727550235175055,0.5677602987404284,0.15704925518537394
137.44898281448454,0.007275426703955344,0.5677036112242373,0.15704265750131027
137.4504119843518,0.007275351056160138,0.5676469259265128,0.15703606125976832
137.45184118393988,0.007275275408364932,0.5675902428552372,0.15702946646038823
137.4532704132497,0.007275199760569726,0.567533562018361,0.15702287310280985
137.45469967228217,0.00727512411277452,0.5674768834238452,0.15701628118667058
137.45612896103827,0.007275048464979313,0.5674202070796293,0.1570096907116094
137.45755827951888,0.007274972817184107,0.5673635329937065,0.1570031016772622
137.45898762772492,0.007274897169388901,0.5673068611740272,0.15699651408326554
137.46041700565735,0.007274821521593694,0.5672501916285309,0.15698992792925442
137.4618464133171,0.007274745873798488,0.5671935243652001,0.15698334321486332
137.46327585070503,0.0072746702260032825,0.5671368593919637,0.1569767599397264
137.46470531782217,0.007274594578208076,0.5670801967167504,0.15697017810347608
137.46613481466937,0.00727451893041287,0.5670235363475429,0.156963597705744
137.4675643412476,0.007274443282617664,0.5669668782922913,0.15695701874616266
137.46899389755774,0.007274367634822458,0.5669102225588923,0.15695044122436158
137.47042348360077,0.007274291987027251,0.56685356915535,0.15694386513997052
137.4718530993776,0.007274216339232045,0.5667969180895932,0.15693729049261876
137.47328274488913,0.007274140691436839,0.5667402693695398,0.15693071728193458
137.47471242013634,0.0072740650436416325,0.566683623003151,0.15692414550754452
137.47614212512013,0.007273989395846427,0.5666269789983663,0.15691757516907603
137.4775718598414,0.007273913748051221,0.5665703373630933,0.15691100626615417
137.47900162430113,0.007273838100256014,0.5665136981053035,0.15690443879840393
137.48043141850022,0.007273762452460808,0.5664570612329151,0.1568978727654501
137.48186124243958,0.007273686804665602,0.5664004267538247,0.15689130816691552
137.48329109612018,0.007273611156870395,0.5663437946760363,0.15688474500242222
137.4847209795429,0.007273535509075189,0.5662871650074359,0.1568781832715936
137.4861508927087,0.0072734598612799834,0.5662305377559523,0.15687162297404933
137.48758083561853,0.007273384213484777,0.566173912929482,0.1568650641094098
137.48901080827326,0.007273308565689571,0.56611729053604,0.15685850667729498
137.49044081067387,0.007273232917894365,0.5660606705834474,0.15685195067732333
137.49187084282127,0.007273157270099159,0.5660040530797086,0.15684539610911288
137.49330090471636,0.007273081622303952,0.5659474380326663,0.15683884297228
137.49473099636012,0.007273005974508746,0.5658908254503247,0.15683229126644213
137.49616111775342,0.00727293032671354,0.565834215340548,0.15682574099121388
137.49759126889725,0.0072728546789183335,0.5657776077112545,0.15681919214621048
137.4990214497925,0.0072727790311231276,0.5657210025703729,0.156812644731046
137.5004516604401,0.007272703383327922,0.5656643999258107,0.1568060987453332
137.501881900841,0.007272627735532715,0.5656077997854754,0.1567995541886847
137.50331217099608,0.007272552087737509,0.5655512021572633,0.15679301106071172
137.5047424709063,0.007272476439942303,0.5654946070491464,0.15678646936102683
137.50617280057264,0.007272400792147096,0.5654380144689463,0.15677992908923832
137.50760315999594,0.00727232514435189,0.5653814244246453,0.15677339024495618
137.5090335491772,0.007272249496556684,0.5653248369240973,0.15676685282778902
137.51046396811728,0.007272173848761478,0.5652682519752203,0.15676031683734448
137.51189441681717,0.007272098200966272,0.5652116695859218,0.15675378227322964
137.51332489527775,0.007272022553171066,0.5651550897640985,0.15674724913505067
137.51475540349998,0.00727194690537586,0.5650985125176683,0.15674071742241322
137.5161859414848,0.007271871257580653,0.5650419378545172,0.15673418713492182
137.5176165092331,0.007271795609785447,0.564985365782499,0.1567276582721807
137.51904710674583,0.007271719961990241,0.5649287963096069,0.15672113083379272
137.52047773402393,0.007271644314195034,0.5648722294436195,0.15671460481936028
137.5219083910683,0.0072715686663998285,0.5648156651925194,0.1567080802284856
137.5233390778799,0.007271493018604623,0.56475910356416,0.15670155706076874
137.52476979445964,0.007271417370809416,0.5647025445664062,0.15669503531581025
137.52620054080847,0.00727134172301421,0.5646459882072082,0.15668851499320946
137.52763131692728,0.007271266075219004,0.5645894344944303,0.15668199609256525
137.52906212281704,0.007271190427423797,0.5645328834359263,0.15667547861347442
137.53049295847865,0.007271114779628591,0.5644763350396036,0.15666896255553528
137.53192382391305,0.007271039131833385,0.5644197893133589,0.1566624479183435
137.53335471912118,0.007270963484038179,0.5643632462650566,0.15665593470149475
137.53478564410395,0.007270887836242973,0.5643067059025828,0.1566494229045841
137.5362165988623,0.007270812188447767,0.5642501682338017,0.1566429125272048
137.53764758339716,0.007270736540652561,0.5641936332666315,0.15663640356895076
137.53907859770945,0.007270660892857354,0.5641371010089261,0.15662989602941454
137.5405096418001,0.007270585245062148,0.5640805714685497,0.15662338990818814
137.54194071567005,0.007270509597266942,0.5640240446533671,0.15661688520486136
137.54337181932027,0.007270433949471735,0.5639675205712961,0.15661038191902596
137.5448029527516,0.0072703583016765294,0.5639109992301476,0.15660388005027073
137.546234115965,0.0072702826538813235,0.5638544806378614,0.15659737959818426
137.54766530896148,0.007270207006086117,0.563797964802248,0.15659088056235482
137.54909653174184,0.007270131358290911,0.5637414517312149,0.15658438294236995
137.5505277843071,0.007270055710495705,0.5636849414325837,0.15657788673781553
137.55195906665818,0.007269980062700498,0.5636284339142833,0.15657139194827796
137.55339037879597,0.007269904414905292,0.5635719291841459,0.15656489857334194
137.55482172072143,0.007269828767110086,0.5635154272500145,0.1565584066125918
137.55625309243547,0.00726975311931488,0.5634589281197749,0.15655191606561103
137.55768449393906,0.0072696774715196736,0.5634024318012596,0.1565454269319823
137.5591159252331,0.007269601823724468,0.563345938302376,0.15653893921128817
137.56054738631852,0.007269526175929262,0.5632894476309347,0.15653245290310924
137.56197887719625,0.007269450528134055,0.5632329597948325,0.1565259680070266
137.56341039786722,0.007269374880338849,0.5631764748018803,0.15651948452261955
137.56484194833237,0.007269299232543643,0.5631199926599637,0.15651300244946786
137.56627352859263,0.007269223584748436,0.5630635133769368,0.15650652178714947
137.5677051386489,0.00726914793695323,0.563007036960664,0.15650004253524202
137.56913677850216,0.0072690722891580245,0.5629505634189452,0.15649356469332207
137.5705684481533,0.007268996641362818,0.5628940927596451,0.1564870882609663
137.57200014760326,0.007268920993567612,0.5628376249906601,0.15648061323774984
137.573431876853,0.007268845345772406,0.562781160119812,0.15647413962324724
137.5748636359034,0.0072687696979772,0.5627246981549223,0.15646766741703283
137.57629542475544,0.007268694050181993,0.5626682391038232,0.15646119661867913
137.57772724341,0.007268618402386787,0.5626117829744542,0.15645472722775933
137.57915909186806,0.007268542754591581,0.5625553297745298,0.1564482592438451
137.58059097013052,0.0072684671067963745,0.5624988795119786,0.156441792666507
137.5820228781983,0.007268391459001169,0.5624424321946115,0.1564353274953151
137.5834548160724,0.007268315811205963,0.5623859878302931,0.15642886372983958
137.58488678375366,0.007268240163410756,0.5623295464268233,0.1564224013696492
137.58631878124305,0.00726816451561555,0.562273107992056,0.15641594041431167
137.5877508085415,0.007268088867820344,0.5622166725338019,0.15640948086339473
137.58918286564995,0.007268013220025137,0.5621602400599256,0.15640302271646442
137.59061495256933,0.007267937572229931,0.5621038105782806,0.15639656597308768
137.59204706930055,0.007267861924434725,0.5620473840966458,0.15639011063282882
137.59347921584458,0.007267786276639519,0.5619909606228854,0.1563836566952523
137.59491139220228,0.007267710628844313,0.5619345401648428,0.15637720415992273
137.59634359837466,0.007267634981049107,0.5618781227302962,0.156370753026402
137.5977758343626,0.007267559333253901,0.5618217083271211,0.15636430329425344
137.59920810016706,0.007267483685458694,0.5617652969631282,0.156357854963038
137.60064039578896,0.007267408037663488,0.5617088886461498,0.15635140803231698
137.60207272122923,0.007267332389868282,0.5616524833839859,0.15634496250165011
137.6035050764888,0.0072672567420730754,0.5615960811844797,0.15633851837059756
137.60493746156862,0.0072671810942778695,0.5615396820554418,0.15633207563871712
137.60636987646959,0.007267105446482664,0.5614832860047262,0.15632563430556726
137.60780232119265,0.007267029798687457,0.5614268930401005,0.15631919437070535
137.60923479573873,0.007266954150892251,0.5613705031694187,0.15631275583368834
137.6106673001088,0.007266878503097045,0.5613141164005238,0.1563063186940713
137.61209983430373,0.007266802855301838,0.5612577327411621,0.15629988295140987
137.61353239832448,0.007266727207506632,0.5612013521992087,0.1562934486052583
137.614964992172,0.007266651559711426,0.5611449747824426,0.156287015655171
137.6163976158472,0.0072665759119162196,0.5610886004987172,0.1562805841007004
137.61783026935103,0.007266500264121014,0.5610322293558007,0.15627415394139857
137.61926295268438,0.007266424616325808,0.5609758613615358,0.1562677251768179
137.62069566584822,0.007266348968530602,0.5609194965237227,0.15626129780650877
137.62212840884348,0.007266273320735395,0.5608631348501724,0.15625487183002162
137.62356118167105,0.007266197672940189,0.5608067763486955,0.15624844724690642
137.62499398433192,0.007266122025144983,0.5607504210270707,0.15624202405671114
137.626426816827,0.007266046377349776,0.560694068893141,0.15623560225898434
137.6278596791572,0.0072659707295545705,0.560637719954728,0.15622918185327364
137.6292925713235,0.0072658950817593645,0.5605813742196104,0.15622276283912584
137.6307254933268,0.007265819433964158,0.5605250316955667,0.15621634521608632
137.632158445168,0.007265743786168952,0.5604686923904184,0.1562099289837009
137.63359142684808,0.007265668138373746,0.5604123563120087,0.15620351414151432
137.63502443836796,0.007265592490578539,0.5603560234680945,0.15619710068907053
137.63645747972856,0.007265516842783333,0.5602996938664978,0.15619068862591245
137.63789055093085,0.007265441194988127,0.560243367514986,0.15618427795158263
137.6393236519757,0.0072653655471929205,0.5601870444213704,0.15617786866562328
137.6407567828641,0.007265289899397715,0.5601307245934507,0.1561714607675756
137.64218994359695,0.007265214251602509,0.5600744080390593,0.15616505425697988
137.6436231341752,0.007265138603807303,0.5600180947659213,0.15615864913337577
137.64505635459975,0.007265062956012096,0.5599617847818796,0.15615224539630287
137.64648960487156,0.00726498730821689,0.5599054780947021,0.15614584304529902
137.64792288499157,0.007264911660421684,0.5598491747122426,0.15613944207990255
137.6493561949607,0.007264836012626477,0.5597928746421724,0.15613304249965007
137.65078953477988,0.007264760364831271,0.5597365778924097,0.15612664430407827
137.65222290445004,0.0072646847170360655,0.5596802844706686,0.15612024749272277
137.65365630397213,0.007264609069240859,0.5596239943847708,0.1561138520651184
137.65508973334704,0.007264533421445653,0.5595677076424627,0.15610745802079976
137.65652319257575,0.007264457773650447,0.5595114242515765,0.15610106535930002
137.6579566816592,0.00726438212585524,0.5594551442198803,0.15609467408015254
137.65939020059827,0.007264306478060034,0.559398867555174,0.15608828418289003
137.66082374939393,0.007264230830264828,0.559342594265204,0.15608189566704325
137.66225732804708,0.007264155182469622,0.5592863243577706,0.15607550853214364
137.6636909365587,0.0072640795346744155,0.5592300578406524,0.15606912277772153
137.6651245749297,0.00726400388687921,0.5591737947216707,0.15606273840330628
137.666558243161,0.007263928239084004,0.5591175350085723,0.15605635540842674
137.66799194125358,0.007263852591288797,0.5590612787091357,0.15604997379261135
137.6694256692083,0.007263776943493591,0.5590050258311394,0.15604359355538783
137.67085942702613,0.007263701295698385,0.5589487763823514,0.15603721469628296
137.67229321470805,0.007263625647903178,0.5588925303705718,0.15603083721482308
137.6737270322549,0.007263550000107972,0.5588362878035794,0.15602446111053345
137.67516087966766,0.007263474352312766,0.5587800486891418,0.1560180863829389
137.67659475694728,0.00726339870451756,0.5587238130350378,0.15601171303156428
137.67802866409468,0.007263323056722354,0.5586675808490031,0.15600534105593256
137.67946260111077,0.007263247408927148,0.55861135213887,0.15599897045556704
137.68089656799654,0.007263171761131941,0.5585551269123742,0.15599260122998979
137.68233056475285,0.007263096113336735,0.558498905177305,0.15598623337872292
137.68376459138068,0.007263020465541529,0.5584426869414197,0.15597986690128646
137.68519864788095,0.007262944817746323,0.5583864722124754,0.15597350179720165
137.6866327342546,0.0072628691699511165,0.5583302609982829,0.15596713806598697
137.68806685050257,0.0072627935221559105,0.558274053306578,0.1559607757071624
137.68950099662575,0.007262717874360705,0.5582178491451285,0.15595441472024588
137.69093517262516,0.007262642226565498,0.5581616485216916,0.15594805510475482
137.69236937850164,0.007262566578770292,0.558105451444089,0.1559416968602063
137.69380361425618,0.007262490930975086,0.5580492579200454,0.15593533998611722
137.6952378798897,0.007262415283179879,0.5579930679572861,0.15592898448200276
137.6966721754031,0.007262339635384673,0.557936881563654,0.15592263034737777
137.6981065007974,0.007262263987589467,0.5578806987468632,0.15591627758175725
137.69954085607344,0.007262188339794261,0.5578245195146818,0.15590992618465424
137.70097524123221,0.007262112691999055,0.5577683438748776,0.1559035761555823
137.70240965627463,0.007262037044203849,0.5577121718351972,0.15589722749405405
137.7038441012016,0.007261961396408642,0.557656003403419,0.1558908801995805
137.7052785760141,0.007261885748613436,0.5575998385872897,0.1558845342716738
137.70671308071306,0.00726181010081823,0.5575436773945769,0.15587818970984368
137.7081476152994,0.007261734453023024,0.5574875198330488,0.15587184651360037
137.70958217977406,0.007261658805227817,0.5574313659104302,0.15586550468245317
137.71101677413796,0.0072615831574326115,0.5573752156344999,0.15585916421591034
137.71245139839203,0.007261507509637406,0.5573190690130149,0.15585282511348003
137.71388605253725,0.007261431861842199,0.5572629260537216,0.15584648737466958
137.7153207365745,0.007261356214046993,0.5572067867643775,0.1558401509989854
137.71675545050476,0.007261280566251787,0.557150651152718,0.15583381598593388
137.71819019432894,0.00726120491845658,0.5570945192265326,0.1558274823350208
137.71962496804795,0.007261129270661374,0.5570383909935571,0.15582115004575015
137.72105977166277,0.007261053622866168,0.556982266461527,0.15581481911762599
137.72249460517432,0.0072609779750709615,0.556926145638189,0.15580848955015233
137.7239294685835,0.007260902327275756,0.5568700285313323,0.15580216134283198
137.72536436189128,0.00726082667948055,0.5568139151486818,0.15579583449516715
137.72679928509862,0.007260751031685343,0.5567578054979841,0.15578950900665947
137.7282342382064,0.007260675383890137,0.5567016995870071,0.15578318487680967
137.72966922121557,0.007260599736094931,0.5566455974234543,0.15577686210511815
137.7311042341271,0.007260524088299725,0.5565894990151365,0.15577054069108529
137.73253927694188,0.007260448440504518,0.5565334043697251,0.15576422063420936
137.73397434966085,0.0072603727927093124,0.5564773134950202,0.1557579019339894
137.73540945228496,0.0072602971449141065,0.5564212263987466,0.15575158458992297
137.73684458481517,0.0072602214971189,0.5563651430886617,0.15574526860150747
137.73827974725236,0.007260145849323694,0.5563090635725119,0.15573895396823967
137.7397149395975,0.007260070201528488,0.5562529878580007,0.1557326406896155
137.74115016185152,0.007259994553733281,0.5561969159529281,0.15572632876513004
137.74258541401534,0.007259918905938075,0.5561408478649871,0.15572001819427828
137.74402069608988,0.007259843258142869,0.5560847836019561,0.15571370897655493
137.74545600807613,0.0072597676103476625,0.5560287231715496,0.15570740111145243
137.746891349975,0.0072596919625524566,0.5559726665815139,0.1557010945984646
137.7483267217874,0.007259616314757251,0.555916613839574,0.1556947894370833
137.7497621235143,0.007259540666962045,0.5558605649534979,0.15568848562680104
137.75119755515664,0.007259465019166838,0.555804519931032,0.15568218316710739
137.7526330167153,0.007259389371371632,0.5557484787799012,0.15567588205749464
137.75406850819127,0.007259313723576426,0.555692441507809,0.15566958229745154
137.75550402958547,0.007259238075781219,0.5556364081225236,0.15566328388646744
137.75693958089883,0.007259162427986013,0.5555803786317697,0.15565698682403153
137.75837516213227,0.0072590867801908075,0.5555243530433152,0.15565069110963153
137.75981077328677,0.007259011132395601,0.5554683313648531,0.15564439674275476
137.7612464143632,0.007258935484600395,0.5554123136041511,0.15563810372288875
137.76268208536257,0.007258859836805189,0.5553562997689022,0.15563181204951893
137.76411778628577,0.007258784189009982,0.5553002898668956,0.15562552172213162
137.76555351713372,0.007258708541214776,0.5552442839058135,0.15561923274021167
137.7669892779074,0.00725863289341957,0.5551882818934023,0.1556129451032439
137.76842506860774,0.007258557245624363,0.5551322838374084,0.15560665881071153
137.76986088923567,0.0072584815978291575,0.5550762897455782,0.15560037386209818
137.7712967397921,0.007258405950033952,0.555020299625594,0.15559409025688675
137.77273262027796,0.007258330302238746,0.5549643134852449,0.15558780799455904
137.77416853069423,0.007258254654443539,0.5549083313321702,0.15558152707459666
137.77560447104182,0.007258179006648333,0.5548523531742021,0.1555752474964804
137.77704044132167,0.007258103358853127,0.5547963790190228,0.15556896925969077
137.77847644153474,0.00725802771105792,0.554740408874325,0.15556269236370807
137.7799124716819,0.007257952063262714,0.5546844427479088,0.1555564168080102
137.78134853176417,0.007257876415467508,0.5546284806474671,0.1555501425920766
137.78278462178244,0.007257800767672302,0.5545725225807354,0.15554386971538492
137.78422074173764,0.007257725119877096,0.5545165685554174,0.15553759817741342
137.7856568916307,0.00725764947208189,0.5544606185792703,0.15553132797763802
137.7870930714626,0.007257573824286683,0.5544046726599975,0.15552505911553496
137.78852928123425,0.007257498176491477,0.5543487308053241,0.15551879159058024
137.78996552094657,0.007257422528696271,0.5542927930229965,0.1555125254022489
137.79140179060053,0.007257346880901064,0.5542368593207183,0.15550626055001524
137.79283809019702,0.0072572712331058584,0.5541809297062144,0.15549999703335352
137.794274419737,0.0072571955853106525,0.5541250041872312,0.1554937348517371
137.79571077922142,0.007257119937515447,0.5540690827714724,0.1554874740046388
137.79714716865124,0.00725704428972024,0.554013165466652,0.1554812144915301
137.79858358802733,0.007256968641925034,0.5539572522805275,0.1554749563118837
137.80002003735066,0.007256892994129828,0.5539013432207808,0.15546869946517033
137.8014565166222,0.007256817346334621,0.5538454382951583,0.15546244395086029
137.80289302584282,0.007256741698539415,0.553789537511385,0.1554561897684234
137.8043295650135,0.007256666050744209,0.553733640877186,0.15544993691732953
137.80576613413518,0.0072565904029490026,0.5536777484002326,0.15544368539704684
137.80720273320875,0.007256514755153797,0.5536218600883034,0.15543743520704445
137.8086393622352,0.007256439107358591,0.5535659759490805,0.15543118634678943
137.81007602121548,0.007256363459563384,0.5535100959902995,0.15542493881574912
137.81151271015045,0.007256287811768178,0.5534542202196964,0.1554186926133896
137.81294942904108,0.007256212163972972,0.5533983486449637,0.15541244773917773
137.81438617788837,0.007256136516177765,0.5533424812738372,0.1554062041925786
137.81582295669315,0.007256060868382559,0.5532866181140313,0.155399961973057
137.81725976545644,0.0072559852205873535,0.5532307591732494,0.1553937210800773
137.81869660417914,0.0072559095727921475,0.5531749044592166,0.1553874815131029
137.8201334728622,0.007255833924996941,0.5531190539796684,0.15538124327159783
137.82157037150654,0.007255758277201735,0.5530632077422978,0.15537500635502433
137.82300730011312,0.007255682629406529,0.5530073657548297,0.15536877076284436
137.8244442586829,0.007255606981611322,0.5529515280249784,0.1553625364945202
137.82588124721673,0.007255531333816116,0.5528956945604688,0.15535630354951188
137.8273182657156,0.00725545568602091,0.5528398653689832,0.1553500719272806
137.82875531418048,0.0072553800382257035,0.5527840404583108,0.15534384162728623
137.83019239261228,0.007255304390430498,0.5527282198360906,0.15533761264898813
137.83162950101192,0.007255228742635292,0.5526724035100693,0.1553313849918451
137.83306663938035,0.007255153094840085,0.5526165914879826,0.15532515865531527
137.8345038077185,0.007255077447044879,0.5525607837774802,0.15531893363885665
137.83594100602733,0.007255001799249673,0.5525049803863623,0.15531270994192645
137.83737823430775,0.007254926151454467,0.5524491813222789,0.1553064875639815
137.8388154925607,0.00725485050365926,0.5523933865929763,0.15530026650447776
137.84025278078715,0.007254774855864054,0.5523375962061366,0.1552940467628711
137.841690098988,0.0072546992080688485,0.5522818101694955,0.15528782833861624
137.84312744716425,0.007254623560273642,0.5522260284907781,0.15528161123116785
137.84456482531675,0.007254547912478436,0.5521702511776664,0.15527539543998023
137.84600223344648,0.00725447226468323,0.5521144782378745,0.15526918096450662
137.84743967155438,0.007254396616888023,0.5520587096791598,0.15526296780420018
137.8488771396414,0.007254320969092817,0.5520029455091936,0.1552567559585132
137.85031463770844,0.007254245321297611,0.5519471857356795,0.1552505454268976
137.85175216575647,0.0072541696735024044,0.5518914303663529,0.15524433620880482
137.85318972378641,0.0072540940257071985,0.5518356794089284,0.15523812830368613
137.85462731179922,0.007254018377911993,0.5517799328711201,0.15523192171099104
137.85606492979582,0.007253942730116786,0.551724190760578,0.15522571643017005
137.85750257777715,0.00725386708232158,0.551668453085102,0.15521951246067217
137.85894025574413,0.007253791434526374,0.5516127198523529,0.15521330980194636
137.86037796369774,0.007253715786731168,0.5515569910700556,0.15520710845344105
137.8618157016389,0.007253640138935961,0.5515012667459136,0.15520090841460352
137.86325346956855,0.007253564491140755,0.5514455468876306,0.1551947096848813
137.86469126748761,0.007253488843345549,0.5513898315029313,0.15518851226372113
137.86612909539704,0.007253413195550343,0.5513341205995302,0.15518231615056932
137.86756695329777,0.007253337547755137,0.5512784141851094,0.15517612134487102
137.86900484119073,0.007253261899959931,0.5512227122674258,0.15516992784607228
137.8704427590769,0.007253186252164724,0.5511670148541296,0.15516373565361702
137.87188070695714,0.007253110604369518,0.5511113219529777,0.15515754476694998
137.87331868483244,0.007253034956574312,0.5510556335716524,0.1551513551855146
137.87475669270376,0.007252959308779105,0.5509999497178572,0.15514516690875418
137.876194730572,0.0072528836609838995,0.550944270399349,0.15513897993611114
137.8776327984381,0.0072528080131886935,0.5508885956237781,0.15513279426702772
137.879070896303,0.007252732365393487,0.5508329253988906,0.15512660990094593
137.88050902416768,0.007252656717598281,0.5507772597323796,0.15512042683730645
137.881947182033,0.007252581069803075,0.5507215986319698,0.15511424507555038
137.88338536989997,0.007252505422007869,0.5506659421053435,0.15510806461511759
137.88482358776952,0.007252429774212662,0.5506102901602362,0.1551018854554478
137.88626183564253,0.007252354126417456,0.5505546428043302,0.15509570759598051
137.88770011352,0.00725227847862225,0.5504990000453504,0.15508953103615425
137.8891384214029,0.007252202830827044,0.550443361891011,0.15508335577540688
137.89057675929203,0.007252127183031838,0.5503877283490048,0.15507718181317645
137.89201512718847,0.007252051535236632,0.5503320994270462,0.15507100914890037
137.89345352509312,0.007251975887441425,0.5502764751328707,0.15506483778201496
137.89489195300686,0.007251900239646219,0.5502208554741391,0.15505866771195662
137.89633041093072,0.007251824591851013,0.5501652404585978,0.1550524989381613
137.89776889886556,0.007251748944055806,0.5501096300938967,0.15504633146006438
137.89920741681237,0.0072516732962606,0.5500540243878144,0.15504016527710027
137.90064596477205,0.0072515976484653945,0.5499984233480222,0.15503400038870346
137.9020845427456,0.007251522000670188,0.5499428269822344,0.1550278367943078
137.90352315073392,0.007251446352874982,0.5498872352981761,0.15502167449334664
137.90496178873792,0.007251370705079776,0.5498316483035398,0.1550155134852534
137.90640045675858,0.00725129505728457,0.5497760660060294,0.15500935376945943
137.90783915479685,0.007251219409489363,0.5497204884133267,0.15500319534539744
137.90927788285362,0.007251143761694157,0.5496649155331997,0.15499703821249877
137.91071664092985,0.007251068113898951,0.5496093473733306,0.1549908823701948
137.91215542902654,0.0072509924661037445,0.549553783941412,0.15498472781791525
137.91359424714454,0.007250916818308539,0.5494982252451903,0.15497857455509062
137.91503309528483,0.007250841170513333,0.5494426712923156,0.15497242258115093
137.91647197344835,0.007250765522718126,0.5493871220905235,0.15496627189552442
137.91791088163603,0.00725068987492292,0.5493315776475499,0.15496012249764057
137.91934981984883,0.007250614227127714,0.5492760379710658,0.1549539743869274
137.92078878808766,0.007250538579332507,0.549220503068818,0.15494782756281186
137.9222277863535,0.007250462931537301,0.5491649729484775,0.15494168202472255
137.92366681464725,0.007250387283742095,0.5491094476177588,0.15493553777208532
137.92510587296985,0.0072503116359468895,0.5490539270843762,0.15492939480432738
137.9265449613223,0.007250235988151683,0.548998411356033,0.15492325312087366
137.92798407970545,0.007250160340356477,0.5489429004404651,0.15491711272115036
137.9294232281203,0.007250084692561271,0.5488873943453652,0.15491097360458256
137.9308624065678,0.007250009044766064,0.5488318930784154,0.15490483577059438
137.93230161504883,0.007249933396970858,0.5487763966473838,0.15489869921861
137.9337408535644,0.007249857749175652,0.5487209050599091,0.15489256394805306
137.93518012211538,0.0072497821013804455,0.5486654183237489,0.1548864299583472
137.93661942070278,0.0072497064535852395,0.5486099364466174,0.1548802972489151
137.9380587493275,0.007249630805790034,0.5485544594361857,0.1548741658191785
137.9394981079905,0.007249555157994827,0.5484989873001898,0.15486803566855975
137.94093749669267,0.007249479510199621,0.5484435200463116,0.15486190679648051
137.94237691543498,0.007249403862404415,0.5483880576823082,0.15485577920236163
137.9438163642184,0.007249328214609208,0.5483326002158619,0.15484965288562333
137.94525584304387,0.007249252566814002,0.5482771476546655,0.15484352784568586
137.9466953519123,0.007249176919018796,0.5482217000064974,0.15483740408196942
137.9481348908246,0.0072491012712235904,0.5481662572789969,0.15483128159389284
137.94957445978181,0.007249025623428384,0.5481108194798783,0.15482516038087465
137.95101405878478,0.007248949975633178,0.5480553866168987,0.1548190404423342
137.95245368783446,0.007248874327837972,0.5479999586977294,0.15481292177768854
137.95389334693186,0.007248798680042765,0.5479445357301063,0.15480680438635533
137.95533303607783,0.007248723032247559,0.547889117721722,0.15480068826775195
137.95677275527336,0.007248647384452353,0.5478337046803016,0.1547945734212953
137.95821250451942,0.007248571736657146,0.5477782966135378,0.15478845984640158
137.9596522838169,0.0072484960888619405,0.5477228935291665,0.1547823475424865
137.96109209316674,0.0072484204410667346,0.5476674954349124,0.15477623650896488
137.9625319325699,0.007248344793271528,0.5476121023384365,0.15477012674525298
137.96397180202732,0.007248269145476322,0.547556714247485,0.15476401825076405
137.96541170153995,0.007248193497681116,0.5475013311698044,0.15475791102491318
137.9668516311087,0.007248117849885909,0.5474459531130337,0.1547518050671139
137.96829159073457,0.007248042202090703,0.5473905800849304,0.15474570037677934
137.96973158041843,0.007247966554295497,0.5473352120931977,0.1547395969533228
137.97117160016126,0.007247890906500291,0.5472798491455608,0.1547334947961564
137.972611649964,0.007247815258705085,0.5472244912497125,0.154727393904692
137.97405172982758,0.007247739610909879,0.5471691384134099,0.15472129427834275
137.97549183975295,0.007247663963114673,0.5471137906443028,0.15471519591651792
137.97693197974104,0.007247588315319466,0.54705844795017,0.1547090988186302
137.97837214979282,0.00724751266752426,0.5470031103386934,0.15470300298408893
137.9798123499092,0.007247437019729054,0.5469477778175983,0.15469690841230435
137.98125258009114,0.007247361371933847,0.5468924503945665,0.1546908151026864
137.98269284033955,0.007247285724138641,0.5468371280773873,0.1546847230546444
137.9841331306554,0.0072472100763434355,0.5467818108737322,0.1546786322675872
137.98557345103967,0.007247134428548229,0.5467264987912727,0.1546725427409229
137.98701380149322,0.007247058780753023,0.5466711918378085,0.15466645447406008
137.98845418201705,0.007246983132957817,0.5466158900210327,0.15466036746640652
137.98989459261207,0.00724690748516261,0.5465605933486488,0.1546542817173689
137.99133503327923,0.007246831837367404,0.5465053018283816,0.1546481972263546
137.99277550401948,0.007246756189572198,0.5464500154679349,0.15464211399276992
137.99421600483376,0.007246680541776992,0.5463947342750443,0.1546360320160215
137.99565653572301,0.0072466048939817855,0.5463394582574131,0.15462995129551454
137.99709709668818,0.00724652924618658,0.5462841874227988,0.1546238718306546
137.9985376877302,0.007246453598391374,0.5462289217788727,0.15461779362084668
137.99997830885002,0.007246377950596167,0.5461736613333811,0.15461171666549567
138.00141896004854,0.007246302302800961,0.5461184060940384,0.1546056409640051
138.00285964132678,0.007246226655005755,0.5460631560685587,0.15459956651577955
138.00430035268562,0.007246151007210548,0.5460079112646886,0.15459349332022207
138.00574109412602,0.007246075359415342,0.5459526716901208,0.15458742137673584
138.00718186564896,0.0072459997116201364,0.5458974373526233,0.1545813506847239
138.00862266725534,0.00724592406382493,0.5458422082598459,0.15457528124358846
138.01006349894607,0.007245848416029724,0.5457869844195673,0.15456921305273075
138.01150436072214,0.007245772768234518,0.5457317658394909,0.15456314611155358
138.0129452525845,0.007245697120439312,0.5456765525273419,0.1545570804194575
138.0143861745341,0.007245621472644105,0.5456213444908559,0.1545510159758437
138.01582712657182,0.007245545824848899,0.5455661417377363,0.15454495278011238
138.01726810869866,0.007245470177053693,0.5455109442757191,0.1545388908316638
138.01870912091556,0.0072453945292584865,0.5454557521125505,0.15453283012989785
138.02015016322343,0.0072453188814632806,0.5454005652559342,0.15452677067421408
138.02159123562322,0.007245243233668075,0.5453453837135736,0.1545207124640114
138.0230323381159,0.007245167585872868,0.5452902074932366,0.1545146554986884
138.0244734707024,0.007245091938077662,0.545235036602627,0.15450859977764345
138.02591463338362,0.007245016290282456,0.5451798710495231,0.15450254530027505
138.02735582616057,0.007244940642487249,0.5451247108415535,0.15449649206598015
138.02879704903415,0.007244864994692043,0.5450695559865396,0.15449044007415685
138.03023830200533,0.007244789346896837,0.5450144064921423,0.15448438932420167
138.03167958507504,0.007244713699101631,0.5449592623661613,0.1544783398155108
138.0331208982442,0.007244638051306425,0.544904123616279,0.15447229154748138
138.03456224151378,0.007244562403511219,0.544848990250231,0.15446624451950886
138.03600361488472,0.007244486755716013,0.5447938622757531,0.15446019873098893
138.03744501835797,0.007244411107920806,0.5447387397005594,0.15445415418131636
138.03888645193445,0.0072443354601256,0.5446836225324286,0.15444811086988688
138.0403279156151,0.007244259812330394,0.5446285107790535,0.1544420687960944
138.04176940940093,0.007244184164535187,0.5445734044481914,0.1544360279593335
138.04321093329278,0.0072441085167399815,0.5445183035475564,0.15442998835899813
138.04465248729167,0.007244032868944776,0.5444632080848735,0.15442394999448134
138.04609407139853,0.007243957221149569,0.5444081180679107,0.1544179128651768
138.04753568561426,0.007243881573354363,0.5443530335043928,0.15441187697047745
138.04897732993985,0.007243805925559157,0.5442979544020558,0.15440584230977583
138.05041900437624,0.00724373027776395,0.5442428807686137,0.1543998088824634
138.05186070892435,0.007243654629968744,0.5441878126118131,0.15439377668793322
138.05330244358512,0.007243578982173538,0.5441327499394112,0.15438774572557665
138.05474420835955,0.0072435033343783315,0.5440776927591329,0.15438171599478456
138.0561860032485,0.007243427686583126,0.5440226410787354,0.1543756874949477
138.05762782825298,0.00724335203878792,0.5439675949059115,0.15436966022545728
138.05906968337388,0.007243276390992714,0.5439125542484505,0.15436363418570367
138.0605115686122,0.007243200743197507,0.5438575191140453,0.154357609375076
138.06195348396886,0.007243125095402301,0.5438024895105067,0.1543515857929652
138.0633954294448,0.007243049447607095,0.5437474654454953,0.15434556343875966
138.06483740504095,0.007242973799811888,0.543692446926822,0.15433954231184918
138.06627941075826,0.0072428981520166824,0.5436374339621901,0.15433352241162168
138.0677214465977,0.0072428225042214765,0.5435824265593463,0.15432750373746634
138.0691635125602,0.00724274685642627,0.5435274247260476,0.1543214862887707
138.07060560864667,0.007242671208631064,0.5434724284700514,0.15431547006492316
138.0720477348581,0.007242595560835858,0.543417437799061,0.15430945506531069
138.07348989119544,0.007242519913040651,0.5433624527208444,0.15430344128932122
138.07493207765958,0.007242444265245445,0.543307473243191,0.1542974287363414
138.0763742942515,0.007242368617450239,0.543252499373772,0.15429141740575736
138.07781654097215,0.0072422929696550325,0.5431975311203876,0.15428540729695617
138.07925881782245,0.0072422173218598266,0.5431425684907735,0.1542793984093234
138.08070112480337,0.007242141674064621,0.5430876114926655,0.154273390742245
138.08214346191582,0.007242066026269415,0.5430326601338421,0.15426738429510647
138.0835858291608,0.007241990378474208,0.542977714422039,0.15426137906729304
138.0850282265392,0.007241914730679002,0.5429227743649921,0.15425537505818931
138.08647065405196,0.007241839082883796,0.5428678399704693,0.15424937226718002
138.08791311170012,0.007241763435088589,0.542812911246249,0.1542433706936496
138.0893555994845,0.007241687787293383,0.5427579882000241,0.15423737033698154
138.09079811740608,0.0072416121394981775,0.5427030708395948,0.15423137119656047
138.09224066546588,0.007241536491702971,0.5426481591727289,0.15422537327176933
138.09368324366474,0.007241460843907765,0.5425932532071515,0.15421937656199142
138.09512585200366,0.007241385196112559,0.5425383529506196,0.1542133810666096
138.09656849048358,0.007241309548317352,0.5424834584108904,0.1542073867850065
138.09801115910545,0.007241233900522146,0.5424285695957427,0.1542013937165644
138.0994538578702,0.00724115825272694,0.542373686512923,0.15419540186066627
138.10089658677876,0.007241082604931734,0.5423188091701882,0.15418941121669258
138.10233934583212,0.0072410069571365275,0.5422639375753062,0.1541834217840255
138.1037821350312,0.007240931309341322,0.5422090717360345,0.15417743356204672
138.10522495437692,0.007240855661546116,0.5421542116601086,0.15417144655013654
138.10666780387027,0.007240780013750909,0.5420993573553607,0.15416546074767612
138.10811068351217,0.007240704365955703,0.5420445088294732,0.15415947615404607
138.10955359330356,0.007240628718160497,0.5419896660902888,0.15415349276862658
138.1109965332454,0.00724055307036529,0.5419348291454895,0.1541475105907973
138.11243950333863,0.007240477422570084,0.5418799980029079,0.15414152961993857
138.1138825035842,0.007240401774774878,0.5418251726702795,0.1541355498554293
138.11532553398305,0.007240326126979672,0.5417703531553831,0.15412957129664898
138.1167685945361,0.007240250479184466,0.5417155394659972,0.15412359394297642
138.11821168524435,0.00724017483138926,0.5416607316098575,0.15411761779379068
138.11965480610868,0.007240099183594053,0.5416059295947534,0.15411164284846965
138.1210979571301,0.007240023535798847,0.5415511334284636,0.15410566910639245
138.12254113830951,0.007239947888003641,0.5414963431187666,0.1540996965669363
138.12398434964788,0.007239872240208435,0.5414415586733983,0.15409372522947912
138.12542759114615,0.0072397965924132284,0.5413867801001802,0.15408775509339837
138.12687086280525,0.0072397209446180225,0.5413320074068477,0.15408178615807175
138.12831416462612,0.007239645296822817,0.5412772406012014,0.15407581842287618
138.12975749660976,0.00723956964902761,0.5412224796909875,0.15406985188718772
138.13120085875707,0.007239494001232404,0.5411677246840167,0.1540638865503839
138.13264425106897,0.007239418353437198,0.5411129755880357,0.15405792241184013
138.13408767354647,0.007239342705641991,0.5410582324108874,0.1540519594709332
138.13553112619047,0.007239267057846785,0.541003495160243,0.15404599772703886
138.13697460900195,0.007239191410051579,0.5409487638439779,0.15404003717953277
138.13841812198183,0.0072391157622563726,0.5408940384698492,0.1540340778277901
138.13986166513104,0.007239040114461167,0.5408393190455926,0.1540281196711863
138.14130523845057,0.007238964466665961,0.5407846055790834,0.15402216270909566
138.14274884194134,0.007238888818870754,0.5407298980780142,0.15401620694089402
138.14419247560429,0.007238813171075548,0.5406751965502175,0.15401025236595525
138.14563613944037,0.007238737523280342,0.5406205010034717,0.1540042989836537
138.14707983345056,0.007238661875485136,0.5405658114455449,0.15399834679336374
138.14852355763577,0.007238586227689929,0.5405111278842587,0.15399239579445897
138.14996731199693,0.0072385105798947235,0.5404564503273915,0.15398644598631345
138.151411096535,0.0072384349320995175,0.5404017787827007,0.15398049736829994
138.15285491125098,0.007238359284304311,0.5403471132580077,0.15397454993979218
138.15429875614575,0.007238283636509105,0.5402924537611448,0.15396860370016333
138.15574263122028,0.007238207988713899,0.5402378002997941,0.15396265864878614
138.15718653647554,0.007238132340918692,0.5401831528818737,0.1539567147850329
138.1586304719124,0.007238056693123486,0.5401285115151194,0.1539507721082765
138.16007443753188,0.00723798104532828,0.5400738762072775,0.1539448306178894
138.16151843333492,0.0072379053975330735,0.5400192469662234,0.15393889031324307
138.16296245932242,0.007237829749737868,0.539964623799757,0.15393295119370956
138.16440651549536,0.007237754101942662,0.5399100067156033,0.15392701325866037
138.1658506018547,0.007237678454147456,0.5398553957216377,0.15392107650746764
138.16729471840137,0.007237602806352249,0.539800790825617,0.1539151409395017
138.1687388651363,0.007237527158557043,0.5397461920353847,0.15390920655413431
138.17018304206044,0.007237451510761837,0.5396915993586654,0.1539032733507361
138.1716272491748,0.00723737586296663,0.5396370128033238,0.15389734132867802
138.17307148648024,0.007237300215171424,0.539582432377192,0.15389141048733043
138.17451575397774,0.0072372245673762185,0.5395278580880272,0.15388548082606382
138.17596005166826,0.007237148919581012,0.5394732899436189,0.15387955234424774
138.17740437955274,0.007237073271785806,0.5394187279518207,0.1538736250412532
138.1788487376321,0.0072369976239906,0.539364172120422,0.15386769891644936
138.18029312590733,0.007236921976195393,0.5393096224572445,0.15386177396920608
138.18173754437936,0.007236846328400187,0.5392550789700987,0.15385585019889306
138.18318199304912,0.007236770680604981,0.5392005416667743,0.153849927604879
138.18462647191757,0.0072366950328097744,0.5391460105551141,0.15384400618653327
138.18607098098568,0.0072366193850145685,0.5390914856429291,0.15383808594322532
138.18751552025435,0.007236543737219363,0.5390369669380299,0.15383216687432336
138.18896008972453,0.007236468089424157,0.538982454448206,0.15382624897919633
138.19040468939724,0.00723639244162895,0.538927948181279,0.15382033225721245
138.19184931927336,0.007236316793833744,0.5388734481451346,0.15381441670774065
138.19329397935383,0.007236241146038538,0.538818954347541,0.15380850233014845
138.19473866963966,0.007236165498243331,0.5387644667963195,0.1538025891238042
138.19618339013172,0.007236089850448125,0.5387099854992811,0.15379667708807587
138.19762814083103,0.007236014202652919,0.5386555104643009,0.1537907662223306
138.1990729217385,0.007235938554857713,0.5386010416991361,0.15378485652593654
138.20051773285505,0.007235862907062507,0.5385465792116619,0.1537789479982608
138.20196257418166,0.007235787259267301,0.5384921230096784,0.15377304063867056
138.2034074457193,0.007235711611472094,0.5384376731010607,0.15376713444653317
138.2048523474689,0.007235635963676888,0.5383832294935876,0.1537612294212156
138.20629727943137,0.007235560315881682,0.5383287921951235,0.1537553255620846
138.2077422416077,0.007235484668086475,0.5382743612134578,0.15374942286850665
138.20918723399882,0.0072354090202912695,0.5382199365564656,0.15374352133984834
138.2106322566057,0.0072353333724960636,0.538165518231947,0.1537376209754768
138.21207730942925,0.007235257724700858,0.5381111062477666,0.15373172177475752
138.21352239247045,0.007235182076905651,0.5380567006117565,0.15372582373705695
138.21496750573021,0.007235106429110445,0.5380023013317599,0.15371992686174063
138.21641264920953,0.007235030781315239,0.5379479084155874,0.15371403114817545
138.21785782290937,0.007234955133520032,0.5378935218711036,0.1537081365957265
138.21930302683057,0.007234879485724826,0.5378391417061409,0.1537022432037598
138.2207482609742,0.00723480383792962,0.5377847679285528,0.15369635097164017
138.22219352534114,0.007234728190134414,0.5377304005461611,0.15369045989873356
138.22363881993235,0.007234652542339208,0.5376760395668406,0.15368456998440516
138.2250841447488,0.007234576894544002,0.5376216849984133,0.1536786812280202
138.2265294997914,0.007234501246748795,0.5375673368487219,0.15367279362894354
138.22797488506112,0.007234425598953589,0.5375129951256633,0.15366690718654044
138.22942030055893,0.007234349951158383,0.5374586598370374,0.15366102190017558
138.23086574628573,0.007234274303363176,0.5374043309907303,0.1536551377692134
138.23231122224252,0.00723419865556797,0.537350008594574,0.1536492547930189
138.2337567284302,0.0072341230077727645,0.5372956926564117,0.15364337297095645
138.23520226484973,0.007234047359977559,0.5372413831841402,0.1536374923023905
138.2366478315021,0.007233971712182352,0.5371870801855699,0.15363161278668505
138.2380934283882,0.007233896064387146,0.5371327836685765,0.15362573442320462
138.23953905550903,0.00723382041659194,0.5370784936410563,0.15361985721131352
138.2409847128655,0.007233744768796733,0.5370242101108095,0.1536139811503751
138.24243040045857,0.007233669121001527,0.5369699330857435,0.15360810623975382
138.2438761182892,0.007233593473206321,0.5369156625736905,0.15360223247881324
138.24532186635835,0.0072335178254111145,0.5368613985825581,0.15359635986691697
138.2467676446669,0.007233442177615909,0.5368071411201676,0.15359048840342937
138.2482134532159,0.007233366529820703,0.5367528901943943,0.1535846180877133
138.2496592920062,0.007233290882025496,0.5366986458131241,0.15357874891913198
138.25110516103885,0.00723321523423029,0.5366444079842323,0.1535728808970498
138.2525510603147,0.007233139586435084,0.5365901767155618,0.15356701402082926
138.25399698983475,0.007233063938639878,0.5365359520149878,0.15356114828983344
138.25544294959997,0.007232988290844671,0.5364817338904284,0.15355528370342653
138.25688893961126,0.0072329126430494654,0.536427522349716,0.15354942026097068
138.2583349598696,0.0072328369952542595,0.5363733174007365,0.15354355796182909
138.25978101037592,0.007232761347459053,0.5363191190513864,0.15353769680536478
138.26122709113116,0.007232685699663847,0.5362649273095302,0.15353183679094057
138.2626732021363,0.007232610051868641,0.5362107421830541,0.1535259779179195
138.2641193433923,0.007232534404073434,0.5361565636798222,0.15352012018566383
138.26556551490006,0.007232458756278228,0.5361023918077635,0.15351426359353668
138.26701171666056,0.007232383108483022,0.5360482265747212,0.15350840814090042
138.26845794867478,0.0072323074606878155,0.535994067988613,0.15350255382711778
138.2699042109436,0.0072322318128926096,0.5359399160573037,0.15349670065155088
138.271350503468,0.007232156165097404,0.5358857707886792,0.1534908486135625
138.27279682624894,0.007232080517302197,0.535831632190636,0.1534849977125149
138.27424317928737,0.007232004869506991,0.5357775002710815,0.15347914794777023
138.2756895625842,0.007231929221711785,0.5357233750379232,0.15347329931869114
138.27713597614044,0.007231853573916579,0.5356692564990149,0.15346745182463964
138.27858241995702,0.007231777926121372,0.5356151446622851,0.15346160546497825
138.28002889403487,0.007231702278326166,0.5355610395356308,0.15345576023906843
138.28147539837494,0.0072316266305309605,0.5355069411269379,0.15344991614627257
138.2829219329782,0.007231550982735754,0.5354528494441028,0.15344407318595285
138.28436849784558,0.007231475334940548,0.5353987644950761,0.15343823135747167
138.28581509297805,0.007231399687145342,0.5353446862876791,0.1534323906601905
138.28726171837656,0.007231324039350135,0.5352906148299051,0.15342655109347145
138.28870837404202,0.007231248391554929,0.5352365501295973,0.15342071265667645
138.2901550599754,0.007231172743759723,0.5351824921947057,0.15341487534916717
138.2916017761777,0.007231097095964516,0.535128441033138,0.15340903917030568
138.29304852264983,0.0072310214481693105,0.5350743966527798,0.15340320411945363
138.2944952993927,0.007230945800374105,0.5350203590615494,0.15339737019597335
138.29594210640732,0.007230870152578898,0.5349663282673971,0.15339153739922612
138.2973889436946,0.007230794504783692,0.534912304278198,0.15338570572857357
138.29883581125554,0.007230718856988486,0.5348582871018918,0.15337987518337826
138.30028270909105,0.00723064320919328,0.5348042767463965,0.15337404576300126
138.3017296372021,0.007230567561398073,0.5347502732196411,0.1533682174668045
138.3031765955896,0.007230491913602867,0.5346962765295328,0.1533623902941494
138.30462358425456,0.007230416265807661,0.5346422866840219,0.1533565642443984
138.3060706031979,0.007230340618012455,0.5345883036909945,0.15335073931691195
138.30751765242053,0.007230264970217249,0.5345343275584115,0.15334491551105284
138.30896473192348,0.007230189322422043,0.534480358294191,0.1533390928261826
138.31041184170766,0.007230113674626836,0.534426395906262,0.15333327126166238
138.311858981774,0.00723003802683163,0.5343724404025854,0.15332745081685487
138.3133061521235,0.007229962379036424,0.5343184917910363,0.1533216314911204
138.31475335275707,0.007229886731241217,0.5342645500795974,0.15331581328382135
138.31620058367565,0.0072298110834460114,0.5342106152761866,0.15330999619431968
138.31764784488024,0.0072297354356508055,0.534156687388776,0.15330418022197692
138.31909513637177,0.0072296597878556,0.5341027664252619,0.15329836536615443
138.32054245815118,0.007229584140060393,0.5340488523936376,0.15329255162621436
138.32198981021943,0.007229508492265187,0.5339949453017677,0.1532867390015184
138.32343719257744,0.007229432844469981,0.5339410451576667,0.153280927491428
138.32488460522623,0.007229357196674774,0.5338871519692744,0.15327511709530492
138.3263320481667,0.007229281548879568,0.5338332657445194,0.15326930781251139
138.3277795213998,0.007229205901084362,0.5337793864913628,0.15326349964240915
138.3292270249265,0.0072291302532891556,0.5337255142177765,0.15325769258435945
138.33067455874772,0.00722905460549395,0.533671648931657,0.15325188663772507
138.33212212286446,0.007228978957698744,0.5336177906410191,0.15324608180186716
138.33356971727764,0.007228903309903537,0.5335639393538022,0.15324027807614832
138.3350173419882,0.007228827662108331,0.5335100950779674,0.1532344754599298
138.3364649969971,0.007228752014313125,0.5334562578214437,0.1532286739525738
138.33791268230533,0.007228676366517918,0.5334024275922455,0.15322287355344252
138.3393603979138,0.007228600718722712,0.5333486043982912,0.153217074261898
138.34080814382347,0.0072285250709275065,0.533294788247606,0.1532112760773026
138.34225592003526,0.0072284494231323005,0.5332409791480867,0.1532054789990179
138.3437037265502,0.007228373775337094,0.533187177107737,0.15319968302640607
138.34515156336917,0.007228298127541888,0.5331333821345396,0.15319388815883078
138.34659943049314,0.007228222479746682,0.5330795942364663,0.15318809439565234
138.3480473279231,0.007228146831951475,0.5330258134214674,0.1531823017362344
138.34949525565992,0.007228071184156269,0.5329720396975466,0.15317651017993889
138.35094321370462,0.007227995536361063,0.5329182730726436,0.15317071972612817
138.35239120205816,0.0072279198885658565,0.5328645135547839,0.15316493037416493
138.35383922072143,0.007227844240770651,0.5328107611519393,0.15315914212341192
138.35528726969542,0.007227768592975445,0.5327570158720706,0.15315335497323163
138.35673534898112,0.007227692945180238,0.5327032777231712,0.15314756892298667
138.3581834585794,0.007227617297385032,0.5326495467132557,0.15314178397203992
138.35963159849123,0.007227541649589826,0.5325958228502744,0.15313600011975376
138.36107976871764,0.007227466001794619,0.5325421061422635,0.15313021736549173
138.36252796925947,0.007227390353999413,0.5324883965971517,0.15312443570861675
138.36397620011775,0.007227314706204207,0.5324346942229861,0.15311865514849154
138.3654244612934,0.0072272390584090015,0.5323809990277597,0.15311287568447937
138.3668727527874,0.007227163410613795,0.5323273110194658,0.15310709731594344
138.3683210746007,0.007227087762818589,0.5322736302060654,0.15310132004224705
138.36976942673417,0.007227012115023383,0.5322199565956055,0.15309554386275387
138.3712178091889,0.007226936467228176,0.5321662901960899,0.1530897687768267
138.37266622196572,0.00722686081943297,0.532112631015501,0.15308399478382934
138.37411466506563,0.007226785171637764,0.5320589790618644,0.15307822188312603
138.3755631384896,0.0072267095238425574,0.532005334343184,0.1530724500740797
138.37701164223856,0.0072266338760473515,0.531951696867453,0.15306667935605414
138.37846017631347,0.007226558228252146,0.5318980666427076,0.15306090972841396
138.3799087407153,0.007226482580456939,0.5318444436769729,0.15305514119052277
138.38135733544496,0.007226406932661733,0.5317908279782211,0.15304937374174438
138.38280596050342,0.007226331284866527,0.5317372195545202,0.1530436073814434
138.38425461589168,0.00722625563707132,0.5316836184138529,0.15303784210898438
138.3857033016106,0.007226179989276114,0.5316300245642767,0.15303207792373122
138.3871520176612,0.007226104341480908,0.5315764380137846,0.15302631482504875
138.3886007640444,0.007226028693685702,0.5315228587704132,0.15302055281230115
138.3900495407612,0.007225953045890496,0.5314692868422197,0.15301479188485387
138.3914983478125,0.00722587739809529,0.531415722237176,0.1530090320420712
138.3929471851993,0.007225801750300084,0.5313621649633827,0.15300327328331864
138.3943960529225,0.007225726102504877,0.5313086150288007,0.15299751560796052
138.39584495098308,0.007225650454709671,0.531255072441509,0.15299175901536288
138.39729387938198,0.007225574806914465,0.5312015372095868,0.1529860035048908
138.3987428381202,0.007225499159119258,0.5311480093409736,0.15298024907590924
138.40019182719863,0.0072254235113240525,0.5310944888437914,0.15297449572778454
138.40164084661825,0.0072253478635288465,0.5310409757260441,0.15296874345988207
138.40308989638004,0.00722527221573364,0.5309874699958,0.1529629922715679
138.4045389764849,0.007225196567938434,0.5309339716610953,0.15295724216220796
138.40598808693383,0.007225120920143228,0.5308804807299984,0.1529514931311682
138.40743722772774,0.007225045272348022,0.5308269972105453,0.15294574517781512
138.40888639886765,0.007224969624552815,0.5307735211107828,0.15293999830151456
138.41033560035441,0.007224893976757609,0.5307200524387794,0.1529342525016339
138.41178483218908,0.007224818328962403,0.5306665912025711,0.1529285077775394
138.41323409437254,0.007224742681167197,0.5306131374102585,0.15292276412859776
138.41468338690578,0.007224667033371991,0.530559691069867,0.1529170215541765
138.41613270978974,0.007224591385576785,0.5305062521894862,0.1529112800536422
138.41758206302538,0.007224515737781578,0.5304528207771847,0.1529055396263625
138.41903144661364,0.007224440089986372,0.5303993968409985,0.1528998002717048
138.4204808605555,0.007224364442191166,0.5303459803890174,0.15289406198903663
138.42193030485188,0.007224288794395959,0.5302925714292882,0.1528883247777261
138.42337977950376,0.007224213146600753,0.5302391699699436,0.15288258863714058
138.42482928451207,0.0072241374988055475,0.5301857760190091,0.15287685356664868
138.4262788198778,0.007224061851010341,0.5301323895846066,0.15287111956561805
138.42772838560188,0.007223986203215135,0.5300790106747507,0.15286538663341812
138.42917798168523,0.007223910555419929,0.5300256392975851,0.15285965476941685
138.43062760812887,0.007223834907624723,0.5299722754611563,0.15285392397298278
138.43207726493372,0.007223759259829516,0.5299189191735758,0.15284819424348559
138.43352695210072,0.00722368361203431,0.5298655704429334,0.15284246558029335
138.43497666963086,0.007223607964239104,0.5298122292772864,0.1528367379827763
138.43642641752507,0.0072235323164438975,0.5297588956847785,0.15283101145030387
138.4378761957843,0.007223456668648692,0.5297055696734457,0.1528252859822453
138.4393260044095,0.007223381020853486,0.5296522512514423,0.152819561577971
138.44077584340167,0.007223305373058279,0.5295989404268258,0.15281383823685074
138.44222571276168,0.007223229725263073,0.5295456372077503,0.1528081159582547
138.44367561249058,0.007223154077467867,0.5294923416022733,0.15280239474155352
138.44512554258927,0.00722307842967266,0.5294390536184956,0.15279667458611756
138.4465755030587,0.007223002781877454,0.5293857732645497,0.1527909554913178
138.44802549389985,0.007222927134082248,0.5293325005485148,0.15278523745652578
138.44947551511365,0.007222851486287042,0.5292792354785556,0.15277952048111168
138.45092556670107,0.007222775838491836,0.5292259780627298,0.15277380456444817
138.45237564866304,0.00722270019069663,0.5291727283092023,0.15276808970590566
138.45382576100056,0.007222624542901424,0.5291194862260734,0.1527623759048573
138.45527590371455,0.007222548895106217,0.5290662518214546,0.1527566631606739
138.45672607680598,0.007222473247311011,0.5290130251034786,0.15275095147272869
138.45817628027578,0.007222397599515805,0.5289598060802672,0.15274524084039376
138.45962651412495,0.0072223219517205985,0.5289065947599316,0.1527395312630417
138.4610767783544,0.0072222463039253925,0.5288533911506477,0.15273382274004604
138.4625270729651,0.007222170656130187,0.5288001952604943,0.15272811527077942
138.46397739795802,0.00722209500833498,0.5287470070976685,0.15272240885461547
138.46542775333407,0.007222019360539774,0.5286938266702494,0.15271670349092797
138.46687813909426,0.007221943712744568,0.5286406539863697,0.15271099917909015
138.4683285552395,0.007221868064949361,0.528587489054205,0.15270529591847662
138.4697790017708,0.007221792417154155,0.5285343318819202,0.1526995937084616
138.47122947868905,0.007221716769358949,0.5284811824776051,0.15269389254841972
138.47267998599526,0.007221641121563743,0.5284280408494352,0.15268819243772502
138.47413052369035,0.007221565473768537,0.5283749070055755,0.15268249337575387
138.47558109177527,0.007221489825973331,0.5283217809541265,0.15267679536188047
138.47703169025098,0.007221414178178125,0.528268662703296,0.15267109839548107
138.47848231911848,0.007221338530382918,0.5282155522612381,0.1526654024759308
138.47993297837868,0.007221262882587712,0.528162449636064,0.15265970760260572
138.48138366803255,0.007221187234792506,0.5281093548360031,0.15265401377488255
138.48283438808102,0.007221111586997299,0.5280562678691665,0.15264832099213774
138.48428513852508,0.0072210359392020935,0.5280031887437299,0.15264262925374783
138.48573591936568,0.0072209602914068876,0.5279501174678689,0.15263693855908989
138.48718673060375,0.007220884643611681,0.5278970540497698,0.15263124890754146
138.48863757224026,0.007220808995816475,0.5278439984975761,0.15262556029847982
138.49008844427618,0.007220733348021269,0.5277909508194848,0.1526198727312831
138.49153934671247,0.007220657700226062,0.5277379110236607,0.15261418620532896
138.49299027955004,0.007220582052430856,0.5276848791182904,0.15260850071999593
138.49444124278986,0.00722050640463565,0.5276318551115708,0.15260281627466307
138.49589223643292,0.007220430756840444,0.5275788390116347,0.15259713286870882
138.49734326048016,0.007220355109045238,0.5275258308267433,0.15259145050151265
138.49879431493252,0.007220279461250032,0.5274728305650082,0.15258576917245423
138.50024539979097,0.007220203813454826,0.5274198382346905,0.1525800888809125
138.5016965150565,0.007220128165659619,0.5273668538439445,0.1525744096262684
138.50314766072998,0.007220052517864413,0.5273138774009781,0.15256873140790164
138.50459883681242,0.007219976870069207,0.5272609089139882,0.15256305422519334
138.50605004330478,0.007219901222274,0.5272079483911613,0.1525573780775242
138.50750128020798,0.007219825574478794,0.5271549958407266,0.15255170296427523
138.50895254752302,0.0072197499266835885,0.5271020512708917,0.15254602888482816
138.51040384525086,0.007219674278888382,0.5270491146898433,0.15254035583856465
138.5118551733924,0.007219598631093176,0.5269961861058211,0.15253468382486682
138.51330653194864,0.00721952298329797,0.5269432655270009,0.15252901284311765
138.51475792092054,0.007219447335502763,0.5268903529616332,0.15252334289269914
138.51620934030902,0.007219371687707557,0.5268374484178939,0.15251767397299434
138.51766079011506,0.007219296039912351,0.526784551904055,0.15251200608338703
138.5191122703396,0.007219220392117145,0.5267316634283029,0.15250633922326012
138.52056378098365,0.0072191447443219385,0.5266787829988989,0.15250067339199858
138.5220153220481,0.007219069096526733,0.5266259106240081,0.15249500858898615
138.52346689353394,0.007218993448731527,0.5265730463119348,0.15248934481360713
138.52491849544214,0.00721891780093632,0.5265201900708651,0.15248368206524654
138.5263701277736,0.007218842153141114,0.5264673419090394,0.15247802034329014
138.52782179052932,0.007218766505345908,0.5264145018347189,0.1524723596471232
138.52927348371026,0.007218690857550701,0.5263616698561329,0.1524666999761312
138.53072520731735,0.007218615209755495,0.5263088459814892,0.1524610413297011
138.53217696135155,0.0072185395619602894,0.5262560302190706,0.15245538370721928
138.53362874581387,0.007218463914165083,0.5262032225771388,0.1524497271080719
138.5350805607052,0.007218388266369877,0.5261504230639228,0.15244407153164727
138.5365324060265,0.007218312618574671,0.526097631687652,0.15243841697733224
138.5379842817788,0.007218236970779464,0.5260448484566307,0.1524327634445152
138.53943618796296,0.007218161322984258,0.5259920733790775,0.1524271109325841
138.54088812458,0.007218085675189052,0.5259393064632538,0.15242145944092736
138.54234009163085,0.007218010027393846,0.5258865477174748,0.15241580896893472
138.5437920891165,0.0072179343795986395,0.5258337971499373,0.15241015951599488
138.54524411703787,0.0072178587318034336,0.5257810547689566,0.15240451108149755
138.5466961753959,0.007217783084008228,0.5257283205827834,0.15239886366483285
138.5481482641916,0.007217707436213021,0.5256755945996792,0.15239321726539115
138.5496003834259,0.007217631788417815,0.5256228768279589,0.1523875718825635
138.55105253309978,0.007217556140622609,0.5255701672758519,0.15238192751574053
138.55250471321418,0.007217480492827402,0.5255174659516734,0.15237628416431392
138.55395692377002,0.007217404845032196,0.525464772863706,0.15237064182767573
138.55540916476832,0.00721732919723699,0.5254120880202221,0.1523650005052181
138.55686143621,0.007217253549441784,0.5253594114295153,0.15235936019633312
138.55831373809602,0.007217177901646578,0.5253067430998792,0.152353720900415
138.55976607042734,0.007217102253851372,0.5252540830396074,0.15234808261685556
138.56121843320494,0.007217026606056165,0.5252014312569937,0.15234244534505006
138.56267082642975,0.007216950958260959,0.5251487877603208,0.15233680908439104
138.56412325010274,0.007216875310465753,0.5250961525579468,0.15233117383427464
138.56557570422484,0.007216799662670547,0.525043525658101,0.15232553959409442
138.56702818879705,0.00721672401487534,0.5249909070691307,0.15231990636324635
138.5684807038203,0.0072166483670801345,0.52493829679934,0.15231427414112594
138.5699332492956,0.007216572719284929,0.524885694857055,0.15230864292712948
138.5713858252238,0.007216497071489722,0.5248331012505694,0.15230301272065366
138.57283843160596,0.007216421423694516,0.5247805159882194,0.1522973835210944
138.574291068443,0.00721634577589931,0.5247279390783204,0.15229175532784955
138.57574373573587,0.007216270128104103,0.5246753705291659,0.15228612814031722
138.5771964334855,0.007216194480308897,0.5246228103491138,0.15228050195789525
138.57864916169294,0.007216118832513691,0.5245702585465225,0.15227487677998172
138.58010192035906,0.0072160431847184845,0.5245177151296423,0.15226925260597593
138.58155470948486,0.007215967536923279,0.5244651801068528,0.15226362943527705
138.58300752907127,0.007215891889128073,0.5244126534865015,0.1522580072672855
138.58446037911926,0.007215816241332867,0.5243601352769246,0.15225238610140038
138.58591325962982,0.00721574059353766,0.5243076254864266,0.15224676593702288
138.58736617060387,0.007215664945742454,0.5242551241233978,0.15224114677355421
138.5888191120424,0.007215589297947248,0.5242026311961638,0.1522355286103955
138.5902720839463,0.007215513650152041,0.5241501467130723,0.15222991144694864
138.59172508631661,0.0072154380023568354,0.5240976706824915,0.1522242952826159
138.59317811915423,0.0072153623545616295,0.5240452031127368,0.1522186801168006
138.59463118246018,0.007215286706766423,0.5239927440122198,0.15221306594890513
138.59608427623533,0.007215211058971217,0.5239402933892556,0.15220745277833345
138.59753740048072,0.007215135411176011,0.5238878512522559,0.15220184060448994
138.59899055519728,0.007215059763380804,0.523835417609568,0.15219622942677904
138.60044374038594,0.007214984115585598,0.5237829924695068,0.15219061924460545
138.6018969560477,0.007214908467790392,0.523730575840527,0.15218501005737461
138.60335020218352,0.0072148328199951855,0.5236781677309651,0.15217940186449244
138.6048034787943,0.0072147571721999796,0.5236257681492007,0.15217379466536535
138.60625678588107,0.007214681524404774,0.5235733771036023,0.15216818845940017
138.60771012344475,0.007214605876609568,0.5235209946025818,0.15216258324600382
138.60916349148633,0.007214530228814361,0.5234686206545078,0.1521569790245845
138.61061689000672,0.007214454581019155,0.5234162552677492,0.15215137579454993
138.6120703190069,0.007214378933223949,0.5233638984507496,0.15214577355530925
138.61352377848786,0.007214303285428742,0.523311550211835,0.15214017230627058
138.6149772684505,0.007214227637633536,0.5232592105594706,0.1521345720468448
138.61643078889583,0.0072141519898383305,0.5232068795020144,0.15212897277644136
138.6178843398248,0.007214076342043124,0.5231545570478889,0.15212337449447058
138.61933792123833,0.007214000694247918,0.5231022432054627,0.1521177772003438
138.6207915331374,0.007213925046452712,0.5230499379832227,0.15211218089347214
138.62224517552303,0.007213849398657505,0.5229976413894947,0.15210658557326834
138.6236988483961,0.007213773750862299,0.5229453534327224,0.1521009912391442
138.62515255175757,0.007213698103067093,0.5228930741213497,0.15209539789051246
138.62660628560846,0.007213622455271886,0.5228408034637669,0.1520898055267872
138.62806004994968,0.0072135468074766805,0.5227885414683963,0.15208421414738205
138.6295138447822,0.007213471159681475,0.5227362881437032,0.15207862375171197
138.63096767010697,0.007213395511886269,0.5226840434980885,0.1520730343391909
138.632421525925,0.007213319864091062,0.5226318075399318,0.1520674459092351
138.63387541223716,0.007213244216295856,0.5225795802777625,0.1520618584612606
138.63532932904448,0.00721316856850065,0.5225273617199712,0.1520562719946832
138.63678327634793,0.007213092920705443,0.5224751518749906,0.15205068650892026
138.6382372541484,0.007213017272910237,0.522422950751254,0.15204510200338922
138.63969126244692,0.007212941625115031,0.522370758357259,0.15203951847750788
138.6411453012444,0.007212865977319825,0.5223185747014278,0.15203393593069503
138.6425993705418,0.007212790329524619,0.5222663997921722,0.1520283543623698
138.64405347034014,0.007212714681729413,0.5222142336380002,0.15202277377195147
138.64550760064031,0.007212639033934206,0.5221620762473452,0.15201719415886022
138.6469617614433,0.007212563386139,0.5221099276286616,0.15201161552251666
138.64841595275007,0.007212487738343794,0.5220577877904576,0.1520060378623424
138.64987017456158,0.007212412090548587,0.5220056567411342,0.15200046117775778
138.6513244268788,0.0072123364427533814,0.521953534489221,0.15199488546818618
138.65277870970266,0.0072122607949581755,0.5219014210431834,0.15198931073305047
138.65423302303412,0.00721218514716297,0.521849316411433,0.1519837369717736
138.6556873668742,0.007212109499367763,0.5217972206025101,0.15197816418377869
138.65714174122377,0.007212033851572557,0.5217451336248802,0.15197259236849095
138.65859614608385,0.007211958203777351,0.5216930554870192,0.1519670215253353
138.6600505814554,0.007211882555982144,0.5216409861974245,0.1519614516537367
138.66150504733935,0.007211806908186938,0.5215889257646046,0.15195588275312205
138.6629595437367,0.007211731260391732,0.5215368741970245,0.15195031482291685
138.66441407064838,0.0072116556125965256,0.5214848315032033,0.15194474786254922
138.66586862807534,0.00721157996480132,0.521432797691585,0.15193918187144617
138.66732321601856,0.007211504317006114,0.5213807727707633,0.15193361684903622
138.66877783447902,0.007211428669210907,0.5213287567491716,0.15192805279474814
138.67023248345765,0.007211353021415701,0.5212767496353179,0.15192248970801184
138.6716871629554,0.007211277373620495,0.5212247514377535,0.1519169275882565
138.67314187297328,0.007211201725825289,0.521172762165008,0.15191136643491315
138.6745966135122,0.007211126078030082,0.5211207818255467,0.15190580624741246
138.67605138457316,0.0072110504302348765,0.5210688104278884,0.1519002470251872
138.67750618615707,0.0072109747824396705,0.5210168479806275,0.15189468876766832
138.67896101826494,0.007210899134644464,0.5209648944922076,0.15188913147428912
138.6804158808977,0.007210823486849258,0.5209129499712228,0.15188357514448375
138.68187077405634,0.007210747839054052,0.5208610144261491,0.1518780197776854
138.6833256977418,0.007210672191258845,0.5208090878656021,0.1518724653733294
138.68478065195504,0.007210596543463639,0.5207571702980255,0.1518669119308502
138.68623563669703,0.007210520895668433,0.5207052617320241,0.15186135944968443
138.68769065196872,0.0072104452478732265,0.5206533621761171,0.15185580792926784
138.68914569777107,0.007210369600078021,0.5206014716388875,0.15185025736903776
138.69060077410506,0.007210293952282815,0.5205495901288544,0.15184470776843204
138.69205588097165,0.007210218304487608,0.5204977176545795,0.15183915912688856
138.69351101837177,0.007210142656692402,0.520445854224625,0.1518336114438465
138.6949661863064,0.007210067008897196,0.5203939998475524,0.15182806471874505
138.69642138477653,0.00720999136110199,0.5203421545319238,0.15182251895102425
138.69787661378308,0.007209915713306783,0.5202903182862795,0.15181697414012502
138.699331873327,0.007209840065511577,0.5202384911192565,0.15181143028548877
138.7007871634093,0.0072097644177163715,0.5201866730393844,0.15180588738655754
138.70224248403093,0.007209688769921165,0.5201348640552467,0.15180034544277282
138.7036978351928,0.007209613122125959,0.5200830641754373,0.1517948044535789
138.70515321689592,0.007209537474330753,0.5200312734085072,0.15178926441841983
138.70660862914127,0.007209461826535546,0.5199794917630508,0.15178372533673934
138.70806407192975,0.00720938617874034,0.5199277192476619,0.15177818720798236
138.70951954526237,0.007209310530945134,0.5198759558709561,0.15177265003159554
138.7109750491401,0.0072092348831499274,0.5198242016414952,0.1517671138070244
138.71243058356384,0.0072091592353547215,0.519772456567927,0.1517615785337162
138.71388614853458,0.007209083587559516,0.5197207206588025,0.15175604421111893
138.71534174405335,0.007209007939764309,0.5196689939227374,0.15175051083868066
138.716797370121,0.007208932291969103,0.5196172763684005,0.15174497841585063
138.71825302673855,0.007208856644173897,0.5195655680043004,0.1517394469420778
138.71970871390695,0.007208780996378691,0.5195138688391383,0.15173391641681375
138.7211644316272,0.007208705348583484,0.5194621788814867,0.15172838683950757
138.72262017990022,0.007208629700788278,0.5194104981399827,0.1517228582096119
138.72407595872696,0.007208554052993072,0.5193588266232417,0.15171733052657943
138.72553176810843,0.007208478405197866,0.5193071643399009,0.15171180378986227
138.72698760804553,0.00720840275740266,0.5192555112985969,0.15170627799891448
138.72844347853928,0.007208327109607454,0.5192038675079669,0.15170075315319023
138.72989937959062,0.007208251461812247,0.5191522329766478,0.15169522925214493
138.7313553112005,0.007208175814017041,0.5191006077132552,0.15168970629523315
138.7328112733699,0.007208100166221835,0.5190489917264581,0.151684184281912
138.73426726609978,0.007208024518426628,0.5189973850249043,0.15167866321163842
138.73572328939107,0.0072079488706314225,0.5189457876172308,0.15167314308387014
138.7371793432448,0.0072078732228362166,0.5188941995121066,0.15166762389806535
138.73863542766185,0.007207797575041011,0.5188426207181903,0.15166210565368285
138.74009154264326,0.007207721927245804,0.5187910512441295,0.15165658835018275
138.74154768818994,0.007207646279450598,0.5187394910986041,0.1516510719870253
138.7430038643029,0.007207570631655392,0.518687940290251,0.15164555656367212
138.74446007098302,0.007207494983860185,0.5186363988277931,0.15164004207958484
138.74591630823136,0.007207419336064979,0.5185848667198459,0.1516345285342257
138.7473725760488,0.007207343688269773,0.5185333439751537,0.15162901592705855
138.74882887443638,0.007207268040474567,0.5184818306023641,0.1516235042575466
138.75028520339498,0.007207192392679361,0.5184303266101248,0.15161799352515515
138.75174156292562,0.007207116744884155,0.51837883200718,0.15161248372934968
138.75319795302926,0.007207041097088948,0.5183273468021669,0.15160697486959585
138.75465437370684,0.007206965449293742,0.5182758710038188,0.15160146694536084
138.75611082495934,0.007206889801498536,0.5182244046208586,0.15159595995611228
138.7575673067877,0.007206814153703329,0.5181729476619339,0.15159045390131792
138.75902381919292,0.007206738505908123,0.5181215001357784,0.1515849487804475
138.7604803621759,0.0072066628581129175,0.5180700620510611,0.15157944459297076
138.76193693573768,0.007206587210317712,0.5180186334165479,0.15157394133835742
138.7633935398792,0.007206511562522505,0.5179672142409184,0.15156843901607953
138.76485017460138,0.007206435914727299,0.5179158045329277,0.15156293762560855
138.7663068399052,0.007206360266932093,0.5178644043012451,0.1515574371664176
138.7677635357917,0.007206284619136886,0.5178130135546148,0.1515519376379799
138.7692202622617,0.00720620897134168,0.5177616323018132,0.15154643903976966
138.77067701931628,0.007206133323546474,0.5177102605514986,0.15154094137126184
138.7721338069564,0.0072060576757512675,0.5176588983124369,0.15153544463193228
138.77359062518292,0.007205982027956062,0.5176075455933938,0.15152994882125748
138.77504747399692,0.007205906380160856,0.5175562024030599,0.1515244539387146
138.7765043533993,0.007205830732365649,0.5175048687502223,0.15151895998378123
138.77796126339103,0.007205755084570443,0.517453544643593,0.15151346695593693
138.7794182039731,0.007205679436775237,0.5174022300919702,0.15150797485466025
138.78087517514646,0.00720560378898003,0.5173509251040657,0.15150248367943223
138.78233217691206,0.007205528141184824,0.5172996296886668,0.15149699342973402
138.78378920927088,0.0072054524933896184,0.5172483438545391,0.15149150410504691
138.78524627222384,0.0072053768455944125,0.517197067610427,0.15148601570485412
138.78670336577198,0.007205301197799206,0.5171458009650962,0.1514805282286381
138.7881604899162,0.007205225550004,0.517094543927366,0.15147504167588416
138.7896176446575,0.007205149902208794,0.5170432965059591,0.15146955604607643
138.79107482999686,0.007205074254413587,0.5169920587096845,0.151464071338701
138.7925320459352,0.007204998606618381,0.5169408305473182,0.15145858755324443
138.79398929247347,0.007204922958823175,0.5168896120276583,0.15145310468919404
138.7954465696127,0.0072048473110279685,0.516838403159492,0.15144762274603793
138.79690387735377,0.0072047716632327626,0.5167872039515851,0.15144214172326517
138.79836121569772,0.007204696015437557,0.5167360144127782,0.15143666162036548
138.7998185846455,0.00720462036764235,0.5166848345518263,0.15143118243682896
138.801275984198,0.007204544719847144,0.516633664377592,0.1514257041721475
138.80273341435628,0.007204469072051938,0.5165825038988192,0.1514202268258131
138.8041908751213,0.007204393424256731,0.516531353124381,0.15141475039731891
138.80564836649395,0.007204317776461525,0.5164802120630325,0.15140927488615868
138.80710588847523,0.007204242128666319,0.5164290807236359,0.15140380029182612
138.80856344106613,0.0072041664808711135,0.5163779591150106,0.1513983266138181
138.8100210242676,0.007204090833075907,0.5163268472459867,0.15139285385162982
138.81147863808056,0.007204015185280701,0.5162757451253834,0.1513873820047591
138.81293628250603,0.007203939537485495,0.5162246527619988,0.15138191107270332
138.81439395754498,0.007203863889690288,0.5161735701647167,0.15137644105496154
138.81585166319832,0.007203788241895082,0.516122497342356,0.15137097195103297
138.81730939946706,0.007203712594099876,0.5160714343037903,0.15136550376041846
138.81876716635216,0.007203636946304669,0.5160203810578387,0.15136003648261942
138.82022496385457,0.0072035612985094635,0.5159693376133633,0.15135457011713727
138.82168279197523,0.007203485650714258,0.5159183039791838,0.1513491046634757
138.82314065071517,0.007203410002919051,0.5158672801642266,0.1513436401211376
138.8245985400753,0.007203334355123845,0.5158162661773111,0.15133817648962875
138.8260564600566,0.007203258707328639,0.515765262027289,0.1513327137684537
138.82751441066006,0.007203183059533433,0.5157142677230654,0.1513272519571191
138.8289723918866,0.007203107411738226,0.5156632832734919,0.15132179105513263
138.8304304037372,0.00720303176394302,0.515612308687452,0.1513163310620019
138.83188844621287,0.007202956116147814,0.515561343973819,0.15131087197723614
138.83334651931452,0.007202880468352608,0.5155103891414873,0.151305413800345
138.8348046230431,0.007202804820557402,0.5154594441993299,0.15129995653083905
138.83626275739965,0.007202729172762196,0.5154085091562518,0.1512945001682303
138.83772092238507,0.007202653524966989,0.5153575840211477,0.15128904471203045
138.83917911800037,0.007202577877171783,0.5153066688029121,0.15128359016175347
138.84063734424646,0.007202502229376577,0.5152557635104286,0.15127813651691377
138.84209560112436,0.00720242658158137,0.5152048681526452,0.15127268377702602
138.843553888635,0.0072023509337861644,0.5151539827384244,0.15126723194160593
138.84501220677936,0.0072022752859909585,0.5151031072767035,0.15126178101017085
138.84647055555843,0.007202199638195752,0.5150522417764092,0.15125633098223829
138.8479289349731,0.007202123990400546,0.5150013862464573,0.15125088185732746
138.8493873450244,0.00720204834260534,0.514950540695764,0.15124543363495715
138.85084578571332,0.007201972694810134,0.5148997051332448,0.15123998631464824
138.85230425704074,0.007201897047014927,0.5148488795678589,0.15123453989592212
138.85376275900768,0.007201821399219721,0.514798064008522,0.15122909437830082
138.8552212916151,0.007201745751424515,0.5147472584641501,0.15122364976130778
138.85667985486398,0.0072016701036293086,0.5146964629437559,0.15121820604446717
138.85813844875526,0.007201594455834103,0.5146456774562336,0.1512127632273036
138.85959707328988,0.007201518808038897,0.5145949020105528,0.15120732130934367
138.86105572846887,0.00720144316024369,0.5145441366156187,0.15120188029011333
138.86251441429314,0.007201367512448484,0.5144933812804761,0.15119644016914158
138.8639731307637,0.007201291864653278,0.5144426360140301,0.15119100094595575
138.8654318778815,0.007201216216858071,0.5143919008252502,0.1511855626200862
138.86689065564747,0.007201140569062865,0.5143411757231061,0.15118012519106366
138.86834946406265,0.0072010649212676595,0.5142904607165996,0.15117468865841927
138.86980830312794,0.007200989273472453,0.5142397558146679,0.1511692530216861
138.8712671728443,0.007200913625677247,0.5141890610263234,0.1511638182803968
138.87272607321276,0.007200837977882041,0.5141383763605468,0.15115838443408605
138.87418500423425,0.007200762330086835,0.5140877018262967,0.15115295148228905
138.87564396590975,0.007200686682291628,0.5140370374325534,0.15114751942454235
138.8771029582402,0.007200611034496422,0.5139863831883615,0.15114208826038233
138.87856198122657,0.007200535386701216,0.5139357391027229,0.15113665798934822
138.88002103486983,0.0072004597389060095,0.5138851051846287,0.1511312286109784
138.88148011917096,0.007200384091110804,0.513834481443059,0.15112580012481291
138.88293923413093,0.007200308443315598,0.5137838678870263,0.15112037253039332
138.8843983797507,0.007200232795520391,0.5137332645255754,0.1511149458272606
138.8858575560312,0.007200157147725185,0.5136826713677187,0.15110952001495892
138.88731676297346,0.007200081499929979,0.5136320884224687,0.1511040950930313
138.8887760005784,0.007200005852134772,0.5135815156988379,0.1510986710610235
138.890235268847,0.007199930204339566,0.5135309532058925,0.15109324791848072
138.8916945677802,0.00719985455654436,0.5134804009526234,0.15108782566495002
138.89315389737905,0.007199778908749154,0.5134298589481182,0.15108240429997957
138.89461325764444,0.007199703260953948,0.5133793272013788,0.15107698382311754
138.89607264857733,0.007199627613158742,0.5133288057214712,0.15107156423391427
138.89753207017873,0.007199551965363536,0.5132782945174293,0.1510661455319201
138.8989915224496,0.007199476317568329,0.513227793598298,0.15106072771668774
138.9004510053909,0.007199400669773123,0.5131773029731754,0.15105531078776904
138.90191051900356,0.007199325021977917,0.5131268226511063,0.1510498947447188
138.9033700632886,0.0071992493741827104,0.5130763526411353,0.1510444795870908
138.90482963824698,0.0071991737263875045,0.5130258929523392,0.15103906531444172
138.90628924387966,0.007199098078592299,0.5129754435938059,0.15103365192632756
138.90774888018757,0.007199022430797092,0.5129250045746011,0.15102823942230706
138.90920854717174,0.007198946783001886,0.5128745759037913,0.15102282780193838
138.9106682448331,0.00719887113520668,0.5128241575904746,0.15101741706478194
138.9121279731726,0.007198795487411473,0.5127737496437601,0.15101200721039812
138.91358773219125,0.007198719839616267,0.5127233520727139,0.15100659823834928
138.91504752189,0.007198644191821061,0.5126729648864238,0.15100119014819835
138.91650734226977,0.007198568544025855,0.5126225880940307,0.15099578293950938
138.91796719333163,0.007198492896230649,0.5125722217045903,0.15099037661184675
138.91942707507644,0.007198417248435443,0.5125218657272543,0.15098497116477713
138.92088698750524,0.007198341600640237,0.5124715201710891,0.1509795665978672
138.922346930619,0.00719826595284503,0.5124211850452466,0.15097416291068602
138.92380690441863,0.007198190305049824,0.5123708603588464,0.15096876010280155
138.92526690890514,0.007198114657254618,0.5123205461209978,0.1509633581737847
138.9267269440795,0.007198039009459411,0.512270242340831,0.15095795712320664
138.92818700994263,0.0071979633616642055,0.5122199490274767,0.15095255695063972
138.92964710649554,0.0071978877138689995,0.512169666190087,0.15094715765565722
138.9311072337392,0.007197812066073793,0.5121193938377814,0.15094175923783357
138.93256739167455,0.007197736418278587,0.5120691319797228,0.1509363616967445
138.9340275803026,0.007197660770483381,0.5120188806250201,0.1509309650319662
138.93548779962427,0.007197585122688174,0.5119686397828791,0.1509255692430767
138.93694804964056,0.007197509474892968,0.5119184094624193,0.15092017432965463
138.93840833035242,0.007197433827097762,0.5118681896728251,0.1509147802912795
138.93986864176082,0.007197358179302556,0.5118179804232162,0.15090938712753235
138.94132898386675,0.00719728253150735,0.511767781722809,0.15090399483799524
138.94278935667114,0.007197206883712144,0.5117175935807445,0.15089860342225067
138.944249760175,0.007197131235916938,0.5116674160062287,0.1508932128798835
138.94571019437927,0.007197055588121731,0.5116172490084239,0.15088782321047825
138.94717065928495,0.007196979940326525,0.511567092596493,0.15088243441362165
138.94863115489295,0.007196904292531319,0.5115169467796846,0.15087704648890088
138.9500916812043,0.007196828644736112,0.5114668115671183,0.15087165943590444
138.9515522382199,0.007196752996940906,0.5114166869680428,0.1508662732542219
138.9530128259408,0.0071966773491457005,0.5113665729916314,0.15086088794344396
138.9544734443679,0.007196601701350494,0.5113164696471003,0.15085550350316201
138.95593409350218,0.007196526053555288,0.5112663769436662,0.1508501199329698
138.95739477334465,0.007196450405760082,0.5112162948905022,0.1508447372324602
138.95885548389626,0.007196374757964875,0.5111662234968678,0.1508393554012289
138.96031622515795,0.007196299110169669,0.5111161627719685,0.1508339744388725
138.9617769971307,0.007196223462374463,0.5110661127250421,0.1508285943449878
138.96323779981552,0.007196147814579257,0.5110160733652834,0.15082321511917363
138.96469863321332,0.0071960721667840505,0.5109660447019626,0.15081783676102925
138.9661594973251,0.007195996518988845,0.5109160267443066,0.1508124592701552
138.96762039215182,0.007195920871193639,0.5108660195015318,0.15080708264615392
138.96908131769447,0.007195845223398432,0.5108160229829188,0.15080170688862804
138.97054227395398,0.007195769575603226,0.5107660371976949,0.15079633199718184
138.97200326093133,0.00719569392780802,0.5107160621551083,0.15079095797142028
138.97346427862755,0.007195618280012813,0.5106660978644186,0.15078558481095
138.9749253270435,0.007195542632217607,0.5106161443349279,0.15078021251537868
138.9763864061802,0.007195466984422401,0.5105662015758524,0.15077484108431474
138.97784751603868,0.007195391336627195,0.5105162695965157,0.150769470517368
138.97930865661982,0.007195315688831989,0.5104663484061451,0.1507641008141497
138.98076982792463,0.007195240041036783,0.5104164380139997,0.150758731974272
138.98223102995405,0.007195164393241577,0.5103665384294032,0.15075336399734776
138.9836922627091,0.00719508874544637,0.5103166496616469,0.15074799688299215
138.98515352619071,0.007195013097651164,0.5102667717200117,0.15074263063082005
138.98661482039984,0.007194937449855958,0.5102169046137782,0.1507372652404491
138.98807614533752,0.0071948618020607515,0.5101670483522808,0.15073190071149706
138.98953750100463,0.0071947861542655455,0.510117202944768,0.15072653704358277
138.9909988874022,0.00719471050647034,0.510067368400585,0.1507211742363265
138.99246030453122,0.007194634858675133,0.5100175447290554,0.1507158122893501
138.9939217523926,0.007194559210879927,0.509967731939449,0.15071045120227627
138.99538323098733,0.007194483563084721,0.5099179300411432,0.15070509097472876
138.9968447403164,0.007194407915289514,0.509868139043408,0.1506997316063327
138.99830628038075,0.007194332267494308,0.50981835895561,0.1506943730967146
138.99976785118136,0.007194256619699102,0.5097685897870621,0.1506890154455018
139.00122945271923,0.007194180971903896,0.5097188315471093,0.1506836586523224
139.00269108499526,0.00719410532410869,0.509669084245086,0.15067830271680713
139.00415274801048,0.007194029676313484,0.509619347890348,0.15067294763858669
139.00561444176586,0.007193954028518278,0.5095696224922619,0.15066759341729333
139.00707616626235,0.007193878380723071,0.5095199080601406,0.15066224005256043
139.0085379215009,0.007193802732927865,0.5094702046033506,0.1506568875440231
139.0099997074825,0.007193727085132659,0.5094205121312798,0.15065153589131688
139.01146152420816,0.007193651437337452,0.5093708306533058,0.15064618509407945
139.0129233716788,0.0071935757895422465,0.5093211601787304,0.15064083515194832
139.01438524989535,0.0071935001417470406,0.5092715007170171,0.15063548606456395
139.0158471588589,0.007193424493951834,0.509221852277457,0.1506301378315662
139.0173090985703,0.007193348846156628,0.5091722148695134,0.15062479045259805
139.0187710690306,0.007193273198361422,0.5091225885025099,0.15061944392730256
139.02023307024075,0.007193197550566215,0.5090729731858666,0.1506140982553236
139.02169510220168,0.007193121902771009,0.5090233689290038,0.15060875343630828
139.02315716491438,0.007193046254975803,0.5089737757412988,0.15060340946990214
139.0246192583799,0.0071929706071805965,0.5089241936321717,0.15059806635575426
139.02608138259907,0.007192894959385391,0.5088746226109784,0.15059272409351407
139.02754353757297,0.007192819311590185,0.5088250626871819,0.15058738268283164
139.0290057233025,0.007192743663794979,0.5087755138702347,0.15058204212336027
139.0304679397887,0.007192668015999772,0.5087259761694711,0.15057670241475216
139.03193018703251,0.007192592368204566,0.5086764495943972,0.1505713635566622
139.03339246503486,0.00719251672040936,0.5086269341543794,0.15056602554874607
139.03485477379678,0.007192441072614153,0.5085774298588916,0.15056068839066108
139.0363171133192,0.007192365424818947,0.508527936717365,0.1505553520820653
139.03777948360312,0.0071922897770237415,0.5084784547392408,0.15055001662261852
139.0392418846495,0.007192214129228535,0.5084289839339824,0.15054468201198118
139.04070431645928,0.007192138481433329,0.5083795243110206,0.1505393482498164
139.0421667790335,0.007192062833638123,0.5083300758798293,0.15053401533578634
139.04362927237307,0.007191987185842916,0.5082806386498608,0.15052868326955657
139.04509179647894,0.00719191153804771,0.5082312126305999,0.15052335205079306
139.04655435135217,0.007191835890252504,0.5081817978314666,0.15051802167916292
139.04801693699366,0.0071917602424572975,0.5081323942619668,0.15051269215433416
139.0494795534044,0.0071916845946620915,0.5080830019316283,0.1505073634759781
139.05094220058538,0.007191608946866886,0.5080336208498496,0.15050203564376435
139.05240487853754,0.00719153329907168,0.5079842510261583,0.1504967086573666
139.0538675872619,0.007191457651276473,0.507934892470039,0.15049138251645816
139.05533032675933,0.007191382003481267,0.5078855451910297,0.150486057220714
139.05679309703092,0.007191306355686061,0.5078362091985509,0.15048073276981092
139.0582558980776,0.007191230707890854,0.5077868845021835,0.150475409163426
139.05971872990028,0.007191155060095648,0.5077375711113906,0.15047008640123896
139.0611815925,0.0071910794123004424,0.5076882690356784,0.15046476448293022
139.06264448587774,0.007191003764505236,0.5076389782846388,0.1504594434081809
139.0641074100344,0.00719092811671003,0.5075896988677132,0.15045412317667423
139.06557036497102,0.007190852468914824,0.5075404307944507,0.15044880378809455
139.06703335068855,0.007190776821119617,0.5074911740743895,0.15044348524212786
139.06849636718795,0.007190701173324411,0.5074419287170893,0.1504381675384608
139.0699594144702,0.007190625525529205,0.5073926947320453,0.15043285067678205
139.07142249253627,0.007190549877733999,0.5073434721288601,0.15042753465678063
139.07288560138716,0.0071904742299387925,0.5072942609170291,0.1504222194781483
139.07434874102375,0.0071903985821435866,0.507245061106112,0.15041690514057746
139.07581191144712,0.007190322934348381,0.5071958727056898,0.15041159164376142
139.0772751126582,0.007190247286553174,0.5071466957253222,0.1504062789873953
139.07873834465798,0.007190171638757968,0.5070975301745797,0.1504009671711759
139.08020160744738,0.007190095990962762,0.5070483760630111,0.15039565619480055
139.0816649010274,0.007190020343167555,0.5069992334002085,0.1503903460579687
139.08312822539904,0.007189944695372349,0.5069501021957526,0.15038503676038129
139.0845915805632,0.007189869047577143,0.5069009824592251,0.15037972830173976
139.08605496652095,0.007189793399781937,0.5068518742002174,0.1503744206817469
139.0875183832732,0.007189717751986731,0.5068027774283215,0.1503691139001082
139.0889818308209,0.007189642104191525,0.50675369215314,0.1503638079565297
139.0904453091651,0.007189566456396318,0.5067046183842434,0.150358502850718
139.0919088183067,0.007189490808601112,0.5066555561313308,0.15035319858238275
139.0933723582467,0.007189415160805906,0.5066065054039082,0.15034789515123342
139.09483592898607,0.0071893395130107,0.5065574662116424,0.1503425925569822
139.0962995305258,0.007189263865215493,0.5065084385641471,0.15033729079934177
139.09776316286684,0.0071891882174202875,0.5064594224710567,0.15033198987802646
139.09922682601015,0.007189112569625082,0.5064104179419954,0.15032668979275188
139.10069051995677,0.007189036921829875,0.5063614249865873,0.15032139054323546
139.10215424470758,0.007188961274034669,0.5063124436144993,0.15031609212919575
139.1036180002636,0.007188885626239463,0.5062634738353126,0.1503107945503526
139.10508178662582,0.007188809978444256,0.5062145156587478,0.15030549780642752
139.10654560379515,0.00718873433064905,0.5061655690944395,0.1503002018971432
139.10800945177263,0.007188658682853844,0.506116634152012,0.15029490682222382
139.1094733305592,0.0071885830350586375,0.5060677108411857,0.15028961258139473
139.11093724015586,0.007188507387263432,0.5060187991715527,0.15028431917438384
139.11240118056352,0.007188431739468226,0.5059698991528226,0.1502790266009189
139.11386515178324,0.007188356091673019,0.5059210107946733,0.1502737348607299
139.11532915381594,0.007188280443877813,0.5058721341067826,0.15026844395354852
139.11679318666256,0.007188204796082607,0.5058232690988278,0.15026315387910735
139.11825725032415,0.007188129148287401,0.5057744157805191,0.15025786463714036
139.11972134480163,0.007188053500492194,0.505725574161534,0.15025257622738342
139.12118547009598,0.0071879778526969884,0.5056767442515611,0.15024728864957362
139.1226496262082,0.0071879022049017825,0.5056279260603317,0.15024200190344977
139.12411381313925,0.007187826557106576,0.5055791195975127,0.15023671598875124
139.12557803089007,0.00718775090931137,0.5055303248728461,0.1502314309052201
139.12704227946168,0.007187675261516164,0.505481541896042,0.15022614665259912
139.128506558855,0.007187599613720957,0.5054327706768208,0.15022086323063208
139.1299708690711,0.007187523965925751,0.5053840112249033,0.15021558063906573
139.13143521011082,0.007187448318130545,0.5053352635500529,0.15021029887764684
139.13289958197527,0.0071873726703353385,0.5052865276619473,0.15020501794612423
139.1343639846653,0.0071872970225401326,0.5052378035703607,0.15019973784424784
139.13582841818197,0.007187221374744927,0.5051890912850568,0.1501944585717699
139.13729288252622,0.00718714572694972,0.505140390815724,0.15018918012844357
139.13875737769902,0.007187070079154514,0.5050917021721686,0.15018390251402294
139.14022190370136,0.007186994431359308,0.5050430253641541,0.15017862572826504
139.14168646053417,0.007186918783564102,0.5049943604014013,0.15017334977092633
139.14315104819852,0.007186843135768895,0.5049457072936951,0.15016807464176732
139.14461566669527,0.007186767487973689,0.5048970660508313,0.15016280034054752
139.14608031602546,0.0071866918401784835,0.5048484366825411,0.15015752686702938
139.14754499619005,0.007186616192383277,0.5047998191986202,0.15015225422097667
139.14900970719,0.007186540544588071,0.5047512136089181,0.15014698240215438
