period_days,frequency_per_day,fourier_power,semi_amplitude
0.9447737826700001,1.0584544346414086,0.10891889026938636,6.072302404524768
0.9447827806012439,1.0584443541229835,0.1136799849385063,6.2117163612692865
0.9447917787038802,1.0584342736045582,0.11835510285618522,6.344185562371649
0.9448007769779138,1.0584241930861331,0.12291938174476395,6.469240616556567
0.9448097754233495,1.058414112567708,0.12734883782757966,6.5864796285310065
0.9448187740401924,1.058404032049283,0.1316206430176796,6.6955706311128145
0.9448277728284473,1.0583939515308578,0.13571337269737319,6.79625275212564
0.9448367717881193,1.0583838710124325,0.139607218340029,6.888336084640401
0.944845770919213,1.0583737904940074,0.14328416070643724,6.971700280981423
0.9448547702217334,1.0583637099755823,0.14672810095711586,7.046291938861022
0.9448637696956853,1.0583536294571572,0.149924948661865,7.112120889747009
0.944872769341074,1.0583435489387318,0.15286266727193049,7.1692555333752495
0.9448817691579039,1.0583334684203067,0.15553127905314773,7.217817386737327
0.9448907691461801,1.0583233879018816,0.157922832713102,7.2579750309616875
0.9448997693059075,1.0583133073834565,0.1600313379348333,7.289937645086747
0.9449087696370911,1.0583032268650312,0.1618526717326158,7.313948312752569
0.9449177701397357,1.058293146346606,0.16338446197710643,7.33027727766033
0.9449267708138461,1.058283065828181,0.16462595359623594,7.339215307434904
0.9449357716594273,1.0582729853097559,0.1655778628912463,7.341067305317896
0.9449447726764842,1.0582629047913308,0.16624222512877276,7.336146285983285
0.944953773865022,1.0582528242729055,0.1666222401476561,7.324767807780941
0.9449627752250451,1.0582427437544804,0.16672212017375437,7.307244929564215
0.9449717767565585,1.0582326632360552,0.16654694342162923,7.283883737333457
0.9449807784595673,1.0582225827176301,0.16610251642075433,7.254979464961641
0.9449897803340765,1.0582125021992048,0.16539524735074226,7.220813214447642
0.9449987823800906,1.0582024216807797,0.16443203205139503,7.181649265218719
0.9450077845976147,1.0581923411623546,0.16322015379696947,7.137732948656328
0.9450167869866537,1.0581822606439295,0.1617671974022913,7.0892890534138475
0.9450257895472127,1.0581721801255042,0.16008097778068364,7.036520719058015
0.9450347922792963,1.058162099607079,0.15816948269107403,6.979608769847921
0.9450437951829095,1.058152019088654,0.15604082910211772,6.918711436881806
0.9450527982580571,1.0581419385702289,0.1537032323652598,6.853964415354219
0.9450618015047445,1.0581318580518035,0.15116498720838262,6.785481203683513
0.9450708049229759,1.0581217775333784,0.1484344594548324,6.713353673366775
0.9450798085127565,1.0581116970149533,0.14552008730041086,6.637652821535562
0.9450888122740914,1.0581016164965282,0.14243039097792437,6.5584296634472485
0.9450978162069854,1.058091535978103,0.1391739896494123,6.475716228179537
0.9451068203114432,1.0580814554596778,0.1357596244257995,6.3895266286725985
0.9451158245874698,1.0580713749412527,0.13219618648191847,6.299858186089709
0.9451248290350702,1.0580612944228276,0.12849274931967453,6.206692598488109
0.9451338336542492,1.0580512139044025,0.12465860431616516,6.109997154610612
0.945142838445012,1.0580411333859772,0.12070329876782457,6.009726004989975
0.945151843407363,1.058031052867552,0.11663667570063145,5.905821514185896
0.9451608485413074,1.058020972349127,0.1124689147419739,5.798215729303679
0.9451698538468501,1.0580108918307018,0.1082105733478508,5.686832010842845
0.9451788593239961,1.0580008113122765,0.1038726276303561,5.571586881668682
0.9451878649727501,1.0579907307938514,0.09946651193647019,5.452392158267976
0.945196870793117,1.0579806502754263,0.09500415619851642,5.329157435401969
0.9452058767851018,1.0579705697570012,0.09049801989649323,5.20179300029758
0.9452148829487096,1.0579604892385759,0.08596112126557738,5.0702132561462605
0.9452238892839449,1.0579504087201508,0.08140706015073876,4.934340737079668
0.9452328957908127,1.0579403282017257,0.0768500326757667,4.794110798889452
0.9452419024693182,1.0579302476833006,0.07230483567580513,4.649477072885092
0.945250909319466,1.0579201671648755,0.06778685866009221,4.50041777627066
0.9452599163412614,1.0579100866464501,0.06331206095805712,4.346942984401057
0.9452689235347087,1.057900006128025,0.05889693167979591,4.189102992233229
0.9452779308998133,1.0578899256096,0.05455843021634979,4.026997929975743
0.9452869384365798,1.0578798450911748,0.05031390525135666,3.8607888599883453
0.9452959461450136,1.0578697645727495,0.046180990658057815,3.6907106792445044
0.9453049540251189,1.0578596840543244,0.042177477238627796,3.5170873003159175
0.9453139620769011,1.0578496035358993,0.03832116002351666,3.3403498047930547
0.9453229703003649,1.0578395230174742,0.03462966177788949,3.1610585832032414
0.9453319786955156,1.0578294424990489,0.031120234430551993,2.9799309252036723
0.9453409872623575,1.0578193619806238,0.027809541314195448,2.7978761279085704
0.9453499960008959,1.0578092814621987,0.024713424316317296,2.6160409375438247
0.9453590049111354,1.0577992009437736,0.021846661229478554,2.435868908651963
0.9453680139930816,1.0577891204253482,0.01922271966109767,2.2591776379787603
0.9453770232467386,1.0577790399069231,0.01685351474257782,2.0882566929394457
0.9453860326721115,1.057768959388498,0.014749178473211574,1.9259838202518302
0.9453950422692055,1.057758878870073,0.012917848780846217,1.775942517013029
0.9454040520380255,1.0577487983516476,0.011365486214284855,1.6424922629390222
0.9454130619785761,1.0577387178332225,0.010095725587418853,1.5306883534869913
0.9454220720908624,1.0577286373147974,0.009109768867975264,1.4458907399475958
0.9454310823748893,1.0577185567963723,0.008406324192812419,1.392923398651908
0.9454400928306615,1.0577084762779472,0.007981594164388163,1.374878349558507
0.9454491034581846,1.0576983957595218,0.007829314648363402,1.392069569254361
0.9454581142574626,1.0576883152410967,0.007940843268819773,1.4418036110177057
0.945467125228501,1.0576782347226716,0.008305294818189058,1.519152531882688
0.9454761363713043,1.0576681542042465,0.008909718991966896,1.618215884774826
0.9454851476858781,1.0576580736858212,0.009739314334404371,1.733202283629074
0.9454941591722266,1.057647993167396,0.010777671128317453,1.8590318420790668
0.9455031708303548,1.057637912648971,0.012007035233654192,1.9915248161300085
0.945512182660268,1.057627832130546,0.013408584593015234,2.127358214536558
0.945521194661971,1.0576177516121206,0.014962710263840558,2.2639339056935737
0.9455302068354685,1.0576076710936955,0.016649294355433,2.399234762325187
0.9455392191807654,1.0575975905752704,0.01844797808126477,2.5316990989657566
0.9455482316978668,1.0575875100568453,0.020338414190179375,2.660120479486373
0.9455572443867776,1.0575774295384202,0.022300499232076002,2.7835708108691155
0.9455662572475028,1.0575673490199948,0.02431458235081534,2.9013421052377155
0.945575270280047,1.0575572685015697,0.026361648504035256,3.01290235838697
0.9455842834844153,1.0575471879831446,0.02842347512279397,3.1178618414010697
0.9455932968606126,1.0575371074647195,0.03048276219249014,3.215947023192038
0.945602310408644,1.0575270269462942,0.03252323653656033,3.3069801111561548
0.9456113241285139,1.057516946427869,0.03452973169605671,3.3908627770496516
0.9456203380202277,1.057506865909444,0.036488245231028046,3.4675630509030375
0.9456293520837901,1.0574967853910189,0.038385975526943526,3.537104655020113
0.9456383663192063,1.0574867048725936,0.040211340304026164,3.599558248177923
0.9456473807264808,1.0574766243541684,0.04195397901969358,3.655034184237852
0.9456563953056186,1.0574665438357433,0.04360474125358798,3.7036764796668726
0.9456654100566249,1.0574564633173182,0.045155663006647924,3.7456577458078137
0.9456744249795043,1.0574463827988931,0.04659993265416127,3.781174883971623
0.945683440074262,1.0574363022804678,0.047931848089938375,3.8104453715986843
0.9456924553409026,1.0574262217620427,0.04914676641164728,3.8337039909328086
0.9457014707794312,1.0574161412436176,0.05024104733597493,3.8511998708075263
0.945710486389853,1.0574060607251923,0.051211991402333075,3.8631937293552854
0.9457195021721723,1.0573959802067672,0.052057773943016375,3.869955222365881
0.9457285181263944,1.057385899688342,0.05277737574856711,3.871760318745032
0.945737534252524,1.057375819169917,0.05337051135114227,3.8688886419613215
0.9457465505505663,1.0573657386514919,0.053837555867259225,3.861620733926341
0.9457555670205262,1.0573556581330665,0.05417947138206657,3.85023521562028
0.9457645836624083,1.0573455776146414,0.05439773390726625,3.835005836404439
0.9457736004762177,1.0573354970962163,0.05449426199324413,3.8161984209343935
0.9457826174619595,1.0573254165777912,0.05447134811357088,3.794067738586903
0.9457916346196384,1.057315336059366,0.05433159396126403,3.7688543349717647
0.9458006519492593,1.0573052555409408,0.05407785078887936,3.7407813779796104
0.9458096694508271,1.0572951750225157,0.0537131658913902,3.710051581941097
0.9458186871243469,1.0572850945040906,0.053240736264562764,3.676844282582831
0.9458277049698237,1.0572750139856653,0.052663870374221926,3.641312742557233
0.945836722987262,1.0572649334672402,0.05198595884468732,3.6035817726100867
0.945845741176667,1.057254852948815,0.0512104547174231,3.563745756814182
0.9458547595380435,1.05724477243039,0.05034086374682732,3.521867172086054
0.9458637780713965,1.0572346919119648,0.04938074499170048,3.4779756924332097
0.9458727967767312,1.0572246113935395,0.04833372172554594,3.4320679670969296
0.9458818156540519,1.0572145308751144,0.04720350243227837,3.384108159110569
0.945890834703364,1.0572044503566893,0.04599391136820248,3.334029326422488
0.9458998539246722,1.0571943698382642,0.044708927865799226,3.281735721772156
0.9459088733179817,1.0571842893198389,0.04335273321880571,3.2271060792298036
0.945917892883297,1.0571742088014138,0.0419297636362554,3.169997944753457
0.9459269126206232,1.0571641282829887,0.04044476737779218,3.1102530943993405
0.9459359325299653,1.0571540477645636,0.038902863807648236,3.0477040670894295
0.9459449526113285,1.0571439672461382,0.03730960173387349,2.982181818562992
0.945953972864717,1.0571338867277131,0.03567101406471685,2.913524479919981
0.9459629932901362,1.057123806209288,0.033993665539725326,2.841587178778528
0.945972013887591,1.057113725690863,0.032284690120965916,2.7662528554963184
0.9459810346570862,1.0571036451724378,0.03055181459382195,2.687443983822298
0.9459900555986269,1.0570935646540125,0.028803365076977987,2.605135089150733
0.9459990767122178,1.0570834841355874,0.027048253508158246,2.5193659532104276
0.9460080979978639,1.0570734036171623,0.025295941788431576,2.4302554076694856
0.9460171194555701,1.0570633230987372,0.023556382141369063,2.338015656362313
0.9460261410853417,1.0570532425803119,0.021839933360360747,2.2429671297754115
0.946035162887183,1.0570431620618868,0.02015725393520874,2.1455539631079197
0.9460441848610992,1.0570330815434617,0.018519174493088597,2.0463602841753676
0.9460532070070953,1.0570230010250365,0.01693655345726475,1.9461275578540524
0.9460622293251764,1.0570129205066112,0.015420121190258217,1.8457731712877172
0.9460712518153469,1.0570028399881861,0.013980319016884696,1.7464100929607842
0.946080274477612,1.056992759469761,0.012627140283503641,1.6493665137549454
0.9460892973119767,1.056982678951336,0.01136998090320363,1.5562024470441889
0.946098320318446,1.0569725984329106,0.01021750659567744,1.468716805677943
0.9461073434970245,1.0569625179144855,0.009177543248866327,1.3889331999760381
0.9461163668477173,1.0569524373960604,0.008256995552511154,1.3190464479520376
0.9461253903705293,1.0569423568776353,0.007461797386181466,1.2613080958920655
0.9461344140654657,1.05693227635921,0.00679689552966083,1.2178355999004837
0.946143437932531,1.0569221958407848,0.006266266270794113,1.1903549899465553
0.9461524619717303,1.0569121153223597,0.005872962587766953,1.1799301191948537
0.9461614861830685,1.0569020348039346,0.005619187929736964,1.186769494397985
0.9461705105665505,1.0568919542855095,0.005506391328822463,1.210195297698474
0.9461795351221817,1.0568818737670842,0.005535377718815929,1.248794770106753
0.9461885598499662,1.056871793248659,0.005706426931409556,1.3006925949108745
0.9461975847499094,1.056861712730234,0.006019414866553762,1.3638442816869332
0.9462066098220162,1.056851632211809,0.006473930730818574,1.436271539598778
0.9462156350662916,1.0568415516933836,0.007069384925050578,1.516208965793834
0.9462246604827403,1.0568314711749585,0.007805103049452244,1.6021700645740062
0.9462336860713673,1.0568213906565334,0.008680402494983796,1.6929568785629618
0.9462427118321776,1.0568113101381083,0.009694649124336664,1.787637421969469
0.9462517377651762,1.056801229619683,0.010847292557441383,1.8855085009935757
0.9462607638703678,1.0567911491012578,0.012137879522367721,1.9860545510082988
0.9462697901477575,1.0567810685828327,0.01356604558930478,2.0889080269341878
0.94627881659735,1.0567709880644076,0.015131486363051953,2.1938137724700097
0.9462878432191506,1.0567609075459825,0.016833909870713825,2.300598122433689
0.9462968700131642,1.0567508270275572,0.018672972451032412,2.4091426990136746
0.9463058969793953,1.056740746509132,0.020648200939448944,2.519362547211353
0.9463149241178491,1.056730665990707,0.022758904356258186,2.6311881741691443
0.9463239514285305,1.0567205854722819,0.02500407864173341,2.744551077367134
0.9463329789114447,1.0567105049538565,0.027382308243647825,2.8593724000448257
0.9463420065665962,1.0567004244354314,0.029891668534722863,2.975554406685712
0.94635103439399,1.0566903439170063,0.03252963310812762,3.0929745143198772
0.9463600623936312,1.0566802633985812,0.035292989948266566,3.21148164322424
0.9463690905655249,1.056670182880156,0.03817777028760182,3.3308946643317294
0.9463781189096755,1.0566601023617308,0.04117919362140477,3.451002722824125
0.9463871474260883,1.0566500218433057,0.044291631854287916,3.571567211220414
0.9463961761147681,1.0566399413248806,0.047508594898570275,3.6923251541531656
0.9464052049757202,1.0566298608064553,0.050822739251432415,3.8129937540771746
0.946414234008949,1.0566197802880302,0.054225900168261995,3.93327583504623
0.9464232632144596,1.056609699769605,0.05770914707208061,4.052865913245768
0.9464322925922569,1.05659961925118,0.06126286083581364,4.171456619893277
0.9464413221423462,1.0565895387327546,0.06487683061224452,4.2887452063600575
0.9464503518647319,1.0565794582143295,0.06854036701664025,4.4044398735881325
0.9464593817594192,1.0565693776959044,0.0722424277518275,4.518265688591846
0.9464684118264131,1.0565592971774793,0.07597175124708093,4.629969879550313
0.9464774420657183,1.0565492166590542,0.07971699359467692,4.739326336683123
0.9464864724773401,1.0565391361406289,0.08346686402741509,4.846139187122001
0.9464955030612829,1.0565290556222038,0.08721025437918638,4.950245356176728
0.9465045338175522,1.0565189751037787,0.09093635839745631,5.051516072723294
0.9465135647461524,1.0565088945853536,0.09463477737783872,5.14985732005306
0.9465225958470891,1.0564988140669282,0.09829560934402068,5.245209274106209
0.9465316271203665,1.0564887335485031,0.10190951981579974,5.3375448057637
0.9465406585659899,1.056478653030078,0.10546779307456845,5.426867152674302
0.9465496901839642,1.056468572511653,0.10896236366005838,5.513206887007884
0.9465587219742946,1.0564584919932276,0.11238582860519644,5.596618319463174
0.9465677539369854,1.0564484114748025,0.11573144157826298,5.6771754862911195
0.946576786072042,1.0564383309563774,0.11899309064263906,5.754967866123869
0.9465858183794693,1.0564282504379523,0.12216526174853128,5.830095967857043
0.9465948508592721,1.0564181699195272,0.1252429903390798,5.9026669207826545
0.9466038835114556,1.0564080894011019,0.1282218035903522,5.972790184803307
0.9466129163360243,1.0563980088826768,0.1310976558228469,6.040573482766398
0.9466219493329835,1.0563879283642517,0.13386685954388072,6.106119039873097
0.9466309825023379,1.0563778478458266,0.13652601441832504,6.169520197240112
0.9466400158440927,1.0563677673274012,0.13907193624459174,6.23085844879456
0.9466490493582527,1.0563576868089761,0.141501587752134,6.29020093311063
0.9466580830448226,1.056347606290551,0.14381201274925043,6.347598394765189
0.9466671169038076,1.056337525772126,0.1460002748567408,6.40308361374646
0.9466761509352128,1.0563274452537006,0.14806340177716784,6.456670286456633
0.9466851851390428,1.0563173647352755,0.14999833577542052,6.508352328147692
0.9466942195153025,1.0563072842168504,0.15180189080707135,6.558103554664499
0.9467032540639971,1.0562972036984253,0.15347071652194705,6.605877691280179
0.9467122887851316,1.05628712318,0.15500126920886445,6.6516086487952935
0.9467213236787106,1.0562770426615748,0.15638978963452652,6.695211002210231
0.9467303587447392,1.0562669621431497,0.15763228766792986,6.736580605610936
0.9467393939832223,1.0562568816247246,0.15872453357925595,6.775595278793339
0.9467484293941651,1.0562468011062993,0.15966205595200245,6.812115506697019
0.9467574649775722,1.0562367205878742,0.16044014624998565,6.845985101984099
0.9467665007334486,1.056226640069449,0.16105387022936665,6.877031793882811
0.9467755366617993,1.056216559551024,0.16149808656731715,6.905067722189096
0.9467845727626292,1.056206479032599,0.16176747328615917,6.929889833585787
0.9467936090359435,1.0561963985141736,0.16185656276011393,6.95128019721243
0.9468026454817466,1.0561863179957485,0.16175978628963358,6.969006276738059
0.946811682100044,1.0561762374773234,0.16147152938770837,6.98282121606453
0.9468207188908402,1.0561661569588983,0.16098619903190303,6.992464214111691
0.9468297558541405,1.056156076440473,0.1602983041561752,6.997661079688996
0.9468387929899496,1.0561459959220478,0.15940255058822972,6.998125069671653
0.9468478302982725,1.0561359154036227,0.1582939514427454,6.993558121300498
0.946856867779114,1.0561258348851976,0.1569679536579589,6.98365259209328
0.9468659054324795,1.0561157543667723,0.15542058089232424,6.968093617884231
0.9468749432583734,1.0561056738483472,0.15364859238372533,6.946562190637863
0.946883981256801,1.056095593329922,0.15164965661451837,6.918739042768384
0.9468930194277669,1.056085512811497,0.1494225377402922,6.884309403805166
0.9469020577712763,1.0560754322930719,0.14696729175108506,6.84296866872711
0.9469110962873344,1.0560653517746466,0.14428546828164207,6.7944289858073885
0.9469201349759455,1.0560552712562215,0.1413803129269754,6.738426736472996
0.946929173837115,1.0560451907377963,0.1382569639083893,6.674730841820611
0.9469382128708477,1.0560351102193712,0.13492263605899943,6.6031517921647875
0.9469472520771486,1.056025029700946,0.13138678443302404,6.52355125964697
0.9469562914560226,1.0560149491825208,0.12766123948057245,6.4358521223691
0.9469653310074745,1.0560048686640957,0.12376030574354105,6.340048704681486
0.9469743707315094,1.0559947881456706,0.11970081649241875,6.236217025426449
0.9469834106281324,1.0559847076272453,0.11550213766305827,6.124524846332919
0.9469924506973482,1.0559746271088202,0.11118611590042089,6.005241328801553
0.9470014909391616,1.055964546590395,0.10677696739890685,5.878746138409829
0.9470105313535779,1.05595446607197,0.10230110651962161,5.7455378820411385
0.9470195719406022,1.0559443855535446,0.097786915688167,5.60624181668973
0.9470286127002387,1.0559343050351195,0.0932644607173075,5.461616824443243
0.9470376536324929,1.0559242245166944,0.08876515824521136,5.3125616913191465
0.9470466947373697,1.0559141439982693,0.08432140425922399,5.160120740625653
0.9470557360148741,1.055904063479844,0.07996617448700857,5.005488829049986
0.9470647774650107,1.055893982961419,0.0757326086525196,4.850015584958045
0.9470738190877847,1.0558839024429938,0.07165359108934162,4.695208515886081
0.9470828608832009,1.0558738219245687,0.06776133995484705,4.542734198479594
0.9470919028512645,1.0558637414061436,0.06408701630058991,4.394416160566291
0.9471009449919804,1.0558536608877183,0.06066036262476589,4.25222727558499
0.9471099873053532,1.0558435803692932,0.05750937839395408,4.118273586471079
0.9471190297913882,1.055833499850868,0.05466003754915705,3.994765652022599
0.9471280724500902,1.055823419332443,0.052136050408398166,3.883973128431223
0.9471371152814644,1.0558133388140176,0.0499586698304841,3.788158905681536
0.9471461582855153,1.0558032582955925,0.04814653920523226,3.7094913277816675
0.947155201462248,1.0557931777771674,0.046715577922964706,3.6499372174646245
0.9471642448116675,1.0557830972587423,0.04567889857041202,3.6111442665658218
0.947173288333779,1.055773016740317,0.045046749261413166,3.594327373762
0.947182332028587,1.0557629362218919,0.04482647427488317,3.600177220333965
0.9471913758960968,1.0557528557034668,0.045022486518966634,3.6288082732945632
0.947200419936313,1.0557427751850417,0.04563624623215762,3.679756616456737
0.9472094641492409,1.0557326946666166,0.046666241698331196,3.7520273661165016
0.9472185085348854,1.0557226141481912,0.048107969500347396,3.8441808689812658
0.9472275530932511,1.0557125336297661,0.049953913864529687,3.9544403017274345
0.9472365978243433,1.055702453111341,0.052193526833092106,4.080802429484044
0.9472456427281668,1.055692372592916,0.054813213207985136,4.22113717687645
0.9472546878047268,1.0556822920744906,0.05779632630206109,4.373267798779918
0.9472637330540278,1.0556722115560655,0.061123182345336646,4.535029336779904
0.947272778476075,1.0556621310376404,0.0647711027839662,4.704307273503017
0.9472818240708734,1.0556520505192153,0.0687144944978483,4.879060529965134
0.9472908698384279,1.05564197000079,0.07292497803344196,5.057333569607352
0.9472999157787434,1.0556318894823649,0.07737157315919213,5.237261977236054
0.9473089618918248,1.0556218089639398,0.08202094935347774,5.417075004754072
0.9473180081776772,1.0556117284455147,0.08683774621020347,5.595097576115852
0.9473270546363056,1.0556016479270893,0.09178496528054451,5.769753316020783
0.9473361012677147,1.0555915674086642,0.09682443072697298,5.939569391147108
0.9473451480719095,1.0555814868902391,0.10191731160332647,6.10318334643647
0.9473541950488951,1.055571406371814,0.1070246939294143,6.259351671091015
0.9473632421986765,1.0555613258533887,0.11210818641002625,6.4069595206200685
0.9473722895212584,1.0555512453349636,0.11713054003876626,6.545030832728576
0.9473813370166458,1.0555411648165385,0.12205625932220586,6.672737990138502
0.9473903846848438,1.0555310842981134,0.12685218174789678,6.789410187939573
0.9473994325258573,1.0555210037796883,0.13148800257208554,6.894539742377525
0.9474084805396915,1.055510923261263,0.1359367240430573,6.987785716759422
0.9474175287263508,1.0555008427428378,0.14017501165710364,7.06897442096885
0.9474265770858404,1.0554907622244127,0.14418344469429892,7.138096545778481
0.9474356256181653,1.0554806817059876,0.14794665367238852,7.19530090198263
0.9474446743233307,1.0554706011875623,0.15145334306351124,7.2408849305528244
0.947453723201341,1.0554605206691372,0.1546962031361377,7.275282317657094
0.9474627722522015,1.055450440150712,0.15767171971972457,7.299048177212121
0.9474718214759171,1.055440359632287,0.16037989470460642,7.31284234735044
0.947480870872493,1.0554302791138617,0.16282389296896713,7.31741138452151
0.9474899204419337,1.0554201985954366,0.16500963311415306,7.313569834115424
0.9474989701842442,1.0554101180770115,0.16694533990228722,7.302181315718339
0.9475080200994298,1.0554000375585864,0.16864107578363718,7.284139894603877
0.9475170701874952,1.0553899570401613,0.17010826757883865,7.260352128879185
0.9475261204484456,1.055379876521736,0.1713592424757356,7.23172009426466
0.9475351708822856,1.0553697960033108,0.17240678526122544,7.199125604720745
0.9475442214890203,1.0553597154848857,0.17326372636183848,7.163415774350525
0.9475532722686547,1.0553496349664606,0.17394256797814264,7.125390008516048
0.9475623232211939,1.0553395544480353,0.17445515352413005,7.08578847253904
0.9475713743466425,1.0553294739296102,0.17481238379046196,7.045282064345351
0.9475804256450057,1.055319393411185,0.17502398178667763,7.0044639106385365
0.9475894771162884,1.05530931289276,0.1750983070672356,6.963842410829031
0.9475985287604957,1.0552992323743347,0.17504221949550175,6.923835864041154
0.9476075805776323,1.0552891518559095,0.1748609917618918,6.884768726188058
0.9476166325677031,1.0552790713374844,0.17455826951191164,6.846869551420723
0.9476256847307134,1.0552689908190593,0.17413607756019073,6.810270670265906
0.9476347370666681,1.055258910300634,0.17359487032108914,6.775009642495845
0.9476437895755718,1.055248829782209,0.17293362420821706,6.741032494639537
0.9476528422574297,1.0552387492637838,0.17214996931985327,6.70819871087493
0.9476618951122469,1.0552286687453587,0.17124035720701253,6.676287894197497
0.9476709481400283,1.0552185882269334,0.17020026092693102,6.645007956651042
0.9476800013407785,1.0552085077085083,0.16902440293841633,6.61400463842742
0.9476890547145028,1.0551984271900832,0.16770700574012626,6.58287210171669
0.947698108261206,1.055188346671658,0.16624205954114077,6.55116430197944
0.9477071619808932,1.055178266153233,0.1646236007485018,6.518406811619123
0.9477162158735695,1.0551681856348076,0.16284599471547112,6.484108762188333
0.9477252699392394,1.0551581051163825,0.16090421606760172,6.447774582797869
0.9477343241779081,1.0551480245979574,0.15879412004724494,6.4089152440657635
0.9477433785895807,1.0551379440795323,0.15651269869633488,6.367058766595847
0.947752433174262,1.055127863561107,0.15405831632432884,6.321759817028836
0.947761487931957,1.055117783042682,0.15143091953985996,6.272608288572831
0.9477705428626706,1.0551077025242568,0.14863221809781776,6.219236841048726
0.9477795979664078,1.0550976220058317,0.14566583386261042,6.161327452749279
0.9477886532431736,1.0550875414874064,0.14253741621230023,6.098617107089374
0.947797708692973,1.0550774609689813,0.1392547231422056,6.030902796880361
0.9478067643158107,1.0550673804505561,0.135827668086571,5.958046073866805
0.9478158201116919,1.055057299932131,0.13226833302727187,5.879977398292337
0.9478248760806214,1.055047219413706,0.1285909487520795,5.796700550079415
0.9478339322226045,1.0550371388952806,0.1248118431872031,5.7082973487572515
0.9478429885376458,1.0550270583768555,0.12094935857424217,5.614932892049352
0.9478520450257503,1.0550169778584304,0.11702373795006474,5.516861462086793
0.9478611016869231,1.0550068973400053,0.11305698100484796,5.414433162227509
0.9478701585211693,1.05499681682158,0.10907266901515067,5.308101233972984
0.9478792155284934,1.0549867363031549,0.10509575828818664,5.198429859711816
0.9478882727089007,1.0549766557847298,0.10115234149115744,5.086102078710449
0.9478973300623961,1.0549665752663047,0.09726937647039421,4.9719272270488775
0.9479063875889847,1.0549564947478793,0.09347438273607758,4.856847054151699
0.9479154452886711,1.0549464142294542,0.08979510674120891,4.74193937165351
0.9479245031614605,1.0549363337110291,0.08625915840752979,4.628417767341453
0.9479335612073578,1.054926253192604,0.08289362299201723,4.517625599618786
0.9479426194263683,1.0549161726741787,0.07972465426209772,4.411022238411348
0.9479516778184964,1.0549060921557536,0.07677705691536202,4.310159438636504
0.9479607363837473,1.0548960116373285,0.07407386807329092,4.216645967396984
0.947969795122126,1.0548859311189034,0.07163594930920036,4.1320993280643465
0.9479788540336377,1.054875850600478,0.06948160185250152,4.058084783281414
0.9479879131182869,1.054865770082053,0.06762621815712452,3.996043911669391
0.9479969723760787,1.0548556895636279,0.0660819828112824,3.947217451236354
0.9480060318070183,1.0548456090452027,0.06485763471511531,3.9125696876607567
0.9480150914111103,1.0548355285267776,0.06395830056480117,3.8927233671497086
0.9480241511883603,1.0548254480083523,0.06338540704176798,3.887914233230953
0.9480332111387725,1.0548153674899272,0.06313667587135566,3.8979723176551655
0.9480422712623522,1.054805286971502,0.06320620231592435,3.9223332504509596
0.9480513315591044,1.054795206453077,0.0635846139706495,3.9600780336528234
0.9480603920290341,1.0547851259346517,0.06425930321558923,4.009995303530845
0.9480694526721462,1.0547750454162266,0.06521472361358156,4.070657279165217
0.9480785134884455,1.0547649648978015,0.06643273814108161,4.140499903738742
0.9480875744779371,1.0547548843793764,0.06789300555216277,4.217898903694984
0.9480966356406263,1.054744803860951,0.06957339047087194,4.301235877533066
0.9481056969765176,1.054734723342526,0.0714503829676365,4.388951224763019
0.948114758485616,1.0547246428241008,0.07349951432446057,4.479583085195641
0.9481238201679267,1.0547145623056757,0.0756957572684047,4.571793152467479
0.9481328820234545,1.0547044817872506,0.07801390099541572,4.664381211325843
0.9481419440522046,1.0546944012688253,0.08042889359968027,4.756290649963546
0.9481510062541816,1.0546843207504002,0.08291614689355216,4.8466072007421825
0.9481600686293907,1.054674240231975,0.08545180087104838,4.9345529355401245
0.9481691311778369,1.05466415971355,0.08801294710851941,5.01947721423212
0.9481781938995251,1.0546540791951247,0.09057781210581135,5.100845937925562
0.9481872567944601,1.0546439986766996,0.09312590289969325,5.178230137111453
0.9481963198626471,1.0546339181582745,0.09563811820422119,5.2512946475074695
0.948205383104091,1.0546238376398493,0.0980968288657611,5.319787397286537
0.9482144465187969,1.054613757121424,0.10048593159482377,5.383529644685067
0.9482235101067695,1.054603676602999,0.10279087980759452,5.442407358229687
0.9482325738680139,1.0545935960845738,0.10499869503918821,5.4963638158423525
0.948241637802535,1.0545835155661487,0.10709796185309556,5.545393407888371
0.9482507019103381,1.0545734350477234,0.10907880852402724,5.589536557447653
0.9482597661914276,1.0545633545292983,0.11093287509880016,5.62887561562476
0.9482688306458089,1.0545532740108732,0.11265326979201845,5.663531547809363
0.9482778952734868,1.054543193492448,0.11423451410737186,5.693661197168629
0.9482869600744666,1.0545331129740227,0.11567247664126595,5.719454893783362
0.9482960250487527,1.0545230324555976,0.11696429524718613,5.741134171317791
0.9483050901963503,1.0545129519371725,0.11810828714673156,5.75894935828616
0.9483141555172645,1.0545028714187474,0.11910384665947177,5.773176827456469
0.9483232210115001,1.0544927909003223,0.11995133049243005,5.7841157147713975
0.9483322866790626,1.054482710381897,0.12065193094664374,5.792083957236862
0.9483413525199561,1.054472629863472,0.12120753793258197,5.797413546223708
0.9483504185341861,1.0544625493450468,0.12162059129219155,5.800444946389479
0.9483594847217575,1.0544524688266217,0.12189392555028992,5.8015206880801795
0.9483685510826754,1.0544423883081964,0.12203060981530157,5.800978199459382
0.9483776176169445,1.0544323077897713,0.12203378606685852,5.799142000062057
0.9483866843245699,1.0544222272713462,0.12190650947553992,5.79631542657918
0.9483957512055564,1.054412146752921,0.12165159466228231,5.792772101198582
0.9484048182599095,1.0544020662344957,0.12127147192588032,5.788747380518044
0.9484138854876336,1.0543919857160706,0.12076805743267245,5.784430037226277
0.9484229528887339,1.0543819051976455,0.1201426412030632,5.779954427422485
0.9484320204632153,1.0543718246792204,0.11939579646133842,5.775393384419005
0.9484410882110829,1.0543617441607953,0.11852731357209388,5.770752057410821
0.9484501561323416,1.05435166364237,0.1175361613930674,5.765962883469726
0.9484592242269964,1.0543415831239449,0.11642047846340808,5.760881847734719
0.9484682924950522,1.0543315026055198,0.11517759601790842,5.755286152830247
0.948477360936514,1.0543214220870947,0.11380409439241594,5.748873388136318
0.948486429551387,1.0543113415686693,0.11229589393721312,5.741262264722457
0.9484954983396757,1.0543012610502442,0.11064838106700488,5.731994963883731
0.9485045673013854,1.0542911805318191,0.108856569511012,5.7205411360612395
0.9485136364365211,1.054281100013394,0.10691529614185422,5.706303580663208
0.9485227057450879,1.0542710194949687,0.10481944991371049,5.688625633006449
0.9485317752270903,1.0542609389765436,0.10256423138534002,5.666800277846302
0.9485408448825335,1.0542508584581185,0.10014543902476702,5.640080995421624
0.9485499147114226,1.0542407779396934,0.09755977698265837,5.607694320700661
0.9485589847137627,1.054230697421268,0.09480517731035673,5.568854055761303
0.9485680548895583,1.054220616902843,0.09188112776527003,5.522777016614335
0.9485771252388148,1.0542105363844179,0.08878899449194388,5.468700118665727
0.9485861957615369,1.0542004558659928,0.0855323271747869,5.405898512340086
0.9485952664577298,1.0541903753475674,0.0821171329021309,5.33370437708008
0.9486043373273984,1.0541802948291423,0.07855210420443905,5.251525877186949
0.9486134083705475,1.0541702143107172,0.0748487867485117,5.158865688369732
0.9486224795871823,1.0541601337922921,0.07102167317172453,5.0553384327783055
0.9486315509773077,1.054150053273867,0.06708821166488711,4.9406863278973985
0.9486406225409288,1.0541399727554417,0.06306872117176404,4.81479237404163
0.9486496942780503,1.0541298922370166,0.058986209384828986,4.677690488311227
0.9486587661886775,1.0541198117185915,0.054866094815285614,4.529572145750301
0.9486678382728151,1.0541097312001664,0.050735839758519884,4.370789314228829
0.9486769105304683,1.054099650681741,0.04662450646371335,4.2018537643704965
0.9486859829616419,1.054089570163316,0.04256225374226801,4.0234331942932196
0.9486950555663409,1.0540794896448908,0.038579795110153636,3.836345025863063
0.9487041283445704,1.0540694091264657,0.034707841933376754,3.6415492059329564
0.9487132012963354,1.0540593286080404,0.030976555681534172,3.4401419002978995
0.9487222744216407,1.0540492480896153,0.02741503221873025,3.23335264449705
0.9487313477204913,1.0540391675711902,0.024050838200122906,3.022548401505655
0.9487404211928921,1.054029087052765,0.02090961542847321,2.8092492221858096
0.9487494948388485,1.05401900653434,0.01801476388526701,2.595162035086976
0.9487585686583653,1.0540089260159147,0.015387208622431005,2.3822417951847004
0.9487676426514471,1.0539988454974896,0.013045250286925745,2.172792994193168
0.9487767168180993,1.0539887649790645,0.011004494207383803,1.9696289013952848
0.9487857911583266,1.0539786844606394,0.00927784904535992,1.7763078226017797
0.9487948656721344,1.053968603942214,0.00787558320198717,1.5974543465461482
0.9488039403595272,1.053958523423789,0.006805425558569206,1.4391193931750463
0.9488130152205102,1.0539484429053638,0.006072696661968629,1.3089775431392217
0.9488220902550883,1.0539383623869387,0.005680457013588138,1.215867877559413
0.9488311654632668,1.0539282818685134,0.005629660481556333,1.168004928996895
0.9488402408450504,1.0539182013500883,0.005919302817446547,1.169934138291915
0.9488493164004439,1.0539081208316632,0.006546557593306695,1.220167967553797
0.9488583921294526,1.053898040313238,0.007506894383205295,1.311794413969309
0.9488674680320814,1.0538879597948128,0.008794176522053625,1.4354874799259043
0.9488765441083352,1.0538778792763877,0.010400738140321053,1.5823207972715403
0.948885620358219,1.0538677987579625,0.012317442292795053,1.745058935831694
0.9488946967817379,1.0538577182395374,0.014533723784299186,1.9182829184928225
0.9489037733788969,1.0538476377211121,0.017037621695363627,2.0980507830534703
0.9489128501497007,1.053837557202687,0.019815807580232048,2.2814956451306942
0.9489219270941546,1.053827476684262,0.022853615827620143,2.4664980437305206
0.9489310042122633,1.0538173961658368,0.026135082731773885,2.6514504791051485
0.948940081504032,1.0538073156474117,0.029643000425452853,2.8350968308289044
0.9489491589694657,1.0537972351289864,0.03335899100273742,3.016425366855157
0.9489582366085693,1.0537871546105613,0.037263604956053305,3.194598359893001
0.9489673144213477,1.0537770740921362,0.041336446534951526,3.3689063342008754
0.948976392407806,1.053766993573711,0.04555632689922923,3.5387388442481664
0.9489854705679494,1.0537569130552857,0.049901444089835725,3.703566351282411
0.9489945489017823,1.0537468325368606,0.054349587006539336,3.8629295161440615
0.9490036274093101,1.0537367520184355,0.0588783588858198,4.01643336694708
0.9490127060905378,1.0537266715000104,0.06346541433020797,4.163744549118843
0.9490217849454704,1.053716590981585,0.06808870287129576,4.304590370125043
0.9490308639741125,1.05370651046316,0.07272671140478627,4.438758703988571
0.9490399431764696,1.053696429944735,0.07735869768155085,4.566098079597778
0.9490490225525462,1.0536863494263098,0.08196490735269243,4.686517475295226
0.9490581021023478,1.0536762689078847,0.0865267678295563,4.799985500924647
0.9490671818258791,1.0536661883894594,0.09102705334532038,4.906528777945326
0.949076261723145,1.0536561078710343,0.09545001700167492,5.006229434496649
0.9490853417941506,1.0536460273526091,0.09978148714165924,5.099221718244938
0.9490944220389009,1.053635946834184,0.10400892698087534,5.185687796813485
0.949103502457401,1.0536258663157587,0.10812145795967772,5.265852864944767
0.9491125830496556,1.0536157857973336,0.11210984864627609,5.339979710251298
0.9491216638156699,1.0536057052789085,0.11596647215850288,5.408362907073307
0.9491307447554488,1.0535956247604834,0.11968523594140018,5.471322812691642
0.9491398258689975,1.053585544242058,0.12326148831643734,5.529199534056196
0.9491489071563206,1.053575463723633,0.1266919065142942,5.582347018899446
0.9491579886174234,1.0535653832052079,0.1299743709456226,5.63112740504973
0.9491670702523107,1.0535553026867828,0.13310783027419307,5.675905738014426
0.9491761520609878,1.0535452221683574,0.13609216151111814,5.717045141903557
0.9491852340434592,1.0535351416499323,0.13892802885486463,5.75490250345409
0.9491943161997303,1.0535250611315072,0.14161674444458966,5.789824705012845
0.9492033985298057,1.0535149806130821,0.14416013358601107,5.822145420204355
0.949212481033691,1.0535049000946568,0.1465604064066663,5.852182466276853
0.9492215637113907,1.0534948195762317,0.1488200373163266,5.880235689805558
0.9492306465629098,1.0534847390578066,0.15094165311613686,5.906585347560779
0.9492397295882533,1.0534746585393815,0.15292793013192374,5.931490931817005
0.9492488127874265,1.0534645780209564,0.15478150035427485,5.9551903791813485
0.9492578961604342,1.053454497502531,0.15650486625027443,5.977899593997563
0.9492669797072812,1.053444416984106,0.15810032368230806,5.999812211834115
0.9492760634279727,1.0534343364656809,0.15956989221462425,6.021099525463124
0.9492851473225137,1.0534242559472557,0.16091525201785636,6.041910495519562
0.9492942313909092,1.0534141754288304,0.16213768657948222,6.062371770636059
0.9493033156331641,1.0534040949104053,0.16323803049560187,6.082587647586021
0.9493124000492833,1.0533940143919802,0.16421662174627322,6.102639910633377
0.9493214846392719,1.0533839338735551,0.16507325802395476,6.122587500411987
0.9493305694031352,1.0533738533551298,0.16580715689925116,6.142465975986305
0.9493396543408776,1.0533637728367047,0.16641691983910537,6.16228674815777
0.9493487394525045,1.0533536923182796,0.16690050034681064,6.18203607708258
0.9493578247380208,1.0533436117998545,0.1672551767467698,6.201673841722015
0.9493669101974314,1.0533335312814294,0.16747753039491295,6.2211321021534225
0.9493759958307415,1.053323450763004,0.1675634303431133,6.240313487692829
0.9493850816379559,1.053313370244579,0.16750802572770607,6.259089454190408
0.9493941676190796,1.0533032897261538,0.16730574737928025,6.2772984627328094
0.9494032537741176,1.0532932092077287,0.1669503203681789,6.294744139995897
0.9494123401030752,1.0532831286893034,0.16643478940275844,6.31119348807898
0.9494214266059569,1.0532730481708783,0.16575155917833434,6.326375219538552
0.949430513282768,1.0532629676524532,0.16489245193155558,6.339978302102546
0.9494396001335133,1.053252887134028,0.16384878456538562,6.351650807464462
0.9494486871581981,1.0532428066156028,0.1626114677610368,6.360999169732373
0.9494577743568271,1.0532327260971777,0.16117112945465092,6.367587971221212
0.9494668617294054,1.0532226455787526,0.15951826489562101,6.370940385486711
0.9494759492759379,1.0532125650603275,0.15764341518402555,6.370539418730836
0.94948503699643,1.0532024845419021,0.15553737566325185,6.365830099272866
0.9494941248908862,1.053192404023477,0.15319143478522176,6.3562227687995
0.9495032129593117,1.053182323505052,0.15059764302578105,6.341097626169397
0.9495123012017114,1.0531722429866268,0.147749110096744,6.319810662455294
0.9495213896180906,1.0531621624682015,0.1446403270541662,6.291701101926885
0.9495304782084539,1.0531520819497764,0.14126750798226378,6.256100426099152
0.9495395669728064,1.0531420014313513,0.1376289437708803,6.212343004842581
0.9495486559111532,1.0531319209129262,0.13372535822107448,6.159778289786362
0.9495577450234993,1.053121840394501,0.12956025442621327,6.097784441403918
0.9495668343098499,1.0531117598760757,0.125140237292364,6.025783165273554
0.9495759237702094,1.0531016793576506,0.12047529639389348,5.943255429828457
0.9495850134045832,1.0530915988392255,0.11557903235948558,5.849757634659694
0.9495941032129763,1.0530815183208004,0.11046880990801002,5.744937704657654
0.9496031931953939,1.053071437802375,0.10516582170388032,5.628550511807971
0.9496122833518404,1.05306135728395,0.09969504954715376,5.500471985560751
0.9496213736823212,1.053051276765525,0.09408511308570675,5.360711275921521
0.9496304641868413,1.0530411962470998,0.08836800116262856,5.20942039115228
0.9496395548654057,1.0530311157286745,0.08257868682863836,5.046900851072443
0.9496486457180193,1.0530210352102494,0.07675463359447306,4.873607081485327
0.949657736744687,1.0530109546918243,0.07093520712603316,4.690146523895115
0.949666827945414,1.0530008741733992,0.06516101273683643,4.497276744457688
0.9496759193202052,1.052990793654974,0.05947318408521846,4.295900191392509
0.9496850108690659,1.0529807131365487,0.05391265193390925,4.087057669411166
0.9496941025920005,1.0529706326181236,0.04851942329458452,3.8719220788008624
0.9497031944890144,1.0529605520996985,0.04333190057298679,3.6517945258312374
0.9497122865601125,1.0529504715812734,0.03838626752590369,3.428105593265703
0.9497213788053002,1.052940391062848,0.033715964188546825,3.2024254335878095
0.9497304712245818,1.052930310544423,0.029351266915917194,2.9764875072253356
0.9497395638179625,1.0529202300259979,0.02531898286193338,2.752232315162612
0.9497486565854476,1.0529101495075728,0.021642261231806077,2.5318793195951996
0.9497577495270421,1.0529000689891475,0.01834051706075478,2.3180368652106433
0.9497668426427506,1.0528899884707223,0.015429457586234688,2.113859344337372
0.9497759359325783,1.0528799079522972,0.012921196831692575,1.9232525929802993
0.9497850293965303,1.0528698274338721,0.010824440994847983,1.7510997966548527
0.9497941230346116,1.0528597469154468,0.00914472565870766,1.603408634585143
0.9498032168468271,1.0528496663970217,0.007884685628558766,1.4871501877957427
0.9498123108331818,1.0528395858785966,0.007044339150589064,1.409438100781295
0.9498214049936807,1.0528295053601715,0.006621370149988451,1.3758530799187894
0.9498304993283291,1.0528194248417462,0.006611394677068664,1.3884503040992315
0.9498395938371315,1.052809344323321,0.007008200726055224,1.4447841178389835
0.9498486885200932,1.052799263804896,0.007803953771869923,1.5388071702937591
0.949857783377219,1.0527891832864709,0.008989363581975735,1.662918080688254
0.9498668784085142,1.0527791027680458,0.010553810958978045,1.8097655847457592
0.9498759736139838,1.0527690222496204,0.012485435953363558,1.9731577561505416
0.9498850689936325,1.0527589417311953,0.014771191669330684,2.148240441121634
0.9498941645474654,1.0527488612127702,0.017396870005247204,2.33132359843883
0.9499032602754877,1.0527387806943451,0.020347107453742585,2.5196144936606184
0.9499123561777043,1.0527287001759198,0.02360538038100053,2.7109719777646077
0.9499214522541201,1.0527186196574947,0.027153999937353006,2.903714158954263
0.94993054850474,1.0527085391390696,0.03097411686764121,3.0964786957705264
0.9499396449295694,1.0526984586206445,0.03504574593880953,3.288125552631987
0.9499487415286132,1.0526883781022192,0.039347818475170236,3.4776715659369386
0.9499578383018761,1.052678297583794,0.043858269591581414,3.664248146328094
0.9499669352493633,1.052668217065369,0.04855416424089319,3.847075604077945
0.9499760323710797,1.0526581365469438,0.0534118632544528,4.025449304401257
0.9499851296670305,1.0526480560285187,0.05840722737004758,4.198734088790083
0.9499942271372208,1.0526379755100934,0.06351585403631363,4.366364243477286
0.9500033247816553,1.0526278949916683,0.06871333883746011,4.527846880447387
0.950012422600339,1.0526178144732432,0.07397555095890596,4.682767019181202
0.9500215205932772,1.052607733954818,0.0792789104466949,4.830792988845148
0.9500306187604748,1.0525976534363928,0.08460065427000546,4.971681055594242
0.9500397171019366,1.0525875729179677,0.08991907844975174,5.1052784429617635
0.9500488156176676,1.0525774923995426,0.0952137447470199,5.231524165387129
0.9500579143076732,1.0525674118811175,0.1004656424716359,5.3504473358895925
0.9500670131719582,1.0525573313626921,0.1056572986963728,5.462162834048679
0.9500761122105275,1.052547250844267,0.1107728332501709,5.566864420823505
0.950085211423386,1.052537170325842,0.11579795807423321,5.664815555360085
0.950094310810539,1.0525270898074168,0.12071992355130197,5.756338298753131
0.9501034103719916,1.0525170092889915,0.12552741708878734,5.841800778952179
0.9501125101077484,1.0525069287705664,0.13021042135161526,5.921603738938705
0.9501216100178146,1.0524968482521413,0.13476004104673367,5.996166701193211
0.9501307101021953,1.0524867677337162,0.13916830801727909,6.065914260438647
0.9501398103608956,1.0524766872152909,0.1434279746693923,6.131262971187573
0.95014891079392,1.0524666066968658,0.14753230549200755,6.192609233808025
0.950158011401274,1.0524565261784407,0.1514748757576139,6.250318509978308
0.9501671121829623,1.0524464456600156,0.15524938550510908,6.304716121248232
0.9501762131389903,1.0524363651415904,0.15884949572484702,6.356079807929723
0.9501853142693628,1.0524262846231651,0.1622686923606034,6.404634152833288
0.9501944155740846,1.05241620410474,0.1655001823996591,6.450546907703496
0.950203517053161,1.052406123586315,0.16853682497322856,6.493927200411568
0.9502126187065968,1.0523960430678898,0.17137109907698386,6.5348255485754
0.9502217205343974,1.0523859625494645,0.17399510825819386,6.573235559913364
0.9502308225365672,1.0523758820310394,0.17640062141493248,6.609097161171143
0.9502399247131117,1.0523658015126143,0.1785791477231778,6.642301165342591
0.9502490270640357,1.0523557209941892,0.18052204265844504,6.672694961070183
0.9502581295893444,1.0523456404757638,0.18222064113100436,6.700089088480145
0.9502672322890425,1.0523355599573387,0.18366641292953534,6.724264452583668
0.9502763351631351,1.0523254794389136,0.18485113499136296,6.744979918992405
0.9502854382116275,1.0523153989204885,0.18576707453240826,6.761980037791107
0.9502945414345243,1.0523053184020634,0.18640717679494215,6.77500265017265
0.950303644831831,1.052295237883638,0.18676525114258755,6.783786149383941
0.9503127484035522,1.052285157365213,0.18683614946439342,6.788076192604579
0.950321852149693,1.052275076846788,0.18661593133850257,6.787631693123275
0.9503309560702584,1.0522649963283628,0.18610201114848895,6.782229961918322
0.9503400601652537,1.0522549158099375,0.18529328329375927,6.771670912957944
0.9503491644346835,1.0522448352915124,0.18419022274851918,6.755780295518268
0.950358268878553,1.0522347547730873,0.18279495942934645,6.734411967372066
0.9503673734968673,1.0522246742546622,0.1811113260554632,6.707449272398749
0.9503764782896315,1.0522145937362368,0.17914488034636367,6.674805632551786
0.9503855832568501,1.0522045132178117,0.17690290342502707,6.636424504891095
0.9503946883985285,1.0521944326993866,0.17439437710968497,6.592278887384792
0.9504037937146717,1.0521843521809615,0.17162994333723827,6.542370580859491
0.9504128992052848,1.0521742716625362,0.1686218492287211,6.486729427623612
0.9504220048703726,1.052164191144111,0.16538388127531517,6.425412749204136
0.9504311107099401,1.052154110625686,0.16193129179936572,6.358505196207017
0.9504402167239926,1.0521440301072609,0.15828072026960446,6.286119202840636
0.950449322912535,1.0521339495888355,0.15445011125711314,6.208396207413835
0.9504584292755721,1.0521238690704104,0.15045862989101283,6.125508759171734
0.950467535813109,1.0521137885519853,0.14632657466972457,6.037663581735966
0.950476642525151,1.0521037080335602,0.14207528649514112,5.945105605121374
0.9504857494117027,1.0520936275151351,0.13772705189857068,5.848122912525486
0.9504948564727695,1.0520835469967098,0.13330499770056864,5.747052475547471
0.9505039637083562,1.0520734664782847,0.12883297386837347,5.642286472989605
0.9505130711184677,1.0520633859598596,0.12433542115387185,5.534278904492439
0.9505221787031093,1.0520533054414345,0.11983722027551,5.42355212227785
0.950531286462286,1.0520432249230092,0.11536351995186822,5.310702813271875
0.9505403943960025,1.052033144404584,0.11093954202418346,5.196406872747765
0.9505495025042641,1.052023063886159,0.10659036317103987,5.081422522873722
0.9505586107870756,1.0520129833677339,0.10234067427517776,4.966590952154148
0.9505677192444425,1.0520029028493085,0.09821452024454595,4.85283369476897
0.9505768278763692,1.0519928223308834,0.0942350249077346,4.741145948374635
0.950585936682861,1.0519827418124583,0.0904241073465005,4.632585067218261
0.9505950456639229,1.0519726612940332,0.08680219755351203,4.528253594004052
0.95060415481956,1.0519625807756081,0.08338796045239642,4.429276442087216
0.9506132641497773,1.0519525002571828,0.08019803796991415,4.33677224071963
0.9506223736545797,1.0519424197387577,0.07724681890802551,4.251819426128923
0.9506314833339722,1.0519323392203326,0.07454624578105792,4.175418383443916
0.95064059318796,1.0519222587019075,0.07210566657671998,4.108451750496848
0.9506497032165482,1.0519121781834821,0.06993173762750446,4.0516457531498435
0.9506588134197413,1.051902097665057,0.06802838158233719,4.005535970088243
0.9506679237975448,1.051892017146632,0.06639680199543674,3.970441026317181
0.9506770343499635,1.0518819366282068,0.06503555350159,3.9464472466389666
0.9506861450770029,1.0518718561097815,0.06394066411311566,3.9334062455369705
0.9506952559786672,1.0518617755913564,0.06310580402940652,3.9309459361065877
0.950704367054962,1.0518516950729313,0.06252249363681245,3.9384938004287804
0.950713478305892,1.0518416145545062,0.06218034219344504,3.9553098286351998
0.9507225897314627,1.0518315340360809,0.06206730807294329,3.9805255984213375
0.9507317013316786,1.0518214535176558,0.06216997138328432,4.013185676289053
0.9507408131065449,1.0518113729992307,0.06247381021705329,4.052287842840556
0.9507499250560667,1.0518012924808056,0.06296347264482062,4.096819404550062
0.9507590371802491,1.0517912119623802,0.06362303771803078,4.145787820672269
0.9507681494790969,1.0517811314439551,0.06443626008301256,4.198244830867073
0.9507772619526151,1.05177105092553,0.06538679421312832,4.25330406773905
0.950786374600809,1.051760970407105,0.06645839563295479,4.310152708339179
0.9507954874236834,1.0517508898886798,0.06763509775862299,4.36805805512207
0.9508046004212435,1.0517408093702545,0.06890136405122926,4.42637007567919
0.950813713593494,1.0517307288518294,0.07024221603817703,4.484520924426367
0.9508228269404402,1.0517206483334043,0.07164333838630552,4.542022370832955
0.950831940462087,1.0517105678149792,0.0730911626103427,4.598461911033581
0.9508410541584397,1.0517004872965539,0.07457293119774891,4.653498174603754
0.950850168029503,1.0516904067781288,0.07607674394464983,4.706856075801123
0.9508592820752818,1.0516803262597036,0.07759158818158009,4.7583220110415425
0.9508683962957816,1.0516702457412785,0.07910735434288042,4.807739276778693
0.9508775106910072,1.0516601652228532,0.08061483807000537,4.855003777268244
0.9508866252609635,1.0516500847044281,0.08210572975915915,4.900060009423921
0.9508957400056556,1.051640004186003,0.08357259221409051,4.942897251501887
0.9509048549250885,1.051629923667578,0.08500882688297055,4.983545842699119
0.9509139700192673,1.0516198431491528,0.08640862905578968,5.022073420203709
0.9509230852881971,1.0516097626307275,0.0877669324040415,5.058580977629674
0.9509322007318828,1.0515996821123024,0.08907934334490865,5.0931986217359455
0.9509413163503293,1.0515896015938773,0.09034206591270116,5.126080930913364
0.9509504321435418,1.0515795210754522,0.09155181808867259,5.157401855588802
0.9509595481115256,1.0515694405570268,0.09270574086056432,5.1873491443080155
0.9509686642542852,1.0515593600386017,0.09380130161643992,5.216118325498475
0.9509777805718258,1.0515492795201766,0.09483619378872216,5.243906319627065
0.9509868970641524,1.0515391990017515,0.0958082349346605,5.270904796014983
0.9509960137312704,1.0515291184833262,0.09671526562655355,5.297293419118446
0.9510051305731844,1.051519037964901,0.09755505163466201,5.3232331488827365
0.9510142475898995,1.051508957446476,0.09832519189777941,5.348859767292372
0.9510233647814208,1.0514988769280509,0.09902303470214806,5.374277798857098
0.9510324821477535,1.0514887964096256,0.09964560434734382,5.399554978208544
0.9510415996889022,1.0514787158912005,0.10018954037901169,5.424717395463025
0.9510507174048722,1.0514686353727754,0.1006510512413765,5.449745423021914
0.9510598352956685,1.0514585548543502,0.10102588396740932,5.474570499423699
0.9510689533612964,1.051448474335925,0.10130931129180515,5.499072819813941
0.9510780716017604,1.0514383938174998,0.10149613736113407,5.523079961438078
0.9510871900170658,1.0514283132990747,0.10158072301470548,5.546366457723135
0.9510963086072175,1.0514182327806496,0.10155703141914486,5.568654326760854
0.9511054273722208,1.0514081522622245,0.10141869464148001,5.589614559042061
0.9511145463120807,1.0513980717437992,0.10115910150938302,5.6088695733953005
0.9511236654268018,1.051387991225374,0.10077150681362766,5.625996657320616
0.9511327847163896,1.051377910706949,0.10024916152088148,5.640532415387805
0.9511419041808489,1.0513678301885239,0.0995854631623393,5.6519782540252725
0.951151023820185,1.0513577496700985,0.09877412492020417,5.659806929819224
0.9511601436344025,1.0513476691516734,0.09780936114798931,5.663470178729946
0.9511692636235066,1.0513375886332483,0.09668608613126893,5.662407423054038
0.9511783837875025,1.0513275081148232,0.09540012185446872,5.656055520363236
0.9511875041263953,1.051317427596398,0.09394840943399335,5.643859473843151
0.9511966246401896,1.0513073470779728,0.09232921778036948,5.625283967535789
0.9512057453288907,1.0512972665595477,0.09054234205580926,5.599825525690671
0.9512148661925035,1.0512871860411226,0.0885892837145012,5.567025026977198
0.9512239872310333,1.0512771055226975,0.08647340346351365,5.526480237330193
0.951233108444485,1.0512670250042722,0.08420003848487087,5.477857966445355
0.9512422298328636,1.051256944485847,0.08177657580814648,5.420905409784328
0.951251351396174,1.051246863967422,0.07921247487608016,5.355460217474677
0.9512604731344214,1.0512367834489968,0.07651923411757433,5.281458839842078
0.951269595047611,1.0512267029305715,0.07371029867737874,5.198942740555453
0.9512787171357474,1.0512166224121464,0.07080090922671572,5.1080621436334015
0.9512878393988359,1.0512065418937213,0.06780789481602813,5.009077087815207
0.9512969618368815,1.0511964613752962,0.06474941579622003,4.902355695174598
0.9513060844498894,1.0511863808568709,0.06164466566921954,4.788369711335434
0.9513152072378642,1.0511763003384458,0.05851354308296315,4.667687530731901
0.9513243302008113,1.0511662198200207,0.05537630684204584,4.540965069387468
0.9513334533387356,1.0511561393015956,0.05225322761462,4.408934977299213
0.9513425766516422,1.0511460587831705,0.049164249901817905,4.272394781576042
0.9513517001395363,1.0511359782647451,0.04612867683134989,4.132194612296381
0.9513608238024226,1.05112589774632,0.043164888548803855,3.989225180819296
0.9513699476403061,1.051115817227895,0.04029010258831181,3.844406653688142
0.9513790716531924,1.0511057367094696,0.03752018184594226,3.698678996185111
0.9513881958410858,1.0510956561910445,0.03486949288625855,3.5529942505203636
0.9513973202039917,1.0510855756726194,0.032350814527755734,3.4083110679397004
0.951406444741915,1.0510754951541943,0.029975294168286152,3.2655916324715397
0.951415569454861,1.0510654146357692,0.027752447268605592,3.125800894063146
0.9514246943428348,1.0510553341173439,0.025690193904567584,2.9899077645635628
0.9514338194058409,1.0510452535989188,0.023794925342251347,2.8588876117298936
0.9514429446438848,1.0510351730804937,0.022071593180757014,2.733725008048701
0.9514520700569713,1.0510250925620686,0.02052381366690159,2.6154152565482733
0.9514611956451058,1.0510150120436432,0.019153980246790322,2.5049627597495476
0.9514703214082928,1.0510049315252181,0.01796337817992638,2.4033739074427394
0.9514794473465376,1.050994851006793,0.01695229600315108,2.3116419994933524
0.9514885734598452,1.050984770488368,0.0161201297178736,2.2307220434979134
0.951497699748221,1.0509746899699426,0.015465476694873604,2.1614943655835166
0.9515068262116694,1.0509646094515175,0.014986217397833235,2.10471804744967
0.9515159528501957,1.0509545289330924,0.014679584063891709,2.06097813642149
0.9515250796638051,1.0509444484146673,0.014542216417178544,2.0306337131334398
0.9515342066525025,1.0509343678962422,0.014570205303677957,2.0137760482798326
0.9515433338162932,1.0509242873778168,0.014759125808728474,2.010205928342238
0.9515524611551818,1.0509142068593917,0.015104061939802578,2.0194361497838265
0.9515615886691735,1.0509041263409666,0.01559962532425098,2.0407198667929958
0.9515707163582734,1.0508940458225415,0.016239970580061738,2.073099826311586
0.9515798442224866,1.0508839653041162,0.01701881006968341,2.11546964672657
0.951588972261818,1.050873884785691,0.017929430647464505,2.1666373524743823
0.9515981004762727,1.050863804267266,0.018964714770715985,2.2253831017336174
0.9516072288658558,1.050853723748841,0.020117167972676448,2.2905061976827787
0.9516163574305724,1.0508436432304156,0.0213789542206575,2.3608596899856065
0.9516254861704272,1.0508335627119905,0.02274194012017916,2.4353732727008435
0.9516346150854255,1.0508234821935654,0.02419774831587845,2.5130665089707684
0.9516437441755722,1.0508134016751403,0.02573781980612956,2.5930548274168195
0.9516528734408726,1.0508033211567152,0.027353484276594255,2.6745505684439435
0.9516620028813316,1.0507932406382898,0.029036036994038124,2.7568609171017413
0.9516711324969542,1.0507831601198647,0.03077682031994158,2.8393840552429435
0.9516802622877454,1.0507730796014396,0.0325673075327661,2.921604414812691
0.9516893922537103,1.0507629990830145,0.03439918639604526,3.0030875606110734
0.9516985223948541,1.0507529185645892,0.036264439796799,3.08347497939107
0.9517076527111815,1.050742838046164,0.038155420795734855,3.1624788874343164
0.9517167832026978,1.050732757527739,0.04006491957173145,3.239877070501807
0.951725913869408,1.0507226770093139,0.04198621999374299,3.3155077189155517
0.9517350447113172,1.0507125964908886,0.04391314389224645,3.38926420054113
0.9517441757284302,1.0507025159724634,0.04584008150363905,3.46108971375313
0.9517533069207522,1.0506924354540383,0.04776200700892027,3.5309717732564616
0.9517624382882883,1.0506823549356132,0.0496744785561219,3.598936498431454
0.9517715698310436,1.050672274417188,0.051573622627605654,3.6650426936956664
0.951780701549023,1.0506621938987628,0.053456103078316365,3.7293757317154155
0.9517898334422313,1.0506521133803377,0.05531907561652715,3.792041272252811
0.951798965510674,1.0506420328619126,0.05716012891773957,3.853158871611255
0.9518080977543562,1.0506319523434873,0.058977213952628345,3.9128555597067076
0.9518172301732823,1.0506218718250622,0.06076856346423184,3.9712594829290704
0.951826362767458,1.050611791306637,0.06253260384377493,4.028493730102208
0.951835495536888,1.050601710788212,0.06426786191888675,4.084670474332673
0.9518446284815774,1.0505916302697869,0.06597286937581347,4.13988557356046
0.9518537616015316,1.0505815497513615,0.06764606767271782,4.1942137750556245
0.9518628948967549,1.0505714692329364,0.06928571635395601,4.247704662271179
0.9518720283672529,1.0505613887145113,0.07088980763070543,4.300379465187622
0.9518811620130306,1.0505513081960862,0.07245598994406051,4.352228827400509
0.9518902958340931,1.050541227677661,0.07398150296997495,4.403211585775058
0.9518994298304452,1.0505311471592358,0.07546312615911313,4.453254573643358
0.9519085640020919,1.0505210666408107,0.07689714245158702,4.502253409882815
0.9519176983490385,1.0505109861223856,0.07827931827633144,4.550074187659208
0.9519268328712901,1.0505009056039603,0.07960490037636515,4.596555932819103
0.9519359675688515,1.0504908250855352,0.08086862942786055,4.641513666994715
0.9519451024417277,1.05048074456711,0.08206476987399663,4.6847418875540425
0.951954237489924,1.050470664048685,0.08318715491827469,4.72601826794671
0.9519633727134453,1.0504605835302598,0.08422924524465303,4.765107388250879
0.951972508112297,1.0504505030118345,0.08518419976932276,4.801764325798849
0.9519816436864834,1.0504404224934094,0.08604495660059047,4.835737967715235
0.9519907794360102,1.0504303419749843,0.08680432237715778,4.86677394760554
0.9519999153608821,1.0504202614565592,0.08745506826451614,4.894617154083518
0.9520090514611045,1.0504101809381339,0.08799003108526493,4.919013805433655
0.9520181877366821,1.0504001004197088,0.08840221830588225,4.939713128926804
0.95202732418762,1.0503900199012837,0.0886849158734468,4.956468722622488
0.9520364608139233,1.0503799393828586,0.0888317981404429,4.969039709281422
0.9520455976155974,1.0503698588644332,0.08883703930655866,4.977191815276946
0.9520547345926467,1.0503597783460081,0.0886954259112632,4.980698521237021
0.9520638717450767,1.050349697827583,0.08840246990609041,4.979342435507593
0.9520730090728922,1.050339617309158,0.08795452170433572,4.972917036574137
0.9520821465760986,1.0503295367907326,0.08734888235226064,4.961228917008056
0.9520912842547005,1.0503194562723075,0.08658391358611268,4.944100639734873
0.9521004221087033,1.0503093757538824,0.08565914405896291,4.921374288240233
0.9521095601381118,1.0502992952354573,0.08457536946653532,4.892915756465557
0.9521186983429314,1.050289214717032,0.08333474371096827,4.858619782247614
0.9521278367231667,1.0502791341986069,0.08194085766711202,4.818415681184928
0.952136975278823,1.0502690536801818,0.08039880161391462,4.77227368677406
0.9521461140099052,1.0502589731617566,0.07871520702991958,4.720211749010096
0.9521552529164187,1.0502488926433315,0.07689826328653834,4.662302588939431
0.9521643919983684,1.0502388121249062,0.07495770487683276,4.5986807532643175
0.9521735312557591,1.0502287316064811,0.07290476523193219,4.529549363135364
0.9521826706885961,1.050218651088056,0.07075209394305355,4.455186207497111
0.9521918102968843,1.050208570569631,0.0685136353339376,4.375948796456995
0.952200950080629,1.0501984900512056,0.06620446778954302,4.29227796634444
0.952210090039835,1.0501884095327805,0.0638406049926019,4.2046996177483695
0.9522192301745074,1.0501783290143554,0.061438762151149524,4.113824172342398
0.9522283704846513,1.0501682484959303,0.05901609230200242,4.020343355481468
0.9522375109702719,1.050158167977505,0.05658989968840805,3.925023950682708
0.9522466516313739,1.0501480874590798,0.05417733889190013,3.828698232278179
0.9522557924679627,1.0501380069406547,0.051795109682968174,3.7322508676694124
0.952264933480043,1.0501279264222296,0.04945915832923486,3.6366021981143484
0.9522740746676202,1.0501178459038045,0.04718439626068625,3.5426879656273287
0.9522832160306993,1.0501077653853792,0.04498444651736965,3.451435764187384
0.9522923575692852,1.050097684866954,0.042871427307349934,3.3637387631767917
0.9523014992833829,1.050087604348529,0.040855780364488815,3.2804275783210377
0.9523106411729977,1.0500775238301039,0.03894614974894557,3.20224153204955
0.9523197832381347,1.0500674433116786,0.03714931442607803,3.129800907681707
0.9523289254787985,1.0500573627932535,0.03547017558511765,3.0635820917581036
0.9523380678949945,1.0500472822748284,0.03391179737238259,3.0038976284212384
0.9523472104867278,1.0500372017564032,0.03247549767699553,2.9508830956481438
0.9523563532540035,1.050027121237978,0.031160983921387185,2.904492305313316
0.9523654961968262,1.0500170407195528,0.029966527552296857,2.864501642716238
0.9523746393152014,1.0500069602011277,0.028889170112440122,2.8305234889196296
0.9523837826091339,1.0499968796827026,0.027924953387537494,2.802027768016318
0.9523929260786291,1.0499867991642773,0.02706916610154078,2.7783699085437616
0.9524020697236918,1.0499767186458522,0.0263165999036808,2.7588230481102154
0.9524112135443269,1.049966638127427,0.02566180785562668,2.742612209421389
0.9524203575405398,1.049956557609002,0.025099359196065197,2.7289484099228725
0.9524295017123355,1.0499464770905766,0.02462408474486458,2.7170611386221815
0.9524386460597188,1.0499363965721515,0.02423130784229648,2.7062282102549298
0.9524477905826949,1.0499263160537264,0.02391705615457179,2.6958025622452793
0.952456935281269,1.0499162355353013,0.023678249988258005,2.6852359990470256
0.9524660801554459,1.0499061550168762,0.023512862953151543,2.6741001586081783
0.952475225205231,1.049896074498451,0.023420050918605887,2.6621050592476294
0.952484370430629,1.0498859939800258,0.02340024528194831,2.649115489176297
0.9524935158316451,1.0498759134616007,0.0234552066768436,2.635165243691441
0.9525026614082843,1.0498658329431756,0.02358803548516691,2.6204688206020883
0.9525118071605521,1.0498557524247503,0.02380313596832584,2.6054296819171237
0.9525209530884529,1.0498456719063252,0.024106131590001086,2.590643622001162
0.9525300991919919,1.0498355913879,0.0245037302358994,2.5768952214342167
0.9525392454711745,1.049825510869475,0.02500353957953458,2.5651449306670795
0.9525483919260057,1.0498154303510496,0.0256138347983827,2.5565041992144577
0.9525575385564903,1.0498053498326245,0.02634328314140589,2.552196477496817
0.9525666853626334,1.0497952693141994,0.027200632370122966,2.553503104756845
0.9525758323444402,1.0497851887957743,0.028194372649700546,2.5616951817939855
0.9525849795019157,1.0497751082773492,0.02933238382422257,2.577955368364454
0.9525941268350652,1.0497650277589239,0.030621581907812986,2.6032966004357947
0.9526032743438932,1.0497549472404988,0.032067579806363315,2.638487074234581
0.9526124220284052,1.0497448667220737,0.03367437753823383,2.683991475356605
0.9526215698886061,1.0497347862036486,0.035444096411021656,2.739936711386724
0.9526307179245013,1.0497247056852232,0.03737676971106625,2.8061065268922523
0.9526398661360953,1.0497146251667981,0.03947019956491617,2.881964409280093
0.9526490145233935,1.049704544648373,0.041719885963313906,2.9666996367481593
0.9526581630864007,1.049694464129948,0.04411902980316148,3.059288420664748
0.9526673118251225,1.0496843836115226,0.046658607589891536,3.158561340638781
0.9526764607395635,1.0496743030930975,0.04932751151849783,3.2632693456514583
0.9526856098297288,1.0496642225746724,0.05211274537293552,3.3721427220538454
0.9526947590956236,1.0496541420562473,0.05499966429015688,3.48393979789438
0.9527039085372531,1.049644061537822,0.05797224508645107,3.5974841995348785
0.9527130581546219,1.0496339810193969,0.06101337354892048,3.7116909502326414
0.9527222079477354,1.0496239005009718,0.06410513577462973,3.8255825918023247
0.9527313579165987,1.0496138199825467,0.06722910211185351,3.938296934532993
0.9527405080612168,1.0496037394641213,0.07036659430151106,4.04908814565124
0.9527496583815946,1.0495936589456962,0.07349892877258897,4.157322801948934
0.9527588088777373,1.0495835784272711,0.07660763149311586,4.2624723522395085
0.95276795954965,1.049573497908846,0.07967462209613546,4.364103218910962
0.9527771103973376,1.049563417390421,0.08268236706031483,4.461865549756076
0.9527862614208056,1.0495533368719956,0.08561400340637,4.555481427815101
0.9527954126200585,1.0495432563535705,0.08845343564061597,4.6447331661409015
0.9528045639951016,1.0495331758351454,0.09118540952689966,4.7294521581527675
0.95281371554594,1.0495230953167203,0.09379556671446417,4.8095086217291225
0.9528228672725789,1.049513014798295,0.096270484362029,4.884802465336365
0.9528320191750231,1.0495029342798698,0.09859770371386391,4.955255414123233
0.9528411712532778,1.0494928537614447,0.10076575118436461,5.0208044610883755
0.952850323507348,1.0494827732430196,0.10276415494461416,5.081396650112875
0.952859475937239,1.0494726927245943,0.1045834593422107,5.136985151602309
0.9528686285429555,1.0494626122061692,0.10621523877096402,5.1875265552467775
0.9528777813245027,1.049452531687744,0.1076521118860421,5.232979276076478
0.9528869342818858,1.049442451169319,0.10888775637060527,5.273302947931084
0.9528960874151097,1.049432370650894,0.10991692383343221,5.308458661478995
0.9529052407241798,1.0494222901324686,0.11073545388304684,5.338409891291274
0.9529143942091006,1.0494122096140435,0.11134028600268356,5.3631239477209975
0.9529235478698777,1.0494021290956184,0.11172946756172429,5.382573784550871
0.9529327017065158,1.0493920485771933,0.11190215615774256,5.396739992706345
0.9529418557190203,1.049381968058768,0.11185861449138769,5.405612814160243
0.9529510099073959,1.0493718875403428,0.11160019613819176,5.409194018906399
0.9529601642716479,1.0493618070219177,0.1111293208873016,5.407498501888582
0.9529693188117813,1.0493517265034926,0.11044943874530477,5.400555475947793
0.9529784735278014,1.0493416459850673,0.10956498223775332,5.3884091612446765
0.9529876284197129,1.0493315654666422,0.10848130723619791,5.371118900304153
0.9529967834875209,1.049321484948217,0.10720462316812034,5.348758660135966
0.9530059387312307,1.049311404429792,0.10574191407373187,5.321415917109257
0.9530150941508475,1.0493013239113667,0.104100852530505,5.289189955116485
0.9530242497463759,1.0492912433929416,0.10228970892023366,5.2521896409977185
0.9530334055178211,1.0492811628745164,0.10031725883763054,5.210530771499575
0.9530425614651884,1.0492710823560913,0.09819269160967552,5.164333111534754
0.953051717588483,1.049261001837666,0.09592552289578132,5.1137172628430925
0.9530608738877094,1.049250921319241,0.09352551417108924,5.058801514257452
0.9530700303628731,1.0492408408008158,0.0910026015653637,4.999698829194437
0.953079187013979,1.0492307602823907,0.08836683606735714,4.936514122907083
0.9530883438410322,1.0492206797639656,0.0856283365259373,4.869341971590029
0.9530975008440381,1.0492105992455403,0.08279725622641808,4.798264878901116
0.9531066580230012,1.0492005187271152,0.07988376313336872,4.7233522040149145
0.9531158153779269,1.04919043820869,0.07689803318925989,4.644659830026978
0.9531249729088201,1.049180357690265,0.07385025540406974,4.562230624650676
0.9531341306156863,1.0491702771718396,0.0707506468593889,4.476095717122029
0.95314328849853,1.0491601966534145,0.0676094752397404,4.3862765883113495
0.9531524465573566,1.0491501161349894,0.06443708608789088,4.292787945648204
0.953161604792171,1.0491400356165643,0.061243931694598006,4.195641332014302
0.9531707632029788,1.049129955098139,0.058040598367809906,4.094849398513026
0.9531799217897843,1.049119874579714,0.05483782880495275,3.990430756007635
0.953189080552593,1.0491097940612888,0.05164653640542384,3.8824153097772958
0.9531982394914098,1.0490997135428637,0.04847780861499966,3.770849976318406
0.9532073986062399,1.0490896330244386,0.04534289677985632,3.6558046817979046
0.9532165578970886,1.0490795525060133,0.042253190504324786,3.5373785490533
0.9532257173639606,1.0490694719875882,0.03922017513542864,3.4157061954587538
0.9532348770068609,1.049059391469163,0.03625537172236418,3.290964089006615
0.9532440368257948,1.049049310950738,0.0333702596041667,3.163376947010971
0.9532531968207677,1.0490392304323126,0.030576182619448174,3.0332242126717635
0.9532623569917841,1.0490291499138875,0.027884240792272443,2.900846713005177
0.9532715173388492,1.0490190693954624,0.02530517016906071,2.7666536892864335
0.9532806778619682,1.0490089888770373,0.02284921423123706,2.6311305007690566
0.9532898385611464,1.048998908358612,0.020525990937571178,2.4948474334082777
0.9532989994363884,1.0489888278401869,0.018344359914048796,2.3584701909738457
0.9533081604876994,1.0489787473217618,0.016312294575302616,2.222772786146658
0.9533173217150847,1.0489686668033367,0.014436764001318254,2.088653634750186
0.9533264831185494,1.0489585862849113,0.012723629189056042,1.9571555806512262
0.9533356446980983,1.0489485057664862,0.011177557857333391,1.8294901299546398
0.9533448064537365,1.0489384252480611,0.009801961315571938,1.7070649586726352
0.9533539683854693,1.048928344729636,0.00859895605275364,1.5915111312389365
0.9533631304933017,1.0489182642112107,0.007569351701550603,1.4847015516160642
0.9533722927772387,1.0489081836927856,0.0067126659476822535,1.388744295375059
0.9533814552372852,1.0488981031743605,0.0060271658445092136,1.3059246130545203
0.9533906178734467,1.0488880226559354,0.005509933925601238,1.238563063548476
0.953399780685728,1.0488779421375103,0.0051569565379205335,1.1887671302203309
0.9534089436741344,1.048867861619085,0.004963231000775625,1.1580949285487887
0.9534181068386707,1.0488577811006599,0.004922887565782426,1.147218782948877
0.953427270179342,1.0488477005822348,0.005029321735608886,1.1557274832811757
0.9534364336961536,1.0488376200638097,0.005275332302433051,1.182173493778143
0.9534455973891106,1.0488275395453843,0.00565326048589146,1.22435300831985
0.9534547612582178,1.0488174590269592,0.006155125767219298,1.2796944932586496
0.9534639253034803,1.0488073785085341,0.006772754402101472,1.345612390385475
0.9534730895249034,1.048797297990109,0.007497897119601443,1.4197453269104545
0.9534822539224922,1.0487872174716837,0.008322333138889379,1.5000717679955156
0.9534914184962515,1.0487771369532586,0.009237958324025774,1.5849356951367184
0.9535005832461866,1.0487670564348335,0.010236856015860853,1.6730209787543162
0.9535097481723024,1.0487569759164084,0.01131134979680147,1.7633034737263198
0.9535189132746041,1.0487468953979833,0.0124540381346791,1.8549980144144647
0.9535280785530971,1.048736814879558,0.013657811493684117,1.9475087045180413
0.953537244007786,1.0487267343611328,0.014915853076518307,2.040385703714647
0.9535464096386759,1.0487166538427077,0.01622162486274931,2.1332890906576996
0.953555575445772,1.0487065733242826,0.01756884102204541,2.225959260411931
0.9535647414290797,1.0486964928058573,0.018951431105145525,2.318192959504043
0.9535739075886035,1.0486864122874322,0.020363495642348194,2.4098240510285205
0.9535830739243488,1.048676331769007,0.02179925691635939,2.5007082194106847
0.9535922404363206,1.048666251250582,0.02325300771075013,2.590710967651408
0.9536014071245243,1.0486561707321567,0.024719060785140377,2.6796983889400825
0.9536105739889645,1.0486460902137316,0.026191701685420146,2.7675302959686734
0.9536197410296465,1.0486360096953065,0.027665147277388974,2.854055365688484
0.9536289082465753,1.0486259291768814,0.029133512098086563,2.9391080089834127
0.9536380756397563,1.048615848658456,0.03059078426847472,3.022506710152267
0.9536472432091943,1.048605768140031,0.03203081231240689,3.1040536054471857
0.9536564109548942,1.0485956876216058,0.03344730379921633,3.1835350880415456
0.9536655788768614,1.0485856071031807,0.034833836285020015,3.260723242017404
0.9536747469751011,1.0485755265847554,0.03618388058993899,3.335377922779367
0.9536839152496179,1.0485654460663303,0.037490836028934105,3.4072493170586147
0.9536930837004173,1.0485553655479052,0.038748076828820685,3.4760808330737745
0.9537022523275042,1.04854528502948,0.039949008625171596,3.5416121905761377
0.9537114211308837,1.048535204511055,0.041087133648822056,3.6035826010228544
0.9537205901105611,1.0485251239926296,0.042156122987801734,3.6617339493656527
0.9537297592665411,1.0485150434742045,0.04314989415099283,3.7158139102674186
0.953738928598829,1.0485049629557794,0.044062692056113316,3.7655789518320875
0.9537480981074299,1.0484948824373543,0.04488917152314674,3.8107971988990568
0.953757267792349,1.048484801918929,0.045624479355501894,3.8512511443310524
0.9537664376535911,1.048474721400504,0.04626433413562463,3.8867402104429587
0.9537756076911614,1.0484646408820788,0.046805101937400055,3.917083173165625
0.953784777905065,1.0484545603636537,0.04724386625340726,3.9421204684259425
0.9537939482953072,1.0484444798452284,0.047578490549004045,3.961716403680575
0.9538031188618927,1.0484343993268033,0.047807671975966685,3.9757612973736265
0.9538122896048268,1.0484243188083782,0.04793098490806802,3.984173565735578
0.9538214605241144,1.048414238289953,0.04794891309562527,3.9869017699172313
0.9538306316197609,1.048404157771528,0.04786286937792632,3.9839266274796388
0.9538398028917714,1.0483940772531026,0.047675202049136924,3.9752629812765368
0.9538489743401506,1.0483839967346775,0.04738918714288509,3.9609617061028826
0.9538581459649038,1.0483739162162524,0.047009006098855236,3.9411115201313645
0.9538673177660362,1.0483638356978273,0.04653970849753814,3.915840654321595
0.9538764897435529,1.048353755179402,0.04598715980986918,3.885318319714843
0.9538856618974587,1.0483436746609769,0.04535797440203839,3.8497559001241917
0.9538948342277588,1.0483335941425518,0.04465943436589752,3.8094077870210468
0.9539040067344584,1.0483235136241267,0.04389939510748485,3.764571764911417
0.9539131794175627,1.0483134331057014,0.043086179005110116,3.7155888494733187
0.9539223522770764,1.0483033525872762,0.04222845883937947,3.66284247789494
0.9539315253130048,1.0482932720688511,0.041335133077539,3.606756951356999
0.9539406985253531,1.048283191550426,0.04041519544340999,3.5477950338288413
0.9539498719141265,1.0482731110320007,0.0394776015047063,3.486454619749886
0.9539590454793296,1.0482630305135756,0.03853113523435538,3.4232643962395723
0.9539682192209679,1.0482529499951505,0.03758427863610896,3.3587784439825517
0.9539773931390463,1.0482428694767254,0.03664508755034515,3.2935697460610855
0.9539865672335701,1.0482327889583,0.03572107666251496,3.2282226069892834
0.953995741504544,1.048222708439875,0.034819116522539585,3.163324026697328
0.9540049159519735,1.0482126279214499,0.03394534505417651,3.0994541276234986
0.9540140905758634,1.0482025474030248,0.033105095598543494,3.037175797886946
0.954023265376219,1.0481924668845997,0.03230284301935865,2.977023788953498
0.9540324403530454,1.0481823863661743,0.03154216882183373,2.9194935886759454
0.9540416155063475,1.0481723058477492,0.030825745635068527,2.865030473490748
0.9540507908361304,1.0481622253293241,0.030155340804430105,2.8140192160671913
0.9540599663423993,1.048152144810899,0.029531838275563313,2.7667749738517307
0.9540691420251596,1.0481420642924737,0.028955277441688795,2.723535894577865
0.9540783178844158,1.0481319837740486,0.028424907200855276,2.684457934621826
0.9540874939201731,1.0481219032556235,0.027939253140509053,2.6496122881357254
0.9540966701324369,1.0481118227371984,0.02749619554424055,2.6189856718620246
0.9541058465212124,1.048101742218773,0.027093055799083568,2.5924835159924804
0.9541150230865042,1.048091661700348,0.02672668876740919,2.5699358990098484
0.9541241998283175,1.0480815811819229,0.02639357876394669,2.5511058633834174
0.9541333767466577,1.0480715006634977,0.026089936929796845,2.5356995879061945
0.9541425538415297,1.0480614201450726,0.02581179800574843,2.5233777929890473
0.9541517311129387,1.0480513396266473,0.025555114756619396,2.513767727213315
0.9541609085608895,1.0480412591082222,0.025315848569971853,2.506475123837608
0.9541700861853876,1.048031178589797,0.02509005502698965,2.501095610603321
0.9541792639864377,1.048021098071372,0.02487396351162937,2.4972251848203415
0.9541884419640454,1.0480110175529467,0.024664050169116998,2.4944695061497346
0.9541976201182152,1.0480009370345216,0.02445710374316271,2.4924518929365758
0.9542067984489525,1.0479908565160965,0.02425028400633488,2.4908200208281555
0.9542159769562625,1.0479807759976714,0.024041172650422934,2.489251407536736
0.9542251556401502,1.047970695479246,0.023827816620672692,2.4874578231345343
0.9542343345006206,1.047960614960821,0.023608763967402354,2.4851887937235726
0.9542435135376788,1.0479505344423958,0.023383092354486885,2.4822343723952756
0.9542526927513298,1.0479404539239707,0.023150430408490796,2.478427340499346
0.9542618721415793,1.0479303734055454,0.02291097212591276,2.4736449800680957
0.9542710517084316,1.0479202928871203,0.022665484583602225,2.4678105293641184
0.9542802314518922,1.0479102123686952,0.022415309219443017,2.460894401198143
0.9542894113719662,1.04790013185027,0.022162356974588522,2.4529152104886704
0.9542985914686588,1.0478900513318448,0.021909097615571433,2.4439406247199704
0.9543077717419747,1.0478799708134197,0.021658543580285277,2.434088018701115
0.9543169521919193,1.0478698902949946,0.021414228719990828,2.4235248834673127
0.9543261328184975,1.0478598097765695,0.021180182330097216,2.4124689074332526
0.9543353136217146,1.0478497292581443,0.02096089887670409,2.40118761590702
0.9543444946015759,1.047839648739719,0.020761303824244775,2.389997422649944
0.954353675758086,1.047829568221294,0.020586715952056068,2.3792619157290402
0.9543628570912502,1.0478194877028688,0.020442806506127502,2.3693891719261195
0.9543720386010737,1.0478094071844437,0.020335555472036262,2.360827874663368
0.9543812202875616,1.0477993266660184,0.020271205171296693,2.3540620065251128
0.9543904021507188,1.0477892461475933,0.02025621128449825,2.3496039082340783
0.9543995841905505,1.0477791656291682,0.020297191295415344,2.3479855509629113
0.9544087664070617,1.047769085110743,0.02040087024273335,2.3497479662686143
0.954417948800258,1.0477590045923177,0.02057402356763977,2.355428920584363
0.9544271313701439,1.0477489240738926,0.020823416773156175,2.365549103647751
0.9544363141167246,1.0477388435554675,0.021155741575435757,2.3805973050230436
0.9544454970400054,1.0477287630370424,0.021577548240710988,2.401015250606947
0.9544546801399914,1.0477186825186173,0.02209517387512366,2.4271829239455793
0.9544638634166877,1.047708602000192,0.022714666576612585,2.459405267478365
0.954473046870099,1.047698521481767,0.02344170557029133,2.4979011193411176
0.954482230500231,1.0476884409633418,0.024281517733866005,2.5427950864711697
0.9544914143070883,1.0476783604449167,0.025238791268983863,2.594112804607848
0.9545005982906766,1.0476682799264914,0.026317587677973483,2.6517797335583704
0.9545097824510003,1.0476581994080663,0.02752125364466212,2.7156233363576407
0.9545189667880648,1.0476481188896412,0.02885233487002102,2.785378244678549
0.9545281513018753,1.047638038371216,0.03031249434537535,2.860693854089162
0.9545373359924371,1.0476279578527907,0.031902437928114084,2.941143732293786
0.9545465208597548,1.0476178773343656,0.033621850374677485,3.0262362496847492
0.9545557059038337,1.0476077968159405,0.03546934515019798,3.115425928294693
0.9545648911246788,1.0475977162975154,0.03744243133119692,3.20812512076606
0.9545740765222958,1.04758763577909,0.0395375007261267,3.3037157473227943
0.954583262096689,1.047577555260665,0.04174983793041988,3.4015609153005792
0.9545924478478638,1.0475674747422399,0.044073655409528276,3.5010163123977875
0.9546016337758254,1.0475573942238148,0.046502154869553586,3.6014412992487133
0.954610819880579,1.0475473137053894,0.04902761516658499,3.702209633720159
0.9546200061621295,1.0475372331869643,0.05164150586427308,3.8027197460086084
0.954629192620482,1.0475271526685392,0.05433462434554755,3.902404459449109
0.9546383792556417,1.0475170721501141,0.05709725318349222,4.000740024877345
0.9546475660676136,1.047506991631689,0.059919333375645104,4.097254314234241
0.9546567530564031,1.0474969111132637,0.0627906481106498,4.191534006150934
0.9546659402220149,1.0474868305948386,0.06570101104320428,4.283230595739124
0.9546751275644543,1.0474767500764135,0.06864045265908168,4.372065073692492
0.9546843150837263,1.0474666695579884,0.0715993982345128,4.457831144731269
0.9546935027798363,1.047456589039563,0.07456883115741977,4.540396890839297
0.9547026906527891,1.047446508521138,0.07754043593952084,4.619704826802174
0.9547118787025899,1.0474364280027129,0.08050671607926826,4.695770341249853
0.9547210669292437,1.0474263474842878,0.08346108296268323,4.76867856192375
0.954730255332756,1.0474162669658624,0.08639791314745036,4.838579726426721
0.9547394439131315,1.0474061864474373,0.08931257257576633,4.9056831765691244
0.9547486326703754,1.0473961059290122,0.09220140744660113,4.970250124655944
0.9547578216044927,1.0473860254105871,0.09506170256994605,5.032585362618854
0.9547670107154888,1.047375944892162,0.09789160899099611,5.093028100533428
0.9547762000033687,1.0473658643737367,0.10069004347718877,5.15194213052054
0.9547853894681374,1.0473557838553116,0.10345656309023255,5.209705516638542
0.9547945791098,1.0473457033368865,0.10619121853521701,5.266700012812649
0.9548037689283617,1.0473356228184614,0.10889439029945837,5.323300410294703
0.9548129589238278,1.047325542300036,0.11156661178869606,5.379864014451838
0.954822149096203,1.047315461781611,0.11420838378489039,5.436720448785896
0.9548313394454926,1.0473053812631858,0.11681998459748717,5.4941619813369975
0.9548405299717017,1.0472953007447607,0.11940128030433629,5.552434565025206
0.9548497206748355,1.0472852202263354,0.1219515394882676,5.611729777860362
0.954858911554899,1.0472751397079103,0.12446925688616843,5.672177840361433
0.9548681026118973,1.0472650591894852,0.1269519903771099,5.7338418749389755
0.9548772938458354,1.04725497867106,0.1293962157346705,5.796713554560293
0.9548864852567189,1.0472448981526348,0.13179720353495256,5.860710265255105
0.9548956768445523,1.0472348176342097,0.13414892251387656,5.925673878746379
0.9549048686093411,1.0472247371157846,0.1364439734750908,5.991371198086679
0.9549140605510902,1.0472146565973595,0.13867355751671623,6.05749610107875
0.9549232526698049,1.0472045760789341,0.14082748184732669,6.123673364558654
0.9549324449654901,1.047194495560509,0.14289420575859968,6.189464108171257
0.9549416374381511,1.047184415042084,0.1448609284105294,6.254372750591124
0.9549508300877928,1.0471743345236588,0.14671371895019958,6.317855325329521
0.9549600229144205,1.0471642540052337,0.1484376881683527,6.379328959336635
0.9549692159180394,1.0471541734868084,0.15001719942445552,6.438182276997692
0.9549784090986543,1.0471440929683833,0.15143611501755094,6.493786456972206
0.9549876024562705,1.0471340124499582,0.15267807263370944,6.545506641937498
0.9549967959908929,1.047123931931533,0.15372678505504478,6.592713383451985
0.9550059897025273,1.0471138514131078,0.15456635508598007,6.634793798345858
0.9550151835911779,1.0471037708946827,0.15518159672538248,6.671162120137347
0.9550243776568502,1.0470936903762575,0.15555835309655056,6.7012693506419
0.9550335718995494,1.0470836098578324,0.15568380157602157,6.724611752369843
0.9550427663192808,1.0470735293394071,0.15554673698552046,6.740737971091465
0.955051960916049,1.047063448820982,0.155137824594739,6.7492546374446425
0.9550611556898594,1.047053368302557,0.15444981599447175,6.7498303640394735
0.9550703506407171,1.0470432877841318,0.15347772253111416,6.742198125871175
0.9550795457686272,1.0470332072657067,0.15221894284573748,6.726156083258654
0.955088741073595,1.0470231267472814,0.15067334298988116,6.7015669732422465
0.9550979365556251,1.0470130462288563,0.14884328946730924,6.668356253822013
0.9551071322147231,1.0470029657104312,0.14673363725251984,6.626509232250766
0.955116328050894,1.046992885192006,0.14435167625007245,6.576067441406982
0.955125524064143,1.0469828046735807,0.1417070407225489,6.517124546022853
0.9551347202544748,1.0469727241551556,0.13881158687926923,6.4498220628527605
0.9551439166218949,1.0469626436367305,0.13567924408065374,6.374345166508172
0.9551531131664083,1.0469525631183054,0.13232584500864494,6.290918827314725
0.9551623098880203,1.04694248259988,0.1287689397252528,6.199804490952791
0.9551715067867357,1.046932402081455,0.12502759787767095,6.101297464449655
0.9551807038625597,1.04692232156303,0.12112220248481087,5.995725121426611
0.9551899011154976,1.0469122410446048,0.11707423785941655,5.883445983981844
0.9551990985455545,1.0469021605261795,0.11290607336344306,5.764849681085465
0.9552082961527352,1.0468920800077544,0.10864074395073293,5.640357726022823
0.9552174939370451,1.0468819994893293,0.10430172787857625,5.510424999509587
0.9552266918984892,1.0468719189709041,0.09991272163499226,5.3755417725658114
0.9552358900370729,1.0468618384524788,0.09549741204225119,5.236236054575077
0.9552450883528009,1.0468517579340537,0.09107924569277931,5.093076009030705
0.9552542868456784,1.0468416774156286,0.08668119631536657,4.946672142441245
0.9552634855157106,1.0468315968972035,0.08232553134449669,4.797678942325895
0.9552726843629027,1.0468215163787784,0.07803357979933481,4.646795618339543
0.95528188338726,1.046811435860353,0.07382550450924966,4.494765587597689
0.9552910825887871,1.046801355341928,0.06972008265437685,4.342374341918189
0.9553002819674894,1.0467912748235029,0.0657344994253494,4.19044534258443
0.955309481523372,1.0467811943050778,0.06188416024973989,4.039833609779332
0.9553186812564403,1.0467711137866524,0.05818252739427455,3.8914167134727364
0.9553278811666989,1.0467610332682273,0.05464098675480151,3.7460829367433384
0.9553370812541531,1.0467509527498022,0.05126875025172258,3.6047164814488837
0.9553462815188082,1.0467408722313771,0.04807279844297098,3.468179732477751
0.9553554819606693,1.0467307917129518,0.045057866771758416,3.3372928040959793
0.9553646825797413,1.0467207111945267,0.0422264773519508,3.2128108708298186
0.9553738833760294,1.0467106306761016,0.03957901645060373,3.0954001352932696
0.9553830843495387,1.0467005501576765,0.03711385597765518,2.985613685640505
0.9553922855002744,1.0466904696392514,0.03482751546660291,2.8838688950984483
0.9554014868282419,1.046680389120826,0.03271485935856804,2.790428331776781
0.9554106883334458,1.046670308602401,0.030769323003627037,2.705386271739944
0.9554198900158913,1.0466602280839759,0.028983159749237198,2.6286627380825114
0.9554290918755839,1.0466501475655507,0.02734770086617645,2.560006464215092
0.9554382939125285,1.0466400670471254,0.025853619867823426,2.4990073238066155
0.9554474961267301,1.0466299865287003,0.02449119301021858,2.445117709363213
0.9554566985181939,1.0466199060102752,0.023250548354918233,2.3976812815350894
0.9554659010869251,1.04660982549185,0.022121896673592854,2.3559666786454283
0.955475103832929,1.0465997449734248,0.021095738581556056,2.3192033416093585
0.9554843067562102,1.0465896644549997,0.020163043524808737,2.2866166344052172
0.9554935098567742,1.0465795839365746,0.019315397525456853,2.2574598638694194
0.955502713134626,1.0465695034181495,0.018545117847123194,2.231041477859865
0.9555119165897709,1.0465594228997241,0.01784533391827747,2.2067464725813144
0.9555211202222138,1.046549342381299,0.017210034911851493,2.184051719165284
0.9555303240319598,1.046539261862874,0.016634085304499707,2.1625354347220744
0.9555395280190142,1.0465291813444488,0.016113210522082668,2.1418813436206903
0.9555487321833823,1.0465191008260235,0.01564395542476711,2.1218782180685123
0.9555579365250687,1.0465090203075984,0.015223618905614484,2.102415497420738
0.9555671410440789,1.0464989397891733,0.014850168286699631,2.0834756163128225
0.9555763457404179,1.0464888592707482,0.014522137506177283,2.0651235720888614
0.9555855506140908,1.046478778752323,0.014238513307359497,2.0474941717812607
0.9555947556651031,1.0464686982338978,0.013998613774127859,2.030777346098113
0.9556039608934593,1.0464586177154727,0.013801963597277839,2.0152019173561553
0.9556131662991648,1.0464485371970476,0.013648170403819241,2.0010182635966136
0.9556223718822249,1.0464384566786225,0.013536806324450769,1.9884804227616821
0.9556315776426446,1.0464283761601971,0.013467298705057628,1.9778283075089669
0.9556407835804289,1.046418295641772,0.013438833481918976,1.9692708215701245
0.9556499896955831,1.046408215123347,0.013450274237276273,1.962970745252452
0.9556591959881122,1.0463981346049218,0.013500099341202502,1.9590322553955535
0.9556684024580216,1.0463880540864965,0.01358635888155069,1.9574918394395864
0.955677609105316,1.0463779735680714,0.013706652318247994,1.9583131505744455
0.9556868159300007,1.0463678930496463,0.013858126997366882,1.9613860510076138
0.9556960229320809,1.0463578125312212,0.014037496869100925,1.9665297460213238
0.9557052301115617,1.046347732012796,0.014241080008801945,1.9734995771639559
0.9557144374684484,1.0463376514943707,0.014464852879638914,1.9819967717475921
0.9557236450027459,1.0463275709759456,0.014704518733634526,1.9916802762122696
0.9557328527144592,1.0463174904575205,0.01495558714358449,2.0021797477662293
0.9557420606035936,1.0463074099390954,0.015213461409680887,2.0131088339987007
0.9557512686701545,1.04629732942067,0.015473530486223255,2.0240780071199316
0.9557604769141466,1.046287248902245,0.015731262119493224,2.0347064034885274
0.955769685335575,1.04627716838382,0.01598229405715596,2.044632315537989
0.9557788939344452,1.0462670878653948,0.016222520453551357,2.0535221641438826
0.9557881027107623,1.0462570073469695,0.01644817092964351,2.061077927091889
0.955797311664531,1.0462469268285444,0.016655880117156616,2.0670431046797444
0.9558065207957568,1.0462368463101193,0.01684274590111767,2.071207365587397
0.9558157301044446,1.0462267657916942,0.01700637494999118,2.07341003867579
0.9558249395906,1.0462166852732688,0.01714491447797968,2.0735426058113857
0.9558341492542276,1.0462066047548437,0.017257069511492616,2.071550314342395
0.9558433590953327,1.0461965242364186,0.01734210523596876,2.0674329729685192
0.9558525691139204,1.0461864437179935,0.01739983428775905,2.061244928506248
0.9558617793099962,1.0461763631995682,0.017430589142988243,2.053094150583867
0.9558709896835645,1.046166282681143,0.017435180057484817,2.0431402841876407
0.955880200234631,1.046156202162718,0.017414839341936487,2.031591474379034
0.9558894109632007,1.0461461216442929,0.017371153127144913,2.0186997331410654
0.9558986218692787,1.0461360411258678,0.0173059821872776,2.004754615457635
0.9559078329528702,1.0461259606074425,0.01722137383715743,1.9900750110618681
0.9559170442139802,1.0461158800890173,0.017119467386605785,1.9749989489493456
0.9559262556526139,1.0461057995705922,0.017002396086637013,1.9598714581898307
0.9559354672687763,1.0460957190521671,0.016872188902819798,1.9450307279269234
0.955944679062473,1.0460856385337418,0.016730675749770225,1.9307930468942651
0.9559538910337086,1.0460755580153167,0.016579399971477234,1.9174372502957995
0.9559631031824884,1.0460654774968916,0.016419541812813767,1.9051896186880222
0.9559723155088176,1.0460553969784665,0.016251856367850155,1.8942103115643993
0.9559815280127014,1.0460453164600412,0.016076629002040776,1.8845824331184369
0.9559907406941447,1.046035235941616,0.015893650541271342,1.8763046911449417
0.9559999535531528,1.046025155423191,0.015702213640832956,1.8692883228715622
0.9560091665897308,1.0460150749047659,0.015501130752320897,1.8633585583770083
0.9560183798038837,1.0460049943863408,0.015288773074814145,1.8582604371380271
0.9560275931956171,1.0459949138679154,0.0150631288917289,1.8536683643407723
0.9560368067649355,1.0459848333494903,0.014821878836415031,1.8491984631841667
0.9560460205118444,1.0459747528310652,0.01456248496576293,1.8444225957884162
0.9560552344363489,1.0459646723126401,0.014282290091844585,1.838882902546593
0.9560644485384543,1.0459545917942148,0.013978623647327609,1.8321058295431008
0.9560736628181653,1.0459445112757897,0.01364891042661842,1.8236148344921805
0.9560828772754872,1.0459344307573646,0.013290778818126578,1.8129412332892012
0.9560920919104253,1.0459243502389395,0.012902165570364568,1.7996329249667224
0.9561013067229849,1.0459142697205142,0.012481414651071375,1.783260977305581
0.9561105217131706,1.045904189202089,0.012027368303550721,1.7634242482544429
0.9561197368809877,1.045894108683664,0.011539448914755635,1.7397523521113116
0.9561289522264417,1.0458840281652388,0.011017730743998288,1.7119073572735128
0.9561381677495375,1.0458739476468135,0.010463000882072348,1.6795846328099666
0.95614738345028,1.0458638671283884,0.00987680900863399,1.642513256164587
0.9561565993286748,1.0458537866099633,0.009261505585381411,1.6004563657666426
0.9561658153847266,1.0458437060915382,0.008620268085114216,1.5532118022284496
0.956175031618441,1.0458336255731129,0.00795711473358526,1.5006133411311293
0.9561842480298227,1.0458235450546878,0.007276905073596789,1.442532791534706
0.956193464618877,1.0458134645362627,0.006585326487059651,1.3788832328957341
0.9562026813856089,1.0458033840178376,0.0058888656831783326,1.3096237146208607
0.9562118983300238,1.0457933034994125,0.005194764118331437,1.2347658917132558
0.9562211154521271,1.0457832229809871,0.004510956406823259,1.1543834064478768
0.9562303327519232,1.045773142462562,0.003845991040590594,1.0686255339345214
0.9562395502294175,1.045763061944137,0.0032089331874488743,0.9777380955861475
0.9562487678846153,1.0457529814257118,0.0026092499880957876,0.8820978579257662
0.956257985717522,1.0457429009072865,0.002056679606141391,0.7822739409690859
0.9562672037281421,1.0457328203888614,0.0015610862675876742,0.6791474973350099
0.9562764219164811,1.0457227398704363,0.0011323045914694734,0.5741673175099942
0.9562856402825441,1.0457126593520112,0.0007799775774492744,0.46994927979606244
0.9562948588263365,1.0457025788335859,0.0005133935741640207,0.37179964165266616
0.956304077547863,1.0456924983151608,0.0003413282938892222,0.29152379568532516
0.9563132964471287,1.0456824177967357,0.00027189835781090137,0.25281972147861476
0.9563225155241392,1.0456723372783105,0.00031243286419521107,0.27822211401595764
0.9563317347788992,1.0456622567598854,0.00046936901580526034,0.35684372950685095
0.9563409542114144,1.0456521762414601,0.0007481769133503374,0.46373849520430804
0.9563501738216893,1.045642095723035,0.0011533172599729035,0.584249373842913
0.9563593936097293,1.04563201520461,0.0016882340192178958,0.711663242849859
0.9563686135755396,1.0456219346861848,0.002355382155984299,0.8426957111289827
0.9563778337191255,1.0456118541677595,0.003156288625418049,0.9755173203981726
0.9563870540404917,1.0456017736493344,0.004091642920692518,1.108985051722951
0.9563962745396437,1.0455916931309093,0.005161411897334101,1.2423265851541079
0.9564054952165865,1.0455816126124842,0.006364972375465524,1.374999892308488
0.9564147160713254,1.0455715320940588,0.007701254256315616,1.5066255811485874
0.9564239371038653,1.0455614515756337,0.009168886597206759,1.636951279255973
0.9564331583142114,1.0455513710572086,0.010766339248811088,1.7658306186733703
0.9564423797023689,1.0455412905387835,0.012492053203273975,1.8932088524844823
0.9564516012683432,1.0455312100203582,0.014344553650819119,2.0191112851910242
0.9564608230121389,1.045521129501933,0.01632254078916132,2.1436326463011857
0.9564700449337615,1.045511048983508,0.01842495458709917,2.2669265043624924
0.9564792670332161,1.045500968465083,0.020651010881570443,2.3891943224202885
0.9564884893105079,1.0454908879466576,0.023000207332813303,2.5106740285183755
0.9564977117656418,1.0454808074282325,0.025472298833486434,2.631628127499136
0.9565069343986232,1.0454707269098074,0.028067242956849696,2.752331470010096
0.956516157209457,1.0454606463913823,0.030785116936091882,2.8730588511508084
0.9565253801981487,1.0454505658729571,0.03362600852212302,2.9940726514753964
0.9565346033647033,1.0454404853545318,0.036589883886995495,3.115610765158805
0.9565438267091257,1.0454304048361067,0.03967643655499441,3.2378750880262857
0.9565530502314212,1.0454203243176816,0.04288492216784954,3.361020862374923
0.9565622739315951,1.0454102437992565,0.04621398472266473,3.4851471944723817
0.9565714978096526,1.0454001632808312,0.049661480741616484,3.610289071571829
0.9565807218655984,1.045390082762406,0.05322430859314698,3.7364112045679163
0.9565899460994378,1.045380002243981,0.05689825082142401,3.8634040065243256
0.9565991705111763,1.0453699217255559,0.06067783775286149,3.991081982476213
0.9566083951008189,1.0453598412071305,0.06455624074837225,4.119184750166357
0.9566176198683705,1.0453497606887054,0.06852520313364525,4.247380832817462
0.9566268448138363,1.0453396801702803,0.07257501599245496,4.375274264871475
0.9566360699372216,1.0453295996518552,0.0766945445698645,4.502413931911473
0.9566452952385315,1.0453195191334301,0.08087130900992305,4.628305432654743
0.9566545207177714,1.0453094386150048,0.08509162057757405,4.75242511106374
0.9566637463749458,1.0452993580965797,0.08934077151868476,4.874235770511264
0.9566729722100604,1.0452892775781546,0.09360327348871147,4.9932034610100215
0.9566821982231202,1.0452791970597295,0.09786313626185893,5.108814635896537
0.9566914244141305,1.0452691165413042,0.10210417553145686,5.220592917641868
0.956700650783096,1.045259036022879,0.1063103362799753,5.328114700645874
0.9567098773300222,1.045248955504454,0.11046601671358304,5.431022857066799
0.9567191040549142,1.0452388749860289,0.11455637726290695,5.529037898273729
0.9567283309577773,1.0452287944676035,0.11856761976422629,5.6219660748143445
0.9567375580386163,1.0452187139491784,0.12248722357933547,5.709704060585704
0.9567467852974365,1.0452086334307533,0.12630412796928692,5.792240049490682
0.9567560127342432,1.0451985529123282,0.13000885325328032,5.869651279762394
0.9567652403490414,1.045188472393903,0.13359355688130434,5.942098178081659
0.9567744681418363,1.0451783918754778,0.13705202420239068,6.009815469776927
0.9567836961126329,1.0451683113570527,0.14037959714815407,6.073100724139406
0.9567929242614366,1.0451582308386276,0.14357304702333912,6.132300890055041
0.9568021525882525,1.0451481503202023,0.14663039995285304,6.187797426228763
0.9568113810930855,1.0451380698017771,0.1495507252001526,6.239990645207379
0.956820609775941,1.045127989283352,0.15233389753079027,6.28928387611681
0.956829838636824,1.045117908764927,0.15498034512724176,6.336068014767121
0.9568390676757398,1.0451078282465018,0.15749079434909488,6.380706977747563
0.9568482968926937,1.0450977477280765,0.15986602200640118,6.42352451563999
0.9568575262876904,1.0450876672096514,0.1621066248894707,6.464792773875999
0.9568667558607352,1.0450775866912263,0.16421281516880956,6.504722920790477
0.9568759856118335,1.0450675061728012,0.1661842490311333,6.543458092415357
0.9568852155409904,1.0450574256543759,0.16801989457975253,6.58106883223493
0.9568944456482108,1.0450473451359508,0.16971794363322387,6.617551130858598
0.9569036759334999,1.0450372646175257,0.17127577058805069,6.652827094180356
0.9569129063968631,1.0450271840991006,0.17268993996787899,6.686748188661599
0.9569221370383055,1.0450171035806752,0.17395626264690286,6.719100929142617
0.956931367857832,1.0450070230622501,0.17506989901958978,6.749614789657877
0.9569405988554479,1.044996942543825,0.176025505614752,6.7779720339737235
0.9569498300311584,1.0449868620254,0.17681741988060895,6.803819084179246
0.9569590613849686,1.0449767815069748,0.17743987618716628,6.826778978003606
0.9569682929168838,1.0449667009885495,0.17788724461218225,6.846464414171747
0.956977524626909,1.0449566204701244,0.17815428292093927,6.862490855738563
0.9569867565150493,1.0449465399516993,0.17823639144644707,6.87448915867199
0.9569959885813099,1.0449364594332742,0.17812986042057885,6.882117219898973
0.9570052208256962,1.0449263789148489,0.17783209976379905,6.8850701963743495
0.957014453248213,1.0449162983964237,0.17734184241501608,6.883088932363084
0.9570236858488655,1.0449062178779986,0.17665931393645376,6.875966341492677
0.957032918627659,1.0448961373595735,0.1757863632219985,6.863551615637848
0.9570421515845989,1.0448860568411482,0.17472655153512964,6.84575226587657
0.9570513847196899,1.044875976322723,0.17348519958708145,6.822534131476152
0.9570606180329372,1.044865895804298,0.1720693947382463,6.7939196119150695
0.9570698515243461,1.044855815285873,0.17048796247100206,6.7599844761405805
0.9570790851939218,1.0448457347674478,0.16875140787754758,6.720853676442091
0.9570883190416696,1.0448356542490225,0.1668718339180211,6.676696637922152
0.9570975530675943,1.0448255737305974,0.1648628435983413,6.627722507754787
0.9571067872717011,1.0448154932121723,0.16273943297038598,6.574175831923247
0.9571160216539955,1.044805412693747,0.16051788105156306,6.516333084026809
0.9571252562144823,1.0447953321753218,0.15821564148532358,6.454500404460531
0.9571344909531667,1.0447852516568967,0.1558512391334108,6.389012822120314
0.9571437258700539,1.0447751711384716,0.15344417294697024,6.320235127799479
0.9571529609651492,1.0447650906200465,0.15101482454866766,6.248564450486329
0.9571621962384579,1.0447550101016212,0.14858437009361578,6.174434455385978
0.9571714316899846,1.044744929583196,0.14617469129481866,6.098320935729225
0.9571806673197348,1.044734849064771,0.14380828011456873,6.020748409259828
0.9571899031277138,1.0447247685463459,0.141508130644029,5.942297156063579
0.9571991391139266,1.0447146880279206,0.1392976112106477,5.863609951208378
0.9572083752783783,1.0447046075094955,0.13720030986816845,5.785397563499542
0.957217611621074,1.0446945269910703,0.13523984719357868,5.708441927224556
0.9572268481420191,1.0446844464726452,0.13343965180064785,5.6335957743258005
0.9572360848412187,1.04467436595422,0.13182269617176257,5.56177747671278
0.9572453217186777,1.0446642854357948,0.13041119327272058,5.493959938898768
0.9572545587744016,1.0446542049173697,0.12922625781644984,5.431152648270861
0.9572637960083953,1.0446441243989446,0.1282875397870248,5.3743764747937925
0.957273033420664,1.0446340438805195,0.12761284162829617,5.324631527756606
0.9572822710112133,1.0446239633620942,0.1272177339877527,5.282859292295921
0.9572915087800478,1.044613882843669,0.12711518767865893,5.249901285964495
0.9573007467271727,1.044603802325244,0.1273152411837757,5.226457430485264
0.9573099848525934,1.0445937218068189,0.12782472322522637,5.213048011783884
0.9573192231563152,1.0445836412883935,0.12864704845539598,5.209983288443007
0.957328461638343,1.0445735607699684,0.12978210112985358,5.217344359370295
0.9573377002986818,1.0445634802515433,0.13122621687606684,5.234977805146996
0.957346939137337,1.0445533997331182,0.1329722667366277,5.262505028951618
0.957356178154314,1.044543319214693,0.13500984109407488,5.299345436165791
0.9573654173496174,1.0445332386962678,0.13732552452498661,5.344750959213437
0.9573746567232527,1.0445231581778427,0.13990324675409296,5.397848262337878
0.9573838962752251,1.0445130776594176,0.14272469026459136,5.457684425363037
0.9573931360055397,1.0445029971409925,0.14576973220324904,5.523272018111374
0.9574023759142017,1.0444929166225672,0.14901689719395741,5.59363011042639
0.9574116160012162,1.044482836104142,0.1524437985268541,5.667818711668796
0.9574208562665882,1.044472755585717,0.15602754768946048,5.744965183145104
0.9574300967103231,1.0444626750672918,0.15974511595963037,5.824282143012665
0.9574393373324263,1.0444525945488665,0.1635736363333916,5.905077176450861
0.9574485781329023,1.0444425140304414,0.1674906389214286,5.98675522820352
0.9574578191117568,1.0444324335120163,0.17147421769548377,6.068814893837385
0.9574670602689946,1.0444223529935912,0.17550313074667148,6.150839973641492
0.9574763016046215,1.0444122724751659,0.17955683983559717,6.232487656581832
0.9574855431186419,1.0444021919567408,0.18361549780804196,6.313474607946351
0.9574947848110613,1.0443921114383157,0.18765989444770326,6.393562085816509
0.9575040266818848,1.0443820309198906,0.191671372536916,6.47254103932105
0.957513268731118,1.0443719504014652,0.19563172643107424,6.550217968994608
0.9575225109587654,1.0443618698830401,0.19952309539091825,6.626402169132671
0.9575317533648324,1.044351789364615,0.20332786338004416,6.700894830556582
0.9575409959493243,1.04434170884619,0.20702857608980632,6.773480360381983
0.9575502387122464,1.0443316283277646,0.21060788466376648,6.8439201706911055
0.9575594816536035,1.0443215478093395,0.21404852398383611,6.911949095567997
0.9575687247734008,1.0443114672909144,0.21733333147872355,6.977274510396146
0.9575779680716437,1.0443013867724893,0.220445310211981,7.03957814289142
0.9575872115483373,1.0442913062540642,0.22336773755052058,7.098520478381142
0.9575964552034868,1.0442812257356389,0.22608431802433882,7.153747569486173
0.9576056990370971,1.0442711452172138,0.22857937615537954,7.204899962813142
0.9576149430491737,1.0442610646987887,0.2308380821759727,7.251623354987621
0.9576241872397215,1.0442509841803636,0.2328467008408645,7.293580492463324
0.9576334316087461,1.0442409036619382,0.2345928511559482,7.330463741212939
0.9576426761562522,1.0442308231435131,0.23606576302952242,7.362007682554831
0.957651920882245,1.044220742625088,0.2372565158001728,7.3880010488275545
0.95766116578673,1.044210662106663,0.23815824349633954,7.408297305835064
0.9576704108697123,1.0442005815882376,0.23876629264085544,7.422823223675839
0.9576796561311967,1.0441905010698125,0.2390783204490957,7.4315848562426625
0.9576889015711887,1.0441804205513874,0.23909432429690358,7.434670470475125
0.9576981471896933,1.0441703400329623,0.23881659715016026,7.4322501229279805
0.9577073929867158,1.0441602595145372,0.2382496079639597,7.424571762757687
0.9577166389622616,1.0441501789961118,0.23739981052621448,7.4119539334455835
0.9577258851163353,1.0441400984776867,0.23627538845934776,7.394775335149789
0.9577351314489424,1.0441300179592616,0.23488594776462815,7.373461680993178
0.957744377960088,1.0441199374408365,0.23324217111265175,7.348470421128971
0.9577536246497775,1.0441098569224112,0.2313554498815133,7.320274009105166
0.9577628715180159,1.044099776403986,0.22923751063743672,7.289342440777515
0.9577721185648082,1.044089695885561,0.22690005241036074,7.256125806892959
0.9577813657901597,1.044079615367136,0.2243544098575819,7.22103756974963
0.9577906131940758,1.0440695348487106,0.22161125544488414,7.184439209085372
0.9577998607765613,1.0440594543302855,0.21868035134274152,7.146626791259163
0.9578091085376216,1.0440493738118604,0.21557035905308805,7.10781990804489
0.9578183564772618,1.0440392932934353,0.21228871206860664,7.068153316290173
0.9578276045954872,1.04402921277501,0.20884155425680645,7.027671494630268
0.9578368528923027,1.0440191322565848,0.20523374426398153,6.9863262244898205
0.9578461013677138,1.0440090517381597,0.20146892408426526,6.943977203376964
0.9578553500217253,1.0439989712197346,0.19754964804300765,6.900395610732948
0.9578645988543428,1.0439888907013093,0.1934775667566364,6.855270470143757
0.9578738478655712,1.0439788101828842,0.189253659111819,6.808217584932127
0.9578830970554156,1.043968729664459,0.18487850391746283,6.758790764949202
0.9578923464238813,1.043958649146034,0.18035258158771664,6.706495007890613
0.9579015959709736,1.0439485686276089,0.1756765950335322,6.650801247072262
0.9579108456966977,1.0439384881091835,0.17085179790748115,6.591162228166746
0.9579200956010584,1.0439284075907584,0.16588031755528446,6.527029030965714
0.9579293456840612,1.0439183270723333,0.16076545957848182,6.457867711215296
0.9579385959457111,1.0439082465539082,0.1555119809481663,6.383175506590344
0.9579478463860135,1.043898166035483,0.15012631923773723,6.302496035410222
0.9579570970049733,1.0438880855170578,0.1446167668791205,6.215432923344014
0.9579663478025958,1.0438780049986327,0.13899358141306528,6.12166132748985
0.9579755987788862,1.0438679244802076,0.13326902550035682,6.020936893478506
0.9579848499338498,1.0438578439617823,0.1274573338398006,5.913101780358244
0.9579941012674915,1.0438477634433572,0.12157460793400365,5.798087518329351
0.9580033527798165,1.043837682924932,0.11563864355343631,5.675914619248219
0.9580126044708303,1.043827602406507,0.10966869948714103,5.546689030155871
0.9580218563405377,1.0438175218880819,0.10368521937255946,5.410595692707817
0.9580311083889442,1.0438074413696565,0.09770952081254888,5.267889633738326
0.9580403606160548,1.0437973608512314,0.09176346736471011,5.118885150394937
0.9580496130218745,1.0437872803328063,0.0858691392229019,4.963943757096113
0.9580588656064088,1.0437771998143812,0.08004851750398247,4.803461623856426
0.958068118369663,1.043767119295956,0.07432319510455426,4.637857253584725
0.9580773713116417,1.0437570387775308,0.06871412432140979,4.467560122286509
0.9580866244323505,1.0437469582591057,0.06324140811387946,4.293000947699591
0.9580958777317945,1.0437368777406806,0.05792413831203813,4.114604168629134
0.958105131209979,1.0437267972222553,0.05278028056195089,3.932783122983855
0.9581143848669088,1.0437167167038301,0.04782660258916266,3.7479383217159183
0.9581236387025894,1.043706636185405,0.04307863966876639,3.5604591456105426
0.958132892717026,1.04369655566698,0.03855068915547912,3.3707292614788136
0.9581421469102237,1.0436864751485546,0.034255824612639124,3.1791360875335273
0.9581514012821876,1.0436763946301295,0.030205919520331487,2.986084768761599
0.9581606558329229,1.0436663141117044,0.026411670699821893,2.7920174030631104
0.9581699105624348,1.0436562335932793,0.022882612421602732,2.59743877196972
0.9581791654707288,1.043646153074854,0.019627113583391934,2.402950714988188
0.9581884205578094,1.0436360725564289,0.01665235226807045,2.209298776181465
0.9581976758236823,1.0436259920380038,0.013964264320495577,2.017437220714249
0.9582069312683525,1.0436159115195787,0.011567465207111223,1.8286225250083743
0.9582161868918253,1.0436058310011536,0.009465147202353334,1.644551617278101
0.9582254426941059,1.0435957504827282,0.0076589567444713715,1.4675694041260716
0.9582346986751993,1.0435856699643031,0.006148859430993087,1.3009763678249906
0.9582439548351107,1.043575589445878,0.004933002391550221,1.1494521099124246
0.9582532111738454,1.043565508927453,0.004007585479448419,1.0195125536014855
0.9582624676914088,1.0435554284090276,0.0033667536576524213,0.9196050042390469
0.9582717243878055,1.0435453478906025,0.003002522969540802,0.8588905924033504
0.958280981263041,1.0435352673721774,0.0029047514707176785,0.8438482461674994
0.9582902383171206,1.0435251868537523,0.0030611644502212087,0.874301346457327
0.9582994955500495,1.043515106335327,0.0034574402803526643,0.9429838746226914
0.9583087529618325,1.0435050258169019,0.004077359514252812,1.0393030988518412
0.958318010552475,1.0434949452984768,0.004903015705302157,1.15326293151475
0.9583272683219823,1.0434848647800516,0.005915082228096207,1.277099479997857
0.9583365262703595,1.0434747842616265,0.007093125537578181,1.4052670958997162
0.958345784397612,1.0434647037432012,0.008415952180841988,1.533909972429953
0.9583550427037446,1.0434546232247761,0.00986197476860907,1.660352314206359
0.9583643011887626,1.043444542706351,0.011409581192833305,1.7827293089513183
0.9583735598526713,1.043434462187926,0.013037491683198777,1.8997429960009666
0.9583828186954759,1.0434243816695006,0.014725089723760512,2.010504049433456
0.9583920777171814,1.0434143011510755,0.0164527151922821,2.114427851042497
0.9584013369177931,1.0434042206326504,0.018201911044891803,2.211163886228823
0.9584105962973161,1.0433941401142253,0.01995561812418346,2.300545522618725
0.958419855855756,1.0433840595958,0.021698315910438738,2.3825524209614115
0.9584291155931173,1.0433739790773748,0.023416109996297788,2.457281004779601
0.9584383755094056,1.0433638985589497,0.02509676955094465,2.5249203163462717
0.958447635604626,1.0433538180405246,0.026729719934634796,2.5857317090337637
0.9584568958787839,1.0433437375220993,0.02830599689116547,2.6400314789844184
0.9584661563318841,1.0433336570036742,0.029818169408961728,2.6881759097969185
0.9584754169639321,1.043323576485249,0.03126023847454527,2.7305484061981007
0.9584846777749328,1.043313495966824,0.03262751864783722,2.7675484959103955
0.9584939387648919,1.0433034154483987,0.03391650878161411,2.799582525772417
0.9585031999338139,1.0432933349299736,0.03512475739703855,2.827055894699679
0.9585124612817045,1.0432832544115485,0.03625072731757648,2.8503666683458717
0.9585217228085686,1.0432731738931234,0.03729366323191564,2.869900417530191
0.9585309845144115,1.0432630933746982,0.03825346497220629,2.8860261202127053
0.9585402463992387,1.043253012856273,0.0391305684965593,2.8990929676758332
0.9585495084630549,1.0432429323378478,0.039925835881982494,2.9094279210235086
0.9585587707058654,1.0432328518194227,0.04064045508066695,2.917333874634695
0.9585680331276754,1.0432227713009976,0.04127584976750807,2.923088298802287
0.9585772957284904,1.0432126907825723,0.04183359930377617,2.9269422540397625
0.9585865585083151,1.0432026102641472,0.04231536864786044,2.929119693870684
0.958595821467155,1.043192529745722,0.042722847938924224,2.9298170000365746
0.9586050846050153,1.043182449227297,0.04305770144319695,2.929202722353873
0.9586143479219011,1.0431723687088716,0.043321525561014394,2.9274175224134202
0.9586236114178175,1.0431622881904465,0.04351581562206688,2.9245743430554705
0.9586328750927698,1.0431522076720214,0.04364194122489858,2.9207588407613003
0.9586421389467632,1.0431421271535963,0.04370112988559207,2.9160301229215757
0.9586514029798028,1.0431320466351712,0.04369445873792425,2.910421824383704
0.9586606671918941,1.043121966116746,0.04362285397046439,2.9039435377880123
0.9586699315830419,1.0431118855983208,0.0434870975979549,2.8965825821502102
0.9586791961532515,1.0431018050798957,0.043287841063748396,2.8883060588076237
0.9586884609025281,1.0430917245614706,0.04302562507303276,2.8790631096110695
0.9586977258308772,1.0430816440430453,0.04270090499064284,2.8687872665028586
0.9587069909383035,1.0430715635246202,0.042314081119657836,2.85739877054118
0.9587162562248123,1.043061483006195,0.0418655332231865,2.8448067460675683
0.958725521690409,1.04305140248777,0.041355658761653064,2.8309111424847133
0.9587347873350989,1.0430413219693446,0.04078491448254292,2.8156043992301454
0.9587440531588868,1.0430312414509195,0.04015386119737041,2.798772843249251
0.958753319161778,1.0430211609324944,0.03946321178394437,2.7802978856940004
0.9587625853437778,1.0430110804140693,0.038713882630770705,2.760057138962745
0.9587718517048915,1.043000999895644,0.03790704886640335,2.7379256215854046
0.9587811182451241,1.0429909193772189,0.037044203767141376,2.713777254095395
0.9587903849644808,1.0429808388587938,0.03612722269822776,2.6874868739637243
0.9587996518629668,1.0429707583403687,0.035158431807732426,2.6589330137066627
0.9588089189405876,1.0429606778219433,0.03414068146051202,2.62800169668472
0.9588181861973479,1.0429505973035182,0.0330774240741709,2.5945915132476083
0.9588274536332532,1.0429405167850931,0.031972795609735934,2.5586202486407266
0.9588367212483085,1.042930436266668,0.030831699491251908,2.5200333450666883
0.9588459890425193,1.042920355748243,0.029659891189697245,2.478814492643059
0.9588552570158906,1.0429102752298176,0.028464061133733235,2.4349986542278526
0.9588645251684276,1.0429001947113925,0.02725191302409111,2.388687828646125
0.9588737935001354,1.0428901141929674,0.026032234062873534,2.340069830094637
0.9588830620110192,1.0428800336745423,0.024814953103509278,2.2894402811933983
0.9588923307010847,1.042869953156117,0.02361118233232817,2.237227838373151
0.9589015995703364,1.0428598726376919,0.022433237859504383,2.184022320052688
0.9589108686187797,1.0428497921192668,0.021294634587309406,2.1306047863408617
0.95892013784642,1.0428397116008417,0.020210050993849288,2.0779775868089456
0.9589294072532626,1.0428296310824163,0.019195260065993657,2.027390805585255
0.9589386768393122,1.0428195505639912,0.018267023569631172,1.9803593201066632
0.9589479466045744,1.0428094700455661,0.01744294816012429,1.9386620334467655
0.9589572165490541,1.042799389527141,0.01674130347946598,1.9043124683198498
0.9589664866727567,1.042789309008716,0.016180804290941004,1.8794894009103826
0.9589757569756877,1.0427792284902906,0.01578036074409296,1.8664199339701921
0.9589850274578516,1.0427691479718655,0.015558802903226457,1.8672174805015413
0.9589942981192541,1.0427590674534404,0.015534587521862419,1.883693074078951
0.9590035689599002,1.0427489869350153,0.01572549652730547,1.9171747808236228
0.9590128399797954,1.04273890641659,0.01614833761573385,1.9683771338422915
0.9590221111789444,1.0427288258981648,0.0168186576200233,2.037352834578305
0.9590313825573527,1.0427187453797397,0.01775047882468252,2.1235345218282355
0.9590406541150254,1.0427086648613146,0.018956067167690008,2.225847499353793
0.959049925851968,1.0426985843428893,0.020445739373258467,2.3428584702299364
0.9590591977681853,1.0426885038244642,0.022227713658228523,2.472925452245155
0.9590684698636825,1.042678423306039,0.0243080059711717,2.614325185783853
0.9590777421384651,1.042668342787614,0.026690370999412138,2.7653480028544193
0.9590870145925383,1.0426582622691887,0.029376284675098733,2.9243604310656375
0.959096287225907,1.0426481817507636,0.03236496284572175,3.0898411432031425
0.9591055600385765,1.0426381012323385,0.03565340932057826,3.2603973026658672
0.9591148330305521,1.0426280207139134,0.03923648576728186,3.4347676620614918
0.9591241062018391,1.042617940195488,0.04310699593696254,3.61181732489271
0.9591333795524424,1.042607859677063,0.04725577740675215,3.790527638968245
0.9591426530823673,1.0425977791586378,0.051671795332434586,3.969983549644058
0.9591519267916192,1.0425876986402127,0.05634223446429765,4.149359943289651
0.959161200680203,1.0425776181217876,0.06125258771942368,4.327907995413377
0.9591704747481243,1.0425675376033623,0.06638674173053355,4.504942219926646
0.9591797489953879,1.0425574570849372,0.07172706183771281,4.679828723842313
0.9591890234219992,1.042547376566512,0.07725448077377461,4.851975051020459
0.9591982980279633,1.042537296048087,0.0829485966677681,5.020821913657377
0.9592075728132857,1.0425272155296617,0.08878778684629934,5.185837039154499
0.9592168477779712,1.0425171350112366,0.09474934413473918,5.346511289281694
0.9592261229220252,1.0425070544928114,0.1008096419229845,5.502357132488102
0.9592353982454529,1.0424969739743863,0.10694433312415992,5.652909465744041
0.9592446737482596,1.042486893455961,0.11312858637740227,5.79772869080025
0.9592539494304503,1.042476812937536,0.11933736049677963,5.936405853588504
0.9592632252920301,1.0424667324191108,0.1255457153945502,6.0685695593709115
0.9592725013330046,1.0424566519006857,0.1317291546865673,6.1938942856335695
0.9592817775533786,1.0424465713822606,0.13786399215766193,6.312109636034815
0.959291053953158,1.0424364908638353,0.14392773145790688,6.423010017858332
0.9593003305323471,1.0424264103454102,0.14989944607698305,6.526464187936831
0.9593096072909515,1.042416329826985,0.1557601450281584,6.622424101910982
0.9593188842289765,1.04240624930856,0.16149310891536856,6.710932520229913
0.9593281613464274,1.0423961687901346,0.1670841812992318,6.792128871601627
0.959337438643309,1.0423860882717095,0.17252200147734917,6.866252946350149
0.9593467161196267,1.0423760077532844,0.1777981669048606,6.933646083303099
0.9593559937753858,1.0423659272348593,0.182907316319275,6.994749617061016
0.9593652716105917,1.042355846716434,0.18784712796051245,7.050100459590832
0.9593745496252492,1.042345766198009,0.19261823083072457,7.10032379389544
0.9593838278193635,1.0423356856795838,0.19722403044301606,7.146122951900306
0.95939310619294,1.0423256051611587,0.20167045370430625,7.188266629849322
0.9594023847459842,1.0423155246427334,0.20596562030864599,7.227573662044969
0.9594116634785007,1.0423054441243083,0.21011945013704786,7.264895629169988
0.9594209423904949,1.0422953636058832,0.21414321766124866,7.30109762527986
0.9594302214819722,1.042285283087458,0.21804906526851037,7.33703755350496
0.9594395007529379,1.0422752025690327,0.22184948787793152,7.37354437011736
0.9594487802033969,1.0422651220506076,0.22555680134931505,7.411395754447075
0.9594580598333543,1.0422550415321825,0.22918260717318048,7.451295749870457
0.9594673396428157,1.0422449610137574,0.23273726591811075,7.4938529967676795
0.9594766196317861,1.0422348804953323,0.23622939202884427,7.539560255947284
0.959485899800271,1.042224799976907,0.23966538287458622,7.588775990768759
0.9594951801482751,1.0422147194584819,0.24304899542425465,7.641708825187246
0.9595044606758037,1.0422046389400568,0.24638098448714207,7.698405709515817
0.9595137413828624,1.0421945584216317,0.24965881690968814,7.7587445924681395
0.9595230222694564,1.0421844779032063,0.25287647622145976,7.822432306905311
0.9595323033355904,1.0421743973847812,0.2560243716604645,7.889008221669377
0.9595415845812699,1.0421643168663561,0.25908936396950644,7.95785399294743
0.9595508660065001,1.042154236347931,0.26205491755863164,8.028209471982507
0.9595601476112865,1.0421441558295057,0.2649013843966942,8.099194504429159
0.9595694293956337,1.0421340753110806,0.2676064192958393,8.169836008946097
0.9595787113595473,1.0421239947926555,0.2701455192841873,8.239099373147702
0.9595879935030326,1.0421139142742304,0.2724926719296054,8.305922881856404
0.9595972758260944,1.0421038337558053,0.2746210894527702,8.369253626467001
0.9596065583287386,1.04209375323738,0.27650399806032405,8.428083164631357
0.9596158410109698,1.0420836727189549,0.27811544605845145,8.48148113189552
0.9596251238727932,1.0420735922005298,0.2794310908127711,8.528625067947424
0.9596344069142144,1.0420635116821046,0.28042892415298215,8.568824914268685
0.9596436901352385,1.0420534311636793,0.28108989869247786,8.601540956795336
0.9596529735358705,1.0420433506452542,0.2813984236546591,8.626394401399962
0.9596622571161157,1.0420332701268291,0.28134270762701374,8.64317024323901
0.9596715408759795,1.042023189608404,0.2809149363452589,8.651812577828284
0.959680824815467,1.0420131090899787,0.28011128500644544,8.652412954458473
0.9596901089345833,1.0420030285715536,0.2789317755784416,8.64519275001759
0.9596993932333338,1.0419929480531285,0.2773799990579289,8.630480812816378
0.9597086777117234,1.0419828675347034,0.2754627298517324,8.60868777630939
0.9597179623697578,1.041972787016278,0.2731894639898866,8.580278472100419
0.9597272472074417,1.041962706497853,0.27057191465719976,8.54574379466575
0.9597365322247807,1.0419526259794278,0.2676234978097114,8.5055732115435
0.9597458174217798,1.0419425454610027,0.2643588379279007,8.460228902947668
0.9597551027984444,1.0419324649425774,0.26079331986080995,8.410122285155058
0.9597643883547795,1.0419223844241523,0.256942707873698,8.355593451199724
0.9597736740907904,1.0419123039057272,0.2528228480010627,8.296893873838828
0.9597829600064823,1.041902223387302,0.24844946506044732,8.234172575774657
0.9597922461018605,1.041892142868877,0.24383806147528503,8.167465890776782
0.9598015323769303,1.0418820623504517,0.23900392150566235,8.096690920444825
0.9598108188316966,1.0418719818320266,0.23396222155135313,8.021642833762428
0.9598201054661649,1.0418619013136015,0.2287282446928799,7.941996254899353
0.9598293922803401,1.0418518207951764,0.22331769532420498,7.857311130493836
0.9598386792742281,1.041841740276751,0.2177471072432975,7.767043648360539
0.9598479664478332,1.041831659758326,0.21203433555570542,7.670562979234103
0.9598572538011612,1.0418215792399008,0.2061991188259888,7.56717480987071
0.9598665413342171,1.0418114987214757,0.20026369279825681,7.456152801380071
0.9598758290470064,1.0418014182030504,0.19425343047147978,7.336779202484408
0.9598851169395339,1.0417913376846253,0.18819747540817325,7.208395825418843
0.959894405011805,1.0417812571662002,0.1821293261439936,7.070466389984958
0.9599036932638251,1.041771176647775,0.1760873201994584,6.922650784388508
0.9599129816955991,1.04176109612935,0.17011495763509427,6.764890990259543
0.9599222703071327,1.0417510156109246,0.16426099810391148,6.597507172644365
0.9599315590984305,1.0417409350924995,0.15857926408724882,6.421300629942884
0.9599408480694981,1.0417308545740744,0.1531280888743879,6.237657814613319
0.9599501372203406,1.0417207740556493,0.14796936306382483,6.048646363652704
0.9599594265509634,1.041710693537224,0.14316715930412438,5.85708997074333
0.9599687160613715,1.041700613018799,0.13878595150657705,5.6666041370964635
0.9599780057515701,1.0416905325003738,0.13488848949918245,5.481569984308683
0.9599872956215646,1.0416804519819487,0.13153343818745927,5.307020000165558
0.9599965856713603,1.0416703714635234,0.1287729346138368,5.14841095970139
0.960005875900962,1.0416602909450983,0.12665024852655937,5.011270081700129
0.9600151663103752,1.0416502104266732,0.12519774432927455,4.900725496408803
0.9600244568996051,1.041640129908248,0.12443532932186104,4.820971543676916
0.9600337476686572,1.0416300493898227,0.12436953405667157,4.774762852300687
0.9600430386175361,1.0416199688713976,0.12499330975650612,4.76305587255843
0.9600523297462474,1.0416098883529725,0.12628655410648845,4.784898508950983
0.9600616210547964,1.0415998078345474,0.12821730219543132,4.837603445239594
0.9600709125431883,1.041589727316122,0.13074345585972913,4.91715584681558
0.960080204211428,1.041579646797697,0.13381488144702652,5.018744281584796
0.960089496059521,1.0415695662792719,0.1373756877862103,5.137291614815034
0.9600987880874724,1.0415594857608468,0.14136650257109706,5.267894392493311
0.9601080802952876,1.0415494052424217,0.1457265918117208,5.406128364890805
0.9601173726829718,1.0415393247239964,0.15039570627033266,5.548219846205383
0.96012666525053,1.0415292442055712,0.15531558303107457,5.6911069619440795
0.9601359579979675,1.0415191636871461,0.16043107275264687,5.8324228534135125
0.9601452509252896,1.041509083168721,0.1656908988729216,5.97043078445441
0.9601545440325018,1.0414990026502957,0.1710480815691191,6.1039346738157
0.9601638373196086,1.0414889221318706,0.17646007610467299,6.232181522957707
0.9601731307866158,1.0414788416134455,0.18188868330673705,6.354766205626725
0.9601824244335285,1.0414687610950204,0.1872997910748369,6.471544593646583
0.9601917182603521,1.041458680576595,0.19266300211356577,6.582557905374835
0.9602010122670914,1.04144860005817,0.19795119639640185,6.687969181192904
0.9602103064537518,1.0414385195397449,0.20314006882062025,6.788011607592826
0.9602196008203386,1.0414284390213198,0.2082076742054623,6.8829477717556875
0.960228895366857,1.0414183585028947,0.2131340039768318,6.9730386409049725
0.9602381900933125,1.0414082779844693,0.2179006119366034,7.058520988049455
0.9602474849997097,1.0413981974660442,0.2224903005604848,7.139592034060276
0.9602567800860542,1.0413881169476191,0.2268868742844787,7.216400182939761
0.9602660753523512,1.041378036429194,0.23107496206663053,7.289040851812046
0.9602753707986063,1.0413679559107687,0.23503990803150035,7.357556515804139
0.9602846664248239,1.0413578753923436,0.23876772604321087,7.4219401868974755
0.9602939622310098,1.0413477948739185,0.24224511151780773,7.482141620014011
0.9603032582171691,1.0413377143554934,0.24545950162235808,7.53807558954939
0.9603125543833072,1.041327633837068,0.2483991732168512,7.589631609657573
0.960321850729429,1.041317553318643,0.251053366522971,7.63668448902009
0.9603311472555398,1.0413074728002178,0.2534124216338478,7.679105124137915
0.960340443961645,1.0412973922817927,0.2554679147070268,7.716770953351861
0.9603497408477498,1.0412873117633674,0.25721278108315637,7.749575524896337
0.9603590379138593,1.0412772312449423,0.258641413702668,7.777436682865464
0.9603683351599788,1.0412671507265172,0.25974972704351457,7.800302948771611
0.9603776325861134,1.041257070208092,0.26053517929330866,7.818157773883994
0.9603869301922687,1.0412469896896668,0.26099674847943766,7.831021456239612
0.9603962279784496,1.0412369091712417,0.2611348615905327,7.838950649848064
0.9604055259446612,1.0412268286528166,0.26095127910371324,7.842035534000404
0.9604148240909091,1.0412167481343915,0.26044894052691353,7.8403948477423775
0.9604241224171983,1.0412066676159664,0.25963177932673503,7.834169118411154
0.9604334209235343,1.041196587097541,0.25850451774023914,7.823512514556521
0.960442719609922,1.041186506579116,0.2570724533226343,7.808583825550339
0.9604520184763666,1.0411764260606908,0.2553412495927053,7.789537108499227
0.9604613175228736,1.0411663455422657,0.25331674281146355,7.766512546537057
0.9604706167494482,1.0411562650238404,0.2510047758348027,7.739628032928101
0.9604799161560955,1.0411461845054153,0.24841106825307288,7.708971937141098
0.9604892157428206,1.0411361039869902,0.2455411298046491,7.674597427799725
0.9604985155096291,1.041126023468565,0.24240022152473972,7.636518630627831
0.9605078154565261,1.0411159429501398,0.23899336639406538,7.59470879365523
0.9605171155835166,1.0411058624317147,0.2353254085680348,7.54910052405895
0.960526415890606,1.0410957819132896,0.23140111770193286,7.4995880564007775
0.9605357163777996,1.0410857013948644,0.22722533255995048,7.446031415199795
0.9605450170451024,1.0410756208764393,0.22280313608329955,7.388262249000184
0.9605543178925201,1.041065540358014,0.21814005247768295,7.326091040834069
0.9605636189200574,1.041055459839589,0.2132422557101509,7.25931534265159
0.9605729201277198,1.0410453793211638,0.20811677813446117,7.1877286401392215
0.9605822215155124,1.0410352988027387,0.20277170783604412,7.111129430306676
0.9605915230834408,1.0410252182843134,0.19721636371351925,7.029330087750003
0.9606008248315098,1.0410151377658883,0.19146143831446347,6.942165107308942
0.9606101267597247,1.0410050572474632,0.185519099984502,6.849498340924626
0.9606194288680908,1.040994976729038,0.17940304792494274,6.751228894401258
0.9606287311566136,1.0409848962106127,0.1731285161908394,6.6472954144377105
0.9606380336252979,1.0409748156921876,0.16671222536778946,6.537678575184986
0.9606473362741491,1.0409647351737625,0.16017228348850496,6.4224016637009305
0.9606566391031724,1.0409546546553374,0.15352804051092508,6.301529260576542
0.9606659421123734,1.040944574136912,0.1467999031775368,6.175164110435927
0.9606752453017569,1.040934493618487,0.14000911915599681,6.043442371740109
0.960684548671328,1.040924413100062,0.13317754085886166,5.906527520579136
0.9606938522210924,1.0409143325816368,0.1263273801608203,5.764603254184968
0.9607031559510553,1.0409042520632115,0.11948096531979828,5.617865792752091
0.9607124598612216,1.0408941715447864,0.1126605107770793,5.466516010362077
0.9607217639515966,1.0408840910263613,0.10588790921180055,5.310751836165666
0.9607310682221857,1.0408740105079362,0.09918455337997899,5.150761356208062
0.9607403726729941,1.040863929989511,0.09257119300962353,4.986717015912086
0.960749677304027,1.0408538494710857,0.08606782951226614,4.818771275951427
0.9607589821152898,1.0408437689526606,0.07969364868216285,4.64705401348943
0.9607682871067873,1.0408336884342355,0.07346698902324632,4.471671889347297
0.9607775922785251,1.0408236079158104,0.06740534103215635,4.292709823307107
0.9607868976305086,1.040813527397385,0.06152537076414554,4.11023463661273
0.9607962031627426,1.04080344687896,0.05584295942978145,3.9243008356581206
0.9608055088752325,1.0407933663605349,0.050373249674315786,3.7349584259920903
0.9608148147679836,1.0407832858421098,0.04513068864705466,3.542262564414139
0.9608241208410012,1.0407732053236844,0.04012905800708045,3.3462847832756277
0.9608334270942904,1.0407631248052593,0.03538148168317845,3.147125463275831
0.9608427335278564,1.0407530442868342,0.03090040351191247,2.9449272015016814
0.9608520401417046,1.0407429637684091,0.026697528837473717,2.739888743596456
0.96086134693584,1.040732883249984,0.02278372670578465,2.532279261537326
0.9608706539102684,1.0407228027315587,0.019168892368818212,2.3224530359188456
0.9608799610649943,1.0407127222131336,0.01586177326922766,2.110865186191874
0.9608892684000233,1.0407026416947085,0.012869765299529481,1.898090283987185
0.9608985759153605,1.0406925611762834,0.010198689647727957,1.6848481600058987
0.9609078836110116,1.040682480657858,0.007852563615331662,1.4720466249664639
0.9609171914869814,1.040672400139433,0.005833381089827407,1.2608635514115187
0.9609264995432751,1.0406623196210079,0.004140919528179137,1.0529235267984565
0.9609358077798981,1.0406522391025828,0.0027725901203441584,0.8507178521666804
0.9609451161968559,1.0406421585841574,0.0017233461141554396,0.6587142841307733
0.960954424794153,1.0406320780657323,0.000985661140472756,0.48661211791976633
0.9609637335717953,1.0406219975473072,0.0005495849937326255,0.35872325103023966
0.9609730425297879,1.0406119170288821,0.0004028790934352704,0.32353807645825566
0.9609823516681361,1.0406018365104568,0.0005312282872589299,0.39852602159266204
0.9609916609868447,1.0405917559920317,0.0009185203311307498,0.5332157408824968
0.9610009704859195,1.0405816754736066,0.0015471798377689131,0.6882969496702578
0.9610102801653653,1.0405715949551815,0.0023985401626054406,0.8481519317102316
0.9610195900251879,1.0405615144367562,0.0034532348649959615,1.0066276604481679
0.9610289000653919,1.040551433918331,0.004691590121281502,1.1609859415805812
0.9610382102859828,1.040541353399906,0.006094000659083089,1.3099051599073017
0.961047520686966,1.0405312728814808,0.0076412741575137885,1.452757853430345
0.9610568312683465,1.0405211923630557,0.009314932248035528,1.5893123468232113
0.96106614203013,1.0405111118446304,0.011097459845084241,1.7195918973538877
0.9610754529723211,1.0405010313262053,0.012972498150689352,1.8437986209584192
0.9610847640949254,1.0404909508077802,0.014924979995323872,1.962266446611567
0.961094075397948,1.040480870289355,0.016941208969283857,2.0754280838730854
0.9611033868813945,1.0404707897709298,0.019008885946351948,2.183789240212698
0.9611126985452697,1.0404607092525047,0.021117088069756765,2.28790684731476
0.961122010389579,1.0404506287340796,0.023256206108064618,2.3883696394635074
0.9611313224143276,1.0404405482156545,0.02541784640003028,2.485780167587732
0.9611406346195212,1.0404304676972291,0.0275947035243614,2.580737693602695
0.9611499470051643,1.040420387178804,0.029780409505215592,2.673821602545646
0.9611592595712626,1.040410306660379,0.03196936494735871,2.7655750962952284
0.9611685723178212,1.0404002261419538,0.034156557114960656,2.8564890433861447
0.9611778852448454,1.0403901456235287,0.036337369752060374,2.9469859812672246
0.9611871983523406,1.0403800651051034,0.03850738946874331,3.0374044120598587
0.9611965116403117,1.0403699845866783,0.04066221384297711,3.1279837037875864
0.9612058251087642,1.0403599040682532,0.042797267022508655,3.2188501018709696
0.9612151387577031,1.040349823549828,0.044907629504976954,3.310004558819852
0.9612244525871342,1.0403397430314028,0.04698788981597528,3.401313284584813
0.9612337665970622,1.0403296625129776,0.049032026804329894,3.4925020790771133
0.9612430807874924,1.0403195819945525,0.05103333196406795,3.583155597794836
0.9612523951584302,1.0403095014761274,0.052984381243804994,3.6727226825986636
0.961261709709881,1.0402994209577021,0.05487706486213925,3.760528723799677
0.9612710244418498,1.040289340439277,0.05670268139548613,3.8457956768103543
0.9612803393543418,1.040279259920852,0.0584520986466231,3.9276698249168183
0.9612896544473623,1.0402691794024268,0.06011597857557585,4.005256678183381
0.9612989697209169,1.0402590988840015,0.061685057228121544,4.07766158476138
0.9613082851750103,1.0402490183655764,0.06315046381740103,4.144033802913002
0.961317600809648,1.0402389378471513,0.06450405690671145,4.203611070751783
0.9613269166248353,1.0402288573287262,0.06573875114984404,4.255761257180521
0.9613362326205775,1.0402187768103008,0.06684880633083613,4.3000176031875945
0.9613455487968796,1.0402086962918757,0.06783005221048946,4.336104435642417
0.9613548651537471,1.0401986157734506,0.06868002802746684,4.363951044340674
0.9613641816911851,1.0401885352550255,0.06939802383017271,4.383692559197125
0.9613734984091988,1.0401784547366004,0.06998502090754892,4.3956579774095825
0.9613828153077938,1.040168374218175,0.0704435388741786,4.4003467646466925
0.961392132386975,1.04015829369975,0.07077740584895405,4.398396493868158
0.9614014496467476,1.0401482131813249,0.07099147442338788,4.39054464909646
0.961410767087117,1.0401381326628998,0.07109130907541777,4.377587946951344
0.9614200847080888,1.0401280521444745,0.07108287036803848,4.360342338922707
0.9614294025096676,1.0401179716260494,0.07097221822874496,4.33960634148439
0.961438720491859,1.0401078911076242,0.07076525175620928,4.316129627202474
0.9614480386546681,1.0400978105891991,0.07046749734142117,4.290588030974966
0.9614573569981005,1.0400877300707738,0.07008395133035535,4.263565395479978
0.961466675522161,1.0400776495523487,0.06961897863330184,4.235542076862724
0.9614759942268551,1.0400675690339236,0.06907626498218362,4.206889496232676
0.961485313112188,1.0400574885154985,0.06845881803263354,4.177869859935327
0.961494632178165,1.0400474079970734,0.06776901112404927,4.148640064047685
0.9615039514247915,1.040037327478648,0.06700866301293534,4.119258812977349
0.9615132708520724,1.040027246960223,0.06617914702743889,4.089696081447309
0.961522590460013,1.0400171664417979,0.06528152358772797,4.059844197817834
0.9615319102486187,1.0400070859233728,0.0643166906775829,4.029529994772696
0.9615412302178951,1.0399970054049474,0.06328554746372546,3.9985276380813457
0.9615505503678468,1.0399869248865223,0.06218916672888887,3.9665718899853752
0.9615598706984791,1.0399768443680972,0.061028972051095635,3.933371681473782
0.9615691912097978,1.0399667638496721,0.0598069157066616,3.898623952843512
0.9615785119018079,1.0399566833312468,0.05852565311529583,3.862027773562457
0.9615878327745144,1.0399466028128217,0.05718870933861232,3.82329877223626
0.9615971538279229,1.0399365222943966,0.05580063275011099,3.782183898046537
0.9616064750620383,1.0399264417759715,0.05436713061445529,3.7384765003390226
0.9616157964768665,1.0399163612575462,0.052895181038145216,3.692031656817611
0.9616251180724119,1.039906280739121,0.05139311568843471,3.6427816068777505
0.9616344398486802,1.039896200220696,0.0498706679091164,3.5907510578268957
0.9616437618056768,1.0398861197022709,0.04833898147722826,3.5360720303236226
0.9616530839434069,1.0398760391838455,0.04681057626874275,3.4789977948294117
0.9616624062618754,1.0398659586654204,0.04529926855629762,3.419915322038365
0.9616717287610878,1.0398558781469953,0.043820045484227896,3.3593555230515406
0.9616810514410493,1.0398457976285702,0.04238889537055538,3.298000386528808
0.9616903743017653,1.039835717110145,0.04102259771508752,3.236685930156241
0.9616996973432411,1.0398256365917198,0.03973847897494932,3.1763996840797786
0.9617090205654818,1.0398155560732947,0.038554142102416394,3.1182712466415015
0.9617183439684925,1.0398054755548696,0.03748717933320007,3.063554363202189
0.9617276675522787,1.0397953950364445,0.03655487861608909,3.0135990847263945
0.9617369913168459,1.0397853145180191,0.03577393427798804,2.969813008451128
0.9617463152621987,1.039775233999594,0.035160172000819154,2.9336115377862098
0.9617556393883427,1.039765153481169,0.034728296991533014,2.9063586038323366
0.9617649636952833,1.0397550729627438,0.03449167247687674,2.8893012754832257
0.9617742881830258,1.0397449924443185,0.034462133527808934,2.883503791469108
0.9617836128515751,1.0397349119258934,0.03464983892363892,2.889788150672137
0.9617929377009367,1.0397248314074683,0.03506316151869842,2.908688772937902
0.9618022627311157,1.0397147508890432,0.03570861557349698,2.94042739906228
0.9618115879421175,1.039704670370618,0.03659081791062057,2.9849114095292153
0.9618209133339475,1.0396945898521928,0.03771247865395275,3.041754849806161
0.9618302389066107,1.0396845093337677,0.03907441675274362,3.1103178015771826
0.9618395646601123,1.0396744288153426,0.04067559546087756,3.189757370989255
0.9618488905944578,1.0396643482969175,0.04251317337132943,3.2790829609697676
0.9618582167096525,1.0396542677784921,0.044582567400894446,3.3772094710211347
0.9618675430057014,1.039644187260067,0.046877525148226025,3.4830039920648295
0.9618768694826099,1.039634106741642,0.049390205188193745,3.5953237140656493
0.9618861961403832,1.0396240262232168,0.05211126497287891,3.713044601506486
0.9618955229790268,1.0396139457047915,0.05502995697776147,3.835081661145629
0.9619048499985456,1.0396038651863664,0.05813423445311622,3.9604023093837624
0.961914177198945,1.0395937846679413,0.061410868545738406,4.088034560329696
0.9619235045802303,1.0395837041495162,0.06484557859294149,4.217071658441872
0.9619328321424071,1.0395736236310908,0.06842317705489666,4.346674514502392
0.96194215988548,1.0395635431126657,0.0721277298530015,4.476072974572611
0.9619514878094546,1.0395534625942406,0.07594273187870056,4.604566623976403
0.9619608159143361,1.0395433820758155,0.07985129620477213,4.731525537068228
0.9619701442001302,1.0395333015573902,0.08383635418563808,4.856391144046445
0.9619794726668414,1.039523221038965,0.08788086227877337,4.9786772014105845
0.9619888013144753,1.03951314052054,0.09196801020419387,5.0979707213333505
0.9619981301430373,1.039503060002115,0.09608142408857935,5.21393263192112
0.9620074591525325,1.0394929794836898,0.10020535762188439,5.326297899321048
0.9620167883429664,1.0394828989652645,0.10432486406847892,5.434874837927736
0.962026117714344,1.0394728184468394,0.10842594224548387,5.539543359619326
0.9620354472666706,1.0394627379284143,0.11249565031602336,5.640251960798788
0.9620447769999515,1.0394526574099892,0.11652218238579448,5.737013309981111
0.9620541069141922,1.0394425768915638,0.12049490438074373,5.829898372853325
0.9620634370093976,1.0394324963731387,0.12440434738978023,5.919029089440574
0.962072767285573,1.0394224158547136,0.12824215850222762,6.004569695108606
0.9620820977427239,1.0394123353362885,0.1320010110003265,6.086716848367112
0.9620914283808556,1.0394022548178632,0.1356744775253087,6.165688792155852
0.962100759199973,1.039392174299438,0.13925687140114124,6.241713828677649
0.9621100902000815,1.039382093781013,0.14274306264766815,6.315018430953556
0.9621194213811866,1.0393720132625879,0.14612827628347902,6.385815346379943
0.9621287527432932,1.0393619327441628,0.14940788132373722,6.454292069479149
0.9621380842864072,1.0393518522257374,0.1525771793933649,6.520600072422463
0.9621474160105331,1.0393417717073123,0.1556312021221856,6.5848451827750925
0.9621567479156766,1.0393316911888872,0.15856452646214023,6.647079487409837
0.9621660800018428,1.0393216106704621,0.16137111675775506,6.707295118064578
0.9621754122690372,1.0393115301520368,0.164044201799704,6.76542023585663
0.9621847447172649,1.0393014496336117,0.16657619415966643,6.821317476930419
0.9621940773465311,1.0392913691151866,0.16895865781689337,6.8747850476854815
0.9622034101568411,1.0392812885967615,0.17118232840997283,6.92556056477693
0.9622127431482004,1.0392712080783362,0.17323718837917393,6.973327623253847
0.9622220763206139,1.039261127559911,0.17511259682638364,7.017724948563946
0.962231409674087,1.039251047041486,0.1767974711809511,7.058357850233053
0.9622407432086252,1.0392409665230609,0.17828051484862417,7.09481155484241
0.9622500769242336,1.0392308860046355,0.17955048212257774,7.126665864098742
0.9622594108209174,1.0392208054862104,0.18059646896797357,7.153510471851803
0.9622687448986819,1.0392107249677853,0.18140821612278202,7.174960194500154
0.9622780791575323,1.0392006444493602,0.18197640953034255,7.190669332952868
0.9622874135974742,1.039190563930935,0.18229296265153494,7.200344399347119
0.9622967482185124,1.0391804834125098,0.18235126583203326,7.203754511331732
0.9623060830206526,1.0391704028940847,0.18214638965675625,7.200738878995258
0.9623154180038996,1.0391603223756596,0.18167523202058167,7.191210976344402
0.9623247531682592,1.0391502418572345,0.1809366022699909,7.175159187532872
0.9623340885137365,1.0391401613388092,0.17993123992477236,7.15264393098755
0.9623434240403365,1.039130080820384,0.17866176979691017,7.12379147353496
0.9623527597480647,1.039120000301959,0.17713259940809373,7.088784834070607
0.9623620956369263,1.0391099197835338,0.1753497681303683,7.04785232775169
0.9623714317069268,1.0390998392651085,0.17332076015704728,7.001254407274582
0.962380767958071,1.0390897587466834,0.17105429511167045,6.949269513900697
0.9623901043903647,1.0390796782282583,0.16856011075874802,6.89217965908977
0.9623994410038127,1.0390695977098332,0.1658487519661009,6.830256424893311
0.9624087777984207,1.0390595171914079,0.1629313789183984,6.763748007786218
0.9624181147741937,1.0390494366729828,0.15981960579231372,6.692867848463084
0.9624274519311369,1.0390393561545577,0.1565253788815939,6.617785301266367
0.9624367892692558,1.0390292756361326,0.15306090071030326,6.538618712328792
0.9624461267885556,1.0390191951177075,0.1494386041351814,6.455431202944219
0.9624554644890416,1.0390091145992821,0.14567117794756373,6.368229399933843
0.962464802370719,1.038999034080857,0.14177164307817464,6.276965319247085
0.962474140433593,1.038988953562432,0.13775347620280315,6.181541591696265
0.962483478677669,1.0389788730440068,0.13363077532085094,6.081820216400486
0.9624928171029525,1.0389687925255815,0.12941845967477555,5.977635031061922
0.9625021557094484,1.0389587120071564,0.12513249417305283,5.868808090046501
0.962511494497162,1.0389486314887313,0.12079012623154071,5.755170129803588
0.9625208334660987,1.0389385509703062,0.11641012070674975,5.636585264197592
0.962530172616264,1.0389284704518809,0.11201297642726715,5.512979974875729
0.9625395119476626,1.0389183899334558,0.10762110592364872,5.38437632778761
0.9625488514603002,1.0389083094150307,0.10325895854855485,5.250929137177178
0.9625581911541821,1.0388982288966055,0.09895306660851906,5.11296649001971
0.9625675310293135,1.0388881483781802,0.09473199476984322,4.9710326080998195
0.9625768710856994,1.0388780678597551,0.0906261752423572,4.825931424124678
0.9625862113233454,1.03886798734133,0.08666761540887527,4.6787684347334935
0.9625955517422566,1.038857906822905,0.08288947084744974,4.530987312943105
0.9626048923424386,1.0388478263044796,0.07932548500949049,4.384396371611653
0.9626142331238964,1.0388377457860545,0.0760093068232172,4.241178284377031
0.9626235740866351,1.0388276652676294,0.0729737084418217,4.103874662792581
0.9626329152306603,1.0388175847492043,0.07024973620021549,3.9753356469810255
0.9626422565559771,1.0388075042307792,0.0678658372621956,3.8586245805368145
0.9626515980625912,1.0387974237123538,0.0658470110680777,3.7568706606411464
0.9626609397505071,1.0387873431939287,0.06421403730927011,3.673069927295342
0.9626702816197307,1.0387772626755036,0.06298282996566358,3.609847882333333
0.9626796236702669,1.0387671821570785,0.06216395975181059,3.5692134563834084
0.9626889659021215,1.0387571016386532,0.061762375664167014,3.5523480042243527
0.9626983083152992,1.038747021120228,0.0617773414163765,3.559475999833378
0.9627076509098056,1.038736940601803,0.06220258611856012,3.5898502543217847
0.9627169936856458,1.038726860083378,0.06302665254717192,3.6418563885967283
0.9627263366428254,1.0387167795649526,0.06423341259006621,3.7132105483925493
0.9627356797813493,1.0387066990465275,0.06580270937222035,3.8012045362741205
0.9627450231012229,1.0386966185281024,0.06771107997506412,3.9029503177622376
0.9627543666024515,1.0386865380096773,0.06993251169609949,4.015588030124598
0.9627637102850405,1.0386764574912521,0.07243918797401948,4.136439479425786
0.9627730541489952,1.0386663769728268,0.07520218649959212,4.263104819471626
0.9627823981943205,1.0386562964544017,0.07819210049114286,4.393509984490952
0.9627917424210221,1.0386462159359766,0.0813795634463388,4.525916549359772
0.9628010868291049,1.0386361354175515,0.08473566687100441,4.658905840330321
0.9628104314185748,1.0386260548991262,0.08823226874356468,4.791347283679241
0.9628197761894364,1.038615974380701,0.09184219732606393,4.922358553180824
0.9628291211416953,1.038605893862276,0.0955393601579261,5.051262807522949
0.9628384662753566,1.0385958133438509,0.09929877168824874,5.177546485332264
0.9628478115904261,1.0385857328254255,0.10309651517481451,5.300819786611706
0.9628571570869086,1.0385756523070004,0.10690965544904912,5.4207810463238175
0.9628665027648092,1.0385655717885753,0.11071611919250764,5.537185602032839
0.9628758486241337,1.0385554912701502,0.1144945587302337,5.649819382086589
0.9628851946648871,1.0385454107517251,0.11822421423866292,5.758477221399256
0.9628945408870749,1.0385353302332998,0.12188478781767166,5.86294579268664
0.9629038872907021,1.0385252497148747,0.12545634118040844,5.962990981996989
0.9629132338757741,1.0385151691964496,0.12891922680591666,6.058349509301871
0.9629225806422964,1.0385050886780243,0.13225406026603,6.148724576705532
0.9629319275902739,1.0384950081595992,0.13544173907740525,6.23378530446801
0.962941274719712,1.038484927641174,0.1384635108260481,6.313169679242035
0.962950622030616,1.038474847122749,0.14130109047081818,6.386490685114606
0.9629599695229913,1.0384647666043239,0.14393682373403935,6.453345216562333
0.9629693171968433,1.0384546860858985,0.14635389042559155,6.513325287033533
0.962978665052177,1.0384446055674734,0.14853653859720556,6.566030955301381
0.9629880130889976,1.0384345250490483,0.15047033780407004,6.61108430491088
0.9629973613073107,1.0384244445306232,0.15214243769544053,6.648143742017502
0.9630067097071217,1.0384143640121979,0.15354181691192773,6.676917836733357
0.9630160582884353,1.0384042834937728,0.15465950703135092,6.697177933596797
0.9630254070512572,1.0383942029753477,0.15548877718839713,6.708768805314924
0.9630347559955926,1.0383841224569226,0.1560252670337136,6.711616723647106
0.963044105121447,1.0383740419384972,0.15626705876132285,6.705734468155274
0.9630534544288253,1.0383639614200721,0.15621468279707695,6.691222978559622
0.963062803917733,1.038353880901647,0.15587105607901092,6.668269565243061
0.9630721535881753,1.038343800383222,0.1552413562596256,6.637142807009502
0.9630815034401576,1.0383337198647968,0.15433283923403465,6.5981844672176075
0.9630908534736854,1.0383236393463715,0.15315461077319578,6.551798931625623
0.9631002036887634,1.0383135588279464,0.15171736544697362,6.498440800397271
0.9631095540853972,1.0383034783095213,0.15003310730438388,6.4386013446667265
0.9631189046635922,1.0382933977910962,0.14811486690410425,6.372794562638693
0.9631282554233538,1.0382833172726709,0.14597642835809901,6.301543544737409
0.9631376063646868,1.0382732367542458,0.1436320782370987,6.22536778944277
0.9631469574875967,1.0382631562358207,0.14109638574176053,6.144772011867537
0.963156308792089,1.0382530757173956,0.13838402072730357,6.060236867454551
0.963165660278169,1.0382429951989702,0.13550961323666622,5.972211884681932
0.9631750119458417,1.0382329146805451,0.13248765536104026,5.881110772842159
0.9631843637951123,1.03822283416212,0.12933244368253582,5.787309151205152
0.9631937158259865,1.038212753643695,0.12605805836373896,5.6911446385437605
0.9632030680384693,1.0382026731252698,0.12267837320411765,5.592919149394272
0.9632124204325664,1.0381925926068445,0.11920708970293599,5.492903165647165
0.9632217730082825,1.0381825120884194,0.11565778734895832,5.391341687953754
0.9632311257656232,1.0381724315699943,0.11204398196955527,5.288461518966945
0.9632404787045937,1.0381623510515692,0.10837918400061958,5.184479487990674
0.9632498318251996,1.0381522705331439,0.10467694893684647,5.079611192332189
0.9632591851274458,1.0381421900147187,0.10095091296900706,4.974079804088001
0.9632685386113377,1.0381321094962936,0.09721480788025189,4.8681244726111
0.9632778922768807,1.0381220289778685,0.09348245062673281,4.762007844134436
0.9632872461240801,1.0381119484594432,0.08976770461573473,4.656022223224361
0.9632966001529409,1.038101867941018,0.08608441148029912,4.55049391996053
0.9633059543634687,1.038091787422593,0.08244629404262321,4.4457853655808615
0.9633153087556686,1.038081706904168,0.07886683308245038,4.342294642674141
0.9633246633295462,1.0380716263857426,0.07535912236237374,4.240452167508944
0.9633340180851064,1.0380615458673175,0.07193570800076632,4.140714385293105
0.9633433730223547,1.0380514653488924,0.06860841960389963,4.0435544951574185
0.9633527281412965,1.0380413848304673,0.06538820147002171,3.9494504089114177
0.963362083441937,1.038031304312042,0.06228495257222486,3.8588703596776144
0.9633714389242812,1.0380212237936168,0.059307383884262224,3.772256801820229
0.9633807945883348,1.0380111432751917,0.056462900914083694,3.69000946253553
0.9633901504341028,1.0380010627567666,0.053757518121801205,3.6124685930447247
0.9633995064615907,1.0379909822383415,0.05119581029297587,3.539899592452091
0.963408862670804,1.0379809017199162,0.048780904046704314,3.472480209606868
0.9634182190617474,1.037970821201491,0.04651451062588786,3.4102914437122576
0.9634275756344266,1.037960740683066,0.04439699908289355,3.3533130531450883
0.9634369323888468,1.0379506601646409,0.04242750708779448,3.301424255660395
0.9634462893250135,1.0379405796462156,0.04060408494903033,3.254409795898272
0.9634556464429316,1.0379304991277905,0.038923867133082386,3.2119711209835424
0.9634650037426066,1.0379204186093653,0.03738326464229796,3.1737420035153248
0.9634743612240438,1.0379103380909402,0.035978171062543064,3.1393076388650663
0.9634837188872487,1.037900257572515,0.03470417489693775,3.1082260575081913
0.9634930767322262,1.0378901770540898,0.03355677091617404,3.080050643765494
0.9635024347589818,1.0378800965356647,0.03253156361623303,3.0543526238528975
0.9635117929675208,1.0378700160172396,0.03162445641750323,3.030742542380495
0.9635211513578483,1.0378599354988145,0.030831820912635886,3.0088899424311077
0.9635305099299702,1.0378498549803892,0.03015064122246611,2.9885406559212373
0.9635398686838911,1.037839774461964,0.029578629326811528,2.9695312645960152
0.9635492276196166,1.037829693943539,0.029114308077095568,2.9518003878590195
0.9635585867371519,1.0378196134251139,0.02875705947419738,2.9353964879143195
0.9635679460365025,1.0378095329066885,0.028507136708113657,2.9204818656524867
0.9635773055176735,1.0377994523882634,0.028365639418978742,2.9073324752941994
0.9635866651806703,1.0377893718698383,0.028334452654299916,2.896333144880085
0.963596025025498,1.0377792913514132,0.0284161510619273,2.887967793540881
0.9636053850521624,1.037769210832988,0.028613870957238753,2.8828043284240743
0.9636147452606681,1.0377591303145628,0.028931154001443974,2.8814741230136054
0.963624105651021,1.0377490497961377,0.029371767279871296,2.884646347734142
0.963633466223226,1.0377389692777126,0.029939505511249635,2.8929979364933875
0.9636428269772888,1.0377288887592873,0.030637981885294856,2.907180579285464
0.9636521879132142,1.0377188082408622,0.03147041454850498,2.9277867324131814
0.9636615490310078,1.037708727722437,0.0324394159779309,2.9553170975239658
0.9636709103306749,1.037698647204012,0.03354679236364349,2.9901521954687302
0.9636802718122208,1.0376885666855866,0.03479335964685219,3.032530447854748
0.9636896334756507,1.0376784861671615,0.036178782053415244,3.082534561234287
0.9636989953209699,1.0376684056487364,0.037701437869126976,3.1400870763567297
0.9637083573481838,1.0376583251303113,0.03935831590015899,3.2049548781820922
0.9637177195572977,1.0376482446118862,0.04114494465103342,3.276761477773735
0.963727081948317,1.0376381640934609,0.043055354836160964,3.3550051592866956
0.9637364445212467,1.0376280835750358,0.045082074530639484,3.4390807352881914
0.9637458072760923,1.0376180030566107,0.0472161551534783,3.5283026729666673
0.963755170212859,1.0376079225381856,0.04944722563070022,3.621927663620861
0.9637645333315523,1.0375978420197602,0.05176357155705534,3.719175189935385
0.9637738966321773,1.0375877615013351,0.05415223596407348,3.8192451812860226
0.9637832601147394,1.03757768098291,0.056599138400535945,3.921332346222541
0.9637926237792437,1.037567600464485,0.05908920937956861,4.024637179131312
0.963801987625696,1.0375575199460596,0.0616065377863203,4.128373935291227
0.9638113516541011,1.0375474394276345,0.06413452948367909,4.231776058736661
0.9638207158644645,1.0375373589092094,0.06665607600888346,4.3340996471117865
0.9638300802567914,1.0375272783907843,0.06915373283799917,4.434625568150849
0.9638394448310873,1.0375171978723592,0.07160990712110278,4.5326608230307786
0.9638488095873575,1.0375071173539339,0.07400705498830858,4.627539698488005
0.9638581745256071,1.0374970368355088,0.07632788844959534,4.718625173904682
0.9638675396458415,1.0374869563170837,0.07855559152152887,4.805310958963021
0.9638769049480659,1.0374768757986585,0.08067404451285029,4.887024436848231
0.963886270432286,1.0374667952802332,0.08266805441422512,4.963230680492562
0.9638956360985066,1.0374567147618081,0.08452358811876323,5.033437597279954
0.9639050019467332,1.037446634243383,0.08622800384366815,5.097202143753921
0.9639143679769713,1.037436553724958,0.08777027474073847,5.154137439289529
0.9639237341892261,1.0374264732065326,0.08914119742917825,5.203920501226284
0.9639331005835027,1.0374163926881075,0.09033357719877605,5.246300228662028
0.9639424671598065,1.0374063121696824,0.09134238108470698,5.281105184745549
0.9639518339181429,1.0373962316512573,0.09216485003121962,5.308250674058708
0.9639612008585173,1.037386151132832,0.09280056204630517,5.327744588923775
0.9639705679809347,1.0373760706144068,0.09325143963465873,5.339691510352378
0.9639799352854006,1.0373659900959817,0.09352169686425511,5.344294598581416
0.9639893027719203,1.0373559095775566,0.09361772405086803,5.3418548934200905
0.9639986704404993,1.0373458290591313,0.09354791107233365,5.332767762299079
0.9640080382911425,1.0373357485407062,0.09332241350418811,5.317516376246708
0.9640174063238554,1.037325668022281,0.09295286883784579,5.2966622511644825
0.9640267745386432,1.037315587503856,0.09245207273600098,5.270833052012101
0.9640361429355114,1.037305506985431,0.09183362735859553,5.2407080087772995
0.9640455115144655,1.0372954264670056,0.091111575092374,5.207001424361201
0.9640548802755102,1.0372853459485805,0.09030003143739584,5.17044485653902
0.9640642492186513,1.0372752654301554,0.08941283036004515,5.13176862305179
0.9640736183438939,1.0372651849117303,0.0884631941915632,5.09168330749576
0.9640829876512436,1.037255104393305,0.08746343829914487,5.050861934245652
0.9640923571407053,1.0372450238748798,0.08642471848429006,5.009923436072567
0.9641017268122845,1.0372349433564547,0.08535682659361873,4.969417963337859
0.9641110966659864,1.0372248628380296,0.0842680373679859,4.929814484976418
0.9641204667018166,1.0372147823196043,0.08316500729341209,4.891491016447211
0.96412983691978,1.0372047018011792,0.08205272427294749,4.854727685844291
0.9641392073198822,1.037194621282754,0.08093450540136378,4.81970272461815
0.9641485779021285,1.037184540764329,0.07981203901311214,4.786491351141104
0.964157948666524,1.0371744602459039,0.07868546646966967,4.755067410598074
0.9641673196130746,1.0371643797274785,0.07755349879974507,4.725307548903573
0.9641766907417847,1.0371542992090534,0.07641356322447948,4.696997635250649
0.9641860620526602,1.0371442186906283,0.07526197469990731,4.669841108950099
0.9641954335457064,1.0371341381722032,0.07409412780107735,4.643468910428687
0.9642048052209286,1.037124057653778,0.07290470447452174,4.617450660187162
0.9642141770783318,1.0371139771353528,0.07168789333620983,4.59130676811976
0.9642235491179215,1.0371038966169277,0.07043761624240348,4.5645211823362
0.9642329213397032,1.0370938160985026,0.06914775780280513,4.536554515512303
0.9642422937436821,1.0370837355800773,0.06781239332942596,4.506857311723235
0.9642516663298634,1.0370736550616522,0.06642601046801352,4.474883234139554
0.9642610390982523,1.037063574543227,0.06498371947707776,4.440101961475751
0.9642704120488544,1.037053494024802,0.06348144688739926,4.402011579357656
0.9642797851816752,1.0370434135063766,0.06191610715223153,4.360150243711955
0.9642891584967194,1.0370333329879515,0.06028574698074288,4.3141068813369445
0.9642985319939927,1.0370232524695264,0.05858965739675444,4.263530682887724
0.9643079056735003,1.0370131719511013,0.0568284492284299,4.208139140858988
0.9643172795352478,1.037003091432676,0.055004088746252754,4.147724395040523
0.9643266535792401,1.036993010914251,0.053119891500125194,4.082157673649606
0.9643360278054827,1.0369829303958258,0.0511804740149144,4.011391661877521
0.9643454022139809,1.0369728498774007,0.04919166479128046,3.935460690410815
0.96435477680474,1.0369627693589756,0.047160377908359655,3.8544787119752324
0.9643641515777656,1.0369526888405503,0.04509445428687295,3.768635119051025
0.9643735265330625,1.0369426083221251,0.043002477210214586,3.6781885445003364
0.9643829016706363,1.0369325278037,0.04089356988086309,3.5834588716658007
0.9643922769904922,1.036922447285275,0.03877718351608221,3.4848177547275516
0.964401652492636,1.0369123667668496,0.03666288469595701,3.3826780075292193
0.9644110281770722,1.0369022862484245,0.03456015037232596,3.2774822560006642
0.9644204040438067,1.0368922057299994,0.032478178156249544,3.1696912631464342
0.9644297800928446,1.0368821252115743,0.03042571831837052,3.059772327236
0.9644391563241915,1.036872044693149,0.028410932465485747,2.9481881254647204
0.9644485327378522,1.0368619641747239,0.026441282231941074,2.835386331551445
0.9644579093338325,1.0368518836562988,0.024523449664615154,2.721790281254457
0.9644672861121374,1.0368418031378737,0.022663289414533553,2.607790901114376
0.9644766630727724,1.0368317226194486,0.020865811449665254,2.4937400572136745
0.9644860402157428,1.0368216421010232,0.019135191849156723,2.3799454277406444
0.9644954175410538,1.0368115615825981,0.017474808354673074,2.2666669586808754
0.9645047950487108,1.036801481064173,0.015887296745869764,2.154114928376666
0.9645141727387191,1.036791400545748,0.014374623756017469,2.042449625204766
0.9645235506110842,1.0367813200273226,0.012938172118163366,1.9317826339830841
0.9645329286658111,1.0367712395088975,0.011578833389714764,1.822179731911367
0.9645423069029053,1.0367611589904724,0.010297104398733393,1.7136654161865106
0.964551685322372,1.0367510784720473,0.009093183449714921,1.60622912873609
0.9645610639242169,1.036740997953622,0.007967062782184335,1.4998333204197474
0.9645704427084448,1.0367309174351969,0.006918614171514905,1.3944236313431084
0.9645798216750613,1.0367208369167717,0.005947664977227813,1.2899417001793614
0.9645892008240716,1.0367107563983466,0.005054062378370779,1.1863415401139197
0.9645985801554814,1.0367006758799213,0.004237723981986217,1.0836111996501112
0.9646079596692955,1.0366905953614962,0.0034986734617652414,0.9818029008204906
0.9646173393655193,1.036680514843071,0.0028370603781019284,0.8810777118542186
0.9646267192441583,1.036670434324646,0.0022531638580331427,0.7817765464220099
0.9646360993052181,1.0366603538062207,0.0017473803707451733,0.684541050571727
0.9646454795487034,1.0366502732877956,0.0013201964135458328,0.590532192226478
0.9646548599746199,1.0366401927693705,0.0009721475091577674,0.5018413190212552
0.9646642405829727,1.0366301122509454,0.0007037654822444128,0.4222530456208196
0.9646736213737674,1.0366200317325203,0.000515516498164365,0.35843712287466856
0.9646830023470093,1.036609951214095,0.00040773277495208786,0.3205754182255603
0.9646923835027035,1.0365998706956698,0.0003805411820501514,0.3186020755384886
0.9647017648408555,1.0365897901772447,0.0004337920861286947,0.35346004916144574
0.9647111463614704,1.0365797096588196,0.000566991772349813,0.4161166599366383
0.9647205280645539,1.0365696291403943,0.000779241551915533,0.49608001103607086
0.964729909950111,1.0365595486219692,0.0010691862716604658,0.5860787344622889
0.964739292018147,1.036549468103544,0.001434974395594835,0.6817871767676542
0.9647486742686675,1.036539387585119,0.0018742311715983651,0.7806378859501822
0.9647580567016778,1.0365293070666937,0.00238404568106219,0.8810195405166491
0.9647674393171829,1.0365192265482686,0.002960971851702354,0.9818446101202593
0.9647768221151883,1.0365091460298435,0.0036010428484098025,1.0823251269253114
0.9647862050956993,1.0364990655114183,0.004299797691999829,1.1818546075400818
0.9647955882587215,1.0364889849929932,0.0050523185249536804,1.279943847587896
0.9648049716042599,1.036478904474568,0.005853276668221904,1.3761846460106009
0.96481435513232,1.0364688239561428,0.006696985493610293,1.4702283959107063
0.964823738842907,1.0364587434377177,0.00757745816425065,1.5617727848255871
0.9648331227360261,1.0364486629192926,0.00848846844510551,1.650553019219566
0.9648425068116832,1.0364385824008673,0.009423613022958048,1.736335639321809
0.9648518910698829,1.0364285018824422,0.010376374068341016,1.818913879793509
0.9648612755106308,1.036418421364017,0.011340181079540866,1.8981040233566637
0.9648706601339324,1.036408340845592,0.012308471340276874,1.9737424701101722
0.9648800449397932,1.0363982603271666,0.013274748571257572,2.0456833983750897
0.9648894299282179,1.0363881798087415,0.014232639538446027,2.113796973442072
0.9648988150992122,1.0363780992903164,0.015175948490596645,2.1779680971106887
0.9649082004527814,1.0363680187718913,0.016098709327277607,2.238095699422063
0.964917585988931,1.036357938253466,0.016995235354979737,2.294092565110854
0.964926971707666,1.036347857735041,0.017860166384515375,2.3458856676867517
0.9649363576089918,1.0363377772166158,0.018688512772859513,2.3934169583592024
0.9649457436929137,1.0363276966981907,0.01947569584406991,2.4366445293313808
0.9649551299594376,1.0363176161797654,0.020217583958707083,2.475544044141085
0.964964516408568,1.0363075356613403,0.02091052336719944,2.510110304656547
0.9649739030403106,1.0362974551429152,0.021551362902747662,2.540358807261439
0.9649832898546707,1.03628737462449,0.02213747156337848,2.5663271317709255
0.9649926768516537,1.036277294106065,0.022666748116144803,2.588076007208531
0.965002064031265,1.0362672135876396,0.02313762202984124,2.6056899093822308
0.9650114513935096,1.0362571330692145,0.02354904530691094,2.619277066539743
0.9650208389383932,1.0362470525507894,0.023900475120124404,2.6289687800570642
0.9650302266659209,1.0362369720323643,0.024191847548558337,2.634918005795797
0.9650396145760982,1.036226891513939,0.024423543114669027,2.6372971855503717
0.9650490026689302,1.0362168109955139,0.024596345221913674,2.636295364178827
0.9650583909444224,1.0362067304770888,0.024711392943638076,2.632114672897589
0.9650677794025799,1.0361966499586637,0.024770129891714884,2.6249662997072707
0.9650771680434086,1.0361865694402383,0.024774251073563146,2.6150661008286082
0.9650865568669132,1.0361764889218132,0.024725649716475482,2.602630030196606
0.9650959458730993,1.0361664084033881,0.024626365993879934,2.587869575901022
0.9651053350619723,1.036156327884963,0.02447853943782668,2.5709873926609403
0.9651147244335373,1.036146247366538,0.024284366577781588,2.5521733083012896
0.9651241139878,1.0361361668481126,0.024046065033926214,2.531600861458476
0.9651335037247654,1.0361260863296875,0.023765844931805447,2.509424499060336
0.9651428936444388,1.0361160058112624,0.02344588812720982,2.4857775284209542
0.9651522837468258,1.0361059252928373,0.02308833535276525,2.460770882378495
0.9651616740319318,1.036095844774412,0.022695281046259598,2.434492719601409
0.9651710644997618,1.0360857642559869,0.022268775305980395,2.4070088480339322
0.9651804551503211,1.0360756837375618,0.021810832154046438,2.3783639293540144
0.9651898459836153,1.0360656032191367,0.021323443079318195,2.3485833974885875
0.9651992369996498,1.0360555227007113,0.020808594676896955,2.317676005137224
0.9652086281984297,1.0360454421822862,0.020268289102552604,2.285636899177296
0.9652180195799603,1.0360353616638611,0.01970456601210191,2.2524511182401104
0.9652274111442471,1.036025281145436,0.019119524656010828,2.218097403111573
0.9652368028912957,1.0360152006270107,0.018515344839971016,2.182552211839445
0.9652461948211107,1.0360051201085856,0.017894305543299304,2.145793835812436
0.965255586933698,1.0359950395901605,0.01725880010220154,2.1078065195793863
0.9652649792290626,1.0359849590717354,0.016611347011247186,2.0685844950505956
0.9652743717072104,1.03597487855331,0.01595459557338176,2.0281358495133306
0.9652837643681461,1.035964798034885,0.015291325828150525,1.986486155895437
0.9652931572118754,1.0359547175164598,0.014624442411386804,1.9436818029498741
0.9653025502384034,1.0359446369980347,0.013956962237753116,1.8997929720106612
0.9653119434477356,1.0359345564796096,0.013291996144810518,1.8549162154688121
0.9653213368398775,1.0359244759611843,0.012632724885253226,1.8091765996902247
0.9653307304148341,1.0359143954427592,0.011982370094406317,1.7627293812101268
0.9653401241726108,1.035904314924334,0.011344161078178821,1.7157611884309072
0.965349518113213,1.035894234405909,0.0107212984564324,1.6684906807946405
0.9653589122366464,1.0358841538874837,0.010116915842933442,1.6211686515867638
0.9653683065429156,1.0358740733690586,0.00953404083993373,1.574077527732499
0.9653777010320265,1.0358639928506335,0.008975556664575852,1.5275301986444292
0.9653870957039841,1.0358539123322084,0.008444165701271756,1.481868075806447
0.9653964905587942,1.035843831813783,0.00794235619289263,1.4374582470342743
0.9654058855964617,1.035833751295358,0.007472373142508132,1.3946895484319717
0.9654152808169919,1.0358236707769328,0.007036194308690414,1.3539673426977221
0.9654246762203904,1.0358135902585077,0.006635511950972816,1.3157067800370486
0.9654340718066625,1.0358035097400826,0.0062717207288006515,1.2803243488332707
0.9654434675758137,1.0357934292216573,0.005945911895913637,1.2482276228049025
0.965452863527849,1.0357833487032322,0.005658873673296965,1.2198033007011782
0.9654622596627738,1.035773268184807,0.005411097444920305,1.195403919803005
0.9654716559805935,1.035763187666382,0.005202789210726762,1.1753339806671133
0.9654810524813137,1.0357531071479567,0.00503388556265337,1.159836581734697
0.9654904491649392,1.0357430266295315,0.004904073326377543,1.1490819239715568
0.9654998460314758,1.0357329461111064,0.004812811939097727,1.143159091497302
0.9655092430809284,1.0357228655926813,0.004759357611889039,1.142072263377785
0.9655186403133031,1.035712785074256,0.004742788351925729,1.1457419683834864
0.9655280377286045,1.035702704555831,0.00476202899187448,1.1540112680556958
0.9655374353268381,1.0356926240374058,0.00481587548463745,1.1666560294172506
0.9655468331080095,1.0356825435189807,0.00490301786482481,1.1833979181372485
0.965556231072124,1.0356724630005554,0.005022061447183997,1.2039185267172237
0.9655656292191865,1.0356623824821303,0.005171546016699981,1.2278731613070815
0.9655750275492029,1.0356523019637052,0.005349962959367012,1.2549031607607062
0.9655844260621782,1.03564222144528,0.005555770476333019,1.2846460816591427
0.9655938247581181,1.0356321409268547,0.00578740720872644,1.3167435308095266
0.9656032236370274,1.0356220604084296,0.006043304767902806,1.350846781442018
0.9656126226989118,1.0356119798900045,0.006321899806198715,1.3866205388960773
0.9656220219437766,1.0356018993715794,0.006621646368304515,1.4237453316788407
0.9656314213716272,1.0355918188531543,0.006941029325276856,1.4619190203339942
0.965640820982469,1.035581738334729,0.007278579705245201,1.5008578708673983
0.9656502207763069,1.035571657816304,0.007632892692921532,1.5402975594030686
0.9656596207531467,1.0355615772978788,0.008002648971751514,1.5799943808961876
0.9656690209129936,1.0355514967794537,0.008386639930309104,1.6197268406844825
0.965678421255853,1.0355414162610284,0.0087837970542607,1.6592977211951037
0.9656878217817302,1.0355313357426033,0.009193225583356958,1.6985366407946267
0.9656972224906304,1.0355212552241781,0.009614242247970983,1.737303059476039
0.9657066233825591,1.035511174705753,0.010046416619126159,1.7754896359977235
0.9657160244575218,1.0355010941873277,0.010489615333810053,1.8130258030058692
0.9657254257155236,1.0354910136689026,0.01094404820434188,1.849881398656602
0.9657348271565698,1.0354809331504775,0.011410315004531482,1.8860701738307157
0.9657442287806659,1.0354708526320524,0.011889451552924897,1.9216529809707348
0.9657536305878172,1.0354607721136273,0.012382973598461352,1.956740442629213
0.9657630325780293,1.035450691595202,0.012892916949054251,1.9914948927887266
0.965772434751307,1.0354406110767769,0.013421872273621523,2.026131381870945
0.9657818371076561,1.0354305305583518,0.01397301304281108,2.0609175372216773
0.9657912396470817,1.0354204500399267,0.014550115143211237,2.0961720766345344
0.9658006423695895,1.0354103695215013,0.015157566796814596,2.1322617868115312
0.9658100452751843,1.0354002890030762,0.015800367530154635,2.1695968061016604
0.9658194483638718,1.0353902084846511,0.016484115059906584,2.2086240968534043
0.9658288516356573,1.035380127966226,0.01721497908910634,2.2498190617618623
0.9658382550905463,1.0353700474478007,0.017999661142777637,2.2936753530411558
0.9658476587285438,1.0353599669293756,0.018845339716550034,2.340693040868112
0.9658570625496554,1.0353498864109505,0.019759600175211764,2.391365440549332
0.9658664665538863,1.0353398058925254,0.02075034903340883,2.4461650324868263
0.9658758707412421,1.0353297253741,0.021825712489705447,2.5055290266077694
0.9658852751117278,1.035319644855675,0.022993919377653504,2.569845203169656
0.965894679665349,1.0353095643372499,0.024263169061889755,2.6394386882512793
0.965904084402111,1.0352994838188248,0.02564148524353565,2.714560285173427
0.9659134893220193,1.0352894033003994,0.02713655715106334,2.7953768846564175
0.9659228944250787,1.0352793227819743,0.028755570176053954,2.881964330254132
0.9659322997112951,1.0352692422635492,0.030505028652806205,2.974302943597777
0.9659417051806737,1.0352591617451241,0.032390574147928154,3.0722757414975552
0.9659511108332197,1.035249081226699,0.034416803294609284,3.175669227353571
0.9659605166689389,1.0352390007082737,0.03658708982762763,3.2841765277897865
0.965969922687836,1.0352289201898486,0.03890341600184977,3.3974025780496144
0.9659793288899168,1.0352188396714235,0.04136621895826358,3.514871033465257
0.9659887352751865,1.0352087591529984,0.04397425778156507,3.6360325895550574
0.9659981418436506,1.035198678634573,0.04672450692832849,3.76027441782085
0.9660075485953142,1.035188598116148,0.04961208135707359,3.886930455975502
0.9660169555301829,1.0351785175977228,0.05263019804459914,4.015292320983711
0.9660263626482618,1.0351684370792977,0.055770177620577684,4.144620635002255
0.9660357699495565,1.0351583565608724,0.0590214886323248,4.274156566783566
0.9660451774340723,1.0351482760424473,0.0623718354983996,4.403133394842803
0.9660545851018143,1.0351381955240222,0.06580728960967834,4.530787897496435
0.9660639929527881,1.035128115005597,0.06931246136269087,4.656371372104159
0.966073400986999,1.035118034487172,0.07287070928235079,4.7791600862918635
0.9660828092044527,1.0351079539687467,0.0764643808988114,4.898464970336547
0.9660922176051538,1.0350978734503216,0.08007507878044644,5.013640374422438
0.9661016261891081,1.0350877929318965,0.0836839441875948,5.124091738484313
0.966111034956321,1.0350777124134714,0.08727195023203035,5.229282054534462
0.966120443906798,1.035067631895046,0.09082019625315373,5.328737040844796
0.9661298530405439,1.035057551376621,0.09431019533136277,5.422048990983544
0.9661392623575644,1.0350474708581958,0.09772414743463903,5.508879306087618
0.9661486718578649,1.0350373903397707,0.10104519156201867,5.588959762226023
0.9661580815414509,1.0350273098213454,0.10425763134710582,5.662092603891712
0.9661674914083274,1.0350172293029203,0.10734712981340794,5.728149586611241
0.9661769014584998,1.0350071487844952,0.11030087026444116,5.787070115071942
0.9661863116919736,1.03499706826607,0.11310768154050752,5.838858636478835
0.9661957221087543,1.0349869877476447,0.1157581270330536,5.88358145215257
0.9662051327088468,1.0349769072292196,0.11824455785683251,5.921363103872839
0.9662145434922568,1.0349668267107945,0.12056113140372435,5.95238247598741
0.9662239544589896,1.0349567461923694,0.12270379713617102,5.976868731559829
0.9662333656090507,1.034946665673944,0.124670251918558,5.995097172141662
0.9662427769424451,1.034936585155519,0.12645986745724264,6.007385078445636
0.9662521884591784,1.034926504637094,0.12807359254977255,6.014087554991294
0.9662616001592559,1.0349164241186688,0.12951383287015378,6.015593368023127
0.966271012042683,1.0349063436002437,0.13078431097966467,6.0123207346271395
0.9662804241094651,1.0348962630818184,0.13188990919092686,6.004712994260182
0.9662898363596073,1.0348861825633933,0.132836497861791,5.993234073881675
0.9662992487931152,1.0348761020449682,0.13363075168319702,5.978363646532232
0.9663086614099942,1.034866021526543,0.13427995657150033,5.960591882476715
0.9663180742102496,1.0348559410081177,0.134791809893677,5.94041370338635
0.9663274871938866,1.0348458604896926,0.13517421693649864,5.918322474455633
0.9663369003609107,1.0348357799712675,0.13543508677321928,5.894803107053418
0.9663463137113272,1.0348256994528424,0.13558213095770036,5.870324594607445
0.9663557272451416,1.034815618934417,0.13562266875717677,5.845332064512845
0.9663651409623591,1.034805538415992,0.13556344288824607,5.8202384953447694
0.9663745548629851,1.0347954578975669,0.13541044989995632,5.795416315918203
0.9663839689470249,1.0347853773791418,0.13516878942339994,5.771189164443382
0.966393383214484,1.0347752968607167,0.13484253643494418,5.747824134560699
0.9664027976653679,1.0347652163422913,0.134434640442092,5.725524863563766
0.9664122122996816,1.0347551358238662,0.13394685507382725,5.70442582044418
0.9664216271174305,1.0347450553054411,0.13337970094637785,5.6845881241960114
0.9664310421186201,1.034734974787016,0.1327324638886129,5.665997165661004
0.966440457303256,1.0347248942685907,0.13200322968146755,5.648562222624777
0.9664498726713431,1.0347148137501656,0.13118895543020195,5.632118154853658
0.966459288222887,1.0347047332317405,0.1302855766028247,5.616429153262792
0.9664687039578929,1.0346946527133154,0.12928814768486138,5.601194406628199
0.9664781198763666,1.03468457219489,0.12819101337970543,5.586055451376185
0.9664875359783128,1.034674491676465,0.12698800637378302,5.570604894221835
0.9664969522637373,1.0346644111580399,0.12567266693446033,5.554396150126682
0.9665063687326455,1.0346543306396148,0.12423847903723922,5.536953821416785
0.9665157853850427,1.0346442501211894,0.12267911734930541,5.51778435694316
0.9665252022209341,1.0346341696027643,0.12098869922313325,5.496386668219409
0.9665346192403251,1.0346240890843392,0.1191620358621179,5.472262436068091
0.9665440364432212,1.0346140085659141,0.1171948769878353,5.444925908854432
0.9665534538296278,1.0346039280474888,0.11508414362632549,5.413913064316758
0.96656287139955,1.0345938475290637,0.11282814400877653,5.378790074790688
0.9665722891529933,1.0345837670106386,0.1104267680122794,5.339161075101158
0.966581707089963,1.0345736864922135,0.10788165602118124,5.294675280070634
0.9665911252104648,1.0345636059737884,0.10519633854735694,5.245033532688118
0.9666005435145039,1.034553525455363,0.10237634339654561,5.1899943839354234
0.9666099620020853,1.034543444936938,0.09942926761194223,5.1293798119684775
0.9666193806732147,1.0345333644185128,0.09636481186422337,5.063080682795042
0.9666287995278974,1.0345232839000877,0.09319477542118026,4.991062038964278
0.966638218566139,1.0345132033816624,0.08993301032957779,4.9133682785116335
0.9666476377879444,1.0345031228632373,0.08659533400652748,4.830128255142887
0.9666570571933193,1.0344930423448122,0.08319940009487273,4.741560293572047
0.9666664767822689,1.034482961826387,0.07976452819529596,4.647977071089791
0.9666758965547989,1.0344728813079618,0.0763114939612262,4.549790267276974
0.9666853165109142,1.0344628007895367,0.07286228202477492,4.447514826339718
0.9666947366506203,1.0344527202711116,0.0694398052921163,4.341772607559911
0.9667041569739228,1.0344426397526865,0.06606759527412705,4.233295114422068
0.9667135774808268,1.0344325592342614,0.06276946924822642,4.122924886785615
0.9667229981713379,1.034422478715836,0.05956918112265212,4.0116150084696764
0.9667324190454613,1.034412398197411,0.05649006382419994,3.9004260232593064
0.9667418401032023,1.0344023176789858,0.053554671775157055,3.7905193714178065
0.9667512613445665,1.0343922371605607,0.05078443250788125,3.683146276609692
0.9667606827695593,1.0343821566421354,0.048199316609828305,3.5796308716338534
0.9667701043781857,1.0343720761237103,0.045817534970286754,3.481346323679482
0.9667795261704513,1.0343619956052852,0.04365527168210845,3.389682911255223
0.9667889481463614,1.03435191508686,0.04172645995194032,3.3060075420901187
0.9667983703059218,1.0343418345684348,0.04004260701617936,3.2316151935909283
0.9668077926491371,1.0343317540500097,0.038612672416972506,3.1676742300168694
0.9668172151760132,1.0343216735315846,0.037443002137362194,3.1151693562183937
0.9668266378865552,1.0343115930131594,0.03653731913415919,3.0748477264251064
0.9668360607807689,1.0343015124947341,0.035896768835496015,3.047174854242525
0.9668454838586592,1.034291431976309,0.03552001631006869,3.032306858424715
0.9668549071202316,1.034281351457884,0.03540339014256137,3.0300838864557336
0.9668643305654916,1.0342712709394588,0.03554106666187325,3.0400464777240233
0.9668737541944447,1.0342611904210335,0.035925287109641456,3.0614729244626835
0.9668831780070957,1.0342511099026084,0.03654659964623897,3.0934324232439323
0.9668926020034504,1.0342410293841833,0.03739411777356858,3.134846878360428
0.9669020261835142,1.0342309488657582,0.038455786791556736,3.1845539803876868
0.9669114505472922,1.034220868347333,0.039718650266752,3.2413653921747803
0.9669208750947903,1.0342107878289077,0.04116910912132265,3.3041158995886764
0.9669302998260133,1.0342007073104826,0.04279316679420098,3.371701541180816
0.9669397247409668,1.0341906267920575,0.04457665492168218,3.4431065265584966
0.9669491498396561,1.0341805462736324,0.0465054350666634,3.517419967078654
0.9669585751220868,1.034170465755207,0.048565573148700796,3.593844078677261
0.966968000588264,1.034160385236782,0.050743484333707095,3.6716957024082624
0.9669774262381933,1.034150304718357,0.05302604720657597,3.7504028857630476
0.9669868520718797,1.0341402241999318,0.05540068703311511,3.82949801810512
0.9669962780893292,1.0341301436815065,0.05785542881217428,3.908608717633665
0.9670057042905466,1.0341200631630814,0.060378921605391156,3.987447384793145
0.9670151306755375,1.0341099826446563,0.06296043630850731,4.065800097074174
0.9670245572443071,1.0340999021262312,0.06558983959403861,4.14351533138605
0.967033983996861,1.034089821607806,0.06825754720685256,4.2204928598819675
0.9670434109332048,1.0340797410893807,0.07095446014002073,4.296673065642339
0.9670528380533433,1.0340696605709556,0.07367188745105945,4.3720268562258395
0.9670622653572821,1.0340595800525305,0.07640145960668022,4.446546306896847
0.9670716928450267,1.0340494995341054,0.0791350362645662,4.520236133359458
0.9670811205165827,1.03403941901568,0.08186461231513022,4.59310606972485
0.9670905483719549,1.034029338497255,0.0845822258177766,4.665164206642558
0.9670999764111489,1.0340192579788299,0.08727987118241473,4.736411323929515
0.9671094046341701,1.0340091774604048,0.08994942056924864,4.80683622978064
0.9671188330410242,1.0339990969419794,0.09258255603212233,4.876412094592541
0.9671282616317161,1.0339890164235543,0.09517071441831952,4.945093741830515
0.9671376904062513,1.0339789359051292,0.0977050464908315,5.0128158327215795
0.9671471193646353,1.0339688553867041,0.10017639117482999,5.079491857448022
0.9671565485068735,1.0339587748682788,0.10257526528229166,5.145013824989075
0.9671659778329711,1.0339486943498537,0.10489186855458221,5.209252528303287
0.9671754073429335,1.0339386138314286,0.10711610341453895,5.2720582526935695
0.9671848370367663,1.0339285333130035,0.10923760845203116,5.333261793634638
0.9671942669144747,1.0339184527945782,0.1112458043983752,5.392675656272272
0.9672036969760641,1.033908372276153,0.11312995118003087,5.450095321766565
0.9672131272215397,1.033898291757728,0.11487921458717533,5.5053004848015545
0.9672225576509073,1.0338882112393029,0.11648274113041301,5.558056190319657
0.9672319882641719,1.0338781307208778,0.11792973979074332,5.608113824681663
0.9672414190613392,1.0338680502024524,0.11920956955647613,5.655211944860507
0.9672508500424143,1.0338579696840273,0.12031183187866488,5.699076957852464
0.9672602812074026,1.0338478891656022,0.1212264674209584,5.7394236892729
0.9672697125563096,1.0338378086471771,0.12194385671652067,5.775955904338558
0.9672791440891408,1.0338277281287518,0.12245492453403906,5.808366864765797
0.9672885758059012,1.0338176476103267,0.12275124787923858,5.836340020897022
0.9672980077065965,1.0338075670919016,0.12282516758872554,5.8595499489630924
0.9673074397912319,1.0337974865734765,0.12266990339829763,5.87766364827701
0.9673168720598131,1.0337874060550512,0.12227967216842889,5.890342311926963
0.967326304512345,1.033777325536626,0.12164980862808404,5.897243676819131
0.9673357371488334,1.033767245018201,0.12077688755098642,5.898025044441134
0.9673451699692833,1.0337571644997758,0.11965884572461528,5.892347042133494
0.9673546029737004,1.0337470839813507,0.1182951014330507,5.879878166112346
0.9673640361620901,1.0337370034629254,0.11668666848065792,5.860300111770567
0.9673734695344575,1.0337269229445003,0.1148362610905541,5.833313854815242
0.9673829030908081,1.0337168424260752,0.11274838536808396,5.79864639932161
0.9673923368311472,1.03370676190765,0.11042941249688898,5.7560580574795575
0.9674017707554807,1.0336966813892248,0.10788762850067306,5.705350073036136
0.9674112048638133,1.0336866008707997,0.10513325533378516,5.646372349211259
0.9674206391561507,1.0336765203523746,0.10217843831936049,5.579030995855563
0.9674300736324982,1.0336664398339495,0.09903719558464534,5.503295373968094
0.9674395082928615,1.0336563593155241,0.09572532617672445,5.419204292736562
0.9674489431372454,1.033646278797099,0.09226027496782596,5.326871008986071
0.9674583781656557,1.033636198278674,0.08866095424252718,5.22648669489432
0.9674678133780976,1.0336261177602488,0.08494752389460228,5.118322078535456
0.9674772487745769,1.0336160372418235,0.08114113435316117,5.002727024501878
0.9674866843550983,1.0336059567233984,0.07726363852151322,4.880127905866842
0.9674961201196677,1.0335958762049733,0.07333728099442385,4.751022720912852
0.9675055560682903,1.0335857956865482,0.06938437444110186,4.615974022362317
0.9675149922009716,1.0335757151681229,0.06542697413902297,4.475599845725797
0.9675244285177167,1.0335656346496978,0.06148656211115644,4.3305629388122
0.9675338650185312,1.0335555541312726,0.057583752081739735,4.181558698031753
0.9675433017034205,1.0335454736128475,0.05373802553260487,4.029302301751944
0.96755273857239,1.0335353930944224,0.04996750756458138,3.874515590723566
0.9675621756254451,1.0335253125759971,0.04628878917742761,3.71791427765357
0.9675716128625911,1.033515232057572,0.042716800144776974,3.5601960720560437
0.9675810502838332,1.033505151539147,0.03926473405579486,3.402030284535662
0.9675904878891771,1.0334950710207218,0.03594402453772935,3.24404943253748
0.9675999256786284,1.0334849905022965,0.032764369321787674,3.0868433137875857
0.9676093636521919,1.0334749099838714,0.02973379683006409,2.930955953765961
0.9676188018098731,1.0334648294654463,0.02685876843214352,2.7768857790584547
0.9676282401516777,1.0334547489470212,0.024144308514912553,2.6250893308367846
0.9676376786776112,1.0334446684285958,0.021594154014291333,2.475988821783333
0.9676471173876784,1.0334345879101707,0.019210915059694467,2.329983866649735
0.967656556281885,1.0334245073917456,0.016996238805558547,2.1874677880679188
0.9676659953602365,1.0334144268733205,0.014950969289202858,2.0488490153008367
0.9676754346227381,1.0334043463548954,0.01307529717294743,1.914578236456788
0.9676848740693955,1.03339426583647,0.011368894406979439,1.7851820750912664
0.9676943137002137,1.033384185318045,0.009831030109534336,1.6613039944815033
0.9677037535151982,1.0333741047996199,0.008460665227856393,1.5437525688733948
0.9677131935143546,1.0333640242811948,0.007256524766212578,1.433555575137556
0.9677226336976882,1.0333539437627695,0.00621714749423066,1.3320144643125793
0.9677320740652041,1.0333438632443444,0.005340914057891978,1.2407461715071304
0.9677415146169079,1.0333337827259192,0.004626055277395426,1.1616868937981633
0.9677509553528052,1.0333237022074941,0.004070643123967578,1.0970178564265476
0.9677603962729012,1.0333136216890688,0.0036725674078737958,1.048967710634086
0.9677698373772012,1.0333035411706437,0.0034295015853734235,1.0194733530520692
0.9677792786657107,1.0332934606522186,0.0033388612992284027,1.0097586863445016
0.967788720138435,1.0332833801337935,0.0033977593131792744,1.0199875788258883
0.9677981617953798,1.0332732996153682,0.003602960391612053,1.0491668760734996
0.96780760363655,1.033263219096943,0.003950839424681628,1.0953556013549006
0.9678170456619513,1.033253138578518,0.0044373457227075115,1.1560652763335502
0.967826487871589,1.0332430580600929,0.005057975922776401,1.2286664665668465
0.9678359302654688,1.0332329775416675,0.005807757390531909,1.3106780152672874
0.9678453728435955,1.0332228970232424,0.006681243389981162,1.399914819056664
0.967854815605975,1.0332128165048173,0.007672520664977557,1.4945293124674086
0.9678642585526124,1.0332027359863922,0.008775229457589752,1.5929933160882708
0.9678737016835132,1.0331926554679671,0.009982595413713284,1.694055213631613
0.967883144998683,1.0331825749495418,0.011287472317105094,1.7966923911393735
0.9678925884981268,1.0331724944311167,0.012682394175140976,1.9000680209172052
0.9679020321818501,1.0331624139126916,0.014159634864427546,2.003495148056748
0.9679114760498585,1.0331523333942665,0.01571127334130227,2.1064081414673947
0.9679209201021575,1.0331422528758412,0.0173292623313097,2.2083404616588305
0.9679303643387519,1.033132172357416,0.01900549842720696,2.3089074454338663
0.9679398087596476,1.033122091838991,0.020731891632884112,2.4077929111329186
0.9679492533648498,1.0331120113205658,0.02250043257709651,2.5047386052433573
0.9679586981543642,1.0331019308021405,0.02430325586582574,2.599535737095521
0.9679681431281957,1.0330918502837154,0.02613269832304792,2.692018044144751
0.9679775882863499,1.0330817697652903,0.0279813511720337,2.782055986847009
0.9679870336288324,1.0330716892468652,0.029842105509023605,2.8695517912548745
0.9679964791556483,1.03306160872844,0.031708190706178335,2.9544351454301423
0.9680059248668034,1.0330515282100148,0.033573205638891025,3.0366594189960354
0.9680153707623026,1.0330414476915897,0.03543114285249962,3.116198319231662
0.9680248168421515,1.0330313671731646,0.037276405962809324,3.1930429268658767
0.9680342631063555,1.0330212866547395,0.03910382071902461,3.2671990736944045
0.9680437095549204,1.0330112061363141,0.0409086402485561,3.338685035242115
0.9680531561878508,1.033001125617889,0.04268654505478609,3.407529517147725
0.9680626030051526,1.032991045099464,0.04443363835432365,3.4737699153594614
0.968072050006831,1.0329809645810388,0.04614643732454987,3.5374508288847997
0.9680814971928918,1.0329708840626135,0.04782186079833544,3.5986228009987498
0.96809094456334,1.0329608035441884,0.04945721388989202,3.6573412610068967
0.968100392118181,1.0329507230257633,0.05105016997768416,3.7136656347992605
0.9681098398574203,1.0329406425073382,0.05259875040894653,3.767658588947424
0.9681192877810635,1.0329305619889129,0.05410130223682495,3.819385370583785
0.9681287358891156,1.0329204814704878,0.05555647425629617,3.8689132040678755
0.9681381841815823,1.0329104009520627,0.056963191574388,3.916310705770726
0.9681476326584687,1.0329003204336376,0.05832062893828951,3.9616472805206753
0.9681570813197807,1.0328902399152122,0.05962818304884129,4.004992467252807
0.9681665301655232,1.0328801593967871,0.06088544411130896,4.046415207361243
0.9681759791957019,1.032870078878362,0.06209216691356263,4.08598301679664
0.968185428410322,1.032859998359937,0.063248241775589,4.123761052011631
0.968194877809389,1.0328499178415118,0.06435366577567689,4.159811069829935
0.9682043273929085,1.0328398373230865,0.06540851472609367,4.194190291904863
0.9682137771608855,1.0328297568046614,0.06641291643683196,4.226950194983589
0.9682232271133256,1.0328196762862363,0.06736702586925791,4.258135258307597
0.9682326772502342,1.0328095957678112,0.0682710028305249,4.28778170846969
0.968242127571617,1.0327995152493858,0.06912499289643385,4.315916309649853
0.9682515780774787,1.0327894347309607,0.06992911227214908,4.34255525310564
0.9682610287678253,1.0327793542125356,0.07068343729457832,4.367703203525671
0.9682704796426619,1.0327692736941105,0.07138799925777926,4.391352561750964
0.9682799307019943,1.0327591931756852,0.07204278519296668,4.413483003068345
0.9682893819458274,1.03274911265726,0.0726477451607712,4.4340613480630635
0.9682988333741667,1.032739032138835,0.07320280651208486,4.453041818922068
0.9683082849870178,1.03272895162041,0.07370789544781496,4.4703667283119435
0.968317736784386,1.0327188711019848,0.07416296605323264,4.485967640610145
0.968327188766277,1.0327087905835595,0.07456803680353288,4.499767036478735
0.9683366409326957,1.0326987100651344,0.07492323433054546,4.511680501543518
0.9683460932836476,1.0326886295467093,0.07522884401176086,4.521619448368735
0.9683555458191384,1.0326785490282842,0.07548536669487974,4.529494368024872
0.9683649985391736,1.0326684685098588,0.07569358060622322,4.535218593239741
0.968374451443758,1.0326583879914337,0.07585460722329479,4.5387125397171175
0.9683839045328974,1.0326483074730086,0.07596997962611068,4.539908375657569
0.9683933578065971,1.0326382269545835,0.07604171159382571,4.538755052228916
0.9684028112648628,1.0326281464361582,0.07607236549807891,4.535223610074284
0.9684122649076995,1.032618065917733,0.07606511687621752,4.529312659335518
0.9684217187351127,1.032607985399308,0.07602381346588091,4.521053913762145
0.9684311727471079,1.0325979048808829,0.07595302645775395,4.510517643716988
0.9684406269436905,1.0325878243624578,0.07585809179170319,4.4978178988565345
0.9684500813248661,1.0325777438440324,0.07574513948129218,4.483117339165544
0.9684595358906397,1.0325676633256073,0.07562110921511674,4.466631503370153
0.9684689906410169,1.0325575828071822,0.07549375082742414,4.448632336090002
0.9684784455760033,1.032547502288757,0.07537160865064618,4.42945078976047
0.9684879006956039,1.0325374217703318,0.07526398923345957,4.4094783140539064
0.9684973559998243,1.0325273412519067,0.0751809123946858,4.389167044379004
0.96850681148867,1.0325172607334816,0.07513304606458757,4.369028503008879
0.9685162671621463,1.0325071802150565,0.07513162579769847,4.349630632746891
0.9685257230202589,1.0324970996966312,0.07518836020306606,4.331592996780583
0.9685351790630127,1.032487019178206,0.07531532380218545,4.315580003307593
0.9685446352904133,1.032476938659781,0.07552483897628225,4.302292054615531
0.9685540917024662,1.0324668581413559,0.07582934869753538,4.292454582728419
0.9685635482991771,1.0324567776229305,0.0762412816672381,4.286805021964139
0.9685730050805508,1.0324466971045054,0.07677291131137458,4.2860778837876135
0.9685824620465929,1.0324366165860803,0.07743620985337456,4.29098823836844
0.968591919197309,1.0324265360676552,0.07824269841691231,4.30221406013953
0.9686013765327047,1.03241645554923,0.07920329385548554,4.320378044918299
0.9686108340527848,1.0324063750308048,0.08032815279533234,4.346029631292387
0.9686202917575552,1.0323962945123797,0.0816265132562298,4.379628034758633
0.968629749647021,1.0323862139939546,0.08310653421225281,4.421527108478492
0.9686392077211877,1.0323761334755295,0.08477513359817271,4.471962768233467
0.968648665980061,1.0323660529571042,0.08663782557582725,4.531043564144569
0.968658124423646,1.032355972438679,0.08869855834891423,4.598744766525612
0.9686675830519481,1.032345891920254,0.09095955445007606,4.674906089128992
0.9686770418649728,1.0323358114018288,0.09342115619167828,4.759232936876217
0.9686865008627257,1.0323257308834035,0.09608167983659335,4.851300871096201
0.9686959600452119,1.0323156503649784,0.09893728294799228,4.950562856683932
0.9687054194124368,1.0323055698465533,0.10198185024622189,5.05635880103789
0.968714878964406,1.0322954893281282,0.10520690405176204,5.16792690760819
0.9687243387011251,1.0322854088097029,0.10860154593294716,5.284416429683492
0.968733798622599,1.0322753282912778,0.1121524364014478,5.4049014987501565
0.9687432587288335,1.0322652477728527,0.11584381932077932,5.52839579278942
0.9687527190198338,1.0322551672544276,0.11965759702915148,5.653867883802974
0.9687621794956054,1.0322450867360025,0.12357346097893976,5.780257148010273
0.968771640156154,1.0322350062175771,0.1275690809425782,5.906490131560666
0.9687811010014845,1.032224925699152,0.13162035357066676,6.031497240993452
0.9687905620316025,1.032214845180727,0.1357017083942662,6.154229577946876
0.9688000232465135,1.0322047646623018,0.1397864663855404,6.273675672047259
0.9688094846462231,1.0321946841438765,0.14384724313551847,6.3888777968709
0.9688189462307363,1.0321846036254514,0.1478563857852208,6.4989474927291795
0.9688284080000586,1.0321745231070263,0.15178643032583974,6.603079877884119
0.9688378699541956,1.0321644425886012,0.1556105639850492,6.700566314333012
0.9688473320931529,1.0321543620701759,0.15930307634262791,6.790805010178771
0.9688567944169353,1.0321442815517508,0.1628397827039562,6.873309189089206
0.9688662569255487,1.0321342010333256,0.1661984041561137,6.947712535514042
0.9688757196189983,1.0321241205149005,0.16935889057985884,7.013771726081162
0.9688851824972898,1.0321140399964752,0.1723036755885657,7.071365974992642
0.9688946455604283,1.0321039594780501,0.17501785566903102,7.120493643789746
0.9689041088084193,1.032093878959625,0.17748928947826942,7.161266084100767
0.9689135722412682,1.0320837984412,0.17970861699258145,7.193898986203253
0.9689230358589807,1.0320737179227746,0.18166920177780854,7.2187015900783065
0.9689324996615617,1.0320636374043495,0.18336700277113763,7.236064173520059
0.968941963649017,1.0320535568859244,0.18480038450316746,7.24644426284543
0.9689514278213518,1.0320434763674993,0.1859698765087475,7.250352016225924
0.9689608921785717,1.0320333958490742,0.186877893762497,7.248335211140029
0.9689703567206823,1.0320233153306488,0.18752843035640726,7.240964230737369
0.9689798214476886,1.0320132348122237,0.18792673839870674,7.2288173948687735
0.968989286359596,1.0320031542937986,0.18807900338160577,7.212466926252329
0.9689987514564102,1.0319930737753735,0.1879920261691659,7.192465786072276
0.9690082167381368,1.0319829932569482,0.18767292045129597,7.169335561305695
0.9690176822047807,1.031972912738523,0.18712883310004547,7.143555540998602
0.9690271478563475,1.031962832220098,0.18636669346903176,7.115553083014951
0.9690366136928427,1.0319527517016729,0.1853929963747231,7.0856953468522
0.9690460797142719,1.0319426711832476,0.18421362231082503,7.054282450918475
0.9690555459206401,1.0319325906648225,0.18283369742553127,7.0215421029064755
0.969065012311953,1.0319225101463974,0.18125749490483553,6.987625746653284
0.969074478888216,1.0319124296279722,0.17948837863391956,6.952606265192314
0.9690839456494343,1.0319023491095471,0.17752878932695326,6.916477274712489
0.9690934125956139,1.0318922685911218,0.17538027265692163,6.879154034538776
0.9691028797267595,1.0318821880726967,0.17304354826462684,6.840475982143968
0.9691123470428769,1.0318721075542716,0.17051861781839783,6.800210877605628
0.9691218145439714,1.0318620270358465,0.16780490953300817,6.758060508607218
0.9691312822300486,1.0318519465174212,0.16490145571297304,6.713667865389182
0.9691407501011138,1.031841865998996,0.16180709899216206,6.666625646980282
0.9691502181571723,1.031831785480571,0.15852072202024658,6.616485908198928
0.9691596863982297,1.0318217049621459,0.15504149446831655,6.562770605565938
0.9691691548242916,1.0318116244437205,0.15136913044545044,6.504982753414257
0.969178623435363,1.0318015439252954,0.14750414882848498,6.442617864398104
0.9691880922314494,1.0317914634068703,0.14344812867692902,6.375175325461948
0.9691975612125564,1.0317813828884452,0.13920395191104573,6.302169355375826
0.9692070303786896,1.03177130237002,0.1347760258018336,6.223139205461635
0.9692164997298539,1.0317612218515948,0.1301704785928791,6.137658302795787
0.9692259692660551,1.0317511413331697,0.12539532269432316,6.045342093712205
0.9692354389872985,1.0317410608147446,0.12046058132651388,5.9458544230688055
0.9692449088935897,1.0317309802963193,0.11537837611338249,5.838912376608815
0.9692543789849338,1.0317208997778942,0.11016297484791458,5.724289615502332
0.9692638492613365,1.031710819259469,0.1048308003008099,5.601818337215218
0.9692733197228031,1.031700738741044,0.09940040241772777,5.4713901005416306
0.969282790369339,1.0316906582226189,0.09389239740946288,5.3329558501568854
0.9692922612009499,1.0316805777041935,0.08832937800713439,5.186525565386798
0.9693017322176407,1.0316704971857684,0.08273579948527546,5.032168039592636
0.9693112034194172,1.0316604166673433,0.07713784593379698,4.870011374606253
0.9693206748062848,1.0316503361489182,0.07156328073998862,4.700244858046213
0.9693301463782491,1.0316402556304929,0.06604128437453341,4.523122993904164
0.9693396181353151,1.0316301751120678,0.06060228148626786,4.338972600847554
0.9693490900774884,1.0316200945936427,0.05527775809501749,4.148204109733937
0.9693585622047745,1.0316100140752176,0.05010006847841335,3.95132852903085
0.9693680345171789,1.0315999335567922,0.04510223026580753,3.7489820703812353
0.9693775070147067,1.0315898530383671,0.040317705428278824,3.5419612329353223
0.9693869796973635,1.031579772519942,0.035780164334032645,3.331272360777266
0.9693964525651549,1.031569692001517,0.03152322993822095,3.1182014643547724
0.9694059256180861,1.0315596114830918,0.027580199489735523,2.904412535990882
0.9694153988561629,1.0315495309646665,0.023983741917448075,2.692085512624206
0.9694248722793902,1.0315394504462414,0.020765570264367192,2.484107288408508
0.9694343458877738,1.0315293699278163,0.017956090133220005,2.2843268412334217
0.9694438196813189,1.0315192894093912,0.015584027016882877,2.0978680404883527
0.9694532936600312,1.0315092088909659,0.013676037497066727,1.9314378747017722
0.9694627678239158,1.0314991283725408,0.012256311479622167,1.7934390644462128
0.9694722421729782,1.0314890478541157,0.011346174734683403,1.6934952910155612
0.969481716707224,1.0314789673356906,0.010963702858760183,1.6409128999987335
0.9694911914266588,1.0314688868172652,0.011123359200109107,1.6421096151813428
0.9695006663312876,1.0314588062988401,0.011835670131272761,1.6982538859483738
0.9695101414211159,1.031448725780415,0.013106951179606889,1.804899456925845
0.9695196166961493,1.03143864526199,0.014939096848537087,1.9538939934569561
0.9695290921563934,1.0314285647435646,0.017329445448253246,2.13598592756227
0.9695385678018531,1.0314184842251395,0.020270727935859323,2.3426350908336713
0.9695480436325342,1.0314084037067144,0.023751106749452952,2.5667360305772347
0.9695575196484421,1.0313983231882893,0.027754307075549184,2.802655014302705
0.9695669958495823,1.031388242669864,0.03225983913979689,3.0459969805388685
0.96957647223596,1.0313781621514388,0.037243306218165455,3.293329411872916
0.9695859488075808,1.0313680816330137,0.042676789398467196,3.541947362654561
0.9695954255644499,1.0313580011145886,0.04852929693249418,3.7896960546614293
0.969604902506573,1.0313479205961635,0.054767263528885064,4.034843632204594
0.9696143796339558,1.0313378400777382,0.06135508329086664,4.27599161848588
0.969623856946603,1.031327759559313,0.06825565928626061,4.512011887505346
0.9696333344445205,1.031317679040888,0.07543095295198327,4.742001643803559
0.9696428121277136,1.031307598522463,0.08284251760088542,4.965250379888322
0.969652289996188,1.0312975180040376,0.09045200209572464,5.181214692329578
0.9696617680499487,1.0312874374856125,0.0982216130864017,5.389498210283393
0.9696712462890015,1.0312773569671874,0.10611452689448263,5.589834845302212
0.9696807247133515,1.0312672764487623,0.11409524493568689,5.782074223460634
0.9696902033230046,1.031257195930337,0.12212988934594178,5.966168600729996
0.9696996821179658,1.0312471154119118,0.13018643802525912,6.14216085357692
0.9697091610982406,1.0312370348934867,0.1382349005324957,6.310173324310512
0.9697186402638345,1.0312269543750616,0.14624743805589277,6.470397415806671
0.9697281196147529,1.0312168738566365,0.15419843203195038,6.623083895365897
0.9697375991510017,1.0312067933382112,0.1620645068566182,6.768533897787759
0.9697470788725855,1.031196712819786,0.16982451257701295,6.907090625158996
0.9697565587795103,1.031186632301361,0.17745947351116784,7.039131733513101
0.9697660388717813,1.0311765517829359,0.18495250848073927,7.165062380652951
0.9697755191494043,1.0311664712645106,0.1922887278400879,7.285308889694399
0.9697849996123842,1.0311563907460854,0.19945511181080777,7.400312962492187
0.9697944802607268,1.0311463102276603,0.2064403738746092,7.510526358889339
0.9698039610944373,1.0311362297092352,0.21323481217402104,7.616405942618952
0.9698134421135216,1.03112614919081,0.21983015112868648,7.718408984990394
0.9698229233179846,1.0311160686723848,0.22621937478744608,7.816988612702183
0.9698324047078319,1.0311059881539597,0.23239655288645794,7.912589287482918
0.969841886283069,1.0310959076355346,0.23835666016557217,8.005642212136687
0.9698513680437015,1.0310858271171093,0.24409538924367158,8.096560569991736
0.9698608499897345,1.0310757465986842,0.24960895726174048,8.185734521938834
0.9698703321211737,1.031065666080259,0.2548939065805706,8.27352590662617
0.9698798144380243,1.031055585561834,0.259946900043393,8.360262613828796
0.9698892969402921,1.0310455050434086,0.26476451168417786,8.446232627775105
0.9698987796279821,1.0310354245249835,0.2693430142586617,8.53167776530504
0.9699082625011,1.0310253440065584,0.27367816557330654,8.61678716216398
0.9699177455596512,1.0310152634881333,0.2777649962791877,8.701690589046128
0.969927228803641,1.0310051829697082,0.28159760256403893,8.786451706666409
0.9699367122330753,1.030995102451283,0.2851689479928567,8.871061395922826
0.969946195847959,1.0309850219328578,0.28847067960689393,8.955431325321634
0.9699556796482978,1.0309749414144327,0.29149296425953786,9.039387943221014
0.9699651636340969,1.0309648608960076,0.2942243520308217,9.122667107654886
0.9699746478053624,1.0309547803775823,0.2966516743633326,9.204909591122073
0.9699841321620988,1.0309446998591572,0.2987599852688455,9.285657721909176
0.9699936167043122,1.030934619340732,0.3005325544794031,9.364353445874395
0.9700031014320077,1.030924538822307,0.30195092167611115,9.44033811155937
0.9700125863451912,1.0309144583038816,0.3029950208214202,9.512854294322878
0.9700220714438677,1.0309043777854565,0.3036433829982169,9.581049977751455
0.9700315567280426,1.0308942972670314,0.3038734249139529,9.643985398533543
0.9700410421977216,1.0308842167486063,0.30366182820608567,9.700642828496404
0.97005052785291,1.0308741362301812,0.3029850117867008,9.749939509163207
0.9700600136936136,1.0308640557117559,0.30181969563157474,9.790743865026425
0.9700694997198374,1.0308539751933308,0.30014354965255163,9.82189499812906
0.9700789859315868,1.0308438946749057,0.29793591572215455,9.842225308124307
0.9700884723288675,1.0308338141564806,0.2951785847746992,9.85058589142255
0.9700979589116852,1.0308237336380552,0.29185660458389706,9.845874158661028
0.9701074456800447,1.0308136531196301,0.28795908783687063,9.827062884662745
0.9701169326339517,1.030803572601205,0.28347998510347716,9.793229687496735
0.9701264197734119,1.03079349208278,0.2784187839558728,9.743585746304655
0.9701359070984306,1.0307834115643546,0.27278109445538556,9.677502435129863
0.970145394609013,1.0307733310459295,0.2665790830568693,9.594534496395847
0.9701548823051647,1.0307632505275044,0.25983172196368826,9.494438421344451
0.9701643701868912,1.0307531700090793,0.2525648291114668,9.377184857104218
0.9701738582541981,1.030743089490654,0.24481088483373092,9.242964119895218
0.9701833465070906,1.0307330089722289,0.23660862414050574,9.092184248640802
0.9701928349455741,1.0307229284538038,0.2280024172814973,8.925461455991071
0.9702023235696542,1.0307128479353787,0.2190414646545844,8.743603289406154
0.9702118123793365,1.0307027674169533,0.2097788437801172,8.547585260407937
0.970221301374626,1.0306926868985282,0.20027045491316925,8.338522094561927
0.9702307905555284,1.0306826063801031,0.19057391702720117,8.117635061068999
0.9702402799220492,1.030672525861678,0.18074746701925326,7.886217034475291
0.9702497694741938,1.030662445343253,0.1708489120905972,7.645597009654773
0.9702592592119678,1.0306523648248276,0.16093467889400073,7.3971057389818275
0.9702687491353763,1.0306422843064025,0.15105899402970996,7.142044004034467
0.9702782392444249,1.0306322037879774,0.14127321986370525,6.881654799973637
0.9702877295391191,1.0306221232695523,0.1316253585176502,6.617100432278104
0.9702972200194645,1.030612042751127,0.12215972619867872,6.349445236091496
0.9703067106854663,1.0306019622327018,0.11291679060095984,6.0796443608686115
0.9703162015371298,1.0305918817142767,0.10393315642104814,5.808538843919476
0.9703256925744608,1.0305818011958516,0.09524167834604029,5.536857048138567
0.9703351837974648,1.0305717206774263,0.08687167721645093,5.265222479290308
0.9703446752061469,1.0305616401590012,0.07884923326357496,4.994168042695447
0.9703541668005126,1.030551559640576,0.07119753008551487,4.724156966471015
0.9703636585805675,1.030541479122151,0.06393722401628539,4.455610935790944
0.9703731505463171,1.030531398603726,0.05708681541230012,4.188946492863415
0.9703826426977669,1.0305213180853006,0.050663000818918856,3.9246215286998143
0.970392135034922,1.0305112375668755,0.04468098775393718,3.6631948279246744
0.970401627557788,1.0305011570484504,0.039154756779727094,3.405403263831781
0.9704111202663706,1.0304910765300253,0.03409725855163124,3.152263517476002
0.9704206131606751,1.0304809960116,0.029520536590278177,2.905208112935711
0.9704301062407068,1.0304709154931748,0.02543576966940755,2.66626854042812
0.9704395995064712,1.0304608349747497,0.02185323097420167,2.438318886567905
0.9704490929579738,1.0304507544563246,0.018782164642094222,2.2253845389501294
0.9704585865952203,1.0304406739378993,0.016230583962016393,2.0329845496319763
0.9704680804182158,1.0304305934194742,0.014204999388043111,1.8683799681662456
0.9704775744269657,1.030420512901049,0.012710088525451928,1.7404147711407654
0.9704870686214757,1.030410432382624,0.011748324228865655,1.6584450411635332
0.9704965630017514,1.0304003518641986,0.011319580662672147,1.6300463873276059
0.9705060575677977,1.0303902713457735,0.01142074030993142,1.658230410449276
0.9705155523196205,1.0303801908273484,0.012045327115769623,1.740053794874716
0.970525047257225,1.0303701103089233,0.013183191846579585,1.8677994178959858
0.9705345423806171,1.030360029790498,0.014820275022806207,2.031670382720393
0.9705440376898017,1.030349949272073,0.016938470224489355,2.222106287064536
0.9705535331847844,1.0303398687536478,0.01951560612887446,2.4309199425874164
0.9705630288655709,1.0303297882352227,0.022525559467645274,2.6515213396606176
0.9705725247321664,1.0303197077167976,0.025938503562265236,2.8787248535576944
0.9705820207845767,1.0303096271983723,0.02972128877508926,3.1084564736706377
0.9705915170228068,1.0302995466799472,0.03383794281364808,3.3374918982834365
0.9706010134468622,1.030289466161522,0.03825027111751964,3.5632578229998595
0.9706105100567487,1.030279385643097,0.042918531261389704,3.7836913697022876
0.9706200068524716,1.0302693051246716,0.04780215101858113,3.997143226075153
0.9706295038340362,1.0302592246062465,0.052860457793218504,4.202310674632732
0.9706390010014482,1.0302491440878214,0.05805338765504851,4.3981898475670995
0.9706484983547128,1.0302390635693963,0.06334214500200527,4.584039713241232
0.9706579958938357,1.030228983050971,0.06868978854364487,4.759352829228572
0.9706674936188222,1.0302189025325459,0.07406172525494112,4.923829749643151
0.9706769915296778,1.0302088220141208,0.0794261005633232,5.0773552748514295
0.9706864896264078,1.0301987414956957,0.0847540796619953,5.219975614100332
0.9706959879090179,1.0301886609772706,0.09002002095502638,5.351876106871151
0.9707054863775136,1.0301785804588452,0.0952015478191867,5.473359500917285
0.9707149850319001,1.0301684999404201,0.10027952886406778,5.584824977167058
0.970724483872183,1.030158419421995,0.10523797960130898,5.686748192666842
0.9707339828983678,1.03014833890357,0.11006389991708397,5.779662618972635
0.9707434821104599,1.0301382583851446,0.11474706214146732,5.864142414107554
0.9707529815084647,1.0301281778667195,0.11927976400283807,5.940787002066494
0.9707624810923876,1.0301180973482944,0.12365655959425609,6.0102074611200615
0.9707719808622343,1.0301080168298693,0.1278739798704055,6.073014750967446
0.9707814808180103,1.030097936311444,0.13193025236242387,6.129809746250177
0.9707909809597206,1.0300878557930189,0.13582502789302375,6.181174993231246
0.970800481287371,1.0300777752745938,0.1395591202466325,6.2276680691200434
0.9708099818009669,1.0300676947561687,0.14313426306278879,6.2698163987058315
0.970819482500514,1.0300576142377433,0.14655288676057038,6.3081133698428395
0.9708289833860172,1.0300475337193182,0.1498179170621485,6.343015585239104
0.9708384844574823,1.0300374532008931,0.1529325956910122,6.374941091366564
0.9708479857149148,1.030027372682468,0.15590032304479912,6.404268433608636
0.9708574871583203,1.0300172921640427,0.15872452207482948,6.431336398398768
0.9708669887877039,1.0300072116456176,0.1614085222066308,6.456444316408551
0.9708764906030712,1.0299971311271925,0.16395546188732596,6.479852814670508
0.9708859926044277,1.0299870506087674,0.16636820820923082,6.5017849189531844
0.9708954947917787,1.0299769700903423,0.16864929202371196,6.5224274204262915
0.9709049971651302,1.029966889571917,0.17080085699041508,6.541932432227469
0.970914499724487,1.0299568090534919,0.172824621093864,6.560419072101283
0.9709240024698548,1.0299467285350667,0.17472184928912285,6.577975216998829
0.9709335054012391,1.0299366480166416,0.17649333609242282,6.594659284571971
0.9709430085186456,1.0299265674982163,0.17813939711063323,6.6105020052613765
0.9709525118220792,1.0299164869797912,0.17965986869123438,6.625508157375985
0.9709620153115457,1.029906406461366,0.18105411506665683,6.639658246327607
0.9709715189870506,1.029896325942941,0.18232104255686196,6.652910118168741
0.9709810228485994,1.0298862454245157,0.1834591205736102,6.6652005065594
0.9709905268961975,1.0298761649060906,0.18446640933395053,6.67644652125799
0.9710000311298501,1.0298660843876655,0.1853405943269401,6.686547094641297
0.9710095355495629,1.0298560038692404,0.18607902768209475,6.695384410386077
0.9710190401553415,1.0298459233508153,0.1866787766553615,6.70282534487559
0.9710285449471913,1.02983584283239,0.18713667946268447,6.70872295654282
0.9710380499251176,1.0298257623139648,0.1874494086637924,6.712918061240123
0.9710475550891258,1.0298156817955397,0.18761354220487134,6.715240932144328
0.9710570604392216,1.0298056012771146,0.1876256420933125,6.715513161063007
0.9710665659754105,1.0297955207586893,0.18748234047501916,6.713549713772202
0.9710760716976977,1.0297854402402642,0.18718043264433,6.709161205788912
0.9710855776060888,1.029775359721839,0.18671697623033232,6.7021564167200305
0.9710950837005893,1.029765279203414,0.18608939548560038,6.692345051410956
0.9711045899812049,1.0297551986849887,0.18529558927598103,6.679540745195769
0.9711140964479404,1.0297451181665636,0.18433404103126025,6.663564298695023
0.9711236031008018,1.0297350376481385,0.18320392861232676,6.644247115960711
0.9711331099397944,1.0297249571297133,0.18190523176256507,6.621434808137114
0.971142616964924,1.029714876611288,0.1804388346041999,6.594990914665977
0.9711521241761955,1.029704796092863,0.17880662048839038,6.564800685038489
0.9711616315736146,1.0296947155744378,0.1770115564623738,6.530774857487907
0.9711711391571868,1.0296846350560127,0.1750577646718457,6.492853366709622
0.9711806469269177,1.0296745545375874,0.1729505781819118,6.451008911187918
0.9711901548828126,1.0296644740191623,0.17069657898475588,6.405250312151594
0.9711996630248769,1.0296543935007372,0.16830361634756033,6.355625600215332
0.9712091713531162,1.029644312982312,0.16578080414077,6.302224772449142
0.9712186798675361,1.029634232463887,0.16313849634037036,6.245182170857527
0.9712281885681419,1.0296241519454616,0.16038824050176417,6.184678442587257
0.9712376974549389,1.0296140714270365,0.1575427096205717,6.120942051204159
0.9712472065279328,1.0296039909086114,0.15461561338967011,6.054250315833126
0.971256715787129,1.0295939103901863,0.1516215904154495,5.984929959631779
0.9712662252325333,1.029583829871761,0.14857608340837733,5.913357148954942
0.9712757348641505,1.029573749353336,0.14549519972551453,5.839956999070306
0.9712852446819864,1.0295636688349108,0.14239555986360863,5.7652025096717905
0.9712947546860466,1.0295535883164857,0.1392941366029897,5.689612873849917
0.9713042648763367,1.0295435077980604,0.13620808746291205,5.613751077447772
0.9713137752528617,1.0295334272796353,0.13315458297424304,5.5382206734998976
0.9713232858156272,1.0295233467612102,0.13015063302934488,5.463661581681916
0.9713327965646389,1.029513266242785,0.12721291324699222,5.390744729553175
0.971342307499902,1.02950318572436,0.12435759294693952,5.3201653277874685
0.9713518186214225,1.0294931052059346,0.12160016598201764,5.252634563379953
0.9713613299292052,1.0294830246875095,0.11895528538396734,5.188869513131465
0.9713708414232558,1.0294729441690844,0.11643660255820146,5.129581134049857
0.97138035310358,1.0294628636506593,0.11405661165973509,5.07546028654092
0.9713898649701831,1.029452783132234,0.11182649980445807,5.027161894382485
0.9713993770230706,1.0294427026138089,0.10975600393867879,4.985287539991812
0.9714088892622478,1.0294326220953838,0.10785327549424957,4.95036702158048
0.9714184016877203,1.0294225415769587,0.10612475438776327,4.922839636674003
0.9714279142994938,1.0294124610585333,0.10457505444459793,4.903036169868057
0.9714374270975735,1.0294023805401082,0.10320686289697772,4.891162711687251
0.9714469400819649,1.0293923000216831,0.10202085716057777,4.8872874821225265
0.9714564532526734,1.029382219503258,0.10101564257107436,4.891331750594324
0.9714659666097049,1.0293721389848327,0.10018771507616932,4.903065727612101
0.9714754801530643,1.0293620584664076,0.09953145296714988,4.92210997121973
0.9714849938827574,1.0293519779479825,0.09903914152201498,4.947942444801449
0.9714945077987895,1.0293418974295574,0.09870103387945836,4.979910937772795
0.9715040219011666,1.029331816911132,0.09850545054064318,5.017250174444102
0.9715135361898933,1.029321736392707,0.09843891862459635,5.0591026355118
0.9715230506649757,1.0293116558742819,0.09848635042212342,5.1045419282423605
0.9715325653264191,1.0293015753558568,0.09863125900692275,5.152597471251293
0.9715420801742289,1.0292914948374317,0.09885600677569675,5.202279294607366
0.971551595208411,1.0292814143190063,0.09914208096757278,5.2526018720248535
0.9715611104289703,1.0292713338005812,0.0994703886003914,5.302606070893182
0.9715706258359125,1.0292612532821561,0.09982156201655291,5.351378502313659
0.971580141429243,1.029251172763731,0.10017626547188184,5.3980677567506055
0.9715896572089676,1.0292410922453057,0.10051549301853248,5.441897207865025
0.9715991731750914,1.0292310117268806,0.10082084835014013,5.482174248750913
0.97160868932762,1.0292209312084555,0.10107479826933208,5.518295986500977
0.9716182056665589,1.0292108506900304,0.10126089293191631,5.549751560519638
0.9716277221919138,1.029200770171605,0.10136394788171342,5.576121365336261
0.9716372389036897,1.02919068965318,0.10137018496708228,5.597073549156835
0.9716467558018924,1.0291806091347548,0.101267331363893,5.612358224769392
0.9716562728865272,1.0291705286163297,0.10104467795885058,5.62179986978484
0.9716657901575998,1.0291604480979046,0.10069310012898941,5.625288409651137
0.9716753076151158,1.0291503675794793,0.10020504540649004,5.622769472069789
0.9716848252590801,1.0291402870610542,0.09957449355566962,5.614234277787639
0.9716943430894986,1.029130206542629,0.09879689520480088,5.599709594511139
0.9717038611063767,1.029120126024204,0.09786909537622433,5.579248131628093
0.9717133793097201,1.0291100455057787,0.09678924807182329,5.552919697377456
0.9717228976995338,1.0290999649873536,0.09555672757525985,5.520803380942479
0.9717324162758236,1.0290898844689285,0.09417204137559079,5.482980962075483
0.9717419350385949,1.0290798039505034,0.09263674868177417,5.439531692477331
0.9717514539878535,1.029069723432078,0.0909533874469597,5.390528537358919
0.9717609731236042,1.029059642913653,0.08912541172385671,5.336035912802373
0.9717704924458529,1.0290495623952278,0.08715714007579844,5.27610890443003
0.9717800119546051,1.0290394818768027,0.08505371472557417,5.210793905076416
0.9717895316498665,1.0290294013583774,0.08282107018089097,5.140130563166563
0.9717990515316419,1.0290193208399523,0.08046590926369367,5.064154889011242
0.9718085715999374,1.0290092403215272,0.07799568383061518,4.982903323590777
0.9718180918547581,1.028999159803102,0.07541857703805034,4.89641753478712
0.9718276122961099,1.0289890792846768,0.07274348379868373,4.80474967106978
0.9718371329239979,1.0289789987662517,0.06997998612854159,4.707967775344891
0.9718466537384277,1.0289689182478265,0.06713832039808049,4.60616104506868
0.9718561747394048,1.0289588377294014,0.06422933407919604,4.499444622583989
0.9718656959269346,1.0289487572109763,0.061264430397478815,4.387963615269625
0.9718752173010229,1.028938676692551,0.058255500313559805,4.271896081272674
0.9718847388616748,1.028928596174126,0.055214842402766674,4.151454774911769
0.9718942606088958,1.0289185156557008,0.05215507238667804,4.026887525811548
0.9719037825426917,1.0289084351372757,0.049089025207682616,3.898476226150454
0.9719133046630679,1.0288983546188504,0.04602965350627151,3.766534516622456
0.9719228269700296,1.0288882741004253,0.042989927078531075,3.631404389561152
0.9719323494635824,1.0288781935820002,0.039982738272213075,3.4934520616132754
0.971941872143732,1.028868113063575,0.03702081828107698,3.3530636043326947
0.9719513950104838,1.0288580325451497,0.034116668900443035,3.2106409570080894
0.971960918063843,1.0288479520267246,0.031282513547816214,3.066599084735708
0.9719704413038154,1.0288378715082995,0.028530270288174883,2.921365194524349
0.9719799647304064,1.0288277909898744,0.025871548326109103,2.7753810997543678
0.9719894883436213,1.0288177104714493,0.023317668042690677,2.6291100552774593
0.9719990121434662,1.028807629953024,0.020879703271855975,2.4830497097841846
0.9720085361299458,1.028797549434599,0.018568543227364342,2.337753287257981
0.9720180603030659,1.0287874689161738,0.01639497038442845,2.1938617662203703
0.9720275846628321,1.0287773883977487,0.014369749746763746,2.0521506993034317
0.97203710920925,1.0287673078793234,0.012503724309524135,1.9135963246911805
0.9720466339423247,1.0287572273608983,0.010807911169355554,1.7794663718585317
0.9720561588620619,1.0287471468424731,0.009293592610756997,1.6514402764256628
0.972065683968467,1.028737066324048,0.007972396588269055,1.531758475103237
0.9720752092615459,1.0287269858056227,0.006856361284751274,1.4233849745413807
0.9720847347413034,1.0287169052871976,0.005957978831533701,1.3301318813770333
0.9720942604077454,1.0287068247687725,0.005290213791866232,1.256633074548342
0.9721037862608772,1.0286967442503474,0.004866492623820792,1.2079921493890027
0.9721133123007047,1.028686663731922,0.004700661039752685,1.188967626362447
0.9721228385272329,1.028676583213497,0.004806906973348384,1.2028312352850183
0.9721323649404675,1.0286665026950719,0.005199647755410116,1.25044592581297
0.972141891540414,1.0286564221766468,0.005893381100248821,1.330163638176571
0.972151418327078,1.0286463416582214,0.00690250061919214,1.4385773770829924
0.9721609453004646,1.0286362611397963,0.008241077808694286,1.5715756083407773
0.9721704724605796,1.0286261806213712,0.009922613793643823,1.7251544139772
0.9721799998074285,1.0286161001029461,0.011959765511475656,1.8958195569939742
0.9721895273410166,1.028606019584521,0.01436405245263136,2.0806796902590743
0.9721990550613498,1.0285959390660957,0.017145551459054782,2.2773839597682115
0.9722085829684332,1.0285858585476706,0.020312588335991425,2.4840093234551848
0.9722181110622722,1.0285757780292455,0.023871436064388612,2.698949023441902
0.9722276393428725,1.0285656975108204,0.02782603009267648,2.9208206515597634
0.9722371678102398,1.028555616992395,0.03217771145561331,3.1483968667005273
0.9722466964643792,1.02854553647397,0.0369250082185568,3.38055613216759
0.9722562253052964,1.0285354559555449,0.04206346493297603,3.616249465034721
0.9722657543329968,1.0285253754371197,0.047585528389342276,3.854479411848406
0.9722752835474862,1.0285152949186944,0.05348049601104071,4.094288121128764
0.9722848129487696,1.0285052144002693,0.059734530813178865,4.3347520417654986
0.9722943425368527,1.0284951338818442,0.06633074410322011,4.5749813158897465
0.972303872311741,1.028485053363419,0.07324934417122701,4.814122345953466
0.9723134022734401,1.028474972844994,0.08046784632607253,5.051362325998926
0.9723229324219556,1.0284648923265687,0.08796133695878894,5.285934766084732
0.9723324627572925,1.0284548118081436,0.09570278205809916,5.517125232290634
0.9723419932794566,1.0284447312897185,0.10366336892082942,5.744276690073458
0.9723515239884535,1.0284346507712934,0.11181286878844814,5.96679398644431
0.9723610548842887,1.028424570252868,0.12012000787419005,6.184147142601217
0.9723705859669673,1.028414489734443,0.12855283468686662,6.395873254203935
0.9723801172364952,1.0284044092160178,0.1370790726644865,6.6015769113914615
0.9723896486928777,1.0283943286975927,0.14566644876419077,6.800929152443055
0.9723991803361206,1.0283842481791674,0.1542829906839483,6.993665051857957
0.9724087121662289,1.0283741676607423,0.16289728763728872,7.1795801134424595
0.9724182441832084,1.0283640871423172,0.17147871189293187,7.358525690409338
0.9724277763870646,1.028354006623892,0.17999760047738952,7.5304036874129014
0.972437308777803,1.0283439261054668,0.1884253983852851,7.695160814336008
0.9724468413554289,1.0283338455870417,0.19673476623646965,7.85278265968878
0.9724563741199479,1.0283237650686166,0.2048996565193369,8.003287835117975
0.9724659070713656,1.0283136845501915,0.21289536330371583,8.146722413639429
0.9724754402096876,1.0283036040317661,0.22069855062771826,8.283154846003121
0.9724849735349189,1.028293523513341,0.2282872646638532,8.412671494396077
0.9724945070470654,1.028283442994916,0.2356409343295297,8.5353728736344
0.9725040407461326,1.0282733624764908,0.24274036426516457,8.65137063917436
0.9725135746321258,1.0282632819580657,0.24956772317640177,8.76078531184805
0.9725231087050509,1.0282532014396404,0.25610652948503987,8.863744682903091
0.9725326429649129,1.0282431209212153,0.2623416351528231,8.960382802024286
0.9725421774117174,1.0282330404027902,0.26825920753295024,9.050839417540915
0.9725517120454701,1.028222959884365,0.2738467082115973,9.135259713085267
0.9725612468661766,1.0282128793659397,0.2790928671217652,9.213794170060003
0.9725707818738419,1.0282027988475146,0.283987649775651,9.28659838096018
0.9725803170684719,1.0281927183290895,0.2885222152989422,9.353832644872243
0.972589852450072,1.0281826378106644,0.29268886306823516,9.415661192842068
0.972599388018648,1.028172557292239,0.2964809661608001,9.472250916667734
0.9726089237742047,1.028162476773814,0.29989289045387774,9.523769507556088
0.9726184597167481,1.028152396255389,0.3029198990491577,9.570382949742994
0.9726279958462836,1.0281423157369638,0.30555804266050485,9.612252355663625
0.9726375321628167,1.0281322352185387,0.30780403763280784,9.64953017129401
0.972647068666353,1.0281221547001134,0.3096551342859673,9.682355820415053
0.9726566053568978,1.0281120741816883,0.3111089792366449,9.710850892648473
0.9726661422344567,1.0281019936632632,0.31216347617502394,9.735114010340723
0.9726756792990352,1.028091913144838,0.31281665024083066,9.755215532881778
0.9726852165506389,1.0280818326264127,0.3130665215969966,9.7711922729828
0.9726947539892731,1.0280717521079876,0.31291099404809164,9.783042408120481
0.9727042916149434,1.0280616715895625,0.3123477645669849,9.790720772108283
0.9727138294276553,1.0280515910711374,0.3113742594088026,9.79413470778238
0.9727233674274145,1.028041510552712,0.3099876020892073,9.793140652808459
0.9727329056142261,1.028031430034287,0.3081846179219647,9.787541618174366
0.9727424439880958,1.0280213495158619,0.3059618790498456,9.777085703747927
0.9727519825490292,1.0280112689974368,0.30331579297637284,9.761465778199833
0.9727615212970319,1.0280011884790115,0.3002427365156675,9.740320431902518
0.972771060232109,1.0279911079605863,0.29673923584119394,9.713236291217166
0.9727805993542662,1.0279810274421612,0.29280219191074497,9.679751760304372
0.972790138663509,1.0279709469237361,0.2884291490001584,9.639362231567722
0.9727996781598433,1.0279608664053108,0.2836186023881735,9.591526777236362
0.9728092178432739,1.0279507858868857,0.27837033943076883,9.535676301363631
0.9728187577138067,1.0279407053684606,0.27268580637355805,9.471223093033483
0.9728282977714471,1.0279306248500355,0.2665684913543701,9.397571677451943
0.9728378380162006,1.0279205443316104,0.26002431220382555,9.31413081219611
0.9728473784480731,1.027910463813185,0.2530619959888045,9.220326422071029
0.9728569190670695,1.02790038329476,0.24569343588173834,9.115615210134429
0.9728664598731955,1.0278903027763349,0.2379340100131736,8.999498626928027
0.9728760008664568,1.0278802222579098,0.2298028466440047,8.871536829120918
0.972885542046859,1.0278701417394844,0.22132302037276924,8.731362216510862
0.972895083414407,1.0278600612210593,0.212521665321,8.578692107992849
0.9729046249691068,1.0278499807026342,0.20342999333018008,8.413340106830077
0.9729141667109638,1.0278399001842091,0.19408320819258298,8.235225717879318
0.9729237086399837,1.0278298196657838,0.18452031070113906,8.04438181648568
0.9729332507561715,1.0278197391473587,0.17478379371827502,7.840959632253346
0.9729427930595332,1.0278096586289336,0.16491923126012506,7.625230999123942
0.9729523355500741,1.0277995781105085,0.1549747705041202,7.397587733604019
0.9729618782277997,1.0277894975920834,0.1450005402803824,7.158538129221126
0.9729714210927157,1.027779417073658,0.13504799369840423,6.908700691226904
0.9729809641448273,1.027769336555233,0.12516920574610294,6.648795372395501
0.9729905073841401,1.0277592560368078,0.11541614874757958,6.379632700850279
0.9730000508106597,1.0277491755183827,0.10583996932359738,6.102101307393244
0.9730095944243917,1.0277390949999574,0.0964902898957698,5.8171544576723635
0.9730191382253415,1.0277290144815323,0.08741455592243327,5.525796273827917
0.9730286822135144,1.0277189339631072,0.07865744706501605,5.229068393539624
0.9730382263889161,1.027708853444682,0.07026036669247147,4.928037874307139
0.9730477707515524,1.0276987729262568,0.06226101977705558,4.623787225376414
0.9730573153014282,1.0276886924078317,0.054693084708676384,4.317407574461521
0.9730668600385495,1.0276786118894066,0.04758598015130442,4.009996207393377
0.9730764049629216,1.0276685313709815,0.04096472407579612,3.702660153530285
0.9730859500745501,1.0276584508525561,0.03484987873725824,3.396528300288785
0.9730954953734404,1.027648370334131,0.029257572774576013,3.0927760258221046
0.973105040859598,1.027638289815706,0.024199589851769378,2.7926691522426768
0.9731145865330286,1.0276282092972808,0.0196835123386175,2.4976393586145718
0.9731241323937377,1.0276181287788555,0.015712908364239702,2.209413512946638
0.9731336784417306,1.0276080482604304,0.012287551075711162,1.930239654098226
0.9731432246770128,1.0275979677420053,0.009403659944632815,1.663291999360695
0.97315277109959,1.0275878872235802,0.007054155347416756,1.413409742357307
0.9731623177094676,1.027577806705155,0.005228919240702286,1.1884197055698147
0.9731718645066514,1.0275677261867298,0.003915056430845858,1.0011999091169372
0.9731814114911465,1.0275576456683047,0.003097152570440888,0.8712920285030891
0.9731909586629585,1.0275475651498795,0.00275752650889461,0.82048770588766
0.973200506022093,1.0275374846314544,0.0028764759046421497,0.8571248047344158
0.9732100535685556,1.0275274041130291,0.003432516023570797,0.9660535289265154
0.9732196013023516,1.027517323594604,0.004402612376710273,1.121793244352117
0.9732291492234868,1.027507243076179,0.005762408285181457,1.303600259903526
0.9732386973319663,1.0274971625577538,0.007486448615573781,1.4984084091064926
0.9732482456277962,1.0274870820393285,0.009548400833834635,1.698541849552022
0.9732577941109815,1.0274770015209034,0.011921274222400125,1.8994504135979684
0.9732673427815278,1.0274669210024783,0.014577637646027588,2.0983362694910443
0.9732768916394408,1.0274568404840532,0.017489835688885208,2.2934048011071235
0.9732864406847258,1.027446759965628,0.02063020238296187,2.4834595119879186
0.9732959899173887,1.0274366794472027,0.02397127115873084,2.667677959878129
0.9733055393374346,1.0274265989287776,0.027485979121220642,2.8454838389313197
0.9733150889448691,1.0274165184103525,0.031147863343405992,3.016471530568156
0.9733246387396978,1.0274064378919274,0.034931246583101816,3.1803601924685827
0.9733341887219263,1.027396357373502,0.038811409721176575,3.3369649708358633
0.97334373889156,1.027386276855077,0.04276474825769143,3.486178384418955
0.9733532892486043,1.027376196336652,0.04676891041840841,3.6279578599495403
0.9733628397930648,1.0273661158182268,0.05080291476451586,3.7623170244324293
0.9733723905249474,1.0273560352998015,0.054847245671896375,3.889319293499785
0.973381941444257,1.0273459547813764,0.05888392558476632,4.009072848246566
0.9733914925509994,1.0273358742629513,0.06289656355154,4.121726431734189
0.9734010438451801,1.0273257937445262,0.06687038014292755,4.227465608402603
0.973410595326805,1.0273157132261008,0.0707922094408728,4.32650926612942
0.9734201469958789,1.0273056327076757,0.0746504793072943,4.419106228868815
0.9734296988524076,1.0272955521892506,0.07843517159720981,4.5055319055020355
0.9734392508963967,1.0272854716708255,0.0821377643377466,4.586084937498005
0.973448803127852,1.0272753911524002,0.08575115816169221,4.661083831445615
0.9734583555467785,1.027265310633975,0.08926958944668999,4.730863576482199
0.973467908153182,1.02725523011555,0.09268853268274523,4.795772254564243
0.9734774609470679,1.0272451495971249,0.09600459457779123,4.856167655601106
0.9734870139284417,1.0272350690786998,0.09921540232521102,4.912413911322826
0.9734965670973094,1.0272249885602744,0.10231948831794219,4.964878162777277
0.9735061204536757,1.0272149080418493,0.10531617340522018,5.013927277091845
0.9735156739975467,1.0272048275234242,0.10820545057742592,5.059924630434726
0.9735252277289277,1.0271947470049991,0.1109878707327582,5.103226975867627
0.9735347816478245,1.0271846664865738,0.11366443194109664,5.144181417008649
0.9735443357542422,1.0271745859681487,0.11623647338684649,5.183122510913158
0.9735538900481864,1.0271645054497236,0.11870557494316888,5.220369525714559
0.9735634445296629,1.0271544249312985,0.121073463114806,5.256223879977996
0.9735729991986772,1.0271443444128732,0.12334192388604315,5.290966790817401
0.9735825540552345,1.027134263894448,0.12551272282759526,5.324857156267307
0.9735921090993406,1.027124183376023,0.1275875326525258,5.35812969393243
0.9736016643310008,1.0271141028575979,0.12956786826838554,5.390993352575606
0.9736112197502208,1.0271040223391728,0.13145502925235428,5.423630006267644
0.9736207753570063,1.0270939418207474,0.1332500495797865,5.456193432532864
0.9736303311513623,1.0270838613023223,0.1349536543673209,5.4888085672273785
0.9736398871332947,1.0270737807838972,0.13656622334615268,5.521571020347118
0.973649443302809,1.0270637002654721,0.1380877607680721,5.554546829589059
0.9736589996599108,1.0270536197470468,0.13951787145784933,5.587772422728594
0.9736685562046054,1.0270435392286217,0.14085574276593715,5.621254756502788
0.9736781129368982,1.0270334587101966,0.1421001322406644,5.6549715989863145
0.9736876698567951,1.0270233781917715,0.1432493609256789,5.6888719245069
0.9736972269643016,1.0270132976733461,0.144301312291786,5.722876394959262
0.9737067842594229,1.027003217154921,0.1452534369293108,5.756877908580395
0.9737163417421648,1.026993136636496,0.1461027632462286,5.790742206386116
0.9737258994125326,1.0269830561180708,0.14684591453568172,5.824308536964181
0.9737354572705322,1.0269729755996455,0.1474791328819735,5.857390391564533
0.9737450153161687,1.0269628950812204,0.1479983104601423,5.889776332694944
0.9737545735494479,1.0269528145627953,0.1483990288411038,5.921230950187671
0.9737641319703751,1.0269427340443702,0.14867660692765858,5.951495988109249
0.9737736905789564,1.0269326535259449,0.14882615811801234,5.980291693670494
0.9737832493751964,1.0269225730075198,0.1488426571987918,6.007318444555954
0.9737928083591013,1.0269124924890947,0.14872101731450335,6.032258713576743
0.9738023675306764,1.0269024119706696,0.1484561771309666,6.054779428632349
0.9738119268899272,1.0268923314522445,0.14804319800361573,6.074534781240367
0.9738214864368596,1.0268822509338191,0.14747737058138732,6.091169528049235
0.9738310461714785,1.026872170415394,0.14675432982641212,6.104322816513651
0.9738406060937899,1.026862089896969,0.14587017691464288,6.113632548159403
0.9738501662037992,1.0268520093785438,0.14482160593136406,6.118740270863655
0.973859726501512,1.0268419288601185,0.14360603270329797,6.119296565690799
0.9738692869869335,1.0268318483416934,0.1422217225528255,6.1149668648162905
0.9738788476600696,1.0268217678232683,0.14066791325606195,6.105437606149826
0.9738884085209256,1.0268116873048432,0.13894492908547298,6.090422599020975
0.9738979695695074,1.0268016067864179,0.13705428155146315,6.069669445432315
0.9739075308058199,1.0267915262679927,0.13499875238648631,6.042965835348391
0.9739170922298691,1.0267814457495676,0.13278245446014225,6.010145514226642
0.9739266538416603,1.0267713652311425,0.1304108667145727,5.9710937090089775
0.9739362156411993,1.0267612847127174,0.12789083986760394,5.925751796867995
0.9739457776284915,1.026751204194292,0.12523057053618153,5.874121010380762
0.9739553398035424,1.026741123675867,0.12243954256154393,5.816264994530081
0.9739649021663574,1.026731043157442,0.11952843560565993,5.752311064283344
0.9739744647169422,1.0267209626390168,0.11650900247154744,5.682450055554717
0.9739840274553024,1.0267108821205915,0.11339391798783309,5.6069347147341295
0.9739935903814434,1.0267008016021664,0.11019660359319627,5.52607662953359
0.9740031534953706,1.0266907210837413,0.10693103288022283,5.4402417632632325
0.9740127167970898,1.0266806405653162,0.10361152421202362,5.349844711508396
0.9740222802866065,1.0266705600468908,0.10025252706470994,5.255341851093709
0.9740318439639261,1.0266604795284657,0.09686840893280187,5.157223592787451
0.974041407829054,1.0266503990100406,0.09347324945171044,5.056005978823253
0.974050971881996,1.0266403184916155,0.09008064787485354,4.952221882831569
0.9740605361227578,1.0266302379731902,0.08670354923298618,4.846412072716275
0.9740701005513444,1.026620157454765,0.08335409347301058,4.739116387324996
0.9740796651677616,1.02661007693634,0.08004349069862177,4.6308652571048805
0.974089229972015,1.0265999964179149,0.07678192440705002,4.5221717700177875
0.9740987949641102,1.0265899158994896,0.07357848340604681,4.413524449357283
0.9741083601440524,1.0265798353810645,0.07044112198120443,4.305380873099332
0.9741179255118474,1.0265697548626393,0.06737664691037737,4.198162227296116
0.9741274910675007,1.0265596743442142,0.06439072913446779,4.0922488515112185
0.9741370568110178,1.0265495938257891,0.06148793730348437,3.9879768036845866
0.9741466227424045,1.0265395133073638,0.05867179002470671,3.8856354461492075
0.9741561888616658,1.0265294327889387,0.055944823440050216,3.7854660342161157
0.9741657551688074,1.0265193522705136,0.05330867071935258,3.6876612731989917
0.9741753216638351,1.0265092717520885,0.05076415015859041,3.5923657985075557
0.9741848883467545,1.0264991912336632,0.04831135876988578,3.4996775249594063
0.9741944552175708,1.026489110715238,0.045949768529105706,3.4096498050821773
0.9742040222762894,1.026479030196813,0.043678322759532026,3.322294330126623
0.9742135895229164,1.0264689496783879,0.04149553047248326,3.237584701574567
0.974223156957457,1.0264588691599625,0.03939955681760499,3.1554605937259903
0.9742327245799166,1.0264487886415374,0.03738830811931668,3.0758324198204194
0.974242292390301,1.0264387081231123,0.035459510275844174,2.9985864049795903
0.9742518603886156,1.0264286276046872,0.033610779570642076,2.9235899595739663
0.9742614285748659,1.0264185470862621,0.03183968519496743,2.850697237244675
0.9742709969490578,1.0264084665678368,0.03014380300580968,2.7797547536605802
0.9742805655111964,1.0263983860494117,0.028520760252972517,2.71060693627903
0.9742901342612872,1.0263883055309866,0.02696827120590592,2.6431014728228677
0.974299703199336,1.0263782250125615,0.025484163799835487,2.5770943277646485
0.9743092723253486,1.0263681444941362,0.02406639760621657,2.5124543025035737
0.9743188416393298,1.026358063975711,0.02271307361535325,2.4490670265078087
0.9743284111412857,1.026347983457286,0.021422436495629207,2.386838283438571
0.9743379808312216,1.0263379029388608,0.020192870161231054,2.325696597826865
0.9743475507091434,1.0263278224204355,0.01902288763346228,2.2655950337291686
0.9743571207750561,1.0263177419020104,0.017911116306663234,2.2065121854980023
0.9743666910289654,1.0263076613835853,0.016856279824655637,2.148452371306448
0.9743762614708771,1.0262975808651602,0.015857177826571565,2.091445070513717
0.9743858321007965,1.026287500346735,0.01491266482557998,2.035543674597408
0.9743954029187295,1.0262774198283098,0.01402162943872316,1.9808236464895443
0.9744049739246811,1.0262673393098847,0.01318297509000161,1.927380203089317
0.9744145451186571,1.0262572587914596,0.012395603166497574,1.8753256492086876
0.9744241165006632,1.0262471782730342,0.011658399428822392,1.8247864975335861
0.9744336880707046,1.0262370977546091,0.010970224270850678,1.7759005079195493
0.974443259828787,1.026227017236184,0.010329907205098621,1.728813770889093
0.974452831774916,1.026216936717759,0.009736245733795144,1.6836779455560407
0.9744624039090971,1.0262068561993338,0.009188008560602357,1.6406477422721313
0.9744719762313361,1.0261967756809085,0.00868394292030399,1.599878717118343
0.9744815487416381,1.0261866951624834,0.008222785657944558,1.561525420440068
0.9744911214400087,1.0261766146440583,0.007803277580404509,1.5257399167132997
0.9745006943264536,1.0261665341256332,0.007424180534830804,1.4926706699208276
0.9745102674009786,1.0261564536072079,0.0070842966347560085,1.462461768340316
0.9745198406635887,1.0261463730887828,0.006782489054295683,1.4352524464572232
0.9745294141142897,1.0261362925703577,0.006517703835668393,1.4111768501149828
0.9745389877530871,1.0261262120519326,0.006288992197731432,1.3903639841373052
0.9745485615799868,1.0261161315335072,0.006095532886635402,1.3729377794771611
0.9745581355949938,1.0261060510150821,0.005936654166148519,1.3590172188746727
0.9745677097981138,1.026095970496657,0.0058118550990714606,1.3487164653197852
0.9745772841893525,1.026085889978232,0.0057208258169248755,1.3421449452613974
0.9745868587687153,1.0260758094598068,0.005663466510176185,1.3394073475411667
0.9745964335362081,1.0260657289413815,0.005639904892717633,1.3406035082148164
0.9746060084918359,1.0260556484229564,0.0056505119019654975,1.345828159952434
0.9746155836356045,1.0260455679045313,0.005695915390745427,1.3551705318986096
0.9746251589675194,1.0260354873861062,0.005777011549620012,1.3687137913218266
0.9746347344875864,1.0260254068676808,0.005894973772067781,1.386534322281165
0.9746443101958108,1.0260153263492557,0.006051258642562113,1.4087008392380775
0.9746538860921979,1.0260052458308306,0.006247608692878127,1.4352733357542222
0.9746634621767538,1.0259951653124055,0.0064860515394882775,1.4663018709250146
0.9746730384494838,1.0259850847939802,0.00676889498870652,1.5018251996823595
0.9746826149103933,1.025975004275555,0.007098717681112767,1.5418692580283897
0.9746921915594879,1.02596492375713,0.007478354848632441,1.5864455209351769
0.9747017683967732,1.025954843238705,0.007910878778450042,1.6355492586444482
0.9747113454222549,1.0259447627202798,0.008399573625661525,1.6891577263874458
0.9747209226359386,1.0259346822018545,0.008947904291650512,1.7472283321786646
0.9747305000378294,1.0259246016834294,0.00955947919234833,1.8096968368178126
0.974740077627933,1.0259145211650043,0.01023800688116282,1.8764756488472285
0.9747496554062551,1.0259044406465792,0.010987246663241707,1.9474522840865822
0.9747592333728016,1.0258943601281538,0.011810953542732466,2.0224880643505565
0.9747688115275772,1.0258842796097287,0.012712818072368107,2.101417131955621
0.9747783898705881,1.0258741990913036,0.013696401923816286,2.184045855854627
0.9747879684018395,1.0258641185728785,0.014765070252249657,2.270152700857002
0.9747975471213374,1.0258540380544532,0.01592192217976786,2.359488623498178
0.9748071260290867,1.025843957536028,0.017169720955973494,2.4517780467227204
0.9748167051250934,1.025833877017603,0.018510825547894735,2.5467204502477463
0.9748262844093629,1.0258237964991779,0.019947125558498525,2.6439925954189696
0.974835863881901,1.0258137159807525,0.02147998144637876,2.743251382137538
0.974845443542713,1.0258036354623274,0.02311017201467347,2.8441373125958336
0.9748550233918043,1.0257935549439023,0.02483785104078198,2.9462785127353794
0.9748646034291807,1.0257834744254772,0.026662514723264585,3.049295238558126
0.9748741836548479,1.025773393907052,0.028582981337663946,3.1528047725120434
0.974883764068811,1.0257633133886268,0.030597384117086113,3.256426595762823
0.974893344671076,1.0257532328702017,0.03270317793180301,3.3597877071335485
0.9749029254616481,1.0257431523517766,0.03489715984611814,3.4625279493111023
0.9749125064405331,1.0257330718333515,0.03717550311442923,3.5643051987652545
0.9749220876077365,1.0257229913149262,0.03953380366505356,3.664800277783193
0.9749316689632637,1.025712910796501,0.041967137638476114,3.7637214550046107
0.9749412505071203,1.025702830278076,0.044470128131043625,3.860808414739054
0.974950832239312,1.0256927497596509,0.04703701895265967,3.9558355934747964
0.9749604141598445,1.0256826692412255,0.04966175297391334,4.048614804094195
0.9749699962687228,1.0256725887228004,0.05233805250774281,4.138997092175664
0.9749795785659529,1.0256625082043753,0.05505949915503283,4.226873793333715
0.9749891610515401,1.0256524276859502,0.05781961062729692,4.312176783992911
0.9749987437254903,1.025642347167525,0.060611912245612486,4.394877939518753
0.9750083265878087,1.0256322666490998,0.06343000106775576,4.4749878315398375
0.975017909638501,1.0256221861306747,0.06626760091370999,4.552553710506362
0.9750274928775727,1.0256121056122496,0.0691186069068063,4.627656829209511
0.9750370763050293,1.0256020250938245,0.07197711851691424,4.700409168554234
0.9750466599208768,1.0255919445753992,0.07483746045757544,4.7709496285090065
0.9750562437251202,1.025581864056974,0.0776941911393953,4.839439745640698
0.9750658277177653,1.025571783538549,0.08054209871307816,4.9060589950506035
0.9750754118988175,1.0255617030201238,0.08337618503297411,4.970999729816672
0.9750849962682827,1.0255516225016985,0.08619163814647927,5.034461806691116
0.9750945808261661,1.0255415419832734,0.08898379416390181,5.096646943982798
0.9751041655724734,1.0255314614648483,0.09174808959378129,5.157752857499792
0.97511375050721,1.0255213809464232,0.09448000545581167,5.217967224392953
0.9751233356303819,1.0255113004279979,0.09717500470595285,5.277461533351298
0.9751329209419942,1.0255012199095728,0.09982846474752705,5.336384893766057
0.9751425064420526,1.0254911393911477,0.10243560704967299,5.394857895913022
0.9751520921305625,1.0254810588727226,0.10499142616379997,5.452966638816796
0.9751616780075301,1.0254709783542972,0.10749062070580333,5.510757070927982
0.9751712640729601,1.0254608978358721,0.10992752914907361,5.568229819275078
0.9751808503268584,1.025450817317447,0.11229607352861007,5.625335712795502
0.9751904367692308,1.025440736799022,0.11458971435497826,5.681972231370666
0.9752000234000827,1.0254306562805966,0.11680142014653748,5.737981129965906
0.9752096102194195,1.0254205757621715,0.1189236549566674,5.793147492292511
0.9752191972272469,1.0254104952437464,0.12094838705340323,5.847200456235661
0.9752287844235704,1.0254004147253213,0.12286712145735242,5.899815819781197
0.9752383718083956,1.0253903342068962,0.12467095831876891,5.950620678366903
0.9752479593817283,1.0253802536884709,0.1263506781084809,5.9992001616978845
0.9752575471435735,1.0253701731700458,0.12789685330890885,6.045106231425235
0.9752671350939371,1.0253600926516206,0.1292999847789974,6.087868375754668
0.9752767232328247,1.0253500121331955,0.13055065930845355,6.127005900821613
0.975286311560242,1.0253399316147702,0.1316397231991742,6.162041382805286
0.9752959000761942,1.0253298510963451,0.13255846517705658,6.192514722738836
0.9753054887806869,1.02531977057792,0.1332988006998188,6.217997151492662
0.9753150776737258,1.025309690059495,0.13385344897308182,6.2381044793442175
0.9753246667553167,1.0252996095410696,0.13421609383409952,6.252508882389308
0.9753342560254646,1.0252895290226445,0.1343815201929044,6.260948572195168
0.9753438454841755,1.0252794485042194,0.13434571894927808,6.263234804685437
0.9753534351314548,1.0252693679857943,0.13410595514087964,6.259255841204823
0.975363024967308,1.0252592874673692,0.13366079637837333,6.248977665496756
0.975372614991741,1.0252492069489438,0.1330101011724586,6.232441466794182
0.9753822052047589,1.0252391264305187,0.13215496931574003,6.209758101445638
0.9753917956063675,1.0252290459120936,0.13109765879705607,6.181099924038651
0.9754013861965724,1.0252189653936685,0.12984147561336942,6.146690518795713
0.9754109769753792,1.0252088848752432,0.12839064413684714,6.106792952121094
0.9754205679427932,1.025198804356818,0.12675016634069233,6.061697204197058
0.9754301590988201,1.025188723838393,0.12492567818830762,6.011707423411136
0.9754397504434655,1.0251786433199679,0.12292331091719931,5.957129589719253
0.9754493419767352,1.0251685628015426,0.12074956393160789,5.898260082819345
0.9754589336986342,1.0251584822831175,0.11841119469511477,5.835375540823238
0.9754685256091685,1.0251484017646924,0.1159151295420824,5.768724277501423
0.9754781177083436,1.0251383212462672,0.11326839783941166,5.698519412131956
0.9754877099961651,1.025128240727842,0.11047809053472832,5.624933763796763
0.9754973024726383,1.0251181602094168,0.1075513428986289,5.5480964773482455
0.975506895137769,1.0251080796909917,0.1044953402525869,5.4680912838680396
0.9755164879915627,1.0250979991725666,0.10131734467750153,5.384956254580901
0.9755260810340252,1.0250879186541413,0.09802474011291687,5.29868488226471
0.9755356742651615,1.0250778381357162,0.094625092856419,5.209228315488851
0.9755452676849776,1.025067757617291,0.09112622421956408,5.116498574920526
0.975554861293479,1.025057677098866,0.08753629195774604,5.020372594016378
0.9755644550906712,1.0250475965804409,0.08386387702438615,4.9206969450031295
0.9755740490765601,1.0250375160620155,0.08011807218447836,4.8172931324051715
0.9755836432511507,1.0250274355435904,0.0763085690277652,4.709963357828041
0.9755932376144488,1.0250173550251653,0.07244573994190456,4.598496679585879
0.9756028321664602,1.0250072745067402,0.06854071163443354,4.482675507998157
0.9756124269071903,1.024997193988315,0.06460542683039958,4.3622823909777715
0.9756220218366445,1.0249871134698898,0.06065269083347002,4.237107055212133
0.9756316169548285,1.0249770329514647,0.056696199740623884,4.106953676490482
0.9756412122617478,1.0249669524330396,0.052750547259197256,3.9716483599083725
0.9756508077574084,1.0249568719146143,0.048831207319479424,3.831046819345823
0.9756604034418153,1.0249467913961892,0.04495449002332361,3.6850422591684797
0.9756699993149742,1.024936710877764,0.04113746894346855,3.5335734851197036
0.9756795953768909,1.024926630359339,0.03739787840372256,3.3766333139854616
0.9756891916275707,1.0249165498409138,0.03375398013230023,3.2142774255011073
0.9756987880670196,1.0249064693224885,0.030224399588896785,3.04663392563493
0.9757083846952426,1.0248963888040634,0.02682793330398602,2.873914101655713
0.9757179815122455,1.0248863082856383,0.023583329704774194,2.696425204257671
0.9757275785180339,1.0248762277672132,0.02050904709820175,2.5145866938519514
0.9757371757126138,1.0248661472487879,0.017622993669630427,2.32895242533761
0.9757467730959899,1.0248560667303628,0.014942255481817426,2.140243074988886
0.9757563706681683,1.0248459862119377,0.012482819431364707,1.949396422128344
0.9757659684291545,1.0248359056935126,0.010259298881504439,1.75764924070258
0.9757755663789544,1.0248258251750872,0.008284670150095964,1.5666761815742336
0.9757851645175728,1.0248157446566621,0.006570028149791195,1.3788330728192353
0.9757947628450159,1.024805664138237,0.00512436920299605,1.197591939976375
0.975804361361289,1.024795583619812,0.003954408382856311,1.0283133069907926
0.975813960066398,1.0247855031013866,0.0030644376706188627,0.8795082910623873
0.9758235589603479,1.0247754225829615,0.0024562298221661167,0.7642959537046795
0.9758331580431447,1.0247653420645364,0.002128991168658676,0.6997696011051999
0.9758427573147939,1.0247552615461113,0.0020793647377374447,0.6995178479002109
0.9758523567753011,1.024745181027686,0.002301483177257288,0.7623053743523276
0.9758619564246718,1.0247351005092609,0.0027870691111227495,0.8728785299616796
0.9758715562629116,1.0247250199908358,0.0035255788641784984,1.013698851503798
0.9758811562900259,1.0247149394724107,0.004504384055803218,1.171755497532553
0.9758907565060205,1.0247048589539856,0.005708984454214557,1.3387586283574189
0.9759003569109012,1.0246947784355602,0.007123244752316224,1.5095635616216752
0.975909957504673,1.0246846979171351,0.008729647587693153,1.6808958122892759
0.9759195582873418,1.02467461739871,0.010509555176353633,1.850583116939982
0.9759291592589131,1.024664536880285,0.012443472323674667,2.0171230640825586
0.9759387604193928,1.0246544563618596,0.014511304263240892,2.179439242377043
0.9759483617687859,1.0246443758434345,0.01669260368743092,2.3367398049590435
0.9759579633070983,1.0246342953250094,0.018966802397015817,2.48843214268907
0.9759675650343355,1.0246242148065843,0.021313424134770245,2.6340690303905134
0.9759771669505034,1.024614134288159,0.02371227631662508,2.7733129578611733
0.975986769055607,1.0246040537697338,0.026143619463557796,2.9059113230002076
0.9759963713496522,1.0245939732513087,0.02858831413008208,3.03167836254601
0.9760059738326446,1.0245838927328836,0.031027945975164933,3.1504814520035027
0.9760155765045897,1.0245738122144585,0.03344493031277025,3.2622303939911013
0.9760251793654934,1.0245637316960332,0.03582259799513843,3.366868880942688
0.9760347824153606,1.024553651177608,0.03814526482225299,3.464367647983182
0.9760443856541974,1.024543570659183,0.04039828684153856,3.5547190246937572
0.9760539890820091,1.024533490140758,0.04256810391365007,3.637932706019763
0.9760635926988017,1.0245234096223326,0.04464227379353216,3.7140326246253528
0.9760731965045802,1.0245133291039075,0.04660949872859198,3.783054838037068
0.9760828004993506,1.0245032485854824,0.048459646232476596,3.845046355118724
0.9760924046831183,1.0244931680670573,0.05018376527951128,3.900064824784509
0.9761020090558892,1.024483087548632,0.051774098708949744,3.9481789998605916
0.9761116136176683,1.0244730070302068,0.0532240921559215,3.9894698737821885
0.9761212183684614,1.0244629265117817,0.05452839937003474,4.02403236996134
0.9761308233082744,1.0244528459933566,0.05568288336614367,4.0519774450901425
0.9761404284371127,1.0244427654749313,0.056684612509744166,4.073434450540232
0.9761500337549817,1.0244326849565062,0.05753185038762615,4.088553582014577
0.976159639261887,1.024422604438081,0.0582240381818934,4.097508238629335
0.9761692449578343,1.024412523919656,0.05876176825774339,4.100497110026822
0.9761788508428295,1.0244024434012307,0.05914674780510476,4.097745815353754
0.9761884569168775,1.0243923628828056,0.059381751633996255,4.0895079316844125
0.9761980631799844,1.0243822823643804,0.05947056360002347,4.076065271977345
0.9762076696321554,1.0243722018459553,0.059417906607104276,4.05772730356415
0.9762172762733964,1.0243621213275302,0.059229361667667166,4.034829636384913
0.9762268831037131,1.024352040809105,0.058911277055792764,4.007731554031875
0.9762364901231106,1.0243419602906798,0.05847066912666444,3.976812607791932
0.9762460973315947,1.0243318797722547,0.05791511685289615,3.9424683417629582
0.9762557047291711,1.0243217992538296,0.05725265251211604,3.9051052630162144
0.9762653123158456,1.0243117187354043,0.056491651216618394,3.8651352117755993
0.9762749200916231,1.0243016382169792,0.0556407220918226,3.82296932050721
0.9762845280565097,1.024291557698554,0.05470860387476465,3.779011775449105
0.9762941362105108,1.024281477180129,0.053704067527746986,3.7336536083916942
0.9763037445536322,1.0242713966617036,0.052635828156154585,3.6872667494623577
0.9763133530858792,1.0242613161432785,0.0515124681142544,3.6401985636199585
0.9763229618072574,1.0242512356248534,0.050342372705257675,3.5927670750533007
0.9763325707177726,1.0242411551064283,0.0491336793676302,3.5452570561106667
0.9763421798174302,1.0242310745880032,0.04789424071961612,3.4979171225963324
0.9763517891062361,1.024220994069578,0.04663160133634238,3.4509579373552404
0.9763613985841955,1.0242109135511528,0.04535298768599069,3.4045515816957246
0.976371008251314,1.0242008330327277,0.04406531026069214,3.35883211143452
0.9763806181075974,1.0241907525143026,0.04277517662743606,3.3138972741721897
0.9763902281530513,1.0241806719958773,0.04148891388227396,3.269811328253499
0.9763998383876811,1.0241705914774522,0.04021259882770966,3.226608873890487
0.9764094488114924,1.024160510959027,0.038952094093491665,3.1842995838031936
0.9764190594244908,1.024150430440602,0.03771308838255803,3.142873704958066
0.9764286702266823,1.0241403499221766,0.036501139028086736,3.102308193839466
0.9764382812180719,1.0241302694037515,0.03532171509457167,3.0625733443220975
0.9764478923986654,1.0241201888853264,0.03418023932622033,3.023639767397361
0.9764575037684683,1.0241101083669013,0.033082127340278954,2.985485583769144
0.9764671153274865,1.024100027848476,0.032032822569931854,2.9481036907713185
0.9764767270757253,1.0240899473300509,0.03103782558503798,2.911508961835495
0.9764863390131904,1.0240798668116258,0.03010271655025751,2.8757452269259236
0.9764959511398872,1.0240697862932007,0.029233169731372157,2.8408918644417587
0.9765055634558217,1.0240597057747753,0.028434959124169407,2.8070698073149187
0.976515175960999,1.0240496252563502,0.02771395446880563,2.77444672874996
0.976524788655425,1.0240395447379251,0.027076107123732922,2.7432411277280244
0.9765344015391052,1.0240294642195,0.026527425516532574,2.713724985512061
0.9765440146120452,1.024019383701075,0.026073940158243127,2.6862246189843013
0.9765536278742507,1.0240093031826496,0.02572165851008898,2.6611193264014212
0.976563241325727,1.0239992226642245,0.025476510316780873,2.638837421052667
0.9765728549664799,1.0239891421457994,0.02534428436440208,2.6198492969298366
0.976582468796515,1.0239790616273743,0.02533055797020266,2.604657286851991
0.9765920828158381,1.023968981108949,0.025440620851950816,2.5937822721985975
0.9766016970244542,1.0239589005905239,0.025679395336529975,2.587747287997477
0.9766113114223692,1.0239488200720988,0.026051355132258907,2.587058722061975
0.9766209260095888,1.0239387395536736,0.026560445085638228,2.5921860916510577
0.9766305407861188,1.0239286590352483,0.02721000444918942,2.6035417304243067
0.9766401557519642,1.0239185785168232,0.028002696191616182,2.6214619524417624
0.9766497709071309,1.0239084979983981,0.028940444768723057,2.646191303192422
0.9766593862516245,1.023898417479973,0.030024384541294934,2.677871315547353
0.9766690017854506,1.023888336961548,0.03125482068119472,2.7165347679650944
0.9766786175086148,1.0238782564431226,0.0326312039575947,2.7621058575096367
0.9766882334211227,1.0238681759246975,0.034152120265877724,2.8144060593232676
0.9766978495229797,1.0238580954062724,0.03581529518134386,2.873164867491392
0.9767074658141915,1.0238480148878473,0.03761761321498409,2.938034197528354
0.9767170822947642,1.023837934369422,0.03955515086402767,3.0086050290853104
0.9767266989647024,1.0238278538509968,0.04162322201002654,3.0844248757988226
0.9767363158240124,1.0238177733325717,0.04381643376098689,3.1650148430904617
0.9767459328726997,1.0238076928141466,0.0461287504786061,3.249885308340465
0.9767555501107699,1.0237976122957213,0.04855356350047441,3.3385495660976554
0.9767651675382284,1.0237875317772962,0.05108376396218314,3.4305350725736776
0.9767747851550808,1.023777451258871,0.05371181614724201,3.5253921676054167
0.9767844029613328,1.023767370740446,0.05642982893341865,3.6227003358453156
0.9767940209569902,1.0237572902220207,0.05922962314636444,3.7220721930458045
0.9768036391420583,1.0237472097035956,0.062102792953068905,3.8231554565160843
0.9768132575165427,1.0237371291851705,0.06504075980863462,3.9256331928400483
0.976822876080449,1.0237270486667454,0.06803481788048245,4.029222642088157
0.9768324948337832,1.02371696814832,0.07107617029888277,4.133672905987063
0.9768421137765503,1.023706887629895,0.07415595599472521,4.238761765066827
0.9768517329087562,1.0236968071114698,0.0772652672762941,4.344291862227049
0.9768613522304064,1.0236867265930447,0.08039515864396395,4.450086460682265
0.9768709717415066,1.0236766460746196,0.08353664765209425,4.555984955490695
0.9768805914420626,1.0236665655561943,0.08668070888141545,4.66183829070277
0.9768902113320795,1.0236564850377692,0.08981826229454727,4.76750440963491
0.9768998314115631,1.023646404519344,0.09294015740636304,4.872843843999834
0.9769094516805191,1.023636324000919,0.0960371548157685,4.977715528767044
0.9769190721389533,1.0236262434824936,0.09909990672085991,5.081972913650186
0.9769286927868708,1.0236161629640685,0.10211893807655628,5.185460428759269
0.9769383136242774,1.0236060824456434,0.10508463006316424,5.288010351200289
0.9769479346511788,1.0235960019272183,0.10798720750536395,5.389440110593295
0.9769575558675807,1.023585921408793,0.11081673183713028,5.489550064901546
0.9769671772734884,1.023575840890368,0.1135631011244758,5.588121772572511
0.9769767988689075,1.0235657603719428,0.11621605855660509,5.684916783045389
0.9769864206538439,1.0235556798535177,0.11876521067720151,5.779675964285106
0.976996042628303,1.0235455993350926,0.12120005646339949,5.872119383150229
0.9770056647922906,1.0235355188166673,0.12351002815513619,5.961946751366518
0.9770152871458119,1.0235254382982422,0.12568454449684202,6.048838446447054
0.9770249096888727,1.023515357779817,0.12771307677256563,6.13245711266095
0.9770345324214786,1.023505277261392,0.12958522768899167,6.212449841628384
0.9770441553436356,1.0234951967429666,0.13129082279739074,6.2884509252755505
0.9770537784553487,1.0234851162245415,0.13282001373989238,6.3600851653259065
0.9770634017566237,1.0234750357061164,0.13416339216972561,6.426971713203961
0.9770730252474662,1.0234649551876913,0.1353121127362128,6.488728402254557
0.9770826489278821,1.023454874669266,0.1362580230567503,6.544976520719121
0.9770922727978765,1.0234447941508409,0.13699379814289225,6.5953459593368695
0.9771018968574553,1.0234347136324158,0.1375130763127327,6.6394806521098015
0.977111521106624,1.0234246331139907,0.13781059325446623,6.677044213740184
0.9771211455453884,1.0234145525955654,0.137882310602837,6.70772566283568
0.9771307701737538,1.0234044720771402,0.13772553520316505,6.731245107579825
0.977140394991726,1.0233943915587151,0.1373390251732835,6.747359260873282
0.9771500199993105,1.02338431104029,0.13672307895701816,6.755866645923779
0.9771596451965132,1.0233742305218647,0.1358796038113727,6.756612351975692
0.9771692705833392,1.0233641500034396,0.13481216057909517,6.749492203693201
0.9771788961597944,1.0233540694850145,0.13352598217657255,6.734456217360072
0.9771885219258843,1.0233439889665894,0.1320279639475225,6.711511232405053
0.9771981478816146,1.0233339084481643,0.1303266248778572,6.680722627695747
0.9772077740269912,1.023323827929739,0.12843203959580074,6.642215057751624
0.9772174003620191,1.0233137474113139,0.12635574205516886,6.596172173711737
0.9772270268867042,1.0233036668928888,0.12411060276534319,6.542835325968605
0.977236653601052,1.0232935863744637,0.1217106823349537,6.48250127829768
0.9772462805050686,1.0232835058560383,0.11917106490598625,6.415518995738321
0.9772559075987588,1.0232734253376132,0.116507675701146,6.34228559805491
0.9772655348821288,1.0232633448191881,0.11373708737905587,6.263241596359089
0.9772751623551839,1.023253264300763,0.11087632016121149,6.178865550910973
0.97728479001793,1.0232431837823377,0.10794264073915065,6.089668301937644
0.9772944178703723,1.0232331032639126,0.1049533648196468,5.996186932579255
0.9773040459125166,1.0232230227454875,0.10192566780985608,5.898978622997538
0.9773136741443686,1.0232129422270624,0.09887640763781538,5.798614548159104
0.9773233025659339,1.0232028617086373,0.09582196305863667,5.695673958995
0.9773329311772183,1.023192781190212,0.09277809007019093,5.59073856879724
0.9773425599782268,1.0231827006717868,0.08975979829409793,5.4843873451141425
0.9773521889689656,1.0231726201533617,0.08678124839853932,5.377191782876288
0.9773618181494399,1.0231625396349366,0.083855670904893,5.269711709048733
0.9773714475196557,1.0231524591165113,0.08099530603749262,5.1624916432136825
0.9773810770796182,1.0231423785980862,0.07821136369352025,5.056057714138237
0.9773907068293332,1.023132298079661,0.07551400211756194,4.950915109642954
0.9774003367688063,1.023122217561236,0.07291232349776884,4.84754601782577
0.9774099668980434,1.0231121370428107,0.07041438443191123,4.746408001468318
0.9774195972170495,1.0231020565243856,0.0680272190562666,4.647932735569329
0.9774292277258306,1.0230919760059605,0.06575687257427998,4.552525030503025
0.9774388584243923,1.0230818954875354,0.06360844294439168,4.460562060290616
0.9774484893127403,1.02307181496911,0.06158612858401788,4.372392717349859
0.9774581203908799,1.023061734450685,0.05969328010050804,4.288337021743362
0.9774677516588168,1.0230516539322598,0.05793245424863367,4.208685523905419
0.9774773831165569,1.0230415734138347,0.0563054685395723,4.1336986553661905
0.9774870147641056,1.0230314928954094,0.054813455156501524,4.063606000631991
0.9774966466014683,1.0230214123769843,0.05345691307456934,3.998605484918282
0.9775062786286509,1.0230113318585592,0.05223575751685523,3.938862495087613
0.9775159108456589,1.023001251340134,0.05114936610378565,3.8845089734979186
0.977525543252498,1.022991170821709,0.05019662126165332,3.8356425445653284
0.9775351758491738,1.0229810903032837,0.04937594864568822,3.792325749720323
0.9775448086356918,1.0229710097848586,0.04868535150155664,3.7545854762716906
0.9775544416120577,1.0229609292664334,0.04812244103389804,3.722412667989648
0.977564074778277,1.0229508487480083,0.04768446297265621,3.69576239923861
0.9775737081343557,1.022940768229583,0.04736832062779137,3.674554380371728
0.9775833416802989,1.022930687711158,0.04717059479840472,3.658673940781592
0.9775929754161123,1.0229206071927328,0.04708756095995802,3.6479735096856767
0.9776026093418019,1.0229105266743077,0.04711520418733974,3.642274585780112
0.9776122434573731,1.0229004461558824,0.047249232290743966,3.6413701584874887
0.9776218777628313,1.0228903656374573,0.04748508764085111,3.645027518273916
0.9776315122581822,1.0228802851190322,0.04781795814769758,3.6529913738723576
0.9776411469434315,1.022870204600607,0.04824278782864527,3.664987181465484
0.9776507818185849,1.022860124082182,0.04875428736479074,3.6807245857463333
0.9776604168836481,1.0228500435637566,0.0493469449975489,3.6999008746691304
0.9776700521386265,1.0228399630453315,0.05001503806354995,3.722204357642615
0.9776796875835255,1.0228298825269064,0.05075264540856376,3.7473175893453083
0.9776893232183511,1.0228198020084813,0.051553660859662155,3.77492037640048
0.977698959043109,1.022809721490056,0.05241180787436702,3.80469252030361
0.9777085950578044,1.022799640971631,0.05332065542703602,3.8363162657991694
0.9777182312624431,1.0227895604532058,0.05427363513556217,3.8694784382038767
0.9777278676570308,1.0227794799347807,0.05526405958243303,3.903872265541607
0.9777375042415731,1.0227693994163554,0.05628514174049458,3.939198891316385
0.9777471410160755,1.0227593188979303,0.05733001537660146,3.9751685912919594
0.9777567779805437,1.0227492383795052,0.05839175627951751,4.011501713112895
0.9777664151349833,1.02273915786108,0.05946340414081196,4.0479293611784515
0.9777760524794001,1.0227290773426547,0.06053798490512412,4.084193851148704
0.9777856900137993,1.0227189968242296,0.06160853340755727,4.1200489594448095
0.9777953277381868,1.0227089163058045,0.06266811612051637,4.155259993102076
0.9778049656525681,1.0226988357873794,0.0637098538480012,4.189603704891745
0.9778146037569493,1.022688755268954,0.06472694422243003,4.222868077680686
0.9778242420513352,1.022678674750529,0.06571268388543648,4.2548520009918755
0.977833880535732,1.0226685942321039,0.06666049025910066,4.285364861449665
0.977843519210145,1.0226585137136788,0.06756392284455502,4.314226067584163
0.9778531580745801,1.0226484331952537,0.06841670401235736,4.341264528102187
0.9778627971290429,1.0226383526768283,0.06921273927749379,4.366318101427915
0.9778724363735387,1.0226282721584032,0.06994613707738495,4.389233032943046
0.9778820758080734,1.0226181916399781,0.07061122809405143,4.409863394965062
0.9778917154326525,1.022608111121553,0.07120258417676598,4.42807054298077
0.9779013552472818,1.0225980306031277,0.07171503693737184,4.443722600241991
0.9779109952519668,1.0225879500847026,0.0721436960959291,4.456693981232187
0.9779206354467129,1.0225778695662775,0.07248396765747228,4.466864962986942
0.977930275831526,1.0225677890478524,0.07273157199486656,4.47412131161369
0.9779399164064119,1.022557708529427,0.07288256190567585,4.478353969860376
0.9779495571713758,1.022547628011002,0.07293334069404644,4.479458809975967
0.9779591981264234,1.0225375474925769,0.07288068030961578,4.477336454653666
0.9779688392715604,1.0225274669741518,0.07272173955259019,4.471892167493607
0.9779784806067925,1.0225173864557267,0.07245408232291371,4.463035813002306
0.9779881221321255,1.0225073059373013,0.07207569586403048,4.450681885107987
0.9779977638475644,1.0224972254188762,0.07158500891586238,4.434749601980809
0.9780074057531154,1.0224871449004511,0.07098090965571636,4.415163064031561
0.9780170478487838,1.022477064382026,0.07026276327282151,4.391851471161567
0.9780266901345757,1.0224669838636007,0.06943042898267131,4.3647493945134395
0.978036332610496,1.0224569033451756,0.06848427625509435,4.3337970973855375
0.9780459752765509,1.0224468228267505,0.06742519999506663,4.298940899323755
0.9780556181327457,1.0224367423083254,0.06625463438808887,4.26013357694278
0.9780652611790863,1.0224266617899,0.06497456509491333,4.217334794525174
0.9780749044155781,1.022416581271475,0.06358753946125312,4.170511557026444
0.9780845478422268,1.0224065007530498,0.062096674395909726,4.119638677826471
0.9780941914590379,1.0223964202346247,0.06050566156564671,4.064699253336921
0.9781038352660174,1.0223863397161994,0.05881876955802074,4.00568513643657
0.9781134792631705,1.0223762591977743,0.05704084267934748,3.942597400918436
0.9781231234505029,1.0223661786793492,0.055177296077185946,3.875446789434415
0.9781327678280204,1.022356098160924,0.05323410691307439,3.8042541381915136
0.9781424123957287,1.0223460176424988,0.051217801357389924,3.7290507728595346
0.9781520571536332,1.0223359371240737,0.04913543723401028,3.649878871858768
0.9781617021017395,1.0223258566056486,0.04699458220872548,3.56679179567264
0.9781713472400533,1.0223157760872235,0.04480328749067478,3.479854384224842
0.9781809925685803,1.0223056955687984,0.04257005709713029,3.3891432288179275
0.9781906380873262,1.022295615050373,0.04030381281535374,3.2947469309650566
0.9782002837962964,1.022285534531948,0.03801385508632998,3.1967663683460383
0.9782099296954966,1.0222754540135228,0.035709820117330135,3.0953149981496244
0.9782195757849325,1.0222653734950977,0.03340163361590844,2.9905192417619166
0.9782292220646098,1.0222552929766724,0.031099461610918644,2.8825190128622857
0.9782388685345339,1.0222452124582473,0.028813658890784754,2.7714684758031716
0.9782485151947105,1.0222351319398222,0.026554715640787634,2.657537155642884
0.9782581620451453,1.022225051421397,0.02433320289818019,2.5409115700837015
0.9782678090858441,1.0222149709029718,0.022159717459890253,2.4217976240463863
0.9782774563168121,1.0222048903845466,0.02004482687951045,2.300424111727291
0.9782871037380552,1.0221948098661215,0.017999015166513418,2.1770478269593085
0.9782967513495789,1.0221847293476964,0.01603262976504445,2.0519610216522386
0.978306399151389,1.0221746488292713,0.01415583032752593,1.925502322842971
0.9783160471434913,1.022164568310846,0.012378539724663528,1.798072803691947
0.9783256953258909,1.022154487792421,0.010710397644026998,1.670159835143988
0.9783353436985937,1.0221444072739958,0.009160717025376916,1.5423728341213956
0.9783449922616053,1.0221343267555707,0.007738443474389556,1.4154973853095818
0.9783546410149316,1.0221242462371454,0.0064521176799596635,1.2905778272938169
0.9783642899585779,1.0221141657187203,0.005309840748177893,1.1690434029449124
0.9783739390925499,1.0221040852002952,0.004319242255350589,1.0528980941848407
0.9783835884168532,1.02209400468187,0.0034874507229365236,0.9449920955163635
0.9783932379314938,1.0220839241634447,0.002821066128100658,0.8493591188644899
0.9784028876364766,1.0220738436450196,0.0023261339931367805,0.7714788195689783
0.9784125375318079,1.0220637631265945,0.0020081205454131525,0.7180407935234524
0.978422187617493,1.0220536826081694,0.0018718884121906737,0.6955376247749082
0.9784318378935378,1.022043602089744,0.0019216723122759038,0.7076647338594051
0.9784414883599476,1.022033521571319,0.0021610542327412294,0.7533653814442861
0.9784511390167282,1.0220234410528939,0.002592937633339761,0.8275828136739946
0.9784607898638852,1.0220133605344688,0.0032195203054629484,0.9238404495588161
0.9784704409014244,1.0220032800160435,0.0040422656253349025,1.0362842100823924
0.9784800921293512,1.0219931994976184,0.0050618720812553,1.1604000281234177
0.9784897435476713,1.0219831189791933,0.006278241120125813,1.2929357017613776
0.9784993951563903,1.0219730384607681,0.007690443543974277,1.4315907681429902
0.9785090469555139,1.021962957942343,0.009296684889772333,1.5747230805808181
0.978518698945048,1.0219528774239177,0.011094270437288393,1.7211310351519362
0.9785283511249976,1.0219427969054926,0.013079570703494837,1.8699049333363147
0.9785380034953688,1.0219327163870675,0.015247988488705911,2.020328327991491
0.9785476560561671,1.0219226358686424,0.017593928729346685,2.1718128121402964
0.9785573088073984,1.021912555350217,0.020110772573642115,2.323854659004486
0.9785669617490679,1.021902474831792,0.02279085721983537,2.476005746880067
0.9785766148811814,1.0218923943133669,0.025625463129599336,2.6278539464824
0.9785862682037446,1.0218823137949418,0.02860481024038001,2.779009906137686
0.9785959217167634,1.0218722332765164,0.0317180647466337,2.92909827141961
0.9786055754202427,1.0218621527580913,0.03495335788767668,3.077752061508828
0.9786152293141888,1.0218520722396662,0.03829781797334697,3.224609352191733
0.9786248833986071,1.0218419917212411,0.04173761659427583,3.369311682816565
0.9786345376735032,1.021831911202816,0.0452580296091256,3.5115037721591564
0.978644192138883,1.0218218306843907,0.048843513089651854,3.6508342334547974
0.9786538467947518,1.0218117501659656,0.05247779394294947,3.786957044795364
0.9786635016411152,1.0218016696475405,0.056143974451262846,3.919533573038777
0.9786731566779792,1.0217915891291154,0.059824649478909094,4.048234976231543
0.9786828119053492,1.02178150861069,0.0635020346342517,4.172744828270862
0.9786924673232309,1.021771428092265,0.06715810325624774,4.292761823870283
0.9787021229316298,1.0217613475738399,0.07077472974729722,4.408002434709551
0.9787117787305518,1.0217512670554147,0.07433383651347136,4.518203400653174
0.9787214347200025,1.0217411865369894,0.07781754162437868,4.623123954257216
0.9787310908999872,1.0217311060185643,0.08120830426563222,4.7225476926661525
0.9787407472705119,1.0217210255001392,0.08448906513938866,4.816284028559669
0.9787504038315821,1.021710944981714,0.08764337916152777,4.904169170669589
0.9787600605832035,1.0217008644632888,0.09065553810237653,4.9860666040543276
0.9787697175253817,1.0216907839448637,0.09351068120137061,5.061867060055521
0.9787793746581223,1.0216807034264386,0.09619489223258719,5.1314879849124
0.9787890319814309,1.0216706229080135,0.09869528198422044,5.1948725336290265
0.9787986894953135,1.0216605423895881,0.10100005561739842,5.2519881313224905
0.9788083471997752,1.021650461871163,0.10309856485922206,5.302824657235264
0.9788180050948219,1.021640381352738,0.10498134544097698,5.347392316592976
0.9788276631804592,1.0216303008343128,0.10664014059762507,5.385719272318412
0.9788373214566929,1.0216202203158877,0.10806791178121411,5.417849112184433
0.9788469799235286,1.0216101397974624,0.10925883800203447,5.443838227509272
0.9788566385809718,1.0216000592790373,0.1102083053901667,5.463753177111153
0.9788662974290282,1.0215899787606122,0.11091288867015131,5.477668105480252
0.9788759564677034,1.021579898242187,0.11137032626351695,5.485662277271392
0.9788856156970034,1.0215698177237618,0.11157949068715729,5.4878177818476
0.9788952751169332,1.0215597372053367,0.11154035581455761,5.484217452315957
0.9789049347274988,1.0215496566869116,0.11125396241337704,5.474943033519146
0.9789145945287059,1.0215395761684865,0.11072238319226997,5.460073623581477
0.9789242545205603,1.0215294956500611,0.10994868838370536,5.439684404042464
0.9789339147030671,1.021519415131636,0.10893691267586587,5.413845664790731
0.9789435750762323,1.021509334613211,0.10769202409420568,5.382622122314065
0.9789532356400615,1.0214992540947858,0.10621989522928171,5.34607252332621
0.9789628963945605,1.0214891735763607,0.10452727702172769,5.304249520950116
0.9789725573397349,1.0214790930579354,0.10262177514932952,5.257199807354602
0.97898221847559,1.0214690125395103,0.10051182892183304,5.204964485237266
0.9789918798021316,1.0214589320210852,0.09820669247070772,5.14757966070377
0.9790015413193656,1.02144885150266,0.09571641793532955,5.085077242234792
0.9790112030272976,1.0214387709842347,0.093051840273532,5.01748593405503
0.979020864925933,1.0214286904658096,0.09022456327896626,4.944832417827084
0.9790305270152775,1.0214186099473845,0.08724694635169096,4.867142723757408
0.9790401892953368,1.0214085294289594,0.08413209154514859,4.784443801169763
0.9790498517661168,1.021398448910534,0.08089383039365898,4.6967653094105035
0.9790595144276226,1.021388368392109,0.07754671000623037,4.604141662708135
0.9790691772798603,1.021378287873684,0.07410597789058847,4.5066143778106245
0.9790788403228353,1.0213682073552588,0.07058756494402561,4.4042347913524456
0.9790885035565536,1.0213581268368335,0.06700806600931906,4.2970672358472966
0.9790981669810205,1.0213480463184084,0.06338471734767216,4.185192790326204
0.9791078305962416,1.0213379657999833,0.05973537032293926,4.0687137557493225
0.9791174944022227,1.0213278852815582,0.05607846053201505,3.947759049274475
0.9791271583989697,1.0213178047631328,0.052432971545520964,3.8224907684975875
0.9791368225864878,1.0213077242447077,0.048818392363764854,3.6931122523593203
0.9791464869647828,1.0212976437262826,0.04525466763442573,3.5598780652855413
0.9791561515338605,1.0212875632078575,0.041762139641133025,3.4231064635851625
0.9791658162937262,1.0212774826894324,0.03836148105834743,3.2831950766241373
0.9791754812443862,1.021267402171007,0.03507361748749483,3.1406407573936086
0.9791851463858455,1.021257321652582,0.03191963885179837,2.9960648285835876
0.97919481171811,1.0212472411341569,0.02892069883994076,2.8502452525412805
0.9792044772411853,1.0212371606157318,0.026097901761691137,2.7041575209312807
0.9792141429550772,1.0212270800973064,0.023472176412228554,2.559026123340974
0.9792238088597912,1.0212169995788813,0.021064136845111586,2.416387935404567
0.979233474955333,1.0212069190604562,0.01889393032085525,2.278167000451365
0.9792431412417081,1.0211968385420311,0.01698107313384753,2.14675557967215
0.9792528077189226,1.0211867580236058,0.01534427550500022,2.025086909904752
0.9792624743869817,1.0211766775051807,0.014001257263086733,1.916668709900195
0.979272141245891,1.0211665969867556,0.012968556594294115,1.825523952322507
0.9792818082956565,1.0211565164683305,0.012261334706661195,1.7559674404494225
0.9792914755362836,1.0211464359499054,0.011893179799670072,1.7121612910361526
0.9793011429677784,1.02113635543148,0.01187591422576927,1.697475511505634
0.9793108105901459,1.021126274913055,0.012219409147762709,1.713825851468598
0.9793204784033921,1.0211161943946299,0.012931411301936042,1.761266368890922
0.9793301464075226,1.0211061138762048,0.014017386642213117,1.83803871193139
0.9793398146025433,1.0210960333577794,0.01548038564242152,1.9410383040834704
0.9793494829884593,1.0210859528393543,0.01732093484739562,2.0664553574047284
0.9793591515652766,1.0210758723209292,0.019536958884210254,2.210340718543144
0.979368820333001,1.0210657918025041,0.022123736567037807,2.3689754855790985
0.9793784892916381,1.0210557112840788,0.02507389396535957,2.5390483982955168
0.9793881584411931,1.0210456307656537,0.02837743637663323,2.7177008584437776
0.9793978277816721,1.0210355502472286,0.03202182008850347,2.9025009802936923
0.9794074973130806,1.0210254697288035,0.035992063666812686,3.0913891657404733
0.9794171670354246,1.0210153892103782,0.04027089732796321,3.2826187166814758
0.9794268369487092,1.021005308691953,0.04483894778865332,3.474702137427888
0.9794365070529403,1.020995228173528,0.04967495490083112,3.6663666330902327
0.9794461773481236,1.0209851476551028,0.054756015418161115,3.856518897270287
0.9794558478342649,1.0209750671366775,0.06005784845259635,4.044217927396171
0.9794655185113694,1.0209649866182524,0.06555507660412514,4.228654256496699
0.9794751893794432,1.0209549060998273,0.07122151640077165,4.40913407495875
0.9794848604384917,1.0209448255814022,0.07703047157835381,4.585066953468253
0.9794945316885206,1.020934745062977,0.08295502286968101,4.755956142696041
0.979504203129536,1.0209246645445518,0.08896830832353572,4.921390665292891
0.9795138747615428,1.0209145840261267,0.09504378872122664,5.081038616545074
0.9795235465845471,1.0209045035077016,0.1011554933656192,5.2346412508726425
0.9795332185985544,1.0208944229892765,0.1072782423273809,5.382007556628806
0.9795428908035707,1.0208843424708511,0.11338784212449415,5.523009117868479
0.9795525631996012,1.020874261952426,0.11946125271947645,5.65757513400422
0.9795622357866517,1.020864181434001,0.12547672461757048,5.785687521745446
0.979571908564728,1.0208541009155758,0.13141390569317765,5.907376062007578
0.9795815815338358,1.0208440203971505,0.13725391814674612,6.022713581232378
0.9795912546939805,1.0208339398787254,0.14297940666442363,6.131811173939328
0.9796009280451677,1.0208238593603003,0.14857455941984732,6.234813483847972
0.9796106015874034,1.0208137788418752,0.15402510400321143,6.331894066075278
0.9796202753206932,1.02080369832345,0.15931828070295675,6.423250854504277
0.9796299492450428,1.0207936178050248,0.16444279579178983,6.509101757335915
0.9796396233604575,1.0207835372865997,0.16938875760089656,6.5896804013585
0.9796492976669432,1.0207734567681745,0.17414759821538764,6.665232042282262
0.9796589721645056,1.0207633762497494,0.17871198359924792,6.736009655162047
0.9796686468531505,1.0207532957313241,0.1830757148795599,6.802270216036531
0.979678321732883,1.020743215212899,0.1872336233979521,6.864271183670918
0.9796879968037093,1.020733134694474,0.1911814619825652,6.922267188760277
0.979697672065635,1.0207230541760488,0.19491579471836779,6.976506937294609
0.9797073475186657,1.0207129736576235,0.19843388730680758,7.027230334782268
0.9797170231628068,1.0207028931391984,0.20173359990757744,7.074665838479815
0.9797266989980643,1.0206928126207733,0.2048132841596106,7.1190280455434864
0.9797363750244437,1.0206827321023482,0.20767168587512935,7.160515525635598
0.9797460512419509,1.0206726515839228,0.21030785470586955,7.199308906908411
0.9797557276505913,1.0206625710654977,0.2127210618822603,7.235569224033455
0.9797654042503704,1.0206524905470726,0.214910726933996,7.269436535969972
0.9797750810412943,1.0206424100286475,0.21687635410855863,7.301028819334917
0.9797847580233685,1.0206323295102222,0.21861747902063802,7.3304411405978795
0.9797944351965986,1.020622248991797,0.22013362588322868,7.357745106914236
0.9798041125609901,1.020612168473372,0.2214242755011071,7.382988591563111
0.979813790116549,1.020602087954947,0.22248884404333935,7.406195725819535
0.9798234678632808,1.0205920074365218,0.22332667246439863,7.42736714511841
0.9798331458011913,1.0205819269180965,0.22393702630739298,7.446480473825424
0.9798428239302859,1.0205718463996714,0.2243191055070861,7.46349103017069
0.9798525022505704,1.0205617658812463,0.2244720637088305,7.478332731123331
0.9798621807620506,1.0205516853628211,0.22439503653970638,7.490919176452122
0.9798718594647321,1.0205416048443958,0.22408717820033278,7.501144891811009
0.9798815383586204,1.0205315243259707,0.22354770569663707,7.508886712520243
0.9798912174437212,1.0205214438075456,0.2227759499907489,7.514005292538958
0.9799008967200403,1.0205113632891205,0.22177141331199124,7.516346726513516
0.9799105761875835,1.0205012827706952,0.2205338318433188,7.515744276853069
0.9799202558463561,1.02049120225227,0.21906324295701407,7.51202020158301
0.9799299356963639,1.020481121733845,0.21736005613257536,7.504987682411306
0.9799396157376126,1.0204710412154199,0.21542512663859772,7.494452855398291
0.9799492959701079,1.0204609606969948,0.21325983098664347,7.48021694853853
0.9799589763938557,1.0204508801785694,0.21086614309085153,7.462078531457751
0.9799686570088612,1.0204407996601443,0.20824670996865383,7.43983588187537
0.9799783378151302,1.0204307191417192,0.20540492571529737,7.413289471586694
0.9799880188126685,1.0204206386232941,0.2023450023807777,7.382244571564425
0.979997700001482,1.0204105581048688,0.1990720362703663,7.346513971268979
0.9800073813815757,1.0204004775864437,0.19559206810198992,7.305920801884582
0.9800170629529559,1.0203903970680186,0.1919121353783032,7.26030144686642
0.9800267447156279,1.0203803165495935,0.18804031530164736,7.209508516699583
0.9800364266695977,1.0203702360311682,0.18398575655833835,7.153413857970973
0.9800461088148705,1.020360155512743,0.17975869836088867,7.091911560588483
0.9800557911514524,1.020350074994318,0.175370475251181,7.024920921385721
0.9800654736793487,1.0203399944758929,0.1708335063542324,6.952389318005796
0.9800751563985657,1.0203299139574675,0.16616126801923284,6.874294944080327
0.9800848393091083,1.0203198334390424,0.16136824910301936,6.790649355772355
0.9800945224109825,1.0203097529206173,0.15646988852395574,6.701499780782982
0.9801042057041941,1.0202996724021922,0.1514824951455905,6.606931144379045
0.9801138891887488,1.0202895918837669,0.14642315050210253,6.507067772318464
0.9801235728646519,1.0202795113653418,0.1413095953643272,6.402074738307085
0.9801332567319093,1.0202694308469167,0.1361601016121521,6.292158832715648
0.9801429407905268,1.0202593503284916,0.13099333133639027,6.177569140001944
0.9801526250405098,1.0202492698100665,0.12582818549083308,6.058597223358382
0.9801623094818644,1.0202391892916411,0.12068364475348056,5.935576926263775
0.9801719941145958,1.020229108773216,0.11557860550614202,5.8088838107149945
0.9801816789387098,1.020219028254791,0.1105317139915376,5.6789342600973285
0.9801913639542121,1.0202089477363658,0.1055612017563536,5.546184280013847
0.9802010491611088,1.0201988672179405,0.10068472542194822,5.41112803168519
0.9802107345594049,1.0201887866995154,0.09591921366207533,5.274296129070307
0.9802204201491063,1.0201787061810903,0.09128072400324516,5.13625372145109
0.9802301059302188,1.0201686256626652,0.08678431172934242,4.997598367343358
0.9802397919027481,1.0201585451442399,0.0824439127705474,4.858957682394462
0.9802494780666997,1.0201484646258148,0.0782722420252872,4.720986713532857
0.9802591644220793,1.0201383841073897,0.07428070810997789,4.584364954005843
0.9802688509688927,1.0201283035889646,0.07047934509432473,4.449792870973583
0.9802785377071455,1.0201182230705395,0.06687676135927263,4.317987770864995
0.9802882246368435,1.0201081425521141,0.06348010534277938,4.189678782890487
0.9802979117579921,1.020098062033689,0.060295047623377444,4.065600704815042
0.9803075990705971,1.020087981515264,0.05732577853211172,3.9464864369737267
0.9803172865746642,1.0200779009968388,0.054575020298825286,3.8330577442526526
0.9803269742701993,1.0200678204784135,0.05204405260720671,3.726014145666846
0.9803366621572077,1.0200577399599884,0.04973275036885993,3.6260198529561185
0.9803463502356953,1.0200476594415633,0.04763963250174199,3.533688872826821
0.9803560385056675,1.0200375789231382,0.04576192052045237,3.449568652451904
0.9803657269671306,1.0200274984047129,0.04409560578461633,3.374122965674743
0.9803754156200897,1.0200174178862877,0.04263552431007208,3.3077150676278535
0.9803851044645505,1.0200073373678626,0.04137543810375936,3.2505924240511592
0.9803947935005188,1.0199972568494375,0.040308122034959495,3.2028744718917976
0.9804044827280006,1.0199871763310122,0.03942545528990585,3.164544818993699
0.9804141721470011,1.019977095812587,0.03871851647421024,3.135449004251937
0.980423861757526,1.019967015294162,0.03817768142374677,3.1152984305447857
0.9804335515595813,1.019956934775737,0.037792722763712296,3.103680427235242
0.9804432415531725,1.0199468542573118,0.0375529102180938,3.1000737187985163
0.9804529317383055,1.0199367737388865,0.03744711063089484,3.1038680051689935
0.9804626221149856,1.0199266932204614,0.03746388661629215,3.1143860023957304
0.9804723126832185,1.0199166127020363,0.03759159272445281,3.13090619691472
0.9804820034430102,1.0199065321836112,0.03781846799443496,3.1526847153001776
0.9804916943943663,1.0198964516651858,0.03813272378123289,3.1789750369216847
0.9805013855372923,1.0198863711467607,0.038522625790065865,3.2090446898353444
0.9805110768717938,1.0198762906283356,0.038976569337845095,3.242188486796029
0.9805207683978768,1.0198662101099105,0.03948314698861687,3.2777382176035923
0.9805304601155471,1.0198561295914852,0.04003120787730664,3.3150689846926173
0.9805401520248098,1.01984604907306,0.040609908240375,3.3536025448994304
0.9805498441256709,1.019835968554635,0.04120875291100435,3.392808113162362
0.9805595364181362,1.0198258880362099,0.041817627797274375,3.4322011128775705
0.9805692289022113,1.0198158075177846,0.042426823640388925,3.4713403440312507
0.9805789215779018,1.0198057269993595,0.04302705163344296,3.5098240022285516
0.9805886144452133,1.0197956464809343,0.043609451760477556,3.5472849332985525
0.9805983075041517,1.0197855659625092,0.04416559497194643,3.583385458036584
0.9806080007547225,1.0197754854440841,0.04468748054838287,3.617812055690313
0.9806176941969318,1.0197654049256588,0.04516753018987529,3.650270154341794
0.9806273878307846,1.0197553244072337,0.045598580506901853,3.6804792421060912
0.980637081656287,1.0197452438888086,0.045973875662065455,3.7081684837180995
0.9806467756734447,1.0197351633703835,0.046287061907072456,3.7330730004933437
0.9806564698822635,1.0197250828519582,0.04653218568030947,3.754930946500631
0.9806661642827487,1.019715002333533,0.04670369675259493,3.7734814871262112
0.9806758588749062,1.019704921815108,0.04679645764644641,3.788463757223604
0.9806855536587415,1.0196948412966829,0.046805760196695786,3.7996168428533426
0.9806952486342608,1.0196847607782575,0.04672734968358145,3.8066807930515303
0.9807049438014691,1.0196746802598324,0.046557456459948666,3.8093986259011285
0.9807146391603726,1.0196645997414073,0.04629283444245342,3.807519247767188
0.9807243347109766,1.0196545192229822,0.0459308052687024,3.8008011575152785
0.9807340304532873,1.019644438704557,0.045469306373510765,3.7890167615166694
0.9807437263873099,1.0196343581861318,0.044906940758214255,3.7719570837750345
0.9807534225130502,1.0196242776677067,0.04424302585100774,3.749436621869651
0.980763118830514,1.0196141971492816,0.04347763863580252,3.721298077669333
0.980772815339707,1.0196041166308565,0.04261165418615796,3.6874166846199934
0.9807825120406348,1.0195940361124312,0.041646774905203375,3.647703863424952
0.9807922089333031,1.019583955594006,0.04058554814538487,3.602109965818786
0.9808019060177176,1.019573875075581,0.039431370441808083,3.5506259110700755
0.9808116032938838,1.0195637945571558,0.038188477310748356,3.493283579580715
0.980821300761808,1.0195537140387305,0.03686191837996799,3.430154898267133
0.980830998421495,1.0195436335203054,0.03545751846860203,3.361349628229754
0.9808406962729511,1.0195335530018803,0.03398182604838883,3.2870119407376635
0.9808503943161818,1.0195234724834552,0.03244205122789415,3.2073159370261957
0.9808600925511931,1.0195133919650299,0.030845995950495503,3.122460325876913
0.9808697909779901,1.0195033114466048,0.02920197944365076,3.032662516720242
0.9808794895965789,1.0194932309281797,0.02751876208320312,2.938152413207112
0.980889188406965,1.0194831504097546,0.025805470742256264,2.839166202777699
0.9808988874091544,1.0194730698913292,0.024071528403712357,2.7359404338665927
0.9809085866031524,1.0194629893729041,0.02232659036061188,2.6287066574871347
0.9809182859889649,1.019452908854479,0.02058048875900373,2.517686889708773
0.9809279855665974,1.019442828336054,0.018843186603721033,2.4030901329643557
0.9809376853360559,1.0194327478176288,0.017124741691505692,2.285110186095137
0.980947385297346,1.0194226672992035,0.015435280306402226,2.163924988237503
0.9809570854504732,1.0194125867807784,0.01378497993746176,2.0396977983770666
0.9809667857954434,1.0194025062623533,0.012184059782655986,1.9125806411962722
0.980976486332262,1.0193924257439282,0.010642777400483841,1.782720705926823
0.9809861870609352,1.0193823452255029,0.009171429564158782,1.6502708736741505
0.9809958879814682,1.0193722647070778,0.007780355163536592,1.5154064845124153
0.9810055890938668,1.0193621841886527,0.006479937880282415,1.3783522944665776
0.9810152903981368,1.0193521036702275,0.0052806063275586635,1.2394273359896126
0.9810249918942842,1.0193420231518022,0.004192829386123107,1.099123496389097
0.981034693582314,1.0193319426333771,0.0032271045827048485,0.9582520872503969
0.9810443954622323,1.019321862114952,0.002393937536797148,0.8182372478389127
0.9810540975340447,1.019311781596527,0.001703810750559141,0.6817475278971238
0.9810637997977572,1.0193017010781016,0.001167140330410338,0.5541349979405421
0.981073502253375,1.0192916205596765,0.0007942196123455813,0.4466318806895162
0.981083204900904,1.0192815400412514,0.0005951491144839595,0.3810585323178501
0.98109290774035,1.0192714595228263,0.0005797527606643652,0.3840100815991833
0.9811026107717185,1.0192613790044012,0.0007574809004680254,0.4576779476961366
0.9811123139950155,1.0192512984859758,0.0011373012856421949,0.5782493381475997
0.9811220174102463,1.0192412179675507,0.0017275798314569332,0.7247012957150135
0.9811317210174169,1.0192311374491256,0.0025359536707053776,0.8858542582567607
0.9811414248165328,1.0192210569307005,0.0035691996625950764,1.0561848216079603
0.9811511288076,1.0192109764122752,0.004833102112812081,1.2327584519353514
0.9811608329906237,1.01920089589385,0.006332323945726378,1.4138261772913054
0.98117053736561,1.019190815375425,0.008070285903140116,1.5982081691603371
0.9811802419325645,1.019180734857,0.010049058477481882,1.7850107546599243
0.981189946691493,1.0191706543385746,0.0122692711892285,1.9734893414878152
0.9811996516424009,1.0191605738201495,0.014730043459404318,2.1629793872771392
0.981209356785294,1.0191504933017244,0.01742894070463103,2.3528613077339635
0.9812190621201781,1.0191404127832993,0.020361958403283423,2.542543394204997
0.981228767647059,1.019130332264874,0.023523535786501834,2.73145478946405
0.981238473365942,1.0191202517464488,0.026906599549633297,2.919044271676147
0.9812481792768332,1.0191101712280237,0.030502636635335697,3.104782406075095
0.9812578853797381,1.0191000907095986,0.03430179379419157,3.2881655555747513
0.9812675916746624,1.0190900101911735,0.03829300037925865,3.4687207499029267
0.9812772981616121,1.0190799296727482,0.04246410975795664,3.646010710868879
0.9812870048405924,1.019069849154323,0.046802053913321325,3.819638523519367
0.9812967117116093,1.019059768635898,0.05129300530648164,3.989251580748979
0.9813064187746683,1.0190496881174729,0.05592253991716078,4.154544538416406
0.9813161260297756,1.0190396075990475,0.06067579557246143,4.315261111408883
0.9813258334769362,1.0190295270806224,0.06553762019381468,4.47119462377066
0.9813355411161563,1.0190194465621973,0.07049270538914808,4.6221872993298065
0.9813452489474414,1.0190093660437722,0.07552570182811048,4.768128343151054
0.9813549569707973,1.018999285525347,0.08062131399065073,4.908950917873525
0.9813646651862296,1.0189892050069218,0.08576437308952148,5.044628161640003
0.9813743735937439,1.0189791244884967,0.09093988816458223,5.175168425716875
0.981384082193346,1.0189690439700716,0.0961330764603566,5.300609930011287
0.981393790985042,1.0189589634516463,0.1013293751789941,5.421015044351005
0.981403499968837,1.0189488829332212,0.10651443750232009,5.536464403501783
0.981413209144737,1.018938802414796,0.1116741163838337,5.647051056000235
0.9814229185127474,1.018928721896371,0.11679443999188785,5.752874832028946
0.9814326280728743,1.0189186413779459,0.12186158287396023,5.854037095944552
0.9814423378251236,1.0189085608595205,0.12686183687918284,5.950636025243009
0.9814520477695002,1.0188984803410954,0.13178158566420653,6.042762531393602
0.9814617579060104,1.0188883998226703,0.13660728623551635,6.130496910161126
0.9814714682346597,1.0188783193042452,0.1413254604566198,6.2139062801688985
0.9814811787554542,1.01886823878582,0.14592269882753583,6.293042839850041
0.9814908894683988,1.0188581582673948,0.1503856781230881,6.367942944605505
0.9815006003734998,1.0188480777489697,0.15470119371791935,6.438626979068385
0.9815103114707628,1.0188379972305446,0.15885620663196984,6.505099973936141
0.9815200227601937,1.0188279167121193,0.1628379045579924,6.567352893873629
0.9815297342417977,1.0188178361936941,0.1666337753955384,6.625364502822537
0.9815394459155808,1.018807755675269,0.17023169115789882,6.679103696476449
0.9815491577815487,1.018797675156844,0.1736199995588719,6.7285321790916655
0.9815588698397073,1.0187875946384186,0.17678762016554242,6.773607353987556
0.9815685820900618,1.0187775141199935,0.179724141722063,6.814285294045355
0.9815782945326184,1.0187674336015684,0.18241991714610295,6.850523660880025
0.9815880071673824,1.0187573530831433,0.1848661527573787,6.882284448691663
0.9815977199943599,1.0187472725647182,0.18705498853110988,6.9095364411876705
0.9816074330135565,1.0187371920462929,0.1889795665556184,6.932257286625181
0.9816171462249775,1.0187271115278678,0.19063408539427898,6.950435116302508
0.9816268596286292,1.0187170310094427,0.19201383867782942,6.964069654691225
0.9816365732245168,1.0187069504910176,0.19311523694943378,6.973172793749373
0.9816462870126466,1.0186968699725922,0.19393581250875355,6.977768628494401
0.9816560009930236,1.0186867894541671,0.19447420771377882,6.977892974404582
0.981665715165654,1.018676708935742,0.19473014786855045,6.973592408698871
0.9816754295305433,1.018666628417317,0.19470440040232104,6.964922895613076
0.9816851440876976,1.0186565478988916,0.19439872252209384,6.951948070123638
0.9816948588371219,1.0186464673804665,0.1938157998637057,6.934737264269102
0.9817045737788224,1.0186363868620414,0.1929591788728721,6.91336336522003
0.9817142889128047,1.0186263063436163,0.19183319571387158,6.8879005945127885
0.9817240042390747,1.018616225825191,0.19044290444451828,6.858422293874171
0.9817337197576377,1.0186061453067659,0.1887940070141506,6.824998795103969
0.9817434354684995,1.0185960647883407,0.18689278737099912,6.78769544062902
0.9817531513716661,1.0185859842699156,0.1847460516242942,6.746570808398455
0.981762867467143,1.0185759037514905,0.18236107582137878,6.701675180726568
0.9817725837549361,1.0185658232330652,0.17974556249862417,6.653049282656215
0.9817823002350509,1.0185557427146401,0.176907606773202,6.600723302417003
0.9817920169074931,1.018545662196215,0.17385567237751373,6.5447161954563855
0.9818017337722684,1.01853558167779,0.17059857771907136,6.485035265198491
0.9818114508293828,1.0185255011593646,0.16714549178683158,6.42167600872829
0.9818211680788417,1.0185154206409395,0.16350593952452708,6.354622214431041
0.9818308855206509,1.0185053401225144,0.15968981615203393,6.2838463014806525
0.9818406031548161,1.0184952596040893,0.15570740983540787,6.209309897983419
0.9818503209813433,1.018485179085664,0.15156943206915816,6.130964665474361
0.9818600390002377,1.0184750985672388,0.14728705513144025,6.048753391998515
0.9818697572115052,1.0184650180488137,0.14287195598208235,5.962611393870522
0.9818794756151517,1.0184549375303886,0.13833636598221533,5.872468287159989
0.9818891942111828,1.0184448570119633,0.13369312579892031,5.778250213522868
0.9818989129996042,1.0184347764935382,0.1289557447972061,5.679882630982522
0.9819086319804216,1.018424695975113,0.12413846410485734,5.5772938086570605
0.9819183511536406,1.018414615456688,0.11925632234659983,5.470419195218578
0.9819280705192671,1.0184045349382629,0.11432522276096684,5.3592068640710995
0.981937790077307,1.0183944544198376,0.10936200004910436,5.243624274488716
0.9819475098277655,1.0183843739014125,0.10438448484015402,5.1236666271995
0.9819572297706486,1.0183742933829874,0.09941156310747516,4.999367135443094
0.981966949905962,1.0183642128645622,0.094463227251822,4.870809577864826
0.9819766702337116,1.018354132346137,0.08956061488914496,4.7381435456786765
0.9819863907539027,1.0183440518277118,0.08472603069462471,4.601602839122391
0.9819961114665413,1.0183339713092867,0.07998294598809505,4.461527497413956
0.9820058323716331,1.0183238907908616,0.0753559701764698,4.318389944127657
0.9820155534691839,1.0183138102724363,0.07087078774675604,4.172825661133313
0.9820252747591991,1.0183037297540112,0.0665540543327242,4.025668608838024
0.9820349962416846,1.018293649235586,0.06243324553574639,3.8779911853617732
0.982044717916646,1.018283568717161,0.058536452776393536,3.731147699074772
0.9820544397840892,1.0182734881987359,0.05489212156695043,3.5868188760084676
0.9820641618440202,1.0182634076803105,0.051528729313036856,3.447052526393644
0.982073884096444,1.0182533271618854,0.04847440211741212,3.3142918585018637
0.9820836065413668,1.0182432466434603,0.04575647306436784,3.1913780264284815
0.9820933291787941,1.0182331661250352,0.043400988053481575,3.0815081047141986
0.982103052008732,1.01822308560661,0.04143216927737634,2.988126172034791
0.9821127750311858,1.0182130050881848,0.03987185067338851,2.914728134481346
0.9821224982461612,1.0182029245697597,0.038738903811681207,2.864576144257097
0.9821322216536641,1.0181928440513346,0.03804867633121769,2.8403487427336938
0.9821419452537005,1.0181827635329093,0.037812467774285735,2.8437908435775663
0.9821516690462755,1.0181726830144842,0.03803706908832088,2.875452798908339
0.9821613930313952,1.018162602496059,0.038724391799135796,2.9345968037932835
0.9821711172090651,1.018152521977634,0.03987121067836175,3.0192978012461156
0.9821808415792914,1.0181424414592086,0.041469039564495706,3.1267007932907656
0.9821905661420793,1.0181323609407835,0.04350415399982708,3.2533542307600283
0.9822002908974347,1.0181222804223584,0.0459577668815474,3.395537660735297
0.9822100158453633,1.0181121999039333,0.04880635495742926,3.549529942532613
0.9822197409858711,1.018102119385508,0.052022125430941826,3.711798826305091
0.9822294663189632,1.0180920388670829,0.05557360393842974,3.8791173225649884
0.9822391918446458,1.0180819583486578,0.05942631844537029,4.048623377428018
0.9822489175629245,1.0180718778302327,0.06354354875990888,4.217840685706775
0.9822586434738051,1.0180617973118076,0.06788710877829061,4.384675170104311
0.9822683695772934,1.0180517167933822,0.07241812836250829,4.547397303005863
0.9822780958733948,1.0180416362749571,0.07709780380379207,4.704616733170929
0.9822878223621151,1.018031555756532,0.0818880897870061,4.855253056410351
0.9822975490434601,1.018021475238107,0.08675231114271131,4.9985049257283265
0.9823072759174358,1.0180113947196816,0.09165567886928122,5.133818756401308
0.9823170029840476,1.0180013142012565,0.09656570133845502,5.2608577832743935
0.9823267302433011,1.0179912336828314,0.10145248773909059,5.379471977867567
0.9823364576952023,1.0179811531644063,0.10628894625218793,5.489669207306404
0.9823461853397569,1.017971072645981,0.11105088391020378,5.59158794401416
0.9823559131769705,1.0179609921275559,0.11571701843371647,5.685471778038522
0.9823656412068488,1.0179509116091308,0.12026891454645879,5.771645927836211
0.9823753694293976,1.0179408310907057,0.12469085842102307,5.850495886817995
0.9823850978446227,1.0179307505722806,0.12896968416861818,5.922448284518751
0.9823948264525298,1.0179206700538552,0.13309456581278284,5.987953986179205
0.9824045552531245,1.0179105895354301,0.13705678720828052,6.047473407374572
0.9824142842464125,1.017900509017005,0.1408495010358605,6.101463982988938
0.9824240134323997,1.01789042849858,0.1444674864897339,6.150369703766559
0.982433742811092,1.0178803479801546,0.14790691370977543,6.194612618607246
0.9824434723824946,1.0178702674617295,0.15116512146385058,6.234586194951732
0.9824532021466135,1.0178601869433044,0.15424041313977457,6.270650431049876
0.9824629321034544,1.0178501064248793,0.15713187475685308,6.303128619115005
0.9824726622530233,1.017840025906454,0.15983921749478544,6.332305664706998
0.9824823925953254,1.0178299453880288,0.16236264612152668,6.358427871303986
0.9824921231303668,1.0178198648696037,0.16470275368293724,6.381704097350588
0.982501853858153,1.0178097843511786,0.16686044186912047,6.402308183632017
0.9825115847786903,1.0177997038327533,0.16883686558178457,6.42038253015761
0.9825213158919835,1.0177896233143282,0.1706333993923201,6.436042673824851
0.982531047198039,1.017779542795903,0.17225162281025458,6.449382682152196
0.9825407786968623,1.017769462277478,0.17369332059782047,6.460481137247994
0.9825505103884593,1.0177593817590527,0.1749604938176363,6.469407442486937
0.9825602422728354,1.0177493012406276,0.17605537691864515,6.4762281474734475
0.9825699743499966,1.0177392207222025,0.1769804560173293,6.481012961377295
0.9825797066199485,1.0177291402037774,0.1777384836454521,6.483840116421698
0.9825894390826969,1.0177190596853523,0.17833248564840984,6.48480075736506
0.9825991717382477,1.017708979166927,0.17876575662952002,6.484002071977254
0.9826089045866062,1.0176988986485018,0.1790418413100427,6.48156894168687
0.9826186376277785,1.0176888181300767,0.1791645003645988,6.477643977620903
0.98262837086177,1.0176787376116516,0.1791376605932487,6.47238590852967
0.982638104288587,1.0176686570932263,0.17896535061233465,6.46596639477519
0.9826478379082346,1.0176585765748012,0.1786516244620221,6.45856544631024
0.9826575717207188,1.017648496056376,0.1782004765471112,6.4503657123477876
0.9826673057260453,1.017638415537951,0.177615752059859,6.441545977503531
0.9826770399242201,1.0176283350195257,0.17690105744156615,6.432274238052282
0.9826867743152484,1.0176182545011005,0.17605967550496837,6.422700740185479
0.9826965088991363,1.0176081739826754,0.1750944895948693,6.412951341397247
0.9827062436758893,1.0175980934642503,0.17400792066130874,6.403121511059121
0.9827159786455134,1.0175880129458252,0.17280188042994088,6.3932712237695535
0.9827257138080144,1.0175779324274,0.17147774305958807,6.383420927386195
0.9827354491633976,1.0175678519089748,0.1700363368508458,6.373548694663901
0.9827451847116689,1.0175577713905497,0.16847795677243588,6.363588600045756
0.9827549204528343,1.0175476908721246,0.16680239785082301,6.3534303064198845
0.9827646563868994,1.0175376103536993,0.16500900884002997,6.342919803376249
0.9827743925138697,1.0175275298352742,0.16309676506449702,6.331861209574465
0.9827841288337511,1.017517449316849,0.16106435889157,6.320019536076663
0.9827938653465493,1.017507368798424,0.15891030592613317,6.307124302650596
0.9828036020522704,1.0174972882799986,0.15663306469990543,6.292873901872794
0.9828133389509195,1.0174872077615735,0.15423116733156414,6.276940612950937
0.9828230760425026,1.0174771272431484,0.15170335833740292,6.258976175247205
0.9828328133270255,1.0174670467247233,0.14904873847374406,6.238617837827039
0.9828425508044942,1.017456966206298,0.14626691017998514,6.215494803790145
0.9828522884749139,1.017446885687873,0.1433581208907023,6.189234985673931
0.9828620263382906,1.0174368051694478,0.1403234002031965,6.159471980246651
0.98287176439463,1.0174267246510227,0.1371646866751874,6.125852158370645
0.982881502643938,1.0174166441325974,0.13388493990125544,6.088041749224005
0.98289124108622,1.0174065636141723,0.13048823353971953,6.04573378019897
0.9829009797214819,1.0173964830957472,0.12697982515784334,5.998654716447005
0.9829107185497296,1.017386402577322,0.12336619917031824,5.946570629878407
0.9829204575709685,1.017376322058897,0.11965507978454805,5.889292719152949
0.9829301967852049,1.0173662415404716,0.11585541173423827,5.826682002033205
0.9829399361924438,1.0173561610220465,0.11197730766266657,5.7586530112642595
0.9829496757926914,1.0173460805036214,0.10803196226692698,5.6851763459033515
0.9829594155859533,1.0173359999851963,0.10403153467219547,5.6062799618950745
0.9829691555722355,1.017325919466771,0.09998900188628909,5.522049127586825
0.9829788957515434,1.0173158389483459,0.09591798750298934,5.4326250199341795
0.9829886361238828,1.0173057584299208,0.09183257097492639,5.338201992215425
0.9829983766892595,1.0172956779114957,0.08774708368862123,5.23902360089751
0.9830081174476795,1.0172855973930703,0.08367589865696658,5.135377533471096
0.9830178583991479,1.0172755168746452,0.07963322086818306,5.02758962719259
0.9830275995436709,1.0172654363562201,0.07563288516571466,4.9160172069344545
0.9830373408812542,1.017255355837795,0.07168816800315266,4.801041996393143
0.9830470824119034,1.01724527531937,0.06781161856014253,4.68306286883824
0.9830568241356246,1.0172351948009446,0.06401491359491564,4.562488701252433
0.983066566052423,1.0172251142825195,0.06030873912725964,4.439731579519172
0.9830763081623046,1.0172150337640944,0.056702700690343444,4.315200574081133
0.9830860504652753,1.0172049532456693,0.05320526255260239,4.189296267643547
0.9830957929613408,1.017194872727244,0.04982371507049379,4.062406171710308
0.9831055356505065,1.0171847922088189,0.04656416826671127,3.934901120484467
0.9831152785327784,1.0171747116903938,0.04343156887055428,3.8071326813932194
0.9831250216081622,1.0171646311719686,0.040429737445614435,3.679431574241155
0.9831347648766638,1.0171545506535433,0.03756142186211692,3.5521070476697374
0.9831445083382887,1.0171444701351182,0.03482836324327527,3.425447124007976
0.9831542519930427,1.0171343896166931,0.03223137059499313,3.299719592739258
0.9831639958409316,1.017124309098268,0.029770400588836114,3.1751736094803946
0.9831737398819613,1.0171142285798427,0.02744463936438492,3.052041741758718
0.9831834841161372,1.0171041480614176,0.025252583710322747,2.9305422950359366
0.9831932285434651,1.0170940675429925,0.023192119532458113,2.8108817521120684
0.983202973163951,1.0170839870245674,0.021260596085036287,2.6932571659636046
0.9832127179776007,1.017073906506142,0.019454894992798913,2.5778583594937956
0.9832224629844194,1.017063825987717,0.017771493602817035,2.464869805265902
0.9832322081844133,1.0170537454692918,0.01620652264532016,2.3544720825966126
0.9832419535775879,1.0170436649508667,0.01475581854933037,2.2468428382829466
0.9832516991639492,1.0170335844324416,0.013414971023026589,2.1421572082329075
0.983261444943503,1.0170235039140163,0.012179366681524546,2.0405876898702737
0.9832711909162546,1.0170134233955912,0.011044229577932796,1.9423034870926685
0.98328093708221,1.017003342877166,0.010004659476726097,1.8474693791065977
0.9832906834413749,1.016993262358741,0.009055668615470585,1.7562441900970804
0.9833004299937554,1.0169831818403157,0.008192217545175353,1.668778956554698
0.9833101767393568,1.0169731013218906,0.007409250443290745,1.5852149022825215
0.9833199236781849,1.0169630208034655,0.006701730078120414,1.5056813369735564
0.9833296708102455,1.0169529402850404,0.006064672388843019,1.43029359267662
0.9833394181355446,1.016942859766615,0.0054931804516796835,1.3591511041278477
0.9833491656540876,1.01693277924819,0.004982477446688504,1.292335725191085
0.9833589133658803,1.0169226987297648,0.004527938129800691,1.2299103558879316
0.9833686612709286,1.0169126182113397,0.004125118259381131,1.1719179349538071
0.983378409369238,1.0169025376929146,0.0037697814229188456,1.118380832941524
0.9833881576608148,1.0168924571744893,0.0034579227549731317,1.0693006623915233
0.983397906145664,1.0168823766560642,0.003185789123183145,1.0246585053578052
0.9834076548237919,1.016872296137639,0.0029498954723881326,0.9844155445801142
0.9834174036952039,1.016862215619214,0.002747037149435298,0.9485140729855297
0.9834271527599061,1.0168521351007886,0.002574298167878868,0.916878845654635
0.9834369020179039,1.0168420545823635,0.002429055505437328,0.8894187286424605
0.9834466514692033,1.0168319740639384,0.002308979648857182,0.8660285897654447
0.9834564011138098,1.0168218935455133,0.002212031705599555,0.8465913683461035
0.9834661509517296,1.016811813027088,0.002136457487071281,0.830980255660389
0.9834759009829679,1.016801732508663,0.002080779032812001,0.8190609174455097
0.9834856512075307,1.0167916519902378,0.0020437840905325757,0.8106936962866642
0.9834954016254238,1.0167815714718127,0.0020245140942866916,0.8057357455255183
0.9835051522366531,1.0167714909533874,0.002022251194686495,0.8040430664557366
0.9835149030412239,1.0167614104349623,0.00203650489328572,0.8054724440650112
0.9835246540391422,1.0167513299165372,0.0020669988182712706,0.8098832989550988
0.9835344052304138,1.016741249398112,0.002113658152120588,0.8171394900065874
0.9835441566150447,1.0167311688796867,0.0021765981831513583,0.8271111101427918
0.98355390819304,1.0167210883612616,0.0022561144013865126,0.8396763143595468
0.9835636599644059,1.0167110078428365,0.0023526744944542123,0.854723205325944
0.9835734119291479,1.0167009273244114,0.0024669125207590734,0.8721517793883554
0.9835831640872721,1.0166908468059863,0.0025996254454206474,0.891875908136501
0.9835929164387841,1.016680766287561,0.0027517721211035846,0.913825301802921
0.9836026689836895,1.0166706857691359,0.002924474684070527,0.9379473746598246
0.9836124217219941,1.0166606052507108,0.0031190222191971807,0.9642089125143402
0.9836221746537038,1.0166505247322857,0.00333687643249803,0.9925974312032207
0.9836319277788246,1.0166404442138604,0.003579678960948614,1.0231221140537048
0.9836416810973615,1.0166303636954352,0.0038492598530354316,1.0558142262545502
0.9836514346093208,1.0166202831770101,0.004147646673765686,1.0907269242726374
0.9836611883147082,1.016610202658585,0.0044770736291988265,1.127934407448715
0.9836709422135295,1.0166001221401597,0.004839990066626515,1.1675303936647734
0.98368069630579,1.0165900416217346,0.0052390676908764065,1.2096259388745727
0.983690450591496,1.0165799611033095,0.005677205836573716,1.2543466567307358
0.983700205070653,1.0165698805848844,0.006157534152970695,1.3018294267763544
0.9837099597432668,1.0165598000664593,0.0066834120833265285,1.352218703803646
0.9837197146093434,1.016549719548034,0.0072584245517988925,1.4056625550335677
0.9837294696688881,1.0165396390296089,0.007886373307001903,1.4623085550160104
0.9837392249219068,1.0165295585111838,0.00857126340643624,1.5222996605116823
0.9837489803684054,1.0165194779927587,0.009317284365566917,1.5857701714912273
0.9837587360083897,1.0165093974743333,0.010128785538661951,1.6528418622284125
0.9837684918418652,1.0164993169559082,0.011010245351337423,1.7236203418838019
0.9837782478688378,1.0164892364374831,0.011966234075246347,1.798191680590596
0.9837880040893133,1.016479155919058,0.01300136992683246,1.8766193175644499
0.9837977605032976,1.0164690754006327,0.014120268398475378,1.9589412549081344
0.9838075171107961,1.0164589948822076,0.015327484892033791,2.0451675351229848
0.9838172739118146,1.0164489143637825,0.016627450934655005,2.1352780025728246
0.983827030906359,1.0164388338453574,0.018024404511248437,2.2292203578418754
0.9838367880944354,1.016428753326932,0.019522315352990444,2.3269085279788877
0.9838465454760489,1.016418672808507,0.021124806366605842,2.42822139250484
0.9838563030512055,1.0164085922900818,0.022835072766650946,2.5330019226449627
0.9838660608199111,1.0163985117716567,0.02465580086419417,2.641056806958463
0.9838758187821716,1.0163884312532314,0.026589088847715384,2.7521566482030657
0.9838855769379923,1.0163783507348063,0.028636372232858847,2.8660368216082897
0.9838953352873792,1.0163682702163812,0.0307983569278117,2.982399082438641
0.9839050938303381,1.016358189697956,0.033074963012598886,3.1009139990106336
0.9839148525668746,1.016348109179531,0.035465282342170466,3.2212242665630773
0.9839246114969948,1.0163380286611057,0.03796755290791797,3.3429489268699193
0.9839343706207041,1.0163279481426806,0.040579152512135126,3.4656884796756047
0.9839441299380084,1.0163178676242555,0.043296613722625533,3.5890308270052906
0.9839538894489134,1.0163077871058304,0.04611566127265757,3.712557942173838
0.9839636491534252,1.016297706587405,0.04903127209773106,3.8358531059468053
0.983973409051549,1.01628762606898,0.05203775709058823,3.958508505942241
0.9839831691432908,1.0162775455505548,0.05512886248440432,4.080132956330023
0.9839929294286565,1.0162674650321297,0.05829788761252002,4.200359466351808
0.9840026899076518,1.0162573845137044,0.061537814733558634,4.3188523713806894
0.9840124505802824,1.0162473039952793,0.0648414457315238,4.435313740719957
0.984022211446554,1.0162372234768542,0.06820153987990553,4.549488792968732
0.9840319725064726,1.016227142958429,0.07161094653765991,4.6611700812386765
0.9840417337600436,1.016217062440004,0.075062726671897,4.770200255409449
0.9840514952072733,1.0162069819215787,0.07855025745242802,4.876473262931186
0.9840612568481669,1.0161969014031536,0.0820673148333239,4.97993391030092
0.9840710186827304,1.0161868208847284,0.08560812996176374,5.08057576972006
0.9840807807109696,1.0161767403663033,0.08916741636904738,5.178437475786013
0.9840905429328903,1.016166659847878,0.0927403661464128,5.27359751277111
0.9841003053484981,1.016156579329453,0.0963226145912568,5.366167641092888
0.9841100679577989,1.0161464988110278,0.09991017408850726,5.45628515172162
0.9841198307607983,1.0161364182926027,0.1034993391985258,5.544104168880849
0.9841295937575025,1.0161263377741774,0.10708656604129929,5.629786245884387
0.9841393569479168,1.0161162572557523,0.11066833006225708,5.713490517291348
0.9841491203320469,1.0161061767373272,0.1142409671529399,5.795363684966937
0.984158883909899,1.016096096218902,0.11780050386696454,5.87553012709539
0.9841686476814788,1.0160860157004767,0.12134248313950935,5.954082429158192
0.9841784116467917,1.0160759351820516,0.12486179247574132,6.031072644074008
0.9841881758058436,1.0160658546636265,0.12835250202428866,6.106504594631748
0.9841979401586404,1.0160557741452014,0.1318077202487971,6.18032753249343
0.984207704705188,1.016045693626776,0.13521947504032636,6.252431462226898
0.9842174694454918,1.016035613108351,0.13857862798273118,6.3226444215911775
0.9842272343795577,1.016025532589926,0.14187482904788465,6.390731977446796
0.9842369995073916,1.0160154520715008,0.14509651816026845,6.456399146051161
0.9842467648289992,1.0160053715530757,0.14823097877979025,6.5192948748610275
0.9842565303443863,1.0159952910346504,0.15126444685567558,6.579019129146919
0.9842662960535585,1.0159852105162253,0.15418227620340405,6.635132512132906
0.9842760619565217,1.0159751299978002,0.15696915860991714,6.6871682164039585
0.9842858280532817,1.015965049479375,0.15960939388791984,6.734645963927982
0.9842955943438444,1.0159549689609497,0.16208720187884398,6.777087452547791
0.9843053608282152,1.0159448884425246,0.1643870652800644,6.814032700082679
0.9843151275064,1.0159348079240995,0.16649408944693916,6.845056576572352
0.9843248943784046,1.0159247274056744,0.1683943632677333,6.869784752524825
0.9843346614442351,1.015914646887249,0.1700753041223581,6.887908276884681
0.9843444287038967,1.015904566368824,0.171525969981474,6.899196037971395
0.9843541961573955,1.0158944858503989,0.17273732298191652,6.903504454608553
0.9843639638047372,1.0158844053319738,0.17370243128636303,6.900783887711472
0.9843737316459276,1.0158743248135487,0.17441659951613026,6.891081443382421
0.9843834996809726,1.0158642442951233,0.17487742225707154,6.874540042231888
0.9843932679098776,1.0158541637766982,0.1750847596958836,6.851393838041856
0.9844030363326487,1.0158440832582731,0.17504063895825894,6.821960264670299
0.9844128049492914,1.015834002739848,0.1747490887921777,6.786629157388856
0.984422573759812,1.0158239222214227,0.1742159185637487,6.745849522311758
0.9844323427642157,1.0158138417029976,0.1734484548904222,6.700114608939444
0.9844421119625083,1.0158037611845725,0.1724552505248725,6.649945975050298
0.984451881354696,1.0157936806661474,0.17124578035012736,6.595877224495001
0.9844616509407843,1.015783600147722,0.1698301386573724,6.538438054158549
0.984471420720779,1.015773519629297,0.16821875044887954,6.478139176628148
0.9844811906946856,1.0157634391108719,0.16642210754230732,6.4154585995297575
0.9844909608625104,1.0157533585924468,0.16445053799636236,6.350829651123009
0.9845007312242591,1.0157432780740214,0.16231401500018391,6.284631050861593
0.9845105017799369,1.0157331975555963,0.16002200906013123,6.2171792388808225
0.9845202725295502,1.0157231170371712,0.15758338516716505,6.148723101183989
0.9845300434731044,1.0157130365187461,0.15500634471437466,6.079441157858285
0.9845398146106057,1.0157029560003208,0.15229841027186983,6.009441217738704
0.9845495859420593,1.0156928754818957,0.14946644991781172,5.938762441882846
0.9845593574674714,1.0156827949634706,0.14651673664094536,5.867379696906218
0.9845691291868475,1.0156727144450455,0.14345503735353501,5.795210015522483
0.9845789011001935,1.0156626339266204,0.14028672525773359,5.722120914555407
0.9845886732075154,1.015652553408195,0.13701690869884914,5.647940251359899
0.9845984455088187,1.01564247288977,0.1336505692251101,5.572467231014614
0.9846082180041091,1.0156323923713448,0.1301927013871436,5.495484113751805
0.9846179906933926,1.0156223118529197,0.12664844690449464,5.416768121616658
0.984627763576675,1.0156122313344944,0.12302321622792306,5.336103012146819
0.9846375366539619,1.0156021508160693,0.11932279129172318,5.25328978230584
0.9846473099252591,1.0155920702976442,0.11555340436689517,5.16815599304736
0.9846570833905725,1.015581989779219,0.11172178938801597,5.080563266945324
0.9846668570499079,1.0155719092607938,0.10783520385446108,4.990412607416838
0.9846766309032707,1.0155618287423687,0.10390142130193401,4.897647313770425
0.9846864049506671,1.0155517482239436,0.09992869625775377,4.802253413012148
0.9846961791921027,1.0155416677055185,0.09592570538334647,4.7042576857306715
0.9847059536275833,1.0155315871870934,0.09190147000432262,4.603723515874171
0.984715728257115,1.015521506668668,0.08786526631049234,4.5007449297970945
0.9847255030807028,1.015511426150243,0.08382653007679697,4.39543929680848
0.9847352780983532,1.0155013456318178,0.07979476277842075,4.287939233507096
0.9847450533100717,1.0154912651133927,0.07577944546535124,4.178384283425569
0.9847548287158642,1.0154811845949674,0.07178996580345127,4.06691293304934
0.9847646043157363,1.0154711040765423,0.06783556238260867,3.9536554800197923
0.9847743801096938,1.0154610235581172,0.06392528888076444,3.838728198234775
0.9847841560977425,1.015450943039692,0.06006799909141376,3.7222291583286715
0.9847939322798885,1.0154408625212668,0.056272352292665244,3.6042359719994086
0.9848037086561372,1.0154307820028416,0.052546837064888254,3.484805646114355
0.9848134852264944,1.0154207014844165,0.04889981051290098,3.363976666841764
0.9848232619909659,1.0154106209659914,0.04533954896044072,3.2417733933956727
0.9848330389495579,1.0154005404475661,0.04187430556554486,3.118212831812954
0.9848428161022755,1.015390459929141,0.03851236993639982,2.993313886904107
0.9848525934491249,1.015380379410716,0.03526212469722954,2.8671092616690124
0.9848623709901118,1.0153702988922908,0.03213209402156551,2.739660295406151
0.9848721487252422,1.0153602183738655,0.029130979389783946,2.6110752153050982
0.9848819266545213,1.0153501378554404,0.02626767822495562,2.4815315365395985
0.9848917047779554,1.0153400573370153,0.023551281596049592,2.351303699877204
0.9849014830955501,1.0153299768185902,0.02099104785288058,2.220797497113735
0.9849112616073112,1.015319896300165,0.0185963498698095,2.0905933913079253
0.9849210403132448,1.0153098157817397,0.016376594534959796,1.9615014011811078
0.984930819213356,1.0152997352633146,0.014341114225016775,1.8346304942843357
0.9849405983076511,1.0152896547448895,0.012499031246821128,1.7114746602481665
0.9849503775961357,1.0152795742264644,0.010859097583005024,1.5940142852880033
0.9849601570788158,1.015269493708039,0.009429513706740405,1.484821723920931
0.9849699367556969,1.015259413189614,0.008217731668150242,1.3871388000062714
0.9849797166267849,1.0152493326711889,0.007230249016744135,1.3048573791528348
0.9849894966920855,1.0152392521527638,0.006472401310819478,1.2422920334619132
0.9849992769516047,1.0152291716343385,0.0059481618607120324,1.2036336639421286
0.985009057405348,1.0152190911159134,0.00565995785341449,1.1920997415783994
0.9850188380533215,1.0152090105974882,0.005608512011814725,1.2090650397593765
0.9850286188955307,1.0151989300790631,0.0057927183908563565,1.2536427456285943
0.9850383999319815,1.015188849560638,0.006209559779195772,1.3229816494003277
0.98504818116268,1.0151787690422127,0.006854072489630155,1.4130684486384189
0.9850579625876313,1.0151686885237876,0.007719362167742952,1.519574223828585
0.9850677442068417,1.0151586080053625,0.008796671763510214,1.6384343920030724
0.985077526020317,1.0151485274869374,0.0100755001710394,1.766118549289204
0.9850873080280629,1.015138446968512,0.01154376744922372,1.8996876594712073
0.9850970902300848,1.015128366450087,0.013188020190033966,2.0367466950104975
0.9851068726263891,1.0151182859316619,0.014993668685931279,2.175362844452749
0.9851166552169811,1.0151082054132368,0.016945246195053602,2.3139833403332903
0.985126438001867,1.0150981248948114,0.019026679903679553,2.451365273987356
0.9851362209810524,1.0150880443763863,0.021221563149806798,2.586519487641387
0.9851460041545429,1.0150779638579612,0.0235134190687866,2.7186667359512633
0.9851557875223445,1.0150678833395361,0.025885946944771428,2.8472033620040658
0.9851655710844631,1.0150578028211108,0.028323244086308937,2.9716739398926406
0.9851753548409042,1.0150477223026857,0.030809997824756127,3.09174888042383
0.9851851387916738,1.0150376417842606,0.03333164412054156,3.207205553114948
0.9851949229367775,1.0150275612658355,0.03587449110813313,3.3179119386420433
0.9852047072762212,1.0150174807474104,0.03842580760597087,3.423812172956192
0.9852144918100111,1.015007400228985,0.040973878079402226,3.5249135902319577
0.9852242765381523,1.01499731971056,0.04350802671681308,3.6212750372665212
0.9852340614606507,1.0149872391921348,0.0460186141456147,3.7129963373723283
0.9852438465775124,1.0149771586737097,0.048497010876785665,3.800208843829697
0.9852536318887434,1.0149670781552844,0.05093555185159681,3.883067054880918
0.9852634173943488,1.0149569976368593,0.053327476500168246,3.9617412734954534
0.9852732030943347,1.0149469171184342,0.055666858563422475,4.036411293384271
0.9852829889887071,1.014936836600009,0.05794852960752003,4.107261082414286
0.9852927750774718,1.0149267560815838,0.06016799973116814,4.1744744199129205
0.9853025613606342,1.0149166755631587,0.062321378459047276,4.238231427374453
0.9853123478382003,1.0149065950447336,0.0644052982709186,4.2987059149527225
0.9853221345101759,1.0148965145263085,0.066416842659853,4.356063450062168
0.985331921376567,1.0148864340078831,0.06835348007978115,4.410460040875349
0.985341708437379,1.014876353489458,0.07021300464008895,4.46204131713876
0.9853514956926179,1.014866272971033,0.07199348396620522,4.510942084833142
0.9853612831422895,1.0148561924526078,0.0736932142735914,4.557286130152674
0.9853710707863996,1.0148461119341827,0.07531068241354048,4.601186152652303
0.9853808586249542,1.0148360314157574,0.07684453445170439,4.64274371740245
0.9853906466579586,1.0148259508973323,0.07829355023107014,4.682049131203479
0.9854004348854188,1.0148158703789072,0.07965662335364464,4.7191811678954725
0.9854102233073407,1.014805789860482,0.08093274607883655,4.7542065915674065
0.9854200119237304,1.0147957093420568,0.08212099876950599,4.787179452804359
0.985429800734593,1.0147856288236317,0.08322054371021383,4.81814016100911
0.9854395897399346,1.0147755483052066,0.08423062334637146,4.8471143636573775
0.9854493789397611,1.0147654677867814,0.08515056324352924,4.874111690561323
0.9854591683340785,1.0147553872683561,0.08597978030745985,4.899124446461508
0.9854689579228921,1.014745306749931,0.08671779703038125,4.922126358468558
0.9854787477062079,1.014735226231506,0.08736426271036002,4.9430715054644505
0.9854885376840317,1.0147251457130808,0.08791898270886297,4.961893574371578
0.9854983278563696,1.0147150651946555,0.08838195685655505,4.978505603349412
0.9855081182232268,1.0147049846762304,0.08875342805752336,4.9928003837622486
0.9855179087846094,1.0146949041578053,0.08903394197388027,5.0046517009605935
0.9855276995405233,1.0146848236393802,0.0892244183659438,5.013916596983684
0.9855374904909743,1.014674743120955,0.08932623420683838,5.020438834574784
0.9855472816359682,1.0146646626025297,0.08934131807606253,5.0240537289299825
0.9855570729755104,1.0146545820841046,0.08927225454630545,5.0245944878596545
0.9855668645096072,1.0146445015656795,0.08912239633166694,5.021900159237726
0.9855766562382641,1.0146344210472544,0.08889598087339955,5.015825222502457
0.9855864481614872,1.014624340528829,0.08859824685453785,5.006250775493982
0.9855962402792819,1.014614260010404,0.0882355449289789,4.993097156738524
0.9856060325916542,1.014604179491979,0.08781543582157121,4.9763377062524885
0.98561582509861,1.0145940989735538,0.08734676805373195,4.9560132087645385
0.9856256178001551,1.0145840184551285,0.08683972701169623,4.932246388824945
0.985635410696295,1.0145739379367034,0.08630584708739882,4.905255650953832
0.9856452037870358,1.0145638574182783,0.0857579793281028,4.875367097692242
0.9856549970723831,1.0145537768998532,0.08521020854425145,4.843023737765201
0.985664790552343,1.0145436963814278,0.08467771618857892,4.808790743054164
0.985674584226921,1.0145336158630027,0.08417658845740764,4.77335565487288
0.985684378096123,1.0145235353445776,0.08372357279965058,4.73752260325246
0.9856941721599547,1.0145134548261525,0.08333579003146092,4.702199904857628
0.9857039664184221,1.0145033743077274,0.08303041313833999,4.66838084925865
0.9857137608715311,1.014493293789302,0.08282432713802976,4.637118052085392
0.985723555519287,1.014483213270877,0.08273378663301646,4.609492403741967
0.9857333503616961,1.0144731327524519,0.08277408854614407,4.586578302445066
0.9857431453987638,1.0144630522340268,0.08295927681980415,4.569407435282717
0.9857529406304965,1.0144529717156014,0.08330189356902204,4.558933752960431
0.9857627360568993,1.0144428911971763,0.08381278755032205,4.556002375521239
0.9857725316779784,1.0144328106787512,0.08450098622663384,4.561324904763516
0.9857823274937395,1.0144227301603261,0.08537363270327315,4.575463003765521
0.9857921235041888,1.0144126496419008,0.08643598391625366,4.598821207628466
0.9858019197093313,1.0144025691234757,0.08769146216889247,4.631648891997118
0.9858117161091734,1.0143924886050506,0.08914174879756753,4.674050322905906
0.9858215127037206,1.0143824080866255,0.09078690661711632,4.726000911100413
0.9858313094929791,1.0143723275682002,0.0926255168880249,4.787367313448554
0.9858411064769543,1.014362247049775,0.09465481676586582,4.857928904237687
0.9858509036556522,1.01435216653135,0.09687082434260753,4.937398344215528
0.9858607010290785,1.0143420860129249,0.09926844021920693,5.025439413595171
0.9858704985972392,1.0143320054944998,0.10184151681275673,5.121680833133617
0.9858802963601401,1.0143219249760744,0.10458288909110601,5.225725369222683
0.9858900943177866,1.0143118444576493,0.10748436297449979,5.337154027274103
0.9858998924701848,1.0143017639392242,0.11053666017323388,5.455525541624941
0.9859096908173406,1.0142916834207991,0.11372932069728724,5.580371659862968
0.9859194893592599,1.0142816029023738,0.11705056671201644,5.71118890880683
0.985929288095948,1.0142715223839487,0.1204871338632599,5.8474276435088655
0.9859390870274112,1.0142614418655236,0.12402407871971097,5.988479248188189
0.9859488861536551,1.0142513613470985,0.12764457360778383,6.133662403564079
0.9859586854746856,1.0142412808286732,0.13132970285520273,6.282209376776075
0.9859684849905083,1.014231200310248,0.13505827721575925,6.43325333604626
0.9859782847011291,1.014221119791823,0.1388066858807441,6.585817742706229
0.985988084606554,1.0142110392733978,0.14254880769257086,6.738808917844828
0.9859978847067887,1.0142009587549725,0.1462560046101586,6.8910129032739516
0.9860076850018389,1.0141908782365474,0.1498972206356249,7.041097712543652
0.9860174854917104,1.0141807977181223,0.15343920779048562,7.187621971248884
0.9860272861764092,1.0141707171996972,0.15684689681142855,7.329050750293023
0.986037087055941,1.014160636681272,0.16008392363752016,7.463779080712981
0.9860468881303117,1.0141505561628468,0.16311331335597326,7.590163195620442
0.986056689399527,1.0141404756444217,0.16589831129342753,7.7065589827519325
0.9860664908635925,1.0141303951259966,0.1684033371222117,7.811366482979788
0.9860762925225144,1.0141203146075715,0.17059502342128183,7.903078592242931
0.9860860943762986,1.0141102340891461,0.17244328678750923,7.980331496040767
0.9860958964249504,1.014100153570721,0.17392236928908392,8.04195387818747
0.9861056986684759,1.014090073052296,0.17501178267654227,8.087011688703415
0.9861155011068808,1.0140799925338708,0.17569708881146903,8.114845300174666
0.9861253037401714,1.0140699120154455,0.17597045792861735,8.125096261412525
0.9861351065683527,1.0140598314970204,0.17583096124008393,8.117721555808878
0.9861449095914311,1.0140497509785953,0.17528457459143287,8.092994222688349
0.9861547128094121,1.0140396704601702,0.1743438929734239,8.051490291077629
0.986164516222302,1.0140295899417449,0.1730275787999637,7.994063070670061
0.9861743198301058,1.0140195094233198,0.17135958707243876,7.921806807271714
0.98618412363283,1.0140094289048946,0.1693682254715893,7.83601242643351
0.9861939276304802,1.0139993483864695,0.16708511563169143,7.738118490734701
0.9862037318230621,1.0139892678680444,0.1645441229642018,7.629660564050643
0.9862135362105819,1.0139791873496191,0.16178031714381091,7.512221942817292
0.9862233407930449,1.013969106831194,0.1588290151805775,7.387388246806497
0.9862331455704572,1.013959026312769,0.15572494580393362,7.25670774984597
0.9862429505428244,1.0139489457943438,0.1525015595969257,7.1216586645994395
0.9862527557101528,1.0139388652759185,0.14919049562300332,6.983623953956513
0.9862625610724477,1.0139287847574934,0.14582120342595872,6.84387368331334
0.9862723666297151,1.0139187042390683,0.14242070996386308,6.703554486415502
0.9862821723819608,1.0139086237206432,0.1390135145200215,6.56368540464451
0.9862919783291908,1.0138985432022178,0.13562159077647715,6.425159168751867
0.9863017844714106,1.0138884626837927,0.13226447367464594,6.288747905546307
0.9863115908086262,1.0138783821653676,0.12895940891755917,6.155112245474272
0.9863213973408433,1.0138683016469425,0.1257215444673342,6.024812855538384
0.9863312040680681,1.0138582211285172,0.12256414569021253,5.898323502792913
0.9863410109903058,1.013848140610092,0.11949881849802524,5.776044848201547
0.9863508181075626,1.013838060091667,0.11653572765488404,5.658318266353844
0.9863606254198443,1.0138279795732419,0.11368380015675313,5.545439075453892
0.9863704329271566,1.0138178990548168,0.1109509061420029,5.437668641713086
0.9863802406295057,1.0138078185363915,0.10834401210875232,5.335244894410524
0.9863900485268967,1.0137977380179664,0.10586930328356564,5.238390857041083
0.986399856619336,1.0137876574995413,0.10353227382582633,5.147320873059906
0.9864096649068291,1.0137775769811161,0.10133778519014364,5.062244289538843
0.9864194733893823,1.0137674964626908,0.09929009440478563,4.983366464910265
0.9864292820670009,1.0137574159442657,0.09739285528525163,4.910887092836945
0.9864390909396907,1.0137473354258406,0.09564909665662308,4.844995982742359
0.9864489000074579,1.0137372549074155,0.09406118250249682,4.785866603755589
0.9864587092703083,1.0137271743889902,0.0926307595450359,4.733647870367221
0.9864685187282474,1.013717093870565,0.09135869806970055,4.6884548074427235
0.986478328381281,1.01370701335214,0.0902450318093155,4.650358857020595
0.9864881382294153,1.0136969328337149,0.08928890238701484,4.619378656880553
0.986497948272656,1.0136868523152895,0.08848851320529233,4.595472112854182
0.9865077585110087,1.0136767717968644,0.08784109678961634,4.578530493853731
0.9865175689444793,1.0136666912784393,0.08734289852339512,4.568375104720998
0.9865273795730737,1.0136566107600142,0.08698917851964726,4.564756854962112
0.9865371903967978,1.0136465302415891,0.08677423216790543,4.5673587716781805
0.9865470014156574,1.0136364497231638,0.08669142875625117,4.57580123842536
0.9865568126296581,1.0136263692047387,0.0867332665923854,4.589649514415251
0.9865666240388058,1.0136162886863136,0.08689144229273718,4.608422927701488
0.9865764356431065,1.0136062081678885,0.08715693141764723,4.631605056775795
0.9865862474425661,1.0135961276494632,0.08752007741502983,4.658654217800103
0.9865960594371899,1.013586047131038,0.08797068587489533,4.689013647332348
0.9866058716269842,1.013575966612613,0.08849812136226173,4.722120892841877
0.9866156840119545,1.0135658860941879,0.08909140452184883,4.757416071666362
0.9866254965921072,1.0135558055757625,0.08973930768051178,4.794348811520252
0.9866353093674475,1.0135457250573374,0.09043044774221126,4.832383824365405
0.9866451223379814,1.0135356445389123,0.09115337572039937,4.871005178897249
0.9866549355037149,1.0135255640204872,0.09189666273161044,4.909719419286925
0.9866647488646537,1.0135154835020619,0.09264898265025748,4.9480577286526195
0.9866745624208035,1.0135054029836368,0.09339919186819333,4.985577357567192
0.9866843761721703,1.0134953224652117,0.09413640671462696,5.02186253605072
0.9866941901187599,1.0134852419467866,0.09485007906916741,5.056525067472857
0.986704004260578,1.0134751614283615,0.09553007055805593,5.089204770432842
0.9867138185976309,1.0134650809099361,0.09616672549035336,5.119569895434871
0.9867236331299237,1.013455000391511,0.09675094238990246,5.147317601249256
0.9867334478574626,1.013444919873086,0.0972742436450948,5.172174534908923
0.9867432627802534,1.0134348393546608,0.09772884246702014,5.193897522079097
0.9867530778983021,1.0134247588362355,0.09810770605091927,5.212274343052479
0.9867628932116143,1.0134146783178104,0.09840461360199872,5.227124545128317
0.9867727087201958,1.0134045977993853,0.09861420774277405,5.238300225491227
0.9867825244240525,1.0133945172809602,0.09873203778019773,5.245686710163124
0.9867923403231905,1.0133844367625349,0.09875459338158314,5.249203053860813
0.986802156417615,1.0133743562441098,0.09867932739408791,5.248802292194189
0.9868119727073325,1.0133642757256847,0.09850466682488367,5.244471390424571
0.9868217891923482,1.0133541952072596,0.09823001136003137,5.236230850567685
0.9868316058726686,1.0133441146888342,0.09785571921808321,5.224133959591869
0.986841422748299,1.0133340341704091,0.09738308056736474,5.2082656836590955
0.9868512398192454,1.013323953651984,0.09681427916193633,5.188741235274974
0.9868610570855136,1.013313873133559,0.0961523432234219,5.165704359575296
0.9868708745471095,1.0133037926151338,0.09540108690356004,5.139325401607992
0.9868806922040391,1.0132937120967085,0.09456504386418635,5.109799226272437
0.9868905100563078,1.0132836315782834,0.09364939460581236,5.077343065851305
0.9869003281039217,1.0132735510598583,0.09265988915455266,5.042194365726042
0.9869101463468866,1.0132634705414332,0.09160276658400185,5.004608686604103
0.9869199647852085,1.0132533900230078,0.09048467261991804,4.964857701479437
0.9869297834188928,1.0132433095045827,0.08931257627204686,4.923227298107326
0.9869396022479456,1.0132332289861576,0.08809368609407037,4.880015764482993
0.9869494212723727,1.0132231484677325,0.08683536632135902,4.835531997457296
0.9869592404921802,1.0132130679493072,0.08554505281659897,4.790093636239377
0.9869690599073734,1.013202987430882,0.08423016850692461,4.744024986941736
0.9869788795179585,1.013192906912457,0.0828980378596157,4.697654576427988
0.9869886993239412,1.013182826394032,0.08155579995126665,4.6513121592746245
0.9869985193253275,1.0131727458756066,0.08021031985296231,4.605325006534555
0.987008339522123,1.0131626653571815,0.07886809840319074,4.560013335275344
0.9870181599143335,1.0131525848387564,0.0775351809449285,4.51568479713781
0.987027980501965,1.0131425043203313,0.07621706625047404,4.472628034036936
0.9870378012850234,1.0131324238019062,0.0749186175737323,4.431105425334146
0.9870476222635146,1.0131223432834808,0.07364397849664511,4.391345284467775
0.9870574434374441,1.0131122627650557,0.07239649686494487,4.3535338979573535
0.9870672648068178,1.0131021822466306,0.07117866055139974,4.317807915474995
0.9870770863716417,1.0130921017282055,0.06999204893663688,4.284247673002322
0.9870869081319218,1.0130820212097802,0.0688373038003677,4.252872041425648
0.9870967300876635,1.013071940691355,0.06771412272299533,4.223635326466517
0.9871065522388728,1.01306186017293,0.06662127714198865,4.196426601698772
0.9871163745855557,1.0130517796545049,0.06555665594618369,4.171071647282427
0.987126197127718,1.0130416991360796,0.06451733405830988,4.14733742032821
0.9871360198653651,1.0130316186176545,0.06349966399887974,4.124938734375772
0.9871458427985034,1.0130215380992293,0.06249938711174729,4.103546613588863
0.9871556659271384,1.0130114575808042,0.0615117601188052,4.082797644228207
0.9871654892512763,1.013001377062379,0.06053169206379344,4.062303591256702
0.9871753127709226,1.0129912965439538,0.05955388656717775,4.041660585676291
0.9871851364860831,1.0129812160255287,0.05857298463257816,4.02045730708009
0.9871949603967638,1.0129711355071036,0.05758370395912046,3.9982817636649126
0.9872047845029704,1.0129610549886785,0.056580971709793516,3.9747264809933633
0.9872146088047092,1.0129509744702532,0.0555600488275292,3.9493921240030008
0.9872244333019854,1.012940893951828,0.054516645137324286,3.9218897723254957
0.9872342579948051,1.012930813433403,0.05344702549061442,3.8918422323677326
0.9872440828831742,1.0129207329149779,0.0523481079933366,3.8588848944358
0.9872539079670988,1.0129106523965525,0.05121755583188078,3.8226667292271705
0.987263733246584,1.0129005718781274,0.050053864324669926,3.7828520693657914
0.9872735587216361,1.0128904913597023,0.048856444559447876,3.7391238437749204
0.987283384392261,1.0128804108412772,0.04762570433086329,3.6911889299899627
0.9872932102584647,1.012870330322852,0.046363126086774765,3.6387862635141546
0.9873030363202525,1.0128602498044268,0.04507134027129335,3.581698290992324
0.9873128625776305,1.0128501692860017,0.04375419087442087,3.519766266688572
0.9873226890306046,1.0128400887675766,0.042416788267673436,3.4529097552190318
0.9873325156791809,1.0128300082491513,0.041065542646361655,3.3811504959936673
0.9873423425233646,1.0128199277307262,0.0397081698105487,3.304640478590611
0.987352169563162,1.012809847212301,0.038353659826818536,3.2236936368683593
0.9873619967985787,1.012799766693876,0.037012198621119624,3.138819950016707
0.9873718242296208,1.0127896861754508,0.03569503305987814,3.0507598902839863
0.9873816518562941,1.0127796056570255,0.03441427188792618,2.960516031254345
0.9873914796786042,1.0127695251386004,0.03318261821477215,2.869377198788059
0.9874013076965571,1.0127594446201753,0.03201303412227396,2.778928850853815
0.9874111359101586,1.0127493641017502,0.030918344224237077,2.691041621003849
0.9874209643194148,1.0127392835833249,0.029910792132627952,2.6078286808753273
0.9874307929243312,1.0127292030648998,0.02900157098176763,2.531562789378581
0.9874406217249136,1.0127191225464747,0.028200355379282335,2.4645471335881286
0.9874504507211682,1.0127090420280496,0.027514866252897587,2.4089419248534063
0.9874602799131007,1.0126989615096242,0.026950501046464265,2.3665615913437965
0.9874701093007168,1.0126888809911991,0.02651005895656274,2.338672673749863
0.9874799388840224,1.012678800472774,0.02619358436256217,2.32583363066014
0.9874897686630234,1.012668719954349,0.02599834191417765,2.3278165497110463
0.9874995986377257,1.0126586394359236,0.025918925154976073,2.34363335540957
0.987509428808135,1.0126485589174985,0.02594748870034738,2.3716609021928696
0.9875192591742572,1.0126384783990734,0.026074083540785734,2.409833201911441
0.9875290897360981,1.0126283978806483,0.026287067401918114,2.4558566295849036
0.9875389204936637,1.0126183173622232,0.026573558100686623,2.507408081160137
0.9875487514469599,1.0126082368437979,0.02691989766737816,2.5622907114756566
0.9875585825959922,1.0125981563253728,0.02731209819668727,2.6185382963068298
0.9875684139407666,1.0125880758069477,0.027736246048020313,2.674471481959598
0.987578245481289,1.0125779952885225,0.028178848015251702,2.7287155472370377
0.9875880772175655,1.0125679147700972,0.028627110346209402,2.780190956081726
0.9875979091496013,1.0125578342516721,0.029069148122381188,2.828086901273638
0.9876077412774028,1.012547753733247,0.029494127923953367,2.871825867834764
0.9876175736009757,1.012537673214822,0.029892350619902676,2.9110249604877287
0.987627406120326,1.0125275926963966,0.03025528352733484,2.94545778751745
0.9876372388354591,1.0125175121779715,0.030575552241982287,2.97501919614112
0.987647071746381,1.0125074316595464,0.03084690243284939,2.9996940840828343
0.9876569048530979,1.0124973511411213,0.031064141119872355,3.0195307874848196
0.9876667381556155,1.012487270622696,0.03122306570840832,3.0346190811412046
0.9876765716539393,1.0124771901042708,0.031320387575468754,3.0450725492544777
0.9876864053480755,1.0124671095858457,0.03135365547128165,3.051014935885303
0.9876962392380298,1.0124570290674206,0.0313211825424,3.052570020867917
0.9877060733238081,1.0124469485489955,0.031221979469417696,3.0498545576230134
0.9877159076054166,1.0124368680305702,0.031055695073537025,3.0429738311840513
0.9877257420828605,1.012426787512145,0.030822564802071576,3.0320194326146717
0.9877355767561459,1.01241670699372,0.030523366730090856,3.0170688881337133
0.9877454116252787,1.012406626475295,0.030159384112935506,2.9981868211235687
0.987755246690265,1.0123965459568696,0.029732373069709283,2.975427357964994
0.9877650819511103,1.0123864654384445,0.0292445336614541,2.9488375121118673
0.9877749174078205,1.0123763849200194,0.028698482441272904,2.918461294253043
0.9877847530604015,1.0123663044015943,0.02809722449947216,2.8843443008170913
0.9877945889088593,1.012356223883169,0.02744412309845105,2.8465385299139045
0.9878044249531994,1.0123461433647438,0.026742865204047252,2.805107166718115
0.987814261193428,1.0123360628463187,0.025997421563457364,2.760129072549802
0.9878240976295507,1.0123259823278936,0.025212000455650585,2.7117027083098293
0.9878339342615737,1.0123159018094683,0.024390994834594983,2.6599492282143395
0.9878437710895024,1.0123058212910432,0.023538923268012584,2.605014498247645
0.9878536081133429,1.012295740772618,0.02266036580821859,2.547069829412421
0.987863445333101,1.012285660254193,0.021759896661612838,2.4863112708946544
0.9878732827487826,1.0122755797357679,0.020842016186940607,2.4229573831705875
0.9878831203603937,1.0122654992173425,0.019911085281740334,2.357245503762297
0.9878929581679398,1.0122554186989174,0.018971265550216748,2.2894266243838057
0.9879027961714268,1.0122453381804923,0.018026468732467018,2.2197591105928978
0.9879126343708609,1.0122352576620672,0.017080318686114513,2.1485016051197503
0.9879224727662479,1.012225177143642,0.016136128744731245,2.0759055542901397
0.9879323113575932,1.0122150966252168,0.015196896559028384,2.0022078743366296
0.987942150144903,1.0122050161067917,0.014265317611773408,1.927624323868634
0.9879519891281832,1.0121949355883666,0.01334381755888311,1.8523441666066947
0.9879618283074396,1.0121848550699413,0.012434602475698784,1.7765266958892694
0.987971667682678,1.0121747745515162,0.011539725063379618,1.7003001561479933
0.9879815072539041,1.012164694033091,0.010661163975405712,1.6237635500465275
0.987991347021124,1.012154613514666,0.009800912716095166,1.546991783578973
0.9880011869843437,1.0121445329962406,0.008961074077805374,1.4700446026469467
0.9880110271435687,1.0121344524778155,0.008143955834082839,1.3929798492034466
0.9880208674988049,1.0121243719593904,0.007352163385963633,1.3158717578815975
0.9880307080500583,1.0121142914409653,0.006588685240686013,1.2388353798352723
0.9880405487973347,1.0121042109225402,0.005856967558124457,1.1620588230034132
0.9880503897406402,1.0120941304041149,0.005160974491177584,1.085845891683875
0.9880602308799802,1.0120840498856898,0.004505231642394423,1.0106728778636147
0.9880700722153607,1.0120739693672647,0.0038948506307249138,0.9372644249084728
0.9880799137467877,1.0120638888488396,0.0033355334905195693,0.8666935018282832
0.9880897554742673,1.0120538083304143,0.0028335563915304167,0.8005065896764255
0.9880995973978047,1.0120437278119891,0.0023957329632769793,0.7408601475995024
0.9881094395174063,1.012033647293564,0.0020293583129724468,0.6906160359719048
0.9881192818330776,1.012023566775139,0.001742135629177014,0.6532741165804408
0.988129124344825,1.0120134862567136,0.0015420880356244824,0.63255945865874
0.9881389670526537,1.0120034057382885,0.0014374590744339435,0.6315758437375071
0.9881488099565698,1.0119933252198634,0.00143660581414706,0.6518193424931731
0.9881586530565794,1.0119832447014383,0.0015478890570700921,0.6927062487025563
0.988168496352688,1.0119731641830132,0.0017795654182240226,0.7519759339809583
0.9881783398449019,1.0119630836645879,0.0021396861302865316,0.8265910569360815
0.9881881835332265,1.0119530031461628,0.002636007267733969,0.9135185969773519
0.9881980274176678,1.0119429226277377,0.003275915668853085,1.0101314194232047
0.9882078714982317,1.0119328421093126,0.004066374172507522,1.1143084372776242
0.9882177157749245,1.0119227615908872,0.0050138889065094025,1.224389147840882
0.9882275602477512,1.0119126810724621,0.006124500308541288,1.3390864778275569
0.9882374049167182,1.011902600554037,0.007403798392868546,1.4574038636545845
0.9882472497818312,1.011892520035612,0.008856961560722812,1.5785700390550577
0.9882570948430963,1.0118824395171866,0.010488817065176792,1.701991741084265
0.9882669401005191,1.0118723589987615,0.012303920146156217,1.827220609675169
0.9882767855541055,1.0118622784803364,0.01430664790596266,1.9539302038187165
0.9882866312038614,1.0118521979619113,0.016501303238850226,2.081899770041049
0.988296477049793,1.011842117443486,0.018892223588173798,2.211002250711722
0.9883063230919055,1.0118320369250609,0.021483888985493905,2.3411947364560355
0.988316169330205,1.0118219564066357,0.024281023722860992,2.472510107119889
0.9883260157646977,1.0118118758882106,0.027288686110257185,2.60504899706619
0.9883358623953893,1.0118017953697853,0.030512341049350338,2.7389715024524315
0.9883457092222855,1.0117917148513602,0.033957910598508584,2.8744882556725733
0.9883555562453921,1.011781634332935,0.03763179829675023,3.011850651869791
0.9883654034647152,1.01177155381451,0.041540883746743834,3.1513401433522383
0.9883752508802606,1.011761473296085,0.04569248483626625,3.293256632973512
0.9883850984920344,1.0117513927776596,0.050094286006648565,3.437906104571432
0.9883949463000419,1.0117413122592345,0.05475423216848345,3.5855877308536424
0.9884047943042894,1.0117312317408094,0.059680389229590146,3.7365807963235587
0.9884146425047826,1.0117211512223843,0.06488077372351458,3.8911318609833283
0.9884244909015276,1.011711070703959,0.07036315569931353,4.049442664066033
0.9884343394945299,1.0117009901855338,0.07613484078462161,4.211659317694825
0.9884441882837955,1.0116909096671087,0.0822024390958289,4.377863360752159
0.9884540372693303,1.0116808291486836,0.0885716302996813,4.548065225620752
0.9884638864511406,1.0116707486302583,0.09524693549273612,4.722200610241917
0.9884737358292315,1.0116606681118332,0.10223150746613885,4.900130142852199
0.9884835854036091,1.011650587593408,0.10952695119629857,5.081642579210293
0.9884934351742796,1.011640507074983,0.11713318586439976,5.266461588117363
0.9885032851412485,1.0116304265565579,0.12504835827944144,5.454255972311155
0.9885131353045221,1.0116203460381326,0.1332688151888315,5.6446529521534785
0.9885229856641058,1.0116102655197075,0.14178913869575338,5.837253927132369
0.9885328362200055,1.0116001850012823,0.15060224502730957,6.031651943264803
0.9885426869722275,1.0115901044828572,0.15969954247565318,6.2274499504409775
0.9885525379207774,1.011580023964432,0.1690711398471348,6.424278847640828
0.988562389065661,1.0115699434460068,0.17870609256376924,6.621814294408785
0.9885722404068841,1.0115598629275817,0.18859267009052985,6.819791317750644
0.9885820919444527,1.0115497824091566,0.19871862589932282,7.01801585958771
0.988591943678373,1.0115397018907313,0.2090714499844517,7.216372580953316
0.9886017956086502,1.0115296213723062,0.21963858407336878,7.414828448296657
0.9886116477352906,1.011519540853881,0.23040758109987436,7.613431855554646
0.9886215000583,1.011509460335456,0.24136619303104234,7.812307262837722
0.9886313525776844,1.0114993798170306,0.2525023745334247,8.01164554133554
0.9886412052934495,1.0114892992986055,0.263804193885454,8.211690389966193
0.988651058205601,1.0114792187801804,0.27525964674669573,8.412721325094871
0.988660911314145,1.0114691382617553,0.2868563725732169,8.615033836929152
0.9886707646190876,1.01145905774333,0.29858127753127234,8.81891735943256
0.9886806181204343,1.011448977224905,0.310420071559763,9.02463172103071
0.9886904718181909,1.0114388967064798,0.3223567308442054,9.232382742503285
0.9887003257123635,1.0114288161880547,0.334372900419252,9.442297636874645
0.9887101798029581,1.0114187356696296,0.34644725508217505,9.654400855842313
0.9887200340899804,1.0114086551512043,0.35855484036335006,9.868591026900798
0.9887298885734362,1.0113985746327792,0.3706664190570787,10.084619641486173
0.9887397432533315,1.011388494114354,0.3827478527744861,10.302072189451309
0.988749598129672,1.011378413595929,0.3947595519906235,10.520352486306573
0.9887594532024641,1.0113683330775036,0.40665603188525995,10.738671000044615
0.9887693084717128,1.0113582525590785,0.41838561444067945,10.956038040787217
0.9887791639374247,1.0113481720406534,0.4298903191683887,11.171262711912979
0.9887890195996053,1.0113380915222283,0.44110598472580037,11.382958514132776
0.9887988754582608,1.011328011003803,0.45196266071580626,11.589556420928536
0.9888087315133967,1.0113179304853779,0.46238530232036856,11.789326082048587
0.9888185877650191,1.0113078499669528,0.4722947894610258,11.980405543249047
0.9888284442131338,1.0112977694485277,0.48160927657400526,12.160839485763686
0.9888383008577466,1.0112876889301026,0.4902458590716962,12.328625492874064
0.9888481576988637,1.0112776084116772,0.4981225190022473,12.481767265170825
0.9888580147364907,1.0112675278932521,0.5051602869769798,12.618333072779146
0.9888678719706334,1.011257447374827,0.5112855324934078,12.73651711265636
0.9888777294012978,1.011247366856402,0.5164322732448623,12.834700906134634
0.9888875870284901,1.0112372863379766,0.520544378993364,12.911511505835039
0.9888974448522156,1.0112272058195515,0.5235775398782938,12.965873152754682
0.9889073028724804,1.0112171253011264,0.5255008746113903,12.99704918373238
0.9889171610892905,1.0112070447827013,0.5262980715314416,13.00467145295286
0.9889270195026518,1.011196964264276,0.5259679840075431,12.988755273655322
0.98893687811257,1.0111868837458509,0.5245246386424199,12.949698842162778
0.988946736919051,1.0111768032274258,0.5219966562615975,12.888267176291393
0.9889565959221007,1.0111667227090007,0.5184261272005757,12.805561666999873
0.9889664551217252,1.0111566421905753,0.5138670193177698,12.70297728869209
0.9889763145179301,1.0111465616721502,0.508383225632518,12.582150242467371
0.9889861741107212,1.0111364811537251,0.5020463759718938,12.444899254106987
0.9889960339001047,1.0111264006353,0.49493354260793654,12.293163892713887
0.9890058938860865,1.0111163201168747,0.4871249642212298,12.128943134551518
0.989015754068672,1.0111062395984496,0.47870189764136367,11.95423702188789
0.9890256144478675,1.0110961590800245,0.46974468544814885,11.770993729872863
0.9890354750236787,1.0110860785615994,0.4603311027898433,11.58106373562063
0.9890453357961116,1.0110759980431743,0.4505350215349792,11.386162155761829
0.9890551967651723,1.011065917524749,0.4404254065018543,11.187839741949395
0.9890650579308661,1.0110558370063238,0.4300656386335178,10.98746253894798
0.9890749192931992,1.0110457564878987,0.41951314444102916,10.786199837433223
0.9890847808521775,1.0110356759694736,0.408819300067087,10.585019797946712
0.9890946426078071,1.0110255954510483,0.39802957155351676,10.384691972468904
0.9891045045600935,1.0110155149326232,0.38718384970188197,10.18579588758057
0.9891143667090425,1.011005434414198,0.376316937468627,9.988734854209259
0.9891242290546604,1.010995353895773,0.3654591492780976,9.793754208958621
0.989134091596953,1.0109852733773477,0.35463698423194334,9.600963248253024
0.989143954335926,1.0109751928589226,0.3438738383232127,9.410360169570943
0.9891538172715851,1.0109651123404975,0.3331907239955624,9.221859368725752
0.9891636804039367,1.0109550318220724,0.3226069684942138,9.035320448759922
0.9891735437329863,1.0109449513036473,0.31214086535167385,8.850578269421185
0.9891834072587401,1.010934870785222,0.3018102561171357,8.667473306908533
0.9891932709812037,1.0109247902667968,0.29163302224286164,8.485881506968221
0.9892031349003829,1.0109147097483717,0.28162747012132144,8.305742710902292
0.9892129990162839,1.0109046292299466,0.2718125958676327,8.127086628522768
0.9892228633289126,1.0108945487115213,0.2622082207389106,7.950055242697837
0.9892327278382745,1.0108844681930962,0.2528349931896405,7.774920478023178
0.9892425925443757,1.010874387674671,0.24371425941327607,7.602095972570054
0.9892524574472222,1.010864307156246,0.23486781062852596,7.432141877482508
0.98926232254682,1.0108542266378207,0.22631752192705049,7.265761791004784
0.9892721878431745,1.0108441461193955,0.21808490373196518,7.103791223495783
0.9892820533362918,1.0108340656009704,0.21019059221225164,6.947177391643259
0.989291919026178,1.0108239850825453,0.20265380879720957,6.796950647262835
0.9893017849128389,1.01081390456412,0.19549182075027335,6.654188439093031
0.9893116509962803,1.010803824045695,0.1887194343007226,6.519973348725943
0.989321517276508,1.0107937435272698,0.18234854905229847,6.39534737879655
0.9893313837535279,1.0107836630088447,0.1763877975175035,6.281265227036311
0.9893412504273463,1.0107735824904194,0.17084228711412494,6.178549661710621
0.9893511172979685,1.0107635019719943,0.16571345448507427,6.087852227739467
0.9893609843654008,1.0107534214535692,0.16099903427748855,6.009622281084931
0.9893708516296489,1.010743340935144,0.15669313728391118,5.94408674009333
0.9893807190907187,1.010733260416719,0.15278642670038847,5.891241993158313
0.9893905867486162,1.0107231798982936,0.1492663766378449,5.8508582267839895
0.9894004546033472,1.0107130993798685,0.14611759414812944,5.822495213636302
0.9894103226549176,1.0107030188614434,0.14332218489130547,5.805527526217674
0.9894201909033332,1.0106929383430183,0.1408601430189373,5.799176390856378
0.9894300593486003,1.010682857824593,0.1387097475642516,5.802545068252664
0.9894399279907242,1.010672777306168,0.13684795025622498,5.814654747437138
0.9894497968297111,1.0106626967877428,0.13525074282637642,5.8344783912916025
0.9894596658655668,1.0106526162693177,0.1338934952110699,5.86097064263744
0.9894695350982975,1.0106425357508924,0.13275125926832407,5.89309264645886
0.9894794045279086,1.0106324552324673,0.13179903552883823,5.9298313442259385
0.9894892741544064,1.0106223747140421,0.1310120029393423,5.97021336929743
0.9894991439777964,1.010612294195617,0.13036571346032322,6.0133140807368175
0.9895090139980848,1.010602213677192,0.12983625475287983,6.058262517025288
0.9895188842152776,1.0105921331587666,0.12940038503846146,6.10424315355574
0.9895287546293803,1.0105820526403415,0.12903564461117337,6.150495343145768
0.989538625240399,1.0105719721219164,0.12872044848795294,6.196311242259478
0.9895484960483396,1.0105618916034913,0.12843416437398303,6.241032907749698
0.9895583670532082,1.010551811085066,0.12815717957777198,6.284049113359449
0.9895682382550102,1.0105417305666409,0.12787095979869734,6.324792297946663
0.9895781096537518,1.0105316500482158,0.12755810190732542,6.362735928684675
0.9895879812494388,1.0105215695297907,0.1272023819987864,6.397392447518574
0.9895978530420775,1.0105114890113653,0.12678879917936225,6.4283118703451745
0.9896077250316732,1.0105014084929402,0.12630361480597288,6.455081026420228
0.989617597218232,1.0104913279745151,0.12573438627081138,6.47732335990166
0.9896274696017597,1.01048124745609,0.12506999395719182,6.494699165771553
0.9896373421822627,1.0104711669376647,0.12430065971172348,6.506906098036205
0.9896472149597463,1.0104610864192396,0.12341795510506069,6.513679768516862
0.9896570879342166,1.0104510059008145,0.12241479788661422,6.514794249064324
0.9896669611056795,1.0104409253823894,0.12128543538338506,6.510062298289273
0.9896768344741412,1.010430844863964,0.12002541411000402,6.499335154408878
0.989686708039607,1.010420764345539,0.11863153551463855,6.482501767329279
0.9896965818020832,1.0104106838271139,0.11710179853761009,6.459487383605028
0.9897064557615756,1.0104006033086887,0.11543533043314488,6.430251444581614
0.98971632991809,1.0103905227902636,0.11363230804438651,6.394784807979391
0.9897262042716326,1.0103804422718383,0.11169387236537036,6.353106353212729
0.989736078822209,1.0103703617534132,0.10962203969764739,6.305259076901236
0.9897459535698251,1.0103602812349881,0.1074196129966363,6.2513058250305145
0.989755828514487,1.010350200716563,0.10509009704087516,6.191324838280134
0.9897657036562005,1.0103401201981377,0.10263762086395121,6.125405305903703
0.9897755789949715,1.0103300396797126,0.10006687045461914,6.053643129413679
0.9897854545308057,1.0103199591612875,0.09738303407998544,5.976137089710998
0.9897953302637092,1.0103098786428624,0.09459176178277132,5.892985591334085
0.9898052061936883,1.010299798124437,0.09169913966271762,5.804284125360758
0.989815082320748,1.010289717606012,0.08871167857670521,5.71012355149258
0.9898249586448948,1.0102796370875868,0.08563631591514839,5.610589251648186
0.9898348351661345,1.0102695565691617,0.0824804282205064,5.50576115582851
0.989844711884473,1.0102594760507366,0.07925185165520933,5.395714589089033
0.9898545887999163,1.0102493955323113,0.07595890676429438,5.280521840117418
0.98986446591247,1.0102393150138862,0.07261042364644124,5.160254310377474
0.9898743432221402,1.010229234495461,0.06921576357957684,5.0349850716357585
0.9898842207289328,1.010219153977036,0.06578483335417322,4.904791641742801
0.9898940984328538,1.0102090734586107,0.062328089034948804,4.769758785984775
0.9899039763339088,1.0101989929401856,0.05885652658075904,4.629981165984681
0.989913854432104,1.0101889124217605,0.0553816576457836,4.4855656904717165
0.989923732727445,1.0101788319033354,0.0519154699088896,4.336633472564305
0.9899336112199383,1.01016875138491,0.04847037234208946,4.1833213654590695
0.989943489909589,1.010158670866485,0.04505912685749568,4.025783131931446
0.9899533687964035,1.0101485903480598,0.04169476867422019,3.864190402110383
0.9899632478803876,1.0101385098296347,0.03839051844566722,3.698733689476072
0.9899731271615474,1.0101284293112094,0.0351596896204291,3.5296238706714105
0.9899830066398884,1.0101183487927843,0.032015594638210396,3.357094699721918
0.9899928863154166,1.0101082682743592,0.02897145336462879,3.181407139541928
0.9900027661881381,1.010098187755934,0.026040306669918866,3.002856587064996
0.9900126462580588,1.0100881072375087,0.02323493728256527,2.821784501534299
0.9900225265251845,1.0100780267190836,0.020567799073737587,2.6385966221226558
0.990032406989521,1.0100679462006585,0.018050954825002054,2.453791060287684
0.9900422876510744,1.0100578656822334,0.015696021394836918,2.268001385678581
0.9900521685098504,1.0100477851638083,0.013514120117239457,2.0820629264154813
0.9900620495658554,1.010037704645383,0.011515829336642995,1.8971157571025719
0.9900719308190946,1.010027624126958,0.009711135287027566,1.7147665383083635
0.9900818122695744,1.0100175436085328,0.008109377132667996,1.5373446620135336
0.9900916939173005,1.0100074630901077,0.006719181966484713,1.3683038143703576
0.990101575762279,1.0099973825716824,0.005548385945212504,1.212819070029749
0.9901114578045154,1.0099873020532573,0.004603938557017245,1.0785345876041819
0.990121340044016,1.0099772215348322,0.0038917882595360127,0.9760212575809184
0.9901312224807864,1.009967141016407,0.0034167493678951702,0.9176296498562564
0.9901411051148331,1.0099570604979817,0.0031823520440002226,0.9131629212211456
0.9901509879461613,1.0099469799795566,0.003190679437260836,0.9641777005567987
0.9901608709747772,1.0099368994611315,0.0034421983038163354,1.0629834673259253
0.9901707542006867,1.0099268189427064,0.003935591598988665,1.1975633423177097
0.9901806376238957,1.0099167384242813,0.004667603372771361,1.3566039289442535
0.9901905212444104,1.009906657905856,0.005632907568996374,1.531389890706452
0.9902004050622362,1.0098965773874309,0.006824012805552405,1.7156559915785523
0.9902102890773792,1.0098864968690058,0.008231214716752599,1.904905255182572
0.9902201732898454,1.0098764163505807,0.009842605861773544,2.0958103716426515
0.9902300576996408,1.0098663358321553,0.011644150550905398,2.2858072315493505
0.9902399423067709,1.0098562553137302,0.013619828346087909,2.4728434034111166
0.990249827111242,1.0098461747953051,0.015751845718047726,2.655229010809554
0.9902597121130599,1.00983609427688,0.018020910765105362,2.831550745135138
0.9902695973122306,1.0098260137584547,0.02040656146639621,3.00062352825146
0.9902794827087598,1.0098159332400296,0.02288753410844762,3.1614639080578524
0.9902893683026535,1.0098058527216045,0.025442155700193047,3.313275292176876
0.9902992540939175,1.0097957722031794,0.0280487426579182,3.4554388548612898
0.9903091400825581,1.009785691684754,0.030685987948255364,3.5875063098783326
0.9903190262685808,1.009775611166329,0.03333332017113904,3.7091922853003716
0.9903289126519916,1.0097655306479039,0.035971220567557104,3.82036508260252
0.9903387992327966,1.0097554501294788,0.03858148730580291,3.9210353250075807
0.9903486860110017,1.0097453696110534,0.04114744027134159,4.0113424963218165
0.9903585729866125,1.0097352890926283,0.043654063537157825,4.091539696458334
0.9903684601596351,1.0097252085742032,0.04608808637785534,4.1619771309970135
0.9903783475300754,1.0097151280557781,0.04843800682797141,4.22308493771977
0.9903882350979394,1.009705047537353,0.05069406420390028,4.275355958263875
0.990398122863233,1.0096949670189277,0.05284816862531718,4.319329010172485
0.990408010825962,1.0096848865005026,0.05489379641719777,4.35557312503114
0.9904178989861323,1.0096748059820775,0.05682586042748335,4.384673109543006
0.9904277873437499,1.0096647254636524,0.05864056389003323,4.407216673046421
0.990437675898821,1.009654644945227,0.060335245654982876,4.423783258104974
0.990447564651351,1.009644564426802,0.0619082235387174,4.434934617470999
0.990457453601346,1.0096344839083768,0.06335864135695396,4.441207105199244
0.9904673427488119,1.0096244033899517,0.06468632399299276,4.443105593061636
0.9904772320937548,1.0096143228715264,0.06589164371297505,4.44109888539083
0.9904871216361804,1.0096042423531013,0.06697539991024277,4.435616483790419
0.9904970113760946,1.0095941618346762,0.06793871357703027,4.427046545124559
0.9905069013135035,1.009584081316251,0.06878293707526838,4.415734879000532
0.9905167914484129,1.009574000797826,0.06950957919070934,4.401984840900731
0.9905266817808289,1.0095639202794007,0.07012024500912238,4.386057992024317
0.9905365723107571,1.0095538397609756,0.07061658981157053,4.368175413505793
0.9905464630382035,1.0095437592425505,0.07100028594083913,4.3485195792824145
0.9905563539631741,1.0095336787241254,0.07127300140950439,4.327236706313059
0.990566245085675,1.0095235982057,0.0714363888930373,4.304439511897184
0.9905761364057118,1.009513517687275,0.07149208365984133,4.280210314510171
0.9905860279232905,1.0095034371688498,0.07144170892648377,4.2546044162218415
0.9905959196384171,1.0094933566504247,0.07128688708562453,4.227653701517558
0.9906058115510976,1.0094832761319994,0.07102925524283872,4.19937037968571
0.9906157036613376,1.0094731956135743,0.0706704835159287,4.169750786983177
0.9906255959691432,1.0094631150951492,0.07021229461118454,4.1387791523047595
0.9906354884745204,1.009453034576724,0.06965648330272547,4.106431218253196
0.9906453811774752,1.0094429540582988,0.06900493461844386,4.072677601120372
0.9906552740780132,1.0094328735398737,0.06825963977732603,4.037486770813096
0.9906651671761405,1.0094227930214486,0.06742270923978762,4.000827538093548
0.9906750604718629,1.0094127125030234,0.06649638260737968,3.9626709532289457
0.9906849539651869,1.0094026319845981,0.06548303553110607,3.92299154830941
0.9906948476561175,1.009392551466173,0.06438518422870747,3.88176789452378
0.9907047415446611,1.009382470947748,0.06320548863759368,3.8389824934864647
0.9907146356308236,1.0093723904293228,0.06194675560487566,3.794621074843886
0.990724529914611,1.0093623099108977,0.060611943796675775,3.7486714260443876
0.9907344243960292,1.0093522293924724,0.059204172166806755,3.7011219292757978
0.990744319075084,1.0093421488740473,0.05772673383352116,3.6519600201277913
0.9907542139517813,1.0093320683556222,0.05618311706074652,3.601170808528295
0.9907641090261271,1.009321987837197,0.05457703473874535,3.5487361129238075
0.9907740042981275,1.0093119073187717,0.0529124633172856,3.494634153078122
0.990783899767788,1.0093018268003466,0.05119369160724752,3.438840127691429
0.9907937954351148,1.0092917462819215,0.04942537926001702,3.3813278736784795
0.9908036913001138,1.0092816657634964,0.047612624111288256,3.3220727697474746
0.9908135873627911,1.009271585245071,0.045761036970148855,3.2610560129286874
0.9908234836231523,1.009261504726646,0.043876821882694116,3.198270367752028
0.9908333800812035,1.009251424208221,0.041966859424304,3.1337274670999236
0.9908432767369504,1.0092413436897958,0.04003879019982701,3.0674667328852676
0.9908531735903991,1.0092312631713707,0.03810109545555142,2.999565982044058
0.9908630706415559,1.0092211826529454,0.036163171545244066,2.930153784601301
0.9908729678904261,1.0092111021345203,0.03423539493609265,2.8594236368030983
0.9908828653370159,1.0092010216160952,0.03232917449403169,2.7876499892331483
0.9908927629813311,1.00919094109767,0.030456987949902013,2.7152061051323604
0.990902660823378,1.0091808605792447,0.028632399716161862,2.6425835843868057
0.990912558863162,1.0091707800608196,0.026870057607682588,2.57041312673538
0.9909224571006893,1.0091606995423945,0.025185666512251566,2.4994856604581153
0.9909323555359658,1.0091506190239694,0.02359593766485647,2.4307722575066473
0.9909422541689976,1.009140538505544,0.022118512893648457,2.3654402305170463
0.9909521529997903,1.009130457987119,0.020771864016249357,2.3048614613129637
0.99096205202835,1.0091203774686939,0.019575168450226985,2.250607500466722
0.9909719512546826,1.0091102969502688,0.01854816303387816,2.2044247510040833
0.9909818506787942,1.0091002164318434,0.017710978989578085,2.168182960961853
0.9909917503006904,1.0090901359134183,0.017083961855760315,2.143792496272476
0.9910016501203772,1.0090800553949932,0.016687481012020073,2.1330914983720994
0.9910115501378608,1.0090699748765681,0.016541734067022404,2.1377129332805973
0.991021450353147,1.0090598943581428,0.016666551818529027,2.158951327344159
0.9910313507662415,1.0090498138397177,0.017081209686879057,2.1976550442767038
0.9910412513771505,1.0090397333212926,0.017804251432452477,2.254167697500693
0.9910511521858797,1.0090296528028675,0.01885333058027232,2.32833076127973
0.9910610531924352,1.0090195722844424,0.020245074298098412,2.419543128904057
0.9910709543968231,1.009009491766017,0.021994973531426355,2.5268597092584053
0.9910808557990489,1.008999411247592,0.024117302033354677,2.6491055588617463
0.9910907573991189,1.0089893307291669,0.02662506560482302,2.7849848527016285
0.9911006591970387,1.0089792502107418,0.02952998144509438,2.9331715831595817
0.9911105611928147,1.0089691696923164,0.032842486088350865,3.0923769265376184
0.9911204633864523,1.0089590891738913,0.036571769038226176,3.2613940766580827
0.9911303657779577,1.0089490086554662,0.040725827982865066,3.4391243962510805
0.9911402683673367,1.0089389281370411,0.04531154042640077,3.624589587330788
0.9911501711545957,1.0089288476186158,0.05033474576417481,3.816934167763238
0.9911600741397399,1.0089187671001907,0.05580033126948705,4.015421622663988
0.9911699773227757,1.0089086865817656,0.06171231517470057,4.219426631925928
0.9911798807037089,1.0088986060633405,0.06807392000549234,4.4284249638291655
0.9911897842825454,1.0088885255449154,0.0748876295623804,4.6419820236682146
0.9911996880592915,1.00887844502649,0.08215522341600234,4.85974063763376
0.9912095920339525,1.008868364508065,0.08987778347611979,5.0814083941760115
0.9912194962065348,1.0088582839896398,0.09805566809300773,5.306744715302917
0.9912294005770441,1.0088482034712147,0.10668845023911754,5.535547754224453
0.9912393051454866,1.0088381229527894,0.11577481759628803,5.767641188603985
0.9912492099118679,1.0088280424343643,0.1253124338304943,6.002860983357499
0.9912591148761941,1.0088179619159392,0.1352977619792496,6.241042222728514
0.9912690200384712,1.008807881397514,0.14572585268834884,6.482006150838135
0.9912789253987051,1.0087978008790888,0.15659010202216728,6.72554760881985
0.9912888309569016,1.0087877203606637,0.16788198568989984,6.971423110708624
0.9912987367130667,1.0087776398422386,0.17959077873673285,7.219339856230769
0.9913086426672063,1.0087675593238135,0.19170327196076736,7.468946032293982
0.9913185488193267,1.0087574788053881,0.20420349842385796,7.7198228018823265
0.9913284551694332,1.008747398286963,0.2170724852591764,7.971478413219497
0.9913383617175321,1.008737317768538,0.23028804736824687,8.223344877700491
0.9913482684636293,1.0087272372501128,0.24382464031740858,8.474777655436162
0.9913581754077309,1.0087171567316877,0.25765328956199185,8.725058746056547
0.9913680825498428,1.0087070762132624,0.2717416118434755,8.97340350493956
0.9913779898899705,1.0086969956948373,0.2860539420292372,9.218971387602819
0.9913878974281203,1.0086869151764122,0.30055157472960065,9.460880668199712
0.9913978051642981,1.008676834657987,0.31519312472271244,9.698226984776207
0.9914077130985101,1.0086667541395617,0.3299350037352636,9.930105342636418
0.9914176212307616,1.0086566736211366,0.3447320037492997,10.155634969221055
0.991427529561059,1.0086465931027115,0.3595379692392175,10.373986175612517
0.9914374380894081,1.0086365125842864,0.37430653311861833,10.584408157966621
0.9914473468158151,1.0086264320658611,0.3889918844464748,10.78625648676715
0.9914572557402855,1.008616351547436,0.4035495306862053,10.979018898308839
0.9914671648628255,1.008606271029011,0.41793701420529045,11.16233793594457
0.9914770741834409,1.0085961905105858,0.4321145421236927,11.336028996005057
0.9914869837021381,1.0085861099921605,0.4460454908647573,11.500092418593699
0.9914968934189222,1.0085760294737354,0.4596967517622248,11.654718423636403
0.9915068033337998,1.0085659489553103,0.4730388916114798,11.800283921787848
0.9915167134467766,1.0085558684368852,0.48604611162511907,11.937340519969919
0.9915266237578586,1.00854578791846,0.49869599931190534,12.066593385865266
0.9915365342670519,1.0085357074000347,0.510969079625068,12.188871029618559
0.9915464449743621,1.0085256268816096,0.5228481837314998,12.305086503468422
0.9915563558797953,1.0085155463631845,0.5343176653559,12.416191011198316
0.9915662669833575,1.0085054658447594,0.5453625053860691,12.523121456945928
0.9915761782850547,1.008495385326334,0.5559673549473854,12.626744037839869
0.9915860897848926,1.008485304807909,0.5661155750845694,12.72779657240973
0.9915960014828772,1.0084752242894839,0.575788337189923,12.826832813540227
0.9916059133790146,1.0084651437710588,0.5849638518384309,12.924172454024651
0.9916158254733108,1.0084550632526335,0.593616794102789,13.019860809507232
0.9916257377657715,1.0084449827342084,0.601717989820086,13.113642161126295
0.9916356502564027,1.0084349022157832,0.6092344187462964,13.204950368155014
0.9916455629452102,1.0084248216973581,0.6161295761851094,13.292919554174262
0.9916554758322006,1.0084147411789328,0.6223642140291359,13.376416411415173
0.991665388917379,1.0084046606605077,0.6278974554123578,13.454094004656062
0.9916753022007518,1.0083945801420826,0.6326882455839018,13.524465011821482
0.9916852156823248,1.0083844996236575,0.6366970676677213,13.585990309380707
0.9916951293621041,1.0083744191052324,0.6398878193421227,13.637176947465596
0.9917050432400957,1.008364338586807,0.6422297197146801,13.676678135249132
0.9917149573163052,1.008354258068382,0.6436990994521928,13.70338712062623
0.9917248715907387,1.0083441775499569,0.6442809254782593,13.716516976456047
0.9917347860634023,1.0083340970315318,0.6439699263542609,13.715659357436074
0.9917447007343019,1.0083240165131064,0.6427712154233433,13.700817183793728
0.9917546156034431,1.0083139359946813,0.6407003526811006,13.672408714806224
0.9917645306708324,1.0083038554762562,0.6377828375648505,13.631243263019828
0.9917744459364752,1.0082937749578311,0.6340530764220647,13.57847148569911
0.9917843614003781,1.0082836944394058,0.629552913344662,13.515515413391062
0.9917942770625463,1.0082736139209807,0.6243298456928789,13.443984865837226
0.9918041929229862,1.0082635334025556,0.6184350627095597,13.36558752667463
0.9918141089817036,1.0082534528841305,0.6119214466408245,13.282039711794578
0.9918240252387048,1.0082433723657052,0.6048416627321099,13.194983911252558
0.9918339416939952,1.00823329184728,0.5972464411839778,13.105917737288918
0.9918438583475809,1.008223211328855,0.5891831252199068,13.016137230616348
0.991853775199468,1.0082131308104298,0.5806945293299351,12.926695808528232
0.9918636922496625,1.0082030502920047,0.571818124145092,12.838378675063533
0.9918736094981704,1.0081929697735794,0.5625855417066234,12.751691380206596
0.9918835269449973,1.0081828892551543,0.5530223783110423,12.666860465350998
0.9918934445901492,1.0081728087367292,0.5431482617006376,12.583843757945807
0.9919033624336323,1.008162728218304,0.5329771444761426,12.502347828535607
0.9919132804754526,1.0081526476998788,0.5225177850440358,12.421850321590007
0.9919231987156156,1.0081425671814537,0.5117743798969866,12.341625234006049
0.9919331171541277,1.0081324866630286,0.500747315253042,12.260769662623275
0.9919430357909946,1.0081224061446035,0.48943401097426187,12.178231008980552
0.9919529546262226,1.0081123256261781,0.4778298343505202,12.092834065747505
0.9919628736598171,1.008102245107753,0.46592906514390564,12.003307782091856
0.9919727928917844,1.008092164589328,0.45372589584142864,11.908311795338793
0.9919827123221303,1.0080820840709028,0.4412154521570569,11.806463015915387
0.9919926319508612,1.0080720035524775,0.4283948183802874,11.69636266085165
0.9920025517779824,1.0080619230340524,0.4152640503357227,11.576624152691089
0.9920124718035,1.0080518425156273,0.4018271557012223,11.445902242531591
0.9920223920274203,1.0080417619972022,0.3880930176215787,11.302923587352762
0.992032312449749,1.008031681478777,0.3740762334116992,11.146518823695134
0.9920422330704922,1.0080216009603518,0.3597978362870897,10.975655945496658
0.9920521538896556,1.0080115204419267,0.3452858651727195,10.789474530248905
0.9920620749072454,1.0080014399235016,0.3305757464220711,10.587320084020483
0.9920719961232674,1.0079913594050764,0.31571045248629626,10.368777517587871
0.9920819175377278,1.0079812788866511,0.3007404067233585,10.133702548269795
0.9920918391506321,1.007971198368226,0.28572311107671544,9.882249674815931
0.9921017609619867,1.007961117849801,0.27072248427234613,9.614895320591305
0.9921116829717972,1.0079510373313758,0.2558079121843187,9.33245480434826
0.99212160518007,1.0079409568129505,0.24105302824484554,9.03609198645164
0.9921315275868106,1.0079308762945254,0.22653425904064448,8.727320746521526
0.992141450192025,1.0079207957761003,0.2123291869531538,8.407997851213517
0.9921513729957194,1.0079107152576752,0.19851479614347795,8.080307224151262
0.9921612959978998,1.0079006347392498,0.1851656786973412,7.746736070411588
0.9921712191985719,1.0078905542208247,0.17235228297492095,7.4100436563615055
0.9921811425977417,1.0078804737023996,0.1601392853332975,7.073223714238819
0.9921910661954152,1.0078703931839745,0.14858415929304924,6.739461344131691
0.9922009899915983,1.0078603126655494,0.13773600347189735,6.41208485453471
0.9922109139862973,1.007850232147124,0.12763467249216745,6.094512191508196
0.9922208381795178,1.007840151628699,0.11831023530287059,5.79019051209855
0.9922307625712657,1.007830071110274,0.10978276488861606,5.502526257790477
0.9922406871615471,1.0078199905918488,0.10206244409856276,5.234802188626225
0.9922506119503682,1.0078099100734235,0.09514995589222563,4.990077913921318
0.9922605369377345,1.0077998295549984,0.08903711383469214,4.7710723622384155
0.9922704621236522,1.0077897490365733,0.08370768073852272,4.580031122487525
0.9922803875081272,1.0077796685181482,0.0791383200009272,4.418588681624285
0.9922903130911657,1.0077695879997228,0.07529962496695462,4.287643794708208
0.9923002388727732,1.0077595074812977,0.07215717583751927,4.187272236706956
0.992310164852956,1.0077494269628726,0.06967258027935223,4.116700840768161
0.9923200910317198,1.0077393464444475,0.067804462030282,4.074357501619905
0.992330017409071,1.0077292659260222,0.06650937052093643,4.057995393474666
0.9923399439850151,1.007719185407597,0.0657425931294496,4.064872089226209
0.9923498707595583,1.007709104889172,0.06545885958122752,4.0919528265506235
0.9923597977327064,1.0076990243707469,0.0656129348642118,4.13610589035006
0.9923697249044655,1.0076889438523218,0.0661601026458977,4.1942657850113765
0.9923796522748418,1.0076788633338964,0.06705654553958314,4.263551797819302
0.9923895798438407,1.0076687828154713,0.06825963171243458,4.341340720810351
0.9923995076114684,1.0076587022970462,0.06972811940960584,4.425300015633563
0.9924094355777311,1.0076486217786211,0.07142229213749347,4.513391101485269
0.9924193637426346,1.0076385412601958,0.07330403768042214,4.603852719295468
0.9924292921061847,1.0076284607417707,0.07533688398282408,4.695172862067762
0.9924392206683874,1.0076183802233456,0.07748600434418162,4.7860556878339935
0.9924491494292489,1.0076082997049205,0.07971820346469194,4.8753878273812
0.9924590783887751,1.0075982191864952,0.08200189471807787,4.962206864122012
0.9924690075469716,1.00758813866807,0.084307077681252,5.045673561873416
0.9924789369038448,1.007578058149645,0.08660532344633698,5.125048595789879
0.9924888664594005,1.0075679776312199,0.08886977360316416,5.199674012264377
0.9924987962136449,1.0075578971127945,0.09107515703895744,5.26895931709265
0.9925087261665834,1.0075478165943694,0.0931978268628115,5.332371895254635
0.9925186563182223,1.0075377360759443,0.09521581787553887,5.389431348850771
0.9925285866685677,1.0075276555575192,0.09710892310689291,5.43970726716033
0.9925385172176253,1.0075175750390941,0.09885878610863806,5.482819893939612
0.9925484479654014,1.0075074945206688,0.10044900400626401,5.51844312118213
0.9925583789119016,1.0074974140022437,0.10186523487343878,5.546309211788485
0.992568310057132,1.0074873334838186,0.10309530191275877,5.566214636917656
0.9925782414010986,1.0074772529653935,0.10412928629441248,5.57802641010351
0.9925881729438075,1.0074671724469682,0.10495960041146826,5.581688313958528
0.9925981046852644,1.007457091928543,0.1055810337912068,5.577226449670345
0.9926080366254754,1.007447011410118,0.10599076496559598,5.564753596870495
0.9926179687644463,1.0074369308916928,0.10618833419380128,5.544471951400679
0.9926279011021835,1.0074268503732675,0.10617557394332867,5.516673908357762
0.9926378336386925,1.0074167698548424,0.10595649632748128,5.481740672353784
0.9926477663739794,1.0074066893364173,0.1055371390789854,5.440138598845272
0.9926576993080503,1.0073966088179922,0.10492537392902748,5.392413291566186
0.9926676324409112,1.0073865282995669,0.10413068326846822,5.339181592990355
0.9926775657725677,1.0073764477811418,0.10316391254266633,5.281121699945929
0.9926874993030261,1.0073663672627167,0.10203700687099922,5.21896170966921
0.9926974330322923,1.0073562867442916,0.10076274083046961,5.153466949651003
0.9927073669603722,1.0073462062258665,0.09935445021370502,5.085426467573147
0.9927173010872721,1.0073361257074411,0.09782577391963787,5.015639058002962
0.9927272354129975,1.007326045189016,0.09619041306823245,4.944899185164497
0.9927371699375545,1.007315964670591,0.0944619130645334,4.873983131745142
0.9927471046609491,1.0073058841521658,0.09265347281723411,4.803635669081326
0.9927570395831875,1.0072958036337405,0.09077778376337013,4.734557509525969
0.9927669747042753,1.0072857231153154,0.08884689987784461,4.667393771803392
0.9927769100242186,1.0072756425968903,0.08687213853671277,4.60272366647941
0.9927868455430235,1.0072655620784652,0.08486401101740342,4.541051591327566
0.9927967812606961,1.0072554815600399,0.08283218057460309,4.482799812368142
0.9928067171772419,1.0072454010416148,0.0807854454430829,4.4283028920560925
0.9928166532926671,1.0072353205231896,0.07873174375696296,4.377804006162779
0.9928265896069777,1.0072252400047645,0.07667817721974463,4.331453261431231
0.9928365261201799,1.0072151594863392,0.07463105036029556,4.28930808390155
0.9928464628322792,1.0072050789679141,0.0725959223320901,4.251335692827242
0.9928563997432819,1.007194998449489,0.07057766840996041,4.217417609482109
0.9928663368531937,1.007184917931064,0.06858054857872793,4.187356078871031
0.992876274162021,1.0071748374126388,0.06660828085322008,4.160882211478282
0.9928862116697695,1.0071647568942135,0.06466411720581358,4.137665588660695
0.9928961493764451,1.0071546763757884,0.0627509201848748,4.1173250246215884
0.9929060872820539,1.0071445958573633,0.0608712384808517,4.099440143896403
0.9929160253866017,1.0071345153389382,0.0590273798386563,4.08356341737446
0.992925963690095,1.0071244348205128,0.057221479831070586,4.069232301099549
0.9929359021925391,1.0071143543020877,0.05545556510812852,4.055981137757508
0.9929458408939403,1.0071042737836626,0.05373160984299133,4.043352507649135
0.9929557797943046,1.0070941932652375,0.05205158421341266,4.0309077503560875
0.992965718893638,1.0070841127468122,0.05041749390815441,4.018236417574645
0.9929756581919463,1.007074032228387,0.04883140984309104,4.004964459899727
0.9929855976892354,1.007063951709962,0.04729548751128364,3.990760994531903
0.9929955373855116,1.0070538711915369,0.045811975678821816,3.9753435466679194
0.9930054772807809,1.0070437906731116,0.04438321446633404,3.958481704617395
0.993015417375049,1.0070337101546865,0.04301162320769621,3.9399991770647453
0.9930253576683218,1.0070236296362614,0.041699678832382535,3.9197742893889305
0.9930352981606054,1.0070135491178362,0.04044988585575735,3.8977390033002055
0.993045238851906,1.0070034685994111,0.03926473935797683,3.873876588368019
0.9930551797422295,1.0069933880809858,0.03814668256240327,3.8482181127146644
0.9930651208315815,1.0069833075625607,0.037098060779261664,3.820837951549016
0.9930750621199684,1.0069732270441356,0.036121073540222426,3.791848533818328
0.9930850036073959,1.0069631465257105,0.03521772672697181,3.7613945587316104
0.9930949452938704,1.0069530660072852,0.034389786381683274,3.7296469139102073
0.9931048871793974,1.00694298548886,0.0336387357057424,3.6967965167836336
0.9931148292639831,1.006932904970435,0.03296573651766488,3.6630482815679613
0.9931247715476333,1.0069228244520099,0.03237159616768515,3.628615387375296
0.9931347140303545,1.0069127439335845,0.03185674062579822,3.593713991725474
0.9931446567121519,1.0069026634151594,0.0314211941795379,3.558558499549225
0.993154599593032,1.0068925828967343,0.03106456592100563,3.5233574635581997
0.9931645426730007,1.0068825023783092,0.030786042976508856,3.4883101592133876
0.993174485952064,1.006872421859884,0.030584390244773847,3.4536038480686204
0.9931844294302278,1.0068623413414588,0.030457956263254107,3.4194117179457773
0.993194373107498,1.0068522608230337,0.030404684714098105,3.385891467639807
0.9932043169838807,1.0068421803046086,0.030422131013368617,3.3531844881251742
0.9932142610593818,1.0068320997861835,0.03050748338239677,3.3214155805054286
0.9932242053340076,1.0068220192677582,0.03065758778996977,3.290693143949187
0.9932341498077636,1.006811938749333,0.030868976152432146,3.2611097626598515
0.993244094480656,1.006801858230908,0.03113789719648388,3.232743119981167
0.9932540393526909,1.0067917777124828,0.03146034941262427,3.205657168827531
0.9932639844238742,1.0067816971940575,0.03183211555591399,3.1799034903189494
0.9932739296942117,1.0067716166756324,0.032248798178580326,3.1555227762143123
0.9932838751637095,1.0067615361572073,0.03270585571147225,3.1325463752580203
0.9932938208323737,1.0067514556387822,0.033198638640428935,3.1109978483749305
0.9933037667002104,1.0067413751203569,0.03372242535169798,3.0908944824219913
0.9933137127672251,1.0067312946019318,0.0342724572513731,3.0722487171688604
0.9933236590334241,1.0067212140835067,0.034843972793407944,3.0550694448393867
0.9933336054988134,1.0067111335650816,0.03543224008044207,3.0393631460341353
0.9933435521633991,1.0067010530466562,0.03603258773628563,3.025134830362122
0.9933534990271868,1.0066909725282311,0.0366404337846681,3.012388754595457
0.9933634460901827,1.006680892009806,0.03725131230745973,3.0011288958315947
0.9933733933523928,1.006670811491381,0.03786089769881888,2.991359162388328
0.9933833408138231,1.0066607309729558,0.038465026378467104,2.983083331145195
0.9933932884744796,1.0066506504545305,0.03905971587733753,2.97630470713071
0.9934032363343682,1.0066405699361054,0.039641181262606955,2.971025509703277
0.9934131843934948,1.0066304894176803,0.04020584892538667,2.96724599982368
0.9934231326518657,1.0066204088992552,0.04075036781239128,2.9649633748986597
0.9934330811094867,1.0066103283808299,0.04127161824107325,2.9641704712502905
0.9934430297663637,1.0066002478624048,0.04176671849488383,2.9648543292129617
0.9934529786225027,1.0065901673439797,0.04223302944899877,2.966994691310812
0.9934629276779098,1.0065800868255546,0.04266815752190933,2.970562518818491
0.993472876932591,1.0065700063071292,0.04306995628698872,2.9755186248677163
0.9934828263865522,1.0065599257887041,0.04343652710099194,2.9818125311661756
0.9934927760397994,1.006549845270279,0.04376621911230879,2.989381658420178
0.9935027258923385,1.006539764751854,0.04405762900083273,2.998150956015407
0.9935126759441759,1.0065296842334286,0.044309600764381105,3.008033062684665
0.993522626195317,1.0065196037150035,0.0445212258114391,3.0189290664512005
0.9935325766457681,1.0065095231965784,0.04469184354127149,3.0307298992400558
0.9935425272955352,1.0064994426781533,0.044821042499726654,3.0433183610872665
0.9935524781446241,1.0064893621597282,0.044908662096149084,3.0565717238386387
0.9935624291930413,1.0064792816413028,0.044954794763008,3.070364818690647
0.9935723804407921,1.0064692011228777,0.04495978834997131,3.084573470916273
0.9935823318878829,1.0064591206044526,0.04492424847035557,3.0990781131399805
0.9935922835343195,1.0064490400860275,0.04484904047991324,3.1137673900241434
0.9936022353801083,1.0064389595676022,0.04473529076339298,3.1285415646406736
0.9936121874252547,1.006428879049177,0.04458438704076984,3.143315550917664
0.9936221396697651,1.006418798530752,0.04439797747508001,3.1580214259616954
0.9936320921136452,1.006408718012327,0.04417796846649682,3.172610317534577
0.9936420447569014,1.0063986374939016,0.043926521133009384,3.1870536104575815
0.9936519975995394,1.0063885569754765,0.04364604660159451,3.2013434661565756
0.993661950641565,1.0063784764570514,0.04333920034659874,3.2154926963564017
0.9936719038829845,1.0063683959386263,0.0430088759054192,3.229534070909094
0.9936818573238042,1.006358315420201,0.04265819836755821,3.2435191679918405
0.9936918109640294,1.0063482349017758,0.04229051806576035,3.257516891001081
0.9937017648036663,1.0063381543833507,0.04190940490007177,3.271611780882478
0.993711718842721,1.0063280738649256,0.0415186437000994,3.2859022468726553
0.9937216730811996,1.0063179933465005,0.04112223098258464,3.300498825008466
0.9937316275191082,1.0063079128280752,0.040724373399200035,3.3155225551192276
0.9937415821564523,1.00629783230965,0.040329488102188775,3.3311035459827845
0.9937515369932381,1.006287751791225,0.039942205185042205,3.3473797770977676
0.9937614920294718,1.0062776712727999,0.039567372294191494,3.364496166006809
0.9937714472651594,1.0062675907543746,0.03921006145253172,3.3826039132732335
0.9937814027003067,1.0062575102359494,0.03887557809149605,3.40186012360675
0.9937913583349195,1.0062474297175243,0.03856947225947211,3.4224276916915737
0.9938013141690042,1.0062373491990992,0.03829755195054249,3.4444754341712205
0.9938112702025668,1.006227268680674,0.03806589848824655,3.468178445161168
0.9938212264356129,1.0062171881622488,0.03788088389689965,3.493718650709771
0.9938311828681488,1.0062071076438237,0.03774919019482955,3.521285537262165
0.9938411395001804,1.0061970271253986,0.037677830553270265,3.551077030054441
0.9938510963317139,1.0061869466069733,0.03767417227477353,3.5833004989096024
0.9938610533627549,1.0061768660885482,0.03774596155825459,3.6181738708416136
0.9938710105933095,1.006166785570123,0.03790135002951402,3.655926830873367
0.993880968023384,1.006156705051698,0.03814892303002099,3.6968020945220856
0.9938909256529841,1.0061466245332729,0.03849772966580427,3.741056737176131
0.9939008834821161,1.0061365440148475,0.03895731462941554,3.788963567356659
0.9939108415107857,1.0061264634964224,0.039537751811464995,3.8408125322080666
0.9939207997389989,1.0061163829779973,0.04024967972313259,3.8969121450606234
0.9939307581667618,1.0061063024595722,0.041104338746743,3.957590926019176
0.9939407167940807,1.006096221941147,0.042113610223582,4.0231988477585094
0.993950675620961,1.0060861414227218,0.043290057372666176,4.094108779869619
0.9939606346474089,1.0060760609042967,0.04464696800575401,4.170717926046513
0.9939705938734307,1.0060659803858716,0.04619839896489981,4.253449249378297
0.9939805532990322,1.0060558998674463,0.047959222151673114,4.342752881609074
0.9939905129242192,1.0060458193490212,0.04994517193631433,4.439107512250668
0.994000472748998,1.006035738830596,0.05217289362745657,4.543021752665794
0.9940104327733745,1.006025658312171,0.05465999253770805,4.655035468096957
0.9940203929973546,1.0060155777937458,0.057425082987888024,4.775721066442408
0.9940303534209446,1.0060054972753205,0.060487836345715064,4.9056847259519705
0.9940403140441502,1.0059954167568954,0.06386902687107207,5.045567533471279
0.9940502748669773,1.0059853362384703,0.06759057373475179,5.196046490021418
0.9940602358894322,1.0059752557200452,0.07167557705909404,5.357835319445583
0.994070197111521,1.0059651752016199,0.07614834519195375,5.531684987890719
0.9940801585332493,1.0059550946831948,0.08103440963490353,5.718383805137429
0.9940901201546232,1.0059450141647697,0.08636052308805234,5.918756931662819
0.9941000819756488,1.0059349336463446,0.09215463492319736,6.133665056583517
0.9941100439963324,1.0059248531279192,0.09844583704095287,6.36400193937046
0.9941200062166794,1.0059147726094941,0.10526427148873976,6.610690421430444
0.9941299686366962,1.005904692091069,0.11264098943707361,6.874676411511819
0.9941399312563887,1.005894611572644,0.12060774912876271,7.15692023094151
0.994149894075763,1.0058845310542186,0.12919673832484704,7.458384572992021
0.9941598570948249,1.0058744505357935,0.13844020463963633,7.780018187499237
0.9941698203135805,1.0058643700173684,0.14836997518291484,8.122734253909126
0.9941797837320359,1.0058542894989433,0.15901684532666213,8.487382262324259
0.994189747350197,1.005844208980518,0.170409815576588,8.874712098915507
0.9941997111680698,1.0058341284620929,0.18257515589706505,9.285328950372326
0.9942096751856604,1.0058240479436678,0.19553527906811183,9.71963763351162
0.9942196394029746,1.0058139674252426,0.20930740949043378,10.177775061603384
0.9942296038200186,1.0058038869068175,0.2239020422408442,10.659529833155185
0.9942395684367985,1.0057938063883922,0.23932120007589092,11.164248438609324
0.99424953325332,1.0057837258699671,0.2555565144971463,11.690728408421775
0.9942594982695893,1.005773645351542,0.27258718167512974,12.237099965513284
0.9942694634856123,1.005763564833117,0.2903778752975398,12.800699499790912
0.9942794289013953,1.0057534843146916,0.3088767357304842,13.377940556297702
0.9942893945169439,1.0057434037962665,0.32801359638876554,13.964191114703944
0.9942993603322643,1.0057333232778414,0.3476986502531316,14.553669801175452
0.9943093263473624,1.0057232427594163,0.3678217960490317,15.139378319489008
0.9943192925622446,1.005713162240991,0.3882529261919309,15.71309272170506
0.9943292589769163,1.0057030817225658,0.40884341611894953,16.265441879238395
0.9943392255913839,1.0056930012041407,0.42942903426953943,16.786107068226528
0.9943491924056532,1.0056829206857156,0.44983440067824576,17.264180786579974
0.9943591594197305,1.0056728401672905,0.46987896923829003,17.688723643638685
0.9943691266336218,1.0056627596488652,0.4893842898135407,18.049551698457428
0.9943790940473327,1.00565267913044,0.5081820285850907,18.338266956614504
0.9943890616608695,1.005642598612015,0.5261219137417473,18.54950216044622
0.9943990294742381,1.0056325180935899,0.5430784802184424,18.682277238651082
0.9944089974874448,1.0056224375751646,0.5589552960950157,18.741251998646092
0.9944189657004953,1.0056123570567395,0.5736853819203807,18.737516783269008
0.9944289341133956,1.0056022765383144,0.5872269156971338,18.688435450583775
0.9944389027261518,1.0055921960198893,0.599554148350662,18.616045529893064
0.9944488715387702,1.005582115501464,0.6106447102347773,18.543774668315677
0.9944588405512562,1.0055720349830388,0.6204659129305284,18.491842407747537
0.9944688097636162,1.0055619544646137,0.6289637211311773,18.47253637735525
0.9944787791758561,1.0055518739461886,0.6360581383506305,18.48709473010355
0.9944887487879822,1.0055417934277633,0.6416473942373777,18.525618635453487
0.9944987186,1.0055317129093382,0.6456207453703041,18.570206520458218
0.994508688611916,1.005521632390913,0.64787685196517,18.600055159084686
0.9945186588237358,1.005511551872488,0.6483428407051967,18.596560383555012
0.9945286292354659,1.0055014713540626,0.6469891502412703,18.54681473143296
0.9945385998471118,1.0054913908356375,0.6438369682947701,18.44489433612734
0.9945485706586797,1.0054813103172124,0.6389575713720985,18.291258544013928
0.9945585416701757,1.0054712297987873,0.6324650508367358,18.091053594949067
0.9945685128816056,1.0054611492803622,0.62450506697422,17.85211655469456
0.994578484292976,1.005451068761937,0.6152423577654749,17.583225023748966
0.9945884559042922,1.0054409882435118,0.6048491064058533,17.2928412853311
0.9945984277155605,1.0054309077250867,0.5934954019570747,16.98837532021262
0.9946083997267868,1.0054208272066616,0.5813422460874778,16.67586985885774
0.9946183719379776,1.0054107466882363,0.5685370164206293,16.359972699221682
0.9946283443491383,1.0054006661698112,0.5552110041299068,16.04407271482942
0.9946383169602752,1.005390585651386,0.5414785415819844,15.730507220926263
0.9946482897713942,1.005380505132961,0.5274372517225616,15.420781609880054
0.9946582627825016,1.0053704246145356,0.5131690239956966,15.115769106074744
0.994668235993603,1.0053603440961105,0.49874141186387727,14.815877052760158
0.9946782094047046,1.0053502635776854,0.4842092324352354,14.521177316768995
0.9946881830158125,1.0053401830592603,0.46961621983846147,14.231504172354871
0.9946981568269326,1.0053301025408352,0.45499663860212564,13.946525341446735
0.9947081308380713,1.0053200220224099,0.4403768028408053,13.665792220242555
0.994718105049234,1.0053099415039848,0.4257764742860375,13.388774715230534
0.994728079460427,1.0052998609855597,0.4112101300529097,13.114885149320221
0.9947380540716563,1.0052897804671346,0.396688102082444,12.84349470525568
0.9947480288829281,1.0052796999487092,0.3822175964514027,12.573944997462299
0.9947580038942482,1.0052696194302841,0.3678036037619562,12.305556654949392
0.9947679791056226,1.005259538911859,0.35344971265890984,12.037636254274648
0.9947779545170574,1.005249458393434,0.33915883798120405,11.76948254006826
0.9947879301285588,1.0052393778750086,0.3249338736066913,11.500392580130178
0.9947979059401325,1.0052292973565835,0.31077827808316144,11.229668294596983
0.9948078819517846,1.0052192168381584,0.29669659885616645,10.956623648931718
0.9948178581635211,1.0052091363197333,0.28269493851433514,10.680592689759033
0.9948278345753484,1.005199055801308,0.26878136402829916,10.400938515055854
0.994837811187272,1.0051889752828829,0.2549662576614026,10.117063196900574
0.9948477879992981,1.0051788947644578,0.24126260609225902,9.828418607251479
0.9948577650114327,1.0051688142460327,0.22768622250277581,9.5345180325525
0.9948677422236821,1.0051587337276073,0.21425589500214978,9.234948398437075
0.994877719636052,1.0051486532091822,0.2009934539497014,8.929382863032975
0.9948876972485484,1.0051385726907571,0.18792375061849378,8.617593479022016
0.9948976750611774,1.005128492172332,0.17507454031847494,8.299463575490176
0.9949076530739451,1.005118411653907,0.16247626465403928,7.974999476821284
0.9949176312868577,1.0051083311354816,0.15016173007884123,7.644341166392818
0.9949276096999209,1.0050982506170565,0.13816568328059325,7.307771525895505
0.9949375883131406,1.0050881700986314,0.126524288081102,6.965723847634117
0.9949475671265232,1.0050780895802063,0.11527451327189547,6.618787438236873
0.9949575461400748,1.005068009061781,0.10445344580522997,6.267711319494173
0.9949675253538008,1.0050579285433558,0.09409754868344265,5.913406301228178
0.9949775047677079,1.0050478480249307,0.08424188726321273,5.556946069743192
0.9949874843818016,1.0050377675065056,0.0749193511421763,5.19956843375894
0.9949974641960884,1.0050276869880803,0.06615990084528699,4.842678539326087
0.995007444210574,1.0050176064696552,0.05798986893282393,4.4878567782024374
0.9950174244252643,1.00500752595123,0.05043134369197137,4.13687537764711
0.9950274048401657,1.004997445432805,0.04350166026883035,3.791729429236116
0.995037385455284,1.00498736491438,0.03721301910378998,3.4546905691861602
0.9950473662706255,1.0049772843959546,0.03157224521231032,3.1283947405165193
0.9950573472861958,1.0049672038775295,0.026580694685938776,2.815978963869419
0.9950673285020012,1.0049571233591044,0.022234307329543235,2.52128338948742
0.9950773099180475,1.0049470428406793,0.018523797203299826,2.2491260863251763
0.9950872915343413,1.004936962322254,0.01543496651284879,2.0056176698591157
0.9950972733508878,1.0049268818038288,0.012949123237585292,1.798367186485501
0.9951072553676935,1.0049168012854037,0.011043579373214938,1.6361955953542409
0.9951172375847644,1.0049067207669786,0.009692204828000145,1.527731639702509
0.9951272200021067,1.0048966402485533,0.008866011805893219,1.4785897468416196
0.995137202619726,1.0048865597301282,0.008533745776747896,1.4883455453507268
0.9951471854376286,1.004876479211703,0.00866246160312871,1.549857072073308
0.9951571684558204,1.004866398693278,0.009218066746466786,1.651811697022559
0.9951671516743077,1.0048563181748527,0.010165817375147669,1.7823174998051812
0.9951771350930961,1.0048462376564276,0.01147075732656702,1.9312156665087477
0.9951871187121919,1.0048361571380025,0.013098093961926908,2.090754780188251
0.9951971025316011,1.0048260766195773,0.015013508780303449,2.2553535435032326
0.99520708655133,1.004815996101152,0.017183404073405927,2.4210970783952
0.995217070771384,1.004805915582727,0.01957508981060892,2.585262719060869
0.9952270551917695,1.0047958350643018,0.02215691729570627,2.7459548047395255
0.9952370398124925,1.0047857545458767,0.024898367915160535,2.901844316995405
0.9952470246335591,1.0047756740274516,0.027770106514314087,3.0519888238516266
0.9952570096549753,1.0047655935090263,0.030744009600461426,3.195709307805528
0.9952669948767471,1.0047555129906012,0.03379317869890538,3.3325063430053743
0.9952769802988803,1.004745432472176,0.03689194879130898,3.4620035703021106
0.9952869659213813,1.004735351953751,0.040015900847681314,3.5839104410419798
0.9952969517442561,1.0047252714353256,0.043141886046357054,3.697998896508528
0.9953069377675106,1.0047151909169005,0.04624806738459707,3.804090375574374
0.9953169239911507,1.0047051103984754,0.04931398207383713,3.9020506113115827
0.9953269104151825,1.0046950298800503,0.052320625484941014,3.9917903152749137
0.9953368970396125,1.004684949361625,0.055250554616847296,4.0732702122486
0.995346883864446,1.0046748688432,0.05808800628993192,4.1465090852241095
0.9953568708896894,1.0046647883247748,0.06081902276647861,4.2115935961634134
0.9953668581153488,1.0046547078063497,0.06343157550959133,4.268688716582332
0.99537684554143,1.0046446272879246,0.06591567656857535,4.318047673039698
0.9953868331679394,1.0046345467694993,0.06826346679118253,4.360020412304634
0.9953968209948827,1.0046244662510742,0.0704692708131587,4.395059734254812
0.995406809022266,1.004614385732649,0.07252961054054745,4.423724430810432
0.9954167972500952,1.004604305214224,0.0744431714637029,4.446678999352853
0.995426785678377,1.0045942246957986,0.07621071936473138,4.464689753729301
0.9954367743071165,1.0045841441773735,0.07783496844860421,4.478617414371032
0.9954467631363203,1.0045740636589484,0.07932040526732943,4.489406498887016
0.9954567521659943,1.0045639831405233,0.08067307566181679,4.498072035720051
0.9954667413961448,1.004553902622098,0.08190034403677687,4.505684271173415
0.9954767308267772,1.0045438221036729,0.08301063544341748,4.513352126746128
0.9954867204578981,1.0045337415852478,0.08401317112976939,4.522206188974105
0.9954967102895133,1.0045236610668227,0.08491770750232247,4.533381983734888
0.995506700321629,1.0045135805483973,0.08573428698929746,4.548004211024564
0.9955166905542511,1.0045035000299722,0.08647300732901862,4.567172505935701
0.9955266809873855,1.0044934195115471,0.08714381355798942,4.5919491571058
0.9955366716210384,1.004483338993122,0.08775631466221925,4.623349063430108
0.9955466624552162,1.0044732584746967,0.08831962465952672,4.662332048572454
0.9955566534899243,1.0044631779562716,0.0888422259148158,4.709797483651851
0.9955666447251689,1.0044530974378465,0.0893318508254489,4.766580993204591
0.9955766361609563,1.0044430169194214,0.08979537665230422,4.833452839035049
0.9955866277972922,1.0044329364009963,0.09023872719908034,4.911117392431577
0.9955966196341832,1.004422855882571,0.0906667741968438,5.000212918225663
0.9956066116716347,1.0044127753641459,0.09108323058570013,5.101310704811239
0.995616603909653,1.0044026948457208,0.09149052734447026,5.214912380866958
0.9956265963482441,1.0043926143272957,0.0918896650887946,5.341444058795832
0.9956365889874144,1.0043825338088703,0.09228003135582447,5.481245731710697
0.9956465818271693,1.0043724532904452,0.09265917441989012,5.634554121175532
0.9956565748675151,1.0043623727720201,0.09302252482933623,5.801476927998144
0.995666568108458,1.004352292253595,0.09336305696543495,5.981956191132885
0.9956765615500042,1.0043422117351697,0.0936708853252867,6.175718245579742
0.9956865551921592,1.0043321312167446,0.093932794717813,6.382207659175055
0.9956965490349293,1.0043220506983195,0.09413171123274601,6.600502644791151
0.9957065430783205,1.0043119701798944,0.0942461331291913,6.829209986193388
0.995716537322339,1.0043018896614693,0.09424955939684268,7.066338776563762
0.995726531766991,1.004291809143044,0.09410998038550432,7.309154648140385
0.995736526412282,1.0042817286246188,0.09378953070508882,7.554020157895946
0.9957465212582183,1.0042716481061937,0.09324444898739169,7.796233085422132
0.995756516304806,1.0042615675877686,0.09242553794091413,8.02988290820038
0.9957665115520513,1.0042514870693433,0.09127936123730539,8.247756420330692
0.9957765069999599,1.0042414065509182,0.08975043236663642,8.44133504485081
0.995786502648538,1.004231326032493,0.0877846162234302,8.60093582333909
0.9957964984977916,1.004221245514068,0.08533384223636802,8.716050166971094
0.995806494547727,1.0042111649956427,0.08236198921684246,8.775922281926986
0.9958164907983498,1.0042010844772176,0.07885144524226603,8.770376074564572
0.9958264872496663,1.0041910039587925,0.0748094247935509,8.690843023272553
0.9958364839016824,1.0041809234403674,0.070272767503608,8.531471377161779
0.9958464807544046,1.004170842921942,0.06530983162276402,8.29012952400952
0.9958564778078384,1.004160762403517,0.06001839808732959,7.96908364129642
0.99586647506199,1.0041506818850918,0.0545192583861797,7.575159224761018
0.9958764725168654,1.0041406013666667,0.04894620047542266,7.11929470801859
0.9958864701724711,1.0041305208482414,0.043434074138629084,6.615538148069063
0.9958964680288125,1.0041204403298163,0.03810712468575915,6.079674405014127
0.995906466085896,1.0041103598113912,0.03306962693130047,5.527748863467184
0.9959164643437274,1.004100279292966,0.028400120806643163,4.9747491647744235
0.995926462802313,1.004090198774541,0.02414956893013952,4.433630700799964
0.995936461461659,1.0040801182561157,0.020342892851334313,3.9147631527731117
0.995946460321771,1.0040700377376905,0.016982835155385168,3.42577583406421
0.9959564593826553,1.0040599572192654,0.014054980983646964,2.97171540833158
0.9959664586443179,1.0040498767008403,0.011532950684870123,2.5554065036050906
0.995976458106765,1.004039796182415,0.009383090074349443,2.177914915224519
0.9959864577700024,1.00402971566399,0.007568305772920291,1.8390404776435332
0.9959964576340362,1.0040196351455648,0.006050946081183717,1.5378005469639242
0.9960064576988724,1.0040095546271397,0.004794790471095736,1.2728990197435948
0.9960164579645175,1.0039994741087144,0.003766292989799442,1.0432079152944118
0.9960264584309769,1.0039893935902893,0.0029352495714719696,0.8483133220774943
0.996036459098257,1.0039793130718642,0.0022750497437898716,0.6891555237460973
0.9960464599663638,1.003969232553439,0.0017626475416382024,0.5685582939002531
0.9960564610353033,1.003959152035014,0.001378356289612669,0.4906496702190489
0.9960664623050818,1.0039490715165886,0.0011055436988197016,0.45742088746605275
0.9960764637757049,1.0039389909981635,0.0009302802264596952,0.4638706177992447
0.9960864654471789,1.0039289104797384,0.0008409755073699712,0.4985657602953274
0.99609646731951,1.0039188299613133,0.0008280244399062069,0.549708039927265
0.9961064693927042,1.003908749442888,0.0008834753202949117,0.6090055353573558
0.9961164716667672,1.003898668924463,0.0010007263322049185,0.6716837756299598
0.9961264741417053,1.0038885884060378,0.0011742528711192958,0.7352765906635537
0.9961364768175245,1.0038785078876127,0.0013993659376847138,0.7986202281220424
0.9961464796942312,1.0038684273691874,0.0016720006465756078,0.8612391067826414
0.9961564827718309,1.0038583468507623,0.0019885333854309053,0.9230020920535383
0.9961664860503299,1.0038482663323371,0.0023456260467258493,0.9839340520894183
0.9961764895297343,1.003838185813912,0.0027400958502623984,1.0441129323173735
0.9961864932100503,1.0038281052954867,0.0031688094459937245,1.1036142509340432
0.9961964970912834,1.0038180247770616,0.003628600147135846,1.1624825365970042
0.9962065011734402,1.0038079442586365,0.004116207239100544,1.2207185096887532
0.9962165054565265,1.0037978637402114,0.004628236310961353,1.278275683616493
0.9962265099405487,1.003787783221786,0.00516113945513074,1.3350626721206929
0.9962365146255123,1.003777702703361,0.005711213981696563,1.3909489268598945
0.9962465195114236,1.0037676221849359,0.006274618017984221,1.4457724512807826
0.9962565245982887,1.0037575416665108,0.006847401038269527,1.499348524934044
0.9962665298861136,1.0037474611480857,0.007425547027343826,1.5514787742728355
0.9962765353749047,1.0037373806296603,0.008005027663791459,1.6019601206471406
0.9962865410646675,1.0037273001112352,0.008581862648096608,1.650593266799292
0.9962965469554083,1.0037172195928101,0.009152184130533291,1.6971904750354179
0.9963065530471331,1.003707139074385,0.009712302136500577,1.741582457953561
0.9963165593398483,1.0036970585559597,0.01025876795750546,1.7836242554695703
0.9963265658335594,1.0036869780375346,0.010788432676805178,1.8232000152444554
0.9963365725282728,1.0036768975191095,0.011298498320677499,1.8602266306713164
0.9963465794239944,1.0036668170006844,0.011786559555085443,1.8946562234693756
0.9963565865207306,1.003656736482259,0.012250634352138929,1.9264774868675212
0.9963665938184869,1.003646655963834,0.012689182607475933,1.9557159314140369
0.9963766013172697,1.0036365754454089,0.013101112260886739,1.9824330981123524
0.996386609017085,1.0036264949269837,0.013485773031411189,2.006724823400171
0.9963966169179389,1.0036164144085586,0.013842938393744246,2.0287186572391636
0.9964066250198376,1.0036063338901333,0.014172776874920513,2.0485705497545528
0.9964166333227867,1.0035962533717082,0.014475814120045182,2.0664609334754704
0.9964266418267927,1.003586172853283,0.014752887453487754,2.0825903375329347
0.9964366505318615,1.003576092334858,0.015005094843678637,2.0971746772797326
0.9964466594379993,1.0035660118164327,0.015233740264039983,2.1104403673247756
0.9964566685452118,1.0035559312980076,0.015440277437200651,2.122619407743078
0.9964666778535052,1.0035458507795825,0.01562625386126279,2.133944591399959
0.9964766873628857,1.0035357702611574,0.015793256859701642,2.144644974484579
0.9964866970733596,1.003525689742732,0.015942863179548485,2.1549417414341274
0.9964967069849323,1.003515609224307,0.016076593406532825,2.165044579570498
0.9965067170976103,1.0035055287058818,0.01619587217953207,2.1751486574257
0.9965167274113995,1.0034954481874567,0.01630199488942385,2.1854322748383685
0.9965267379263063,1.0034853676690314,0.016396101250794576,2.1960552233526087
0.9965367486423363,1.0034752871506063,0.016479155853631147,2.207157864085248
0.9965467595594958,1.0034652066321812,0.01655193554480203,2.2188608988739165
0.9965567706777907,1.003455126113756,0.016615023266330808,2.2312657814986405
0.9965667819972275,1.0034450455953308,0.01666880779588892,2.2444556911387834
0.9965767935178117,1.0034349650769057,0.016713488695612205,2.258496971407905
0.9965868052395496,1.0034248845584806,0.016749085682750846,2.2734409265780338
0.9965968171624473,1.0034148040400555,0.016775451586163257,2.289325862091252
0.9966068292865108,1.0034047235216303,0.016792288042298317,2.3061792587524743
0.9966168416117464,1.003394643003205,0.016799163112692993,2.324019978428228
0.9966268541381598,1.00338456248478,0.016795530057923815,2.342860411679888
0.9966368668657571,1.0033744819663548,0.01678074658193964,2.3627084935445803
0.9966468797945446,1.0033644014479297,0.016754093953650535,2.3835695306140576
0.9966568929245284,1.0033543209295044,0.01671479551424391,2.405447799367949
0.9966669062557143,1.0033442404110793,0.01666203418460587,2.428347891271756
0.9966769197881084,1.0033341598926542,0.016594968689855383,2.4522757934865878
0.9966869335217169,1.003324079374229,0.01651274831655369,2.477239704810937
0.9966969474565459,1.0033139988558037,0.01641452610642103,2.503250594318033
0.9967069615926013,1.0033039183373786,0.01629947046994077,2.530322515252922
0.9967169759298892,1.0032938378189535,0.016166775270920582,2.558472689228045
0.9967269904684156,1.0032837573005284,0.01601566848963417,2.587721375835127
0.9967370052081868,1.0032736767821033,0.015845419618757926,2.6180915410162315
0.9967470201492089,1.003263596263678,0.01565534598323913,2.649608334000622
0.9967570352914875,1.003253515745253,0.015444818205172269,2.682298377835886
0.9967670506350291,1.0032434352268278,0.01521326505779181,2.7161888725396945
0.9967770661798396,1.0032333547084027,0.014960177972447152,2.7513065030017194
0.9967870819259254,1.0032232741899774,0.014685115480791157,2.78767613608965
0.9967970978732918,1.0032131936715523,0.014387707890317673,2.8253192826160394
0.9968071140219456,1.0032031131531272,0.014067662513864009,2.864252290653486
0.9968171303718925,1.003193032634702,0.01372476979550395,2.9044842259958554
0.9968271469231389,1.0031829521162767,0.013358910706991143,2.946014384253121
0.9968371636756904,1.0031728715978516,0.012970065828696031,2.988829366447622
0.9968471806295534,1.0031627910794265,0.012558326580075206,3.0328996362154013
0.9968571977847338,1.0031527105610014,0.012123909128709238,3.078175461491735
0.996867215141238,1.003142630042576,0.0116671715928267,3.1245821279689245
0.9968772326990716,1.003132549524151,0.011188635255797857,3.1720142950224224
0.9968872504582409,1.0031224690057259,0.0106890106445049,3.220329349389697
0.9968972684187519,1.0031123884873008,0.010169229488983939,3.2693395988888816
0.996907286580611,1.0031023079688755,0.00963048378784792,3.3188031419577735
0.9969173049438237,1.0030922274504503,0.00907427345970943,3.3684132535493716
0.9969273235083964,1.0030821469320252,0.0085024643835171,3.4177861548355217
0.9969373422743353,1.0030720664136001,0.00791735902448109,3.4664470955709836
0.9969473612416461,1.003061985895175,0.007321782342887855,3.5138148013780173
0.9969573804103354,1.0030519053767497,0.006719186298993179,3.5591845582707546
0.9969673997804087,1.0030418248583246,0.006113777048248093,3.601710587681206
0.9969774193518723,1.0030317443398995,0.005510669899958531,3.6403890035044046
0.9969874391247324,1.0030216638214744,0.004916078362429217,3.6740436975933437
0.9969974590989951,1.003011583303049,0.004337545194491414,3.7013192267528052
0.9970074792746662,1.003001502784624,0.003784225455484179,3.7206875886635995
0.9970174996517518,1.0029914222661989,0.0032672342651291573,3.730480353535131
0.9970275202302582,1.0029813417477738,0.002800075611077547,3.728965062183388
0.9970375410101915,1.0029712612293484,0.0023991734535038925,3.71449686233375
0.9970475619915574,1.0029611807109233,0.0020845331578683494,3.6857957049516035
0.9970575831743623,1.0029511001924982,0.0018805708118946058,3.6424296378382635
0.9970676045586122,1.0029410196740731,0.0018171615807291315,3.5856288274299493
0.9970776261443131,1.002930939155648,0.0019309779278511021,3.519608504447005
0.9970876479314713,1.0029208586372227,0.002267217222472489,3.453607234751428
0.9970976699200925,1.0029107781187976,0.002881860166591271,3.404725792008783
0.997107692110183,1.0029006976003725,0.0038446622166163264,3.401085111373751
0.9971177145017489,1.0028906170819474,0.005243166378145215,3.4834899346171553
0.9971277370947964,1.002880536563522,0.007188143104791234,3.7025025942187586
0.9971377598893313,1.002870456045097,0.009821010412472027,4.110168842246223
0.9971477828853597,1.0028603755266718,0.01332394218105397,4.753654319720311
0.9971578060828876,1.0028502950082467,0.01793345757148847,5.68319822711139
0.9971678294819217,1.0028402144898214,0.023958095976621446,6.981978129864389
0.9971778530824673,1.0028301339713963,0.03179984716243316,8.821567497728259
0.9971878768845307,1.0028200534529712,0.04197631782383717,11.547180685762969
0.9971979008881182,1.002809972934546,0.05513419088233785,15.784782850561841
0.997207925093236,1.0027998924161208,0.07203079652307409,22.53128799931367
0.9972179494998895,1.0027898118976957,0.09343377349089058,33.14623996321159
0.9972279741080854,1.0027797313792706,0.11984173419200371,49.02212687052317
0.9972379989178294,1.0027696508608455,0.1508725347237292,70.28683450546204
0.9972480239291281,1.0027595703424201,0.18427769332385674,92.78700017618658
0.997258049141987,1.002749489823995,0.21549749356909012,106.43407521589887
0.9972680745564123,1.00273940930557,0.23982872381071899,103.99581149826868
0.9972781001724104,1.0027293287871448,0.255402912280851,91.30689583078598
0.997288125989987,1.0027192482687197,0.2625429708885623,78.05162354100445
0.9972981520091486,1.0027091677502944,0.2623201843168942,67.87656862775223
0.9973081782299008,1.0026990872318693,0.2563722904336924,60.36502201804326
0.99731820465225,1.0026890067134442,0.24662295533881742,54.450414660951864
0.9973282312762022,1.002678926195019,0.23481210868144092,49.44461455438828
0.9973382581017636,1.0026688456765938,0.22223507060683162,45.01665872190684
0.9973482851289399,1.0026587651581687,0.20972559769633273,41.0256023650681
0.9973583123577375,1.0026486846397435,0.19775567100835836,37.41120693077786
0.9973683397881624,1.0026386041213184,0.18655338260949691,34.14158854008271
0.9973783674202209,1.0026285236028931,0.1761979693407812,31.19219100691998
0.9973883952539188,1.002618443084468,0.16668497280968755,28.538933464070556
0.9973984232892621,1.002608362566043,0.157967021349179,26.156930450623054
0.997408451526257,1.0025982820476178,0.1499778214322211,24.02101462428401
0.9974184799649097,1.0025882015291927,0.1426455484139509,22.10658861965329
0.9974285086052265,1.0025781210107674,0.1358998904775091,20.390319913431945
0.9974385374472129,1.0025680404923423,0.12967543554639263,18.850578930580852
0.9974485664908753,1.0025579599739172,0.1239130227061923,17.467651628294675
0.9974585957362198,1.002547879455492,0.11856000575454864,16.22378843955759
0.9974686251832525,1.0025377989370667,0.11356996944797855,15.103147120627886
0.9974786548319793,1.0025277184186416,0.10890219969905623,14.09167358146311
0.9974886846824065,1.0025176379002165,0.1045210708120692,13.176951413474708
0.99749871473454,1.0025075573817914,0.10039543433727306,12.348040201577886
0.9975087449883862,1.002497476863366,0.09649805021671566,11.595315029342796
0.9975187754439507,1.002487396344941,0.09280507686053036,10.910314340582621
0.99752880610124,1.002477315826516,0.08929562405490211,10.285599876361788
0.9975388369602598,1.0024672353080908,0.08595136620213355,9.714630223274073
0.9975488680210168,1.0024571547896655,0.08275621049907576,9.191648178199587
0.9975588992835165,1.0024470742712404,0.07969601365905836,8.711581365766694
0.9975689307477651,1.0024369937528153,0.07675834074814868,8.269955136180783
0.9975789624137689,1.0024269132343901,0.0739322601536123,7.862816589866765
0.9975889942815337,1.002416832715965,0.07120816932764959,7.486668531013577
0.9975990263510661,1.0024067521975397,0.06857764662185264,7.138412188417917
0.9976090586223716,1.0023966716791146,0.06603332516988909,6.815297621416924
0.9976190910954564,1.0023865911606895,0.06356878534965751,6.514880828264871
0.9976291237703269,1.0023765106422644,0.0611784628577388,6.234986680211583
0.9976391566469891,1.002366430123839,0.058857569852226996,5.973676907948452
0.9976491897254489,1.002356349605414,0.056602026978705026,5.7292224642234855
0.9976592230057124,1.0023462690869889,0.05440840438424157,5.500079673841114
0.9976692564877857,1.0023361885685638,0.052273870072245016,5.284869660652614
0.9976792901716752,1.0023261080501384,0.05019614414808177,5.082360608877151
0.9976893240573866,1.0023160275317133,0.048173457669728734,4.89145247456794
0.9976993581449262,1.0023059470132882,0.046204514956431464,4.711163812886114
0.9977093924342998,1.0022958664948631,0.04428845832405347,4.540620428259139
0.9977194269255141,1.0022857859764378,0.04242483431817469,4.379045588846543
0.9977294616185746,1.0022757054580127,0.04061356061041778,4.225751574509098
0.9977394965134875,1.0022656249395876,0.038854892812591746,4.080132349267629
0.997749531610259,1.0022555444211625,0.03714939055700436,3.9416571662220354
0.9977595669088952,1.0022454639027374,0.03549788228751602,3.8098649252051104
0.9977696024094024,1.002235383384312,0.033901428314149586,3.68435911240907
0.9977796381117862,1.002225302865887,0.03236128180287502,3.5648031573128014
0.997789674016053,1.0022152223474619,0.030878847504367396,3.4509160466705238
0.9977997101222088,1.0022051418290367,0.029455638175826217,3.342468039512628
0.99780974643026,1.0021950613106114,0.02809322880796057,3.2392763320966256
0.9978197829402121,1.0021849807921863,0.026793208944767607,3.141200530021397
0.9978298196520716,1.0021749002737612,0.02555713356220537,3.048137797801714
0.9978398565658445,1.0021648197553361,0.024386473154737697,2.960017576871339
0.9978498936815371,1.0021547392369108,0.023282563854112242,2.876795793150638
0.9978599309991552,1.0021446587184857,0.02224655856729856,2.7984485172408458
0.9978699685187048,1.0021345782000606,0.02127938025709622,2.7249650946310537
0.9978800062401924,1.0021244976816355,0.020381678594334724,2.6563408299193165
0.9978900441636239,1.0021144171632101,0.019553791269711688,2.5925693847522355
0.9979000822890053,1.002104336644785,0.018795711262393634,2.5336351287877865
0.9979101206163427,1.00209425612636,0.018107061311170555,2.479505757788293
0.9979201591456422,1.0020841756079348,0.017487076722522966,2.4301255524816603
0.9979301978769101,1.0020740950895097,0.016934597473300565,2.385409684047372
0.9979402368101524,1.0020640145710844,0.016448070330353854,2.345239966846377
0.997950275945375,1.0020539340526593,0.01602556142166338,2.3094624098138
0.9979603152825842,1.0020438535342342,0.015664779361622062,2.277886824519063
0.997970354821786,1.002033773015809,0.015363108673311334,2.2502886179940162
0.9979803945629868,1.0020236924973838,0.015117652876730578,2.2264127464511647
0.9979904345061922,1.0020136119789587,0.014925286238715951,2.205979650981672
0.9980004746514085,1.0020035314605336,0.014782712827761722,2.1886928582439755
0.9980105149986418,1.0019934509421085,0.014686531196541959,2.174247823924548
0.9980205555478985,1.0019833704236831,0.014633302743143497,2.1623415339627905
0.9980305962991842,1.001973289905258,0.014619621587114292,2.1526823592082875
0.9980406372525051,1.001963209386833,0.014642183650839346,2.144999677442805
0.9980506784078675,1.0019531288684078,0.014697852563499935,2.1390528213493085
0.9980607197652778,1.0019430483499825,0.014783720010753402,2.134638969547077
0.9980707613247413,1.0019329678315574,0.014897158242438537,2.131599659208351
0.9980808030862646,1.0019228873131323,0.01503586262257125,2.129825655351579
0.9980908450498536,1.0019128067947072,0.015197882365421139,2.1292599613582976
0.9981008872155146,1.001902726276282,0.015381637946266553,2.129898799654706
0.9981109295832538,1.0018926457578567,0.015585924105693899,2.1317904372041436
0.9981209721530769,1.0018825652394316,0.015809897874449627,2.1350317859796353
0.9981310149249902,1.0018724847210065,0.016053051623203033,2.139762782874702
0.9981410578989999,1.0018624042025814,0.016315171770188548,2.1461586532482992
0.9981511010751121,1.001852323684156,0.0165962844342291,2.1544202892070654
0.9981611444533326,1.001842243165731,0.016896589968881562,2.1647631225472397
0.9981711880336678,1.001832162647306,0.01721638891316397,2.1774050290048743
0.9981812318161236,1.0018220821288808,0.01755600240184231,2.1925539432242362
0.9981912758007065,1.0018120016104555,0.017915690446252585,2.2103959654777388
0.9982013199874221,1.0018019210920304,0.018295571685572935,2.231084774995294
0.9982113643762767,1.0017918405736053,0.01869554818523387,2.2547331109815643
0.9982214089672764,1.0017817600551802,0.0191152386118203,2.281406935586548
0.9982314537604277,1.0017716795367548,0.01955392264592403,2.311122665091068
0.9982414987557359,1.0017615990183297,0.020010498833358016,2.343847575500653
0.9982515439532076,1.0017515184999046,0.020483457269073923,2.379503197006865
0.9982615893528488,1.0017414379814795,0.02097086761735708,2.4179712508166746
0.9982716349546658,1.0017313574630544,0.021470382071376554,2.459101486934913
0.9982816807586645,1.001721276944629,0.02197925201284545,2.5027206729677425
0.998291726764851,1.001711196426204,0.022494356414891954,2.5486419652406536
0.9983017729732314,1.0017011159077789,0.023012239485423764,2.5966739523639935
0.9983118193838119,1.0016910353893538,0.023529154702145158,2.6466287753758895
0.9983218659965987,1.0016809548709285,0.024041112253655825,2.6983288714682834
0.9983319128115975,1.0016708743525033,0.024543926958109197,2.7516120348537974
0.9983419598288147,1.0016607938340782,0.02503326395565414,2.8063346185312983
0.9983520070482564,1.0016507133156531,0.025504679822198083,2.862372800637453
0.9983620544699289,1.0016406327972278,0.02595365718966449,2.9196219012034863
0.9983721020938379,1.0016305522788027,0.0263756314371227,2.9779937560259073
0.9983821499199895,1.0016204717603776,0.026766008507587875,3.0374121340184885
0.9983921979483902,1.0016103912419525,0.02712017338034261,3.09780612304334
0.998402246179046,1.0016003107235272,0.027433489182578166,3.1591013067365927
0.9984122946119628,1.001590230205102,0.027701287361595904,3.221208408358401
0.9984223432471467,1.001580149686677,0.027918849789620184,3.2840088810609496
0.998432392084604,1.0015700691682519,0.02808138418573922,3.3473366657512074
0.9984424411243407,1.0015599886498268,0.028183994897033292,3.4109550007291456
0.9984524903663632,1.0015499081314014,0.02822165200633868,3.4745267264707396
0.998462539810677,1.0015398276129763,0.0281891631112125,3.5375759506678364
0.9984725894572887,1.0015297470945512,0.02808115423002289,3.599438180555602
0.9984826393062042,1.0015196665761261,0.027892069540996507,3.6591950408630263
0.9984926893574299,1.0015095860577008,0.027616204682219092,3.715588427453432
0.9985027396109714,1.0014995055392757,0.027247796046907236,3.766907369277652
0.9985127900668351,1.0014894250208506,0.026781200268447616,3.8108390282902995
0.9985228407250272,1.0014793445024255,0.026211215842239306,3.844273387386133
0.9985328915855538,1.0014692639840002,0.025533625240389216,3.863049930583311
0.9985429426484208,1.001459183465575,0.02474607424928568,3.861635673580222
0.9985529939136344,1.00144910294715,0.023849458909213323,3.8327311482232402
0.9985630453812007,1.0014390224287248,0.02285006052048993,3.7668233121527472
0.9985730970511261,1.0014289419102995,0.021762748996648953,3.6517626761130026
0.9985831489234162,1.0014188613918744,0.020615636919611855,3.472587695358596
0.9985932009980774,1.0014087808734493,0.01945653665731716,3.2121948315348425
0.9986032532751158,1.0013987003550242,0.01836128561042453,2.854523347707283
0.9986133057545374,1.001388619836599,0.017443152505703066,2.395561956442063
0.9986233584363488,1.0013785393181738,0.016860681231810653,1.8823282627831943
0.9986334113205554,1.0013684587997487,0.01681817709620328,1.5464147333545517
0.9986434644071636,1.0013583782813236,0.01754936653585379,1.8752888085584352
0.9986535176961796,1.0013482977628985,0.019274005113795026,2.8895453917769465
0.9986635711876096,1.0013382172444731,0.022125932412672192,4.237401787631235
0.9986736248814594,1.001328136726048,0.02607337661288244,5.67865910862501
0.9986836787777353,1.001318056207623,0.03087674982211019,7.0347372858218415
0.9986937328764434,1.0013079756891978,0.03612583513355022,8.165420639235162
0.99870378717759,1.0012978951707725,0.04135143248505219,8.985804504131233
0.9987138416811808,1.0012878146523474,0.046152533671249094,9.475236584391011
0.9987238963872221,1.0012777341339223,0.050274532172784554,9.665725373463163
0.9987339512957202,1.0012676536154972,0.05361787007879834,9.61844808514913
0.9987440064066812,1.0012575730970719,0.05620013905290774,9.40144533428279
0.9987540617201108,1.0012474925786468,0.05810576292149071,9.07549576600707
0.9987641172360155,1.0012374120602217,0.059444888276079015,8.688325976495367
0.9987741729544013,1.0012273315417966,0.06032769938286157,8.274246852795336
0.9987842288752743,1.0012172510233714,0.06085178628409912,7.8562890723151195
0.9987942849986409,1.0012071705049461,0.06109790909818669,7.4489692206694045
0.9988043413245067,1.001197089986521,0.06113021259694371,7.060800556976665
0.9988143978528781,1.001187009468096,0.06099834618211599,6.696263062831594
0.9988244545837612,1.0011769289496708,0.06074010173598333,6.357231644252078
0.9988345115171624,1.0011668484312455,0.060383919863568794,6.043962002490905
0.9988445686530872,1.0011567679128204,0.05995102104229591,5.755748646369351
0.9988546259915421,1.0011466873943953,0.05945711632885239,5.491352729795566
0.9988646835325331,1.0011366068759702,0.05891373611195251,5.249273610589154
0.9988747412760667,1.0011265263575448,0.05832924225641151,5.027916629394151
0.9988847992221485,1.0011164458391197,0.057709590226683614,4.825693067462386
0.9988948573707848,1.0011063653206946,0.057058899225860715,4.6410763626498195
0.9989049157219817,1.0010962848022695,0.05637987740394193,4.472630475133407
0.9989149742757456,1.0010862042838442,0.055674138852984584,4.319020789666358
0.9989250330320821,1.001076123765419,0.05494244046103168,4.1790143003495706
0.9989350919909976,1.001066043246994,0.05418485986940639,4.051473442507045
0.9989451511524984,1.001055962728569,0.05340093057048509,3.9353463933868102
0.9989552105165903,1.0010458822101438,0.052589746277573624,3.829655671376837
0.9989652700832797,1.0010358016917185,0.05175004380420506,3.7334862305960628
0.9989753298525725,1.0010257211732934,0.0508802715435345,3.645973845746362
0.9989853898244748,1.0010156406548683,0.04997864903831118,3.5662943260503304
0.9989954499989929,1.0010055601364432,0.049043221914350024,3.4936539304552463
0.999005510376133,1.0009954796180178,0.048071915495292425,3.4272812416809075
0.999015570955901,1.0009853990995927,0.047062589631369445,3.366420670021449
0.9990256317383029,1.0009753185811676,0.046013096594213196,3.310327683942978
0.9990356927233451,1.0009652380627425,0.04492134327019039,3.258265795468459
0.9990457539110338,1.0009551575443172,0.0437853582983034,3.209505260312759
0.9990558153013748,1.000945077025892,0.042603364238206196,3.1633233861736256
0.9990658768943743,1.000934996507467,0.041373854319849156,3.11900627973107
0.9990759386900385,1.0009249159890419,0.04009567283847799,3.0758518078095345
0.9990860006883738,1.0009148354706165,0.03876809783365426,3.0331735049533113
0.9990960628893859,1.0009047549521914,0.037390924360508206,2.990305132675647
0.999106125293081,1.0008946744337663,0.03596454644400677,2.9466055878885147
0.9991161878994652,1.0008845939153412,0.034490035722391746,2.901463871465691
0.9991262507085448,1.0008745133969161,0.03296921483834877,2.8543038628625887
0.9991363137203261,1.0008644328784908,0.03140472381598855,2.8045887017722633
0.9991463769348147,1.0008543523600657,0.029800077949265587,2.7518246504775012
0.9991564403520169,1.0008442718416406,0.028159716077286002,2.695564396815847
0.9991665039719391,1.0008341913232155,0.026489038504096167,2.6354098542872797
0.9991765677945873,1.0008241108047902,0.024794434167723006,2.571014618985829
0.9991866318199675,1.000814030286365,0.023083296950870615,2.5020863524031505
0.9991966960480858,1.00080394976794,0.021364031200356084,2.4283894763061564
0.9992067604789484,1.0007938692495149,0.01964604658284188,2.349748699214565
0.9992168251125617,1.0007837887310895,0.0179397423291986,2.2660540581386273
0.9992268899489314,1.0007737082126644,0.016256480739780546,2.1772683818870973
0.9992369549880638,1.0007636276942393,0.014608549556963498,2.083438407568938
0.9992470202299649,1.0007535471758142,0.013009112510015717,1.9847112821283273
0.9992570856746413,1.000743466657389,0.011472147044611023,1.8813589695662252
0.9992671513220985,1.0007333861389638,0.010012368021379272,1.7738143393093762
0.999277217172343,1.0007233056205387,0.008645136053561514,1.6627246934684043
0.9992872832253807,1.0007132251021136,0.007386349195276233,1.5490315364823406
0.9992973494812181,1.0007031445836885,0.00625231692262911,1.4340897523623937
0.999307415939861,1.0006930640652631,0.005259615787722583,1.319844512047558
0.9993174826013157,1.000682983546838,0.004424926773340135,1.209086581414382
0.9993275494655881,1.000672903028413,0.003764855220291856,1.1057931063726667
0.9993376165326845,1.0006628225099878,0.0032957352014296665,1.0154955461740043
0.9993476838026113,1.0006527419915625,0.0030334213306636455,0.9454341908844434
0.9993577512753741,1.0006426614731374,0.002993072146458318,0.903954066764595
0.9993678189509793,1.0006325809547123,0.0031889303184559283,0.8985564402725411
0.9993778868294328,1.0006225004362872,0.0036341059004387256,0.933087069876017
0.9993879549107414,1.0006124199178619,0.004340369599519957,1.0061979660887526
0.9993980231949104,1.0006023393994368,0.0053179634661562995,1.1125472775098884
0.9994080916819464,1.0005922588810117,0.006575436460584486,1.245387423482637
0.9994181603718555,1.0005821783625866,0.008119511974688017,1.398476507241113
0.9994282292646438,1.0005720978441612,0.009954993571433453,1.5667836629515546
0.9994382983603173,1.0005620173257361,0.012084713969547911,1.7464743307826698
0.9994483676588821,1.000551936807311,0.01450953071233041,1.9346616291916192
0.9994584371603445,1.000541856288886,0.0172283701075719,2.1291513510485873
0.9994685068647107,1.0005317757704608,0.020238319037043012,2.32824500708182
0.9994785767719868,1.0005216952520355,0.02353476223957234,2.5306026658627165
0.9994886468821788,1.0005116147336104,0.027111560811349283,2.7351515492327083
0.9994987171952927,1.0005015342151853,0.03096126607003773,2.9410262040044772
0.999508787711335,1.0004914536967602,0.03507536168448425,3.1475294996131202
0.9995188584303117,1.0004813731783349,0.03944452616830302,3.354107042033452
0.9995289293522288,1.0004712926599098,0.044058907479113625,3.560330089805976
0.9995390004770925,1.0004612121414846,0.04890840156972669,3.765883770269659
0.999549071804909,1.0004511316230595,0.05398292723959887,3.9705585335778624
0.9995591433356845,1.0004410511046342,0.059272690481626644,4.1742435355548
0.999569215069425,1.0004309705862091,0.06476843260856219,4.376921139193804
0.9995792870061365,1.000420890067784,0.07046165768582496,4.578662055979159
0.9995893591458254,1.000410809549359,0.0763448360899036,4.77962086778439
0.9995994314884978,1.0004007290309336,0.082411582278437,4.980031814476849
0.9996095040341597,1.0003906485125085,0.08865680601399861,5.18020482435466
0.9996195767828173,1.0003805679940834,0.0950768372868314,5.380521820645966
0.9996296497344768,1.0003704874756583,0.10166952597865993,5.581433367588581
0.9996397228891442,1.0003604069572332,0.10843431790375957,5.783455732699307
0.9996497962468258,1.0003503264388078,0.11537230922767745,5.98716844245452
0.9996598698075276,1.0003402459203827,0.12248628141195983,6.193212401123097
0.9996699435712558,1.0003301654019576,0.129780718789951,6.4022886299003545
0.9996800175380166,1.0003200848835325,0.13726181062980103,6.615157666946402
0.9996900917078162,1.0003100043651072,0.1449374391373345,6.832639650482703
0.9997001660806604,1.000299923846682,0.15281715427885156,7.055615086296935
0.9997102406565556,1.000289843328257,0.16091213558791478,7.285026278225658
0.9997203154355078,1.0002797628098319,0.16923514024213063,7.521879374092475
0.9997303904175234,1.0002696822914066,0.17780043567424852,7.7672469494637415
0.9997404656026082,1.0002596017729815,0.18662371377760156,8.022271014915058
0.9997505409907685,1.0002495212545564,0.19572198236514501,8.288166286965287
0.9997606165820105,1.0002394407361312,0.2051134279100858,8.566223504900712
0.9997706923763405,1.000229360217706,0.2148172416912471,8.857812501189766
0.9997807683737643,1.0002192796992808,0.22485339924267378,9.164384636360069
0.999790844574288,1.0002091991808557,0.2352423804154031,9.487474083368303
0.999800920977918,1.0001991186624306,0.24600481434770557,9.828697282299492
0.9998109975846603,1.0001890381440055,0.25716103018953806,10.189749673088357
0.9998210743945213,1.0001789576255802,0.2687304905111789,10.572398536678476
0.9998311514075068,1.000168877107155,0.28073107999964975,10.978470415610166
0.999841228623623,1.00015879658873,0.293178217425174,11.40983111939199
0.9998513060428761,1.0001487160703049,0.3060837541861946,11.868355717104127
0.9998613836652726,1.0001386355518795,0.31945461846466844,12.355885139580716
0.999871461490818,1.0001285550334544,0.3332911608500084,12.87416500384838
0.9998815395195186,1.0001184745150293,0.34758515636763904,13.424760966977333
0.9998916177513809,1.0001083939966042,0.3623174208177717,14.008943232121245
0.9999016961864109,1.000098313478179,0.3774550086628462,14.627530674486826
0.9999117748246146,1.0000882329597538,0.3929479787106183,15.280682347506293
0.9999218536659981,1.0000781524413287,0.40872574707140746,15.967620870632109
0.9999319327105677,1.0000680719229036,0.42469310003866134,16.686268642837096
0.9999420119583298,1.0000579914044783,0.4407260196632837,17.43277489224241
0.9999520914092899,1.0000479108860532,0.4566675893975058,18.2009117421826
0.9999621710634545,1.000037830367628,0.47232440324465086,18.98132661641377
0.9999722509208299,1.000027749849203,0.4874641019700019,19.760668964499455
0.9999823309814219,1.0000176693307778,0.5018148953268687,20.520685575262185
0.9999924112452371,1.0000075888123525,0.5150681636385304,21.237540122812927
1.0000024917122812,0.9999975082939274,0.5268853720926547,21.881904808276527
1.0000125723825606,0.9999874277755023,0.5369103813762529,22.420792534035346
1.0000226532560812,0.9999773472570771,0.5447874724263714,22.822439577408886
1.0000327343328494,0.999967266738652,0.5501836736085345,23.065134244097372
1.0000428156128713,0.9999571862202268,0.552811403112015,23.14853741898821
1.000052897096153,0.9999471057018017,0.5524454956269014,23.10133389120657
1.000062978782701,0.9999370251833765,0.5489303792717816,22.975514466758646
1.0000730606725206,0.9999269446649514,0.5421801024128682,22.823347945698906
1.0000831427656187,0.9999168641465261,0.5321811739933262,22.669762353574523
1.000093225062001,0.999906783628101,0.5190062865627773,22.502392104108182
1.000103307561674,0.9998967031096758,0.5028348304658528,22.286448100422906
1.0001133902646437,0.9998866225912507,0.48396614195083737,21.988824295868927
1.0001234731709163,0.9998765420728255,0.46281394931107783,21.593394057044677
1.0001335562804976,0.9998664615544004,0.43988102432912607,21.103182363703816
1.0001436395933943,0.9998563810359753,0.41572133563521024,20.53498283027945
1.0001537231096123,0.9998463005175501,0.3908990377262946,19.912484737366157
1.0001638068291576,0.999836219999125,0.3659515775756806,19.260816275921208
1.0001738907520368,0.9998261394806998,0.34136109030013917,18.603032686846653
1.0001839748782553,0.9998160589622747,0.3175356031082325,17.958178408926887
1.00019405920782,0.9998059784438494,0.294799721124414,17.34044964326052
1.0002041437407367,0.9997958979254243,0.27339335880561577,16.759104557530275
1.0002142284770115,0.9997858174069991,0.25347655883173886,16.21887926760417
1.0002243134166506,0.999775736888574,0.23513835554715476,15.720726621777631
1.0002343985596605,0.9997656563701488,0.21840784429140772,15.262721999818385
1.0002444839060467,0.9997555758517237,0.20326597681143668,14.841001143484407
1.000254569455816,0.9997454953332985,0.18965700893360185,14.45062284502854
1.000264655208974,0.9997354148148734,0.1774989073014664,14.086285185982376
1.0002747411655273,0.9997253342964482,0.1666923379753167,13.742861883415559
1.0002848273254819,0.9997152537780231,0.15712809784108683,13.415757876726067
1.0002949136888437,0.9997051732595978,0.14869301347962832,13.10110590997982
1.000305000255619,0.9996950927411727,0.14127443339867526,12.795837583523742
1.0003150870258142,0.9996850122227476,0.13476349297885237,12.49766502137472
1.0003251739994354,0.9996749317043224,0.12905735115744552,12.205006001569947
1.0003352611764884,0.9996648511858973,0.12406059543254214,11.916879114918334
1.0003453485569798,0.9996547706674721,0.11968599617351147,11.632788482047275
1.0003554361409153,0.999644690149047,0.11585476889408355,11.352611114154458
1.0003655239283014,0.9996346096306218,0.11249647838802855,11.076494761786472
1.000375611919144,0.9996245291121967,0.10954869420189293,10.80477019331854
1.0003857001134497,0.9996144485937715,0.10695648439594922,10.537879154134083
1.000395788511224,0.9996043680753464,0.10467181474219538,10.27631754674326
1.0004058771124738,0.9995942875569211,0.10265290370232545,10.02059239326469
1.0004159659172045,0.999584207038496,0.10086356969086863,9.771190675685988
1.000426054925423,0.9995741265200708,0.09927259601789114,9.528558019281519
1.0004361441371348,0.9995640460016457,0.09785313022510345,9.2930852621674
1.0004462335523463,0.9995539654832205,0.09658212789068557,9.065101143204245
1.000456323171064,0.9995438849647954,0.09543984605650864,8.844869582417232
1.0004664129932934,0.9995338044463702,0.09440938787868301,8.632590280752757
1.0004765030190412,0.9995237239279451,0.093476297642258,8.428401607335655
1.0004865932483131,0.99951364340952,0.09262820364849228,8.232384958642456
1.000496683681116,0.9995035628910948,0.0918545054978278,8.044569961170186
1.0005067743174552,0.9994934823726697,0.09114610175105738,7.864940044622455
1.0005168651573375,0.9994834018542444,0.09049515375973893,7.693438039879082
1.0005269562007686,0.9994733213358193,0.08989488148099803,7.5299715566608185
1.0005370474477548,0.9994632408173941,0.08933938727558184,7.374417974472396
1.0005471388983025,0.999453160298969,0.08882350395950568,7.226628940325277
1.0005572305524177,0.9994430797805438,0.08834266370498607,7.086434311446526
1.0005673224101064,0.9994329992621187,0.08789278473497204,6.953645514095656
1.000577414471375,0.9994229187436935,0.0874701731047029,6.828058312963899
1.0005875067362295,0.9994128382252684,0.0870714372092743,6.709455002444048
1.0005975992046763,0.9994027577068432,0.08669341297998102,6.597606042358026
1.000607691876721,0.9993926771884181,0.0863330980435012,6.4922711691893715
1.0006177847523705,0.9993825966699929,0.08598759340731287,6.393200019783779
1.0006278778316304,0.9993725161515677,0.08565405150831447,6.3001323098182755
1.0006379711145073,0.9993624356331425,0.085329629721615,6.212797614330649
1.0006480646010067,0.9993523551147174,0.08501144866934093,6.130914803158791
1.0006581582911354,0.9993422745962923,0.08469655491200641,6.054191191052052
1.0006682521848995,0.9993321940778671,0.08438188782628614,5.9823214699583716
1.0006783462823048,0.999322113559442,0.0840642506996478,5.914986500786122
1.0006884405833578,0.9993120330410168,0.08374028627885993,5.851852052468453
1.0006985350880644,0.9993019525225917,0.08340645720387244,5.792567587749226
1.0007086297964312,0.9992918720041665,0.08305903193772206,5.736765206791123
1.0007187247084637,0.9992817914857414,0.08269407694604329,5.684058870186282
1.0007288198241686,0.9992717109673162,0.08230745598013224,5.634044030843003
1.0007389151435517,0.999261630448891,0.08189483736926578,5.586297808133517
1.0007490106666197,0.9992515499304658,0.08145171019828,5.540379834973466
1.000759106393378,0.9992414694120407,0.08097341013727495,5.495833897793461
1.0007692023238337,0.9992313888936155,0.08045515547693878,5.452190468381006
1.000779298457992,0.9992213083751904,0.07989209361339661,5.408970194575966
1.0007893947958597,0.9992112278567652,0.0792793577981583,5.36568837240693
1.0007994913374427,0.9992011473383401,0.07861213346472426,5.321860367397499
1.0008095880827474,0.9991910668199149,0.07788573286211088,5.277007888629798
1.0008196850317796,0.9991809863014898,0.07709567612219177,5.230665950219617
1.0008297821845458,0.9991709057830647,0.07623777630928674,5.182390286324438
1.0008398795410522,0.9991608252646395,0.07530822550480609,5.1317649242567205
1.0008499771013046,0.9991507447462143,0.07430367863388435,5.078409573094341
1.0008600748653094,0.9991406642277891,0.07322133159714395,5.021986458941556
1.0008701728330727,0.999130583709364,0.07205899037168412,4.9622062384245345
1.0008802710046008,0.9991205031909388,0.07081512811235709,4.8988326522333665
1.0008903693798998,0.9991104226725137,0.0694889278988422,4.83168564026311
1.0009004679589757,0.9991003421540885,0.06808030960312525,4.7606427261252655
1.000910566741835,0.9990902616356634,0.0665899403163359,4.685638584066508
1.0009206657284837,0.9990801811172382,0.06501922878978476,4.606662816793213
1.0009307649189276,0.9990701005988131,0.06337030530818799,4.523756086902851
1.0009408643131736,0.9990600200803879,0.061645989234334404,4.437004847402613
1.0009509639112273,0.9990499395619628,0.05984974706037953,4.346534998262741
1.0009610637130952,0.9990398590435375,0.057985644130016605,4.252504850081748
1.0009711637187833,0.9990297785251124,0.05605829323337092,4.155097799101625
1.0009812639282976,0.9990196980066872,0.05407280304483214,4.054515110828154
1.0009913643416446,0.9990096174882621,0.05203472891224237,3.9509691756388006
1.0010014649588304,0.998999536969837,0.04995002787817098,3.8446775451363866
1.001011565779861,0.9989894564514118,0.04782501909509595,3.7358579900637565
1.0010216668047427,0.9989793759329867,0.04566635005856549,3.624724747045804
1.0010317680334817,0.9989692954145615,0.04348096838988792,3.5114860494408173
1.001041869466084,0.9989592148961364,0.04127609831208576,3.396342973812287
1.001051971102556,0.9989491343777112,0.039059220508959096,3.279489582419372
1.0010620729429038,0.998939053859286,0.036838053767057205,3.1611143077228196
1.0010721749871336,0.9989289733408608,0.034620536672564456,3.041402509453899
1.0010822772352514,0.9989188928224357,0.032414807671357675,2.920540140619509
1.0010923796872635,0.9989088123040105,0.0302291819746142,2.7987184873279896
1.001102482343176,0.9988987317855854,0.028072124093094553,2.6761400017387524
1.0011125852029954,0.9988886512671602,0.025952215169024396,2.55302533067899
1.0011226882667272,0.9988785707487351,0.02387811472496922,2.4296217607876343
1.0011327915343784,0.9988684902303099,0.02185851692316939,2.3062134617832974
1.0011428950059544,0.9988584097118848,0.019902101899879197,2.1831341229257317
1.0011529986814618,0.9988483291934596,0.018017483170655626,2.06078285397688
1.0011631025609067,0.9988382486750345,0.01621315247145491,1.9396445660846753
1.0011732066442953,0.9988281681566094,0.014497423675870187,1.8203164436768036
1.001183310931634,0.9988180876381841,0.012878377597733987,1.703542492686665
1.0011934154229283,0.998808007119759,0.0113638095333856,1.5902582925917788
1.001203520118185,0.9987979266013338,0.009961181315354926,1.4816474821511327
1.00121362501741,0.9987878460829087,0.008677579442050004,1.379209086972355
1.0012237301206097,0.9987777655644835,0.007519680521963646,1.2848285388390583
1.0012338354277899,0.9987676850460584,0.0064937248461850025,1.2008322163381198
1.0012439409389573,0.9987576045276332,0.00560549839723328,1.1299835924870498
1.0012540466541175,0.9987475240092081,0.0048603230432006555,1.0753542999115921
1.0012641525732773,0.9987374434907829,0.004263054078356121,1.0400009456716857
1.001274258696442,0.9987273629723578,0.003818083686353306,1.0264440861078037
1.0012843650236187,0.9987172824539325,0.0035293483425563967,1.0360951422142233
1.001294471554813,0.9987072019355074,0.0034003376662206804,1.068906656792164
1.0013045782900316,0.9986971214170822,0.0034341018056408233,1.1234526920780723
1.00131468522928,0.9986870408986571,0.003633254109174853,1.1973820008813703
1.001324792372565,0.9986769603802319,0.003999965630831559,1.2879820037110967
1.0013348997198923,0.9986668798618068,0.00453594796147868,1.3926186678867798
1.0013450072712682,0.9986567993433817,0.005242420997172653,1.5089725872190671
1.0013551150266993,0.9986467188249565,0.0061200625874413385,1.635108396332865
1.0013652229861911,0.9986366383065314,0.0071689375869176414,1.7694473689544947
1.0013753311497502,0.9986265577881062,0.00838840470653592,1.9106986051112922
1.0013854395173827,0.9986164772696811,0.00977700076484438,2.057780644838957
1.0013955480890948,0.9986063967512558,0.01133230351276376,2.209748069472408
1.0014056568648928,0.9985963162328307,0.013050776154316272,2.3657281739149076
1.0014157658447826,0.9985862357144055,0.014927598996642592,2.524868564779921
1.0014258750287706,0.9985761551959804,0.016956496257005356,2.686295101357867
1.0014359844168628,0.9985660746775552,0.019129568793891535,2.8490794189862085
1.0014460940090655,0.9985559941591301,0.02143714618153017,3.012215557224309
1.001456203805385,0.9985459136407049,0.023867673801392944,3.174605578256235
1.001466313805827,0.9985358331222798,0.026407652076198745,3.335054331625505
1.0014764240103984,0.9985257526038546,0.029041645191923975,3.4922736257834748
1.0014865344191048,0.9985156720854295,0.03175237520178927,3.6448959755585584
1.0014966450319527,0.9985055915670042,0.03452091396993952,3.79149780773337
1.001506755848948,0.9984955110485791,0.03732697985021236,3.930631546487235
1.0015168668700973,0.998485430530154,0.04014933848151868,4.0608654145993475
1.0015269780954064,0.9984753500117288,0.04296629813015846,4.180829145839569
1.0015370895248816,0.9984652694933037,0.045756280498297136,4.289263199028144
1.0015472011585294,0.9984551889748785,0.04849843900722712,4.3850685928995325
1.0015573129963553,0.9984451084564534,0.05117328951499085,4.467354232712308
1.0015674250383662,0.9984350279380282,0.053763314405518466,4.535478638131634
1.0015775372845677,0.9984249474196031,0.05625350079212085,4.589083329310939
1.0015876497349663,0.9984148669011779,0.05863177746559296,4.628115755040534
1.0015977623895682,0.9984047863827528,0.060889322821418256,4.652840476995359
1.0016078752483795,0.9983947058643275,0.06302072634197917,4.663838243518558
1.0016179883114065,0.9983846253459024,0.06502399792049743,4.661993467441603
1.0016281015786552,0.9983745448274772,0.06690043086455173,4.6484713464717125
1.0016382150501317,0.9983644643090521,0.06865433441641276,4.624686344458096
1.0016483287258426,0.9983543837906269,0.07029265905859436,4.592263947046147
1.001658442605794,0.9983443032722018,0.07182454220753703,4.552997527105978
1.0016685566899917,0.9983342227537766,0.07326080313774022,4.508801863895213
1.001678670978442,0.9983241422353515,0.07461341453727412,4.461664452558981
1.0016887854711514,0.9983140617169264,0.07589497469006015,4.413595337040227
1.0016989001681258,0.9983039811985012,0.07711819971326718,4.366575922026321
1.0017090150693715,0.9982939006800761,0.0782954503443738,4.322507172071183
1.001719130174895,0.9982838201616508,0.07943830310377344,4.28315784705304
1.0017292454847015,0.9982737396432257,0.08055717170605915,4.250113942209935
1.0017393609987983,0.9982636591248005,0.08166098159504595,4.224731198027068
1.001749476717191,0.9982535786063754,0.08275689849268066,4.208093233810632
1.0017595926398861,0.9982434980879502,0.08385011078938236,4.200978297390346
1.0017697087668895,0.9982334175695251,0.08494366528211067,4.203837586608186
1.0017798250982075,0.9982233370510999,0.08603835593889787,4.216787460809164
1.0017899416338465,0.9982132565326748,0.08713266577684073,4.239616667111151
1.0018000583738123,0.9982031760142496,0.08822276233574185,4.271808179488133
1.0018101753181112,0.9981930954958245,0.08930254739260678,4.31257372454722
1.0018202924667494,0.9981830149773994,0.0903637613342486,4.360897879937603
1.0018304098197335,0.9981729344589741,0.0913961418846686,4.415587998113533
1.0018405273770692,0.9981628539405489,0.09238763565368197,4.475326176192711
1.0018506451387628,0.9981527734221238,0.09332465928447889,4.538719951595169
1.0018607631048204,0.9981426929036987,0.09419240496715456,4.6043491546065605
1.0018708812752486,0.9981326123852735,0.0949751829393054,4.6708071858581155
1.001880999650053,0.9981225318668484,0.09565679155556336,4.7367357521478395
1.0018911182292405,0.9981124513484232,0.09622090381824898,4.800852702766908
1.0019012370128164,0.9981023708299981,0.09665145815376479,4.8619730408310105
1.001911356000788,0.9980922903115729,0.09693304087078002,4.919023462506777
1.0019214751931604,0.9980822097931478,0.09705124824896796,4.971050942697713
1.0019315945899405,0.9980721292747226,0.09699301758331268,5.017225980113202
1.0019417141911342,0.9980620487562974,0.09674691866731831,5.0568411699867175
1.001951833996748,0.9980519682378722,0.09630339994802058,5.089305808676916
1.0019619540067874,0.9980418877194471,0.09565498670686028,5.114137260455139
1.0019720742212594,0.9980318072010219,0.09479643182940561,5.1309498347586215
1.0019821946401697,0.9980217266825968,0.09372482276977918,5.139441930909833
1.0019923152635246,0.9980116461641717,0.09243965095977105,5.139382205187062
1.0020024360913307,0.9980015656457465,0.09094285197955261,5.130595502233678
1.0020125571235934,0.9979914851273214,0.08923882619979619,5.112949272308465
1.0020226783603197,0.9979814046088962,0.08733445027351194,5.086341173398357
1.002032799801515,0.9979713240904711,0.0852390898268493,5.050688541253954
1.0020429214471864,0.9979612435720459,0.0829646230304774,5.0059204115587015
1.0020530432973394,0.9979511630536207,0.08052548350475557,4.951972808553519
1.0020631653519805,0.9979410825351955,0.07793872932241146,4.888788087695894
1.0020732876111156,0.9979310020167704,0.07522414278774008,4.816319251470981
1.0020834100747513,0.9979209214983452,0.07240436325752232,4.734540365713549
1.0020935327428935,0.9979108409799201,0.0695050525461555,4.643464509524469
1.0021036556155487,0.9979007604614949,0.06655508944833623,4.543171120209877
1.0021137786927228,0.9978906799430698,0.06358678658238544,4.433845170787308
1.002123901974422,0.9978805994246446,0.060636119114551634,4.315831362243199
1.0021340254606526,0.9978705189062195,0.05774295095167375,4.189707418543307
1.002144149151421,0.9978604383877943,0.05495123972735911,4.056381556473546
1.002154273046733,0.9978503578693692,0.05230919745267408,3.917219994781017
1.002164397146595,0.997840277350944,0.049869379257033976,3.7742102853159722
1.0021745214510134,0.9978301968325188,0.04768866850732735,3.6301637745768964
1.002184645959994,0.9978201163140937,0.04582812324645575,3.488952624310759
1.0021947706735432,0.9978100357956685,0.04435264693889725,3.3557583672187627
1.0022048955916674,0.9977999552772434,0.043330446734354856,3.2372732330952303
1.0022150207143723,0.9977898747588182,0.04283224571745057,3.141739555853234
1.0022251460416647,0.9977797942403931,0.042930222806107636,3.0786529872495114
1.0022352715735503,0.9977697137219679,0.043696665829435634,3.0579513673010728
1.0022453973100356,0.9977596332035428,0.04520234031468906,3.088659794529949
1.0022555232511265,0.9977495526851176,0.047514598506750376,3.177293457910541
1.0022656493968296,0.9977394721666925,0.05069527925138522,3.3266307526471586
1.002275775747151,0.9977293916482672,0.05479847773833482,3.5354034892623805
1.0022859023020965,0.9977193111298421,0.059868291887398596,3.798952322389184
1.002296029061673,0.9977092306114169,0.06593667569857778,4.110399805298224
1.002306156025886,0.9976991500929918,0.07302154506974529,4.461803665207035
1.002316283194742,0.9976890695745666,0.08112528455387973,4.84499366457553
1.0023264105682472,0.9976789890561415,0.09023379140966577,5.252060310540568
1.002336538146408,0.9976689085377164,0.10031616510734036,5.675592710848502
1.0023466659292304,0.9976588280192912,0.11132510752832135,6.10877637329037
1.0023567939167206,0.9976487475008661,0.12319804541961095,6.545428677337867
1.002366922108885,0.9976386669824409,0.13585892830285995,6.980013640177462
1.0023770505057292,0.9976285864640158,0.14922059929778736,7.407652672171331
1.0023871791072603,0.9976185059455905,0.163187590453019,7.82413439005653
1.0023973079134838,0.9976084254271654,0.17765916395630213,8.22592066670025
1.0024074369244063,0.9975983449087402,0.1925324093605055,8.610144660603199
1.0024175661400336,0.9975882643903151,0.20770521501685793,8.974597365087826
1.0024276955603724,0.9975781838718899,0.22307895673331393,9.317700907307222
1.0024378251854285,0.9975681033534648,0.2385607835560709,9.638468644864552
1.0024479550152083,0.9975580228350396,0.25406542377129077,9.936453645112108
1.002458085049718,0.9975479423166145,0.26951647792940797,10.211688202335695
1.002468215288964,0.9975378617981893,0.2848472051040275,10.46461761072602
1.002478345732952,0.9975277812797642,0.3000008403551855,10.696031514907283
1.0024884763816888,0.9975177007613389,0.314930503799627,10.906995905199716
1.00249860723518,0.9975076202429138,0.32959877462559584,11.098788329886068
1.0025087382934321,0.9974975397244887,0.343977007843453,11.272838277210123
1.0025188695564518,0.9974874592060635,0.3580444691685422,11.430674031058599
1.0025290010242442,0.9974773786876384,0.3717873562347728,11.573876698293882
1.0025391326968167,0.9974672981692132,0.3851977641840769,11.704041585852456
1.0025492645741745,0.9974572176507881,0.3982726422702622,11.822746694118106
1.0025593966563247,0.9974471371323629,0.4110127767273278,11.931527792333707
1.0025695289432728,0.9974370566139378,0.42342182463796013,12.031859342910085
1.0025796614350253,0.9974269760955126,0.4355054144853959,12.125140428429871
1.0025897941315882,0.9974168955770875,0.44727032165669944,12.212684788907191
1.0025999270329682,0.9974068150586622,0.45872372148107987,12.295714078639294
1.002610060139171,0.9973967345402371,0.46987251829448556,12.375353485926615
1.0026201934502033,0.9973866540218119,0.48072274637010404,12.45262891120854
1.0026303269660708,0.9973765735033868,0.49127903712979787,12.528464961188613
1.00264046068678,0.9973664929849616,0.5015441466659828,12.603683082500753
1.002650594612337,0.9973564124665365,0.5115185380763917,12.678999227539556
1.002660728742748,0.9973463319481113,0.5212000143175246,12.755020519727191
1.0026708630780194,0.9973362514296862,0.5305833990953881,12.832240472807378
1.0026809976181572,0.9973261709112611,0.539660265652708,12.911032429116297
1.0026911323631678,0.9973160903928359,0.548418716103731,12.991641029881535
1.002701267313057,0.9973060098744108,0.5568432171261899,13.07417173328987
1.0027114024678319,0.9972959293559855,0.5649145012046909,13.158578671200914
1.0027215378274976,0.9972858488375604,0.5726095460221722,13.244651497496369
1.0027316733920613,0.9972757683191352,0.5799016477057982,13.332002336430097
1.0027418091615283,0.9972656878007101,0.5867606059335123,13.42005447573474
1.0027519451359057,0.9972556072822849,0.5931530397636724,13.50803502687637
1.002762081315199,0.9972455267638598,0.5990428516030888,13.594974313230473
1.0027722176994147,0.9972354462454346,0.6043918520378013,13.679715116844529
1.0027823542885592,0.9972253657270095,0.609160549423247,13.760934938393293
1.0027924910826385,0.9972152852085843,0.6133090946245816,13.837183895355418
1.0028026280816587,0.9972052046901592,0.6167983532436944,13.906939606456808
1.0028127652856262,0.997195124171734,0.6195910563887792,13.9686782802856
1.0028229026945472,0.9971850436533088,0.6216529592840602,14.020958319092868
1.002833040308428,0.9971749631348836,0.6229539190789323,14.062509415068604
1.0028431781272746,0.9971648826164585,0.6234687943529804,14.09231701534439
1.0028533161510933,0.9971548020980334,0.6231780741509346,14.109690066766651
1.0028634543798904,0.9971447215796082,0.6220681671434938,14.114300055064733
1.002873592813672,0.9971346410611831,0.6201313212446159,14.106182155774025
1.0028837314524446,0.9971245605427579,0.6173651955187522,14.085694787708345
1.002893870296214,0.9971144800243328,0.6137721598560393,14.053441107559939
1.0029040093449866,0.9971043995059076,0.6093584417831991,14.01016334194207
1.0029141485987687,0.9970943189874825,0.6041332631466644,13.956626346335893
1.0029242880575664,0.9970842384690572,0.5981081061664915,13.893508809426981
1.0029344277213859,0.9970741579506321,0.591296219175785,13.821318479987152
1.0029445675902335,0.9970640774322069,0.583712424446557,13.740342321092314
1.0029547076641154,0.9970539969137818,0.5753732352039956,13.650635226825628
1.002964847943038,0.9970439163953566,0.5662972381001182,13.552043863193735
1.0029749884270072,0.9970338358769315,0.5565056601926403,13.444256966463389
1.0029851291160294,0.9970237553585063,0.5460230203701982,13.326870882867516
1.0029952700101108,0.9970136748400812,0.5348777640636488,13.199459207334108
1.0030054111092577,0.997003594321656,0.5231027933013132,13.061637373556543
1.0030155524134758,0.9969935138032309,0.5107358264442073,12.913116008729357
1.003025693922772,0.9969834332848058,0.4978195478356463,12.753739925281176
1.0030358356371523,0.9969733527663805,0.4844015327691646,12.583512192125363
1.003045977556623,0.9969632722479554,0.4705339547296817,12.402604540891259
1.00305611968119,0.9969531917295302,0.4562730982698082,12.21135640140686
1.0030662620108597,0.9969431112111051,0.4416787118817512,12.010265260605964
1.0030764045456384,0.9969330306926799,0.42681324115214003,11.799970989647024
1.0030865472855324,0.9969229501742548,0.41174098422159877,11.58123647009561
1.0030966902305476,0.9969128696558296,0.3965272100314173,11.35492641626343
1.0031068333806905,0.9969027891374045,0.3812372760162342,11.121985836834888
1.0031169767359673,0.9968927086189793,0.3659357766124936,10.883419162212626
1.003127120296384,0.9968826281005542,0.3506857479433534,10.64027071230758
1.0031372640619471,0.996872547582129,0.3355479478302172,10.393606899624084
1.0031474080326626,0.9968624670637038,0.32058022433278516,10.144500351136497
1.003157552208537,0.9968523865452786,0.30583698059151726,9.894015980046959
1.0031676965895762,0.9968423060268535,0.29136873906132527,9.643198935036372
1.0031778411757866,0.9968322255084283,0.27722180432148175,9.393064289074605
1.0031879859671744,0.9968221449900032,0.26343802062649946,9.144588294760442
1.0031981309637457,0.9968120644715781,0.25005461808100765,8.898701019364617
1.003208276165507,0.9968019839531529,0.23710413982529382,8.656280176512977
1.0032184215724644,0.9967919034347278,0.2246144416928384,8.418145986007222
1.0032285671846242,0.9967818229163026,0.21260875541272345,8.185056916264447
1.0032387130019924,0.9967717423978775,0.20110580643297865,7.957706191623062
1.0032488590245754,0.9967616618794523,0.19011997771940414,7.736718976488363
1.003259005252379,0.9967515813610272,0.17966151137454056,7.52265017847022
1.0032691516854104,0.9967415008426019,0.16973674051507762,7.315982840710149
1.003279298323675,0.9967314203241768,0.16034834450025265,7.117127118373718
1.0032894451671792,0.9967213398057516,0.1514956212661679,6.92641985398912
1.0032995922159291,0.9967112592873265,0.14317477116571414,6.744124780020723
1.0033097394699315,0.9967011787689013,0.13537918732245596,6.5704333837037385
1.003319886929192,0.9966910982504762,0.12809974807228494,6.405466468193675
1.0033300345937173,0.996681017732051,0.12132510758990919,6.249276435520144
1.003340182463513,0.9966709372136259,0.11504198127961197,6.101850300986183
1.003350330538586,0.9966608566952007,0.10923542296163914,5.963113426813934
1.0033604788189423,0.9966507761767756,0.1038890913119806,5.832933936570323
1.003370627304588,0.9966406956583505,0.09898550341078206,5.711127743302669
1.0033807759955293,0.9966306151399252,0.09450627365020797,5.5974640964250915
1.0033909248917727,0.9966205346215001,0.09043233661425293,5.491671527081068
1.0034010739933243,0.9966104541030749,0.0867441529052453,5.393444052229354
1.0034112233001902,0.9966003735846498,0.0834218972297644,5.302447485380976
1.0034213728123769,0.9965902930662246,0.08044562837333766,5.218325698161403
1.0034315225298902,0.9965802125477995,0.07779544099552158,5.140706682127694
1.0034416724527369,0.9965701320293743,0.07545159944245611,5.069208273630163
1.0034518225809226,0.9965600515109492,0.07339465402092231,5.003443425056147
1.003461972914454,0.996549970992524,0.07160554038420507,4.9430249312287815
1.0034721234533373,0.9965398904740989,0.070065662860303,4.887569548267733
1.0034822741975784,0.9965298099556736,0.06875696269519274,4.836701471422195
1.0034924251471837,0.9965197294372485,0.06766197229504348,4.790055166451323
1.0035025763021599,0.9965096489188233,0.06676385662977945,4.747277574467428
1.0035127276625124,0.9964995684003982,0.06604644300900177,4.708029731700395
1.003522879228248,0.996489487881973,0.06549424046308931,4.671987862827526
1.0035330309993729,0.9964794073635479,0.06509244995995282,4.638844019161878
1.003543182975893,0.9964693268451228,0.06482696666161446,4.608306341153077
1.003553335157815,0.9964592463266976,0.0646843753859451,4.580099029037949
1.0035634875451447,0.9964491658082725,0.06465194037869779,4.55396210605038
1.0035736401378885,0.9964390852898473,0.06471759043173868,4.5296510562707875
1.0035837929360527,0.9964290047714222,0.06486990030235223,4.506936414057174
1.0035939459396435,0.9964189242529969,0.06509806930027139,4.485603374468616
1.0036040991486672,0.9964088437345718,0.0653918978111686,4.465451484171313
1.0036142525631297,0.9963987632161466,0.06574176242542325,4.4462944601581835
1.0036244061830377,0.9963886826977215,0.06613859023452298,4.427960169104735
1.0036345600083973,0.9963786021792963,0.06657383275049392,4.41029078345221
1.0036447140392146,0.9963685216608712,0.06703943979530698,4.393143111421796
1.0036548682754958,0.996358441142446,0.06752783360473015,4.376389077850183
1.0036650227172472,0.9963483606240209,0.06803188329175051,4.359916311479018
1.0036751773644752,0.9963382801055957,0.06854487972996878,4.343628773808616
1.003685332217186,0.9963281995871706,0.069060510847388,4.327447346307286
1.0036954872753856,0.9963181190687453,0.06957283727386268,4.311310278906415
1.0037056425390802,0.9963080385503202,0.07007626826234516,4.2951733953875735
1.0037157980082765,0.9962979580318951,0.07056553781276818,4.2790099526437135
1.0037259536829803,0.9962878775134699,0.07103568096307761,4.262810062249516
1.0037361095631983,0.9962777969950448,0.07148201027674052,4.2465796048344115
1.0037462656489362,0.9962677164766196,0.07190009264251782,4.230338599617811
1.0037564219402004,0.9962576359581945,0.07228572659823425,4.214119030774113
1.0037665784369973,0.9962475554397693,0.07263492049341805,4.197962175681986
1.003776735139333,0.9962374749213442,0.07294387189083387,4.181915522666389
1.003786892047214,0.996227394402919,0.07320894867667642,4.166029402997319
1.003797049160646,0.9962173138844939,0.0734266723791671,4.150353488849717
1.0038072064796357,0.9962072333660686,0.07359370419685424,4.134933322680646
1.0038173640041892,0.9961971528476435,0.0737068341940848,4.119807042161391
1.0038275217343129,0.9961870723292183,0.07376297404835043,4.105002449122351
1.0038376796700128,0.9961769918107932,0.07375915363423782,4.090534543187891
1.0038478378112952,0.996166911292368,0.07369252161024852,4.076403604509569
1.0038579961581664,0.9961568307739429,0.07356035005616075,4.062593870212713
1.0038681547106327,0.9961467502555177,0.0733600430905328,4.049072809869318
1.0038783134687002,0.9961366697370926,0.07308914929318601,4.035790970798746
1.003888472432375,0.9961265892186675,0.07274537767268002,4.022682336805555
1.0038986316016638,0.9961165087002423,0.07232661684893645,4.009665125620839
1.0039087909765725,0.9961064281818172,0.07183095707296511,3.996642940859915
1.0039189505571073,0.996096347663392,0.07125671466943995,3.983506193008492
1.0039291103432746,0.9960862671449668,0.07060245846635407,3.9701337090934343
1.003939270335081,0.9960761866265416,0.0698670377576752,3.9563944603933576
1.0039494305325318,0.9960661061081165,0.06904961133268042,3.942149349908072
1.003959590935634,0.9960560255896913,0.0681496770913405,3.9272530145447764
1.0039697515443937,0.9960459450712662,0.06716710174982161,3.911555609750076
1.0039799123588171,0.996035864552841,0.06610215012065351,3.8949045556395285
1.0039900733789104,0.9960257840344159,0.06495551343334381,3.8771462330410413
1.00400023460468,0.9960157035159907,0.06372833613777931,3.8581276248995975
1.0040103960361317,0.9960056229975656,0.06242224061359258,3.8376979033528777
1.0040205576732724,0.9959955424791403,0.06103934919183457,3.8157099655864464
1.0040307195161078,0.9959854619607152,0.05958230288871712,3.792021922721243
1.0040408815646444,0.99597538144229,0.05805427624938555,3.766498545674687
1.0040510438188885,0.9959653009238649,0.0564589877189233,3.7390126708385254
1.004061206278846,0.9959552204054398,0.05480070498638456,3.7094465666233702
1.0040713689445238,0.9959451398870146,0.053084244797611715,3.677693259925458
1.0040815318159275,0.9959350593685895,0.05131496680254985,3.643657819768891
1.0040916948930636,0.9959249788501643,0.04949876109082391,3.6072585938683117
1.0041018581759382,0.9959148983317392,0.0476420291774617,3.5684283929957514
1.004112021664558,0.995904817813314,0.045751658327195785,3.527115618108927
1.0041221853589286,0.9958947372948889,0.043834989247221845,3.4832853262337626
1.0041323492590568,0.9958846567764637,0.041899777330976884,3.436920233433617
1.0041425133649486,0.9958745762580385,0.03995414779390722,3.388021656773716
1.0041526776766103,0.9958644957396133,0.038006545206078206,3.336610402485232
1.004162842194048,0.9958544152211882,0.03606567808116638,3.2827276141898762
1.0041730069172683,0.995844334702763,0.034140459328158505,3.2264356035771478
1.0041831718462768,0.9958342541843379,0.0322399435035598,3.1678186961934656
1.0041933369810807,0.9958241736659127,0.030373261907883337,3.106984137048057
1.0042035023216853,0.9958140931474876,0.02854955665174517,3.0440631146317387
1.0042136678680975,0.9958040126290624,0.026777914866059602,2.9792119775380526
1.004223833620323,0.9957939321106373,0.02506730424656006,2.9126137348838523
1.0042339995783687,0.9957838515922122,0.02342651110120831,2.844479949555145
1.0042441657422405,0.995773771073787,0.02186408201491203,2.7750531510540837
1.0042543321119446,0.9957636905553618,0.020388270153614805,2.7046099103231365
1.0042644986874874,0.9957536100369366,0.01900698710620941,2.633464729311634
1.004274665468875,0.9957435295185115,0.017727761012556895,2.5619748984277333
1.0042848324561138,0.9957334490000863,0.016557701546525784,2.4905464568603537
1.0042949996492099,0.9957233684816612,0.015503472127203863,2.419641342591828
1.0043051670481697,0.995713287963236,0.014571269516866506,2.3497857228917014
1.0043153346529992,0.9957032074448109,0.01376681074313096,2.281579329168398
1.004325502463705,0.9956931269263857,0.013095327051177812,2.215705352639939
1.0043356704802933,0.9956830464079606,0.012561564363724858,2.1529400601748656
1.0043458387027702,0.9956729658895354,0.012169789497866233,2.094160742899202
1.0043560071311417,0.9956628853711103,0.01192380117045301,2.040349929491024
1.0043661757654148,0.995652804852685,0.011826944616247073,1.9925930681056183
1.0043763446055949,0.9956427243342599,0.01188212845539216,1.9520663130166367
1.004386513651689,0.9956326438158347,0.012091842282344058,1.920011002122537
1.0043966829037028,0.9956225632974096,0.012458173315713339,1.8976923513529578
1.0044068523616427,0.9956124827789845,0.012982820354031832,1.8863422284578582
1.004417022025515,0.9956024022605593,0.013667103240110313,1.8870896014164233
1.0044271918953263,0.9955923217421342,0.014511966050331351,1.9008866040802053
1.0044373619710825,0.995582241223709,0.015517972313148823,1.92844150150437
1.0044475322527895,0.9955721607052839,0.016685290729076235,1.970170306223917
1.0044577027404542,0.9955620801868587,0.01801367012448618,2.0261754475745266
1.0044678734340826,0.9955519996684336,0.019502402729148105,2.096253614116239
1.0044780443336812,0.9955419191500083,0.02115027532843037,2.1799281448225662
1.0044882154392556,0.9955318386315832,0.022955508398194012,2.2764967706915766
1.0044983867508126,0.995521758113158,0.024915683979611827,2.3850844025174256
1.0045085582683584,0.9955116775947329,0.027027663768925722,2.5046925515426963
1.0045187299918992,0.9955015970763077,0.02928749966362484,2.634240336788624
1.0045289019214412,0.9954915165578826,0.03169033977874853,2.7725953592189336
1.0045390740569908,0.9954814360394574,0.034230333690643766,2.9185951279379285
1.004549246398554,0.9954713555210323,0.036900541321080595,3.0710610083488814
1.0045594189461373,0.9954612750026071,0.03969285039883841,3.2288070432879916
1.0045695916997468,0.995451194484182,0.04259790776527157,3.390645818258775
1.004579764659389,0.9954411139657569,0.04560506988499095,3.5553931002354986
1.00458993782507,0.9954310334473316,0.048702377734375225,3.7218724732398525
1.004600111196796,0.9954209529289065,0.05187656074739619,3.8889207277725566
1.0046102847745733,0.9954108724104813,0.055113073692138394,4.0553943768607565
1.004620458558408,0.9954007918920562,0.0583961692414804,4.220177375275041
1.0046306325483068,0.995390711373631,0.06170900763548152,4.38218990243257
1.0046408067442756,0.9953806308552059,0.06503380326321129,4.540397919925152
1.004650981146321,0.9953705503367807,0.0683520063122387,4.6938231200040486
1.0046611557544485,0.9953604698183556,0.07164451593883138,4.841552831073689
1.0046713305686652,0.9953503892999304,0.07489191981851946,4.982749433251638
1.004681505588977,0.9953403087815053,0.0780747535523378,5.1166588550148315
1.0046916808153903,0.99533022826308,0.0811737723333302,5.242617765849359
1.004701856247911,0.9953201477446549,0.08417022659891288,5.36005914445406
1.0047120318865461,0.9953100672262297,0.08704613317051803,5.468515982920955
1.004722207731301,0.9952999867078046,0.08978453361587119,5.567622977782135
1.0047323837821824,0.9952899061893794,0.09236973226638125,5.657116154585841
1.0047425600391966,0.9952798256709543,0.09478750740746106,5.736830466618724
1.0047527365023499,0.9952697451525292,0.0970252905730486,5.806695496350958
1.0047629131716482,0.995259664634104,0.0990723104981105,5.866729464672305
1.0047730900470981,0.9952495841156789,0.10091970001037893,5.917031815007001
1.004783267128706,0.9952395035972537,0.10256056585664691,5.957774684406921
1.0047934444164777,0.9952294230788286,0.1039900230553612,5.9891936009647075
1.0048036219104197,0.9952193425604033,0.10520519675788673,6.011577756733431
1.0048137996105382,0.9952092620419782,0.10620519572501536,6.02526019961125
1.0048239775168397,0.995199181523553,0.10699106234334307,6.030608268778683
1.0048341556293303,0.9951891010051279,0.10756570459913148,6.028014569329225
1.0048443339480162,0.9951790204867027,0.1079338156196615,6.017888746545682
1.0048545124729038,0.9951689399682776,0.10810178629532186,6.000650281762224
1.0048646912039993,0.9951588594498524,0.10807761615995061,5.976722493298435
1.0048748701413088,0.9951487789314273,0.107870827175759,5.946527890013398
1.004885049284839,0.9951386984130021,0.10749238439458388,5.910484993677822
1.0048952286345956,0.995128617894577,0.10695462668765182,5.869006720466239
1.0049054081905853,0.9951185373761517,0.10627120990124933,5.822500392236224
1.0049155879528142,0.9951084568577266,0.10545706393280084,5.7713694342670765
1.0049257679212886,0.9950983763393015,0.10452836435390282,5.716016806484901
1.0049359480960147,0.9950882958208763,0.10350251835454853,5.656850208012152
1.004946128476999,0.9950782153024512,0.10239816395096436,5.594289086695542
1.0049563090642475,0.995068134784026,0.10123518059647044,5.528773471901209
1.0049664898577666,0.9950580542656009,0.10003470855270762,5.460774624177147
1.0049766708575627,0.9950479737471757,0.09881917362758663,5.3908074517933855
1.0049868520636416,0.9950378932287506,0.09761231316248953,5.319444571876714
1.00499703347601,0.9950278127103254,0.09643919845625434,5.247331780402754
1.005007215094674,0.9950177321919003,0.0953262481665301,5.175204527137611
1.0050173969196403,0.995007651673475,0.0943012266492929,5.103904753952928
1.0050275789509144,0.9949975711550499,0.09339322071016738,5.03439713563048
1.005037761188503,0.9949874906366247,0.09263258789371097,4.967783357445875
1.0050479436324125,0.9949774101181996,0.09205086928716809,4.905312587183787
1.0050581262826488,0.9949673295997744,0.09168065991297769,4.848385794523447
1.0050683091392185,0.9949572490813493,0.09155543021936938,4.798551128967084
1.0050784922021279,0.9949471685629241,0.09170929300634284,4.757487337108953
1.0050886754713828,0.994937088044499,0.09217671143134855,4.7269723872603855
1.0050988589469898,0.9949270075260739,0.09299214555915258,4.708835304012572
1.0051090426289553,0.9949169270076487,0.09418963730179201,4.704890875885425
1.0051192265172855,0.9949068464892236,0.09580233651089605,4.716859390699816
1.0051294106119866,0.9948967659707983,0.09786197437928043,4.746276582080865
1.0051395949130646,0.9948866854523732,0.10039829406024119,4.7944018901552585
1.0051497794205264,0.994876604933948,0.10343845232034092,4.862135062563517
1.0051599641343776,0.9948665244155229,0.10700640985478113,4.949951228015509
1.0051701490546252,0.9948564438970977,0.1111223312937889,5.0578625076797605
1.0051803341812748,0.9948463633786726,0.11580201856483201,5.185410362334386
1.005190519514333,0.9948362828602474,0.12105640280332666,5.3316882330538755
1.0052007050538059,0.9948262023418223,0.1268911201034263,5.495389886253236
1.0052108907997002,0.9948161218233971,0.1333061948572642,5.674876198616565
1.0052210767520215,0.994806041304972,0.14029585112958973,5.868252266561791
1.005231262910777,0.9947959607865468,0.14784846753639588,6.073447431054185
1.0052414492759718,0.9947858802681216,0.15594668465665742,6.288292447080115
1.0052516358476131,0.9947757997496964,0.16456766653680005,6.510589940200323
1.0052618226257068,0.9947657192312713,0.17368350987051717,6.7381760052612885
1.0052720096102594,0.9947556387128462,0.18326178659396197,6.968972087648872
1.0052821968012768,0.994745558194421,0.19326619856538033,7.201027118538666
1.0052923841987658,0.9947354776759959,0.20365731726857242,7.432550339019544
1.0053025718027322,0.9947253971575707,0.21439337755429294,7.66193546627708
1.0053127596131823,0.9947153166391456,0.22543109255863755,7.887776937170515
1.0053229476301229,0.9947052361207204,0.2367264571970841,8.108878988153752
1.0053331358535598,0.9946951556022953,0.2482355098532128,8.32425833800203
1.0053433242834993,0.99468507508387,0.25991502578600145,8.533141249498827
1.0053535129199478,0.994674994565445,0.2717231208922799,8.73495575827345
1.0053637017629116,0.9946649140470197,0.283619750324629,8.929319865799942
1.0053738908123968,0.9946548335285946,0.2955670925378379,9.116026490443632
1.00538408006841,0.9946447530101694,0.30752981521536654,9.295025949984037
1.005394269530957,0.9946346724917443,0.3194752248116859,9.466406708133324
1.0054044592000446,0.9946245919733191,0.33137330592219705,9.630375057475053
1.0054146490756788,0.994614511454894,0.34319666019894385,9.787234335411535
1.005424839157866,0.9946044309364688,0.35492035706085306,9.937364183867814
1.0054350294466123,0.9945943504180437,0.3665217100300442,10.081200273519565
1.0054452199419242,0.9945842698996186,0.37797999331138066,10.219214825604578
1.0054554106438078,0.9945741893811934,0.38927611334664397,10.351898183709014
1.0054656015522694,0.9945641088627682,0.40039224969715953,10.479741618387928
1.0054757926673155,0.994554028344343,0.41131147891117276,10.603221491628327
1.005485983988952,0.9945439478259179,0.4220173941290929,10.722784866713049
1.0054961755171856,0.9945338673074927,0.43249373222358395,10.838836622297523
1.0055063672520221,0.9945237867890676,0.44272401930980754,10.951728115704322
1.0055165591934683,0.9945137062706424,0.4526912445552965,11.061747437621559
1.0055267513415302,0.9945036257522173,0.4623775713843393,11.169111305657387
1.0055369436962143,0.9944935452337921,0.47176409438017,11.273958654360296
1.0055471362575263,0.994483464715367,0.4808306494076925,11.376345990597237
1.0055573290254731,0.9944733841969418,0.48955568365591284,11.476244592443729
1.0055675220000608,0.9944633036785167,0.4979161913355751,11.573539632881293
1.0055777151812957,0.9944532231600914,0.505887719642829,11.668031304441708
1.0055879085691841,0.9944431426416663,0.5134444481884728,11.759438003805917
1.0055981021637321,0.9944330621232411,0.5205593434030772,11.847401605698963
1.0056082959649462,0.994422981604816,0.5272043873922853,11.931494811382642
1.0056184899728324,0.9944129010863909,0.5333508783849741,12.01123049987349
1.0056286841873974,0.9944028205679657,0.5389697973036895,12.086072940922808
1.0056388786086472,0.9943927400495406,0.5440322322250457,12.155450651304676
1.0056490732365881,0.9943826595311154,0.5485098496998625,12.21877059441331
1.0056592680712266,0.9943725790126903,0.5523753992532507,12.275433343174877
1.0056694631125687,0.9943624984942651,0.5556032350969129,12.324848754510448
1.005679658360621,0.99435241797584,0.558169837343532,12.36645164648207
1.0056898538153893,0.9943423374574147,0.5600543140361888,12.399716933333435
1.0057000494768804,0.9943322569389896,0.5612388652381418,12.42417366426757
1.0057102453451003,0.9943221764205644,0.561709191366505,12.439417432313022
1.0057204414200553,0.9943120959021393,0.5614548299315302,12.445120671724343
1.005730637701752,0.9943020153837141,0.5604694077751643,12.441040444309662
1.0057408341901963,0.994291934865289,0.5587507996572265,12.427023423370274
1.0057510308853945,0.9942818543468638,0.5563011883511291,12.40300791151975
1.005761227787353,0.9942717738284387,0.5531270260258215,12.369022867868145
1.0057714248960785,0.9942616933100135,0.5492389012583833,12.32518406083473
1.0057816222115765,0.9942516127915884,0.5446513202407924,12.271687595843758
1.0057918197338538,0.9942415322731633,0.5393824143222946,12.208801183398911
1.0058020174629168,0.994231451754738,0.5334535887531734,12.136853605107046
1.0058122153987712,0.9942213712363129,0.5268891292102555,12.056222898005466
1.0058224135414238,0.9942112907178877,0.5197157833488507,11.967323808527524
1.0058326118908807,0.9942012101994626,0.5119623342735115,11.870595066591184
1.0058428104471484,0.9941911296810374,0.5036591815493043,11.766486999893743
1.005853009210233,0.9941810491626123,0.4948379433731332,11.655449953053546
1.0058632081801406,0.9941709686441871,0.4855310909825292,11.5379239011155
1.0058734073568778,0.994160888125762,0.4757716235247891,11.414329558774657
1.0058836067404509,0.9941508076073368,0.4655927886523661,11.28506119167922
1.005893806330866,0.9941407270889117,0.45502785124135836,11.150481240581337
1.0059040061281295,0.9941306465704864,0.4441099100111826,11.01091677822454
1.0059142061322477,0.9941205660520613,0.43287175957018853,10.866657736983308
1.0059244063432269,0.9941104855336361,0.4213457935967046,10.71795677554627
1.0059346067610733,0.994100405015211,0.40956394353591097,10.565030597544853
1.0059448073857933,0.9940903244967858,0.39755764634238916,10.408062494817141
1.0059550082173931,0.9940802439783607,0.38535783441585747,10.247205863248347
1.005965209255879,0.9940701634599356,0.3729949408949521,10.082588428732365
1.0059754105012575,0.9940600829415104,0.36049891386746735,9.914316924113269
1.0059856119535346,0.9940500024230853,0.34789923370478726,9.742481972295183
1.0059958136127167,0.9940399219046601,0.33522492860698583,9.567162954881649
1.0060060154788102,0.994029841386235,0.32250458445294206,9.388432676934746
1.0060162175518215,0.9940197608678097,0.3097663461053356,9.206361674467066
1.0060264198317563,0.9940096803493846,0.297037908399051,9.021022050285534
1.0060366223186217,0.9939995998309594,0.28434649602529666,8.832490763013757
1.0060468250124233,0.9939895193125343,0.27171883243439005,8.64085233248586
1.006057027913168,0.9939794387941091,0.259181098614119,8.446200959759583
1.0060672310208614,0.993969358275684,0.24675888319245318,8.248642091265674
1.0060774343355106,0.9939592777572588,0.23447712570549276,8.048293482462169
1.006087637857121,0.9939491972388337,0.22236005509431994,7.845285836739079
1.0060978415856998,0.9939391167204085,0.21043112554399077,7.639763109678395
1.0061080455212528,0.9939290362019834,0.19871295167380731,7.431882577292207
1.0061182496637864,0.9939189556835581,0.18722724486383654,7.22181477006588
1.0061284540133066,0.993908875165133,0.17599475218640664,7.009743373026007
1.0061386585698202,0.9938987946467079,0.16503519902828379,6.79586518652742
1.0061488633333333,0.9938887141282827,0.1543672360967187,6.5803902342121505
1.0061590683038522,0.9938786336098576,0.144008391100644,6.36354209439619
1.0061692734813832,0.9938685530914324,0.13397502504777767,6.145558520563211
1.0061794788659324,0.9938584725730073,0.12428229279791346,5.926692406487297
1.0061896844575065,0.9938483920545821,0.11494410729375941,5.707213143160565
1.0061998902561111,0.993838311536157,0.1059731067637036,5.487408409294642
1.0062100962617535,0.9938282310177318,0.09738062414645078,5.267586435425731
1.0062203024744392,0.9938181504993067,0.08917665805414265,5.0480787853565685
1.0062305088941748,0.9938080699808814,0.08136984471640271,4.829243707552915
1.0062407155209665,0.9937979894624563,0.073967430575504,4.611470125451884
1.0062509223548208,0.9937879089440311,0.06697524546142454,4.395182358281284
1.0062611293957437,0.993777828425606,0.060397676594255795,4.180845694101619
1.006271336643742,0.9937677479071808,0.054237643979969996,3.9689729715743427
1.0062815440988213,0.9937576673887557,0.048496578093362004,3.7601323631676773
1.0062917517609886,0.9937475868703305,0.043174401033311174,3.5549565804219614
1.0063019596302496,0.9937375063519054,0.03826951258828768,3.3541537244679898
1.006312167706611,0.9937274258334803,0.03377878283017846,3.1585199493230394
1.006322375990079,0.9937173453150551,0.02969755295885804,2.9689539351495258
1.0063325844806599,0.99370726479663,0.026019646129894273,2.7864727890917753
1.00634279317836,0.9936971842782047,0.022737389907997133,2.612228256814559
1.0063530020831855,0.9936871037597796,0.01984165180257698,2.447520837826046
1.0063632111951428,0.9936770232413544,0.01732188905367711,2.2938073318729404
1.0063734205142383,0.9936669427229293,0.015166213468877442,2.15269440158393
1.006383630040478,0.9936568622045041,0.013361471667851682,2.025907267265399
1.0063938397738685,0.993646781686079,0.011893340600224026,1.9152200348833814
1.0064040497144162,0.9936367011676538,0.010746437680860331,1.8223354067065618
1.006414259862127,0.9936266206492287,0.00990444436413224,1.7487109587801482
1.0064244702170075,0.9936165401308035,0.00935024147834953,1.6953495919668566
1.006434680779064,0.9936064596123784,0.009066054190877195,1.6625987434823946
1.0064448915483029,0.9935963790939532,0.00903360409297305,1.65002101354033
1.00645510252473,0.993586298575528,0.00923426560242232,1.656388894380265
1.0064653137083521,0.9935762180571028,0.009649223692986241,1.6798145904355473
1.0064755250991753,0.9935661375386777,0.010259629880963147,1.7179749979401755
1.0064857366972058,0.9935560570202526,0.01104675343413625,1.768363706074956
1.0064959485024503,0.9935459765018274,0.011992124909142384,1.8285090675353157
1.0065061605149148,0.9935358959834023,0.013077669366833385,1.8961264063639616
1.0065163727346058,0.9935258154649771,0.014285826941496686,1.969201542657715
1.0065265851615293,0.993515734946552,0.015599658837468187,2.0460197975014154
1.0065367977956918,0.9935056544281268,0.017002937276045255,2.1251592604107965
1.0065470106370997,0.9934955739097017,0.018480218393496305,2.205464532831738
1.0065572236857594,0.9934854933912765,0.020016897587032925,2.2860122786853347
1.0065674369416766,0.9934754128728513,0.021599247291164796,2.366075396778062
1.0065776504048585,0.9934653323544261,0.023214437637494888,2.4450893667338303
1.0065878640753105,0.993455251836001,0.02485054088170574,2.522622282143281
1.0065980779530397,0.9934451713175758,0.026496520871182695,2.598348950803646
1.0066082920380517,0.9934350907991507,0.02814220915769291,2.672028884195158
1.0066185063303534,0.9934250102807255,0.02977826963057866,2.7434877728784746
1.006628720829951,0.9934149297623004,0.03139615374708881,2.8126019934402393
1.0066389355368506,0.9934048492438752,0.032988048570333335,2.879285723144998
1.0066491504510584,0.9933947687254501,0.03454681987969386,2.943480298912522
1.006659365572581,0.993384688207025,0.036065952607314954,3.0051455219501313
1.0066695809014248,0.9933746076885998,0.03753949076303932,3.0642526654837114
1.0066797964375958,0.9933645271701746,0.03896197885672385,3.120778986585362
1.0066900121811004,0.9933544466517494,0.04032840660655819,3.1747035731496145
1.006700228131945,0.9933443661333243,0.041634158448545545,3.2260043752857994
1.006710444290136,0.9933342856148991,0.04287496904678722,3.2746562792162814
1.0067206606556796,0.993324205096474,0.04404688565504055,3.3206300837923504
1.006730877228582,0.9933141245780488,0.04514623782080481,3.3638922380816503
1.0067410940088495,0.9933040440596237,0.04616961456241912,3.404405195445139
1.0067513109964887,0.9932939635411985,0.047113848809953014,3.442128237542014
1.0067615281915057,0.9932838830227734,0.04797600859771995,3.477018622495734
1.0067717455939067,0.9932738025043482,0.04875339424066031,3.5090329160373805
1.0067819632036983,0.993263721985923,0.0494435405352722,3.538128373594182
1.0067921810208866,0.9932536414674978,0.05004422290158527,3.564264254797277
1.0068023990454782,0.9932435609490727,0.05055346632899405,3.587402969270092
1.006812617277479,0.9932334804306475,0.050969556005195586,3.607510972935202
1.0068228357168956,0.9932233999122224,0.051291048586661496,3.624559356196554
1.0068330543637343,0.9932133193937973,0.05151678319926016,3.6385240879376317
1.0068432732180013,0.9932032388753721,0.05164589142908919,3.6493859011145457
1.0068534922797028,0.993193158356947,0.05167780576200025,3.657129825785937
1.0068637115488455,0.9931830778385218,0.05161226613677122,3.66174439269313
1.0068739310254355,0.9931729973200967,0.05144932448540483,3.6632205447179507
1.006884150709479,0.9931629168016715,0.05118934732744338,3.661550304317806
1.0068943706009825,0.9931528362832464,0.05083301665472369,3.6567252524159324
1.0069045906999523,0.9931427557648211,0.050381329485894584,3.6487348787033205
1.0069148110063946,0.993132675246396,0.049835596577723296,3.6375648652310186
1.006925031520316,0.9931225947279708,0.049197440852482587,3.6231953651879536
1.0069352522417223,0.9931125142095457,0.048468796141115135,3.605599337701864
1.0069454731706204,0.9931024336911205,0.04765190684596308,3.5847409978644356
1.0069556943070161,0.9930923531726954,0.04674932910382449,3.560574439812775
1.0069659156509163,0.9930822726542702,0.0457639339776916,3.5330424901039232
1.0069761372023267,0.9930721921358451,0.04469891313090977,3.5020758494155646
1.006986358961254,0.9930621116174199,0.04355778733892781,3.4675925831759797
1.0069965809277044,0.9930520310989948,0.042344418077603446,3.429498026614588
1.0070068031016841,0.9930419505805697,0.04106302228956319,3.3876851771800855
1.0070170254831998,0.9930318700621444,0.039718190275631365,3.3420356578115964
1.0070272480722573,0.9930217895437193,0.03831490648432943,3.292421348565037
1.0070374708688634,0.9930117090252941,0.036858572778086476,3.2387068021588705
1.0070476938730242,0.993001628506869,0.03535503354354172,3.180752582137189
1.0070579170847462,0.9929915479884438,0.03381060177777231,3.118419691430445
1.0070681405040354,0.9929814674700187,0.032232085036433676,3.0515752965553475
1.0070783641308982,0.9929713869515935,0.030626809862822957,2.9801000006573517
1.0070885879653413,0.9929613064331684,0.029002643051625074,2.9038969819095306
1.0070988120073705,0.9929512259147432,0.027368007831425123,2.8229033977333793
1.0071090362569923,0.9929411453963181,0.025731892810574458,2.737104569380931
1.0071192607142132,0.9929310648778928,0.024103851319237552,2.646551616233493
1.0071294853790393,0.9929209843594677,0.02249398864449701,2.551383420799415
1.0071397102514772,0.9929109038410425,0.020912934603967592,2.4518540891454204
1.007149935331533,0.9929008233226174,0.01937179898374336,2.3483674397916867
1.007160160619213,0.9928907428041922,0.017882107602396533,2.2415204957821997
1.0071703861145236,0.9928806622857671,0.01645571718939831,2.132158394753067
1.007180611817471,0.992870581767342,0.015104707902760358,2.021443334703885
1.007190837728062,0.9928605012489168,0.013841253171445283,1.9109395467743509
1.0072010638463023,0.9928504207304917,0.012677467620918332,1.8027135208081204
1.0072112901721986,0.9928403402120665,0.011625235098314424,1.6994412648929793
1.007221516705757,0.9928302596936414,0.010696020195332908,1.6044982326363006
1.007231743446984,0.9928201791752161,0.009900668088984462,1.5219788748016674
1.007241970395886,0.992810098656791,0.009249198870376337,1.4565554323399068
1.0072521975524689,0.9928000181383658,0.00875060368000946,1.4130674913573495
1.0072624249167395,0.9927899376199407,0.008412650783479808,1.3957972530242788
1.007272652488704,0.9927798571015155,0.00824171007392681,1.4075782764765228
1.0072828802683684,0.9927697765830904,0.008242604286977921,1.4491109030468705
1.0072931082557397,0.9927596960646652,0.008418494405008949,1.5188563011200167
1.0073033364508235,0.9927496155462401,0.008770805320199287,1.6135496845014397
1.0073135648536267,0.9927395350278149,0.00929919589478122,1.72901180967954
1.0073237934641552,0.9927294545093898,0.010001575236502717,1.8608801813955205
1.0073340222824156,0.9927193739909645,0.010874164487813554,2.005075360667506
1.007344251308414,0.9927092934725394,0.011911600923022406,2.158012814804813
1.007354480542157,0.9926992129541143,0.01310707888089027,2.316649573086156
1.007364709983651,0.9926891324356891,0.01445252022554335,2.4784494227662943
1.0073749396329017,0.992679051917264,0.015938765773081197,2.6413193020343866
1.0073851694899163,0.9926689713988388,0.01755577852979652,2.8035429143066435
1.0073953995547003,0.9926588908804137,0.01929284966618038,2.9637216346610273
1.0074056298272607,0.9926488103619885,0.021138798848836248,3.1207249900281124
1.0074158603076033,0.9926387298435634,0.023082161749014667,3.2736498610268345
1.0074260909957349,0.9926286493251382,0.025111359102929297,3.4217866692353973
1.0074363218916613,0.9926185688067131,0.027214843441041015,3.5645908644107633
1.0074465529953895,0.9926084882882878,0.029381221381065876,3.701658382620819
1.0074567843069253,0.9925984077698627,0.03159935104423172,3.832704137668656
1.007467015826275,0.9925883272514375,0.03385841560493083,3.957542936348588
1.0074772475534455,0.9925782467330124,0.03614797514435387,4.076072449181709
1.0074874794884425,0.9925681662145872,0.03845799981338321,4.188258028690363
1.0074977116312727,0.9925580856961621,0.040778887813163495,4.294119262896114
1.0075079439819423,0.9925480051777369,0.04310147190050263,4.393718199929332
1.0075181765404577,0.9925379246593118,0.04541701804671039,4.48714919464625
1.007528409306825,0.9925278441408867,0.04771721959184081,4.57453032306869
1.007538642281051,0.9925177636224615,0.04999418977709273,4.65599629332124
1.0075488754631416,0.9925076831040364,0.052240454981002236,4.731692760109266
1.0075591088531035,0.9924976025856111,0.05444895037066881,4.80177192775139
1.0075693424509427,0.992487522067186,0.05661301905855865,4.866389307582547
1.0075795762566655,0.9924774415487608,0.05872641526862181,4.925701481140511
1.0075898102702785,0.9924673610303357,0.06078331149084017,4.979864711747963
1.007600044491788,0.9924572805119105,0.06277830916499418,5.029034244358653
1.0076102789212003,0.9924471999934854,0.06470645209622142,5.073364136621122
1.0076205135585217,0.9924371194750602,0.06656324157216303,5.11300747242961
1.0076307484037583,0.9924270389566351,0.06834465202775349,5.1481168222373395
1.0076409834569169,0.9924169584382099,0.0700471460736968,5.178844830651447
1.0076512187180036,0.9924068779197848,0.0716676877691022,5.205344830918494
1.0076614541870246,0.9923967974013596,0.07320375314875731,5.227771406025892
1.0076716898639864,0.9923867168829344,0.07465333720694808,5.246280836949744
1.0076819257488954,0.9923766363645092,0.07601495676128503,5.261031398489707
1.0076921618417578,0.9923665558460841,0.07728764886449889,5.272183481832653
1.00770239814258,0.992356475327659,0.07847096467458242,5.279899539514637
1.0077126346513683,0.9923463948092338,0.07956495892295856,5.284343862472715
1.0077228713681292,0.9923363142908087,0.08057017532559725,5.285682210213275
1.0077331082928689,0.9923262337723835,0.08148762845090828,5.284081323483044
1.0077433454255935,0.9923161532539584,0.08231878268984363,5.279708354581489
1.0077535827663098,0.9923060727355332,0.08306552906290883,5.272730253530588
1.0077638203150239,0.9922959922171081,0.08373016064589359,5.26331314926277
1.007774058071742,0.9922859116986829,0.08431534740872297,5.251621764055788
1.007784296036471,0.9922758311802578,0.08482411123429363,5.2378188969893955
1.0077945342092165,0.9922657506618325,0.08525980183502589,5.22206500876685
1.007804772589985,0.9922556701434074,0.08562607420793647,5.204517936050258
1.0078150111787834,0.9922455896249822,0.08592686817517543,5.185332758766783
1.0078252499756175,0.9922355091065571,0.0861663904571659,5.164661839219904
1.007835488980494,0.9922254285881319,0.08634909961332003,5.142655047000668
1.0078457281934186,0.9922153480697068,0.08647969406925488,5.119460179000976
1.0078559676143986,0.9922052675512816,0.0865631033448418,5.095223579558452
1.0078662072434394,0.9921951870328565,0.08660448248137703,5.070090961251858
1.007876447080548,0.9921851065144314,0.08660920956592263,5.044208422720398
1.0078866871257304,0.9921750259960062,0.08658288615249887,5.017723655601829
1.0078969273789928,0.992164945477581,0.08653134028435501,4.9907873280655375
1.0079071678403422,0.9921548649591558,0.08646063174029084,4.9635546276794775
1.0079174085097844,0.9921447844407307,0.08637705904427619,4.936186940757858
1.007927649387326,0.9921347039223055,0.08628716770629105,4.908853639168191
1.007937890472973,0.9921246234038804,0.08619775909605973,4.881733938481317
1.007948131766732,0.9921145428854552,0.0861158992879585,4.8550187830984335
1.0079583732686095,0.9921044623670301,0.08604892716914421,4.8289127050488325
1.0079686149786116,0.9920943818486049,0.08600446105142778,4.803635592844747
1.0079788568967445,0.9920843013301798,0.0859904030026975,4.779424296416672
1.007989099023015,0.9920742208117546,0.08601494008728423,4.756533983178561
1.0079993413574289,0.9920641402933295,0.08608654170472044,4.73523915038246
1.008009583899993,0.9920540597749042,0.08621395222770903,4.7158341904931
1.0080198266507134,0.9920439792564791,0.08640617817612917,4.698633401159592
1.0080300696095965,0.9920338987380539,0.08667246922494977,4.683970330957243
1.0080403127766489,0.9920238182196288,0.08702229242806465,4.672196358223881
1.0080505561518764,0.9920137377012037,0.08746529915857851,4.6636784150628925
1.0080607997352857,0.9920036571827785,0.08801128440701612,4.658795793217449
1.0080710435268834,0.9919935766643534,0.0886701382543659,4.6579360044489135
1.0080812875266754,0.9919834961459282,0.08945178953612405,4.6614897149457475
1.008091531734668,0.9919734156275031,0.0903661419284827,4.669844829749899
1.008101776150868,0.9919633351090779,0.0914230029279954,4.683379866518093
1.0081120207752812,0.9919532545906528,0.09263200642778703,4.702456822486038
1.0081222656079145,0.9919431740722275,0.09400252983125051,4.727413798551388
1.008132510648774,0.9919330935538024,0.09554360685130257,4.758557691793962
1.008142755897866,0.9919230130353772,0.09726383732886237,4.7961572957801435
1.0081530013551967,0.9919129325169521,0.09917129553451105,4.840437150071206
1.0081632470207729,0.9919028519985269,0.10127343849547374,4.891572453487915
1.0081734928946005,0.9918927714801018,0.1035770158975474,4.949685299778605
1.0081837389766861,0.9918826909616767,0.10608798304211549,5.01484241347187
1.008193985267036,0.9918726104432515,0.10881141819582095,5.087054465679258
1.0082042317656565,0.9918625299248263,0.1117514454469546,5.166276944218751
1.008214478472554,0.9918524494064012,0.11491116389764433,5.252412450837403
1.0082247253877348,0.9918423688879761,0.11829258367791436,5.345314210291687
1.0082349725112054,0.9918322883695508,0.12189656888971617,5.444790509351697
1.0082452198429719,0.9918222078511257,0.12572278719989613,5.550609742872259
1.0082554673830408,0.9918121273327005,0.1297696654188837,5.662505729728556
1.0082657151314185,0.9918020468142754,0.13403435005961142,5.780182971740795
1.0082759630881113,0.9917919662958502,0.1385126715901011,5.903321559318902
1.0082862112531255,0.9917818857774251,0.1431991108958832,6.031581473054754
1.0082964596264676,0.9917718052589999,0.14808676638317111,6.1646060853480815
1.0083067082081436,0.9917617247405748,0.15316732018133108,6.302024724952745
1.0083169569981603,0.9917516442221496,0.1584310020752112,6.443454226363601
1.0083272059965238,0.9917415637037245,0.16386655009701329,6.588499441761716
1.0083374552032405,0.9917314831852992,0.16946116715405707,6.736752744368915
1.0083477046183167,0.9917214026668741,0.17520047364532845,6.887792597444615
1.008357954241759,0.991711322148449,0.18106845671280372,7.041181302510912
1.0083682040735733,0.9917012416300238,0.18704741758162544,7.1964620744276555
1.0083784541137664,0.9916911611115987,0.19311791931848776,7.353155619602382
1.0083887043623445,0.9916810805931735,0.19925873827809618,7.510756418087071
1.008398954819314,0.9916710000747484,0.2054468234502066,7.6687289304011825
1.008409205484681,0.9916609195563232,0.21165726884341818,7.826503966286232
1.008419456358452,0.9916508390378981,0.2178633048704168,7.983475464456871
1.0084297074406336,0.9916407585194729,0.22403631539533536,8.1389979397782
1.0084399587312318,0.9916306780010478,0.23014588757268328,8.292384855429106
1.0084502102302533,0.9916205974826225,0.2361599017993167,8.442908171837905
1.008460461937704,0.9916105169641974,0.24204466890990495,8.58979930913506
1.0084707138535907,0.9916004364457722,0.24776512112733048,8.732251734475396
1.0084809659779195,0.9915903559273471,0.25328506214126006,8.869425347630168
1.0084912183106969,0.9915802754089219,0.25856748000815455,9.000452787007534
1.008501470851929,0.9915701948904968,0.2635749243135728,9.124447712715526
1.0085117236016226,0.9915601143720716,0.26826994625535006,9.240515044363285
1.0085219765597837,0.9915500338536465,0.27261559705985794,9.347763040380238
1.0085322297264188,0.9915399533352214,0.2765759765779184,9.445317006372115
1.0085424831015342,0.9915298728167962,0.2801168202144706,9.532334317082197
1.0085527366851363,0.9915197922983711,0.2832061087651413,9.60802033624322
1.0085629904772315,0.9915097117799458,0.28581468256786663,9.671644728741612
1.008573244477826,0.9914996312615207,0.28791683889532027,9.722557587471371
1.0085834986869262,0.9914895507430955,0.2894908900447633,9.760204751657385
1.0085937531045386,0.9914794702246704,0.29051965931383206,9.784141679902396
1.0086040077306695,0.9914693897062452,0.29099089318416027,9.794045265296358
1.0086142625653254,0.9914593091878201,0.2908975705831652,9.789723042475902
1.0086245176085122,0.9914492286693949,0.2902380939943206,9.77111933645345
1.0086347728602367,0.9914391481509698,0.2890163522124728,9.738318034695634
1.0086450283205053,0.9914290676325446,0.28724165037174,9.691541819072278
1.008655283989324,0.9914189871141195,0.284928509086742,9.63114786196039
1.0086655398666993,0.9914089065956943,0.28209634067716655,9.557620158486223
1.0086757959526376,0.9913988260772691,0.2787690160457996,9.471558822489067
1.0086860522471455,0.9913887455588439,0.2749743404355769,9.373666806084046
1.0086963087502288,0.9913786650404188,0.27074345970179503,9.26473460291372
1.0087065654618943,0.9913685845219937,0.2661102207224937,9.145623558197236
1.0087168223821483,0.9913585040035685,0.2611105100760657,9.017248432281939
1.0087270795109973,0.9913484234851434,0.2557815942331626,8.880559850546842
1.0087373368484474,0.9913383429667182,0.25016148242286296,8.73652722557786
1.0087475943945048,0.9913282624482931,0.2442883303172059,8.586122664593763
1.0087578521491765,0.9913181819298679,0.23819989903222363,8.43030628387665
1.0087681101124681,0.9913081014114428,0.2319330799980817,8.270013251073156
1.0087783682843865,0.9912980208930176,0.22552349228482446,8.106142773204816
1.008788626664938,0.9912879403745924,0.21900515523294178,7.939549149669132
1.0087988852541288,0.9912778598561672,0.21241023591920452,7.771034920489308
1.0088091440519653,0.9912677793377421,0.2057688682028696,7.60134606375475
1.0088194030584539,0.9912576988193169,0.1991090379047866,7.4311691341118875
1.008829662273601,0.9912476183008918,0.1924565270899733,7.261130186704899
1.0088399216974129,0.9912375377824666,0.1858349093992385,7.091795296639847
1.008850181329896,0.9912274572640415,0.17926558787404598,6.92367246177266
1.0088604411710567,0.9912173767456163,0.17276786662708882,6.757214663222888
1.0088707012209013,0.9912072962271912,0.16635904798631598,6.59282385224342
1.008880961479436,0.9911972157087661,0.16005454725624715,6.430855630565018
1.008891221946668,0.9911871351903409,0.15386801796549776,6.271624393391088
1.0089014826226024,0.9911770546719157,0.14781148130728547,6.115408707675486
1.0089117435072463,0.9911669741534905,0.1418954543981082,5.96245670307983
1.0089220046006062,0.9911568936350654,0.1361290729364952,5.812991258982367
1.0089322659026883,0.9911468131166402,0.130520204801859,5.667214778682878
1.0089425274134984,0.9911367325982151,0.12507555208122312,5.525313353073094
1.0089527891330439,0.9911266520797899,0.11980073992557004,5.387460132117516
1.0089630510613303,0.9911165715613648,0.11470039150722239,5.253817745672696
1.0089733131983647,0.9911064910429396,0.1097781891594063,5.124539647343292
1.0089835755441527,0.9910964105245145,0.10503692251309935,4.999770297840448
1.0089938380987011,0.9910863300060893,0.1004785250894145,4.879644158325408
1.0090041008620163,0.9910762494876642,0.09610410134105808,4.764283529037037
1.0090143638341047,0.9910661689692389,0.09191394653710194,4.653795341560752
1.0090246270149725,0.9910560884508138,0.08790756215074937,4.548267090626418
1.0090348904046262,0.9910460079323886,0.08408366950430861,4.447762166639208
1.0090451540030718,0.9910359274139635,0.08044022437318282,4.352314916219627
1.0090554178103162,0.9910258468955384,0.07697443502414772,4.26192580565045
1.0090656818263657,0.9910157663771132,0.07368278580232192,4.176557083777767
1.0090759460512262,0.9910056858586881,0.07056106789562945,4.09612932994181
1.0090862104849045,0.9909956053402629,0.06760441833078427,4.020519225942426
1.009096475127407,0.9909855248218378,0.06480736764398078,3.9495588106329564
1.00910673997874,0.9909754443034126,0.06216389604500974,3.88303636722335
1.0091170050389096,0.9909653637849875,0.05966749732384333,3.820698968192199
1.0091272703079224,0.9909552832665622,0.05731124925044525,3.7622565739998883
1.0091375357857848,0.9909452027481371,0.055087888838767286,3.7073874646002634
1.0091478014725033,0.9909351222297119,0.052989890592227896,3.655744689757505
1.0091580673680838,0.9909250417112868,0.05100954573543405,3.606963164759444
1.0091683334725332,0.9909149611928616,0.04913904045547925,3.5606670164512346
1.0091785997858576,0.9909048806744365,0.04737053131651409,3.5164767994002193
1.0091888663080633,0.9908948001560113,0.04569621624301257,3.4740162475704732
1.009199133039157,0.9908847196375862,0.04410839977531182,3.4329182945879224
1.0092093999791447,0.990874639119161,0.04259955163953748,3.3928301748443084
1.009219667128033,0.9908645586007359,0.04116235803609193,3.353417499312902
1.0092299344858282,0.9908544780823108,0.039789765389618786,3.314367275223894
1.0092402020525368,0.9908443975638855,0.03847501662068232,3.275389902857923
1.009250469828165,0.9908343170454604,0.037211680263772196,3.2362202318741273
1.0092607378127194,0.9908242365270352,0.03599367297122829,3.1966177935319773
1.0092710060062062,0.9908141560086101,0.03481527609837334,3.1563663444969388
1.0092812744086317,0.9908040754901849,0.03367114716513235,3.1152728648560615
1.0092915430200025,0.9907939949717598,0.032556327037786374,3.0731661501371224
1.0093018118403247,0.9907839144533346,0.03146624367679427,3.0298951272553425
1.009312080869605,0.9907738339349095,0.030396713261065748,2.985327009933125
1.0093223501078497,0.9907637534164843,0.029343939434288147,2.939345392485242
1.009332619555065,0.9907536728980592,0.028304511331190618,2.8918483634776875
1.0093428892112575,0.9907435923796339,0.027275400940228147,2.8427467040097483
1.009353159076433,0.9907335118612088,0.02625396024967835,2.791962219955439
1.0093634291505988,0.9907234313427836,0.02523791851067908,2.739426243842996
1.0093736994337608,0.9907133508243585,0.024225379840686116,2.685078330458706
1.0093839699259253,0.9907032703059333,0.023214821283903602,2.628865160569982
1.0093942406270986,0.9906931897875082,0.022205091348521652,2.5707396594601044
1.0094045115372874,0.9906831092690831,0.02119540895108739,2.510660330834043
1.009414782656498,0.9906730287506579,0.020185362620957433,2.448590802065537
1.0094250539847367,0.9906629482322328,0.019174909753195326,2.3844995735144123
1.0094353255220099,0.9906528677138076,0.01816437564363925,2.3183599624226177
1.009445597268324,0.9906427871953825,0.017154452001012396,2.2501502309179013
1.0094558692236852,0.9906327066769572,0.016146194603072817,2.1798538876567037
1.0094661413881003,0.9906226261585321,0.015141019748258442,2.1074601538071973
1.0094764137615753,0.9906125456401069,0.014140699154762173,2.032964586962543
1.0094866863441168,0.9906024651216818,0.013147352967696754,1.9563698612413363
1.009496959135731,0.9905923846032566,0.012163440560070302,1.8776867096851473
1.0095072321364242,0.9905823040848315,0.011191748848110097,1.7969350472164771
1.0095175053462033,0.9905722235664063,0.0102353778875236,1.7141453113110559
1.009527778765074,0.9905621430479812,0.009297723576046028,1.629360087337852
1.0095380523930433,0.990552062529556,0.008382457353674926,1.5426361324668971
1.0095483262301173,0.9905419820111309,0.007493502866576145,1.4540469877587034
1.0095586002763022,0.9905319014927056,0.006635009643647215,1.3636864929165706
1.0095688745316047,0.9905218209742805,0.0058113239183628035,1.271673728751325
1.0095791489960309,0.9905117404558554,0.005026956817396134,1.1781602792445103
1.0095894236695875,0.9905016599374302,0.004286550222330608,1.0833413644869738
1.0095996985522808,0.9904915794190051,0.003594840692645646,0.9874736257567538
1.009609973644117,0.9904814989005799,0.002956621911329425,0.8909047293748815
1.0096202489451025,0.9904714183821548,0.002376706176949788,0.7941247747092288
1.0096305244552441,0.9904613378637296,0.0018598855129052327,0.6978596144373884
1.0096408001745476,0.9904512573453045,0.0014108929954824493,0.6032480894385583
1.0096510761030197,0.9904411768268793,0.0010343649120470835,0.5121922907734658
1.0096613522406668,0.9904310963084542,0.0007348043500993029,0.4280593215537778
1.0096716285874954,0.990421015790029,0.0005165467850700268,0.3569794565158151
1.0096819051435115,0.9904109352716038,0.0003837281805247893,0.3093462542114103
1.009692181908722,0.9904008547531786,0.00034025603979801795,0.297792877883775
1.0097024588831325,0.9903907742347535,0.0003897837567054402,0.32704946795186646
1.0097127360667502,0.9903806937163283,0.0005356885064128775,0.3886078777987331
1.0097230134595812,0.9903706131979032,0.0007810528019011547,0.47035601585135867
1.0097332910616317,0.990360532679478,0.0011286497199595165,0.5638472618704656
1.0097435688729084,0.9903504521610529,0.0015809316789284287,0.6643133025188562
1.0097538468934173,0.9903403716426278,0.0021400225334001623,0.7691295513665426
1.0097641251231653,0.9903302911242026,0.002807712643203964,0.8767943317865415
1.0097744035621583,0.9903202106057775,0.0035854564797574663,0.9864006936237907
1.009784682210403,0.9903101300873522,0.004474372255477965,1.0973715040972758
1.0097949610679058,0.9903000495689271,0.005475243004741779,1.2093227217330353
1.009805240134673,0.9902899690505019,0.006588518508963085,1.3219895119823077
1.0098155194107108,0.9902798885320768,0.00781431744542189,1.4351842523187166
1.009825798896026,0.9902698080136516,0.009152429150393146,1.5487713832831822
1.0098360785906246,0.9902597274952265,0.01060231441904652,1.6626515054798812
1.0098463584945132,0.9902496469768013,0.012163104820654401,1.7767507254322599
1.0098566386076981,0.9902395664583762,0.013833600082212441,1.8910130681141417
1.0098669189301859,0.990229485939951,0.015612263188814802,2.0053947261151768
1.0098771994619824,0.9902194054215259,0.017497212958798823,2.119859434497913
1.0098874802030948,0.9902093249031007,0.019486213980440904,2.2343745543564797
1.0098977611535291,0.9901992443846755,0.021576663932560518,2.3489076200581445
1.0099080423132916,0.9901891638662503,0.023765578464368498,2.4634232098129147
1.0099183236823888,0.9901790833478252,0.026049573964106752,2.577880064557982
1.0099286052608272,0.9901690028294001,0.02842484870913948,2.6922284227464433
1.009938887048613,0.9901589223109749,0.0308871630527767,2.806407567108065
1.0099491690457525,0.9901488417925498,0.03343181946147621,2.920343599031673
1.0099594512522525,0.9901387612741246,0.03605364336959191,3.0339474701003204
1.0099697336681193,0.9901286807556995,0.038746965951960415,3.147113309728544
1.009980016293359,0.9901186002372743,0.0415056100330926,3.2597170943373905
1.009990299127978,0.9901085197188492,0.04432288043450257,3.371615706874538
1.010000582171983,0.990098439200424,0.04719156011148018,3.48264643637364
1.0100108654253803,0.9900883586819988,0.05010391342958126,3.5926269652408434
1.0100211488881763,0.9900782781635736,0.05305169787916985,3.7013558872151195
1.0100314325603772,0.9900681976451485,0.056026185405033034,3.8086137909629634
1.0100417164419897,0.9900581171267233,0.059018194346153095,3.9141649333952695
1.0100520005330198,0.9900480366082982,0.06201813272002206,4.017759512558469
1.0100622848334744,0.990037956089873,0.06501605325829564,4.119136532826205
1.0100725693433592,0.9900278755714479,0.06800172020677868,4.218027235358368
1.0100828540626814,0.9900177950530227,0.07096468745316037,4.314159044932994
1.010093138991447,0.9900077145345976,0.07389438705727451,4.407259961134081
1.0101034241296623,0.9899976340161725,0.07678022675602529,4.497063298694378
1.0101137094773338,0.9899875534977473,0.07961169451473286,4.583312659410081
1.010123995034468,0.9899774729793221,0.08237846774193922,4.665766998290505
1.0101342808010714,0.9899673924608969,0.0850705243933139,4.74420563048636
1.0101445667771498,0.9899573119424718,0.08767825290096411,4.81843301462065
1.0101548529627102,0.9899472314240466,0.09019255769942153,4.888283143511528
1.0101651393577589,0.9899371509056215,0.092604957100016,4.953623375749204
1.0101754259623024,0.9899270703871963,0.09490767040497486,5.014357551829032
1.0101857127763465,0.9899169898687712,0.0970936914485694,5.070428256332392
1.0101959997998982,0.989906909350346,0.09915684620312176,5.12181811289803
1.0102062870329638,0.9898968288319209,0.10109183266272967,5.168550030145866
1.0102165744755496,0.9898867483134957,0.10289424190044583,5.21068635343809
1.0102268621276618,0.9898766677950706,0.10456055993119201,5.248326917243874
1.0102371499893072,0.9898665872766453,0.10608815078394594,5.2816060346826585
1.010247438060492,0.9898565067582202,0.10747522192298975,5.3106885018943535
1.0102577263412227,0.989846426239795,0.1087207738455072,5.335764734028748
1.0102680148315053,0.9898363457213699,0.10982453626371912,5.357045184478675
1.0102783035313467,0.9898262652029448,0.11078689374004043,5.374754228329216
1.0102885924407532,0.9898161846845196,0.111608803958413,5.389123713395513
1.0102988815597311,0.9898061041660945,0.11229171197467198,5.400386396684942
1.010309170888287,0.9897960236476693,0.11283746379489976,5.408769490098052
1.010319460426427,0.9897859431292442,0.11324822249113883,5.414488536259869
1.0103297501741575,0.989775862610819,0.11352638979307685,5.417741823673654
1.0103400401314853,0.9897657820923939,0.11367453571256321,5.41870553022541
1.0103503302984163,0.9897557015739686,0.11369533829003675,5.417529756261125
1.0103606206749574,0.9897456210555435,0.11359153502289704,5.414335574069626
1.0103709112611146,0.9897355405371183,0.11336588696759045,5.4092131810227135
1.0103812020568943,0.9897254600186932,0.11302115593099386,5.402221200664295
1.0103914930623035,0.989715379500268,0.1125600945986905,5.393387131539325
1.0104017842773478,0.9897052989818429,0.11198544891153915,5.3827088995921235
1.010412075702034,0.9896952184634177,0.11129997151765603,5.3701574286353395
1.0104223673363686,0.9896851379449926,0.11050644470744847,5.355680106547994
1.010432659180358,0.9896750574265674,0.10960771089898999,5.3392049941997195
1.0104429512340083,0.9896649769081423,0.10860670849301864,5.320645600932175
1.0104532434973261,0.9896548963897172,0.10750651076238363,5.299906035519311
1.010463535970318,0.9896448158712919,0.10631036539281416,5.276886335424378
1.0104738286529902,0.9896347353528668,0.10502173233900489,5.2514877794728
1.010484121545349,0.9896246548344416,0.10364431781123927,5.223617999562448
1.010494414647401,0.9896145743160165,0.10218210244266987,5.1931957244250935
1.0105047079591525,0.9896044937975913,0.10063936200282438,5.160155011778562
1.01051500148061,0.9895944132791662,0.09902067939720136,5.1244488528040915
1.0105252952117798,0.989584332760741,0.09733094711152424,5.086052063356682
1.0105355891526684,0.9895742522423159,0.09557535969544079,5.044963407872669
1.0105458833032823,0.9895641717238907,0.09375939631923569,5.001206933304685
1.0105561776636276,0.9895540912054656,0.09188879385495874,4.954832520061665
1.010566472233711,0.9895440106870403,0.08996951130331886,4.9059156836095426
1.0105767670135388,0.9895339301686152,0.08800768671384264,4.854556683575527
1.0105870620031174,0.98952384965019,0.08600958798637193,4.800879015583652
1.0105973572024531,0.9895137691317649,0.08398155912236051,4.745027375042519
1.0106076526115526,0.9895036886133397,0.08192996358345424,4.687165190929066
1.010617948230422,0.9894936080949146,0.07986112643405312,4.627471831918988
1.010628244059068,0.9894835275764895,0.07778127689107134,4.566139587167208
1.0106385400974969,0.9894734470580643,0.07569649278593468,4.5033705201102805
1.010648836345715,0.9894633665396392,0.0736126482846431,4.439373286932162
1.0106591328037289,0.989453286021214,0.07153536600534592,4.374360001859004
1.0106694294715448,0.9894432055027889,0.0694699744514224,4.308543220637097
1.0106797263491691,0.9894331249843636,0.06742147144514002,4.24213310174078
1.0106900234366085,0.9894230444659385,0.06539449401186402,4.175334792670595
1.0107003207338694,0.9894129639475133,0.06339329494504056,4.108346076890616
1.0107106182409578,0.9894028834290882,0.06142172608079053,4.041355305827835
1.0107209159578805,0.989392802910663,0.05948322813096068,3.9745396301336045
1.0107312138846436,0.9893827223922379,0.05758082677716511,3.908063535614034
1.010741512021254,0.9893726418738127,0.05571713460416324,3.842077681522047
1.0107518103677176,0.9893625613553876,0.05389435836532245,3.7767180328985046
1.010762108924041,0.9893524808369624,0.05211431100409385,3.712105273566232
1.0107724076902307,0.9893424003185373,0.050378427824861446,3.6483444830146925
1.010782706666293,0.989332319800112,0.048687786184309516,3.5855250576332174
1.0107930058522345,0.9893222392816869,0.047043128085353415,3.5237208554894486
1.0108033052480614,0.9893121587632618,0.04544488506953166,3.462990542920758
1.0108136048537804,0.9893020782448366,0.04389320483840732,3.40337812129955
1.0108239046693974,0.9892919977264115,0.04238797907326765,3.34491361276948
1.0108342046949195,0.9892819172079863,0.040928871966426465,3.287613884574539
1.0108445049303525,0.9892718366895612,0.03951534902918604,3.2314835928837025
1.0108548053757032,0.989261756171136,0.0381467057866625,3.1765162281779764
1.0108651060309777,0.9892516756527109,0.03682209602213263,3.1226952458526003
1.010875406896183,0.9892415951342857,0.03554055927690026,3.0699952670110857
1.0108857079713247,0.9892315146158606,0.03430104735604889,3.01838333587541
1.0108960092564099,0.9892214340974353,0.033102449629083076,2.9678202215267144
1.0109063107514444,0.9892113535790102,0.03194361695017453,2.9182617528834998
1.0109166124564355,0.989201273060585,0.03082338405179823,2.869660176747754
1.0109269143713888,0.9891911925421599,0.029740590294239946,2.8219655296395048
1.010937216496311,0.9891811120237347,0.028694098675248064,2.775127014679356
1.0109475188312085,0.9891710315053096,0.027682813022329934,2.729094375054642
1.010957821376088,0.9891609509868844,0.02670569331094461,2.683819255914905
1.0109681241309554,0.9891508704684593,0.025761769062538385,2.6392565462251762
1.0109784270958175,0.9891407899500342,0.024850150792993075,2.5953656919200636
1.0109887302706808,0.989130709431609,0.023970039494375803,2.552111971133599
1.0109990336555512,0.9891206289131839,0.02312073414577079,2.5094677215540466
1.0110093372504358,0.9891105483947586,0.02230163726362399,2.467413509123829
1.0110196410553405,0.9891004678763335,0.02151225851609811,2.425939226255478
1.011029945070272,0.9890903873579083,0.02075221644315404,2.38504510666228
1.0110402492952364,0.9890803068394832,0.020021238340847475,2.344742642626569
1.0110505537302406,0.989070226321058,0.019319158387748656,2.30505538923321
1.0110608583752905,0.9890601458026329,0.018645914111346924,2.2660196386823106
1.011071163230393,0.9890500652842077,0.01800154131169526,2.2276849462343957
1.0110814682955542,0.9890399847657826,0.01738616758097096,2.1901144878475862
1.0110917735707807,0.9890299042473574,0.016800004574891347,2.1533852278314343
1.0111020790560787,0.9890198237289323,0.016243339210553046,2.117587873372677
1.0111123847514552,0.989009743210507,0.01571652397822193,2.082826591304201
1.0111226906569157,0.988999662692082,0.015219966566099197,2.0492184615881226
1.0111329967724674,0.9889895821736567,0.014754119002949092,2.0168926417678255
1.0111433030981165,0.9889795016552316,0.014319466525869504,1.9859892178042582
1.0111536096338691,0.9889694211368065,0.013916516377403482,1.9566577197389143
1.0111639163797321,0.9889593406183813,0.013545786728442097,1.9290552863057058
1.0111742233357117,0.9889492600999562,0.013207795911520376,1.9033444717011758
1.0111845305018146,0.988939179581531,0.012903052134863103,1.879690700939325
1.0111948378780466,0.9889290990631059,0.012632043827996261,1.8582593976358694
1.0112051454644146,0.9889190185446807,0.01239523075214624,1.8392128299631845
1.011215453260925,0.9889089380262556,0.01219303598810337,1.8227067455675101
1.0112257612675841,0.9888988575078304,0.012025838896419807,1.8088868929609452
1.0112360694843985,0.9888887769894052,0.011893969127919513,1.7978855523985358
1.0112463779113745,0.98887869647098,0.011797701749523083,1.789818220250681
1.0112566865485184,0.9888686159525549,0.011737253539924894,1.7847806035175011
1.0112669953958369,0.9888585354341297,0.011712780504362032,1.782846082289807
1.011277304453336,0.9888484549157046,0.011724376654525838,1.784063785199941
1.0112876137210227,0.9888383743972794,0.011772074100928622,1.788457396104975
1.0112979231989032,0.9888282938788543,0.011855844507794608,1.7960247710477408
1.0113082328869838,0.9888182133604291,0.011975601964131078,1.8067383969206254
1.011318542785271,0.988808132842004,0.012131207328310287,1.8205466726427706
1.011328852893771,0.9887980523235789,0.012322474103749117,1.8373759458289682
1.0113391632124908,0.9887879718051537,0.012549175900885728,1.8571331983103414
1.0113494737414364,0.9887778912867285,0.012811055530849776,1.8797092459474163
1.0113597844806141,0.9887678107683033,0.013107835761231463,1.9049823037983533
1.0113700954300309,0.9887577302498782,0.013439231740050503,1.9328217661277876
1.0113804065896927,0.988747649731453,0.01380496506136786,1.9630920598111283
1.011390717959606,0.9887375692130279,0.014204779405219995,1.9956564461921353
1.0114010295397775,0.9887274886946027,0.014638457636166256,2.030380666842239
1.0114113413302135,0.9887174081761776,0.015105840189098692,2.067136349762542
1.0114216533309204,0.9887073276577524,0.015606844512628764,2.1058041121836397
1.0114319655419046,0.9886972471393273,0.016141485277596457,2.1462763125093627
1.0114422779631727,0.9886871666209021,0.016709894999567827,2.1884594169993714
1.0114525905947307,0.988677086102477,0.017312344665936875,2.232275956145549
1.0114629034365856,0.9886670055840517,0.017949263908812678,2.277666052383654
1.0114732164887434,0.9886569250656266,0.018621260222982276,2.324588505365575
1.0114835297512108,0.9886468445472014,0.019329136698455707,2.373021424567613
1.0114938432239942,0.9886367640287763,0.02007390771702604,2.422962402065968
1.0115041569070997,0.9886266835103512,0.02085681205797992,2.474428221854844
1.0115144708005344,0.988616602991926,0.02167932286354042,2.527454106164404
1.011524784904304,0.9886065224735009,0.022543153932094502,2.5820925042492227
1.0115350992184156,0.9885964419550757,0.02345026183682207,2.638411435209761
1.011545413742875,0.9885863614366506,0.024402843402448686,2.6964924031305806
1.011555728477689,0.9885762809182254,0.025403328117876822,2.7564279103488913
1.011566043422864,0.9885662003998003,0.026454365112504423,2.8183186024912206
1.0115763585784066,0.988556119881375,0.0275588043790225,2.8822700867388455
1.0115866739443227,0.9885460393629499,0.028719671986872482,2.9483894724373787
1.0115969895206194,0.9885359588445247,0.02994013909785553,3.0167816902264457
1.0116073053073025,0.9885258783260996,0.031223484670485663,3.087545652143455
1.011617621304379,0.9885157978076744,0.032573051827619784,3.160770320608905
1.0116279375118549,0.9885057172892493,0.033992197959272864,3.2365307583520546
1.011638253929737,0.9884956367708241,0.03548423875207485,3.314884234674428
1.0116485705580314,0.988485556252399,0.037052386470620084,3.3958664653743864
1.011658887396745,0.9884754757339738,0.03869968297632919,3.4794880647714117
1.0116692044458835,0.9884653952155487,0.04042892814785293,3.565731288100937
1.011679521705454,0.9884553146971236,0.04224260457097874,3.654547141559336
1.0116898391754627,0.9884452341786983,0.044142799584289016,3.745852935059869
1.011700156855916,0.9884351536602732,0.04613112599829656,3.839530349426486
1.0117104747468206,0.988425073141848,0.048208643041596715,3.9354240851208804
1.0117207928481826,0.9884149926234229,0.05037577930838284,4.03334115307779
1.0117311111600087,0.9884049121049977,0.05263225968369539,4.133050859958647
1.011741429682305,0.9883948315865726,0.05497703837823791,4.234285529334033
1.0117517484150782,0.9883847510681474,0.05740824030167364,4.336741986912552
1.0117620673583347,0.9883746705497223,0.059923113024967785,4.440083821875595
1.0117723865120811,0.9883645900312971,0.06251799150434298,4.543944417260249
1.0117827058763234,0.988354509512872,0.06518827756174751,4.6479307210152525
1.0117930254510685,0.9883444289944467,0.06792843582424596,4.751627706055551
1.0118033452363224,0.9883343484760216,0.0707320074172273,4.854603443226744
1.0118136652320922,0.9883242679575964,0.07359164220345463,4.956414687172144
1.0118239854383837,0.9883141874391713,0.07649914976551002,5.056612852540737
1.0118343058552035,0.9883041069207461,0.07944556867937679,5.154750238667549
1.0118446264825582,0.988294026402321,0.08242125295316172,5.250386346212808
1.0118549473204541,0.9882839458838959,0.08541597384298583,5.3430941204656035
1.0118652683688978,0.9882738653654707,0.08841903465187519,5.432465954274914
1.0118755896278957,0.9882637848470456,0.09141939560352443,5.518119289261386
1.011885911097454,0.9882537043286204,0.09440580549736838,5.599701667323096
1.0118962327775793,0.9882436238101953,0.09736693661701751,5.676895104731549
1.0119065546682784,0.98823354329177,0.10029151929970205,5.749419687481925
1.0119168767695572,0.9882234627733449,0.10316847267780527,5.817036317363383
1.0119271990814225,0.9882133822549197,0.10598702837032427,5.879548571727585
1.0119375216038804,0.9882033017364946,0.10873684430609014,5.93680367409994
1.0119478443369379,0.9881932212180694,0.11140810637490467,5.988692605677989
1.0119581672806006,0.9881831406996443,0.11399161619057191,6.03514941759483
1.0119684904348758,0.9881730601812191,0.11647886386959992,6.076149829053323
1.0119788137997694,0.988162979662794,0.11886208534311306,6.11170921596441
1.0119891373752883,0.9881528991443688,0.12113430429613008,6.14188010804992
1.0119994611614385,0.9881428186259437,0.12328935933001382,6.166749319029263
1.0120097851582266,0.9881327381075184,0.12532191735942982,6.186434835024571
1.0120201093656591,0.9881226575890933,0.12722747456176378,6.201082580987006
1.0120304337837425,0.9881125770706682,0.12900234639663197,6.210863174739825
1.012040758412483,0.988102496552243,0.13064364830690975,6.215968764046051
1.0120510832518874,0.9880924160338179,0.1321492687049018,6.216610024923924
1.012061408301962,0.9880823355153927,0.13351783575855744,6.213013380291704
1.012071733562713,0.9880722549969676,0.13474867933692108,6.205418477979497
1.0120820590341473,0.9880621744785424,0.1358417892659818,6.194075946731748
1.0120923847162708,0.9880520939601173,0.13679777081366915,6.179245429183416
1.0121027106090905,0.9880420134416921,0.13761779807568977,6.161193872149128
1.0121130367126125,0.988031932923267,0.13830356569500274,6.140194037777151
1.0121233630268434,0.9880218524048417,0.13885723913135273,6.1165231844277
1.0121336895517896,0.9880117718864166,0.13928140351199644,6.090461854112622
1.0121440162874575,0.9880016913679914,0.13957901096126324,6.06229269442844
1.0121543432338538,0.9879916108495663,0.13975332621666323,6.032299237395106
1.0121646703909846,0.9879815303311411,0.1398078703166968,6.000764556235628
1.0121749977588566,0.987971449812716,0.13974636217604572,5.967969724013627
1.012185325337476,0.9879613692942908,0.13957265795469093,5.934192005720779
1.0121956531268494,0.9879512887758657,0.13929068827505403,5.899702728177789
1.0122059811269832,0.9879412082574406,0.13890439353413392,5.864764789860814
1.0122163093378842,0.9879311277390154,0.138417657788595,5.829629795380632
1.0122266377595583,0.9879210472205903,0.137834241948113,5.7945348261629315
1.0122369663920125,0.987910966702165,0.13715771727649273,5.759698888715302
1.0122472952352528,0.98790088618374,0.13639140046057466,5.725319113327687
1.0122576242892858,0.9878908056653147,0.13553829174063675,5.691566806922922
1.012267953554118,0.9878807251468896,0.13460101778838449,5.6585834917428794
1.0122782830297559,0.9878706446284644,0.133581781153203,5.626477084065296
1.0122886127162056,0.9878605641100393,0.13248231815863534,5.595318381591444
1.012298942613474,0.9878504835916141,0.13130386711095973,5.565138032571066
1.0123092727215675,0.987840403073189,0.13004714857417532,5.53592415259653
1.0123196030404924,0.9878303225547638,0.128712359266795,5.507620735915474
1.0123299335702551,0.9878202420363387,0.1272991808583437,5.480126977903944
1.012340264310862,0.9878101615179135,0.12580680458751697,5.453297585743879
1.01235059526232,0.9878000809994884,0.12423397221416346,5.42694410851231
1.0123609264246354,0.9877900004810631,0.12257903336750094,5.400837269424892
1.0123712577978141,0.987779919962638,0.12084001888555573,5.374710235943613
1.012381589381863,0.9877698394442129,0.11901472927904533,5.34826272179686
1.012391921176789,0.9877597589257877,0.11710083701888871,5.321165781949153
1.0124022531825976,0.9877496784073626,0.11509600095894292,5.293067139619252
1.0124125853992958,0.9877395978889374,0.11299799087863344,5.263596874710316
1.0124229178268902,0.9877295173705123,0.11080481988042955,5.232373305697976
1.012433250465387,0.9877194368520871,0.10851488220382398,5.199008910973774
1.0124435833147925,0.987709356333662,0.10612709392766992,5.1631161592125565
1.0124539163751136,0.9876992758152368,0.10364103401591489,5.124313149137934
1.0124642496463565,0.9876891952968117,0.10105708321759459,5.082228994794615
1.0124745831285276,0.9876791147783864,0.09837655843623484,5.036508930604136
1.0124849168216334,0.9876690342599613,0.09560184033527573,4.986819149339766
1.0124952507256806,0.9876589537415361,0.09273649211530799,4.932851423944872
1.0125055848406752,0.987648873223111,0.08978536758297138,4.87432760023306
1.0125159191666242,0.9876387927046858,0.08675470680129878,4.8110040812317125
1.0125262537035336,0.9876287121862607,0.08365221776785581,4.74267645568608
1.0125365884514101,0.9876186316678355,0.08048714268579028,4.6691844533395015
1.0125469234102602,0.9876085511494104,0.07727030748127997,4.590417439092707
1.01255725858009,0.9875984706309853,0.07401415326096501,4.506320687752464
1.0125675939609065,0.98758839011256,0.07073274841005704,4.416902711923405
1.0125779295527157,0.987578309594135,0.06744177999962628,4.322243947849909
1.0125882653555243,0.9875682290757097,0.06415852311891823,4.222507137206821
1.0125986013693387,0.9875581485572846,0.060901786685190494,4.117949774071415
1.0126089375941654,0.9875480680388594,0.057691834227958594,4.008939009121333
1.0126192740300108,0.9875379875204343,0.05455027812691623,3.8959694043682274
1.0126296106768813,0.9875279070020091,0.051499945814263585,3.7796838866104063
1.0126399475347836,0.987517826483584,0.048564716577456,3.660898113779639
1.012650284603724,0.9875077459651588,0.04576932783287007,3.5406281739889938
1.0126606218837089,0.9874976654467337,0.04313915011799884,3.420120971139744
1.012670959374745,0.9874875849283085,0.04069993059400306,3.300885653115714
1.0126812970768384,0.9874775044098834,0.03847750557503251,3.1847228061425
1.012691634989996,0.9874674238914581,0.036497483519620975,3.073745680587565
1.0127019731142237,0.987457343373033,0.03478490102526033,2.9703843989530947
1.0127123114495284,0.9874472628546078,0.03336385564209066,2.877360366323879
1.0127226499959165,0.9874371823361827,0.032257120726523446,2.797615335079565
1.0127329887533945,0.9874271018177576,0.03148574903539175,2.7341804756489405
1.0127433277219688,0.9874170212993324,0.03106867323664545,2.689979031883674
1.0127536669016457,0.9874069407809073,0.031022312888343163,2.6675741629637515
1.012764006292432,0.9873968602624821,0.03136019860747114,2.668898683550565
1.012774345894334,0.987386779744057,0.03209262499367739,2.695024778143274
1.012784685707358,0.9873766992256318,0.03322634428241167,2.746034063209231
1.0127950257315106,0.9873666187072067,0.034764312571094545,2.8210235374357757
1.0128053659667984,0.9873565381887814,0.03670549972451731,2.918240496433556
1.0128157064132277,0.9873464576703563,0.03904477267458873,3.035302005538492
1.012826047070805,0.9873363771519311,0.04177285980504376,3.169440230470263
1.012836387939537,0.987326296633506,0.04487640150463264,3.3177249875087136
1.0128467290194298,0.9873162161150808,0.04833808890755174,3.4772370601231284
1.01285707031049,0.9873061355966557,0.05213688946851119,3.645186738468804
1.012867411812724,0.9872960550782305,0.056248354553595455,3.8189849563460623
1.0128777535261384,0.9872859745598054,0.06064500087204833,3.996279234508589
1.0128880954507398,0.9872758940413802,0.06529675456349732,4.174966293126916
1.0128984375865344,0.9872658135229551,0.07017144427360592,4.353190621674374
1.0129087799335288,0.98725573300453,0.07523532777428102,4.529335370717399
1.0129191224917293,0.9872456524861047,0.0804536357072157,4.702009502168717
1.0129294652611427,0.9872355719676796,0.08579111589971007,4.870033412294662
1.012939808241775,0.9872254914492544,0.09121256239199,5.032424146047647
1.0129501514336332,0.9872154109308293,0.09668331474848463,5.188380688753602
1.0129604948367235,0.9872053304124041,0.10216971525451223,5.3372694948965
1.0129708384510523,0.987195249893979,0.10763951407340447,5.4786102737149545
1.0129811822766261,0.9871851693755538,0.11306221515743882,5.6120620141620945
1.0129915263134517,0.9871750888571287,0.1184093584963703,5.737409244766201
1.0130018705615351,0.9871650083387035,0.12365473697893119,5.854548555182624
1.013012215020883,0.9871549278202784,0.12877454859201135,5.963475438015679
1.013022559691502,0.9871448473018531,0.13374748679626977,6.0642715334226365
1.0130329045733981,0.987134766783428,0.13855477361867166,6.157092371619104
1.0130432496665782,0.9871246862650028,0.1431801412710709,6.242155709894633
1.0130535949710486,0.9871146057465777,0.1476097689365577,6.319730552598774
1.0130639404868163,0.9871045252281525,0.15183218180351965,6.390126927439534
1.0130742862138868,0.9870944447097274,0.15583811950393583,6.453686471556086
1.013084632152267,0.9870843641913023,0.15962038090943814,6.510773858986314
1.0130949783019638,0.9870742836728771,0.16317365180076893,6.561769078932899
1.0131053246629833,0.987064203154452,0.1664943213403876,6.6070605536345735
1.013115671235332,0.9870541226360268,0.16958029258937946,6.647039066536209
1.0131260180190163,0.9870440421176017,0.17243079158086203,6.682092456687389
1.0131363650140428,0.9870339615991764,0.17504617873742123,6.712601024391414
1.0131467122204179,0.9870238810807513,0.17742776572351424,6.738933585909631
1.0131570596381483,0.9870138005623261,0.17957764019923042,6.761444111792364
1.01316740726724,0.987003720043901,0.18149850037873602,6.780468883421189
1.0131777551077,0.9869936395254758,0.18319350082512798,6.796324105479789
1.0131881031595342,0.9869835590070507,0.1846661105199775,6.8093039175638435
1.01319845142275,0.9869734784886255,0.18591998392090053,6.81967875519038
1.0132087998973527,0.9869633979702004,0.1869588454729812,6.827694018619365
1.0132191485833497,0.9869533174517752,0.18778638783187634,6.833569015885397
1.013229497480747,0.9869432369333501,0.18840618389860192,6.837496153909025
1.0132398465895511,0.9869331564149249,0.18882161262668323,6.839640357429664
1.0132501959097688,0.9869230758964997,0.18903579844905619,6.8401386996592635
1.0132605454414063,0.9869129953780746,0.18905156405799603,6.839100230273183
1.0132708951844702,0.9869029148596494,0.18887139617158447,6.836605986128272
1.013281245138967,0.9868928343412243,0.1884974238209952,6.832709167931582
1.013291595304903,0.9868827538227991,0.1879314086038537,6.827435462799641
1.0133019456822847,0.986872673304374,0.1871747462748244,6.820783489024805
1.013312296271119,0.9868625927859488,0.18622847898996225,6.812725336403874
1.0133226470714118,0.9868525122675237,0.18509331749761426,6.803207174028917
1.01333299808317,0.9868424317490985,0.1837696725728737,6.792149898275479
1.0133433493063997,0.9868323512306734,0.18225769503336478,6.779449797242083
1.0133537007411078,0.9868222707122482,0.1805573237452768,6.764979214216454
1.0133640523873004,0.986812190193823,0.178668341121207,6.7485872015698165
1.0133744042449844,0.9868021096753978,0.17659043572332594,6.730100167325094
1.0133847563141658,0.9867920291569727,0.1743232716922109,6.709322528559275
1.0133951085948514,0.9867819486385475,0.17186656481756468,6.686037398145308
1.0134054610870475,0.9867718681201224,0.16922016513438246,6.660007342991407
1.013415813790761,0.9867617876016972,0.16638414594542048,6.63097526228856
1.0134261667059978,0.9867517070832721,0.16335889913785218,6.598665442582647
1.0134365198327646,0.986741626564847,0.1601452365557937,6.562784852332321
1.0134468731710682,0.9867315460464218,0.15674449701333867,6.523024741588278
1.0134572267209145,0.9867214655279967,0.15315865827852898,6.47906261242026
1.0134675804823106,0.9867113850095715,0.14939045302367965,6.430564622372804
1.0134779344552625,0.9867013044911463,0.14544348734378135,6.37718847678788
1.013488288639777,0.9866912239727211,0.1413223599746585,6.318586855634233
1.0134986430358603,0.986681143454296,0.1370327798487215,6.254411407125504
1.0135089976435192,0.9866710629358708,0.1325816790944776,6.184317323158316
1.0135193524627597,0.9866609824174457,0.12797731807210067,6.1079684909861225
1.013529707493589,0.9866509018990205,0.12322937855669185,6.025043191374308
1.013540062736013,0.9866408213805954,0.11834904078333884,5.9352402863270495
1.0135504181900383,0.9866307408621702,0.11334903979126772,5.838285809845816
1.0135607738556716,0.9866206603437451,0.10824369639515778,5.733939844097327
1.0135711297329193,0.9866105798253199,0.10304891821118826,5.622003532039689
1.0135814858217878,0.9866004993068948,0.09778216652209762,5.502326047973835
1.0135918421222836,0.9865904187884695,0.09246238539040418,5.374811321154184
1.013602198634413,0.9865803382700444,0.0871098903644115,5.239424287435606
1.013612555358183,0.9865702577516193,0.08174621532883562,5.096196431435897
1.0136229122935996,0.9865601772331941,0.07639391754197765,4.945230379960673
1.0136332694406696,0.986550096714769,0.07107634258362108,4.786703317349187
1.0136436267993993,0.9865400161963438,0.06581735276159995,4.620869016946164
1.0136539843697951,0.9865299356779187,0.06064102437746735,4.4480583201001815
1.0136643421518639,0.9865198551594935,0.05557132100383468,4.268677944137324
1.0136747001456117,0.9865097746410684,0.050631751479704855,4.0832075627538105
1.0136850583510455,0.9864996941226432,0.04584502252670924,3.8921951726245707
1.0136954167681713,0.986489613604218,0.041232696654756984,3.69625083633343
1.0137057753969958,0.9864795330857928,0.03681486625333162,3.4960389695440246
1.0137161342375254,0.9864694525673677,0.032609854433161486,3.2922694168162567
1.013726493289767,0.9864593720489425,0.028633952277571723,3.0856876328336034
1.0137368525537265,0.9864492915305174,0.024901200746067997,2.877064354574956
1.0137472120294106,0.9864392110120922,0.021423223617881612,2.6671852185588603
1.013757571716826,0.9864291304936671,0.01820911570759936,2.456840857617779
1.013767931615979,0.986419049975242,0.015265388265622439,2.2468181279954242
1.013778291726876,0.9864089694568168,0.012595971148466811,2.0378933207741623
1.0137886520495238,0.9863988889383917,0.010202269154105522,1.8308286081505627
1.0137990125839287,0.9863888084199665,0.00808326799272646,1.6263737985168336
1.013809373330097,0.9863787279015414,0.006235683798845716,1.4252772712941113
1.0138197342880357,0.9863686473831161,0.004654148949248424,1.2283141142035774
1.0138300954577508,0.986358566864691,0.0033314262583516645,1.0363498033870362
1.0138404568392492,0.9863484863462658,0.0022586433639982975,0.8504859048316509
1.0138508184325368,0.9863384058278407,0.0014255392561722958,0.672420389905296
1.0138611802376207,0.9863283253094155,0.0008207153755101928,0.505456624533977
1.0138715422545073,0.9863182447909904,0.000431884442340396,0.35777905301176616
1.0138819044832028,0.9863081642725652,0.0002461110905844426,0.2533567217270772
1.0138922669237138,0.9862980837541401,0.0002500393971901784,0.2417950755105796
1.013902629576047,0.9862880032357149,0.00043010344462843453,0.32453065094052824
1.0139129924402086,0.9862779227172898,0.0007727180744806886,0.4465492466788016
1.0139233555162053,0.9862678421988645,0.001264447937901836,0.5793274848226154
1.0139337188040434,0.9862577616804394,0.0018921537926704047,0.71356444358286
1.0139440823037296,0.9862476811620143,0.002643115718149966,0.8459589657216148
1.0139544460152705,0.9862376006435891,0.0035051335118639285,0.9752029245639767
1.0139648099386722,0.986227520125164,0.004466604996416302,1.1007764939923705
1.0139751740739416,0.9862174396067388,0.0055165833124340685,1.2225236023046244
1.013985538421085,0.9862073590883137,0.006644814515246808,1.3404778270575606
1.0139959029801089,0.9861972785698885,0.007841756947368743,1.4547809953976072
1.0140062677510195,0.9861871980514634,0.009098583942000355,1.5656403652966573
1.014016632733824,0.9861771175330382,0.010407171442898206,1.6733034390888597
1.0140269979285284,0.9861670370146131,0.01176007211881961,1.7780414616323232
1.0140373633351394,0.9861569564961878,0.013150477521254936,1.8801374621402573
1.0140477289536631,0.9861468759777627,0.014572169796933194,1.979876796507652
1.0140580947841065,0.9861367954593375,0.016019464429291287,2.0775391330931536
1.0140684608264758,0.9861267149409124,0.017487145459392697,2.1733913211118816
1.014078827080778,0.9861166344224872,0.018970394630965476,2.2676808470595797
1.0140891935470187,0.9861065539040621,0.02046471592271058,2.3606297370337197
1.014099560225205,0.9860964733856369,0.021965856979244695,2.452428856007057
1.0141099271153433,0.9860863928672118,0.023469729028034982,2.5432326155998823
1.01412029421744,0.9860763123487867,0.024972326976580427,2.633154143497501
1.0141306615315022,0.9860662318303615,0.02646965151403019,2.7222609972062544
1.0141410290575354,0.9860561513119364,0.027957635190738885,2.810571526305337
1.0141513967955469,0.9860460707935111,0.02943207460377862,2.898052002375898
1.0141617647455428,0.986035990275086,0.030888570959661892,2.984614645185172
1.0141721329075295,0.9860259097566608,0.032322481401470204,3.0701166777014333
1.014182501281514,0.9860158292382357,0.03372888354345986,3.1543605401972807
1.0141928698675025,0.9860057487198105,0.03510255563097631,3.2370953845730046
1.014203238665501,0.9859956682013854,0.036437974601574934,3.3180199526062966
1.014213607675517,0.9859855876829602,0.03772933403817246,3.396786915074205
1.0142239768975565,0.9859755071645351,0.03897058355188034,3.473008711563167
1.0142343463316261,0.9859654266461099,0.04015549049530202,3.5462648828215055
1.014244715977732,0.9859553461276848,0.041277724088546054,3.616110829327931
1.014255085835881,0.9859452656092595,0.042330961054347534,3.6820878628575953
1.0142654559060795,0.9859351850908344,0.04330901074969208,3.7437343455741807
1.014275826188334,0.9859251045724092,0.04420595661129206,3.800597638129952
1.014286196682651,0.9859150240539841,0.04501630958599516,3.8522465103639383
1.0142965673890372,0.985904943535559,0.04573516819595737,3.8982836123352693
1.014306938307499,0.9858948630171338,0.046358379096981255,3.9383575664991275
1.0143173094380427,0.9858847824987087,0.04688269152935018,3.9721742301636653
1.014327680780675,0.9858747019802835,0.04730589900891372,3.999506695336117
1.0143380523354022,0.9858646214618584,0.04762696200967804,4.02020364263386
1.0143484241022311,0.9858545409434332,0.04784610625089563,4.03419574599107
1.0143587960811682,0.9858444604250081,0.04796489246275662,4.041499930181626
1.0143691682722198,0.9858343799065828,0.047986255092122225,4.042221406921655
1.0143795406753924,0.9858242993881577,0.04791450916465947,4.036553546106765
1.0143899132906928,0.9858142188697325,0.047755326311662336,4.024775766272586
1.0144002861181272,0.9858041383513074,0.047515682632790275,4.0072497409158725
1.0144106591577022,0.9857940578328822,0.04720378245464285,3.9844143048041962
1.0144210324094243,0.9857839773144571,0.046828963062164594,3.9567794996606525
1.0144314058733,0.9857738967960319,0.04640158605190589,3.92492021667285
1.014441779549336,0.9857638162776068,0.04593292106816948,3.889469872510435
1.0144521534375384,0.9857537357591816,0.045435027361194556,3.8511144970086257
1.014462527537914,0.9857436552407565,0.04492063791554468,3.8105875174187074
1.0144729018504695,0.9857335747223314,0.04440304992151752,3.7686654005128926
1.014483276375211,0.9857234942039061,0.04389602420365324,3.7261641653405344
1.0144936511121452,0.985713413685481,0.0434136949793926,3.6839366122939534
1.0145040260612785,0.9857033331670558,0.042970490083029056,3.6428699360457073
1.0145144012226177,0.9856932526486307,0.04258106063584451,3.603883211495023
1.0145247765961691,0.9856831721302055,0.042260218123861604,3.5679240778471875
1.014535152181939,0.9856730916117804,0.04202287600538756,3.5359638178948676
1.0145455279799345,0.9856630110933552,0.04188399233340028,3.5089899657217107
1.0145559039901615,0.9856529305749301,0.041858509458804476,3.4879956107806347
1.0145662802126267,0.9856428500565049,0.04196128669129616,3.473964734524325
1.0145766566473369,0.9856327695380798,0.04220702183931305,3.4678532427386632
1.0145870332942983,0.9856226890196546,0.042610157833566774,3.4705658437032048
1.0145974101535173,0.9856126085012294,0.04318477117294786,3.482929532205306
1.0146077872250008,0.9856025279828042,0.04394443971441174,3.5056650873991537
1.014618164508755,0.9855924474643791,0.04490208836851818,3.5393585540218258
1.0146285420047867,0.9855823669459539,0.046069812548670874,3.584435012806122
1.0146389197131023,0.9855722864275288,0.04745868073575999,3.641136947999209
1.014649297633708,0.9855622059091037,0.04907851922088897,3.7095091514914875
1.0146596757666109,0.9855521253906785,0.05093768390666135,3.789391424467578
1.0146700541118168,0.9855420448722534,0.053042825895566595,3.8804194936723744
1.014680432669333,0.9855319643538282,0.05539865933617775,3.9820337325422055
1.0146908114391653,0.9855218838354031,0.05800774149653541,4.093494628566677
1.0147011904213208,0.9855118033169779,0.06087027611711898,4.213903558212911
1.0147115696158056,0.9855017227985527,0.06398395160156423,4.342227326139565
1.0147219490226265,0.9854916422801275,0.0673438253883777,4.477325035113158
1.0147323286417897,0.9854815617617024,0.070942264806436,4.617976082981735
1.014742708473302,0.9854714812432772,0.07476895281960208,4.762908342731795
1.0147530885171698,0.9854614007248521,0.0788109643461176,4.910825806160741
1.0147634687733997,0.9854513202064269,0.08305291545081792,5.060435131136938
1.014773849241998,0.9854412396880018,0.08747718385260725,5.210470624924892
1.0147842299229717,0.9854311591695766,0.09206419518564933,5.3597172404797995
1.0147946108163266,0.9854210786511515,0.09679276561757919,5.507031183923501
1.0148049919220699,0.9854109981327263,0.1016404881152476,5.651357754737487
1.0148153732402074,0.9854009176143012,0.10658414714248303,5.791746082870216
1.0148257547707464,0.985390837095876,0.11160014511545555,5.927360498514235
1.014836136513693,0.9853807565774508,0.11666492362498083,6.057488370538533
1.0148465184690536,0.9853706760590257,0.1217553632743491,6.181544372086448
1.0148569006368353,0.9853605955406005,0.1268491478471195,6.299071265359941
1.0148672830170438,0.9853505150221754,0.13192508120174504,6.409737429275402
1.0148776656096863,0.9853404345037502,0.13696334851543457,6.51333147125643
1.0148880484147689,0.9853303539853251,0.14194571695831215,6.6097543580063975
1.0148984314322984,0.9853202734668999,0.14685567429272137,6.699009563573365
1.0149088146622811,0.9853101929484748,0.1516785069938745,6.781191763601702
1.0149191981047236,0.9853001124300496,0.1564013221108195,6.85647460384224
1.0149295817596324,0.9852900319116245,0.16101301910059843,6.925098042472501
1.0149399656270144,0.9852799513931992,0.16550421923262143,6.987355715465558
1.0149503497068755,0.9852698708747741,0.1698671608999216,7.043582709065502
1.0149607339992226,0.9852597903563489,0.17409556934122625,7.094144049880032
1.014971118504062,0.9852497098379238,0.17818450897878765,7.1394241475550855
1.0149815032214005,0.9852396293194986,0.18213022591634676,7.179817352119087
1.0149918881512443,0.9852295488010735,0.1859299872287557,7.2157197216992435
1.0150022732936,0.9852194682826484,0.1895819226192584,7.247522038509949
1.0150126586484745,0.9852093877642232,0.1930848729030508,7.275604062963864
1.0150230442158739,0.9851993072457981,0.19643824866323395,7.300329977315589
1.0150334299958048,0.9851892267273729,0.19964190138529994,7.322044941047959
1.015043815988274,0.9851791462089478,0.20269600841212992,7.341072658718475
1.0150542021932878,0.9851690656905225,0.20560097222961926,7.35771384630706
1.0150645886108525,0.9851589851720974,0.20835733387182262,7.372245472585025
1.0150749752409751,0.9851489046536722,0.2109656996499161,7.38492064671183
1.0150853620836617,0.9851388241352471,0.21342667994142914,7.3959690210351035
1.0150957491389192,0.9851287436168219,0.21574083844143505,7.405597578615281
1.0151061364067537,0.9851186630983968,0.217908650047433,7.413991677611789
1.0151165238871722,0.9851085825799716,0.21993046544540745,7.421316229759061
1.0151269115801806,0.9850985020615465,0.2218064804614898,7.427716897572963
1.0151372994857863,0.9850884215431213,0.22353670835323156,7.43332120526628
1.015147687603995,0.9850783410246962,0.22512095341176883,7.438239471537166
1.0151580759348138,0.9850682605062709,0.2265587845478091,7.442565489060969
1.0151684644782488,0.9850581799878458,0.22784950789865085,7.446376895111277
1.015178853234307,0.9850480994694207,0.22899213793099255,7.449735200228166
1.0151892422029944,0.9850380189509955,0.22998536698205715,7.452685466223702
1.015199631384318,0.9850279384325704,0.23082753367410244,7.45525565014895
1.015210020778284,0.9850178579141452,0.23151659110775083,7.457455655393536
1.0152204103848987,0.9850077773957201,0.23205007618171497,7.459276153740134
1.0152308002041694,0.9849976968772949,0.23242508175259635,7.460687260803151
1.015241190236102,0.9849876163588698,0.23263823363057365,7.461637160883657
1.0152515804807034,0.9849775358404446,0.2326856745765737,7.46205078450928
1.0152619709379798,0.9849674553220195,0.2325630575203589,7.461828642411075
1.015272361607938,0.9849573748035942,0.23226555014451572,7.460845913313475
1.0152827524905843,0.9849472942851691,0.23178785278834485,7.458951870368131
1.0152931435859254,0.9849372137667439,0.2311242313261411,7.4559697134942216
1.0153035348939676,0.9849271332483188,0.23026856628013453,7.45169685369324
1.015313926414718,0.9849170527298936,0.2292144189661673,7.445905672473437
1.0153243181481824,0.9849069722114685,0.2279551149645549,7.43834475664837
1.0153347100943677,0.9848968916930434,0.22648384467311375,7.42874058731582
1.0153451022532805,0.9848868111746182,0.22479378017437726,7.416799643506488
1.015355494624927,0.9848767306561931,0.22287820714150938,7.40221086645053
1.0153658872093143,0.9848666501377679,0.22073067004470004,7.384648420386694
1.0153762800064483,0.9848565696193428,0.21834512851150747,7.363774680349313
1.0153866730163361,0.9848464891009175,0.21571612235527962,7.339243376367023
1.0153970662389837,0.9848364085824924,0.21283894252797686,7.31070282662492
1.0154074596743983,0.9848263280640672,0.2097098050654671,7.277799198556756
1.0154178533225857,0.9848162475456421,0.20632602500610928,7.240179746469377
1.0154282471835527,0.9848061670272169,0.20268618724154083,7.197495986031801
1.015438641257306,0.9847960865087918,0.1987903113286564,7.149406779681635
1.0154490355438521,0.9847860059903666,0.1946400074256129,7.095581322169157
1.0154594300431974,0.9847759254719415,0.19023862071617542,7.0357020316806675
1.0154698247553486,0.9847658449535163,0.18559136193304582,6.969467369250139
1.015480219680312,0.9847557644350912,0.18070542187429642,6.8965946270667216
1.0154906148180944,0.984745683916666,0.17559006810194255,6.8168227449660055
1.015501010168702,0.9847356033982408,0.1702567223097015,6.729915233712907
1.0155114057321417,0.9847255228798157,0.1647190171094304,6.635663303470235
1.01552180150842,0.9847154423613905,0.15899283121240257,6.533889316399361
1.015532197497543,0.9847053618429654,0.15309630214137004,6.4244507034622815
1.015542593699518,0.9846952813245402,0.14704981568695963,6.307244507358897
1.0155529901143507,0.9846852008061151,0.1408759713237183,6.182212736589508
1.0155633867420482,0.9846751202876899,0.13459952270106973,6.049348739866674
1.0155737835826166,0.9846650397692648,0.12824729215391542,5.908704836441122
1.015584180636063,0.9846549592508396,0.12184805793741305,5.760401466855215
1.0155945779023936,0.9846448787324145,0.11543241262094113,5.604638161051206
1.015604975381615,0.9846347982139892,0.10903259080453871,5.441706657034771
1.0156153730737336,0.9846247176955641,0.1026822641205416,5.272006543428603
1.0156257709787562,0.9846146371771389,0.09641630138209226,5.096063840012795
1.015636169096689,0.9846045566587138,0.09027049184260812,4.914552964918803
1.015646567427539,0.9845944761402886,0.08428122986967099,4.728322547472603
1.0156569659713122,0.9845843956218635,0.07848516000478982,4.53842549655673
1.0156673647280157,0.9845743151034383,0.07291878240985525,4.346153556523758
1.0156777636976555,0.9845642345850132,0.06761802013615487,4.153076151924601
1.0156881628802383,0.9845541540665881,0.06261775148741018,3.9610824263320086
1.015698562275771,0.9845440735481629,0.05795131295379534,3.7724236865099896
1.0157089618842599,0.9845339930297378,0.05364998067976687,3.589750508973269
1.0157193617057114,0.9845239125113125,0.04974244106972309,3.4161340568380836
1.0157297617401322,0.9845138319928874,0.04625426374708433,3.2550545170147243
1.0157401619875288,0.9845037514744622,0.04320739243924103,3.1103319892932513
1.0157505624479075,0.9844936709560371,0.040619671223140225,2.985970185517784
1.0157609631212754,0.9844835904376119,0.03850442466618616,2.8858882197069597
1.0157713640076387,0.9844735099191868,0.036870110518411915,2.813540066084259
1.015781765107004,0.9844634294007616,0.03572006257046662,2.771468689813732
1.0157921664193776,0.9844533488823365,0.03505233900382742,2.7608974883691544
1.0158025679447664,0.9844432683639113,0.03485968804129546,2.781488256933063
1.0158129696831768,0.9844331878454862,0.035129638106895136,2.831357282496647
1.0158233716346154,0.984423107327061,0.03584471428326135,2.907347192450055
1.0158337737990886,0.9844130268086358,0.036982776990412795,3.0054589343039595
1.0158441761766033,0.9844029462902106,0.03851747292861525,3.121312579859993
1.0158545787671653,0.9843928657717855,0.040418782904098394,3.2505345471244174
1.0158649815707819,0.9843827852533604,0.042653646609136814,3.3890261803489192
1.0158753845874595,0.9843727047349352,0.04518664111772027,3.5331166145005652
1.0158857878172043,0.9843626242165101,0.047980688015194776,3.6796267377304464
1.0158961912600233,0.9843525436980849,0.05099776379792011,3.8258751732753375
1.0159065949159225,0.9843424631796598,0.054199589400207124,3.969651475649167
1.015916998784909,0.9843323826612346,0.05754827724598193,4.109173668720022
1.015927402866989,0.9843223021428095,0.0610069177931876,4.243040392457977
1.0159378071621692,0.9843122216243843,0.06454009178665132,4.370183178059321
1.015948211670456,0.9843021411059591,0.06811429899254408,4.489821478011308
1.0159586163918561,0.9842920605875339,0.07169829870688901,4.601421480135317
1.015969021326376,0.9842819800691088,0.07526336151108554,4.704658933480567
1.0159794264740223,0.9842718995506836,0.07878343537075598,4.799385858073531
1.0159898318348013,0.9842618190322585,0.08223523208636843,4.885600881672445
1.01600023740872,0.9842517385138333,0.08559824225861497,4.963422921621769
1.0160106431957845,0.9842416579954082,0.0888546883141334,5.033067943280936
1.0160210491960016,0.984231577476983,0.09198942582664632,5.0948285483009474
1.0160314554093777,0.9842214969585579,0.09498980344956914,5.149056163710268
1.0160418618359195,0.9842114164401328,0.09784549137829704,5.196145613628369
1.0160522684756335,0.9842013359217076,0.10054828750322398,5.2365218603872625
1.0160626753285262,0.9841912554032825,0.10309190942609056,5.2706287034129335
1.0160730823946043,0.9841811748848572,0.1054717793915918,5.298919224712531
1.0160834896738742,0.9841710943664321,0.10768480803797542,5.3218477715181844
1.0160938971663425,0.9841610138480069,0.10972918175061848,5.339863270631801
1.0161043048720155,0.9841509333295818,0.11160415738186145,5.353403676682027
1.0161147127909003,0.9841408528111566,0.11330986718976681,5.362891367639774
1.016125120923003,0.9841307722927315,0.11484713609261081,5.368729316526539
1.0161355292683303,0.9841206917743063,0.11621731271211351,5.371297887269137
1.0161459378268887,0.9841106112558812,0.11742211520628064,5.370952125540706
1.016156346598685,0.984100530737456,0.11846349253662386,5.368019440921875
1.0161667555837253,0.9840904502190309,0.11934350156911037,5.362797604333331
1.0161771647820164,0.9840803697006056,0.120064200241133,5.355553012916618
1.0161875741935649,0.9840702891821805,0.12062755691399339,5.346519202026884
1.0161979838183774,0.9840602086637553,0.12103537595051608,5.335895608904964
1.0162083936564603,0.9840501281453302,0.12128923947670339,5.3238466129410975
1.0162188037078204,0.9840400476269051,0.1213904651969515,5.310500891609054
1.0162292139724638,0.9840299671084799,0.12134008001399534,5.2959511376216755
1.0162396244503975,0.9840198865900548,0.12113880904793774,5.280254180709488
1.016250035141628,0.9840098060716296,0.12078707946830738,5.263431547104925
1.0162604460461615,0.9839997255532045,0.12028503833895662,5.245470471906385
1.016270857164005,0.9839896450347793,0.11963258346069584,5.226325356540014
1.0162812684951645,0.9839795645163542,0.11882940598945614,5.205919638084679
1.0162916800396473,0.9839694839979289,0.11787504343454461,5.184148012749965
1.0163020917974592,0.9839594034795038,0.11676894151922713,5.160878935500774
1.0163125037686074,0.9839493229610786,0.115510523326137,5.135957304421689
1.0163229159530982,0.9839392424426535,0.11409926416602553,5.109207233865375
1.016333328350938,0.9839291619242283,0.11253477068656464,5.080434825125712
1.0163437409621334,0.9839190814058032,0.11081686287714039,5.049430856863953
1.0163541537866914,0.983909000887378,0.1089456578006561,5.015973337978353
1.016364566824618,0.9838989203689529,0.10692165407064523,4.979829890465881
1.0163749800759199,0.9838888398505277,0.10474581626843012,4.940759956333185
1.0163853935406038,0.9838787593321026,0.10241965863642392,4.898516847902886
1.016395807218676,0.9838686788136775,0.09994532746165108,4.8528496823766805
1.0164062211101434,0.9838585982952522,0.097325681577148,4.803505257740563
1.0164166352150124,0.9838485177768271,0.09456437034018221,4.750229936771792
1.0164270495332897,0.9838384372584019,0.09166590830255092,4.6927716088095375
1.0164374640649816,0.9838283567399768,0.08863574557853139,4.630881795346695
1.0164478788100948,0.9838182762215516,0.08548033265477817,4.564317956115899
1.0164582937686357,0.9838081957031265,0.0822071780967695,4.492846038165947
1.0164687089406113,0.9837981151847013,0.07882489731231376,4.41624329256548
1.0164791243260276,0.9837880346662762,0.07534325026807992,4.334301363123481
1.0164895399248914,0.983777954147851,0.07177316583932095,4.246829629751251
1.0164999557372094,0.9837678736294259,0.06812675034980083,4.153658767228776
1.0165103717629882,0.9837577931110006,0.06441727783818157,4.054644458823591
1.016520788002234,0.9837477125925755,0.060659159712306975,3.9496711849198323
1.0165312044549535,0.9837376320741503,0.056867891720831475,3.8386559901143635
1.0165416211211535,0.9837275515557252,0.053059976610666575,3.721552119640798
1.0165520380008404,0.9837174710373,0.04925282143639314,3.5983524082930765
1.0165624550940207,0.9837073905188749,0.04546460924131946,3.4690923036672756
1.0165728724007008,0.9836973100004498,0.041714145710953936,3.333852411619562
1.016583289920888,0.9836872294820246,0.038020682379422854,3.19276046697466
1.016593707654588,0.9836771489635995,0.034403718992784806,3.0459926581904204
1.0166041256018077,0.9836670684451743,0.030882788651316512,2.8937742734491203
1.0166145437625538,0.9836569879267492,0.027477230300067584,2.736379691210396
1.0166249621368328,0.983646907408324,0.024205953945995763,2.5741318170954495
1.016635380724651,0.9836368268898988,0.0210872045986931,2.407401183964067
1.0166457995260154,0.9836267463714736,0.018138331296312673,2.2366051072362496
1.0166562185409322,0.9836166658530485,0.015375567661856578,2.062207573160876
1.0166666377694082,0.9836065853346233,0.012813830212594064,1.8847210380368578
1.0166770572114499,0.9835965048161982,0.010466540119848784,1.704712259854378
1.0166874768670637,0.983586424297773,0.008345473312283214,1.5228161972058862
1.0166978967362563,0.9835763437793479,0.0064606427759717365,1.3397661880198097
1.0167083168190345,0.9835662632609227,0.004820215691564786,1.156458496919025
1.0167187371154043,0.9835561827424976,0.0034304667332483822,0.9740948634813432
1.016729157625373,0.9835461022240723,0.002295767515057991,0.7945199824145
1.0167395783489463,0.9835360217056472,0.001418610883720514,0.6211070215600697
1.0167499992861315,0.9835259411872221,0.0007996675924189247,0.4613839953112313
1.0167604204369352,0.9835158606687969,0.0004378719039477384,0.3352463891946376
1.0167708418013632,0.9835057801503718,0.00033053190363663797,0.2890388459407925
1.0167812633794229,0.9834956996319466,0.0004734597761631528,0.35358878980320324
1.0167916851711203,0.9834856191135215,0.0008611170193811387,0.484832158960606
1.0168021071764621,0.9834755385950963,0.0014867695215373094,0.6414797363321905
1.016812529395455,0.9834654580766712,0.002342647590942431,0.8073784571725667
1.0168229518281058,0.983455377558246,0.0034201063650656444,0.9764498367200246
1.0168333744744207,0.9834452970398209,0.004709782498406405,1.1460457940326674
1.0168437973344062,0.9834352165213956,0.006201743594821311,1.314842216886445
1.016854220408069,0.9834251360029705,0.00788562746788403,1.4821067431176465
1.016864643695416,0.9834150554845453,0.009750768947720789,1.6474077379762637
1.0168750671964533,0.9834049749661202,0.011786312571162728,1.810483767292685
1.0168854909111877,0.983394894447695,0.013981310072278305,1.9711785435078677
1.0168959148396257,0.9833848139292699,0.01632480211328357,2.1294052613916703
1.0169063389817738,0.9833747334108447,0.018805884151359066,2.2851252165373075
1.0169167633376388,0.9833646528924196,0.021413756720161634,2.438333848768917
1.016927187907227,0.9833545723739945,0.024137760717232774,2.589050881063231
1.0169376126905454,0.9833444918555693,0.026967398532501727,2.7373128437465724
1.0169480376876,0.9833344113371442,0.02989234203799009,2.8831670619699294
1.0169584628983979,0.983324330818719,0.032902428593289214,3.0266665878422825
1.016968888322945,0.9833142503002938,0.035987646313919305,3.1678657740781255
1.0169793139612486,0.9833041697818686,0.039138109915394514,3.306816305909842
1.016989739813315,0.9832940892634435,0.04234402848869995,3.4435635772002056
1.0170001658791508,0.9832840087450183,0.045595666600836665,3.5781433388009996
1.0170105921587624,0.9832739282265932,0.04888330014507656,3.7105785739684243
1.0170210186521567,0.983263847708168,0.05219716840980927,3.8408765745396467
1.0170314453593399,0.9832537671897429,0.05552742388240801,3.9690262056307604
1.0170418722803187,0.9832436866713177,0.05886408137457547,4.09499535868811
1.0170522994151,0.9832336061528926,0.062196968134938406,4.218728603455062
1.0170627267636898,0.9832235256344674,0.06551567671493146,4.340145059902367
1.0170731543260951,0.9832134451160423,0.06880952245831794,4.459136521211204
1.0170835821023223,0.983203364597617,0.07206750759989236,4.575565868999615
1.017094010092378,0.9831932840791919,0.07527829406184564,4.689265831451906
1.0171044382962688,0.9831832035607668,0.07843018712711664,4.800038143959813
1.0171148667140015,0.9831731230423416,0.0815111322171355,4.907653179288465
1.0171252953455825,0.9831630425239165,0.08450872700349044,5.011850120043728
1.0171357241910182,0.9831529620054913,0.08741025100703309,5.11233774919653
1.0171461532503152,0.9831428814870662,0.09020271466541309,5.208795933897747
1.0171565825234805,0.983132800968641,0.09287292956430876,5.300877873193915
1.0171670120105203,0.9831227204502159,0.09540760110296581,5.388213170359597
1.0171774417114412,0.9831126399317907,0.09779344429446264,5.470411775144109
1.0171878716262497,0.9831025594133656,0.1000173226739856,5.547068819535904
1.0171983017549526,0.9830924788949403,0.10206640941724399,5.617770342970746
1.0172087320975565,0.9830823983765152,0.1039283687646492,5.682099869258888
1.0172191626540679,0.98307231785809,0.10559155475205075,5.739645759310589
1.0172295934244933,0.9830622373396649,0.10704522310338077,5.790009222084151
1.0172400244088393,0.9830521568212397,0.10827975102446043,5.832812823835038
1.0172504556071125,0.9830420763028146,0.10928685861528038,5.867709294900613
1.0172608870193196,0.9830319957843894,0.11005982479635548,5.894390397823119
1.017271318645467,0.9830219152659643,0.1105936900885364,5.912595593248831
1.0172817504855614,0.9830118347475392,0.11088543839727365,5.922120224722258
1.0172921825396093,0.983001754229114,0.11093415017601599,5.922822942543206
1.0173026148076174,0.9829916737106889,0.11074112002196693,5.91463210242729
1.0173130472895922,0.9829815931922636,0.11030993288713281,5.897550907580725
1.0173234799855402,0.9829715126738385,0.10964649462901356,5.871661112288365
1.0173339128954684,0.9829614321554133,0.10875901449272157,5.837125168914981
1.0173443460193827,0.9829513516369882,0.10765793920551718,5.794186775061977
1.0173547793572901,0.982941271118563,0.10635584052047586,5.743169858253543
1.0173652129091972,0.9829311906001379,0.10486726012960519,5.684476116707973
1.0173756466751105,0.9829211100817127,0.1032085177177161,5.618581310334287
1.0173860806550366,0.9829110295632876,0.10139748942211842,5.546030560546398
1.0173965148489823,0.9829009490448624,0.09945336499374548,5.467432965560448
1.0174069492569535,0.9828908685264373,0.09739639247151485,5.383455865997024
1.0174173838789577,0.982880788008012,0.09524761915870032,5.294819100551545
1.0174278187150008,0.9828707074895869,0.09302863716836877,5.202289572236032
1.0174382537650897,0.9828606269711617,0.09076134084232945,5.10667640131184
1.017448689029231,0.9828505464527366,0.08846770204795458,5.00882687207998
1.017459124507431,0.9828404659343115,0.08616956782683223,4.909623287698353
1.0174695601996964,0.9828303854158863,0.08388848323160289,4.809980731480955
1.0174799961060341,0.9828203048974612,0.08164554054755253,4.710845595858829
1.0174904322264504,0.982810224379036,0.07946125456040579,4.61319458438888
1.017500868560952,0.9828001438606109,0.0773554621753492,4.518033722465303
1.0175113051095452,0.9827900633421857,0.07534724357232228,4.426396737917593
1.017521741872237,0.9827799828237606,0.07345486124329198,4.339342009550216
1.017532178849034,0.9827699023053353,0.07169571270362501,4.257947154664292
1.0175426160399421,0.9827598217869102,0.07008629242011748,4.183300272397798
1.0175530534449688,0.982749741268485,0.06864215852650374,4.116486923715536
1.01756349106412,0.9827396607500599,0.06737790019542932,4.058572160600779
1.0175739288974028,0.9827295802316347,0.0663071020736363,4.010577355215217
1.0175843669448235,0.9827194997132096,0.06544230293143545,3.9734522320900383
1.0175948052063888,0.9827094191947844,0.06479494659576282,3.9480433257029706
1.017605243682105,0.9826993386763593,0.06437532428474153,3.9350609539583936
1.017615682371979,0.9826892581579341,0.06419250859234621,3.935047531562641
1.0176261212760174,0.982679177639509,0.06425428053161894,3.948350435532173
1.0176365603942266,0.9826690971210839,0.0645670521690226,3.975102507994625
1.0176469997266135,0.9826590166026586,0.06513578840651708,4.015212584405834
1.0176574392731843,0.9826489360842335,0.06596393231498317,4.068367272393337
1.0176678790339457,0.9826388555658083,0.06705333902670445,4.134043824012696
1.0176783190089045,0.9826287750473832,0.06840422348776577,4.2115326513312334
1.0176887591980672,0.982618694528958,0.07001512730373786,4.299967098341725
1.0176991996014404,0.9826086140105329,0.07188290945705207,4.398357641935065
1.0177096402190307,0.9825985334921077,0.07400276482838825,4.505627741808326
1.0177200810508444,0.9825884529736826,0.07636827324990567,4.620648969129403
1.0177305220968884,0.9825783724552574,0.07897148032167338,4.742273642725908
1.0177409633571692,0.9825682919368323,0.08180300952889086,4.869363828541902
1.0177514048316936,0.982558211418407,0.08485220342835284,5.000816102797353
1.0177618465204679,0.9825481308999819,0.08810728995793214,5.135581889810911
1.0177722884234988,0.9825380503815567,0.09155556840116622,5.272683457748501
1.017782730540793,0.9825279698631316,0.09518360832068762,5.411225812808904
1.0177931728723568,0.9825178893447064,0.09897745396146206,5.550404809032472
1.017803615418197,0.9825078088262813,0.1029228262584942,5.6895118186489
1.0178140581783204,0.9824977283078562,0.10700531469704203,5.827935311963181
1.0178245011527334,0.982487647789431,0.11121055182145559,5.965159691161606
1.0178349443414425,0.9824775672710059,0.11552436412423049,6.100761717317624
1.0178453877444542,0.9824674867525807,0.11993289428128248,6.234404866745925
1.0178558313617756,0.9824574062341556,0.12442269112135056,6.365831950498424
1.0178662751934127,0.9824473257157303,0.12898076524274796,6.494856327931704
1.0178767192393725,0.9824372451973052,0.13359460970383358,6.6213520393444405
1.0178871634996616,0.98242716467888,0.13825218665279343,6.745243172993593
1.017897607974286,0.9824170841604549,0.14294188205510527,6.866492767649586
1.0179080526632533,0.9824070036420297,0.14765243180317317,6.98509153431535
1.0179184975665692,0.9823969231236046,0.1523728234177583,7.1010466604785965
1.0179289426842408,0.9823868426051794,0.15709217830079328,7.2143709394126905
1.0179393880162746,0.9823767620867543,0.16179962006140117,7.32507244634919
1.017949833562677,0.9823666815683291,0.16648413485777366,7.433144964605029
1.017960279323455,0.982356601049904,0.1711344299652246,7.538559347810117
1.0179707252986148,0.9823465205314788,0.1757387969413879,7.6412559900100625
1.017981171488163,0.9823364400130536,0.18028498578794244,7.741138562166001
1.0179916178921065,0.9823263594946285,0.18476009642174349,7.838069160755908
1.018002064510452,0.9823162789762033,0.18915049352627628,7.931864999454834
1.0180125113432055,0.9823061984577782,0.19344175045672973,8.022296756761438
1.0180229583903742,0.982296117939353,0.19761862726141152,8.109088668336948
1.0180334056519642,0.9822860374209279,0.201665087042159,8.191920421030023
1.0180438531279825,0.9822759569025027,0.20556435377633273,8.270430864771708
1.0180543008184355,0.9822658763840776,0.20929901334852108,8.344223507931943
1.01806474872333,0.9822557958656524,0.21285115791127196,8.412873702204637
1.0180751968426724,0.9822457153472273,0.21620257183769986,8.475937356072684
1.0180856451764695,0.982235634828802,0.2193349555216742,8.532960944728027
1.0180960937247276,0.982225554310377,0.22223018123488797,8.583492513547005
1.0181065424874536,0.9822154737919517,0.22487057327576082,8.627093306841777
1.0181169914646537,0.9822053932735266,0.22723920291178507,8.663349599953609
1.0181274406563352,0.9821953127551014,0.2293201872750225,8.691884276629713
1.018137890062504,0.9821852322366763,0.23109898055546302,8.712367679945213
1.018148339683167,0.9821751517182511,0.23256264567329304,8.724527277696971
1.0181587895183308,0.982165071199826,0.23370009516110202,8.728155723653487
1.018169239568002,0.9821549906814009,0.23450229124329158,8.723116963092417
1.0181796898321873,0.9821449101629757,0.23496239702868163,8.709350121709415
1.018190140310893,0.9821348296445506,0.23507587317204368,8.686871024554861
1.0182005910041263,0.9821247491261254,0.23484051716977922,8.655771309230014
1.018211041911893,0.9821146686077002,0.2342564453924138,8.616215215874947
1.0182214930342004,0.982104588089275,0.2333260208169614,8.568434247129385
1.0182319443710546,0.9820945075708499,0.23205373198713186,8.512719986410907
1.0182423959224627,0.9820844270524247,0.23044603082782064,8.449415436490291
1.018252847688431,0.9820743465339996,0.2285111384428972,8.378905288561072
1.018263299668966,0.9820642660155744,0.22625882887740928,8.301605553720345
1.0182737518640745,0.9820541854971493,0.22370020101765045,8.217952984818602
1.0182842042737632,0.9820441049787241,0.22084744838932877,8.128394690120894
1.0182946568980384,0.982034024460299,0.21771363569465854,8.033378295754162
1.0183051097369071,0.9820239439418738,0.21431248961785654,7.933342956477357
1.0183155627903755,0.9820138634234487,0.21065820986903327,7.828711449611602
1.0183260160584504,0.9820037829050234,0.2067653047490268,7.719883519752483
1.0183364695411385,0.9819937023865983,0.20264845383214655,7.607230576590258
1.0183469232384461,0.9819836218681732,0.19832239876485966,7.491091787913359
1.0183573771503804,0.981973541349748,0.1938018617503918,7.371771556915124
1.0183678312769473,0.9819634608313229,0.18910149006600388,7.249538328257209
1.018378285618154,0.9819533803128977,0.18423582398167018,7.124624631461717
1.0183887401740068,0.9819432997944726,0.1792192847084401,6.997228242465091
1.0183991949445124,0.9819332192760474,0.17406617850498085,6.8675143239607355
1.0184096499296773,0.9819231387576223,0.16879071279505747,6.73561839134451
1.0184201051295083,0.9819130582391971,0.16340702006334476,6.601649942377918
1.0184305605440116,0.981902977720772,0.15792918540003764,6.465696584449673
1.0184410161731945,0.9818928972023467,0.15237127381134305,6.327828492370001
1.018451472017063,0.9818828166839216,0.14674735379309503,6.188103031566666
1.018461928075624,0.9818727361654964,0.1410715141546452,6.046569386076733
1.018472384348884,0.9818626556470713,0.13535787165639687,5.903273037678107
1.0184828408368498,0.9818525751286461,0.1296205676654455,5.758259951940153
1.0184932975395278,0.981842494610221,0.12387375272887738,5.611580339430609
1.0185037544569246,0.9818324140917958,0.11813155867062905,5.463291875522608
1.018514211589047,0.9818223335733707,0.11240805853201458,5.31346228099288
1.0185246689359015,0.9818122530549456,0.1067172153539884,5.162171187525445
1.018535126497495,0.9818021725365204,0.10107282142315704,5.009511237439316
1.0185455842738333,0.9817920920180953,0.09548843014148137,4.855588395035158
1.018556042264924,0.98178201149967,0.08997728310231702,4.700521477064395
1.0185665004707731,0.9817719309812449,0.08455223525007895,4.544440941374772
1.0185769588913876,0.9817618504628197,0.07922568113518831,4.387487004132819
1.0185874175267735,0.9817517699443946,0.07400948525700618,4.229807186262491
1.018597876376938,0.9817416894259694,0.06891491929955756,4.07155341706795
1.0186083354418878,0.9817316089075443,0.06395260873318256,3.912878846486939
1.018618794721629,0.9817215283891191,0.0591324907803274,3.7539345354077596
1.0186292542161686,0.981711447870694,0.05446378517052083,3.5948662057003644
1.018639713925513,0.9817013673522688,0.0499549784592977,3.435811237417742
1.018650173849669,0.9816912868338437,0.045613822005591116,3.2768961007434476
1.018660633988643,0.9816812063154184,0.04144734302539085,3.1182344058321476
1.0186710943424417,0.9816711257969933,0.03746186750945671,2.959925747349607
1.018681554911072,0.9816610452785681,0.0336630532431417,2.8020555162649776
1.01869201569454,0.981650964760143,0.03005593072353928,2.644695855453005
1.0187024766928527,0.9816408842417179,0.02664494945289213,2.487907957316143
1.0187129379060167,0.9816308037232927,0.02343402691470923,2.3317459561621146
1.0187233993340385,0.9816207232048676,0.02042659750175398,2.176262779327588
1.0187338609769248,0.9816106426864424,0.017625658767238803,2.021518531112341
1.018744322834682,0.9816005621680173,0.015033812594276113,1.8675923667957819
1.018754784907317,0.9815904816495921,0.012653299200966407,1.7145995091107427
1.0187652471948365,0.981580401131167,0.01048602230714721,1.5627163365988666
1.0187757096972467,0.9815703206127417,0.00853356424428635,1.4122188730855405
1.0187861724145546,0.9815602400943166,0.0067971902816245985,1.2635446533273997
1.0187966353467666,0.9815501595758914,0.00527784193250493,1.1173972080903498
1.0188070984938893,0.9815400790574663,0.003976119481198418,0.9749313232306696
1.0188175618559296,0.9815299985390411,0.0028922544085242755,0.8380956257550358
1.0188280254328939,0.981519918020616,0.0020260727816208825,0.7102800943225014
1.0188384892247888,0.9815098375021908,0.0013769509961271862,0.5974943917316845
1.018848953231621,0.9814997569837657,0.0009437655130550444,0.5100576524179394
1.0188594174533971,0.9814896764653405,0.0007248384112747273,0.46283691720684245
1.0188698818901236,0.9814795959469154,0.00071788068402376,0.468381868886726
1.0188803465418075,0.9814695154284903,0.0009199352446085155,0.5251505119619205
1.0188908114084552,0.981459434910065,0.0013273215808127892,0.6192345972409194
1.0189012764900731,0.9814493543916399,0.00193558391673045,0.7363950590481761
1.0189117417866682,0.9814392738732147,0.002739444614311139,0.8671686561064526
1.0189222072982467,0.9814291933547896,0.003732764385590791,1.0060220846392207
1.0189326730248156,0.9814191128363644,0.004908510700313076,1.1497220347001964
1.0189431389663814,0.9814090323179393,0.006258735570852603,1.2962834981415934
1.0189536051229509,0.9813989517995141,0.007774563688650655,1.4444024371372435
1.0189640714945303,0.981388871281089,0.009446191674895263,1.5931572967317662
1.0189745380811266,0.9813787907626638,0.011262899006227567,1.7418486964018933
1.0189850048827462,0.9813687102442387,0.01321307097711994,1.8899104342104902
1.018995471899396,0.9813586297258134,0.01528423387421394,2.0368583973086682
1.0190059391310824,0.9813485492073883,0.017463102357722974,2.1822603811854497
1.0190164065778122,0.9813384686889631,0.01973563887128463,2.325717890048676
1.0190268742395916,0.981328388170538,0.02208712473091816,2.4668550621284533
1.0190373421164278,0.9813183076521128,0.024502242372525098,2.605311985452399
1.019047810208327,0.9813082271336877,0.026965168061452775,2.7407408124322084
1.019058278515296,0.9812981466152626,0.02945967418619464,2.8728037162788644
1.0190687470373414,0.9812880660968374,0.03196924006856057,3.0011720940154043
1.01907921577447,0.9812779855784123,0.03447717002930828,3.1255266314279195
1.0190896847266881,0.9812679050599871,0.03696671724858451,3.2455579692049517
1.0191001538940025,0.981257824541562,0.039421211770159816,3.360967783128803
1.01911062327642,0.9812477440231367,0.041824190817055025,3.4714701344044525
1.019121092873947,0.9812376635047116,0.04415952943188873,3.576792971650671
1.0191315626865902,0.9812275829862864,0.04641156933838366,3.6766796810049036
1.019142032714356,0.9812175024678613,0.04856524385123319,3.770890589946564
1.0191525029572517,0.9812074219494361,0.05060619666118174,3.8592043373462817
1.0191629734152832,0.981197341431011,0.05252089238900083,3.941419028562566
1.0191734440884574,0.9811872609125858,0.054296716959523934,4.017353102181681
1.019183914976781,0.9811771803941607,0.05592206608014036,4.0868458444786
1.0191943860802606,0.9811670998757355,0.05738642043352454,4.149757500029811
1.0192048573989028,0.9811570193573104,0.058680406589238704,4.2059689416777815
1.0192153289327142,0.9811469388388852,0.059795843097499586,4.255380880327048
1.0192258006817014,0.98113685832046,0.06072577173233199,4.297912614373624
1.0192362726458712,0.9811267778020349,0.061464474369525054,4.3335003389229545
1.0192467448252303,0.9811166972836097,0.06200747650127889,4.362095055903517
1.019257217219785,0.9811066167651846,0.062351538867831784,4.383660146397786
1.019267689829542,0.9810965362467594,0.06249463910475428,4.3981686853136885
1.0192781626545082,0.9810864557283343,0.062435945635578874,4.405600594814012
1.01928863569469,0.9810763752099091,0.06217578626429424,4.405939746104713
1.019299108950094,0.981066294691484,0.06171561402331477,4.399171128462846
1.0193095824207272,0.9810562141730588,0.06105797280393067,4.385278209577447
1.0193200561065958,0.9810461336546337,0.06020646512792626,4.364240611797839
1.0193305300077067,0.9810360531362085,0.05916572412648292,4.336032225267782
1.0193410041240663,0.9810259726177833,0.05794139136813924,4.300619870559646
1.0193514784556814,0.9810158920993581,0.05654010165405406,4.257962611375962
1.0193619530025586,0.981005811580933,0.05496947527846368,4.208011801749611
1.0193724277647047,0.9809957310625078,0.05323811757084622,4.150711932949556
1.0193829027421262,0.9809856505440827,0.051355624811896365,4.086002322979578
1.0193933779348296,0.9809755700256575,0.04933259488005529,4.0138196668117025
1.0194038533428216,0.9809654895072324,0.04718064027133422,3.934101438689026
1.019414328966109,0.9809554089888073,0.04491240047406898,3.8467901095017023
1.0194248048046983,0.9809453284703821,0.04254155010987398,3.751838112978705
1.0194352808585962,0.980935247951957,0.040082798810050314,3.649213465195589
1.0194457571278095,0.9809251674335318,0.03755187851652712,3.5389059134959324
1.0194562336123443,0.9809150869151066,0.03496551382260275,3.420933465311887
1.019466710312208,0.9809050063966814,0.032341371121905535,3.295349126044814
1.0194771872274064,0.9808949258782563,0.029697982751957126,3.162247661503024
1.0194876643579467,0.9808848453598311,0.027054643004580155,3.021772197666961
1.0194981417038353,0.980874764841406,0.024431273839829647,2.874120484734348
1.0195086192650793,0.9808646843229808,0.02184825935627652,2.719550691135197
1.0195190970416848,0.9808546038045557,0.019326249506287887,2.558386669808507
1.0195295750336586,0.9808445232861305,0.016885935135105615,2.3910227755750055
1.0195400532410073,0.9808344427677054,0.014547798088252087,2.217928550727764
1.0195505316637377,0.9808243622492802,0.012331841768993351,2.0396540183589504
1.0195610103018562,0.980814281730855,0.010257309027594136,1.8568371045403245
1.0195714891553698,0.9808042012124298,0.008342395512216324,1.6702162444036952
1.0195819682242848,0.9807941206940047,0.006603967495642033,1.4806544560391435
1.0195924475086078,0.9807840401755796,0.005057293631375072,1.2891885250550004
1.019602927008346,0.9807739596571544,0.0037158000204326907,1.097135280711251
1.0196134067235052,0.9807638791387293,0.0025908573703763552,0.9063375577994592
1.019623886654093,0.9807537986203041,0.0016916079168789195,0.7197893321371477
1.019634366800115,0.980743718101879,0.001024838222537407,0.5434267494520404
1.0196448471615789,0.9807336375834538,0.0005949020627272112,0.3918359896828578
1.0196553277384905,0.9807235570650287,0.0004036954887346488,0.30332414362145177
1.019665808530857,0.9807134765466035,0.00045068396352531987,0.3298791728161115
1.0196762895386846,0.9807033960281784,0.0007329793460744791,0.4483549182746561
1.0196867707619803,0.9806933155097531,0.0012454625884344254,0.6039153002333483
1.0196972522007504,0.980683234991328,0.0019809464178455823,0.7714875622654368
1.019707733855002,0.9806731544729028,0.0029303710817319534,0.9418615587985885
1.0197182157247413,0.9806630739544777,0.00408302547867075,1.1111202001720324
1.0197286978099753,0.9806529934360525,0.005426785687867316,1.277282031361299
1.0197391801107103,0.9806429129176274,0.006948363014246179,1.439200262252521
1.0197496626269533,0.9806328323992022,0.008633554132057034,1.596149071302734
1.0197601453587106,0.9806227518807771,0.010467486663047375,1.7476465283026554
1.019770628305989,0.980612671362352,0.012434854483475017,1.8933695038008145
1.0197811114687954,0.9806025908439268,0.014520138133154083,2.0331081463857825
1.0197915948471359,0.9805925103255017,0.016707806823370138,2.166738855454256
1.0198020784410178,0.9805824298070764,0.01898249963845058,2.294206540741799
1.0198125622504473,0.9805723492886513,0.02132918454770416,2.415511872697195
1.0198230462754312,0.9805622687702261,0.023733294748935995,2.530701417716328
1.0198335305159758,0.980552188251801,0.026180842628488042,2.6398595878109536
1.0198440149720884,0.9805421077333758,0.028658512236904857,2.7431018466827912
1.019854499643775,0.9805320272149507,0.031153731635290904,2.84056887550081
1.0198649845310428,0.9805219466965255,0.03365472678783472,2.9324215375917575
1.019875469633898,0.9805118661781004,0.0361505588551407,3.018836551162926
1.0198859549523478,0.9805017856596752,0.03863114681720804,3.10000281445919
1.0198964404863982,0.9804917051412501,0.041087277328917225,3.176118343553675
1.0199069262360563,0.9804816246228248,0.04351060361190765,3.247387788138547
1.0199174122013284,0.9804715441043997,0.04589363502995075,3.3140204895510097
1.0199278983822215,0.9804614635859745,0.048229718800829824,3.37622904039464
1.019938384778742,0.9804513830675494,0.05051301507683737,3.4342282975402374
1.0199488713908966,0.9804413025491243,0.052738466400431956,3.488234790999436
1.0199593582186923,0.9804312220306991,0.05490176231975482,3.5384664604488036
1.019969845262135,0.980421141512274,0.05699929974347011,3.585142639607674
1.0199803325212322,0.9804110609938488,0.05902813944146936,3.6284841970756956
1.01999081999599,0.9804009804754237,0.06098595896317981,3.6687137315580425
1.0200013076864154,0.9803908999569985,0.06287100216294783,3.706055711231235
1.0200117955925145,0.9803808194385734,0.06468202549767085,3.7407364430926147
1.0200222837142947,0.9803707389201481,0.06641824130280269,3.7729837606160572
1.020032772051762,0.980360658401723,0.06807925835735207,3.8030263289254753
1.0200432606049235,0.9803505778832978,0.06966502021871689,3.8310924878336725
1.0200537493737853,0.9803404973648727,0.07117574202505755,3.8574085851951634
1.020064238358355,0.9803304168464475,0.07261184671863492,3.882196795809472
1.0200747275586382,0.9803203363280224,0.0739739019015867,3.9056724722305676
1.0200852169746422,0.9803102558095972,0.07526255877690427,3.928041129255201
1.0200957066063736,0.9803001752911721,0.07647849480501613,3.949495217453385
1.020106196453839,0.9802900947727469,0.07762236179708268,3.97021088575092
1.0201166865170446,0.9802800142543218,0.07869474113323688,3.9903449612743023
1.0201271767959976,0.9802699337358967,0.07969610762567612,4.010032380278331
1.0201376672907048,0.9802598532174714,0.08062680323544738,4.029384283319131
1.0201481580011724,0.9802497726990463,0.08148702141850228,4.048486941178944
1.0201586489274073,0.9802396921806211,0.08227680234669815,4.067401609593499
1.020169140069416,0.980229611662196,0.08299603867830309,4.086165328999162
1.0201796314272051,0.9802195311437708,0.0836444909877687,4.104792600820857
1.0201901230007817,0.9802094506253457,0.08422181146568371,4.12327779568894
1.020200614790152,0.9801993701069205,0.08472757411716153,4.141598091363474
1.0202111067953228,0.9801892895884954,0.08516130944894273,4.1597167054972255
1.0202215990163008,0.9801792090700702,0.08552254156297623,4.177586183309796
1.0202320914530927,0.9801691285516451,0.08581082565999569,4.195151520759252
1.020242584105705,0.9801590480332198,0.08602578417903821,4.212352944556466
1.0202530769741445,0.9801489675147947,0.08616714012537624,4.229128223834717
1.0202635700584177,0.9801388869963695,0.08623474652321307,4.245414446309121
1.0202740633585314,0.9801288064779444,0.08622861133580323,4.261149247127598
1.0202845568744923,0.9801187259595193,0.08614891758024248,4.276271525708273
1.0202950506063069,0.9801086454410941,0.085996038700759,4.290721721317927
1.020305544553982,0.980098564922669,0.0857705495360397,4.304441740956355
1.020316038717524,0.9800884844042438,0.08547323340565505,4.317374643579655
1.02032653309694,0.9800784038858187,0.0851050859603726,4.329464185024727
1.0203370276922366,0.9800683233673935,0.0846673164830288,4.3406543202906525
1.02034752250342,0.9800582428489684,0.08416134731441485,4.350888746995832
1.0203580175304974,0.9800481623305431,0.08358881201511778,4.3601105580252915
1.020368512773475,0.980038081812118,0.08295155277949966,4.368262054673614
1.0203790082323596,0.9800280012936928,0.08225161750156565,4.375284755336722
1.020389503907158,0.9800179207752677,0.08149125676629565,4.381119619904459
1.020399999797877,0.9800078402568425,0.08067292091196983,4.385707496894307
1.0204104959045228,0.9799977597384174,0.07979925718910479,4.388989789255912
1.0204209922271026,0.9799876792199922,0.07887310693077991,4.390909325421183
1.0204314887656227,0.9799775987015671,0.07789750255754707,4.391411414593161
1.02044198552009,0.9799675181831419,0.07687566416253322,4.390445058931807
1.0204524824905106,0.9799574376647168,0.07581099537038662,4.387964290281618
1.0204629796768918,0.9799473571462917,0.07470707813019088,4.383929595007523
1.02047347707924,0.9799372766278664,0.07356766609075707,4.378309387267378
1.020483974697562,0.9799271961094413,0.07239667622344594,4.371081488931006
1.0204944725318643,0.9799171155910161,0.07119817838828839,4.362234572909235
1.0205049705821538,0.979907035072591,0.0699763825983128,4.351769526471568
1.0205154688484368,0.9798969545541658,0.06873562380884236,4.339700691946319
1.0205259673307203,0.9798868740357407,0.06748034415288426,4.326056944436793
1.0205364660290108,0.9798767935173155,0.06621507264190868,4.310882569557884
1.0205469649433152,0.9798667129988904,0.06494440246508423,4.294237909135054
1.02055746407364,0.9798566324804652,0.06367296612998696,4.2761997489088674
1.0205679634199913,0.9798465519620401,0.06240540879597145,4.25686142955108
1.0205784629823769,0.9798364714436149,0.06114636025010371,4.236332670535275
1.0205889627608025,0.9798263909251897,0.05990040605757911,4.214739105117723
1.0205994627552755,0.9798163104067645,0.05867205848045786,4.19222153367997
1.0206099629658019,0.9798062298883394,0.05746572779665316,4.168934911396459
1.0206204633923888,0.9797961493699142,0.05628569466012379,4.145047094206126
1.0206309640350426,0.9797860688514891,0.055136084127317256,4.120737374043724
1.0206414648937703,0.979775988333064,0.054020841927924716,4.096194839742046
1.0206519659685784,0.9797659078146388,0.05294371348903152,4.071616603766018
1.0206624672594735,0.9797558272962137,0.05190822613033538,4.047205936828351
1.0206729687664624,0.9797457467777885,0.050917674738818954,4.023170352245052
1.0206834704895515,0.9797356662593634,0.04997511111430326,3.9997196799507844
1.0206939724287478,0.9797255857409382,0.04908333705124664,3.9770641662789297
1.0207044745840579,0.979715505222513,0.04824490109903845,3.955412630394532
1.0207149769554884,0.9797054247040878,0.04746209882548841,3.93497070191713
1.0207254795430458,0.9796953441856627,0.0467369762972393,3.9159391570006794
1.0207359823467372,0.9796852636672375,0.046071336395976464,3.8985123626091625
1.0207464853665689,0.9796751831488124,0.045466747507572854,3.8828768310628865
1.0207569886025478,0.9796651026303872,0.04492455405352143,3.8692098795661893
1.0207674920546803,0.9796550221119621,0.04444588828569216,3.8576783827894277
1.0207779957229735,0.9796449415935369,0.04403168272774821,3.848437600734247
1.0207884996074337,0.9796348610751118,0.04368268262692907,3.841630059557957
1.0207990037080676,0.9796247805566866,0.043399457770816476,3.8373844597851843
1.020809508024882,0.9796147000382615,0.04318241302694101,3.8358145846715126
1.0208200125578835,0.9796046195198364,0.04303179698107789,3.837018181704187
1.0208305173070789,0.9795945390014111,0.042947708076408485,3.841075792186637
1.0208410222724746,0.979584458482986,0.04293009769799024,3.8480495080046526
1.0208515274540777,0.9795743779645608,0.0429787697047361,3.8579816409608565
1.0208620328518945,0.9795642974461357,0.04309337598390608,3.87089329839105
1.020872538465932,0.9795542169277105,0.04327340769950742,3.886782869393721
1.0208830442961965,0.9795441364092854,0.04351818202453175,3.905624438396526
1.020893550342695,0.9795340558908602,0.04382682429110165,3.9273661567838816
1.0209040566054337,0.9795239753724351,0.04419824566667759,3.951928618375917
1.02091456308442,0.9795138948540099,0.04463111666406259,3.9792032998268843
1.02092506977966,0.9795038143355848,0.04512383702078424,4.009051141707556
1.0209355766911608,0.9794937338171595,0.045674502730986485,4.0413013589316975
1.0209460838189284,0.9794836532987344,0.04628087127271659,4.075750578986592
1.0209565911629703,0.9794735727803092,0.04694032633717922,4.112162412106385
1.0209670987232926,0.9794634922618841,0.04764984361093543,4.150267557384235
1.0209776064999023,0.9794534117434589,0.04840595937937891,4.189764542472806
1.020988114492806,0.9794433312250338,0.04920474387985391,4.230321180638472
1.02099862270201,0.9794332507066087,0.05004178142123689,4.27157680784941
1.0210091311275216,0.9794231701881835,0.050912159282367135,4.3131453343505095
1.0210196397693472,0.9794130896697584,0.05181046728851616,4.354619111029358
1.0210301486274935,0.9794030091513332,0.05273080973307557,4.3955735723534595
1.0210406577019668,0.979392928632908,0.05366683096302414,4.435572577280913
1.0210511669927747,0.9793828481144828,0.054611755485644696,4.474174329811939
1.0210616764999227,0.9793727675960577,0.05555844290167005,4.5109377248972615
1.0210721862234187,0.9793626870776325,0.05649945735677975,4.54542893617861
1.0210826961632682,0.9793526065592074,0.05742715056377282,4.577228042103487
1.0210932063194789,0.9793425260407822,0.05833375682509448,4.605935478329234
1.0211037166920567,0.9793324455223571,0.05921149792555582,4.63117810830316
1.0211142272810088,0.9793223650039319,0.0600526953051787,4.652614720543517
1.0211247380863417,0.9793122844855068,0.06084988660090791,4.6699407897699725
1.021135249108062,0.9793022039670816,0.06159594348150964,4.682892377713249
1.0211457603461764,0.9792921234486565,0.06228418770421444,4.691249095706529
1.021156271800692,0.9792820429302312,0.06290850249604672,4.694836102102744
1.0211667834716147,0.9792719624118061,0.06346343667537317,4.693525159534686
1.0211772953589517,0.979261881893381,0.06394429936858846,4.687234827404006
1.0211878074627097,0.9792518013749558,0.06434724369244525,4.675929910689428
1.021198319782895,0.9792417208565307,0.06466933832657284,4.659620325159901
1.021208832319515,0.9792316403381055,0.06490862646010578,4.638359570266163
1.0212193450725757,0.9792215598196804,0.06506417210288375,4.6122430231186495
1.021229858042084,0.9792114793012552,0.06513609419689388,4.581406280762397
1.0212403712280467,0.9792013987828301,0.06512558930083433,4.546023783153963
1.0212508846304704,0.9791913182644049,0.0650349438495552,4.506307946977822
1.0212613982493617,0.9791812377459798,0.0648675370907141,4.4625090308330835
1.0212719120847276,0.9791711572275545,0.06462783577986199,4.414915935572786
1.0212824261365743,0.9791610767091294,0.0643213815760424,4.363858118970734
1.021292940404909,0.9791509961907042,0.06395477182770101,4.30970876900415
1.0213034548897377,0.9791409156722791,0.06353563409749793,4.252889331710677
1.0213139695910678,0.9791308351538539,0.06307259434662471,4.193875421573211
1.0213244845089056,0.9791207546354288,0.06257523821804344,4.133204047247465
1.0213349996432581,0.9791106741170036,0.06205406433197388,4.071481952620197
1.0213455149941315,0.9791005935985785,0.06152042796601639,4.009394691160076
1.0213560305615328,0.9790905130801534,0.06098647296589367,3.9477158087516813
1.0213665463454689,0.9790804325617282,0.06046504924855832,3.8873151989699237
1.021377062345946,0.9790703520433031,0.059969612865910814,3.829165317780432
1.0213875785629711,0.9790602715248778,0.05951410533651778,3.7743435245503436
1.0213980949965509,0.9790501910064527,0.05911280888768282,3.7240284088392843
1.0214086116466918,0.9790401104880275,0.05878017444265266,3.6794876690269582
1.0214191285134009,0.9790300299696024,0.058530619707327654,3.642055083405593
1.0214296455966847,0.9790199494511772,0.05837829562834686,3.6130945494721938
1.0214401628965497,0.9790098689327521,0.0583368208610869,3.5939502478389294
1.0214506804130028,0.9789997884143269,0.05841898574605782,3.585883802196699
1.0214611981460506,0.9789897078959018,0.0586364296327008,3.590001733461841
1.0214717160957,0.9789796273774766,0.05899929816283818,3.6071791241152917
1.0214822342619576,0.9789695468590515,0.05951589020065782,3.6379875214539106
1.0214927526448299,0.9789594663406262,0.06019230726601739,3.6826359392743124
1.0215032712443237,0.9789493858222011,0.06103212130498532,3.7409328426548085
1.0215137900604458,0.9789393053037759,0.062036079054373514,3.8122742585716325
1.0215243090932027,0.9789292247853508,0.0632018627204061,3.8956593220099287
1.0215348283426011,0.9789191442669257,0.06452392680511959,3.9897307024777593
1.021545347808648,0.9789090637485005,0.0659934293439972,4.092834446227521
1.0215558674913499,0.9788989832300754,0.0675982723802572,4.203092343054347
1.0215663873907135,0.9788889027116502,0.06932326121550965,4.318479940920858
1.0215769075067451,0.9788788221932251,0.07115038510586334,4.436904340438825
1.0215874278394521,0.9788687416747999,0.07305921414830524,4.556277341701672
1.0215979483888409,0.9788586611563748,0.07502739885909494,4.674580938446627
1.021608469154918,0.9788485806379496,0.07703125125882712,4.789923319737948
1.0216189901376902,0.9788385001195244,0.07904638002033212,4.900584394557515
1.0216295113371645,0.9788284196010992,0.08104834814348362,5.005050457861277
1.021640032753347,0.9788183390826741,0.08301332018624566,5.102038059986226
1.021650554386245,0.9788082585642489,0.08491866744007519,5.190507501229677
1.0216610762358649,0.9787981780458238,0.0867435033823187,5.269666691828678
1.0216715983022133,0.9787880975273986,0.08846912773196762,5.338966402946878
1.021682120585297,0.9787780170089735,0.09007936473181602,5.398088173693303
1.021692643085123,0.9787679364905483,0.0915607890316085,5.446926312006016
1.0217031658016973,0.9787578559721232,0.09290283995168745,5.485565516338764
1.0217136887350273,0.9787477754536981,0.09409783130714632,5.514255643350133
1.0217242118851193,0.9787376949352729,0.09514086891206805,5.533385058009461
1.02173473525198,0.9787276144168477,0.09602969116795879,5.543453841996781
1.0217452588356164,0.9787175338984225,0.09676444976207849,5.545047924164214
1.021755782636035,0.9787074533799974,0.09734744765054248,5.538814957280899
1.0217663066532425,0.9786973728615722,0.0977828504679072,5.5254425203794355
1.0217768308872455,0.9786872923431471,0.09807638563004943,5.505638994510345
1.021787355338051,0.9786772118247219,0.09823504102973747,5.480117255188859
1.021797880005665,0.9786671313062968,0.09826677266111261,5.44958115530261
1.0218084048900953,0.9786570507878716,0.09818022800272314,5.414714641262679
1.0218189299913476,0.9786469702694465,0.09798448970725368,5.376173251994714
1.0218294553094291,0.9786368897510213,0.09768884220651115,5.334577691985604
1.0218399808443466,0.9786268092325962,0.09730256229493549,5.290509141361843
1.0218505065961063,0.9786167287141709,0.09683473360737853,5.244505962404105
1.0218610325647153,0.9786066481957458,0.09629408414720031,5.1970614783520634
1.0218715587501803,0.9785965676773207,0.09568884558943587,5.14862253158732
1.021882085152508,0.9785864871588955,0.09502663294015143,5.099588570957259
1.0218926117717047,0.9785764066404704,0.09431434320639007,5.050311068339102
1.0219031386077775,0.9785663261220452,0.09355807196317341,5.0010931198691875
1.021913665660733,0.9785562456036201,0.0927630470373542,4.952189145064394
1.021924192930578,0.9785461650851949,0.09193357889925395,4.903804654357931
1.021934720417319,0.9785360845667698,0.09107302771662269,4.856096109923062
1.021945248120963,0.9785260040483446,0.09018378733022885,4.809170952638497
1.0219557760415166,0.9785159235299195,0.08926728661346148,4.763087906410459
1.0219663041789862,0.9785058430114942,0.08832400875046043,4.71785769651159
1.0219768325333787,0.9784957624930691,0.08735352888635634,4.673444328289645
1.021987361104701,0.9784856819746439,0.08635457034994481,4.629767064276924
1.0219978898929594,0.9784756014562188,0.08532507924109413,4.586703211152826
1.022008418898161,0.9784655209377936,0.08426231662106207,4.5440917841693516
1.0220189481203124,0.9784554404193685,0.0831629668868764,4.50173805888843
1.0220294775594203,0.9784453599009433,0.08202326019755604,4.459418953497822
1.0220400072154912,0.9784352793825182,0.08083910611589025,4.416889116252557
1.022050537088532,0.9784251988640931,0.0796062349951979,4.373887528849396
1.0220610671785495,0.9784151183456679,0.07832034314968263,4.330144385114336
1.02207159748555,0.9784050378272428,0.07697723754563307,4.285387970802322
1.0220821280095407,0.9783949573088175,0.07557297568711897,4.23935125871415
1.0220926587505281,0.9783848767903924,0.07410399655628037,4.191777944883511
1.0221031897085189,0.9783747962719672,0.0725672388999412,4.1424276849503086
1.0221137208835196,0.9783647157535421,0.07096024380377203,4.091080341466843
1.0221242522755374,0.9783546352351169,0.06928123930469854,4.0375391170517325
1.0221347838845785,0.9783445547166918,0.06752920570286408,3.981632518727421
1.0221453157106501,0.9783344741982666,0.06570392117016956,3.92321516883072
1.0221558477537585,0.9783243936798415,0.06380598814056246,3.862167541533684
1.0221663800139105,0.9783143131614163,0.06183684175129617,3.7983947567580847
1.0221769124911129,0.9783042326429912,0.05979874223100867,3.731824601898327
1.0221874451853723,0.9782941521245659,0.05769475357587387,3.6624049749564684
1.0221979780966954,0.9782840716061408,0.0555287111032831,3.590100950511532
1.0222085112250892,0.9782739910877156,0.05330518054199556,3.5148916640240877
1.0222190445705601,0.9782639105692905,0.051029411214422005,3.4367671922402985
1.0222295781331148,0.9782538300508654,0.04870728564230491,3.355725581160375
1.0222401119127604,0.9782437495324402,0.046345267584197124,3.271770140812331
1.022250645909503,0.9782336690140151,0.04395035014110785,3.1849070909166133
1.0222611801233499,0.9782235884955899,0.04153000517915488,3.0951436060059994
1.0222717145543074,0.9782135079771648,0.03909213495289633,3.002486274948261
1.0222822492023826,0.9782034274587396,0.03664502648614504,2.906939959571733
1.0222927840675817,0.9781933469403145,0.034197309014507335,2.8085070122339277
1.022303319149912,0.9781832664218892,0.03175791460292642,2.707186792955043
1.0223138544493797,0.9781731859034641,0.02933604195128794,2.602975414971387
1.0223243899659917,0.9781631053850389,0.026941123360909477,2.4958656429402306
1.0223349256997547,0.9781530248666138,0.024582794865159133,2.3858468719132473
1.0223454616506755,0.9781429443481886,0.022270869596612213,2.2729051275848997
1.0223559978187609,0.9781328638297635,0.020015314559974406,2.1570230503619827
1.0223665342040174,0.9781227833113383,0.01782623107807147,2.038179858890581
1.0223770708064517,0.9781127027929132,0.01571383925599707,1.9163513360189923
1.0223876076260707,0.978102622274488,0.013688466843449584,1.791509948546723
1.022398144662881,0.9780925417560629,0.011760542853069732,1.6636253164707875
1.0224086819168892,0.9780824612376378,0.009940596195912072,1.5326654200034908
1.0224192193881023,0.9780723807192125,0.008239259424990795,1.3985992471120035
1.0224297570765266,0.9780623002007874,0.006667277430029026,1.261402213774884
1.0224402949821694,0.9780522196823622,0.00523552061422833,1.1210670709166664
1.022450833105037,0.9780421391639371,0.00395500172180954,0.9776263447389373
1.0224613714451363,0.9780320586455119,0.002836895094250578,0.8312012976293636
1.0224719100024737,0.9780219781270868,0.0018925567367937886,0.6821197173320792
1.0224824487770563,0.9780118976086616,0.0011335432001682935,0.5312437180684991
1.0224929877688906,0.9780018170902365,0.0005716269492923313,0.38109862534669064
1.0225035269779836,0.9779917365718113,0.00021880561917371553,0.24116121340272265
1.0225140664043415,0.9779816560533862,8.730236695687408e-05,0.15848207122424895
1.0225246060479716,0.977971575534961,0.0001895544269519545,0.22487369537308147
1.02253514590888,0.9779614950165358,0.0005381869717064194,0.37325539110247885
1.022545685987074,0.9779514144981106,0.0011459694796671974,0.5445505286307769
1.02255622628256,0.9779413339796855,0.0020257520109659066,0.7264573296003657
1.022566766795345,0.9779312534612603,0.003190379098273386,0.9158663947844068
1.0225773075254354,0.9779211729428352,0.0046525793701816375,1.1117352767148179
1.022587848472838,0.9779110924244101,0.006424829542204581,1.3136490716932436
1.0225983896375594,0.9779010119059849,0.008519192036523739,1.521417317767935
1.0226089310196067,0.9778909313875598,0.010947126227127109,1.7349299829911506
1.0226194726189863,0.9778808508691346,0.013719274154483497,1.9540953907266527
1.022630014435705,0.9778707703507095,0.01684522250170901,2.1788088929524143
1.0226405564697696,0.9778606898322842,0.020333243672960206,2.4089347552297937
1.0226510987211868,0.9778506093138591,0.024190019933677306,2.644294457735409
1.0226616411899632,0.9778405287954339,0.028420355739845065,2.8846585418906923
1.0226721838761057,0.9778304482770088,0.03302688455348383,3.129740727096642
1.022682726779621,0.9778203677585836,0.03800977756142676,3.379193726711689
1.0226932699005156,0.9778102872401585,0.0433664627148258,3.632606522992728
1.0227038132387964,0.9778002067217333,0.049091363318459515,3.8895030200352667
1.02271435679447,0.9777901262033082,0.05517566592859718,4.14934206676557
1.0227249005675434,0.977780045684883,0.061607127506347094,4.4115188681231805
1.022735444558023,0.9777699651664579,0.06836993152355515,4.675367799135672
1.0227459887659158,0.9777598846480327,0.07544460200747888,4.9401666149573655
1.0227565331912283,0.9777498041296075,0.08280798327824575,5.2051420147449985
1.0227670778339675,0.9777397236111824,0.09043329141935241,5.469476474659068
1.0227776226941399,0.9777296430927572,0.09829024134023553,5.732316218200711
1.022788167771752,0.9777195625743321,0.10634525074728694,5.992780145382691
1.022798713066811,0.9777094820559069,0.11456171955425566,6.249969499803024
1.0228092585793234,0.9776994015374818,0.12290038037836956,6.502978017803394
1.022819804309296,0.9776893210190566,0.1313197129830994,6.750902280843376
1.0228303502567355,0.9776792405006315,0.13977641299484975,6.992851982599788
1.0228408964216487,0.9776691599822063,0.14822590313602071,7.227959828597081
1.0228514428040418,0.9776590794637812,0.15662287370275013,7.455390808153296
1.0228619894039224,0.977648998945356,0.16492183817801015,7.674350615437364
1.0228725362212965,0.9776389184269308,0.17307768975933652,7.884093046285605
1.0228830832561713,0.9776288379085056,0.1810462451732753,8.083926256708855
1.0228936305085532,0.9776187573900805,0.18878476338167471,8.273217833574414
1.0229041779784493,0.9776086768716553,0.19625242854119523,8.451398693355035
1.022914725665866,0.9775985963532302,0.20341078867992912,8.617965885744367
1.0229252735708099,0.977588515834805,0.21022414385977795,8.77248443180415
1.0229358216932882,0.9775784353163799,0.2166598798690166,8.914588366016856
1.0229463700333072,0.9775683547979548,0.22268874562168212,9.043981176706467
1.022956918590874,0.9775582742795296,0.22828507423314906,9.160435846359277
1.022967467365995,0.9775481937611045,0.23342694914133832,9.263794683226129
1.0229780163586772,0.9775381132426793,0.23809631756936475,9.353969107948759
1.022988565568927,0.9775280327242541,0.24227905408152553,9.430939516062738
1.0229991149967517,0.9775179522058289,0.24596497703065623,9.49475528234629
1.0230096646421574,0.9775078716874038,0.2491478203966105,9.545534909706678
1.0230202145051512,0.9774977911689786,0.25182516300789065,9.583466258799934
1.0230307645857397,0.9774877106505535,0.25399831655540095,9.608806730193859
1.0230413148839297,0.9774776301321283,0.2556721732854655,9.621883213874833
1.0230518653997278,0.9774675496137032,0.25685501393301513,9.623091576991207
1.023062416133141,0.977457469095278,0.25755827643618795,9.612895434319169
1.0230729670841756,0.9774473885768529,0.2577962863123341,9.591823940761738
1.0230835182528388,0.9774373080584277,0.2575859503100183,9.560468363313209
1.023094069639137,0.9774272275400026,0.2569464160341563,9.519477231338946
1.0231046212430772,0.9774171470215773,0.2558987016174704,9.469549927342255
1.023115173064666,0.9774070665031522,0.25446530101323167,9.411428660726335
1.0231257251039099,0.9773969859847271,0.2526697720279805,9.34588885985138
1.0231362773608161,0.9773869054663019,0.25053631556966627,9.273728114593148
1.023146829835391,0.9773768249478768,0.24808935566144472,9.195753895787862
1.0231573825276414,0.9773667444294516,0.24535313039953144,9.112770361035619
1.0231679354375742,0.9773566639110265,0.24235130417160916,9.025564622301696
1.023178488565196,0.9773465833926013,0.23910661102846092,8.93489289363592
1.0231890419105134,0.9773365028741762,0.23564053819246483,8.84146695537734
1.0231995954735333,0.977326422355751,0.2319730573127942,8.745941362653816
1.0232101492542625,0.9773163418373259,0.2281224094034749,8.648901793998448
1.0232207032527076,0.9773062613189006,0.22410494751625568,8.5508548833318
1.0232312574688753,0.9772961808004755,0.21993503928353597,8.452219811787822
1.0232418119027726,0.9772861002820503,0.21562502961801616,8.353321860569249
1.023252366554406,0.9772760197636252,0.21118526219896552,8.254388049144717
1.0232629214237825,0.9772659392452,0.2066241569691021,8.15554491035811
1.0232734765109084,0.9772558587267749,0.20194833975404788,8.056818390446644
1.0232840318157908,0.9772457782083497,0.1971628192823569,7.958135810801407
1.023294587338436,0.9772356976899246,0.19227120630832545,7.859329791505931
1.0233051430788513,0.9772256171714995,0.187275969146554,7.760144013915902
1.0233156990370431,0.9772155366530743,0.1821787196567727,7.660240689483479
1.0233262552130185,0.9772054561346492,0.17698052347857804,7.5592096013549686
1.0233368116067838,0.9771953756162239,0.17168222804833402,7.456578590307297
1.0233473682183458,0.9771852950977988,0.16628480156052938,7.351825362338417
1.0233579250477114,0.9771752145793736,0.16078967555070717,7.244390497543457
1.0233684820948874,0.9771651340609485,0.1551990831462881,7.133691533831863
1.0233790393598805,0.9771550535425233,0.1495163843097648,7.019137981704498
1.0233895968426971,0.9771449730240982,0.14374636863657492,6.900147095195457
1.0234001545433444,0.977134892505673,0.1378955255768784,6.776160178853508
1.023410712461829,0.9771248119872479,0.1319722714650772,6.646659153069131
1.0234212705981576,0.9771147314688227,0.1259871226117027,6.511183033759075
1.0234318289523368,0.9771046509503976,0.11995280410644932,6.369343913554865
1.0234423875243737,0.9770945704319723,0.1138842850457299,6.22084196815288
1.0234529463142745,0.9770844899135472,0.10779873274480076,6.065478962700218
1.0234635053220467,0.977074409395122,0.10171538116247134,5.903169708544614
1.0234740645476963,0.9770643288766969,0.09565531223217191,5.733950929753466
1.0234846239912303,0.9770542483582718,0.08964115289810848,5.557987047977232
1.0234951836526558,0.9770441678398466,0.0836966951756566,5.37557248748969
1.023505743531979,0.9770340873214215,0.07784645114291182,5.187130238360035
1.023516303629207,0.9770240068029963,0.07211515903096721,4.993206588793808
1.0235268639443464,0.9770139262845712,0.06652726010967543,4.794462137165541
1.023537424477404,0.977003845766146,0.06110636845654173,4.591659404529091
1.0235479852283866,0.9769937652477209,0.05587475668593732,4.3856475729927
1.023558546197301,0.9769836847292956,0.05085288011854584,4.17734505603197
1.0235691073841535,0.9769736042108705,0.04605895971696799,3.9677207491251902
1.0235796687889513,0.9769635236924453,0.04150864055326393,3.7577749015104596
1.023590230411701,0.9769534431740202,0.03721473795314621,3.5485205885754465
1.0236007922524095,0.976943362655595,0.03318707818749323,3.340966750818542
1.0236113543110832,0.9769332821371699,0.02943243514805486,3.1361037089467843
1.0236219165877292,0.9769232016187447,0.025954559297967632,2.9348919786519785
1.0236324790823539,0.9769131211003196,0.02275429073926457,2.738255110434183
1.0236430417949645,0.9769030405818944,0.019829744762069213,2.5470771848517515
1.0236536047255673,0.9768929600634693,0.01717655590459894,2.3622055129451947
1.0236641678741694,0.9768828795450442,0.014788165377279157,2.18445902151339
1.0236747312407772,0.9768727990266189,0.012656136615631985,2.014642713847296
1.0236852948253978,0.9768627185081938,0.010770484546018743,1.8535684064618374
1.0236958586280378,0.9768526379897686,0.009120005667271515,1.7020814790270142
1.0237064226487038,0.9768425574713435,0.007692598025226819,1.5610923129995184
1.023716986887403,0.9768324769529183,0.006475562361260164,1.4316088967532472
1.0237275513441415,0.9768223964344932,0.005455877954463065,1.3147630192427968
1.0237381160189265,0.976812315916068,0.004620448790104844,1.2118160334906678
1.0237486809117646,0.9768022353976429,0.003956317570099941,1.1241222546021763
1.0237592460226628,0.9767921548792177,0.003450846666937701,1.0530234748561458
1.0237698113516276,0.9767820743607926,0.00309186638803996,0.9996576695616599
1.0237803768986657,0.9767719938423673,0.002867791868057901,0.9647010372105718
1.023790942663784,0.9767619133239422,0.0027677105730826187,0.9481202160303753
1.0238015086469892,0.976751832805517,0.002781442825802619,0.9490493256195226
1.023812074848288,0.9767417522870919,0.002899577996929991,0.9658703406731174
1.0238226412676872,0.9767316717686667,0.0031134891063176124,0.9964712204536028
1.0238332079051935,0.9767215912502416,0.0034153285878450205,1.0385683835810875
1.0238437747608138,0.9767115107318165,0.0037980079342999646,1.0899770199731047
1.0238543418345547,0.9767014302133913,0.004255163885115534,1.1487735770084113
1.023864909126423,0.9766913496949662,0.004781113769324282,1.2133560568914592
1.0238754766364255,0.976681269176541,0.005370802575087744,1.2824359794264288
1.023886044364569,0.9766711886581159,0.006019744283578562,1.3549962497894878
1.0238966123108602,0.9766611081396906,0.006723959961814511,1.430238504468043
1.0239071804753057,0.9766510276212655,0.0074799150376609605,1.5075327269887466
1.0239177488579125,0.9766409471028403,0.008284458057358906,1.586374581957824
1.0239283174586873,0.9766308665844152,0.009134763031607842,1.6663518451194137
1.0239388862776369,0.97662078606599,0.01002827719752063,1.747119387383711
1.0239494553147677,0.9766107055475649,0.010962675658655115,1.8283814302819865
1.0239600245700868,0.9766006250291397,0.011935823929643766,1.9098796196253447
1.0239705940436008,0.9765905445107146,0.012945748921150146,1.9913855369021853
1.0239811637353167,0.9765804639922894,0.013990618402432108,2.072696430926025
1.0239917336452409,0.9765703834738643,0.01506872850053051,2.1536331386175855
1.0240023037733805,0.976560302955439,0.01617849838255215,2.2340393496473196
1.024012874119742,0.976550222437014,0.017318470951664788,2.3137815465181113
1.0240234446843322,0.9765401419185888,0.018487318188446934,2.392749116273419
1.024034015467158,0.9765300614001636,0.019683849692193042,2.470854279800935
1.0240445864682262,0.9765199808817385,0.02090702302280458,2.548031617458969
1.0240551576875432,0.9765099003633133,0.02215595458259483,2.62423708208497
1.024065729125116,0.9764998198448882,0.023429929994797587,2.699446481348688
1.0240763007809517,0.976489739326463,0.02472841319307356,2.7736534797628885
1.0240868726550565,0.9764796588080379,0.02605105370878726,2.8468672176415426
1.0240974447474374,0.9764695782896127,0.02739769190449962,2.9191096720382173
1.024108017058101,0.9764594977711876,0.02876836212899243,2.9904128961243837
1.0241185895870542,0.9764494172527624,0.03016329395498943,3.0608162724776253
1.0241291623343038,0.9764393367343372,0.03158291179048878,3.1303639054902215
1.0241397352998567,0.976429256215912,0.033027833232818334,3.1991022620578047
1.0241503084837191,0.9764191756974869,0.034498866558659205,3.2670781502418738
1.0241608818858985,0.9764090951790617,0.03599700772135752,3.334337104699132
1.024171455506401,0.9763990146606366,0.03752343716294188,3.4009222264271055
1.024182029345234,0.9763889341422114,0.03907951664938483,3.4668735033499773
1.0241926034024036,0.9763788536237863,0.040666786212252976,3.5322276176686778
1.024203177677917,0.9763687731053612,0.04228696113298756,3.5970182254963694
1.024213752171781,0.976358692586936,0.043941928747035355,3.6612766740448355
1.024224326884002,0.9763486120685109,0.04563374468199888,3.7250331014469027
1.0242349018145869,0.9763385315500857,0.04736462798253484,3.7883178442934202
1.0242454769635427,0.9763284510316605,0.04913695443238588,3.851163059113637
1.0242560523308761,0.9763183705132353,0.05095324726230542,3.913604446883328
1.0242666279165935,0.9763082899948102,0.05281616434995608,3.9756829559065596
1.0242772037207022,0.976298209476385,0.05472848098160513,4.03744632962416
1.0242877797432086,0.9762881289579599,0.05669306726486736,4.098950363583994
1.0242983559841194,0.9762780484395347,0.058712859363272425,4.160259741525789
1.0243089324434418,0.9762679679211096,0.060790823865999565,4.221448335020254
1.024319509121182,0.9762578874026844,0.06292991481388427,4.282598874846965
1.0243300860173474,0.9762478068842593,0.06513302315539746,4.343801934053638
1.0243406631319443,0.9762377263658341,0.06740291870228662,4.4051542011266775
1.0243512404649795,0.976227645847409,0.06974218497053114,4.466756064018169
1.02436181801646,0.9762175653289837,0.07215314760821989,4.528708568547841
1.0243723957863922,0.9762074848105586,0.07463779741672819,4.591109854717895
1.0243829737747832,0.9761974042921335,0.07719770924072551,4.6540512079223
1.0243935519816396,0.9761873237737083,0.0798339582330102,4.7176128866170535
1.0244041304069684,0.9761772432552832,0.08254703518008913,4.781859901636528
1.024414709050776,0.976167162736858,0.08533676270811302,4.846837924691907
1.0244252879130695,0.9761570822184329,0.08820221427686202,4.912569495170206
1.0244358669938556,0.9761470017000077,0.091141637924984,4.979050676992519
1.0244464462931409,0.9761369211815826,0.09415238675223499,5.046248293193429
1.0244570258109322,0.9761268406631574,0.09723085813365241,5.1140978380582025
1.0244676055472364,0.9761167601447323,0.10037244364331066,5.182502137360759
1.0244781855020604,0.976106679626307,0.10357149163833079,5.251330799099625
1.0244887656754105,0.9760965991078819,0.10682128439516485,5.320420471392189
1.024499346067294,0.9760865185894567,0.1101140316006237,5.3895759019168805
1.0245099266777171,0.9760764380710316,0.11344088185327007,5.458571774476506
1.0245205075066872,0.9760663575526064,0.11679195362697362,5.527155282825221
1.0245310885542107,0.9760562770341813,0.12015638685155505,5.5950493886697545
1.0245416698202945,0.9760461965157561,0.12352241588118952,5.661956699262058
1.0245522513049452,0.976036115997331,0.12687746413993833,5.727563889430907
1.0245628330081695,0.9760260354789059,0.13020826014371864,5.791546582230165
1.0245734149299746,0.9760159549604807,0.1335009739355228,5.853574592123997
1.024583997070367,0.9760058744420556,0.13674137223417748,5.913317424288493
1.0245945794293536,0.9759957939236303,0.13991498983553044,5.970449914032178
1.0246051620069407,0.9759857134052052,0.1430073140431635,6.024657882099099
1.0246157448031359,0.97597563288678,0.14600397820933458,6.0756436758827785
1.0246263278179453,0.9759655523683549,0.1488909598601949,6.123131463952528
1.0246369110513758,0.9759554718499297,0.15165477843154937,6.1668721530504085
1.0246474945034345,0.9759453913315046,0.15428268737564563,6.206647803098924
1.0246580781741277,0.9759353108130794,0.15676285535644358,6.242275427349205
1.0246686620634626,0.9759252302946543,0.1590845314387938,6.273610081248096
1.0246792461714458,0.9759151497762291,0.16123818960208014,6.300547164548778
1.024689830498084,0.975905069257804,0.16321564854988374,6.323023885584455
1.024700415043384,0.9758949887393787,0.16501016361282222,6.341019863229132
1.0247109998073527,0.9758849082209536,0.1666164885053071,6.3545568694658545
1.0247215847899969,0.9758748277025284,0.16803090574596605,6.36369774207198
1.024732169991323,0.9758647471841033,0.1692512256196336,6.368544521255504
1.0247427554113382,0.9758546666656782,0.17027675459440858,6.369235884829462
1.0247533410500491,0.975844586147253,0.1711082350549712,6.365943972920636
1.0247639269074624,0.9758345056288279,0.17174775902167116,6.358870704321091
1.0247745129835852,0.9758244251104027,0.17219865918045266,6.3482436928050925
1.024785099278424,0.9758143445919776,0.17246538101219383,6.334311872847332
1.0247956857919858,0.9758042640735524,0.17255334010135948,6.3173409412388635
1.0248062725242768,0.9757941835551273,0.17246876881307296,6.297608714825581
1.0248168594753047,0.975784103036702,0.17221855649244666,6.275400496343886
1.0248274466450753,0.9757740225182769,0.1718100871686812,6.251004531062534
1.024838034033596,0.9757639419998517,0.1712510784887721,6.224707628056812
1.0248486216408736,0.9757538614814266,0.17054942527133052,6.196791012038765
1.0248592094669147,0.9757437809630014,0.16971305070203815,6.16752646547993
1.024869797511726,0.9757337004445763,0.1687497678004943,6.137172816293116
1.0248803857753144,0.9757236199261511,0.1676671533868402,6.105972823089769
1.0248909742576866,0.975713539407726,0.1664724363777478,6.074150507238398
1.0249015629588496,0.9757034588893008,0.16517240183728835,6.0419089771174885
1.0249121518788098,0.9756933783708757,0.163773311799029,6.009428783608507
1.0249227410175743,0.9756832978524506,0.16228084345097732,5.976866835460821
1.0249333303751498,0.9756732173340253,0.1607000448350114,5.944355887490793
1.024943919951543,0.9756631368156002,0.15903530774681918,5.912004593057472
1.024954509746761,0.975653056297175,0.15729035704926578,5.879898085444453
1.02496509976081,0.9756429757787499,0.15546825513998494,5.84809902213039
1.0249756899936975,0.9756328952603247,0.15357141986505288,5.816648993990301
1.0249862804454295,0.9756228147418996,0.15160165378688645,5.785570171850328
1.0249968711160133,0.9756127342234744,0.14956018241510774,5.754867039002665
1.0250074620054557,0.9756026537050493,0.14744769883911127,5.724528043934745
1.0250180531137632,0.9755925731866241,0.1452644121804918,5.6945270052322154
1.0250286444409429,0.975582492668199,0.14301009742370935,5.664824111352929
1.0250392359870013,0.9755724121497737,0.14068414448972147,5.635366381516394
1.0250498277519453,0.9755623316313486,0.1382856048686125,5.606087487991881
1.0250604197357818,0.9755522511129234,0.1358132346950524,5.5769068811926825
1.0250710119385171,0.9755421705944983,0.13326553379624043,5.547728203163179
1.025081604360159,0.9755320900760731,0.13064078092065393,5.518437017992198
1.025092197000713,0.975522009557648,0.12793706602427737,5.488897926022491
1.0251027898601868,0.9755119290392229,0.12515232111228236,5.458951159977559
1.025113382938587,0.9755018485207977,0.12228435168013291,5.428408784414326
1.0251239762359203,0.9754917680023726,0.11933087125131688,5.397050635657936
1.0251345697521934,0.9754816874839474,0.11628954185674055,5.3646201491189425
1.0251451634874131,0.9754716069655223,0.11315802355043746,5.330820227292887
1.0251557574415866,0.975461526447097,0.10993403619487131,5.295309307322288
1.02516635161472,0.975451445928672,0.10661543679090837,5.257697794831133
1.0251769460068207,0.9754413654102467,0.10320031555239917,5.217545042859585
1.0251875406178952,0.9754312848918216,0.09968711372813766,5.174357072925222
1.0251981354479502,0.9754212043733964,0.09607476581900243,5.1275852598619664
1.0252087304969926,0.9754111238549713,0.09236286829196731,5.076626232725521
1.0252193257650295,0.9754010433365461,0.08855187609440397,5.020823278568711
1.025229921252067,0.975390962818121,0.08464332717216473,4.959469571088657
1.0252405169581125,0.9753808822996958,0.0806400937183359,4.891813576987821
1.0252511128831725,0.9753708017812707,0.07654665698491966,4.817067013260541
1.025261709027254,0.9753607212628455,0.07236940013292983,4.734415730745526
1.0252723053903634,0.9753506407444203,0.06811691080188206,4.643033875258995
1.0252829019725078,0.9753405602259952,0.06380028190404805,4.542101619213165
1.0252934987736941,0.97533047970757,0.059433395766394254,4.430826658329766
1.0253040957939288,0.9753203991891449,0.05503317340542742,4.308469528189682
1.025314693033219,0.9753103186707197,0.05061976781245175,4.174372620948868
1.025325290491571,0.9753002381522946,0.04621667814185724,4.0279925933284835
1.0253358881689922,0.9752901576338694,0.04185076118968303,3.868935692130477
1.025346486065489,0.9752800771154443,0.03755211811717778,3.6969954511508747
1.0253570841810684,0.9752699965970191,0.03335383850137574,3.5121923434432762
1.025367682515737,0.975259916078594,0.029291590779223994,3.3148154816491924
1.0253782810695016,0.9752498355601688,0.025403057935015606,3.1054676332453117
1.0253888798423691,0.9752397550417437,0.021727229363249344,2.885117146388595
1.0253994788343463,0.9752296745233184,0.018303573219028462,2.6551647498016018
1.02541007804544,0.9752195940048933,0.015171126777354257,2.417541273399784
1.025420677475657,0.9752095134864681,0.012367553614697128,2.174867395979175
1.0254312771250038,0.975199432968043,0.009928224019644839,1.930734742118542
1.0254418769934879,0.9751893524496178,0.007885377460067703,1.690219064357277
1.0254524770811153,0.9751792719311927,0.006267422363884104,1.4608168781359463
1.025463077387893,0.9751691914127676,0.005098418930914071,1.2540457578614699
1.0254736779138283,0.9751591108943424,0.00439777616633341,1.0875466564093206
1.0254842786589273,0.9751490303759173,0.004180176564081951,0.9852950860441572
1.0254948796231975,0.975138949857492,0.004455723117336254,0.9694521516659753
1.025505480806645,0.975128869339067,0.005230285904980569,1.0439838715241345
1.0255160822092773,0.9751187888206417,0.006506011362569609,1.1910387112905736
1.0255266838311003,0.9751087083022166,0.008281947808403148,1.386210384788065
1.0255372856721217,0.9750986277837914,0.010554736374010807,1.6104318017616583
1.0255478877323478,0.9750885472653663,0.013319316920826439,1.8515932234070005
1.0255584900117856,0.9750784667469411,0.016569602951905255,2.1025076299526613
1.0255690925104417,0.975068386228516,0.020299086733347287,2.3589921303297103
1.0255796952283232,0.9750583057100908,0.024501344525613502,2.6186589111195993
1.0255902981654363,0.9750482251916657,0.02917042081001855,2.8802153417988716
1.0256009013217886,0.9750381446732405,0.03430107878449931,3.143056137990013
1.0256115046973864,0.9750280641548154,0.03988891160993286,3.407015327150908
1.0256221082922368,0.9750179836363901,0.045930314688254495,3.6722063699319616
1.025632712106346,0.975007903117965,0.052422323646167036,3.938912429303554
1.0256433161397214,0.9749978225995399,0.059362325947742135,4.2075063912908615
1.0256539203923698,0.9749877420811147,0.06674765646439919,4.478389430813736
1.0256645248642977,0.9749776615626896,0.07457508932629177,4.751941802255924
1.025675129555512,0.9749675810442644,0.08284024031122307,5.028482212862853
1.0256857344660195,0.9749575005258393,0.09153689621816206,5.308233668021425
1.025696339595827,0.9749474200074141,0.10065629036149237,5.591294601764327
1.0257069449449414,0.974937339488989,0.11018634657478703,5.877614700195374
1.0257175505133693,0.9749272589705638,0.12011091791931022,6.166975234414252
1.0257281563011178,0.9749171784521387,0.13040905042518675,6.458974013104482
1.0257387623081935,0.9749070979337134,0.1410543063056311,6.753015276117014
1.025749368534603,0.9748970174152883,0.15201418464382405,7.048304988749317
1.0257599749803537,0.9748869368968631,0.1632496799228073,7.343852060542716
1.0257705816454519,0.974876856378438,0.17471501921420354,7.638475994613143
1.0257811885299046,0.9748667758600128,0.18635761665529088,7.930821366480965
1.0257917956337184,0.9748566953415877,0.19811827840078974,8.219379330536512
1.0258024029569004,0.9748466148231625,0.20993168218488187,8.502516061903275
1.0258130104994572,0.9748365343047374,0.2217271429241198,8.778507674316188
1.0258236182613956,0.9748264537863123,0.23342965993642784,9.045580737537824
1.0258342262427227,0.9748163732678871,0.24496122325081976,9.301957086139597
1.0258448344434448,0.974806292749462,0.25624233765216187,9.545901212021496
1.0258554428635691,0.9747962122310367,0.2671937053067542,9.775768213505884
1.0258660515031024,0.9747861317126116,0.27773799304732016,9.990050080822163
1.0258766603620515,0.9747760511941864,0.287801600498164,10.187418066324431
1.0258872694404229,0.9747659706757613,0.29731634157747033,10.366759035382485
1.0258978787382236,0.9747558901573361,0.3062209553202007,10.527204018150433
1.0259084882554605,0.974745809638911,0.3144623722486658,10.66814765606231
1.0259190979921404,0.9747357291204858,0.32199667878601956,10.789257815676736
1.0259297079482699,0.9747256486020607,0.32878974272398387,10.890475267190952
1.025940318123856,0.9747155680836355,0.33481748538634265,10.972003933014353
1.0259509285189055,0.9747054875652104,0.3400658085361402,11.03429274513616
1.0259615391334251,0.9746954070467851,0.3445302041533732,11.078010563283707
1.0259721499674217,0.97468532652836,0.34821509127147693,11.104015871559044
1.0259827610209022,0.9746752460099348,0.3511329350972889,11.113323081460042
1.0259933722938732,0.9746651654915097,0.3533032092960742,11.107067234241727
1.0260039837863415,0.9746550849730846,0.3547512629016017,11.086468739685047
1.0260145954983142,0.9746450044546594,0.35550714957243346,11.052799544426337
1.0260252074297977,0.9746349239362343,0.35560446994733536,11.00735182687627
1.0260358195807995,0.9746248434178091,0.3550792688223761,10.951410001452725
1.0260464319513254,0.974614762899384,0.35396901892722654,10.886226510827477
1.0260570445413832,0.9746046823809588,0.35231171316268317,10.813001612162807
1.026067657350979,0.9745946018625337,0.3501450780394536,10.732867135641039
1.0260782703801201,0.9745845213441084,0.3475059131773465,10.64687401646248
1.026088883628813,0.9745744408256833,0.3444295553838703,10.555983275843522
1.0260994970970645,0.9745643603072581,0.3409494610527515,10.461060047704159
1.0261101107848816,0.974554279788833,0.3370968973585867,10.362870209529444
1.0261207246922712,0.9745441992704078,0.3329007307800262,10.262079170108787
1.0261313388192397,0.9745341187519827,0.3283873006536776,10.159252385675195
1.0261419531657945,0.9745240382335575,0.32358036548534513,10.05485721169438
1.0261525677319419,0.9745139577151324,0.3185011104175905,9.949265744067628
1.026163182517689,0.9745038771967072,0.3131682053421596,9.842758355346854
1.026173797523042,0.9744937966782821,0.3075979045021211,9.735527685120253
1.0261844127480086,0.974483716159857,0.30180417988263686,9.62768289580448
1.0261950281925953,0.9744736356414317,0.2957988821627174,9.51925405429901
1.0262056438568088,0.9744635551230066,0.28959192438264625,9.410196544895962
1.0262162597406561,0.9744534746045814,0.2831914847365388,9.30039545921429
1.0262268758441437,0.9744433940861563,0.2766042259812526,9.189669944713835
1.0262374921672788,0.9744333135677311,0.2698355298305295,9.077777524529282
1.0262481087100679,0.974423233049306,0.26288974536941745,8.964418428445784
1.026258725472518,0.9744131525308808,0.2557704509631793,8.849239997927306
1.0262693424546359,0.9744030720124557,0.24848072935012422,8.731841247677144
1.0262799596564283,0.9743929914940305,0.24102345557271887,8.611777681761776
1.026290577077902,0.9743829109756054,0.23340159714658146,8.488566474390458
1.0263011947190641,0.9743728304571802,0.22561852535746257,8.361692132786112
1.026311812579921,0.974362749938755,0.21767833583676782,8.230612762096422
1.02632243066048,0.9743526694203298,0.20958617559383527,8.094767048582268
1.0263330489607474,0.9743425889019047,0.2013485724968927,7.953582066496527
1.0263436674807305,0.9743325083834795,0.19297376182341974,7.806481994711467
1.0263542862204358,0.9743224278650544,0.18447200299649827,7.652897800307323
1.0263649051798702,0.9743123473466293,0.17585587805507913,7.492277907083588
1.0263755243590407,0.9743022668282041,0.1671405618665852,7.3240998169495475
1.0263861437579538,0.974292186309779,0.15834405272031601,7.147882592258764
1.0263967633766167,0.9742821057913538,0.14948735087250023,6.9632000387958
1.0264073832150358,0.9742720252729287,0.14059457203702408,6.769694355839709
1.0264180032732184,0.9742619447545035,0.13169298289750142,6.567089946158782
1.0264286235511708,0.9742518642360783,0.12281294664845559,6.355207012202744
1.0264392440489003,0.9742417837176531,0.1139877684644818,6.133974513046453
1.026449864766413,0.974231703199228,0.10525343376652976,5.903442030939976
1.0264604857037167,0.9742216226808028,0.09664823617127591,5.663790107791485
1.0264711068608177,0.9742115421623777,0.08821229698946333,5.415338674110123
1.0264817282377228,0.9742014616439525,0.07998698382414551,5.158553319695502
1.026492349834439,0.9741913811255274,0.07201424189118642,4.894049364229997
1.0265029716509728,0.9741813006071022,0.06433585764658535,4.622593997448561
1.0265135936873313,0.9741712200886771,0.05699267967485194,4.345107205900399
1.0265242159435213,0.9741611395702519,0.05002382598926183,4.062662838627902
1.0265348384195494,0.9741510590518268,0.04346590948046133,3.7764920842836966
1.0265454611154228,0.9741409785334016,0.0373523138073219,3.4879930107749773
1.0265560840311483,0.9741308980149764,0.03171255042348665,3.198751980990362
1.0265667071667322,0.9741208174965513,0.026571723652180558,2.910586296085947
1.026577330522182,0.9741107369781261,0.02195012504963097,2.6256233971545253
1.026587954097504,0.974100656459701,0.017862971174778513,2.3464421785017433
1.0265985778927054,0.9740905759412758,0.014320290906531911,2.076318992856221
1.0266092019077926,0.9740804954228507,0.011326960304788863,1.8196461696907529
1.026619826142773,0.9740704149044255,0.008882875354541525,1.582613507436066
1.026630450597653,0.9740603343860004,0.00698324634074335,1.3741954215807806
1.0266410752724395,0.9740502538675752,0.005618992511679075,1.2071188821680114
1.0266517001671394,0.97404017334915,0.0047772123410428965,1.0973131294898602
1.0266623252817595,0.9740300928307248,0.004441703162321637,1.058962560390278
1.0266729506163066,0.9740200123122997,0.004593504112229269,1.095612736008823
1.0266835761707875,0.9740099317938745,0.0052114379465423005,1.1965988724535799
1.0266942019452092,0.9739998512754494,0.006272630063107788,1.3440762520293583
1.0267048279395785,0.9739897707570242,0.007752986631743326,1.521585955180701
1.0267154541539019,0.9739796902385991,0.00962761774914969,1.7172518487461044
1.0267260805881866,0.973969609720174,0.011871195718554746,1.92332884975039
1.0267367072424394,0.9739595292017488,0.014458242665322545,2.1349193194061398
1.0267473341166669,0.9739494486833237,0.017363345592286233,2.3489216258790515
1.0267579612108761,0.9739393681648985,0.02056130055793209,2.5633383495483497
1.0267685885250737,0.9739292876464734,0.02402719089328383,2.77684713095973
1.0267792160592668,0.9739192071280481,0.027736407261266922,2.9885351665435973
1.026789843813462,0.973909126609623,0.03166461990196429,3.1977317643663965
1.0268004717876662,0.9738990460911978,0.03578771560257605,3.4039001114979297
1.0268110999818862,0.9738889655727727,0.040081713725792174,3.6065660174305068
1.026821728396129,0.9738788850543475,0.04452267693752881,3.805271006115292
1.026832357030401,0.9738688045359224,0.04908663294442855,3.9995425723612232
1.0268429858847095,0.9738587240174972,0.053749523386733666,4.188877473877912
1.026853614959061,0.9738486434990721,0.05848719482968133,4.372735606184368
1.0268642442534626,0.9738385629806469,0.06327544436633817,4.550542861418332
1.026874873767921,0.9738284824622218,0.0680901285919828,4.721701718194654
1.026885503502443,0.9738184019437967,0.07290733967827538,4.885608337488389
1.0268961334570355,0.9738083214253714,0.0777036462028734,5.041674777310069
1.0269067636317053,0.9737982409069463,0.0824563897464873,5.18935468835192
1.0269173940264593,0.9737881603885211,0.08714402171165544,5.328170601045059
1.0269280246413044,0.973778079870096,0.09174645914755282,5.4577407390741195
1.0269386554762472,0.9737679993516708,0.09624543439105214,5.577803257051585
1.0269492865312946,0.9737579188332457,0.10062481172438877,5.6882359400006886
1.0269599178064537,0.9737478383148205,0.10487084539533195,5.789069729502409
1.026970549301731,0.9737377577963954,0.10897235724103958,5.8804949333916205
1.0269811810171334,0.9737276772779702,0.11292081839001973,5.962859581623992
1.0269918129526678,0.9737175967595451,0.11671032729727968,6.036660038437324
1.0270024451083413,0.9737075162411198,0.1203374847114603,6.102524592243568
1.0270130774841602,0.9736974357226947,0.12380117401614237,6.161191248275368
1.0270237100801318,0.9736873552042695,0.1271022618552777,6.213481294060006
1.0270343428962625,0.9736772746858444,0.13024323841432592,6.260270369539489
1.0270449759325597,0.9736671941674192,0.13322781893867483,6.302458755889237
1.0270556091890297,0.9736571136489941,0.13606052811495012,6.340942427240031
1.0270662426656796,0.973647033130569,0.1387462871896543,6.376586130502486
1.0270768763625164,0.9736369526121438,0.14129002068653243,6.410199419703141
1.0270875102795465,0.9736268720937187,0.14369629590501476,6.44251621986277
1.0270981444167773,0.9736167915752935,0.14596900457738857,6.474178170029336
1.027108778774215,0.9736067110568684,0.1481110925711785,6.505721723093355
1.0271194133518669,0.9735966305384431,0.15012434063769858,6.537568776253659
1.0271300481497396,0.973586550020018,0.15200919707861632,6.5700204749773565
1.0271406831678402,0.9735764695015928,0.15376466185769008,6.603253771083136
1.0271513184061754,0.9735663889831677,0.15538822104770977,6.6373203126226805
1.0271619538647518,0.9735563084647425,0.1568758304589244,6.6721472878114465
1.0271725895435766,0.9735462279463174,0.15822194764499203,6.707539923407439
1.0271832254426567,0.9735361474278922,0.15941961207094069,6.74318543755001
1.0271938615619984,0.9735260669094671,0.1604605738464153,6.778658355820875
1.0272044979016093,0.9735159863910419,0.16133547190160208,6.813427206700816
1.0272151344614955,0.9735059058726168,0.16203406263862807,6.8468627090258956
1.0272257712416644,0.9734958253541915,0.16254549979944263,6.878247641461379
1.0272364082421224,0.9734857448357664,0.1628586653889117,6.906788633658004
1.0272470454628766,0.9734756643173413,0.16296254993875228,6.931630134916842
1.027257682903934,0.9734655837989161,0.16284667812181872,6.951870791930702
1.027268320565301,0.973455503280491,0.16250157277298538,6.966582398928493
1.027278958446985,0.9734454227620658,0.16191924686439735,6.974831469539234
1.0272895965489923,0.9734353422436407,0.16109370911666465,6.975703321615533
1.0273002348713303,0.9734252617252155,0.1600214650388526,6.968328370909904
1.0273108734140053,0.9734151812067904,0.1587019916767307,6.951910108424579
1.0273215121770245,0.9734051006883652,0.15713816169846515,6.925754006983404
1.0273321511603943,0.9733950201699401,0.15533659115071963,6.889296386976614
1.0273427903641223,0.9733849396515148,0.15330788572898313,6.842132094510981
1.0273534297882145,0.9733748591330897,0.15106676303178557,6.784039731949886
1.0273640694326787,0.9733647786146645,0.14863203313800638,6.715003152585099
1.0273747092975207,0.9733546980962394,0.14602642679046707,6.635228000870908
1.027385349382748,0.9733446175778142,0.14327626905221313,6.545152249250789
1.0273959896883673,0.9733345370593891,0.14041100581053123,6.445449940509577
1.0274066302143856,0.9733244565409639,0.13746260002688834,6.337027665583957
1.0274172709608096,0.9733143760225388,0.13446482319883957,6.221013655645198
1.027427911927646,0.9733042955041137,0.13145247418554348,6.098739702596778
1.027438553114902,0.9732942149856885,0.1284605616676729,5.971716405781972
1.0274491945225839,0.9732841344672634,0.12552348765993604,5.841602444965599
1.0274598361506992,0.9732740539488381,0.1226742676763154,5.710168689724056
1.0274704779992543,0.973263973430413,0.11994381869577807,5.579257983210378
1.0274811200682563,0.9732538929119878,0.11736033963901056,5.450741418810093
1.0274917623577118,0.9732438123935627,0.11494880145468,5.326471915168944
1.027502404867628,0.9732337318751375,0.11273055598989314,5.208235952399137
1.0275130475980112,0.9732236513567124,0.11072306537491197,5.097704516381589
1.027523690548869,0.9732135708382872,0.10893974729607767,4.996384635210304
1.0275343337202076,0.9732034903198621,0.10738992667103223,4.905573356067554
1.0275449771120342,0.9731934098014369,0.10607888103223014,4.826316507928415
1.0275556207243555,0.9731833292830118,0.10500796532901518,4.759374968881794
1.0275662645571784,0.9731732487645866,0.1041748016693818,4.705201221811815
1.0275769086105098,0.9731631682461614,0.10357352042683383,4.663928587025778
1.0275875528843565,0.9731530877277362,0.1031950407787737,4.635374617422957
1.0275981973787254,0.9731430072093111,0.10302738076370807,4.619058832905805
1.0276088420936231,0.973132926690886,0.10305598902257097,4.614233498638303
1.027619487029057,0.9731228461724608,0.10326409226655721,4.61992482984771
1.0276301321850332,0.9731127656540357,0.10363305400540093,4.634981112583017
1.0276407775615592,0.9731026851356105,0.10414274106744127,4.658123917311798
1.0276514231586418,0.9730926046171854,0.10477189491070643,4.687998839027395
1.0276620689762874,0.9730825240987602,0.10549850469880676,4.723222876763766
1.0276727150145033,0.9730724435803351,0.106300178679165,4.762426454233011
1.0276833612732963,0.9730623630619099,0.10715450968818042,4.80428897780385
1.0276940077526728,0.9730522825434847,0.10803942976641139,4.847567583164721
1.0277046544526403,0.9730422020250595,0.10893354807071579,4.891119268494088
1.0277153013732052,0.9730321215066344,0.10981646566195286,4.933916944514732
1.0277259485143746,0.9730220409882092,0.1106690604708533,4.9750600869863
1.0277365958761553,0.9730119604697841,0.11147373588299579,5.013780707782115
1.027747243458554,0.9730018799513589,0.11221462698983675,5.049445319046785
1.0277578912615777,0.9729917994329338,0.11287775960836449,5.0815534923503005
1.0277685392852334,0.9729817189145086,0.11345115863052359,5.109733539162492
1.0277791875295277,0.9729716383960835,0.11392490400696029,5.133735774886008
1.0277898359944675,0.9729615578776584,0.11429113458524408,5.153423781661856
1.0278004846800597,0.9729514773592332,0.11454400194177589,5.168764053427772
1.0278111335863112,0.972941396840808,0.11467957815034745,5.179814386355445
1.027821782713229,0.9729313163223828,0.11469572297534476,5.186711362956429
1.0278324320608196,0.9729212358039577,0.1145919171814826,5.189657264294862
1.0278430816290902,0.9729111552855325,0.11436906945919811,5.188906728444315
1.0278537314180474,0.9729010747671074,0.11402930485439716,5.184753452732894
1.0278643814276982,0.9728909942486822,0.11357574258963604,5.177517212310985
1.0278750316580494,0.9728809137302571,0.11301227081490905,5.167531438915337
1.027885682109108,0.9728708332118319,0.11234332520219538,5.155131572909092
1.0278963327808806,0.9728607526934068,0.11157367747422105,5.140644370325606
1.0279069836733743,0.9728506721749816,0.11070823901373829,5.124378316076783
1.027917634786596,0.9728405916565565,0.10975188370032365,5.10661526536517
1.027928286120552,0.9728305111381312,0.10870929312862947,5.087603407856718
1.0279389376752501,0.9728204306197061,0.10758482641503245,5.067551622771741
1.0279495894506965,0.9728103501012809,0.10638241591854188,5.0466252665770055
1.027960241446898,0.9728002695828558,0.1051054894056856,5.024943407409196
1.0279708936638619,0.9727901890644307,0.10375691847655641,5.00257749059819
1.0279815461015949,0.9727801085460055,0.10233899243051017,4.979551386936541
1.0279921987601037,0.9727700280275804,0.10085341618805753,4.955842740037467
1.0280028516393953,0.9727599475091552,0.0993013303863664,4.931385491898255
1.0280135047394765,0.9727498669907301,0.09768335133166796,4.906073428593547
1.0280241580603542,0.9727397864723049,0.09599962813303532,4.879764553497943
1.0280348116020352,0.9727297059538798,0.09424991405710775,4.852286066247299
1.0280454653645268,0.9727196254354545,0.0924336489609021,4.823439705233712
1.028056119347835,0.9727095449170294,0.09055004958586653,4.793007202169783
1.0280667735519675,0.9726994643986042,0.08859820454475383,4.76075560108802
1.0280774279769307,0.9726893838801791,0.0865771710204266,4.726442212144641
1.0280880826227317,0.9726793033617539,0.08448607050703674,4.689819001943525
1.028098737489377,0.9726692228433288,0.08232418135797324,4.6506362654056765
1.028109392576874,0.9726591423249036,0.08009102643276733,4.608645476601221
1.0281200478852293,0.9726490618064785,0.07778645472239962,4.563601273807997
1.0281307034144498,0.9726389812880533,0.07541071644007707,4.515262593587392
1.028141359164542,0.9726289007696282,0.07296453164595351,4.463393025925992
1.0281520151355132,0.972618820251203,0.07044915298212118,4.407760514023512
1.0281626713273704,0.9726087397327778,0.0678664234917344,4.348136565560763
1.02817332774012,0.9725986592143527,0.06521883075010837,4.284295175499354
1.0281839843737692,0.9725885786959275,0.06250955861539934,4.216011682586846
1.0281946412283247,0.9725784981775024,0.05974253781361537,4.143061793187879
1.0282052983037937,0.9725684176590772,0.056922496291037225,4.065221007032408
1.0282159556001824,0.9725583371406521,0.05405500981601375,3.9822646712550713
1.0282266131174984,0.9725482566222269,0.05114655270481992,3.8939688727330437
1.0282372708557481,0.9725381761038018,0.048204547812427924,3.8001123553423977
1.0282479288149384,0.9725280955853766,0.04523741409860274,3.7004796191558147
1.0282585869950764,0.9725180150669515,0.04225460920428921,3.5948653238618844
1.028269245396169,0.9725079345485262,0.03926666359588204,3.4830800793823062
1.0282799040182227,0.9724978540301011,0.03628520203009287,3.364957664669033
1.0282905628612449,0.9724877735116759,0.033322947420446815,3.240363673146179
1.0283012219252419,0.9724776929932508,0.030393701745842005,3.1092055457589804
1.028311881210221,0.9724676124748256,0.027512298508998737,2.971443928482237
1.0283225407161887,0.9724575319564005,0.024694521532883464,2.8271052965594117
1.0283332004431522,0.9724474514379754,0.021956985644999497,2.676295848634884
1.0283438603911184,0.9724373709195502,0.019316976117462952,2.5192168366066285
1.0283545205600937,0.9724272904011251,0.01679224561618183,2.3561818409936466
1.0283651809500856,0.9724172098826999,0.014400769845617473,2.1876371729780932
1.0283758415611006,0.9724071293642748,0.012160465948802142,2.0141878586782043
1.0283865023931456,0.9723970488458495,0.010088880871018188,1.8366340881417031
1.0283971634462274,0.9723869683274244,0.008202860063485569,1.6560277313758445
1.0284078247203534,0.9723768878089992,0.00651820978803204,1.4737680012927563
1.0284184862155297,0.9723668072905741,0.00504936854829147,1.2917750370453138
1.0284291479317638,0.9723567267721489,0.0038091044864679963,1.1128220484496536
1.0284398098690621,0.9723466462537238,0.0028082556900395723,0.9411938110911451
1.0284504720274321,0.9723365657352986,0.0020555290876518215,0.7839900691714563
1.02846113440688,0.9723264852168735,0.001557370975425423,0.6534173522292253
1.0284717970074129,0.9723164046984483,0.0013179183580257392,0.5688680865455938
1.0284824598290376,0.9723063241800232,0.0013390355296277682,0.5514505712060165
1.0284931228717615,0.972296243661598,0.0016204350908319445,0.6055337935708098
1.0285037861355908,0.9722861631431728,0.00215987739748703,0.7131087238506972
1.0285144496205327,0.9722760826247477,0.0029534377552005247,0.8520585671073201
1.0285251133265942,0.9722660021063225,0.003995826921538285,1.0074064497478417
1.0285357772537818,0.9722559215878974,0.005280747940620077,1.170709125668465
1.0285464414021028,0.9722458410694722,0.0068012711339690175,1.3373455414965365
1.0285571057715637,0.9722357605510471,0.008550209166708015,1.504766804338554
1.0285677703621716,0.9722256800326219,0.010520475321423752,1.671586332756041
1.0285784351739333,0.9722155995141968,0.01270541016283758,1.8371158270901147
1.028589100206856,0.9722055189957716,0.015099064344865833,2.001118493640056
1.0285997654609458,0.9721954384773465,0.017696428065125967,2.163668577205802
1.0286104309362105,0.9721853579589212,0.0204936003428034,2.32506438341072
1.0286210966326563,0.9721752774404961,0.023487893655252126,2.485769053439375
1.0286317625502905,0.9721651969220709,0.02667787140843344,2.6463661024431246
1.0286424286891196,0.9721551164036458,0.03006331717731064,2.80752292465903
1.0286530950491508,0.9721450358852206,0.033645135683732404,2.9699585936887347
1.0286637616303909,0.9721349553667955,0.0374251861754001,3.1344139338193995
1.0286744284328468,0.9721248748483703,0.0414060493789528,3.3016227534601326
1.0286850954565252,0.9721147943299452,0.04559072971127881,3.4722836766570087
1.028695762701433,0.9721047138115201,0.0499822951368699,3.647032363371756
1.0287064301675775,0.9720946332930949,0.05458345815803457,3.8264141660226536
1.0287170978549651,0.9720845527746698,0.05939610309903927,4.0108574761213935
1.0287277657636031,0.9720744722562445,0.06442076723546174,4.200648194963864
1.028738433893498,0.9720643917378194,0.06965608650227945,4.395905927677296
1.0287491022446567,0.9720543112193942,0.07509822048019443,4.596562654245166
1.0287597708170864,0.9720442307009691,0.08074027596666082,4.802344771105788
1.0287704396107937,0.9720341501825439,0.08657175339749444,5.012759513400239
1.0287811086257856,0.9720240696641188,0.09257804523552979,5.227086845187787
1.028791777862069,0.9720139891456936,0.09874001955771947,5.44437792174758
1.0288024473196506,0.9720039086272685,0.10503372465860164,5.663461158796102
1.0288131169985377,0.9719938281088433,0.11143025073629163,5.882956764450312
1.0288237868987369,0.9719837475904182,0.11789578179601401,6.101300281013584
1.028834457020255,0.971973667071993,0.12439186423663576,6.3167752402094095
1.028845127363099,0.9719635865535678,0.13087590792062653,6.527554469350359
1.0288557979272757,0.9719535060351427,0.13730192119155024,6.731748933586408
1.0288664687127922,0.9719434255167175,0.1436214642073611,6.927462319694932
1.0288771397196552,0.9719333449982924,0.14978478667750197,7.11284893885477
1.0288878109478719,0.9719232644798672,0.15574209865665556,7.286172035884193
1.0288984823974485,0.9719131839614421,0.16144490870755115,7.445859321711827
1.0289091540683926,0.9719031034430169,0.16684735461196026,7.59055255438958
1.0289198259607106,0.9718930229245918,0.1719074493950637,7.719148305124278
1.0289304980744098,0.9718829424061666,0.17658817041080338,7.830827640917076
1.0289411704094968,0.9718728618877415,0.18085833118797567,7.925073271745079
1.0289518429659787,0.9718627813693163,0.18469319326506148,8.001673652970313
1.0289625157438622,0.9718527008508911,0.1880747961203752,8.060714489598686
1.0289731887431541,0.9718426203324659,0.1909920049814066,8.102558948865688
1.0289838619638616,0.9718325398140408,0.19344029625432174,8.127818561861874
1.0289945354059915,0.9718224592956156,0.19542131651792263,8.137317227822905
1.0290052090695503,0.9718123787771905,0.19694226217947772,8.132050908723551
1.0290158829545455,0.9718022982587653,0.19801513253157627,8.113145535465
1.0290265570609836,0.9717922177403402,0.19865590937485067,8.081815385265111
1.0290372313888716,0.9717821372219151,0.19888371247245393,8.039323793824174
1.0290479059382165,0.9717720567034899,0.19871997309547776,7.986947600015934
1.029058580709025,0.9717619761850648,0.19818765910175465,7.925946243077833
1.029069255701304,0.9717518956666396,0.1973105755816224,7.857535988972845
1.0290799309150604,0.9717418151482144,0.1961127560618565,7.782869384335574
1.0290906063503014,0.9717317346297892,0.19461795127310164,7.7030197392862005
1.0291012820070335,0.9717216541113641,0.1928492159306608,7.6189702275223
1.0291119578852639,0.9717115735929389,0.19082858902600208,7.531607058509614
1.029122633984999,0.9717014930745138,0.18857685969612809,7.441716109849058
1.0291333103062463,0.9716914125560886,0.18611340869124185,7.349982394719137
1.0291439868490124,0.9716813320376635,0.18345611454718533,7.256991764915404
1.0291546636133042,0.9716712515192383,0.1806213135375157,7.163234301356094
1.0291653405991286,0.9716611710008132,0.17762380308334227,7.069108910115827
1.0291760178064926,0.971651090482388,0.17447687932400138,6.974928714551181
1.0291866952354027,0.9716410099639629,0.17119240081525905,6.8809269067386225
1.0291973728858665,0.9716309294455376,0.16778087168227054,6.787262790111978
1.0292080507578902,0.9716208489271125,0.16425153891436828,6.6940278076959965
1.0292187288514811,0.9716107684086874,0.16061249975910316,6.601251405085404
1.029229407166646,0.9716006878902622,0.15687081632368843,6.508906624666187
1.0292400857033916,0.9715906073718371,0.15303263547243098,6.416915367159399
1.0292507644617253,0.9715805268534119,0.14910331292284754,6.325153289668287
1.0292614434416534,0.9715704463349868,0.14508754107669825,6.23345433656092
1.0292721226431834,0.9715603658165616,0.14098948058293106,6.141614921837742
1.0292828020663216,0.9715502852981365,0.13681289593588283,6.049397800378641
1.0292934817110753,0.9715402047797113,0.1325612955651764,5.956535681278313
1.029304161577451,0.9715301242612862,0.12823807690971648,5.862734650902261
1.0293148416654563,0.9715200437428609,0.12384667687985758,5.767677486689283
1.0293255219750974,0.9715099632244358,0.1193907279414898,5.671026956467502
1.0293362025063815,0.9714998827060106,0.11487421978407102,5.5724292122013575
1.0293468832593153,0.9714898021875855,0.11030166620142882,5.471517402841124
1.0293575642339061,0.9714797216691603,0.10567827639334523,5.367915648096134
1.0293682454301605,0.9714696411507352,0.10101012941114136,5.261243534432697
1.0293789268480855,0.97145956063231,0.0963043499081868,5.151121316622615
1.029389608487688,0.9714494801138849,0.09156928271924866,5.037176033412102
1.0294002903489747,0.9714393995954598,0.08681466308445719,4.919048775577141
1.029410972431953,0.9714293190770346,0.08205177855970218,4.79640338033512
1.029421654736629,0.9714192385586095,0.07729361783637728,4.668936870651074
1.0294323372630105,0.9714091580401842,0.07255500085132349,4.536392015238387
1.0294430200111038,0.9713990775217591,0.06785268375849927,4.398572461486251
1.0294537029809159,0.9713889970033339,0.06320543160176793,4.255360997099977
1.029464386172454,0.9713789164849088,0.05863405095964604,4.106741638753887
1.0294750695857247,0.9713688359664836,0.05416137451717132,3.952826441709446
1.0294857532207347,0.9713587554480585,0.04981218955764974,3.793888188356925
1.0294964370774915,0.9713486749296333,0.04561310286038247,3.630400456156547
1.0295071211560016,0.9713385944112082,0.041592335553554606,3.4630869766637353
1.0295178054562721,0.971328513892783,0.037779443164672806,3.2929826094440418
1.0295284899783097,0.9713184333743579,0.034204958503015116,3.1215084664210258
1.0295391747221214,0.9713083528559326,0.03089995807538398,2.950563238189069
1.0295498596877142,0.9712982723375075,0.027895556422233125,2.782630522149519
1.0295605448750949,0.9712881918190823,0.02522233690508167,2.6208958554369337
1.0295712302842703,0.9712781113006572,0.02290973185250918,2.469353784741616
1.0295819159152473,0.9712680307822321,0.020985369277585948,2.3328605982749604
1.0295926017680332,0.9712579502638069,0.019474407239388064,2.2170520038837513
1.0296032878426347,0.9712478697453818,0.018398879962348257,2.1280122600089304
1.0296139741390584,0.9712377892269566,0.017777081663798835,2.0715982381541576
1.0296246606573116,0.9712277087085315,0.017623014375579095,2.052454394759081
1.0296353473974011,0.9712176281901063,0.017945924682969714,2.07299990196155
1.0296460343593337,0.9712075476716812,0.018749951204865983,2.132844698992528
1.0296567215431165,0.9711974671532559,0.02003389993444997,2.22894685136563
1.029667408948756,0.9711873866348308,0.021791158558760525,2.3564034530919096
1.0296780965762597,0.9711773061164056,0.024009754031886377,2.509453727728284
1.029688784425634,0.9711672255979805,0.026672550541070594,2.682307430662227
1.0296994724968862,0.9711571450795553,0.02975757816952414,2.869646713539546
1.0297101607900228,0.9711470645611302,0.03323847657019609,3.0668407131980615
1.0297208493050511,0.971136984042705,0.03708503328009611,3.2699784245452235
1.0297315380419776,0.9711269035242799,0.04126379321635662,3.4758124254659886
1.0297422270008099,0.9711168230058547,0.0457387145419716,3.6816713605373907
1.029752916181554,0.9711067424874296,0.050471846407640186,3.8853703614673423
1.0297636055842174,0.9710966619690045,0.05542400586981921,4.0851311909431836
1.029774295208807,0.9710865814505792,0.060555434227967324,4.279515157086189
1.0297849850553296,0.9710765009321541,0.06582641672525262,4.4673681486402845
1.029795675123792,0.9710664204137289,0.07119785361506507,4.6477759584845435
1.0298063654142011,0.9710563398953038,0.0766317746209506,4.820027972173637
1.0298170559265643,0.9710462593768786,0.08209179250215211,4.983587594143946
1.0298277466608878,0.9710361788584535,0.08754349452956353,5.138068151698426
1.029838437617179,0.9710260983400283,0.09295477303969009,5.283213334202301
1.0298491287954445,0.9710160178216032,0.09829609780531369,5.418881457564438
1.0298598201956917,0.971005937303178,0.10354073376469912,5.545032994135586
1.029870511817927,0.9709958567847529,0.10866490778019273,5.661720890789321
1.0298812036621576,0.9709857762663276,0.11364792768764698,5.76908323082349
1.0298918957283902,0.9709756957479025,0.11847225612729531,5.867337795543484
1.029902588016632,0.9709656152294773,0.12312354070653315,5.956778063723171
1.0299132805268896,0.9709555347110522,0.12759060110959541,6.037770163913388
1.02992397325917,0.970945454192627,0.13186537303185283,6.110750276894574
1.0299346662134803,0.9709353736742019,0.13594280838287762,6.176221981205751
1.0299453593898273,0.9709252931557768,0.13982073120113023,6.234753051181786
1.0299560527882181,0.9709152126373516,0.14349964916711114,6.286971258074576
1.029966746408659,0.9709051321189265,0.14698252149214303,6.333558793083805
1.0299774402511577,0.9708950516005013,0.1502744852257887,6.375245025959272
1.0299881343157207,0.9708849710820762,0.1533825435357666,6.4127974305522235
1.029998828602355,0.970874890563651,0.1563152211388016,6.44701064354692
1.0300095231110673,0.9708648100452258,0.1590821936099869,6.478693765695906
1.030020217841865,0.9708547295268006,0.16169389862866573,6.50865615602952
1.0300309127947544,0.9708446490083755,0.16416113817447076,6.537692097197978
1.030041607969743,0.9708345684899503,0.16649468118980013,6.566564813457294
1.0300523033668374,0.9708244879715252,0.1687048762161246,6.595990392025526
1.0300629989860446,0.9708144074531,0.17080128301732939,6.626622186908889
1.0300736948273714,0.9708043269346749,0.1727923312838279,6.65903626875904
1.030084390890825,0.9707942464162497,0.17468501327872613,6.693718426267001
1.030095087176412,0.9707841658978246,0.17648461587441708,6.731053130221593
1.0301057836841396,0.9707740853793994,0.17819449598218995,6.7713147508020874
1.0301164804140144,0.9707640048609743,0.17981590202515652,6.814661185096506
1.0301271773660436,0.9707539243425491,0.181347842970747,6.861129919884126
1.030137874540234,0.9707438438241239,0.18278700558069708,6.910636437981236
1.0301485719365926,0.9707337633056988,0.18412772001101582,6.962974786659875
1.0301592695551265,0.9707236827872736,0.18536197368153462,7.017820071144307
1.030169967395842,0.9707136022688485,0.18647947340089305,7.074732617983927
1.0301806654587466,0.9707035217504233,0.18746775599424276,7.133163570260931
1.030191363743847,0.9706934412319982,0.18831234803906924,7.1924617233198465
1.0302020622511503,0.970683360713573,0.1889969756406679,7.251881476793251
1.030212760980663,0.9706732801951479,0.1895038253402083,7.310591855489039
1.0302234599323925,0.9706631996767227,0.18981385711150145,7.367686626804506
1.0302341591063455,0.9706531191582976,0.18990716983286865,7.42219560473115
1.030244858502529,0.9706430386398723,0.1897634185227979,7.473097271103481
1.0302555581209496,0.9706329581214472,0.18936228092233645,7.519332855529896
1.0302662579616149,0.970622877603022,0.18868396867712714,7.559821991829795
1.0302769580245312,0.9706127970845969,0.1877097754598368,7.593480008056431
1.0302876583097056,0.9706027165661717,0.18642265100430058,7.619236810627772
1.0302983588171453,0.9705926360477466,0.1848077864000122,7.636057194741377
1.0303090595468567,0.9705825555293215,0.18285319242036915,7.642962261570239
1.0303197604988472,0.9705724750108963,0.18055024949231654,7.639051459157382
1.0303304616731235,0.9705623944924712,0.17789420557900915,7.623524603733177
1.0303411630696926,0.970552313974046,0.174884597154424,7.595703098486125
1.0303518646885614,0.9705422334556209,0.17152556898012927,7.555049465839103
1.030362566529737,0.9705321529371956,0.1678260707864505,7.501184263483426
1.0303732685932259,0.9705220724187705,0.1637999133237507,7.433899477147392
1.0303839708790354,0.9705119919003453,0.15946567244244364,7.353167581235201
1.0303946733871723,0.9705019113819202,0.15484643753196628,7.259145631319115
1.0304053761176435,0.970491830863495,0.14996940922296215,7.152173990421224
1.030416079070456,0.9704817503450699,0.14486536001391506,7.032769576602386
1.0304267822456166,0.9704716698266447,0.13956797960252496,6.901613827464707
1.0304374856431324,0.9704615893082196,0.13411313341654116,6.759535880050554
1.0304481892630104,0.9704515087897944,0.12853806751616031,6.607491733762108
1.0304588931052572,0.9704414282713693,0.12288059524925585,6.446540374489552
1.03046959716988,0.970431347752944,0.1171783006579665,6.27781797269975
1.0304803014568855,0.9704212672345189,0.11146779080974428,6.102511317916971
1.0304910059662808,0.9704111867160938,0.10578402434792128,5.921831617624257
1.0305017106980732,0.9704011061976686,0.10015973722041889,5.736989679793697
1.0305124156522687,0.9703910256792435,0.09462497942923932,5.549173331579024
1.0305231208288752,0.9703809451608183,0.08920676941249152,5.359527722050159
1.030533826227899,0.9703708646423932,0.08392886593556191,5.169138935828131
1.0305445318493471,0.970360784123968,0.07881165157614003,4.979021126433207
1.0305552376932268,0.9703507036055429,0.07387211735045192,4.790107179555986
1.0305659437595447,0.9703406230871177,0.06912393484694977,4.603242747901033
1.0305766500483078,0.9703305425686926,0.06457760041745667,4.419183367981527
1.030587356559523,0.9703204620502673,0.06024063536942325,4.238594276424428
1.0305980632931973,0.9703103815318422,0.056117826512373715,4.062052487581489
1.0306087702493378,0.970300301013417,0.052211492586525195,3.8900506708096887
1.0306194774279511,0.9702902204949919,0.04852176380260937,3.7230023692395835
1.0306301848290444,0.9702801399765667,0.04504686371272952,3.5612481252799766
1.0306408924526245,0.9702700594581416,0.04178338473634537,3.4050621163545567
1.0306516002986983,0.9702599789397164,0.038726550715761476,3.2546589513275808
1.0306623083672728,0.9702498984212913,0.035870461783346484,3.110200330651207
1.0306730166583549,0.9702398179028662,0.033208318504275525,2.971801327858021
1.0306837251719516,0.970229737384441,0.030732623689719248,2.8395361054646626
1.03069443390807,0.9702196568660159,0.028435361438658498,2.7134429334145436
1.0307051428667167,0.9702095763475906,0.026308153870697955,2.593528432574139
1.0307158520478985,0.9701994958291655,0.02434239668082861,2.479771019461224
1.030726561451623,0.9701894153107403,0.02252937509834625,2.3721235804820773
1.0307372710778966,0.9701793347923152,0.02086036210516034,2.270515453819621
1.0307479809267264,0.97016925427389,0.01932670088588715,2.174853842522765
1.0307586909981192,0.9701591737554649,0.017919873480814967,2.0850248207943913
1.0307694012920823,0.9701490932370397,0.016631557514984765,2.0008941232293074
1.0307801118086224,0.9701390127186146,0.01545367271498119,1.9223079203445734
1.0307908225477462,0.9701289322001894,0.014378418720454613,1.849093779760181
1.0308015335094611,0.9701188516817643,0.013398305473160727,1.7810619889868882
1.0308122446937737,0.970108771163339,0.012506177241879544,1.71800737325848
1.030822956100691,0.9700986906449139,0.01169523113167221,1.6597116831474217
1.0308336677302201,0.9700886101264887,0.010959030741868298,1.605946557641008
1.0308443795823679,0.9700785296080636,0.010291515488062227,1.5564769969611705
1.030855091657141,0.9700684490896385,0.009687005988903997,1.511065214357092
1.0308658039545469,0.9700583685712133,0.009140205841294267,1.4694746858711423
1.030876516474592,0.9700482880527882,0.008646200060665679,1.4314741874260462
1.030887229217284,0.970038207534363,0.008200450440924925,1.396841602203249
1.0308979421826288,0.9700281270159379,0.007798788084571918,1.3653672972129303
1.0309086553706341,0.9700180464975127,0.0074374033577931445,1.3368569017555045
1.0309193687813065,0.9700079659790876,0.007112833533200804,1.311133366041126
1.0309300824146532,0.9699978854606623,0.0068219483880522505,1.2880382285701446
1.030940796270681,0.9699878049422372,0.006561934025263618,1.2674320698632
1.0309515103493967,0.969977724423812,0.006330275178076393,1.2491941733586291
1.0309622246508074,0.9699676439053869,0.006124736245660286,1.2332214492071552
1.0309729391749203,0.9699575633869617,0.005943341290828055,1.2194267030716273
1.0309836539217418,0.9699474828685366,0.005784353212956568,1.2077363506676682
1.0309943688912793,0.9699374023501114,0.00564625229412103,1.1980876916402763
1.0310050840835394,0.9699273218316863,0.005527714306152092,1.1904258652347113
1.0310157994985294,0.9699172413132611,0.005427588364014127,1.1847006166356353
1.0310265151362559,0.969907160794836,0.005344874718515658,1.1808630075606208
1.0310372309967262,0.9698970802764109,0.005278702695881993,1.1788622071409003
1.0310479470799467,0.9698869997579856,0.005228309018139463,1.178642499053804
1.031058663385925,0.9698769192395605,0.005193016767728904,1.1801406362280134
1.0310693799146677,0.9698668387211353,0.0051722152924573335,1.18328366434297
1.0310800966661817,0.9698567582027102,0.005165341379004998,1.1879873189996593
1.031090813640474,0.969846677684285,0.00517186204604442,1.1941550783935433
1.0311015308375515,0.9698365971658599,0.005191259320895849,1.2016779249312481
1.0311122482574215,0.9698265166474347,0.005223017357917479,1.2104348368140152
1.0311229659000904,0.9698164361290096,0.005266612231487107,1.2202939967846709
1.0311336837655656,0.9698063556105844,0.005321504686760246,1.2311146723295683
1.0311444018538538,0.9697962750921593,0.0053871360585769105,1.242749692178153
1.031155120164962,0.969786194573734,0.005462927472824698,1.2550484196714016
1.031165838698897,0.969776114055309,0.005548282330075992,1.2678601057593608
1.0311765574556664,0.9697660335368837,0.005642591942821093,1.2810374933524056
1.031187276435276,0.9697559530184586,0.005745244064137692,1.294440540446681
1.031197995637734,0.9697458725000334,0.0058556339130711055,1.3079401308513092
1.0312087150630465,0.9697357919816083,0.00597317718042092,1.32142164753406
1.0312194347112207,0.9697257114631832,0.006097324395348928,1.3347882932155688
1.0312301545822635,0.969715630944758,0.0062275759547095405,1.3479640545100229
1.0312408746761819,0.9697055504263329,0.006363497066934493,1.3608962182745978
1.031251594992983,0.9696954699079077,0.006504731845189111,1.3735573610096254
1.0312623155326737,0.9696853893894826,0.006651015797722798,1.3859467430574537
1.0312730362952607,0.9696753088710574,0.0068021860072085515,1.3980910488068594
1.031283757280751,0.9696652283526322,0.006958188360333588,1.4100444220051742
1.0312944784891518,0.969655147834207,0.007119081279834953,1.4218877522971016
1.0313051999204699,0.9696450673157819,0.007285035518718278,1.4337271763993193
1.0313159215747123,0.9696349867973567,0.00745632969577391,1.445691766580204
1.031326643451886,0.9696249062789316,0.007633341377224268,1.457930392223581
1.0313373655519977,0.9696148257605064,0.007816533639897353,1.4706077594350317
1.0313480878750547,0.9696047452420813,0.008006437183756609,1.483899660493712
1.0313588104210636,0.9695946647236561,0.008203628192099435,1.4979874999884268
1.0313695331900317,0.969584584205231,0.00840870227132511,1.5130522075471193
1.0313802561819658,0.9695745036868058,0.008622244929745766,1.5292676948255153
1.0313909793968727,0.9695644231683807,0.008844799184828568,1.5467940631596113
1.0314017028347595,0.9695543426499555,0.00907683101255318,1.5657708112075241
1.0314124264956332,0.9695442621315303,0.009318693471598964,1.5863103222361434
1.0314231503795008,0.9695341816131052,0.009570590447255159,1.6084919220948644
1.0314338744863691,0.96952410109468,0.009832541057305666,1.6323567864779538
1.031444598816245,0.9695140205762549,0.010104345842718234,1.657903938851873
1.031455323369136,0.9695039400578297,0.010385555921608733,1.6850875208228642
1.0314660481450482,0.9694938595394046,0.01067544631081509,1.7138154412190987
1.0314767731439891,0.9694837790209794,0.010972994607418865,1.7439494274543839
1.0314874983659654,0.9694736985025543,0.011276866170878478,1.7753064228068591
1.0314982238109847,0.9694636179841291,0.011585406848771554,1.8076612045467688
1.031508949479053,0.969453537465704,0.011896644146254437,1.8407500467284876
1.0315196753701779,0.9694434569472787,0.012208297553423156,1.8742752209692835
1.031530401484366,0.9694333764288536,0.012517798517319106,1.9079101182652338
1.0315411278216247,0.9694232959104284,0.012822320289781797,1.9413047827319903
1.0315518543819606,0.9694132153920033,0.013118817599976441,1.974091669375096
1.0315625811653808,0.9694031348735781,0.013404075811646661,2.005891468869753
1.031573308171892,0.969393054355153,0.013674768934020236,2.036318878111966
1.0315840354015016,0.9693829738367279,0.013927525578168279,2.06498823306418
1.0315947628542164,0.9693728933183027,0.014159001695215164,2.091518957613735
1.0316054905300431,0.9693628127998776,0.014365958707615771,2.115540817283397
1.031616218428989,0.9693527322814524,0.014545345452020566,2.1366989986331952
1.0316269465510608,0.9693426517630273,0.014694382196269354,2.1546590636584346
1.0316376748962657,0.969332571244602,0.014810644868204922,2.169111852746162
1.0316484034646103,0.9693224907261769,0.014892147538339522,2.1797784294388456
1.0316591322561022,0.9693124102077517,0.014937421124248867,2.1864151745460854
1.0316698612707476,0.9693023296893266,0.01494558622803163,2.1888191451866628
1.031680590508554,0.9692922491709014,0.014916417973209318,2.186833814721487
1.0316913199695281,0.9692821686524763,0.014850400676182192,2.1803553006366894
1.031702049653677,0.9692720881340511,0.014748770172128391,2.1693391668851225
1.0317127795610077,0.969262007615626,0.014613541628609566,2.1538078520223056
1.031723509691527,0.9692519270972008,0.014447520737158992,2.133858720482684
1.0317342400452418,0.9692418465787757,0.01425429629756319,2.109672655995845
1.0317449706221595,0.9692317660603504,0.014038212429357912,2.081523006059027
1.0317557014222865,0.9692216855419253,0.013804318984933948,2.0497845346982846
1.0317664324456302,0.9692116050235002,0.013558299231619064,2.014941836506144
1.0317771636921973,0.969201524505075,0.013306374526724457,1.9775963960692964
1.031787895161995,0.9691914439866499,0.01305518654556807,1.9384711371830632
1.03179862685503,0.9691813634682247,0.012811658618980188,1.8984109024243456
1.0318093587713093,0.9691712829497996,0.012582838865898414,1.8583768745707816
1.0318200909108404,0.9691612024313744,0.012375729006619521,1.8194325901643487
1.0318308232736293,0.9691511219129493,0.012197103934450955,1.7827190774546016
1.0318415558596838,0.9691410413945241,0.012053328202831576,1.749417041241235
1.0318522886690105,0.969130960876099,0.011950176441719425,1.7206952308984784
1.0318630217016165,0.9691208803576737,0.011892665238981914,1.6976463941842035
1.0318737549575085,0.9691107998392486,0.01188490411285224,1.6812154458421062
1.031884488436694,0.9691007193208234,0.011929972799716087,1.6721280050530023
1.0318952221391793,0.9690906388023983,0.012029831164158776,1.670830012909549
1.031905956064972,0.9690805582839731,0.012185266640377059,1.6774492732318071
1.0319166902140784,0.969070477765548,0.01239588232077582,1.691786652520636
1.0319274245865062,0.9690603972471228,0.012660126751595596,1.7133389056317192
1.0319381591822618,0.9690503167286977,0.012975364340906806,1.7413486113012573
1.0319488940013524,0.9690402362102726,0.013337983209499003,1.7748718452231933
1.031959629043785,0.9690301556918474,0.013743535487248769,1.812852445534305
1.0319703643095663,0.9690200751734223,0.014186903613261526,1.8541929914705624
1.0319810997987038,0.969009994654997,0.014662485231075358,1.8978157350395244
1.031991835511204,0.9689999141365719,0.015164388818647836,1.942710239810593
1.0320025714470742,0.9689898336181467,0.015686632238282632,1.987967352468619
1.032013307606321,0.9689797530997216,0.016223336875965687,2.0328009546470867
1.0320240439889516,0.9689696725812964,0.016768910862635013,2.076559783221877
1.032034780594973,0.9689595920628713,0.017318215917310063,2.1187317502842307
1.0320455174243923,0.9689495115444461,0.01786671350980621,2.1589429409152086
1.032056254477216,0.968939431026021,0.018410587196671883,2.1969530443428074
1.0320669917534515,0.9689293505075958,0.01894683905972632,2.232648520242854
1.0320777292531056,0.9689192699891707,0.0194733591072091,2.2660343843740627
1.0320884669761854,0.9689091894707454,0.019988967258599735,2.2972251416149536
1.0320992049226976,0.9688991089523203,0.020493428117755837,2.3264351032471215
1.0321099430926495,0.9688890284338951,0.020987439166611006,2.3539680957225015
1.032120681486048,0.96887894791547,0.021472593316408196,2.380206397084125
1.0321314201028997,0.9688688673970449,0.021951316982707598,2.4055986258785276
1.032142158943212,0.9688587868786197,0.022426785051200257,2.43064626093197
1.0321528980069918,0.9688487063601946,0.022902814322544904,2.455888496961498
1.0321636372942462,0.9688386258417694,0.023383737306635028,2.4818852478590543
1.0321743768049818,0.9688285453233443,0.023874258605406245,2.509198298151562
1.032185116539206,0.9688184648049191,0.024379296596904496,2.5383708644302843
1.0321958564969254,0.968808384286494,0.024903813701449663,2.5699061371572296
1.032206596678147,0.9687983037680687,0.025452639153897415,2.604245687436241
1.0322173370828782,0.9687882232496436,0.026030288879075006,2.6417488878077213
1.0322280777111255,0.9687781427312184,0.02664078771134588,2.6826746525409653
1.0322388185628961,0.9687680622127933,0.027287499740998856,2.7271668039384767
1.032249559638197,0.9687579816943681,0.027972972932188638,2.7752441957448744
1.032260300937035,0.968747901175943,0.02869880426309004,2.82679638698304
1.0322710424594175,0.9687378206575178,0.029465531424551526,2.881585208487894
1.0322817842053509,0.9687277401390927,0.030272556539912614,2.939252072713317
1.0322925261748424,0.9687176596206675,0.031118106417514436,2.999330422026643
1.0323032683678992,0.9687075791022424,0.03199923255216658,3.0612623556045415
1.032314010784528,0.9686974985838173,0.03291185250877444,3.124418256620519
1.032324753424736,0.968687418065392,0.033850832543684824,3.1881181663157796
1.03233549628853,0.9686773375469669,0.03481010947780884,3.251653702474749
1.032346239375917,0.9686672570285417,0.035782848053597216,3.314309463647839
1.0323569826869041,0.9686571765101166,0.03676162842732256,3.3753830611385185
1.0323677262214985,0.9686470959916914,0.03773865717566842,3.434203144808677
1.0323784699797065,0.9686370154732663,0.03870599432532745,3.490145011320687
1.0323892139615358,0.9686269349548411,0.03965578848556038,3.542643587341232
1.0323999581669927,0.968616854436416,0.04058051218119693,3.5912037559073022
1.032410702596085,0.9686067739179908,0.04147318991508002,3.6354081375242564
1.032421447248819,0.9685966933995657,0.04232761225484731,3.6749225470867106
1.0324321921252018,0.9685866128811405,0.04313853025327361,3.70949942478169
1.0324429372252404,0.9685765323627153,0.04390182566398511,3.738979585289005
1.032453682548942,0.9685664518442901,0.04461465360605413,3.7632926475258963
1.0324644280963136,0.968556371325865,0.04527555546546952,3.7824564993189065
1.032475173867362,0.9685462908074398,0.045884540833163116,3.796576120690912
1.0324859198620941,0.9685362102890147,0.046443138115741286,3.805842038434718
1.032496666080517,0.9685261297705896,0.04695441409305746,3.81052861571978
1.032507412522638,0.9685160492521644,0.04742296313946893,3.810992296067898
1.0325181591884633,0.9685059687337393,0.04785486709032135,3.807669823108284
1.0325289060780007,0.9684958882153141,0.04825762685371328,3.801076348339871
1.0325396531912567,0.968485807696889,0.048640066890002484,3.7918032218985407
1.0325504005282387,0.9684757271784638,0.0490122136517287,3.7805151405211146
1.0325611480889532,0.9684656466600386,0.04938514904324298,3.767946209802764
1.0325718958734076,0.9684555661416134,0.04977083997363565,3.7548943759456184
1.0325826438816084,0.9684454856231883,0.050181945172678585,3.7422136115553695
1.032593392113563,0.9684354051047631,0.05063160064789866,3.73080322206894
1.0326041405692783,0.968425324586338,0.05113318550683072,3.7215936997029493
1.0326148892487614,0.9684152440679128,0.051700070353418545,3.7155287154566286
1.032625638152019,0.9684051635494877,0.05234535108751061,3.71354312534947
1.0326363872790583,0.9683950830310625,0.053081571676592575,3.716537276719936
1.0326471366298862,0.9683850025126374,0.05392044028900567,3.7253484087807727
1.0326578862045097,0.9683749219942122,0.05487254403853509,3.7407204895925807
1.0326686360029356,0.968364841475787,0.055947068430670766,3.7632743273346447
1.0326793860251713,0.968354760957362,0.05715152835734878,3.7934801271394587
1.0326901362712235,0.9683446804389367,0.0584915180887339,3.831634735334467
1.0327008867410994,0.9683345999205116,0.05997048808543628,3.8778455627528867
1.0327116374348058,0.9683245194020864,0.061589556544291865,3.9320226197610038
1.0327223883523495,0.9683144388836613,0.0633473633315916,3.993879314735704
1.0327331394937382,0.9683043583652361,0.06523997332586333,4.062941808073518
1.032743890858978,0.968294277846811,0.06726083516578858,4.138565932741956
1.0327546424480767,0.9682841973283858,0.06940079999686508,4.219960117772091
1.0327653942610406,0.9682741168099607,0.0716482030702042,4.306212449325942
1.0327761462978773,0.9682640362915355,0.0739890090398595,4.396319973295772
1.0327868985585933,0.9682539557731104,0.0764070196203154,4.489218528207863
1.032797651043196,0.9682438752546851,0.07888414001333457,4.583811715361704
1.0328084037516918,0.96823379473626,0.08140069831368747,4.678997982233519
1.0328191566840885,0.9682237142178348,0.0839358100712487,4.773695150493071
1.0328299098403924,0.9682136336994097,0.0864677784359698,4.866862021894047
1.0328406632206109,0.9682035531809845,0.08897451893559097,4.957516927357097
1.0328514168247507,0.9681934726625594,0.09143399699629289,5.0447532471360255
1.032862170652819,0.9681833921441343,0.0938246658602813,5.127752033415051
1.032872924704823,0.9681733116257091,0.09612589258653838,5.205791924671861
1.032883678980769,0.968163231107284,0.09831836032212053,5.278256567064772
1.0328944334806647,0.9681531505888588,0.10038443596091254,5.344639763052395
1.0329051882045168,0.9681430700704337,0.1023084935918085,5.404548559190749
1.0329159431523325,0.9681329895520084,0.10407718571606979,5.457704469289541
1.0329266983241183,0.9681229090335833,0.10567965598061056,5.503943008547214
1.0329374537198819,0.9681128285151581,0.10710768906711457,5.543211691441537
1.0329482093396296,0.968102747996733,0.10835579530274474,5.575566621724697
1.0329589651833688,0.9680926674783078,0.10942122945461752,5.601167778186053
1.0329697212511064,0.9680825869598827,0.11030394497531451,5.620273075688995
1.0329804775428495,0.9680725064414575,0.11100648663793494,5.633231258857229
1.032991234058605,0.9680624259230324,0.11153382599375745,5.640473667023281
1.0330019907983798,0.9680523454046072,0.11189314538769567,5.642504895791876
1.033012747762181,0.9680422648861821,0.11209357735255486,5.639892374767072
1.0330235049500156,0.968032184367757,0.11214590707177256,5.633254884977744
1.0330342623618907,0.9680221038493317,0.11206224623583501,5.623250055093153
1.0330450199978132,0.9680120233309066,0.11185568704160515,5.610560904624934
1.03305577785779,0.9680019428124814,0.11153994527820367,5.595881545145593
1.0330665359418283,0.9679918622940563,0.1111290014350241,5.579902206854127
1.0330772942499349,0.9679817817756311,0.11063674855849268,5.563293824988574
1.033088052782117,0.967971701257206,0.11007665519183533,5.546692494196088
1.0330988115383815,0.9679616207387808,0.10946145117079828,5.53068417226434
1.0331095705187352,0.9679515402203557,0.10880284334288469,5.515790079283769
1.0331203297231857,0.9679414597019305,0.10811126744182299,5.502453284564351
1.0331310891517393,0.9679313791835054,0.10739568141035327,5.491026992288753
1.0331418488044033,0.9679212986650801,0.10666340444665236,5.481765020503801
1.0331526086811849,0.967911218146655,0.10592000496960127,5.474814912497924
1.0331633687820907,0.9679011376282298,0.10516923958294144,5.4702140259244825
1.033174129107128,0.9678910571098047,0.10441304398405446,5.467888819260326
1.0331848896563038,0.9678809765913795,0.10365157562504061,5.4676574083220135
1.033195650429625,0.9678708960729544,0.10288330681014411,5.469235311967078
1.0332064114270985,0.9678608155545293,0.10210516580974538,5.472244160827396
1.0332171726487314,0.9678507350361041,0.10131272250554549,5.476223019838434
1.0332279340945307,0.967840654517679,0.10050041405467425,5.48064188412008
1.0332386957645037,0.9678305739992538,0.09966180509386498,5.484916853520759
1.033249457658657,0.9678204934808287,0.09878987610194954,5.488426473332323
1.0332602197769978,0.9678104129624034,0.09787733272782452,5.490528742640358
1.033270982119533,0.9678003324439783,0.09691692818351458,5.490578329539189
1.0332817446862697,0.9677902519255531,0.0959017902354789,5.487943585179801
1.0332925074772148,0.967780171407128,0.09482574392765061,5.482023007620973
1.0333032704923755,0.9677700908887028,0.09368362097096428,5.472260864596171
1.0333140337317583,0.9677600103702777,0.09247154677940676,5.4581617369625715
1.033324797195371,0.9677499298518525,0.09118719644118675,5.4393037887860425
1.03333556088322,0.9677398493334274,0.08983001152319542,5.415350605471488
1.0333463247953125,0.9677297688150022,0.08840137052091453,5.386061468660952
1.0333570889316557,0.9677196882965771,0.0869047069872589,5.351299957402402
1.0333678532922561,0.9677096077781518,0.08534557087676524,5.311040781121815
1.0333786178771212,0.9676995272597267,0.08373163038918774,5.265374762682657
1.0333893826862577,0.9676894467413016,0.08207261351887583,5.2145118999344815
1.033400147719673,0.9676793662228764,0.08038019053975863,5.158782441910344
1.0334109129773736,0.9676692857044513,0.07866780067693815,5.098635920255145
1.0334216784593668,0.9676592051860261,0.07695042813913604,5.0346380768531525
1.0334324441656597,0.967649124667601,0.07524433440547411,4.967465623893744
1.0334432100962592,0.9676390441491758,0.07356675508328965,4.897898762891625
1.033453976251172,0.9676289636307507,0.07193557070042074,4.826811376097113
1.0334647426304056,0.9676188831123255,0.07036896142223943,4.755158792042045
1.0334755092339667,0.9676088025939004,0.06888505585321478,4.683963024238376
1.0334862760618626,0.9675987220754751,0.06750158380861977,4.614295400241901
1.0334970431141,0.96758864155705,0.06623554226002137,4.5472565522660595
1.033507810390686,0.9675785610386248,0.06510288261679831,4.483953845924528
1.0335185778916278,0.9675684805201997,0.06411822620282749,4.42547649400272
1.0335293456169323,0.9675584000017745,0.0632946132942785,4.372868841014607
1.0335401135666062,0.9675483194833494,0.06264328951717152,4.327102601088592
1.0335508817406571,0.9675382389649242,0.06217353183887449,4.289049153262974
1.0335616501390916,0.9675281584464991,0.06189251492275977,4.2594532900706445
1.0335724187619166,0.967518077928074,0.06180521730749042,4.238910005735024
1.0335831876091397,0.9675079974096488,0.061914365785851654,4.227845928229673
1.0335939566807673,0.9674979168912237,0.062220415509349605,4.226506794381725
1.0336047259768069,0.9674878363727984,0.06272156276262512,4.2349519336341706
1.033615495497265,0.9674777558543733,0.06341378701988654,4.253056113270926
1.033626265242149,0.9674676753359481,0.06429091880279088,4.280518405593827
1.0336370352114657,0.967457594817523,0.06534472997066279,4.316877090541865
1.0336478054052225,0.9674475142990978,0.06656504335623363,4.361529121119991
1.0336585758234258,0.9674374337806727,0.06793985906234579,4.413752427903387
1.0336693464660833,0.9674273532622475,0.06945549521837802,4.472729339718974
1.0336801173332013,0.9674172727438224,0.07109674150598574,4.537569612721195
1.0336908884247875,0.9674071922253972,0.07284702426177476,4.607331916769327
1.0337016597408484,0.9673971117069721,0.07468858240209177,4.681043042596717
1.0337124312813915,0.9673870311885469,0.07660265375842414,4.7577144928192014
1.0337232030464232,0.9673769506701217,0.07856967162280579,4.836356453743539
1.033733975035951,0.9673668701516965,0.08056947136265459,4.915989388195154
1.0337447472499819,0.9673567896332714,0.08258150684191766,4.995653637799614
1.0337555196885226,0.9673467091148463,0.0845850760934032,5.0744174870505345
1.0337662923515805,0.9673366285964211,0.08655955520832277,5.151384137721126
1.0337770652391622,0.967326548077996,0.08848463877980318,5.225697990251259
1.033787838351275,0.9673164675595708,0.09034058447897307,5.296550545831501
1.033798611687926,0.9673063870411457,0.09210845851146995,5.36318614380551
1.0338093852491221,0.9672963065227205,0.09377037785552166,5.424907644986501
1.0338201590348701,0.9672862260042954,0.09530974440071506,5.481082071357042
1.0338309330451776,0.9672761454858702,0.09671146546363654,5.531146122868007
1.033841707280051,0.967266064967445,0.09796215473752504,5.574611417663642
1.0338524817394976,0.9672559844490198,0.09905030761058446,5.611069246864023
1.0338632564235244,0.9672459039305947,0.0999664450167302,5.640194601546003
1.0338740313321384,0.9672358234121695,0.10070322059548882,5.661749219282236
1.0338848064653465,0.9672257428937444,0.10125548693753042,5.675583410729172
1.033895581823156,0.9672156623753192,0.10162031803806841,5.681636461827051
1.0339063574055738,0.9672055818568941,0.1017969867076878,5.679935461570222
1.0339171332126071,0.9671955013384689,0.10178689749825838,5.670592474801009
1.0339279092442624,0.9671854208200438,0.10159347755983543,5.653800058468873
1.0339386855005472,0.9671753403016187,0.10122202962953196,5.62982520252624
1.0339494619814684,0.9671652597831935,0.10067955292997405,5.599001856525795
1.033960238687033,0.9671551792647683,0.09997453900786048,5.561722274211249
1.033971015617248,0.9671450987463431,0.0991167503945177,5.518427465979843
1.0339817927721204,0.967135018227918,0.09811699036111708,5.469597089270711
1.0339925701516575,0.9671249377094928,0.09698687198022489,5.415739128124383
1.0340033477558657,0.9671148571910677,0.09573859419839151,5.357379714450361
1.0340141255847528,0.9671047766726425,0.0943847317554674,5.295053426907545
1.034024903638325,0.9670946961542174,0.09293804463398338,5.229294371117021
1.0340356819165903,0.9670846156357922,0.09141131137640895,5.160628300503267
1.034046460419555,0.9670745351173671,0.0898171891816447,5.089565984645101
1.0340572391472262,0.9670644545989419,0.08816810227929138,5.016597975526817
1.0340680180996111,0.9670543740805168,0.08647615874332425,4.942190864666791
1.034078797276717,0.9670442935620915,0.08475309472779508,4.866785069085877
1.0340895766785503,0.9670342130436664,0.08301024411103414,4.790794133251708
1.0341003563051183,0.9670241325252412,0.08125853074275691,4.714605488390687
1.0341111361564281,0.9670140520068161,0.07950847990751049,4.638582570464597
1.0341219162324868,0.967003971488391,0.07777024523373463,4.563068162727401
1.0341326965333013,0.9669938909699658,0.07605364706760173,4.488388797000163
1.0341434770588787,0.9669838104515407,0.07436821827509071,4.414860017989372
1.034154257809226,0.9669737299331155,0.07272325350398585,4.342792285220886
1.0341650387843502,0.9669636494146904,0.07112785810826101,4.272497255816984
1.0341758199842583,0.9669535688962652,0.06959099318739158,4.204294157055625
1.0341866014089574,0.96694348837784,0.06812151351313118,4.138515920251338
1.0341973830584543,0.9669334078594148,0.06672819548918303,4.0755147078140475
1.0342081649327566,0.9669233273409897,0.06541975271843657,4.015666426701504
1.0342189470318708,0.9669132468225645,0.06420483723049045,3.9593737892409058
1.034229729355804,0.9669031663041394,0.0630920249537041,3.9070674651902246
1.0342405119045635,0.9668930857857142,0.06208978459916755,3.8592048783823736
1.034251294678156,0.9668830052672891,0.061206429760128266,3.816266251270159
1.0342620776765887,0.9668729247488639,0.06045005470885053,3.778747605257933
1.0342728608998686,0.9668628442304388,0.05982845508297731,3.7471505953109765
1.034283644348003,0.9668527637120136,0.05934903537412139,3.721969297801438
1.0342944280209985,0.9668426831935885,0.05901870583255985,3.70367437201821
1.0343052119188623,0.9668326026751634,0.05884377204750574,3.6926953520884402
1.0343159960416015,0.9668225221567381,0.0588298210093928,3.6894021529192957
1.034326780389223,0.966812441638313,0.05898160786575641,3.694087132756251
1.0343375649617341,0.9668023611198878,0.05930294780322611,3.706949184707209
1.0343483497591417,0.9667922806014627,0.059796617487601435,3.7280812817067353
1.0343591347814527,0.9667822000830375,0.06046427025177108,3.7574626552320005
1.0343699200286742,0.9667721195646124,0.061306368730278366,3.7949563694350665
1.0343807055008134,0.9667620390461872,0.06232213790927758,3.8403125203569233
1.034391491197877,0.9667519585277621,0.06350954063352221,3.8931767323987425
1.0344022771198724,0.9667418780093369,0.06486527653231065,3.9531031321532937
1.0344130632668065,0.9667317974909118,0.06638480417137131,4.019570625495183
1.0344238496386862,0.9667217169724865,0.06806238508033063,4.092001124801219
1.0344346362355186,0.9667116364540614,0.06989114723190581,4.169778368822955
1.034445423057311,0.9667015559356362,0.07186316463127344,4.252266116552535
1.03445621010407,0.9666914754172111,0.07396954897561188,4.338824730104425
1.0344669973758032,0.9666813948987859,0.07620054891113595,4.428825439289896
1.0344777848725168,0.9666713143803608,0.07854565226268323,4.521661858815647
1.0344885725942186,0.9666612338619357,0.08099368675166001,4.61675857842249
1.0344993605409154,0.9666511533435105,0.08353291510845753,4.713576849696039
1.0345101487126143,0.9666410728250854,0.08615112111067529,4.811617546568946
1.034520937109322,0.9666309923066602,0.08883568386797436,4.91042168152167
1.034531725731046,0.9666209117882351,0.09157363857951537,5.0095688233723425
1.0345425145777931,0.9666108312698098,0.09435172295692518,5.108673793812488
1.0345533036495704,0.9666007507513847,0.09715640946729744,5.207382026411749
1.0345640929463849,0.9665906702329595,0.09997392448061898,5.305363961720059
1.0345748824682435,0.9665805897145344,0.1027902562449267,5.402308830595379
1.0345856722151536,0.9665705091961092,0.10559115435113746,5.497918150262385
1.034596462187122,0.9665604286776841,0.10836212395563596,5.591899226834563
1.0346072523841559,0.9665503481592589,0.11108841849230053,5.683958926561973
1.034618042806262,0.9665402676408338,0.11375503492099436,5.773797947297481
1.0346288334534477,0.9665301871224086,0.11634671571503755,5.861105792253414
1.0346396243257197,0.9665201066039835,0.11884796178085559,5.945556620002296
1.0346504154230856,0.9665100260855582,0.12124306032673324,6.026806117675752
1.0346612067455516,0.9664999455671331,0.12351613134533274,6.104489517471813
1.0346719982931256,0.966489865048708,0.12565119583915837,6.178220849148165
1.0346827900658142,0.9664797845302828,0.12763226820229606,6.24759349201763
1.0346935820636245,0.9664697040118577,0.12944347427459113,6.312182058410352
1.0347043742865636,0.9664596234934325,0.1310691955151762,6.371545605709441
1.0347151667346386,0.9664495429750074,0.1324942385254693,6.42523213584276
1.0347259594078564,0.9664394624565822,0.133704027821211,6.472784299726286
1.034736752306224,0.9664293819381571,0.13468481835633223,6.5137461802967
1.0347475454297488,0.9664193014197319,0.13542392291242575,6.547670983226426
1.0347583387784374,0.9664092209013068,0.1359099481525718,6.574129420829304
1.034769132352297,0.9663991403828815,0.13613303200167584,6.5927185351386095
1.0347799261513346,0.9663890598644564,0.13608507413906373,6.603070673206433
1.0347907201755577,0.9663789793460312,0.13575995086370787,6.604862304527151
1.0348015144249727,0.9663688988276061,0.1351537054962076,6.597822359953016
1.034812308899587,0.9663588183091809,0.13426470585913894,6.58173977561986
1.0348231035994075,0.9663487377907558,0.13309376125013378,6.556469945636293
1.0348338985244414,0.9663386572723306,0.1316441926692446,6.521939823764824
1.0348446936746958,0.9663285767539055,0.1299218518259833,6.478151465886525
1.0348554890501773,0.9663184962354804,0.12793508653009947,6.425183869237524
1.0348662846508936,0.9663084157170552,0.12569465234225244,6.363193037650866
1.0348770804768512,0.9662983351986301,0.12321357266866209,6.2924102797662185
1.0348878765280576,0.9662882546802049,0.12050695168624234,6.213138824591754
1.0348986728045193,0.9662781741617797,0.11759174641901438,6.12574891066789
1.034909469306244,0.9662680936433545,0.11448650584957448,6.030671567342143
1.0349202660332382,0.9662580131249294,0.1112110860320639,5.928391355314935
1.034931062985509,0.9662479326065042,0.10778635074427997,5.819438366671749
1.034941860163064,0.9662378520880791,0.10423386725929736,5.704379800869454
1.0349526575659096,0.9662277715696539,0.10057560637260571,5.583811433016444
1.0349634551940532,0.9662176910512288,0.0968336549574103,5.458349275895519
1.034974253047502,0.9662076105328036,0.09302994812972498,5.328621709916235
1.0349850511262624,0.9661975300143785,0.08918602669590628,5.195262318818283
1.0349958494303422,0.9661874494959533,0.08532282403478866,5.058903626680252
1.035006647959748,0.9661773689775282,0.08146048503557915,4.920171886915289
1.035017446714487,0.9661672884591029,0.0776182182591398,4.779683029284057
1.0350282456945663,0.9661572079406778,0.07381418118451184,4.638039828868988
1.0350390448999927,0.9661471274222527,0.07006539728071726,4.49583032247243
1.0350498443307736,0.9661370469038275,0.06638770274611198,4.353627464118778
1.0350606439869159,0.9661269663854024,0.06279572007692598,4.211989981369643
1.0350714438684265,0.9661168858669772,0.05930285516417507,4.071464367021282
1.0350822439753127,0.9661068053485521,0.055921314349613276,3.9325879140199342
1.0350930443075816,0.9660967248301269,0.05266213777152568,3.7958926719382142
1.0351038448652399,0.9660866443117018,0.04953524536959534,3.661910166932882
1.0351146456482951,0.9660765637932766,0.04654949206339419,3.5311766788343006
1.0351254466567539,0.9660664832748515,0.0437127288468206,3.404238803536009
1.0351362478906234,0.9660564027564262,0.04103186681668397,3.281658940591566
1.0351470493499109,0.9660463222380011,0.038512941469665427,3.164020231611769
1.035157851034623,0.9660362417195759,0.03616117492829711,3.0519303343854216
1.0351686529447675,0.9660261612011508,0.033981034096920916,2.9460232591589626
1.0351794550803508,0.9660160806827256,0.031976283079995414,2.846958337439535
1.03519025744138,0.9660060001643005,0.030150028526808075,2.755415280147815
1.0352010600278625,0.9659959196458753,0.028504756890927182,2.6720842729321475
1.035211862839805,0.9659858391274502,0.027042362909011596,2.5976502345007426
1.035222665877215,0.9659757586090251,0.025764168917938382,2.5327708161768
1.0352334691400993,0.9659656780905999,0.02467093493962675,2.478048504549162
1.0352442726284647,0.9659555975721748,0.02376285976972991,2.43399827898507
1.0352550763423187,0.9659455170537495,0.023039573613683875,2.401013513217989
1.035265880281668,0.9659354365353244,0.022500123114855528,2.3793338867492198
1.0352766844465202,0.9659253560168992,0.022142949915594307,2.3690195924444715
1.0352874888368817,0.9659152754984741,0.02196586417525619,2.369935759803398
1.03529829345276,0.9659051949800489,0.021966014734234363,2.3817496755711414
1.035309098294162,0.9658951144616238,0.02213985785034395,2.4039413463923
1.0353199033610947,0.9658850339431986,0.022483126632040325,2.435825773043187
1.0353307086535652,0.9658749534247735,0.02299080344394659,2.4765836128254954
1.0353415141715807,0.9658648729063483,0.02365709764535855,2.5252961092883277
1.0353523199151482,0.9658547923879232,0.024475431037693212,2.580980328906056
1.0353631258842746,0.9658447118694979,0.02543843332341644,2.6426216134868574
1.0353739320789672,0.9658346313510728,0.026537949715095092,2.7092013433588136
1.035384738499233,0.9658245508326477,0.02776506256621664,2.7797192514487015
1.035395545145079,0.9658144703142225,0.02911012853177244,2.8532104106266445
1.035406352016512,0.9658043897957974,0.030562832303959998,2.928757562576213
1.0354171591135397,0.9657943092773722,0.03211225742221375,3.0054996990343437
1.0354279664361685,0.9657842287589471,0.03374697404083854,3.082637827925816
1.035438773984406,0.9657741482405219,0.03545514287854716,3.1594387470956993
1.035449581758259,0.9657640677220968,0.03722463389682249,3.2352374793053134
1.0354603897577346,0.9657539872036716,0.03904315759585334,3.309438843284462
1.0354711979828397,0.9657439066852465,0.04089840620840067,3.3815184746793427
1.035482006433582,0.9657338261668212,0.04277820155099598,3.4510234802992206
1.0354928151099676,0.9657237456483961,0.04467064588398396,3.517572811672037
1.0355036240120044,0.9657136651299709,0.04656427187089319,3.5808573773443597
1.0355144331396988,0.9657035846115458,0.048448187619371835,3.6406398721091926
1.0355252424930583,0.9656935040931206,0.0503122128451433,3.6967542800548303
1.03553605207209,0.9656834235746955,0.05214700242061532,3.749105001347221
1.035546861876801,0.9656733430562703,0.053944153934274146,3.7976655549341616
1.0355576719071977,0.9656632625378452,0.055696296374551015,3.8424768167661614
1.0355684821632878,0.9656531820194201,0.0573971576315137,3.8836447621754675
1.0355792926450784,0.9656431015009949,0.05904160914006547,3.921337688814079
1.0355901033525765,0.9656330209825698,0.060625686640382995,3.9557829013257435
1.035600914285789,0.9656229404641445,0.06214658666054124,3.9872628391650613
1.0356117254447228,0.9656128599457194,0.0636026389072099,4.016110624430024
1.0356225368293854,0.9656027794272942,0.06499325525471905,4.04270499743209
1.0356333484397837,0.9655926989088691,0.06631885643538402,4.0674645951390955
1.0356441602759248,0.9655826183904439,0.06758077785187754,4.090841513663746
1.0356549723378157,0.9655725378720188,0.06878115615052875,4.113314083071844
1.0356657846254633,0.9655624573535936,0.06992279833840967,4.135378774684806
1.035676597138875,0.9655523768351685,0.07100903530332747,4.157541161228935
1.0356874098780577,0.9655422963167433,0.07204356164743236,4.180305862936293
1.0356982228430185,0.9655322157983182,0.07303026379160853,4.204165441410474
1.0357090360337646,0.965522135279893,0.07397303839910786,4.229588250785019
1.0357198494503028,0.9655120547614678,0.07487560332492901,4.25700532325387
1.0357306630926404,0.9655019742430426,0.07574130357049277,4.286796452798986
1.0357414769607844,0.9654918937246175,0.07657291512897342,4.3192757429076085
1.0357522910547416,0.9654818132061924,0.07737245016483436,4.354676994832835
1.0357631053745198,0.9654717326877672,0.07814096769206356,4.393139423791261
1.0357739199201252,0.9654616521693421,0.07887839476859901,4.434694290398927
1.0357847346915656,0.9654515716509169,0.07958336417679987,4.479253112920318
1.0357955496888476,0.9654414911324918,0.08025307553625208,4.526598172347854
1.0358063649119784,0.9654314106140666,0.08088318768365355,4.576376028757388
1.0358171803609653,0.9654213300956415,0.08146775082087876,4.628094728688478
1.035827996035815,0.9654112495772162,0.08199918720674496,4.681125297086027
1.0358388119365347,0.9654011690587911,0.08246832887281919,4.734707973836884
1.0358496280631317,0.9653910885403659,0.08286451979287246,4.787963476110241
1.035860444415613,0.9653810080219408,0.08317578800392379,4.839909348007885
1.0358712609939855,0.9653709275035156,0.0833890902754987,4.889481204197098
1.0358820777982563,0.9653608469850905,0.08349062809411675,4.9355583938317125
1.0358928948284325,0.9653507664666653,0.083466229133993,4.97699331906592
1.0359037120845211,0.9653406859482402,0.08330178333852599,5.012643358092898
1.0359145295665295,0.965330605429815,0.08298371768866618,5.041404090572073
1.0359253472744645,0.9653205249113899,0.08249948924932342,5.062242332050473
1.0359361652083334,0.9653104443929648,0.08183807274821674,5.074227381868349
1.035946983368143,0.9653003638745395,0.08099041729158328,5.076558899703713
1.0359578017539004,0.9652902833561144,0.07994984724689225,5.0685899633576685
1.035968620365613,0.9652802028376892,0.07871238496620633,5.049844123581585
1.0359794392032875,0.9652701223192641,0.07727697775294809,5.020025644070549
1.0359902582669314,0.9652600418008389,0.07564561785363347,4.979022563064795
1.0360010775565511,0.9652499612824138,0.07382335163268455,4.9269026937912805
1.0360118970721546,0.9652398807639886,0.07181818165153285,4.863903144571834
1.0360227168137481,0.9652298002455635,0.06964087232092014,4.790414339908503
1.0360335367813391,0.9652197197271383,0.06730467543163697,4.706959824448157
1.0360443569749347,0.9652096392087132,0.06482499570033244,4.614173310439873
1.0360551773945421,0.965199558690288,0.062219018287129474,4.512774481437542
1.036065998040168,0.9651894781718628,0.05950532008533047,4.403545001131192
1.0360768189118197,0.9651793976534376,0.05670348473319432,4.287306019775926
1.0360876400095043,0.9651693171350125,0.05383373817310971,4.164898252144738
1.036098461333229,0.9651592366165873,0.050916617681186174,4.037165453094432
1.0361092828830005,0.9651491560981622,0.04797268310006309,3.904941870114544
1.0361201046588262,0.9651390755797371,0.04502227493530333,3.7690440307947743
1.0361309266607133,0.9651289950613119,0.04208532035736185,3.6302670452215446
1.0361417488886684,0.9651189145428868,0.03918118516400612,3.4893854771947144
1.0361525713426991,0.9651088340244616,0.03632856751005583,3.3471587664710554
1.036163394022812,0.9650987535060365,0.033545427704836844,3.204341161163768
1.0361742169290147,0.9650886729876113,0.03084894754444372,3.0616961309250263
1.0361850400613137,0.9650785924691861,0.02825551240265864,2.9200152538673514
1.0361958634197168,0.9650685119507609,0.02578070952389027,2.780141561319166
1.0362066870042304,0.9650584314323358,0.023439336539209345,2.6429972158356807
1.0362175108148621,0.9650483509139106,0.02124541504863046,2.5096150748700934
1.0362283348516186,0.9650382703954855,0.01921220509451365,2.3811729754727895
1.0362391591145073,0.9650281898770603,0.017352217412639533,2.2590282045128185
1.036249983603535,0.9650181093586352,0.015677221428309022,2.144747281480781
1.036260808318709,0.96500802884021,0.014198248014418583,2.0401226531554717
1.0362716332600361,0.9649979483217849,0.012925587002417742,1.947163426274625
1.0362824584275239,0.9649878678033597,0.01186878029642953,1.8680432726179472
1.0362932838211791,0.9649777872849346,0.011036612152941879,1.804988560022655
1.0363041094410086,0.9649677067665094,0.010437098717637025,1.7600988715765349
1.0363149352870202,0.9649576262480842,0.010077479233542715,1.7351143733517564
1.0363257613592203,0.9649475457296591,0.009964211427425793,1.731175918611694
1.0363365876576163,0.9649374652112339,0.010102973436883376,1.7486472343002406
1.036347414182215,0.9649273846928088,0.010498674259408876,1.7870617703281821
1.036358240933024,0.9649173041743836,0.011155474108240129,1.8452141166832587
1.0363690679100501,0.9649072236559585,0.01207681528320773,1.9213608822056703
1.0363798951133005,0.9648971431375333,0.01326546325968193,2.0134632690208294
1.036390722542782,0.9648870626191082,0.014723556732622512,2.1194077793358135
1.036401550198502,0.964876982100683,0.01645266439735295,2.237169245485446
1.0364123780804673,0.9648669015822579,0.018453845380228383,2.364909478875268
1.0364232061886853,0.9648568210638326,0.0207277095229053,2.50102254613867
1.0364340345231629,0.9648467405454075,0.02327447322900541,2.6441433080397374
1.0364448630839072,0.9648366600269823,0.026094006346251166,2.7931342344833374
1.0364556918709253,0.9648265795085572,0.02918586560033999,2.9470613368118084
1.0364665208842245,0.964816498990132,0.032549310417002174,3.105165992554931
1.0364773501238116,0.9648064184717069,0.03618329755208263,3.2668364190117014
1.0364881795896939,0.9647963379532818,0.0400864517560345,3.4315806252566814
1.0364990092818782,0.9647862574348566,0.044257010683230034,3.5990015741497725
1.036509839200372,0.9647761769164315,0.04869274337364735,3.768774727035283
1.0365206693451823,0.9647660963980063,0.05339084282538368,3.940627900374021
1.0365314997163158,0.9647560158795812,0.05834779439503415,4.114323288358141
1.03654233031378,0.9647459353611559,0.06355922297181775,4.289641510445069
1.036553161137582,0.9647358548427308,0.0690197230184463,4.466367577911921
1.0365639921877285,0.9647257743243056,0.07472267664332528,4.64427871457156
1.0365748234642271,0.9647156938058805,0.08066006581121098,4.823134001075117
1.0365856549670847,0.9647056132874553,0.08682228560840143,5.002665836461859
1.0365964866963082,0.9646955327690302,0.09319796609357134,5.182573223014414
1.0366073186519051,0.964685452250605,0.09977381068574329,5.362516883028949
1.0366181508338819,0.9646753717321799,0.10653445919541538,5.542116208915444
1.0366289832422464,0.9646652912137547,0.11346238349111895,5.720948033554205
1.0366398158770052,0.9646552106953296,0.1205378233465006,5.898547186178771
1.0366506487381655,0.9646451301769043,0.12773876923711738,6.074408772221196
1.0366614818257345,0.9646350496584792,0.13504099770187203,6.247992083576601
1.036672315139719,0.9646249691400541,0.14241816339363128,6.418726010875501
1.0366831486801267,0.9646148886216289,0.14984195011171164,6.5860157922050115
1.036693982446964,0.9646048081032038,0.157282281009518,6.749250895658241
1.0367048164402388,0.9645947275847786,0.16470758587698714,6.907813798053176
1.0367156506599573,0.9645846470663535,0.17208512101771287,7.0610893916281565
1.0367264851061273,0.9645745665479283,0.17938133490703334,7.208474726962626
1.0367373197787555,0.9645644860295032,0.18656227066085249,7.349388786084185
1.0367481546778492,0.964554405511078,0.1935939945188978,7.4832819767171435
1.0367589898034155,0.9645443249926529,0.2004430381639615,7.609645048048493
1.0367698251554613,0.9645342444742276,0.20707684188360642,7.7280171509603
1.0367806607339938,0.9645241639558025,0.21346418537839498,7.8379928004739
1.0367914965390204,0.9645140834373773,0.21957559348365197,7.939227544245003
1.0368023325705478,0.9645040029189522,0.22538370514434056,8.031442195325736
1.036813168828583,0.964493922400527,0.2308635956285719,8.1144255476078
1.0368240053131337,0.9644838418821019,0.23599304404613902,8.188035554332348
1.0368348420242066,0.9644737613636767,0.2407527406328412,8.252199010504258
1.0368456789618086,0.9644636808452516,0.2451264308002515,8.306909835303381
1.0368565161259473,0.9644536003268265,0.2491009954843248,8.352226097822657
1.0368673535166295,0.9644435198084013,0.25266646968953765,8.388265966233693
1.0368781911338623,0.9644334392899762,0.25581600321547254,8.415202785620592
1.036889028977653,0.9644233587715509,0.25854576925048056,8.43325950246404
1.0368998670480083,0.9644132782531258,0.2608548277825047,8.442702654606522
1.0369107053449358,0.9644031977347006,0.26274495157990174,8.443836135566103
1.0369215438684423,0.9643931172162755,0.26422042284994945,8.436994922890086
1.036932382618535,0.9643830366978503,0.2652878086329471,8.422538934060508
1.036943221595221,0.9643729561794252,0.26595572259330347,8.400847142380513
1.0369540607985075,0.964362875661,0.2662345802114758,8.372312051852232
1.0369649002284012,0.9643527951425749,0.26613635353336673,8.337334596192509
1.0369757398849098,0.9643427146241497,0.2656743306871566,8.296319495095
1.03698657976804,0.9643326341057246,0.26486288440293276,8.249671072089347
1.036997419877799,0.9643225535872993,0.2637172528322533,8.19778951432201
1.037008260214194,0.9643124730688742,0.2622533351094501,8.141067536172581
1.037019100777232,0.964302392550449,0.2604875033696161,8.079887396522507
1.03702994156692,0.9642923120320239,0.2584364323474438,8.014618213863214
1.0370407825832653,0.9642822315135988,0.2561169472493252,7.9456135243283015
1.0370516238262752,0.9642721509951736,0.2535458902927064,7.873209034667585
1.0370624652959564,0.9642620704767485,0.2507400061564819,7.797720534800593
1.0370733069923161,0.9642519899583233,0.24771584652620798,7.719441951794845
1.0370841489153617,0.9642419094398982,0.24448969395785553,7.6386435483933
1.0370949910651,0.964231828921473,0.24107750536347428,7.555570293252177
1.0371058334415382,0.9642217484030479,0.23749487553225987,7.4704404561089595
1.0371166760446833,0.9642116678846226,0.23375702120286923,7.383444508235061
1.0371275188745426,0.9642015873661975,0.22987878627754052,7.294744436049259
1.0371383619311232,0.9641915068477723,0.2258746687828363,7.204473602945383
1.0371492052144322,0.9641814263293472,0.22175887013307927,7.112737321120403
1.0371600487244765,0.964171345810922,0.21754536710556016,7.0196143209256014
1.0371708924612635,0.9641612652924969,0.21324800669294536,6.925159330058216
1.0371817364248002,0.9641511847740717,0.20888062363088397,6.829406998152021
1.0371925806150935,0.9641411042556466,0.20445717990491255,6.732377423574732
1.037203425032151,0.9641310237372214,0.1999919248929816,6.6340835566573535
1.0372142696759792,0.9641209432187963,0.19549957399897339,6.534540764944866
1.0372251145465856,0.9641108627003712,0.1909955026406149,6.433778846314025
1.0372359596439775,0.964100782181946,0.18649595128761998,6.3318567585860315
1.0372468049681616,0.9640907016635208,0.18201823586817278,6.228880288500343
1.037257650519145,0.9640806211450956,0.17758095631144447,6.125022794404167
1.0372684962969352,0.9640705406266705,0.1732041942808964,6.02054900530141
1.0372793423015392,0.9640604601082453,0.16890968934797118,5.915841618179057
1.037290188532964,0.9640503795898202,0.16472098106566416,5.811430074661477
1.0373010349912166,0.964040299071395,0.160663502768542,5.708020382837618
1.0373118816763043,0.9640302185529699,0.1567646116647763,5.606524150869556
1.037322728588234,0.9640201380345447,0.15305353916082973,5.508084104193469
1.0373335757270132,0.9640100575161196,0.14956124566525378,5.414092298189922
1.0373444230926487,0.9639999769976944,0.14632016568583525,5.3261961229077865
1.0373552706851479,0.9639898964792692,0.14336383216683232,5.2462862596685484
1.0373661185045175,0.963979815960844,0.1407263739253214,5.176460386675676
1.037376966550765,0.9639697354424189,0.1384418868240289,5.118957193994843
1.0373878148238973,0.9639596549239937,0.13654368782016524,5.076057757261522
1.0373986633239216,0.9639495744055686,0.1350634708282542,5.049955921946884
1.0374095120508449,0.9639394938871435,0.1340303937072658,5.042605844315453
1.0374203610046746,0.9639294133687183,0.13347013559771218,5.055562021824489
1.0374312101854175,0.9639193328502932,0.13340397205648827,5.089832835541587
1.0374420595930811,0.963909252331868,0.13384792067569892,5.145770290188897
1.037452909227672,0.9638991718134429,0.13481201097575812,5.223014639346971
1.0374637590891977,0.9638890912950177,0.13629972856475472,5.320503349109575
1.0374746091776652,0.9638790107765925,0.13830767466631086,5.436542047474246
1.0374854594930818,0.9638689302581673,0.14082546865177406,5.568924478514414
1.0374963100354544,0.9638588497397422,0.1438359043845324,5.715082053339655
1.03750716080479,0.963848769221317,0.14731535278451252,5.872242400834826
1.037518011801096,0.9638386887028919,0.15123438510979892,6.037579406051571
1.0375288630243795,0.9638286081844667,0.15555857608878979,6.208342573814757
1.0375397144746477,0.9638185276660416,0.16024943486403856,6.381959213563414
1.0375505661519073,0.9638084471476164,0.16526540578082163,6.5561076514393966
1.0375614180561656,0.9637983666291913,0.17056288062820296,6.728762959521664
1.0375722701874301,0.9637882861107661,0.17609716857354227,6.898218615042691
1.0375831225457075,0.963778205592341,0.18182337866447115,7.063088374211475
1.037593975131005,0.9637681250739158,0.1876971810247951,7.222292812582087
1.0376048279433299,0.9637580445554906,0.1936754252520524,7.375034730066865
1.037615680982689,0.9637479640370655,0.19971660667141997,7.5207671415432955
1.03762653424909,0.9637378835186403,0.2057811819749953,7.659157000749334
1.0376373877425396,0.9637278030002152,0.211831744662808,7.790047212216583
1.0376482414630448,0.96371772248179,0.2178330772885946,7.913418919866059
1.0376590954106129,0.9637076419633649,0.22375210179607918,8.029355548747159
1.037669949585251,0.9636975614449397,0.2295577514281119,8.138009633490077
1.0376808039869665,0.9636874809265146,0.23522078815931147,8.239573099879731
1.037691658615766,0.9636774004080894,0.24071358877131777,8.334251375292586
1.037702513471657,0.9636673198896643,0.24600992093010388,8.422241484440873
1.0377133685546467,0.963657239371239,0.25108472832214007,8.503714131777938
1.037724223864742,0.9636471588528139,0.25591394126883177,8.578799669838643
1.03773507940195,0.9636370783343887,0.26047432650119956,8.647577793430846
1.0377459351662779,0.9636269978159636,0.26474338699280303,8.71007077076026
1.037756791157733,0.9636169172975384,0.2686993199835794,8.766240013947865
1.037767647376322,0.9636068367791133,0.27232103855506923,8.815985792808469
1.0377785038220526,0.9635967562606882,0.27558825931835884,8.85914989916591
1.0377893604949315,0.963586675742263,0.2784816558979125,8.895521067284555
1.0378002173949659,0.9635765952238379,0.28098307493760116,8.924842944591052
1.0378110745221631,0.9635665147054127,0.2830758083070155,8.946824382342214
1.03782193187653,0.9635564341869876,0.28474491211470393,8.961151777474951
1.0378327894580741,0.9635463536685623,0.2859775601343285,8.967503145349443
1.037843647266802,0.9635362731501372,0.2867634164727175,8.9655635416935
1.0378545053027213,0.963526192631712,0.28709500994605974,8.955041385433713
1.0378653635658388,0.9635161121132869,0.28696809089814523,8.9356851688528
1.037876222056162,0.9635060315948617,0.28638195032014196,8.90729998512917
1.0378870807736975,0.9634959510764366,0.28533968129535014,8.869763263306849
1.037897939718453,0.9634858705580114,0.28384836415412384,8.82303908477109
1.037908798890435,0.9634757900395863,0.28191915931326383,8.767190468587367
1.0379196582896513,0.9634657095211611,0.27956729554767273,8.702389059296125
1.0379305179161087,0.963455629002736,0.2768119462334394,8.628921730315971
1.0379413777698143,0.9634455484843107,0.27367599160033723,8.547193725717044
1.0379522378507753,0.9634354679658856,0.27018567089252493,8.45772809707142
1.037963098158999,0.9634253874474605,0.2663701340915347,8.361161341132787
1.0379739586944923,0.9634153069290353,0.2622609081002809,8.258235298501754
1.037984819457262,0.9634052264106102,0.25789129658929144,8.149785522057972
1.0379956804473163,0.963395145892185,0.2532957357741948,8.036726457730339
1.038006541664661,0.9633850653737599,0.24850913003197128,7.920033891794594
1.0380174031093043,0.9633749848553347,0.24356619141519822,7.800725204302192
1.0380282647812529,0.9633649043369096,0.23850080588042374,7.679838026753449
1.038039126680514,0.9633548238184844,0.2333454466108153,7.558407936246417
1.0380499888070946,0.9633447433000593,0.2281306514736577,7.4374458324824015
1.038060851161002,0.963334662781634,0.2228845777433462,7.31791564348265
1.0380717137422433,0.9633245822632089,0.21763264308305785,7.200712995528605
1.0380825765508257,0.9633145017447837,0.2123972577153978,7.086645465118714
1.038093439586756,0.9633044212263586,0.20719764897585843,6.976415005491412
1.0381043028500418,0.9632943407079334,0.20204977620319442,6.870603104131736
1.03811516634069,0.9632842601895083,0.196966331276411,6.769659174865176
1.0381260300587078,0.9632741796710831,0.1919568180740629,6.673892612100594
1.0381368940041023,0.963264099152658,0.18702770268769334,6.58346883027532
1.0381477581768805,0.9632540186342329,0.182182625265525,6.498409476368544
1.0381586225770498,0.9632439381158077,0.17742266382474373,6.41859684096105
1.0381694872046172,0.9632338575973826,0.172746640115728,6.343782312004865
1.03818035205959,0.9632237770789573,0.16815145758489844,6.273598529312787
1.0381912171419752,0.9632136965605322,0.1636324615700669,6.207574722930779
1.0382020824517797,0.963203616042107,0.1591838120380222,6.145154571757479
1.038212947989011,0.9631935355236819,0.15479885942711008,6.085715813913693
1.0382238137536761,0.9631834550052567,0.15047051448371412,6.028590786042161
1.0382346797457822,0.9631733744868316,0.14619160342094656,5.973087067659899
1.0382455459653366,0.9631632939684064,0.1419552003184687,5.918507455775305
1.038256412412346,0.9631532134499813,0.13775492944765058,5.864168585802637
1.038267279086818,0.9631431329315561,0.13358523119558371,5.809417637020578
1.0382781459887591,0.963133052413131,0.1294415864563884,5.753646701910925
1.0382890131181772,0.9631229718947057,0.12532069575982516,5.696304547666887
1.0382998804750792,0.9631128913762806,0.12122061096130816,5.636905644861439
1.038310748059472,0.9631028108578554,0.1171408189529706,5.575036474728245
1.0383216158713628,0.9630927303394303,0.11308227849307524,5.510359246975611
1.038332483910759,0.9630826498210052,0.10904741278294458,5.442613260237289
1.0383433521776675,0.96307256930258,0.10504006177165102,5.37161421514655
1.0383542206720957,0.9630624887841549,0.10106539923330876,5.29725184393113
1.0383650893940504,0.9630524082657297,0.09712982040962478,5.219486251151919
1.038375958343539,0.9630423277473046,0.0932408063887759,5.138343368289953
1.0383868275205688,0.9630322472288794,0.08940677141130407,5.053909912474224
1.0383976969251463,0.9630221667104543,0.0856368989875844,4.966328209412457
1.0384085665572793,0.963012086192029,0.08194097211734344,4.875791195141163
1.0384194364169745,0.963002005673604,0.07832920211381575,4.782537854151703
1.0384303065042395,0.9629919251551787,0.07481205960903813,4.686849285345483
1.038441176819081,0.9629818446367536,0.07140011036302214,4.589045515386675
1.0384520473615066,0.9629717641183284,0.0681038575673329,4.489483103030859
1.038462918131523,0.9629616835999033,0.06493359151844771,4.388553500323676
1.0384737891291378,0.9629516030814781,0.06189924686810775,4.286682057840107
1.0384846603543576,0.962941522563053,0.0590102671893607,4.184327482853282
1.03849553180719,0.9629314420446278,0.05627547633931975,4.081981482302675
1.0385064034876417,0.9629213615262027,0.05370295606273209,3.9801682485874608
1.0385172753957204,0.9629112810077776,0.05129992944132587,3.879443378226946
1.038528147531433,0.9629012004893523,0.04907265014239314,3.78039175696358
1.0385390198947864,0.9628911199709272,0.04702629789987358,3.6836239074831667
1.0385498924857883,0.962881039452502,0.0451648812378945,3.5897702898628356
1.0385607653044453,0.9628709589340769,0.04349114905195743,3.4994730851890457
1.0385716383507648,0.9628608784156517,0.04200651324303614,3.4133750979676227
1.038582511624754,0.9628507978972266,0.04071098508315581,3.3321056002643226
1.03859338512642,0.9628407173788014,0.03960312832029373,3.2562632218376906
1.0386042588557698,0.9628306368603763,0.0386800321493499,3.1863963635186834
1.0386151328128108,0.9628205563419511,0.03793730704407074,3.1229820504998806
1.0386260069975501,0.962810475823526,0.03736910603629026,3.0664045931837864
1.0386368814099947,0.9628003953051008,0.03696817334729696,3.0169358016331556
1.038647756050152,0.9627903147866756,0.03672592134235802,2.9747187046397348
1.0386586309180288,0.9627802342682504,0.0366325356451085,2.9397566636725867
1.0386695060136324,0.9627701537498253,0.03667710698768601,2.9119093961400626
1.0386803813369703,0.9627600732314001,0.03684778707709499,2.890896753163077
1.0386912568880489,0.962749992712975,0.037131964523575596,2.8763102361132735
1.0387021326668762,0.9627399121945499,0.03751645581167446,2.8676313452548503
1.0387130086734588,0.9627298316761247,0.03798770547704016,2.864255107568814
1.038723884907804,0.9627197511576996,0.038531989157164985,2.8655166656453708
1.038734761369919,0.9627096706392744,0.039135613047376026,2.870718684891514
1.0387456380598108,0.9626995901208493,0.039785103523185754,2.8791575274592325
1.0387565149774869,0.962689509602424,0.04046738126193014,2.8901465600988727
1.038767392122954,0.962679429083999,0.04116991505769221,2.9030354942646595
1.03877826949622,0.9626693485655737,0.041880851602198566,2.917225192826759
1.038789147097291,0.9626592680471486,0.04258911871456463,2.9321778415117974
1.038800024926175,0.9626491875287234,0.04328450075653892,2.9474227345509036
1.0388109029828787,0.9626391070102983,0.043957686191312344,2.962558155243417
1.0388217812674096,0.9626290264918731,0.044600288358345286,2.977249956615956
1.0388326597797746,0.962618945973448,0.045204841500275504,2.9912274896874567
1.0388435385199808,0.9626088654550228,0.04576477485592967,3.004277513333583
1.0388544174880356,0.9625987849365977,0.04627436821637295,3.016236674158961
1.038865296683946,0.9625887044181725,0.04672869272388307,3.0269830850120827
1.0388761761077192,0.9625786238997474,0.047123540899974704,3.0364274696656723
1.0388870557593624,0.9625685433813223,0.04745534992566293,3.044504285264536
1.0388979356388828,0.962558462862897,0.04772112209347347,3.0511631862563715
1.0389088157462874,0.9625483823444719,0.04791834612285727,3.0563611525785466
1.0389196960815836,0.9625383018260467,0.04804492269213047,3.060055567272061
1.0389305766447783,0.9625282213076216,0.04809909710397433,3.0621984894714105
1.0389414574358786,0.9625181407891964,0.04807940147550687,3.0627323223539813
1.038952338454892,0.9625080602707713,0.04798460823681551,3.061587017386337
1.0389632197018255,0.9624979797523461,0.04781369604291654,3.058678883079458
1.0389741011766862,0.962487899233921,0.047565828478114726,3.0539109787666163
1.0389849828794815,0.9624778187154958,0.04724034518312387,3.0471749750093835
1.038995864810218,0.9624677381970707,0.04683676430881174,3.038354259577229
1.0390067469689035,0.9624576576786454,0.04635479454809437,3.0273279719045303
1.0390176293555449,0.9624475771602203,0.045794354471512526,3.013975571137804
1.0390285119701494,0.9624374966417951,0.0451555965510059,2.9981814950909214
1.039039394812724,0.96242741612337,0.04443893313719218,2.979839458142055
1.039050277883276,0.9624173356049448,0.04364506178368737,2.958855969738363
1.0390611611818126,0.9624072550865197,0.04277498767597264,2.9351527297806044
1.0390720447083408,0.9623971745680946,0.04183004149408516,2.908667665506496
1.039082928462868,0.9623870940496694,0.040811891750208364,2.8793545037305592
1.0390938124454012,0.9623770135312443,0.03972255141991228,2.847180907417341
1.0391046966559476,0.9623669330128191,0.038564379442900906,2.8121253307955887
1.0391155810945143,0.962356852494394,0.03734007832818778,2.7741728495039717
1.0391264657611088,0.9623467719759687,0.03605268959400613,2.7333102920907484
1.0391373506557378,0.9623366914575436,0.03470558907445918,2.6895210333098882
1.0391482357784088,0.9623266109391184,0.03330248421315045,2.6427798088045753
1.0391591211291287,0.9623165304206933,0.03184741535826418,2.593047881029028
1.0391700067079048,0.9623064499022681,0.0303447628011599,2.5402688358728076
1.0391808925147443,0.962296369383843,0.028799260904838454,2.484365228116154
1.0391917785496545,0.9622862888654178,0.027216020191018975,2.425236230680371
1.039202664812642,0.9622762083469927,0.0256005577398956,2.3627563858041465
1.0392135513037148,0.9622661278285675,0.023958835732002134,2.2967755114619224
1.0392244380228794,0.9622560473101424,0.02229730745547344,2.227119788028767
1.0392353249701434,0.9622459667917171,0.020622969623632515,2.1535940412050234
1.0392462121455137,0.962235886273292,0.018943419407329163,2.0759852507006467
1.0392570995489974,0.9622258057548669,0.017266914183663825,1.9940673548630274
1.039267987180602,0.9622157252364417,0.01560243164021925,1.9076074989936602
1.0392788750403343,0.9622056447180166,0.013959727552286043,1.8163740089489462
1.0392897631282019,0.9621955641995914,0.01234938827722083,1.7201466007971105
1.0393006514442116,0.9621854836811663,0.010782874796106637,1.6187297398883065
1.0393115399883708,0.9621754031627411,0.009272554993055356,1.5119707975927237
1.0393224287606864,0.962165322644316,0.007831720823961599,1.399786056297009
1.0393333177611659,0.9621552421258908,0.006474587106610473,1.2822004186409581
1.0393442069898162,0.9621451616074657,0.0052162688997625,1.159412590072607
1.0393550964466447,0.9621350810890404,0.004072734841408814,1.0319106970754974
1.0393659861316584,0.9621250005706153,0.0030607344149037887,0.9006945979460605
1.0393768760448645,0.9621149200521901,0.0021976978990770235,0.7677398532910514
1.0393877661862703,0.962104839533765,0.0015016087328691952,0.6370427442200393
1.0393986565558828,0.9620947590153398,0.00099084914766378,0.5170697150770184
1.0394095471537093,0.9620846784969147,0.0006840211436606394,0.4258215100778687
1.0394204379797567,0.9620745979784896,0.000599746133960441,0.39405056717359177
1.0394313290340327,0.9620645174600644,0.0007564477619322521,0.4437857207302651
1.0394422203165439,0.9620544369416393,0.00117212341229622,0.5604491868186691
1.0394531118272978,0.9620443564232141,0.0018641106831773406,0.7172347034136133
1.0394640035663016,0.962034275904789,0.0028488554748985276,0.8974192098927027
1.0394748955335624,0.9620241953863637,0.004141688314749774,1.0927010374453374
1.0394857877290875,0.9620141148679386,0.0057566150430332745,1.2988162739345754
1.0394966801528838,0.9620040343495134,0.0077061270460647615,1.5133192706780412
1.0395075728049585,0.9619939538310883,0.010001034890025198,1.7346221912576818
1.0395184656853191,0.9619838733126631,0.012650327588004745,1.9615701209029255
1.0395293587939725,0.961973792794238,0.015661057949551718,2.19324220472504
1.039540252130926,0.9619637122758128,0.019038252681162188,2.4288531457192297
1.0395511456961866,0.9619536317573877,0.02278484427737858,2.667701816117018
1.0395620394897618,0.9619435512389625,0.02690162043277878,2.909142973562225
1.0395729335116584,0.9619334707205374,0.03138718582065835,3.1525705748964716
1.0395838277618838,0.9619233902021121,0.036237930736546506,3.397406883409167
1.0395947222404451,0.961913309683687,0.04144800131554206,3.6430943423517426
1.0396056169473498,0.9619032291652619,0.04700926682410711,3.8890886313736823
1.0396165118826044,0.9618931486468367,0.052911280834700994,4.134852121719769
1.0396274070462168,0.9618830681284116,0.05914123484922603,4.379847415326193
1.0396383024381937,0.9618729876099864,0.06568390501872749,4.623530941148058
1.0396491980585425,0.9618629070915613,0.07252159488058131,4.865346763466139
1.0396600939072702,0.9618528265731361,0.07963407934054678,5.104720869247736
1.0396709899843841,0.961842746054711,0.08699855730348667,5.341056265327343
1.0396818862898916,0.9618326655362858,0.09458962222800046,5.573729241910252
1.0396927828237994,0.9618225850178607,0.10237926127901249,5.80208715311366
1.0397036795861152,0.9618125044994355,0.1103368945230406,6.025448031769282
1.0397145765768456,0.9618024239810103,0.118429465610088,6.243102297122392
1.0397254737959984,0.9617923434625851,0.12662159451035745,6.454316733040493
1.0397363712435803,0.96178226294416,0.13487580106109173,6.658340813931176
1.0397472689195988,0.9617721824257348,0.14315280534126698,6.8544153401670105
1.039758166824061,0.9617621019073097,0.15141190729026655,7.041783219517849
1.039769064956974,0.9617520213888845,0.1596114437068055,7.219702103466564
1.0397799633183449,0.9617419408704594,0.16770931602658995,7.387458465032682
1.0397908619081808,0.9617318603520343,0.17566357743233646,7.544382597546978
1.0398017607264896,0.9617217798336091,0.18343306324563835,7.6898639302936385
1.0398126597732775,0.961711699315184,0.19097804460038673,7.823366005663602
1.0398235590485525,0.9617016187967588,0.19826088247865206,7.944440449685752
1.0398344585523212,0.9616915382783336,0.20524665759302793,8.052739296584289
1.0398453582845912,0.9616814577599084,0.21190375155860172,8.148025098570328
1.0398562582453694,0.9616713772414833,0.21820435635300583,8.230178359913362
1.0398671584346633,0.9616612967230581,0.22412489215144368,8.29920197195225
1.0398780588524796,0.961651216204633,0.22964631799752394,8.355222482214932
1.039888959498826,0.9616411356862078,0.23475432509057423,8.39848819390263
1.0398998603737093,0.9616310551677827,0.2394394082844092,8.42936424859507
1.039910761477137,0.9616209746493575,0.24369681724978692,8.448324983446811
1.039921662809116,0.9616108941309324,0.2475263941903762,8.455943964568188
1.0399325643696538,0.9616008136125072,0.2509323096619265,8.452882174559738
1.0399434661587572,0.961590733094082,0.25392271163083363,8.439874871106364
1.0399543681764336,0.9615806525756568,0.25650930529263116,8.417717636235292
1.0399652704226903,0.9615705720572317,0.2587068823124608,8.38725210591048
1.0399761728975343,0.9615604915388066,0.26053281813120244,8.349351813378734
1.039987075600973,0.9615504110203814,0.2620065549831228,8.304908504924809
1.0399979785330131,0.9615403305019563,0.2631490865092518,8.254819201592937
1.0400088816936626,0.9615302499835311,0.26398245757505273,8.199974193067588
1.040019785082928,0.961520169465106,0.26452929037188344,8.141246067807431
1.0400306887008168,0.9615100889466808,0.26481234530335346,8.079479812260134
1.040041592547336,0.9615000084282557,0.2648541227246447,8.01548395647829
1.040052496622493,0.9614899279098305,0.2646765094426352,7.950022706203937
1.0400634009262948,0.9614798473914054,0.26430047207816204,7.883808984128581
1.040074305458749,0.9614697668729801,0.26374579797922115,7.8174983048234665
1.040085210219862,0.961459686354555,0.26303088333835734,7.751683427164928
1.0400961152096417,0.9614496058361298,0.26217256747956946,7.686889761361885
1.040107020428095,0.9614395253177047,0.2611860118665664,7.623571550140026
1.0401179258752296,0.9614294447992795,0.26008462216659056,7.562108889244954
1.0401288315510517,0.9614193642808544,0.25888001159970253,7.502805694438094
1.0401397374555692,0.9614092837624292,0.25758200372374607,7.445888753424305
1.0401506435887893,0.9613992032440041,0.2561986726809226,7.3915080152944705
1.0401615499507189,0.961389122725579,0.2547364187069779,7.339738261866148
1.0401724565413653,0.9613790422071538,0.2532000763504696,7.290582272286212
1.0401833633607356,0.9613689616887287,0.25159305235935936,7.243975534608932
1.0401942704088374,0.9613588811703034,0.24991748959936602,7.1997924799794815
1.0402051776856773,0.9613488006518783,0.2481744527183983,7.1578541236994155
1.0402160851912632,0.9613387201334531,0.24636413064184728,7.1179369028685775
1.0402269929256016,0.961328639615028,0.24448605045515293,7.079782413781596
1.0402379008887002,0.9613185590966028,0.242539296889843,7.0431076848072705
1.040248809080566,0.9613084785781777,0.24052273154204218,7.007615581148812
1.040259717501206,0.9612983980597525,0.23843520616586206,6.97300493224348
1.0402706261506276,0.9612883175413274,0.23627576491254002,6.9389800020283
1.0402815350288381,0.9612782370229022,0.23404383119313435,6.905258983690586
1.0402924441358445,0.9612681565044771,0.2317393758847228,6.871581287031269
1.0403033534716544,0.9612580759860518,0.22936306477329457,6.837713488454815
1.0403142630362743,0.9612479954676267,0.2269163843357042,6.803453920059056
1.0403251728297118,0.9612379149492015,0.2244017460990663,6.768635974766163
1.0403360828519743,0.9612278344307764,0.22182257077244547,6.733130289708509
1.0403469931030687,0.9612177539123513,0.21918335406110315,6.696846033813488
1.0403579035830022,0.9612076733939261,0.2164897164712622,6.659731563372633
1.040368814291782,0.961197592875501,0.21374843950021621,6.62177472057538
1.0403797252294156,0.9611875123570758,0.21096749037299137,6.583003035225803
1.04039063639591,0.9611774318386507,0.20815603697130955,6.543484051850619
1.040401547791272,0.9611673513202255,0.2053244538636105,6.503325946790399
1.0404124594155095,0.9611572708018004,0.202484319451754,6.46267852653388
1.0404233712686295,0.9611471902833751,0.19964840327569044,6.421734613568472
1.0404342833506388,0.96113710976495,0.19683064154941737,6.380731733337361
1.040445195661545,0.9611270292465248,0.19404609811443937,6.339953919566588
1.040456108201355,0.9611169487280997,0.1913109072804313,6.2997333599573935
1.0404670209700766,0.9611068682096745,0.1886421945358427,6.260451515279806
1.0404779339677162,0.9610967876912494,0.1860579709439444,6.222539269726058
1.0404888471942817,0.9610867071728242,0.1835769972237912,6.186475617466452
1.0404997606497797,0.9610766266543991,0.1812186141200138,6.152784370896245
1.040510674334218,0.9610665461359739,0.17900253669157576,6.122028401918236
1.0405215882476033,0.9610564656175488,0.17694861160040823,6.09480101064752
1.040532502389943,0.9610463850991237,0.1750765383208201,6.071714165689267
1.0405434167612444,0.9610363045806984,0.17340555732699922,6.053383579666626
1.0405543313615147,0.9610262240622733,0.1719541106433635,6.040410867090298
1.040565246190761,0.9610161435438481,0.17073948249092652,6.03336335966884
1.0405761612489903,0.961006063025423,0.16977742994515668,6.032752493288589
1.0405870765362104,0.9609959825069978,0.1690818153379719,6.039011985268061
1.040597992052428,0.9609859019885727,0.16866425337639063,6.052477236940302
1.0406089077976504,0.9609758214701475,0.16853378645774297,6.073367475779963
1.0406198237718847,0.9609657409517224,0.16869660130393033,6.101772058421366
1.0406307399751384,0.9609556604332972,0.16915579878575115,6.137642083232379
1.0406416564074188,0.9609455799148721,0.16991122669479986,6.180788032578615
1.0406525730687326,0.9609354993964468,0.17095938239341474,6.230883635921956
1.0406634899590874,0.9609254188780217,0.17229338893675122,6.287475590561494
1.0406744070784903,0.9609153383595965,0.17390304469047055,6.349998277179556
1.0406853244269485,0.9609052578411714,0.17577494297003246,6.417792229977783
1.0406962420044692,0.9608951773227462,0.17789265508504917,6.490124907708115
1.0407071598110595,0.9608850968043211,0.18023696763914918,6.566212273136094
1.0407180778467269,0.960875016285896,0.1827861632003131,6.645239806630107
1.0407289961114783,0.9608649357674708,0.18551633259569894,6.726381815793789
1.0407399146053211,0.9608548552490457,0.1884017071209897,6.808818210049664
1.0407508333282627,0.9608447747306205,0.19141499979410628,6.891748239342917
1.0407617522803096,0.9608346942121954,0.19452774627704603,6.974401010639606
1.04077267146147,0.9608246136937701,0.1977106380514502,7.0560428673255595
1.0407835908717502,0.960814533175345,0.20093384263544176,7.135981929461621
1.040794510511158,0.9608044526569198,0.204167307870594,7.21357024245372
1.0408054303797003,0.9607943721384947,0.20738104937990648,7.288204070556905
1.0408163504773846,0.9607842916200695,0.2105454220542766,7.359322907499603
1.0408272708042179,0.9607742111016444,0.21363137773560167,7.426407768819085
1.0408381913602074,0.9607641305832192,0.2166107120617236,7.488979289446072
1.0408491121453602,0.9607540500647941,0.219456303684956,7.546596084684399
1.040860033159684,0.9607439695463689,0.22214234878204384,7.598853750758377
1.0408709544031856,0.9607338890279438,0.22464459297547062,7.645384788624979
1.0408818758758722,0.9607238085095186,0.22694056157131112,7.685859636647785
1.0408927975777513,0.9607137279910934,0.22900978747304024,7.719988897460618
1.0409037195088298,0.9607036474726683,0.23083403439288433,7.747526745156589
1.040914641669115,0.9606935669542431,0.23239751118082363,7.76827540329232
1.0409255640586144,0.960683486435818,0.23368707139633854,7.7820904951480925
1.0409364866773347,0.9606734059173928,0.2346923908028932,7.788886987842253
1.0409474095252835,0.9606633253989677,0.23540611442391826,7.7886453845079995
1.040958332602468,0.9606532448805425,0.23582396430212482,7.781417766976826
1.0409692559088954,0.9606431643621174,0.23594479923350087,7.7673332580851495
1.0409801794445728,0.9606330838436922,0.2357706185670238,7.746602460354186
1.0409911032095074,0.9606230033252671,0.23530650367469472,7.719520438009886
1.0410020272037066,0.9606129228068419,0.2345604928207452,7.686467842240238
1.0410129514271773,0.9606028422884167,0.23354338779915496,7.647909834647395
1.041023875879927,0.9605927617699915,0.23226849366953156,7.60439253848945
1.041034800561963,0.9605826812515664,0.2307512960083967,7.556536838356921
1.041045725473292,0.9605726007331412,0.22900908306640666,7.505029451943095
1.0410566506139218,0.9605625202147161,0.22706052287550174,7.450611308270794
1.0410675759838595,0.9605524396962909,0.22492520748579609,7.394063380472972
1.041078501583112,0.9605423591778658,0.22262317799306774,7.336190234021224
1.0410894274116869,0.9605322786594407,0.2201744447701805,7.277801659663
1.0411003534695913,0.9605221981410155,0.21759851733482966,7.219692861273957
1.0411112797568323,0.9605121176225904,0.21491395762108628,7.162623759303263
1.0411222062734171,0.9605020371041652,0.21213796919282088,7.10729804723257
1.0411331330193532,0.96049195658574,0.20928603328931247,7.054342697550121
1.0411440599946475,0.9604818760673148,0.20637160067797009,7.004288649932162
1.0411549871993073,0.9604717955488897,0.20340584628162203,6.9575534225581155
1.04116591463334,0.9604617150304645,0.20039749156215542,6.914426362115438
1.0411768422967527,0.9604516345120394,0.19735269779011935,6.875057185650363
1.0411877701895527,0.9604415539936142,0.194275031654894,6.839448366712447
1.041198698311747,0.9604314734751891,0.19116550318699266,6.8074517822073854
1.041209626663343,0.9604213929567639,0.18802267463394348,6.778769871825201
1.0412205552443479,0.9604113124383388,0.18484283769923135,6.752961379284235
1.041231484054769,0.9604012319199136,0.18162025533310414,6.729451556580445
1.0412424130946134,0.9603911514014885,0.17834746297931342,6.707546531342448
1.0412533423638883,0.9603810708830632,0.1750156227677864,6.686451374211241
1.041264271862601,0.9603709903646381,0.17161492256945646,6.6652912650417395
1.0412752015907587,0.960360909846213,0.16813501011342338,6.643135047491085
1.0412861315483688,0.9603508293277878,0.16456545057482322,6.619020381430007
1.0412970617354382,0.9603407488093627,0.160896194310556,6.591979650460668
1.0413079921519746,0.9603306682909375,0.15711803991574966,6.561065755792972
1.0413189227979847,0.9603205877725124,0.15322307671694452,6.5253769273652695
1.0413298536734759,0.9603105072540872,0.14920509041887192,6.484079709669339
1.0413407847784555,0.9603004267356621,0.14505991607850097,6.436429335697192
1.0413517161129306,0.9602903462172369,0.14078572402260198,6.381786791149369
1.0413626476769087,0.9602802656988118,0.13638322679819304,6.319631994220102
1.0413735794703969,0.9602701851803865,0.1318557986778069,6.249572673424025
1.0413845114934022,0.9602601046619614,0.12720950344789148,6.171348712399259
1.0413954437459323,0.9602500241435362,0.12245303088460742,6.084831937458538
1.0414063762279937,0.9602399436251111,0.11759754710696886,5.9900215382888415
1.0414173089395944,0.9602298631066859,0.11265646846270212,5.88703551904584
1.0414282418807412,0.9602197825882608,0.10764517239246385,5.776098760839878
1.0414391750514416,0.9602097020698356,0.10258066147721306,5.657528422411676
1.0414501084517023,0.9601996215514105,0.09748119842882555,5.531717503683101
1.0414610420815311,0.9601895410329854,0.09236593003188764,5.399117440754089
1.041471975940935,0.9601794605145602,0.0872545170629245,5.260220591046242
1.0414829100299212,0.960169379996135,0.08216678516516054,5.115543408767899
1.0414938443484971,0.9601592994777098,0.07712240881442545,4.965611013382579
1.0415047788966698,0.9601492189592847,0.07214063717747936,4.810943729506473
1.0415157136744466,0.9601391384408595,0.06724006714882996,4.652046038990307
1.0415266486818344,0.9601290579224344,0.06243846544260571,4.489398247819107
1.041537583918841,0.9601189774040092,0.05775263854178185,4.323451043260118
1.0415485193854732,0.9601088968855841,0.053198346721056514,4.1546230090911695
1.0415594550817384,0.9600988163671589,0.0487902563605733,3.9833010854428172
1.0415703910076437,0.9600887358487338,0.04454192338601811,3.8098439094191248
1.0415813271631966,0.9600786553303086,0.040465799879065165,3.6345879561886636
1.041592263548404,0.9600685748118835,0.03657325565632945,3.4578564215036667
1.0416032001632736,0.9600584942934582,0.03287460684279833,3.2799708509092516
1.041614137007812,0.9600484137750331,0.029379144082757935,3.10126563723147
1.041625074082027,0.9600383332566079,0.026095153971183813,2.9221056925821443
1.0416360113859255,0.9600282527381828,0.02302992848567756,2.7429078802123836
1.0416469489195148,0.9600181722197577,0.020189758585068163,2.5641672043534394
1.0416578866828023,0.9600080917013325,0.0175799096821603,2.3864893596768706
1.0416688246757952,0.9599980111829074,0.015204578332250605,2.210632103451962
1.0416797628985006,0.9599879306644822,0.01306683116376012,2.0375590851251326
1.0416907013509256,0.9599778501460571,0.011168528753566585,1.8685111874135798
1.0417016400330779,0.9599677696276319,0.009510238741894037,1.7051016355739919
1.0417125789449642,0.9599576891092068,0.008091143911882934,1.5494405035009582
1.0417235180865922,0.9599476085907815,0.006908952126203932,1.4042873134095892
1.0417344574579688,0.9599375280723564,0.0059598158202510375,1.2732068591876773
1.0417453970591015,0.9599274475539312,0.005238269097787688,1.1606453154685905
1.0417563368899974,0.9599173670355061,0.004737190286401927,1.0717401669447215
1.0417672769506638,0.9599072865170809,0.004447797033587746,1.0115896425244049
1.0417782172411076,0.9598972059986558,0.004359679663929026,0.9838647610948569
1.0417891577613367,0.9598871254802306,0.004460876622946642,0.9892695404608473
1.0418000985113578,0.9598770449618055,0.004737993518495745,1.0249430604956977
1.0418110394911784,0.9598669644433803,0.0051763646991673205,1.0853701979588068
1.0418219807008056,0.9598568839249552,0.0057602536887480255,1.1640748049459053
1.0418329221402465,0.9598468034065301,0.006473086346470391,1.2549898777075603
1.0418438638095089,0.9598367228881048,0.00729770856264264,1.3530880286977447
1.0418548057085995,0.9598266423696797,0.008216658808225107,1.4544669154167342
1.0418657478375257,0.9598165618512545,0.009212445056489084,1.5561947788540305
1.0418766901962946,0.9598064813328294,0.01026781554093545,1.6561041988808476
1.0418876327849138,0.9597964008144042,0.011366013475712295,1.752609567100063
1.0418985756033903,0.9597863202959791,0.012491007151298883,1.8445656851726555
1.0419095186517315,0.9597762397775539,0.013627688577040505,1.9311634956889785
1.0419204619299443,0.9597661592591288,0.014762035893704322,2.01185399844039
1.0419314054380364,0.9597560787407036,0.015881236928160684,2.086292127163106
1.0419423491760147,0.9597459982222785,0.01697377333813109,2.1542943938318553
1.0419532931438866,0.9597359177038532,0.018029466646799396,2.2158060084935944
1.041964237341659,0.9597258371854281,0.019039488994109642,2.2708746201174637
1.04197518176934,0.9597157566670029,0.01999634257540286,2.319628819890643
1.0419861264269359,0.9597056761485778,0.020893812484521358,2.36226020686857
1.0419970713144544,0.9596955956301526,0.021726898047240154,2.399008237658168
1.0420080164319028,0.9596855151117275,0.02249172777155321,2.4301473450353845
1.042018961779288,0.9596754345933024,0.02318546281783368,2.455975970511799
1.0420299073566177,0.9596653540748772,0.02380619347253626,2.476807250659237
1.0420408531638987,0.9596552735564521,0.02435283256570255,2.49296115204584
1.0420517992011387,0.9596451930380269,0.024825009164571275,2.5047578813981275
1.0420627454683447,0.9596351125196018,0.02522296525545755,2.5125124168933466
1.0420736919655238,0.9596250320011765,0.025547457532912283,2.516530019922956
1.0420846386926834,0.9596149514827514,0.025799665875186832,2.517102598216188
1.0420955856498308,0.9596048709643262,0.025981109614998076,2.5145058030112697
1.0421065328369734,0.9595947904459011,0.026093572319358778,2.508996755903065
1.042117480254118,0.9595847099274759,0.02613903547453392,2.500812315382491
1.0421284279012721,0.9595746294090508,0.0261196212204227,2.4901678083124277
1.0421393757784432,0.9595645488906256,0.0260375440884206,2.4772561672722824
1.042150323885638,0.9595544683722005,0.025895071553394666,2.4622474298407204
1.0421612722228644,0.9595443878537753,0.025694493102842886,2.4452885696961912
1.042172220790129,0.9595343073353502,0.025438097444114505,2.426503641085889
1.0421831695874395,0.959524226816925,0.02512815740320068,2.405994227052683
1.0421941186148027,0.9595141462984998,0.02476692200907203,2.383840187414701
1.0422050678722263,0.9595040657800747,0.02435661520075235,2.360100704702275
1.0422160173597177,0.9594939852616495,0.02389944053789564,2.3348156253016294
1.0422269670772835,0.9594839047432244,0.023397591238651167,2.3080070893984486
1.0422379170249314,0.9594738242247992,0.022853264812294754,2.279681437772912
1.0422488672026686,0.9594637437063741,0.022268681502251277,2.2498313770766805
1.0422598176105025,0.9594536631879489,0.021646105709646216,2.218438378966951
1.0422707682484398,0.9594435826695238,0.020987869532818986,2.1854752833776216
1.0422817191164884,0.9594335021510986,0.02029639753583402,2.1509090731055824
1.0422926702146549,0.9594234216326735,0.019574231853396386,2.114703786411102
1.0423036215429473,0.9594133411142483,0.01882405674814221,2.076823536594984
1.0423145731013723,0.9594032605958231,0.018048721763859552,2.03723561269364
1.0423255248899375,0.9593931800773979,0.017251262659070545,1.9959136430119682
1.0423364769086496,0.9593830995589728,0.016434919363660247,1.9528408130183093
1.0423474291575165,0.9593730190405476,0.015603150270800809,1.9080131404868637
1.0423583816365452,0.9593629385221225,0.014759642262573825,1.8614428236300018
1.042369334345743,0.9593528580036973,0.013908315962854509,1.8131616918069542
1.042380287285117,0.9593427774852722,0.013053325823308922,1.7632248036616527
1.0423912404546745,0.9593326969668471,0.012199054771491708,1.711714254156938
1.0424021938544228,0.9593226164484219,0.011350103290425665,1.658743270532131
1.0424131474843692,0.9593125359299968,0.010511272953041837,1.6044606975762397
1.042424101344521,0.9593024554115716,0.009687544604172033,1.5490559941510285
1.0424350554348853,0.9592923748931464,0.008884051566015693,1.49276488321016
1.0424460097554697,0.9592822943747212,0.008106048433925152,1.4358758105074059
1.0424569643062809,0.9592722138562961,0.0073588762251150614,1.378737361047224
1.0424679190873267,0.9592621333378709,0.006647924834089847,1.3217667349097795
1.042478874098614,0.9592520528194458,0.00597859392411836,1.2654592574477666
1.04248982934015,0.9592419723010206,0.005356253535358705,1.210398633171709
1.0425007848119423,0.9592318917825955,0.004786205801700023,1.1572671619591046
1.042511740513998,0.9592218112641703,0.004273649230470786,1.106854318611408
1.0425226964463246,0.9592117307457452,0.003823647000177403,1.0600608770138025
1.0425336526089288,0.95920165022732,0.0034411006631367906,1.0178942008480305
1.0425446090018182,0.9591915697088949,0.0031307304988515273,0.9814488294630527
1.042555565625,0.9591814891904697,0.002897063547290507,0.951866057053038
1.0425665224784817,0.9591714086720445,0.002744430066716975,0.9302684589701862
1.0425774795622702,0.9591613281536194,0.0026769688127719557,0.9176718021184761
1.042588436876373,0.9591512476351942,0.0026986411405293415,0.9148871429035028
1.042599394420797,0.9591411671167691,0.0028132535022727992,0.922435998210049
1.04261035219555,0.9591310865983439,0.003024487469556903,0.94050406348693
1.042621310200639,0.9591210060799188,0.003335935967580836,0.968949172218768
1.0426322684360714,0.9591109255614936,0.003751143988839442,1.0073605026702315
1.042643226901854,0.9591008450430685,0.004273651671000505,1.055149134795599
1.0426541855979947,0.9590907645246433,0.0049070372925857034,1.1116440538847487
1.0426651445245003,0.9590806840062182,0.00565495747389745,1.1761731276880774
1.0426761036813783,0.9590706034877929,0.006521181681051348,1.2481192183095902
1.0426870630686358,0.9590605229693678,0.007509618026040389,1.3269509364703533
1.04269802268628,0.9590504424509426,0.00862432734982101,1.4122327556295082
1.0427089825343185,0.9590403619325175,0.009869522676820622,1.5036206743754479
1.0427199426127585,0.9590302814140923,0.011249551354423284,1.6008489558217565
1.042730902921607,0.9590202008956672,0.0127688575533233,1.7037120805200665
1.0427418634608714,0.9590101203772421,0.014431923322958938,1.8120447028489572
1.042752824230559,0.9590000398588169,0.016243187085561245,1.9257013830589218
1.042763785230677,0.9589899593403918,0.018206939322010472,2.044537197839907
1.042774746461233,0.9589798788219666,0.020327196261107978,2.1683899343907176
1.0427857079222336,0.9589697983035415,0.0226075536133496,2.297064354981034
1.0427966696136866,0.9589597177851162,0.02505102376452339,2.430318906739027
1.042807631535599,0.9589496372666911,0.027659861306535694,2.5678551922225954
1.0428185936879784,0.9589395567482659,0.030435383247558803,2.7093104755981363
1.0428295560708316,0.9589294762298408,0.03337779159864958,2.8542534552520804
1.0428405186841663,0.9589193957114156,0.03648600714548451,3.0021834733748185
1.0428514815279895,0.9589093151929905,0.039757523926435695,3.15253324911773
1.0428624446023087,0.9588992346745653,0.04318829410935387,3.304675112397952
1.042873407907131,0.9588891541561402,0.04677265245869222,3.457930582138683
1.0428843714424634,0.958879073637715,0.050503288337168356,3.6115829821807615
1.0428953352083137,0.9588689931192899,0.054371271172713544,3.764892630238679
1.042906299204689,0.9588589126008646,0.05836613262602588,3.9171139838284263
1.0429172634315962,0.9588488320824395,0.06247600546468036,4.067513996611335
1.042928227889043,0.9588387515640144,0.06668781564383452,4.215390844626006
1.0429391925770368,0.9588286710455892,0.07098752060237719,4.360092136588524
1.0429501574955844,0.9588185905271641,0.0753603836464912,4.5010317347051
1.0429611226446933,0.9588085100087389,0.07979127180856563,4.63770438427572
1.0429720880243707,0.9587984294903138,0.08426496299023165,4.769697477716385
1.042983053634624,0.9587883489718886,0.08876644767682029,4.896699450991811
1.0429940194754606,0.9587782684534635,0.09328121106600659,5.018504511831007
1.0430049855468875,0.9587681879350383,0.09779548301624465,5.135013611649136
1.0430159518489117,0.9587581074166132,0.1022964455826364,5.246231777493276
1.0430269183815413,0.9587480268981879,0.10677239081446287,5.352262100208144
1.0430378851447828,0.9587379463797628,0.11121282464398553,5.453296817839467
1.0430488521386438,0.9587278658613376,0.11560851581336258,5.549606031680105
1.0430598193631317,0.9587177853429125,0.11995149161433118,5.641524644315244
1.0430707868182536,0.9587077048244873,0.12423498458821101,5.729438117948603
1.0430817545040167,0.9586976243060622,0.12845333613611026,5.8137676237721605
1.0430927224204285,0.958687543787637,0.1326018641979366,5.894955098302864
1.043103690567496,0.9586774632692119,0.13667670280981858,5.973448650769373
1.0431146589452267,0.9586673827507868,0.14067462151844648,6.049688685936652
1.0431256275536278,0.9586573022323616,0.14459283242826798,6.124095027742091
1.0431365963927066,0.9586472217139365,0.14842879219491076,6.197055256732108
1.0431475654624704,0.9586371411955112,0.1521800056672865,6.268914412794781
1.0431585347629262,0.9586270606770861,0.155843837209026,6.339966165906336
1.0431695042940818,0.9586169801586609,0.15941733506927408,6.4104455218361664
1.043180474055944,0.9586068996402358,0.16289707355807423,6.4805231055698815
1.0431914440485204,0.9585968191218106,0.16627901723428587,6.550301050335722
1.0432024142718181,0.9585867386033855,0.16955841081557174,6.619810511442808
1.0432133847258445,0.9585766580849603,0.17272969805974794,6.689010818527744
1.0432243554106067,0.9585665775665352,0.17578647238265227,6.757790273532361
1.0432353263261123,0.95855649704811,0.17872146144607867,6.825968592153462
1.043246297472368,0.9585464165296849,0.18152654730246617,6.893300970505783
1.0432572688493817,0.9585363360112596,0.1841928228986619,6.959483734874071
1.0432682404571603,0.9585262554928345,0.18671068478191644,7.024161499310704
1.0432792122957113,0.9585161749744093,0.18906996071669335,7.086935713838422
1.043290184365042,0.9585060944559842,0.19126006963530193,7.147374436357662
1.0433011566651593,0.9584960139375591,0.19327020995120564,7.205023106730627
1.0433121291960707,0.9584859334191339,0.19508957083900053,7.25941604551825
1.0433231019577838,0.9584758529007088,0.19670755973827483,7.3100883476242755
1.0433340749503055,0.9584657723822836,0.19811403817598425,7.3565877976205325
1.0433450481736433,0.9584556918638585,0.1992995571472862,7.398486404330984
1.0433560216278044,0.9584456113454333,0.20025558286900577,7.435391142273394
1.0433669953127958,0.9584355308270082,0.20097470379335564,7.46695350003828
1.0433779692286254,0.958425450308583,0.20145081039839313,7.492877472520716
1.0433889433752999,0.9584153697901578,0.20167924045545765,7.512925694541639
1.0433999177528268,0.9584052892717326,0.20165688414716695,7.526923494775996
1.0434108923612133,0.9583952087533075,0.20138224546884032,7.534760745941947
1.0434218672004671,0.9583851282348823,0.2008554586519771,7.53639149319786
1.043432842270595,0.9583750477164572,0.20007826070966236,7.531831449599686
1.0434438175716045,0.958364967198032,0.19905392345230724,7.521153547505654
1.0434547931035028,0.9583548866796069,0.1977871502947732,7.504481821014621
1.0434657688662972,0.9583448061611817,0.1962839447208439,7.481983960940517
1.043476744859995,0.9583347256427566,0.19455145832592738,7.453862927566434
1.0434877210846034,0.9583246451243315,0.19259782685071974,7.420348025621509
1.0434986975401301,0.9583145646059062,0.1904320025931619,7.3816858422994445
1.043509674226582,0.9583044840874811,0.18806359106341008,7.338131424907282
1.0435206511439663,0.9582944035690559,0.18550269883758314,7.289940034627542
1.0435316282922904,0.9582843230506308,0.18275979836103048,7.237359761362249
1.0435426056715618,0.9582742425322056,0.17984561406026828,7.180625226903992
1.0435535832817875,0.9582641620137805,0.17677103266022967,7.119952544273226
1.0435645611229751,0.9582540814953553,0.17354703914467223,7.055535643681846
1.0435755391951314,0.9582440009769302,0.17018467842655946,6.987544023014176
1.0435865174982644,0.958233920458505,0.1666950415540263,6.916121934731814
1.0435974960323806,0.9582238399400799,0.1630892742012546,6.841388982233683
1.0436084747974879,0.9582137594216547,0.15937860429698691,6.763442066980751
1.0436194537935932,0.9582036789032295,0.15557438492384698,6.6823586020269605
1.043630433020704,0.9581935983848043,0.15168814808419498,6.5982008870710995
1.0436414124788276,0.9581835178663792,0.14773166455147016,6.511021522926849
1.0436523921679712,0.958173437347954,0.14371700481237312,6.420869728172946
1.0436633720881423,0.9581633568295289,0.139656596048051,6.327798406333852
1.0436743522393477,0.9581532763111038,0.13556327018817174,6.2318717968456365
1.0436853326215951,0.9581431957926786,0.13145029832243263,6.133173527010986
1.0436963132348918,0.9581331152742535,0.12733140715132296,6.031814864175278
1.0437072940792451,0.9581230347558283,0.12322077371957144,5.927942947636936
1.0437182751546619,0.9581129542374032,0.119132995399033,5.821748758577197
1.04372925646115,0.958102873718978,0.11508303296306711,5.713474563768572
1.0437402379987164,0.9580927932005529,0.11108612561181451,5.6034205458433615
1.0437512197673686,0.9580827126821276,0.10715767794181598,5.491950310335363
1.0437622017671135,0.9580726321637025,0.10331312006475918,5.3794949386143145
1.043773183997959,0.9580625516452773,0.09956774331898657,5.266555237847318
1.0437841664599117,0.9580524711268522,0.09593651523174429,5.1537018268010755
1.0437951491529793,0.958042390608427,0.0924338785009117,5.0415726929200355
1.0438061320771692,0.9580323100900019,0.08907353972232926,4.930867867649172
1.0438171152324884,0.9580222295715767,0.08586825431137012,4.822340900656753
1.0438280986189445,0.9580121490531516,0.08282961452348084,4.716786880533353
1.0438390822365444,0.9580020685347264,0.07996784761064793,4.615026861503631
1.0438500660852958,0.9579919880163013,0.07729163096422799,4.517888726191923
1.0438610501652057,0.9579819074978762,0.0748079305784724,4.426184752454654
1.0438720344762817,0.9579718269794509,0.07252186837076957,4.340686459427146
1.0438830190185309,0.9579617464610258,0.07043662284800037,4.262097669283801
1.0438940037919604,0.9579516659426006,0.06855336639268403,4.191027102054672
1.043904988796578,0.9579415854241755,0.06687124112491868,4.127962162482484
1.0439159740323904,0.9579315049057503,0.06538737395393707,4.073245804338791
1.0439269594994054,0.9579214243873252,0.06409693014194044,4.027058390448264
1.0439379451976303,0.9579113438689,0.06299320351751604,3.9894062476565524
1.0439489311270718,0.9579012633504749,0.06206774044735505,3.96011813248093
1.0439599172877378,0.9578911828320497,0.06131049382701337,3.938850122990133
1.0439709036796354,0.9578811023136246,0.06071000270191097,3.9250986418225184
1.043981890302772,0.9578710217951993,0.060253592668602834,3.9182205340746386
1.0439928771571547,0.9578609412767742,0.05992759192846425,3.9174585086207583
1.0440038642427911,0.957850860758349,0.0597175577423825,3.921969896682976
1.044014851559688,0.9578407802399239,0.059608508051590875,3.9308566181306404
1.0440258391078534,0.9578306997214987,0.05958515315798234,3.9431944404441004
1.044036826887294,0.9578206192030736,0.05963212258665638,3.958059989595021
1.0440478148980172,0.9578105386846485,0.059734182563311845,3.9745544312607066
1.0440588031400306,0.9578004581662233,0.05987643993262258,3.9918231995840294
1.0440697916133412,0.9577903776477982,0.060044528810493665,4.009071548316998
1.0440807803179566,0.957780297129373,0.06022477680301998,4.025576004594704
1.0440917692538838,0.9577702166109479,0.06040434823697195,4.040692013085158
1.0441027584211302,0.9577601360925226,0.06057136252494503,4.053858179143625
1.0441137478197031,0.9577500555740975,0.0607149865161298,4.064597573285457
1.04412473744961,0.9577399750556723,0.060825500449739285,4.072516567231851
1.044135727310858,0.9577298945372472,0.060894337903815064,4.077301652356519
1.0441467174034547,0.957719814018822,0.060914100885481624,4.078714658497513
1.0441577077274067,0.9577097335003969,0.060878551915214595,4.076586754399159
1.044168698282722,0.9576996529819717,0.060782585576729706,4.070811575402742
1.0441796890694077,0.9576895724635466,0.060622182509408984,4.061337791775822
1.044190680087471,0.9576794919451214,0.06039434919326773,4.048161402677953
1.0442016713369193,0.9576694114266963,0.06009704708958672,4.031318014995511
1.04421266281776,0.957659330908271,0.05972911476272916,4.010875342429372
1.04422365453,0.9576492503898459,0.05929018650746146,3.9869261365740614
